contrast_order,contrast_type,anchor,family,metric,left_delay,right_delay,contrast_label,direction_multiplier,operationality,count,mean,standard_error,ci95_lower,ci95_upper,median,p05,p25,p75,p90,p95,positive_share,discordant_positive,discordant_negative,classification
1,raw_delay_contrast,empirical_crypto__joint_crypto_high_correlation,,debt_weighted_absolute_mismatch_area,0,1,delay_1_minus_0,1,operational,128,2.935390425582396,0.05077919169919717,2.8358632098519694,3.0349176413128225,2.8318588572756447,2.155702404758233,2.538841227352546,3.285893865512409,3.7510902786352407,4.035505403126797,1.0,128,0,
2,direction_normalised_deterioration,empirical_crypto__joint_crypto_high_correlation,,debt_weighted_absolute_mismatch_area,0,1,delay_1_minus_0,1,operational,128,2.935390425582396,0.05077919169919717,2.8358632098519694,3.0349176413128225,2.8318588572756447,2.155702404758233,2.538841227352546,3.285893865512409,3.7510902786352407,4.035505403126797,1.0,128,0,
3,raw_delay_contrast,empirical_crypto__joint_crypto_high_correlation,,debt_weighted_absolute_mismatch_area,1,2,delay_2_minus_1,1,operational,128,1.8095705437632064,0.02930589268565173,1.752130994099329,1.8670100934270837,1.773631645702816,1.3807643348462841,1.567567609317342,1.9938477695311714,2.2514179761346007,2.3975448752849173,1.0,128,0,
4,direction_normalised_deterioration,empirical_crypto__joint_crypto_high_correlation,,debt_weighted_absolute_mismatch_area,1,2,delay_2_minus_1,1,operational,128,1.8095705437632064,0.02930589268565173,1.752130994099329,1.8670100934270837,1.773631645702816,1.3807643348462841,1.567567609317342,1.9938477695311714,2.2514179761346007,2.3975448752849173,1.0,128,0,
5,raw_delay_contrast,empirical_crypto__joint_crypto_high_correlation,,debt_weighted_absolute_mismatch_area,0,2,delay_2_minus_0,1,operational,128,4.744960969345602,0.07926100796547227,4.5896093937332765,4.900312544957927,4.6338552231111105,3.550260599133446,4.13492427942681,5.333701988272658,6.109193490493179,6.408088144970203,1.0,128,0,
6,direction_normalised_deterioration,empirical_crypto__joint_crypto_high_correlation,,debt_weighted_absolute_mismatch_area,0,2,delay_2_minus_0,1,operational,128,4.744960969345602,0.07926100796547227,4.5896093937332765,4.900312544957927,4.6338552231111105,3.550260599133446,4.13492427942681,5.333701988272658,6.109193490493179,6.408088144970203,1.0,128,0,
7,response_shape_classification,empirical_crypto__joint_crypto_high_correlation,,debt_weighted_absolute_mismatch_area,0,2,delay_2_minus_0,1,operational,128,4.744960969345602,0.07926100796547227,4.5896093937332765,4.900312544957927,4.6338552231111105,3.550260599133446,4.13492427942681,5.333701988272658,6.109193490493179,6.408088144970203,1.0,128,0,monotonic_deterioration
8,raw_delay_contrast,empirical_crypto__joint_crypto_high_correlation,,debt_weighted_overvaluation_area,0,1,delay_1_minus_0,1,operational,128,1.4503626042196403,0.02696954186606037,1.397502302162162,1.5032229062771185,1.4171725797291614,1.0391219641913065,1.208204789248486,1.6356665282115714,1.8650708675002612,2.0318109794681907,1.0,128,0,
9,direction_normalised_deterioration,empirical_crypto__joint_crypto_high_correlation,,debt_weighted_overvaluation_area,0,1,delay_1_minus_0,1,operational,128,1.4503626042196403,0.02696954186606037,1.397502302162162,1.5032229062771185,1.4171725797291614,1.0391219641913065,1.208204789248486,1.6356665282115714,1.8650708675002612,2.0318109794681907,1.0,128,0,
10,raw_delay_contrast,empirical_crypto__joint_crypto_high_correlation,,debt_weighted_overvaluation_area,1,2,delay_2_minus_1,1,operational,128,0.8876805763806885,0.017048591496673437,0.8542653370472086,0.9210958157141684,0.8816650394551104,0.6324935026204418,0.7407267165617116,0.9819017695542179,1.1164692082859302,1.2273267853334129,1.0,128,0,
11,direction_normalised_deterioration,empirical_crypto__joint_crypto_high_correlation,,debt_weighted_overvaluation_area,1,2,delay_2_minus_1,1,operational,128,0.8876805763806885,0.017048591496673437,0.8542653370472086,0.9210958157141684,0.8816650394551104,0.6324935026204418,0.7407267165617116,0.9819017695542179,1.1164692082859302,1.2273267853334129,1.0,128,0,
12,raw_delay_contrast,empirical_crypto__joint_crypto_high_correlation,,debt_weighted_overvaluation_area,0,2,delay_2_minus_0,1,operational,128,2.338043180600329,0.04345012615616852,2.2528809333342386,2.423205427866419,2.3051659018625235,1.6837565283752098,1.9519684167736282,2.6256889364307794,3.01986922873066,3.200726332491699,1.0,128,0,
13,direction_normalised_deterioration,empirical_crypto__joint_crypto_high_correlation,,debt_weighted_overvaluation_area,0,2,delay_2_minus_0,1,operational,128,2.338043180600329,0.04345012615616852,2.2528809333342386,2.423205427866419,2.3051659018625235,1.6837565283752098,1.9519684167736282,2.6256889364307794,3.01986922873066,3.200726332491699,1.0,128,0,
14,response_shape_classification,empirical_crypto__joint_crypto_high_correlation,,debt_weighted_overvaluation_area,0,2,delay_2_minus_0,1,operational,128,2.338043180600329,0.04345012615616852,2.2528809333342386,2.423205427866419,2.3051659018625235,1.6837565283752098,1.9519684167736282,2.6256889364307794,3.01986922873066,3.200726332491699,1.0,128,0,monotonic_deterioration
15,raw_delay_contrast,empirical_crypto__joint_crypto_high_correlation,,debt_weighted_undervaluation_area,0,1,delay_1_minus_0,1,operational,128,1.4850278213627552,0.026364618992747096,1.433353168136971,1.5367024745885396,1.4476562712402707,1.0588500936942944,1.277177587620919,1.700726810745029,1.8942226337375476,2.0127692012882443,1.0,128,0,
16,direction_normalised_deterioration,empirical_crypto__joint_crypto_high_correlation,,debt_weighted_undervaluation_area,0,1,delay_1_minus_0,1,operational,128,1.4850278213627552,0.026364618992747096,1.433353168136971,1.5367024745885396,1.4476562712402707,1.0588500936942944,1.277177587620919,1.700726810745029,1.8942226337375476,2.0127692012882443,1.0,128,0,
17,raw_delay_contrast,empirical_crypto__joint_crypto_high_correlation,,debt_weighted_undervaluation_area,1,2,delay_2_minus_1,1,operational,128,0.9218899673825178,0.01647077068085774,0.8896072568480367,0.954172677916999,0.8988667459450512,0.6517453691566726,0.7915195311994385,1.0525211820025144,1.1605840425431098,1.2318745202033197,1.0,128,0,
18,direction_normalised_deterioration,empirical_crypto__joint_crypto_high_correlation,,debt_weighted_undervaluation_area,1,2,delay_2_minus_1,1,operational,128,0.9218899673825178,0.01647077068085774,0.8896072568480367,0.954172677916999,0.8988667459450512,0.6517453691566726,0.7915195311994385,1.0525211820025144,1.1605840425431098,1.2318745202033197,1.0,128,0,
19,raw_delay_contrast,empirical_crypto__joint_crypto_high_correlation,,debt_weighted_undervaluation_area,0,2,delay_2_minus_0,1,operational,128,2.4069177887452735,0.042244294158401315,2.324118972194807,2.4897166052957402,2.3264250718373476,1.729378156644561,2.067520823452793,2.7387021506757887,3.0652943658758423,3.2458377607837203,1.0,128,0,
20,direction_normalised_deterioration,empirical_crypto__joint_crypto_high_correlation,,debt_weighted_undervaluation_area,0,2,delay_2_minus_0,1,operational,128,2.4069177887452735,0.042244294158401315,2.324118972194807,2.4897166052957402,2.3264250718373476,1.729378156644561,2.067520823452793,2.7387021506757887,3.0652943658758423,3.2458377607837203,1.0,128,0,
21,response_shape_classification,empirical_crypto__joint_crypto_high_correlation,,debt_weighted_undervaluation_area,0,2,delay_2_minus_0,1,operational,128,2.4069177887452735,0.042244294158401315,2.324118972194807,2.4897166052957402,2.3264250718373476,1.729378156644561,2.067520823452793,2.7387021506757887,3.0652943658758423,3.2458377607837203,1.0,128,0,monotonic_deterioration
22,raw_delay_contrast,empirical_crypto__joint_crypto_high_correlation,,peak_debt_weighted_mismatch,0,1,delay_1_minus_0,1,operational,128,0.12107496422545769,0.0005985665831871159,0.11990177372241094,0.12224815472850444,0.12112219880093374,0.11030545662021923,0.11878965714822837,0.12354025024405418,0.1268335069231275,0.1321089438734602,1.0,128,0,
23,direction_normalised_deterioration,empirical_crypto__joint_crypto_high_correlation,,peak_debt_weighted_mismatch,0,1,delay_1_minus_0,1,operational,128,0.12107496422545769,0.0005985665831871159,0.11990177372241094,0.12224815472850444,0.12112219880093374,0.11030545662021923,0.11878965714822837,0.12354025024405418,0.1268335069231275,0.1321089438734602,1.0,128,0,
24,raw_delay_contrast,empirical_crypto__joint_crypto_high_correlation,,peak_debt_weighted_mismatch,1,2,delay_2_minus_1,1,operational,128,0.002679027155997418,0.0004753163053737014,0.0017474071974649635,0.003610647114529873,0.001690994438114518,-0.002911393460491619,9.537631112037023e-05,0.0038756439986436728,0.008034708573774207,0.009645771877064033,0.7734375,99,29,
25,direction_normalised_deterioration,empirical_crypto__joint_crypto_high_correlation,,peak_debt_weighted_mismatch,1,2,delay_2_minus_1,1,operational,128,0.002679027155997418,0.0004753163053737014,0.0017474071974649635,0.003610647114529873,0.001690994438114518,-0.002911393460491619,9.537631112037023e-05,0.0038756439986436728,0.008034708573774207,0.009645771877064033,0.7734375,99,29,
26,raw_delay_contrast,empirical_crypto__joint_crypto_high_correlation,,peak_debt_weighted_mismatch,0,2,delay_2_minus_0,1,operational,128,0.12375399138145511,0.0008967836756837851,0.12199629537711489,0.12551168738579532,0.12300237367379928,0.110241719021986,0.11934412105970096,0.12716950864484783,0.13417788631155925,0.137199529318414,1.0,128,0,
27,direction_normalised_deterioration,empirical_crypto__joint_crypto_high_correlation,,peak_debt_weighted_mismatch,0,2,delay_2_minus_0,1,operational,128,0.12375399138145511,0.0008967836756837851,0.12199629537711489,0.12551168738579532,0.12300237367379928,0.110241719021986,0.11934412105970096,0.12716950864484783,0.13417788631155925,0.137199529318414,1.0,128,0,
28,response_shape_classification,empirical_crypto__joint_crypto_high_correlation,,peak_debt_weighted_mismatch,0,2,delay_2_minus_0,1,operational,128,0.12375399138145511,0.0008967836756837851,0.12199629537711489,0.12551168738579532,0.12300237367379928,0.110241719021986,0.11934412105970096,0.12716950864484783,0.13417788631155925,0.137199529318414,1.0,128,0,monotonic_deterioration
29,raw_delay_contrast,empirical_crypto__joint_crypto_high_correlation,,false_safe_vault_hours,0,1,delay_1_minus_0,1,operational,128,13.1875,1.9137000249341771,9.436647951129013,16.938352048870986,4.5,0.0,0.0,18.0,32.0,59.64999999999999,0.609375,78,0,
30,direction_normalised_deterioration,empirical_crypto__joint_crypto_high_correlation,,false_safe_vault_hours,0,1,delay_1_minus_0,1,operational,128,13.1875,1.9137000249341771,9.436647951129013,16.938352048870986,4.5,0.0,0.0,18.0,32.0,59.64999999999999,0.609375,78,0,
31,raw_delay_contrast,empirical_crypto__joint_crypto_high_correlation,,false_safe_vault_hours,1,2,delay_2_minus_1,1,operational,128,10.1875,1.5948424347666081,7.061608827857448,13.313391172142552,3.0,0.0,0.0,12.25,28.0,46.949999999999974,0.5625,72,3,
32,direction_normalised_deterioration,empirical_crypto__joint_crypto_high_correlation,,false_safe_vault_hours,1,2,delay_2_minus_1,1,operational,128,10.1875,1.5948424347666081,7.061608827857448,13.313391172142552,3.0,0.0,0.0,12.25,28.0,46.949999999999974,0.5625,72,3,
33,raw_delay_contrast,empirical_crypto__joint_crypto_high_correlation,,false_safe_vault_hours,0,2,delay_2_minus_0,1,operational,128,23.375,3.4817790614958417,16.55071303946815,30.19928696053185,7.0,0.0,0.0,29.5,56.599999999999994,103.29999999999998,0.609375,78,0,
34,direction_normalised_deterioration,empirical_crypto__joint_crypto_high_correlation,,false_safe_vault_hours,0,2,delay_2_minus_0,1,operational,128,23.375,3.4817790614958417,16.55071303946815,30.19928696053185,7.0,0.0,0.0,29.5,56.599999999999994,103.29999999999998,0.609375,78,0,
35,response_shape_classification,empirical_crypto__joint_crypto_high_correlation,,false_safe_vault_hours,0,2,delay_2_minus_0,1,operational,128,23.375,3.4817790614958417,16.55071303946815,30.19928696053185,7.0,0.0,0.0,29.5,56.599999999999994,103.29999999999998,0.609375,78,0,monotonic_deterioration
36,raw_delay_contrast,empirical_crypto__joint_crypto_high_correlation,,false_safe_debt_hours,0,1,delay_1_minus_0,1,operational,128,81883.3763898579,17053.23362905929,48459.0384769017,115307.71430281411,2602.6389123641693,0.0,0.0,46080.62954183578,244788.79449561512,515280.59946052165,0.609375,78,0,
37,direction_normalised_deterioration,empirical_crypto__joint_crypto_high_correlation,,false_safe_debt_hours,0,1,delay_1_minus_0,1,operational,128,81883.3763898579,17053.23362905929,48459.0384769017,115307.71430281411,2602.6389123641693,0.0,0.0,46080.62954183578,244788.79449561512,515280.59946052165,0.609375,78,0,
38,raw_delay_contrast,empirical_crypto__joint_crypto_high_correlation,,false_safe_debt_hours,1,2,delay_2_minus_1,1,operational,128,81647.54014454926,22438.952119785394,37667.19398976989,125627.88629932863,1019.1820263001582,0.0,0.0,29522.09925082705,200031.23174272047,464490.21937367675,0.546875,70,5,
39,direction_normalised_deterioration,empirical_crypto__joint_crypto_high_correlation,,false_safe_debt_hours,1,2,delay_2_minus_1,1,operational,128,81647.54014454926,22438.952119785394,37667.19398976989,125627.88629932863,1019.1820263001582,0.0,0.0,29522.09925082705,200031.23174272047,464490.21937367675,0.546875,70,5,
40,raw_delay_contrast,empirical_crypto__joint_crypto_high_correlation,,false_safe_debt_hours,0,2,delay_2_minus_0,1,operational,128,163530.91653440712,38303.1096988068,88456.82152474578,238605.01154406846,3491.0474512466276,0.0,0.0,82244.42220055296,473248.07648529724,970077.660447927,0.609375,78,0,
41,direction_normalised_deterioration,empirical_crypto__joint_crypto_high_correlation,,false_safe_debt_hours,0,2,delay_2_minus_0,1,operational,128,163530.91653440712,38303.1096988068,88456.82152474578,238605.01154406846,3491.0474512466276,0.0,0.0,82244.42220055296,473248.07648529724,970077.660447927,0.609375,78,0,
42,response_shape_classification,empirical_crypto__joint_crypto_high_correlation,,false_safe_debt_hours,0,2,delay_2_minus_0,1,operational,128,163530.91653440712,38303.1096988068,88456.82152474578,238605.01154406846,3491.0474512466276,0.0,0.0,82244.42220055296,473248.07648529724,970077.660447927,0.609375,78,0,monotonic_deterioration
43,raw_delay_contrast,empirical_crypto__joint_crypto_high_correlation,,peak_false_safe_debt,0,1,delay_1_minus_0,1,operational,128,48886.636164206444,10724.37820712591,27866.85487823966,69906.41745017323,1244.6350418506179,0.0,0.0,21068.24375910782,135908.33698820928,329966.9082961046,0.609375,78,0,
44,direction_normalised_deterioration,empirical_crypto__joint_crypto_high_correlation,,peak_false_safe_debt,0,1,delay_1_minus_0,1,operational,128,48886.636164206444,10724.37820712591,27866.85487823966,69906.41745017323,1244.6350418506179,0.0,0.0,21068.24375910782,135908.33698820928,329966.9082961046,0.609375,78,0,
45,raw_delay_contrast,empirical_crypto__joint_crypto_high_correlation,,peak_false_safe_debt,1,2,delay_2_minus_1,1,operational,128,4019.1385024593956,1370.5025439087365,1332.9535163982723,6705.323488520518,0.0,0.0,0.0,215.73560519743518,5326.090048706519,25589.040241624825,0.2890625,37,3,
46,direction_normalised_deterioration,empirical_crypto__joint_crypto_high_correlation,,peak_false_safe_debt,1,2,delay_2_minus_1,1,operational,128,4019.1385024593956,1370.5025439087365,1332.9535163982723,6705.323488520518,0.0,0.0,0.0,215.73560519743518,5326.090048706519,25589.040241624825,0.2890625,37,3,
47,raw_delay_contrast,empirical_crypto__joint_crypto_high_correlation,,peak_false_safe_debt,0,2,delay_2_minus_0,1,operational,128,52905.774666665835,11490.65677292427,30384.087391734265,75427.4619415974,1317.0904792230726,0.0,0.0,21473.0163893117,135038.94756037003,395313.14678758214,0.609375,78,0,
48,direction_normalised_deterioration,empirical_crypto__joint_crypto_high_correlation,,peak_false_safe_debt,0,2,delay_2_minus_0,1,operational,128,52905.774666665835,11490.65677292427,30384.087391734265,75427.4619415974,1317.0904792230726,0.0,0.0,21473.0163893117,135038.94756037003,395313.14678758214,0.609375,78,0,
49,response_shape_classification,empirical_crypto__joint_crypto_high_correlation,,peak_false_safe_debt,0,2,delay_2_minus_0,1,operational,128,52905.774666665835,11490.65677292427,30384.087391734265,75427.4619415974,1317.0904792230726,0.0,0.0,21473.0163893117,135038.94756037003,395313.14678758214,0.609375,78,0,monotonic_deterioration
50,raw_delay_contrast,empirical_crypto__joint_crypto_high_correlation,,false_unsafe_vault_hours,0,1,delay_1_minus_0,1,operational,128,6.328125,1.1767467632242963,4.0217013440803795,8.63454865591962,1.0,0.0,0.0,6.0,17.0,31.249999999999957,0.5390625,69,0,
51,direction_normalised_deterioration,empirical_crypto__joint_crypto_high_correlation,,false_unsafe_vault_hours,0,1,delay_1_minus_0,1,operational,128,6.328125,1.1767467632242963,4.0217013440803795,8.63454865591962,1.0,0.0,0.0,6.0,17.0,31.249999999999957,0.5390625,69,0,
52,raw_delay_contrast,empirical_crypto__joint_crypto_high_correlation,,false_unsafe_vault_hours,1,2,delay_2_minus_1,1,operational,128,3.3515625,0.778145591444808,1.8263971407681763,4.876727859231824,0.0,0.0,0.0,3.0,9.0,17.64999999999999,0.4140625,53,5,
53,direction_normalised_deterioration,empirical_crypto__joint_crypto_high_correlation,,false_unsafe_vault_hours,1,2,delay_2_minus_1,1,operational,128,3.3515625,0.778145591444808,1.8263971407681763,4.876727859231824,0.0,0.0,0.0,3.0,9.0,17.64999999999999,0.4140625,53,5,
54,raw_delay_contrast,empirical_crypto__joint_crypto_high_correlation,,false_unsafe_vault_hours,0,2,delay_2_minus_0,1,operational,128,9.6796875,1.9135451956424978,5.929138916540705,13.430236083459295,2.0,0.0,0.0,9.0,26.0,47.89999999999995,0.5546875,71,0,
55,direction_normalised_deterioration,empirical_crypto__joint_crypto_high_correlation,,false_unsafe_vault_hours,0,2,delay_2_minus_0,1,operational,128,9.6796875,1.9135451956424978,5.929138916540705,13.430236083459295,2.0,0.0,0.0,9.0,26.0,47.89999999999995,0.5546875,71,0,
56,response_shape_classification,empirical_crypto__joint_crypto_high_correlation,,false_unsafe_vault_hours,0,2,delay_2_minus_0,1,operational,128,9.6796875,1.9135451956424978,5.929138916540705,13.430236083459295,2.0,0.0,0.0,9.0,26.0,47.89999999999995,0.5546875,71,0,monotonic_deterioration
57,raw_delay_contrast,empirical_crypto__joint_crypto_high_correlation,,false_unsafe_debt_hours,0,1,delay_1_minus_0,1,operational,128,30442.306102508555,9937.318752706526,10965.161347203764,49919.45085781335,610.53694090198,0.0,0.0,6367.024571176198,50181.922008599075,117365.59317274367,0.5390625,69,0,
58,direction_normalised_deterioration,empirical_crypto__joint_crypto_high_correlation,,false_unsafe_debt_hours,0,1,delay_1_minus_0,1,operational,128,30442.306102508555,9937.318752706526,10965.161347203764,49919.45085781335,610.53694090198,0.0,0.0,6367.024571176198,50181.922008599075,117365.59317274367,0.5390625,69,0,
59,raw_delay_contrast,empirical_crypto__joint_crypto_high_correlation,,false_unsafe_debt_hours,1,2,delay_2_minus_1,1,operational,128,25075.417881382724,11584.102875031731,2370.576246320532,47780.259516444916,0.0,-954.2222777903041,0.0,1143.12817702957,10800.467139116021,93540.22379938062,0.390625,50,13,
60,direction_normalised_deterioration,empirical_crypto__joint_crypto_high_correlation,,false_unsafe_debt_hours,1,2,delay_2_minus_1,1,operational,128,25075.417881382724,11584.102875031731,2370.576246320532,47780.259516444916,0.0,-954.2222777903041,0.0,1143.12817702957,10800.467139116021,93540.22379938062,0.390625,50,13,
61,raw_delay_contrast,empirical_crypto__joint_crypto_high_correlation,,false_unsafe_debt_hours,0,2,delay_2_minus_0,1,operational,128,55517.72398389128,19632.758453926155,17037.517414196016,93997.93055358654,903.6708659429646,0.0,0.0,8851.859653780828,69268.57614319451,214367.30244296507,0.5546875,71,0,
62,direction_normalised_deterioration,empirical_crypto__joint_crypto_high_correlation,,false_unsafe_debt_hours,0,2,delay_2_minus_0,1,operational,128,55517.72398389128,19632.758453926155,17037.517414196016,93997.93055358654,903.6708659429646,0.0,0.0,8851.859653780828,69268.57614319451,214367.30244296507,0.5546875,71,0,
63,response_shape_classification,empirical_crypto__joint_crypto_high_correlation,,false_unsafe_debt_hours,0,2,delay_2_minus_0,1,operational,128,55517.72398389128,19632.758453926155,17037.517414196016,93997.93055358654,903.6708659429646,0.0,0.0,8851.859653780828,69268.57614319451,214367.30244296507,0.5546875,71,0,monotonic_deterioration
64,raw_delay_contrast,empirical_crypto__joint_crypto_high_correlation,,peak_false_unsafe_debt,0,1,delay_1_minus_0,1,operational,128,21640.186558972204,8071.003589648201,5821.01952326173,37459.353594682674,381.99003874220443,0.0,0.0,4387.493705779729,19284.55800735982,94145.07962843843,0.5390625,69,0,
65,direction_normalised_deterioration,empirical_crypto__joint_crypto_high_correlation,,peak_false_unsafe_debt,0,1,delay_1_minus_0,1,operational,128,21640.186558972204,8071.003589648201,5821.01952326173,37459.353594682674,381.99003874220443,0.0,0.0,4387.493705779729,19284.55800735982,94145.07962843843,0.5390625,69,0,
66,raw_delay_contrast,empirical_crypto__joint_crypto_high_correlation,,peak_false_unsafe_debt,1,2,delay_2_minus_1,1,operational,128,1041.3391850455876,376.70256391094404,303.0021597801373,1779.6762103110377,0.0,-247.90948181783213,0.0,0.0,2110.3954413870683,6682.189428472974,0.21875,28,8,
67,direction_normalised_deterioration,empirical_crypto__joint_crypto_high_correlation,,peak_false_unsafe_debt,1,2,delay_2_minus_1,1,operational,128,1041.3391850455876,376.70256391094404,303.0021597801373,1779.6762103110377,0.0,-247.90948181783213,0.0,0.0,2110.3954413870683,6682.189428472974,0.21875,28,8,
68,raw_delay_contrast,empirical_crypto__joint_crypto_high_correlation,,peak_false_unsafe_debt,0,2,delay_2_minus_0,1,operational,128,22681.525744017792,8074.893839943886,6854.733817727776,38508.317670307806,537.0284614488071,0.0,0.0,5519.288317584377,26980.767961919984,95022.23870855961,0.5546875,71,0,
69,direction_normalised_deterioration,empirical_crypto__joint_crypto_high_correlation,,peak_false_unsafe_debt,0,2,delay_2_minus_0,1,operational,128,22681.525744017792,8074.893839943886,6854.733817727776,38508.317670307806,537.0284614488071,0.0,0.0,5519.288317584377,26980.767961919984,95022.23870855961,0.5546875,71,0,
70,response_shape_classification,empirical_crypto__joint_crypto_high_correlation,,peak_false_unsafe_debt,0,2,delay_2_minus_0,1,operational,128,22681.525744017792,8074.893839943886,6854.733817727776,38508.317670307806,537.0284614488071,0.0,0.0,5519.288317584377,26980.767961919984,95022.23870855961,0.5546875,71,0,monotonic_deterioration
71,raw_delay_contrast,empirical_crypto__joint_crypto_high_correlation,,market_unsafe_debt_not_oracle_eligible_share,0,1,delay_1_minus_0,1,operational,128,0.23584502205679736,0.0226426731874757,0.19146538260934498,0.28022466150424974,0.1770026222985123,0.0,0.0,0.37140397589661656,0.5236509858396324,0.7440446479693515,0.609375,78,0,
72,direction_normalised_deterioration,empirical_crypto__joint_crypto_high_correlation,,market_unsafe_debt_not_oracle_eligible_share,0,1,delay_1_minus_0,1,operational,128,0.23584502205679736,0.0226426731874757,0.19146538260934498,0.28022466150424974,0.1770026222985123,0.0,0.0,0.37140397589661656,0.5236509858396324,0.7440446479693515,0.609375,78,0,
73,raw_delay_contrast,empirical_crypto__joint_crypto_high_correlation,,market_unsafe_debt_not_oracle_eligible_share,1,2,delay_2_minus_1,1,operational,128,0.07596664828264998,0.012468224279349955,0.05152892869512407,0.1004043678701759,0.0,-0.10480760970217545,0.0,0.15752615426328034,0.26522129964803765,0.3284299428386894,0.484375,62,14,
74,direction_normalised_deterioration,empirical_crypto__joint_crypto_high_correlation,,market_unsafe_debt_not_oracle_eligible_share,1,2,delay_2_minus_1,1,operational,128,0.07596664828264998,0.012468224279349955,0.05152892869512407,0.1004043678701759,0.0,-0.10480760970217545,0.0,0.15752615426328034,0.26522129964803765,0.3284299428386894,0.484375,62,14,
75,raw_delay_contrast,empirical_crypto__joint_crypto_high_correlation,,market_unsafe_debt_not_oracle_eligible_share,0,2,delay_2_minus_0,1,operational,128,0.31181167033944734,0.026444193599853418,0.25998105088373463,0.36364228979516006,0.305447807663436,0.0,0.0,0.5219664624690099,0.6756649904374973,0.868730889094325,0.609375,78,0,
76,direction_normalised_deterioration,empirical_crypto__joint_crypto_high_correlation,,market_unsafe_debt_not_oracle_eligible_share,0,2,delay_2_minus_0,1,operational,128,0.31181167033944734,0.026444193599853418,0.25998105088373463,0.36364228979516006,0.305447807663436,0.0,0.0,0.5219664624690099,0.6756649904374973,0.868730889094325,0.609375,78,0,
77,response_shape_classification,empirical_crypto__joint_crypto_high_correlation,,market_unsafe_debt_not_oracle_eligible_share,0,2,delay_2_minus_0,1,operational,128,0.31181167033944734,0.026444193599853418,0.25998105088373463,0.36364228979516006,0.305447807663436,0.0,0.0,0.5219664624690099,0.6756649904374973,0.868730889094325,0.609375,78,0,monotonic_deterioration
78,raw_delay_contrast,empirical_crypto__joint_crypto_high_correlation,,oracle_unsafe_debt_already_market_safe_share,0,1,delay_1_minus_0,1,operational,128,0.13808498223827836,0.021402278900087873,0.09613651559410613,0.1800334488824506,0.005488821237836315,0.0,0.0,0.1881150189769129,0.44845582323302746,0.695473324245741,0.5390625,69,0,
79,direction_normalised_deterioration,empirical_crypto__joint_crypto_high_correlation,,oracle_unsafe_debt_already_market_safe_share,0,1,delay_1_minus_0,1,operational,128,0.13808498223827836,0.021402278900087873,0.09613651559410613,0.1800334488824506,0.005488821237836315,0.0,0.0,0.1881150189769129,0.44845582323302746,0.695473324245741,0.5390625,69,0,
80,raw_delay_contrast,empirical_crypto__joint_crypto_high_correlation,,oracle_unsafe_debt_already_market_safe_share,1,2,delay_2_minus_1,1,operational,128,0.025525484397267276,0.011438927887932217,0.003105185736920129,0.04794578305761442,0.0,-0.05889377881781882,0.0,0.03192779950498455,0.12503106159398583,0.2216785026669023,0.390625,50,19,
81,direction_normalised_deterioration,empirical_crypto__joint_crypto_high_correlation,,oracle_unsafe_debt_already_market_safe_share,1,2,delay_2_minus_1,1,operational,128,0.025525484397267276,0.011438927887932217,0.003105185736920129,0.04794578305761442,0.0,-0.05889377881781882,0.0,0.03192779950498455,0.12503106159398583,0.2216785026669023,0.390625,50,19,
82,raw_delay_contrast,empirical_crypto__joint_crypto_high_correlation,,oracle_unsafe_debt_already_market_safe_share,0,2,delay_2_minus_0,1,operational,128,0.16361046663554563,0.023249182652529315,0.11804206863658817,0.20917886463450308,0.016475364456559862,0.0,0.0,0.24814312282199819,0.5000812860048196,0.8415389619462066,0.5546875,71,0,
83,direction_normalised_deterioration,empirical_crypto__joint_crypto_high_correlation,,oracle_unsafe_debt_already_market_safe_share,0,2,delay_2_minus_0,1,operational,128,0.16361046663554563,0.023249182652529315,0.11804206863658817,0.20917886463450308,0.016475364456559862,0.0,0.0,0.24814312282199819,0.5000812860048196,0.8415389619462066,0.5546875,71,0,
84,response_shape_classification,empirical_crypto__joint_crypto_high_correlation,,oracle_unsafe_debt_already_market_safe_share,0,2,delay_2_minus_0,1,operational,128,0.16361046663554563,0.023249182652529315,0.11804206863658817,0.20917886463450308,0.016475364456559862,0.0,0.0,0.24814312282199819,0.5000812860048196,0.8415389619462066,0.5546875,71,0,monotonic_deterioration
85,raw_delay_contrast,empirical_crypto__joint_crypto_high_correlation,,recognition_lag_mean,0,1,delay_1_minus_0,1,operational,78,1.0,0.0,1.0,1.0,1.0,1.0,1.0,1.0,1.0,1.0,1.0,78,0,
86,direction_normalised_deterioration,empirical_crypto__joint_crypto_high_correlation,,recognition_lag_mean,0,1,delay_1_minus_0,1,operational,78,1.0,0.0,1.0,1.0,1.0,1.0,1.0,1.0,1.0,1.0,1.0,78,0,
87,raw_delay_contrast,empirical_crypto__joint_crypto_high_correlation,,recognition_lag_mean,1,2,delay_2_minus_1,1,operational,78,1.0,0.0,1.0,1.0,1.0,1.0,1.0,1.0,1.0,1.0,1.0,78,0,
88,direction_normalised_deterioration,empirical_crypto__joint_crypto_high_correlation,,recognition_lag_mean,1,2,delay_2_minus_1,1,operational,78,1.0,0.0,1.0,1.0,1.0,1.0,1.0,1.0,1.0,1.0,1.0,78,0,
89,raw_delay_contrast,empirical_crypto__joint_crypto_high_correlation,,recognition_lag_mean,0,2,delay_2_minus_0,1,operational,78,2.0,0.0,2.0,2.0,2.0,2.0,2.0,2.0,2.0,2.0,1.0,78,0,
90,direction_normalised_deterioration,empirical_crypto__joint_crypto_high_correlation,,recognition_lag_mean,0,2,delay_2_minus_0,1,operational,78,2.0,0.0,2.0,2.0,2.0,2.0,2.0,2.0,2.0,2.0,1.0,78,0,
91,response_shape_classification,empirical_crypto__joint_crypto_high_correlation,,recognition_lag_mean,0,2,delay_2_minus_0,1,operational,78,2.0,0.0,2.0,2.0,2.0,2.0,2.0,2.0,2.0,2.0,1.0,78,0,monotonic_deterioration
92,raw_delay_contrast,empirical_crypto__joint_crypto_high_correlation,,recognition_lag_median,0,1,delay_1_minus_0,1,operational,78,1.0,0.0,1.0,1.0,1.0,1.0,1.0,1.0,1.0,1.0,1.0,78,0,
93,direction_normalised_deterioration,empirical_crypto__joint_crypto_high_correlation,,recognition_lag_median,0,1,delay_1_minus_0,1,operational,78,1.0,0.0,1.0,1.0,1.0,1.0,1.0,1.0,1.0,1.0,1.0,78,0,
94,raw_delay_contrast,empirical_crypto__joint_crypto_high_correlation,,recognition_lag_median,1,2,delay_2_minus_1,1,operational,78,1.0,0.0,1.0,1.0,1.0,1.0,1.0,1.0,1.0,1.0,1.0,78,0,
95,direction_normalised_deterioration,empirical_crypto__joint_crypto_high_correlation,,recognition_lag_median,1,2,delay_2_minus_1,1,operational,78,1.0,0.0,1.0,1.0,1.0,1.0,1.0,1.0,1.0,1.0,1.0,78,0,
96,raw_delay_contrast,empirical_crypto__joint_crypto_high_correlation,,recognition_lag_median,0,2,delay_2_minus_0,1,operational,78,2.0,0.0,2.0,2.0,2.0,2.0,2.0,2.0,2.0,2.0,1.0,78,0,
97,direction_normalised_deterioration,empirical_crypto__joint_crypto_high_correlation,,recognition_lag_median,0,2,delay_2_minus_0,1,operational,78,2.0,0.0,2.0,2.0,2.0,2.0,2.0,2.0,2.0,2.0,1.0,78,0,
98,response_shape_classification,empirical_crypto__joint_crypto_high_correlation,,recognition_lag_median,0,2,delay_2_minus_0,1,operational,78,2.0,0.0,2.0,2.0,2.0,2.0,2.0,2.0,2.0,2.0,1.0,78,0,monotonic_deterioration
99,raw_delay_contrast,empirical_crypto__joint_crypto_high_correlation,,recovery_staleness_mean,0,1,delay_1_minus_0,1,operational,63,1.0,0.0,1.0,1.0,1.0,1.0,1.0,1.0,1.0,1.0,1.0,63,0,
100,direction_normalised_deterioration,empirical_crypto__joint_crypto_high_correlation,,recovery_staleness_mean,0,1,delay_1_minus_0,1,operational,63,1.0,0.0,1.0,1.0,1.0,1.0,1.0,1.0,1.0,1.0,1.0,63,0,
101,raw_delay_contrast,empirical_crypto__joint_crypto_high_correlation,,recovery_staleness_mean,1,2,delay_2_minus_1,1,operational,64,1.0,0.0,1.0,1.0,1.0,1.0,1.0,1.0,1.0,1.0,1.0,64,0,
102,direction_normalised_deterioration,empirical_crypto__joint_crypto_high_correlation,,recovery_staleness_mean,1,2,delay_2_minus_1,1,operational,64,1.0,0.0,1.0,1.0,1.0,1.0,1.0,1.0,1.0,1.0,1.0,64,0,
103,raw_delay_contrast,empirical_crypto__joint_crypto_high_correlation,,recovery_staleness_mean,0,2,delay_2_minus_0,1,operational,61,2.0,0.0,2.0,2.0,2.0,2.0,2.0,2.0,2.0,2.0,1.0,61,0,
104,direction_normalised_deterioration,empirical_crypto__joint_crypto_high_correlation,,recovery_staleness_mean,0,2,delay_2_minus_0,1,operational,61,2.0,0.0,2.0,2.0,2.0,2.0,2.0,2.0,2.0,2.0,1.0,61,0,
105,response_shape_classification,empirical_crypto__joint_crypto_high_correlation,,recovery_staleness_mean,0,2,delay_2_minus_0,1,operational,61,2.0,0.0,2.0,2.0,2.0,2.0,2.0,2.0,2.0,2.0,1.0,61,0,monotonic_deterioration
106,raw_delay_contrast,empirical_crypto__joint_crypto_high_correlation,,recovery_staleness_median,0,1,delay_1_minus_0,1,operational,63,1.0,0.0,1.0,1.0,1.0,1.0,1.0,1.0,1.0,1.0,1.0,63,0,
107,direction_normalised_deterioration,empirical_crypto__joint_crypto_high_correlation,,recovery_staleness_median,0,1,delay_1_minus_0,1,operational,63,1.0,0.0,1.0,1.0,1.0,1.0,1.0,1.0,1.0,1.0,1.0,63,0,
108,raw_delay_contrast,empirical_crypto__joint_crypto_high_correlation,,recovery_staleness_median,1,2,delay_2_minus_1,1,operational,64,1.0,0.0,1.0,1.0,1.0,1.0,1.0,1.0,1.0,1.0,1.0,64,0,
109,direction_normalised_deterioration,empirical_crypto__joint_crypto_high_correlation,,recovery_staleness_median,1,2,delay_2_minus_1,1,operational,64,1.0,0.0,1.0,1.0,1.0,1.0,1.0,1.0,1.0,1.0,1.0,64,0,
110,raw_delay_contrast,empirical_crypto__joint_crypto_high_correlation,,recovery_staleness_median,0,2,delay_2_minus_0,1,operational,61,2.0,0.0,2.0,2.0,2.0,2.0,2.0,2.0,2.0,2.0,1.0,61,0,
111,direction_normalised_deterioration,empirical_crypto__joint_crypto_high_correlation,,recovery_staleness_median,0,2,delay_2_minus_0,1,operational,61,2.0,0.0,2.0,2.0,2.0,2.0,2.0,2.0,2.0,2.0,1.0,61,0,
112,response_shape_classification,empirical_crypto__joint_crypto_high_correlation,,recovery_staleness_median,0,2,delay_2_minus_0,1,operational,61,2.0,0.0,2.0,2.0,2.0,2.0,2.0,2.0,2.0,2.0,1.0,61,0,monotonic_deterioration
113,raw_delay_contrast,empirical_crypto__joint_crypto_high_correlation,,backlog_area_share,0,1,delay_1_minus_0,1,operational,128,-0.01203221654187748,0.007583944108386656,-0.026896746994315324,0.0028323139105603645,0.0,-0.07752996093323103,-0.00373812577612545,0.0,0.007779913609546269,0.04060178848440381,0.1796875,23,52,
114,direction_normalised_deterioration,empirical_crypto__joint_crypto_high_correlation,,backlog_area_share,0,1,delay_1_minus_0,1,operational,128,-0.01203221654187748,0.007583944108386656,-0.026896746994315324,0.0028323139105603645,0.0,-0.07752996093323103,-0.00373812577612545,0.0,0.007779913609546269,0.04060178848440381,0.1796875,23,52,
115,raw_delay_contrast,empirical_crypto__joint_crypto_high_correlation,,backlog_area_share,1,2,delay_2_minus_1,1,operational,128,0.015071879961514049,0.009480597584238,-0.0035100913035924323,0.033653851226620526,0.0,-0.03791236405564575,-0.0012726696690590006,0.0,0.011417097675885248,0.13791227192519032,0.203125,26,49,
116,direction_normalised_deterioration,empirical_crypto__joint_crypto_high_correlation,,backlog_area_share,1,2,delay_2_minus_1,1,operational,128,0.015071879961514049,0.009480597584238,-0.0035100913035924323,0.033653851226620526,0.0,-0.03791236405564575,-0.0012726696690590006,0.0,0.011417097675885248,0.13791227192519032,0.203125,26,49,
117,raw_delay_contrast,empirical_crypto__joint_crypto_high_correlation,,backlog_area_share,0,2,delay_2_minus_0,1,operational,128,0.0030396634196365735,0.008733504600498402,-0.014078005597340296,0.020157332436613443,0.0,-0.07897624941866802,-0.0023913891282510056,0.0,0.022438804310570656,0.10462878655236846,0.234375,30,44,
118,direction_normalised_deterioration,empirical_crypto__joint_crypto_high_correlation,,backlog_area_share,0,2,delay_2_minus_0,1,operational,128,0.0030396634196365735,0.008733504600498402,-0.014078005597340296,0.020157332436613443,0.0,-0.07897624941866802,-0.0023913891282510056,0.0,0.022438804310570656,0.10462878655236846,0.234375,30,44,
119,response_shape_classification,empirical_crypto__joint_crypto_high_correlation,,backlog_area_share,0,2,delay_2_minus_0,1,operational,128,0.0030396634196365735,0.008733504600498402,-0.014078005597340296,0.020157332436613443,0.0,-0.07897624941866802,-0.0023913891282510056,0.0,0.022438804310570656,0.10462878655236846,0.234375,30,44,no_delay_effect
120,raw_delay_contrast,empirical_crypto__joint_crypto_high_correlation,,maximum_unresolved_tab_share,0,1,delay_1_minus_0,1,operational,128,-0.0014575693594457068,0.001435245924130983,-0.004270651370742434,0.00135551265185102,0.0,-0.007507141878844805,0.0,0.0,0.0003663165640061619,0.011068110553838108,0.1328125,17,28,
121,direction_normalised_deterioration,empirical_crypto__joint_crypto_high_correlation,,maximum_unresolved_tab_share,0,1,delay_1_minus_0,1,operational,128,-0.0014575693594457068,0.001435245924130983,-0.004270651370742434,0.00135551265185102,0.0,-0.007507141878844805,0.0,0.0,0.0003663165640061619,0.011068110553838108,0.1328125,17,28,
122,raw_delay_contrast,empirical_crypto__joint_crypto_high_correlation,,maximum_unresolved_tab_share,1,2,delay_2_minus_1,1,operational,128,0.0026174682092397223,0.002895208015999559,-0.0030571395021194133,0.008292075920598857,0.0,-0.017714429992103854,0.0,0.0,0.005666649214921348,0.03696045783747306,0.2265625,29,17,
123,direction_normalised_deterioration,empirical_crypto__joint_crypto_high_correlation,,maximum_unresolved_tab_share,1,2,delay_2_minus_1,1,operational,128,0.0026174682092397223,0.002895208015999559,-0.0030571395021194133,0.008292075920598857,0.0,-0.017714429992103854,0.0,0.0,0.005666649214921348,0.03696045783747306,0.2265625,29,17,
124,raw_delay_contrast,empirical_crypto__joint_crypto_high_correlation,,maximum_unresolved_tab_share,0,2,delay_2_minus_0,1,operational,128,0.0011598988497940146,0.0026110844541426957,-0.003957826680325668,0.0062776243799136985,0.0,-0.01343835455339839,0.0,0.0,0.0022318299392991574,0.02959668086456132,0.203125,26,22,
125,direction_normalised_deterioration,empirical_crypto__joint_crypto_high_correlation,,maximum_unresolved_tab_share,0,2,delay_2_minus_0,1,operational,128,0.0011598988497940146,0.0026110844541426957,-0.003957826680325668,0.0062776243799136985,0.0,-0.01343835455339839,0.0,0.0,0.0022318299392991574,0.02959668086456132,0.203125,26,22,
126,response_shape_classification,empirical_crypto__joint_crypto_high_correlation,,maximum_unresolved_tab_share,0,2,delay_2_minus_0,1,operational,128,0.0011598988497940146,0.0026110844541426957,-0.003957826680325668,0.0062776243799136985,0.0,-0.01343835455339839,0.0,0.0,0.0022318299392991574,0.02959668086456132,0.203125,26,22,no_delay_effect
127,raw_delay_contrast,empirical_crypto__joint_crypto_high_correlation,,terminal_unresolved_tab_share,0,1,delay_1_minus_0,1,degenerate,128,0.0,0.0,0.0,0.0,0.0,0.0,0.0,0.0,0.0,0.0,0.0,0,0,
128,direction_normalised_deterioration,empirical_crypto__joint_crypto_high_correlation,,terminal_unresolved_tab_share,0,1,delay_1_minus_0,1,degenerate,128,0.0,0.0,0.0,0.0,0.0,0.0,0.0,0.0,0.0,0.0,0.0,0,0,
129,raw_delay_contrast,empirical_crypto__joint_crypto_high_correlation,,terminal_unresolved_tab_share,1,2,delay_2_minus_1,1,degenerate,128,0.0,0.0,0.0,0.0,0.0,0.0,0.0,0.0,0.0,0.0,0.0,0,0,
130,direction_normalised_deterioration,empirical_crypto__joint_crypto_high_correlation,,terminal_unresolved_tab_share,1,2,delay_2_minus_1,1,degenerate,128,0.0,0.0,0.0,0.0,0.0,0.0,0.0,0.0,0.0,0.0,0.0,0,0,
131,raw_delay_contrast,empirical_crypto__joint_crypto_high_correlation,,terminal_unresolved_tab_share,0,2,delay_2_minus_0,1,degenerate,128,0.0,0.0,0.0,0.0,0.0,0.0,0.0,0.0,0.0,0.0,0.0,0,0,
132,direction_normalised_deterioration,empirical_crypto__joint_crypto_high_correlation,,terminal_unresolved_tab_share,0,2,delay_2_minus_0,1,degenerate,128,0.0,0.0,0.0,0.0,0.0,0.0,0.0,0.0,0.0,0.0,0.0,0,0,
133,response_shape_classification,empirical_crypto__joint_crypto_high_correlation,,terminal_unresolved_tab_share,0,2,delay_2_minus_0,1,degenerate,128,0.0,0.0,0.0,0.0,0.0,0.0,0.0,0.0,0.0,0.0,0.0,0,0,not_operational
134,raw_delay_contrast,empirical_crypto__joint_crypto_high_correlation,,liquidation_completion_ratio,0,1,delay_1_minus_0,1,operational,78,0.008868233423353997,0.01074943207775113,-0.012200653449038219,0.029937120295746213,0.0,-0.03359220369519002,0.0,2.3398262298801598e-06,0.04884471131740596,0.1475966578781448,0.34615384615384615,27,10,
135,direction_normalised_deterioration,empirical_crypto__joint_crypto_high_correlation,,liquidation_completion_ratio,0,1,delay_1_minus_0,-1,operational,78,-0.008868233423353997,0.01074943207775113,-0.029937120295746213,0.012200653449038219,0.0,-0.147596657878145,-2.3398262298801598e-06,-0.0,0.0012739372554296904,0.03359220369518966,0.1282051282051282,10,27,
136,raw_delay_contrast,empirical_crypto__joint_crypto_high_correlation,,liquidation_completion_ratio,1,2,delay_2_minus_1,1,operational,78,-0.004874228079004708,0.015857729069156844,-0.03595537705455212,0.026206920896542706,0.0,-0.012408232372778244,0.0,1.1102230246251565e-16,0.026801885527124807,0.11447496179011415,0.2948717948717949,23,17,
137,direction_normalised_deterioration,empirical_crypto__joint_crypto_high_correlation,,liquidation_completion_ratio,1,2,delay_2_minus_1,-1,operational,78,0.004874228079004708,0.015857729069156844,-0.026206920896542706,0.03595537705455212,0.0,-0.11447496179011471,-1.1102230246251565e-16,-0.0,9.015642684175787e-05,0.01240823237277818,0.21794871794871795,17,23,
138,raw_delay_contrast,empirical_crypto__joint_crypto_high_correlation,,liquidation_completion_ratio,0,2,delay_2_minus_0,1,operational,78,0.003994005344349289,0.013641276036979086,-0.02274289568812972,0.030730906376828293,0.0,-0.03611300789741692,0.0,2.8723863420565543e-06,0.04884471131740589,0.1475966578781446,0.38461538461538464,30,14,
139,direction_normalised_deterioration,empirical_crypto__joint_crypto_high_correlation,,liquidation_completion_ratio,0,2,delay_2_minus_0,-1,operational,78,-0.003994005344349289,0.013641276036979086,-0.030730906376828293,0.02274289568812972,0.0,-0.1475966578781448,-2.8723863420565543e-06,-0.0,0.0033847220528813293,0.03611300789741659,0.1794871794871795,14,30,
140,response_shape_classification,empirical_crypto__joint_crypto_high_correlation,,liquidation_completion_ratio,0,2,delay_2_minus_0,-1,operational,78,-0.003994005344349289,0.013641276036979086,-0.030730906376828293,0.02274289568812972,0.0,-0.1475966578781448,-2.8723863420565543e-06,-0.0,0.0033847220528813293,0.03611300789741659,0.1794871794871795,14,30,no_delay_effect
141,raw_delay_contrast,empirical_crypto__joint_crypto_high_correlation,,peak_eligible_tab_share,0,1,delay_1_minus_0,1,operational,128,-0.0002003700783803113,0.00038667616635547445,-0.0009582553644370412,0.0005575152076764186,0.0,-0.0015399008868748573,0.0,0.0,0.0,0.00010235147546925942,0.078125,10,22,
142,direction_normalised_deterioration,empirical_crypto__joint_crypto_high_correlation,,peak_eligible_tab_share,0,1,delay_1_minus_0,1,operational,128,-0.0002003700783803113,0.00038667616635547445,-0.0009582553644370412,0.0005575152076764186,0.0,-0.0015399008868748573,0.0,0.0,0.0,0.00010235147546925942,0.078125,10,22,
143,raw_delay_contrast,empirical_crypto__joint_crypto_high_correlation,,peak_eligible_tab_share,1,2,delay_2_minus_1,1,operational,128,0.000240908153213263,0.0004160359054235883,-0.0005745222214169701,0.001056338527843496,0.0,-0.0005233920885424256,0.0,0.0,0.0002223377047687407,0.0016449272664470064,0.1484375,19,10,
144,direction_normalised_deterioration,empirical_crypto__joint_crypto_high_correlation,,peak_eligible_tab_share,1,2,delay_2_minus_1,1,operational,128,0.000240908153213263,0.0004160359054235883,-0.0005745222214169701,0.001056338527843496,0.0,-0.0005233920885424256,0.0,0.0,0.0002223377047687407,0.0016449272664470064,0.1484375,19,10,
145,raw_delay_contrast,empirical_crypto__joint_crypto_high_correlation,,peak_eligible_tab_share,0,2,delay_2_minus_0,1,operational,128,4.053807483295164e-05,0.0004318547004222991,-0.0008058971379947546,0.000886973287660658,0.0,-0.0020318881722113788,0.0,0.0,0.00010764141225478318,0.0005966233837975203,0.125,16,20,
146,direction_normalised_deterioration,empirical_crypto__joint_crypto_high_correlation,,peak_eligible_tab_share,0,2,delay_2_minus_0,1,operational,128,4.053807483295164e-05,0.0004318547004222991,-0.0008058971379947546,0.000886973287660658,0.0,-0.0020318881722113788,0.0,0.0,0.00010764141225478318,0.0005966233837975203,0.125,16,20,
147,response_shape_classification,empirical_crypto__joint_crypto_high_correlation,,peak_eligible_tab_share,0,2,delay_2_minus_0,1,operational,128,4.053807483295164e-05,0.0004318547004222991,-0.0008058971379947546,0.000886973287660658,0.0,-0.0020318881722113788,0.0,0.0,0.00010764141225478318,0.0005966233837975203,0.125,16,20,no_delay_effect
148,raw_delay_contrast,empirical_crypto__joint_crypto_high_correlation,,peak_new_eligible_tab_share,0,1,delay_1_minus_0,1,operational,128,-3.713174325322186e-06,3.855633298817944e-06,-1.1270215591005357e-05,3.843866940360985e-06,0.0,0.0,0.0,0.0,0.0,0.0,0.0078125,1,2,
149,direction_normalised_deterioration,empirical_crypto__joint_crypto_high_correlation,,peak_new_eligible_tab_share,0,1,delay_1_minus_0,1,operational,128,-3.713174325322186e-06,3.855633298817944e-06,-1.1270215591005357e-05,3.843866940360985e-06,0.0,0.0,0.0,0.0,0.0,0.0,0.0078125,1,2,
150,raw_delay_contrast,empirical_crypto__joint_crypto_high_correlation,,peak_new_eligible_tab_share,1,2,delay_2_minus_1,1,operational,128,1.4463595481832654e-06,1.3030639693557038e-06,-1.107645831753914e-06,4.000364928120444e-06,0.0,0.0,0.0,0.0,0.0,0.0,0.015625,2,1,
151,direction_normalised_deterioration,empirical_crypto__joint_crypto_high_correlation,,peak_new_eligible_tab_share,1,2,delay_2_minus_1,1,operational,128,1.4463595481832654e-06,1.3030639693557038e-06,-1.107645831753914e-06,4.000364928120444e-06,0.0,0.0,0.0,0.0,0.0,0.0,0.015625,2,1,
152,raw_delay_contrast,empirical_crypto__joint_crypto_high_correlation,,peak_new_eligible_tab_share,0,2,delay_2_minus_0,1,operational,128,-2.2668147771389208e-06,4.408568721325463e-06,-1.0907609470936829e-05,6.373979916658987e-06,0.0,0.0,0.0,0.0,0.0,0.0,0.015625,2,2,
153,direction_normalised_deterioration,empirical_crypto__joint_crypto_high_correlation,,peak_new_eligible_tab_share,0,2,delay_2_minus_0,1,operational,128,-2.2668147771389208e-06,4.408568721325463e-06,-1.0907609470936829e-05,6.373979916658987e-06,0.0,0.0,0.0,0.0,0.0,0.0,0.015625,2,2,
154,response_shape_classification,empirical_crypto__joint_crypto_high_correlation,,peak_new_eligible_tab_share,0,2,delay_2_minus_0,1,operational,128,-2.2668147771389208e-06,4.408568721325463e-06,-1.0907609470936829e-05,6.373979916658987e-06,0.0,0.0,0.0,0.0,0.0,0.0,0.015625,2,2,no_delay_effect
155,raw_delay_contrast,empirical_crypto__joint_crypto_high_correlation,,peak_selected_attempts,0,1,delay_1_minus_0,1,operational,128,-0.109375,0.15734727902175868,-0.417775666882647,0.199025666882647,0.0,-2.6499999999999995,0.0,0.0,1.0,2.0,0.140625,18,12,
156,direction_normalised_deterioration,empirical_crypto__joint_crypto_high_correlation,,peak_selected_attempts,0,1,delay_1_minus_0,1,operational,128,-0.109375,0.15734727902175868,-0.417775666882647,0.199025666882647,0.0,-2.6499999999999995,0.0,0.0,1.0,2.0,0.140625,18,12,
157,raw_delay_contrast,empirical_crypto__joint_crypto_high_correlation,,peak_selected_attempts,1,2,delay_2_minus_1,1,operational,128,0.203125,0.11111869352272302,-0.014667639304537128,0.42091763930453713,0.0,-1.0,0.0,0.0,1.2999999999999972,3.0,0.1640625,21,16,
158,direction_normalised_deterioration,empirical_crypto__joint_crypto_high_correlation,,peak_selected_attempts,1,2,delay_2_minus_1,1,operational,128,0.203125,0.11111869352272302,-0.014667639304537128,0.42091763930453713,0.0,-1.0,0.0,0.0,1.2999999999999972,3.0,0.1640625,21,16,
159,raw_delay_contrast,empirical_crypto__joint_crypto_high_correlation,,peak_selected_attempts,0,2,delay_2_minus_0,1,operational,128,0.09375,0.18105304259327834,-0.26111396348282556,0.44861396348282556,0.0,-2.6499999999999995,0.0,0.0,2.0,3.0,0.2109375,27,19,
160,direction_normalised_deterioration,empirical_crypto__joint_crypto_high_correlation,,peak_selected_attempts,0,2,delay_2_minus_0,1,operational,128,0.09375,0.18105304259327834,-0.26111396348282556,0.44861396348282556,0.0,-2.6499999999999995,0.0,0.0,2.0,3.0,0.2109375,27,19,
161,response_shape_classification,empirical_crypto__joint_crypto_high_correlation,,peak_selected_attempts,0,2,delay_2_minus_0,1,operational,128,0.09375,0.18105304259327834,-0.26111396348282556,0.44861396348282556,0.0,-2.6499999999999995,0.0,0.0,2.0,3.0,0.2109375,27,19,no_delay_effect
162,raw_delay_contrast,empirical_crypto__joint_crypto_high_correlation,,peak_successful_closures,0,1,delay_1_minus_0,1,operational,128,-0.109375,0.13181910503326766,-0.3677404458652046,0.1489904458652046,0.0,-2.299999999999999,0.0,0.0,1.0,1.6499999999999915,0.1328125,17,12,
163,direction_normalised_deterioration,empirical_crypto__joint_crypto_high_correlation,,peak_successful_closures,0,1,delay_1_minus_0,1,operational,128,-0.109375,0.13181910503326766,-0.3677404458652046,0.1489904458652046,0.0,-2.299999999999999,0.0,0.0,1.0,1.6499999999999915,0.1328125,17,12,
164,raw_delay_contrast,empirical_crypto__joint_crypto_high_correlation,,peak_successful_closures,1,2,delay_2_minus_1,1,operational,128,0.1171875,0.10789520250307301,-0.0942870969060231,0.3286620969060231,0.0,-2.0,0.0,0.0,1.0,2.6499999999999915,0.1640625,21,17,
165,direction_normalised_deterioration,empirical_crypto__joint_crypto_high_correlation,,peak_successful_closures,1,2,delay_2_minus_1,1,operational,128,0.1171875,0.10789520250307301,-0.0942870969060231,0.3286620969060231,0.0,-2.0,0.0,0.0,1.0,2.6499999999999915,0.1640625,21,17,
166,raw_delay_contrast,empirical_crypto__joint_crypto_high_correlation,,peak_successful_closures,0,2,delay_2_minus_0,1,operational,128,0.0078125,0.1590046912803625,-0.3038366949095105,0.3194616949095105,0.0,-2.6499999999999995,0.0,0.0,2.0,2.0,0.1796875,23,19,
167,direction_normalised_deterioration,empirical_crypto__joint_crypto_high_correlation,,peak_successful_closures,0,2,delay_2_minus_0,1,operational,128,0.0078125,0.1590046912803625,-0.3038366949095105,0.3194616949095105,0.0,-2.6499999999999995,0.0,0.0,2.0,2.0,0.1796875,23,19,
168,response_shape_classification,empirical_crypto__joint_crypto_high_correlation,,peak_successful_closures,0,2,delay_2_minus_0,1,operational,128,0.0078125,0.1590046912803625,-0.3038366949095105,0.3194616949095105,0.0,-2.6499999999999995,0.0,0.0,2.0,2.0,0.1796875,23,19,no_delay_effect
169,raw_delay_contrast,empirical_crypto__joint_crypto_high_correlation,,hours_for_half_eligible_tab,0,1,delay_1_minus_0,1,operational,128,0.0,0.0,0.0,0.0,0.0,0.0,0.0,0.0,0.0,0.0,0.0,0,0,
170,direction_normalised_deterioration,empirical_crypto__joint_crypto_high_correlation,,hours_for_half_eligible_tab,0,1,delay_1_minus_0,1,operational,128,0.0,0.0,0.0,0.0,0.0,0.0,0.0,0.0,0.0,0.0,0.0,0,0,
171,raw_delay_contrast,empirical_crypto__joint_crypto_high_correlation,,hours_for_half_eligible_tab,1,2,delay_2_minus_1,1,operational,128,0.0,0.0,0.0,0.0,0.0,0.0,0.0,0.0,0.0,0.0,0.0,0,0,
172,direction_normalised_deterioration,empirical_crypto__joint_crypto_high_correlation,,hours_for_half_eligible_tab,1,2,delay_2_minus_1,1,operational,128,0.0,0.0,0.0,0.0,0.0,0.0,0.0,0.0,0.0,0.0,0.0,0,0,
173,raw_delay_contrast,empirical_crypto__joint_crypto_high_correlation,,hours_for_half_eligible_tab,0,2,delay_2_minus_0,1,operational,128,0.0,0.0,0.0,0.0,0.0,0.0,0.0,0.0,0.0,0.0,0.0,0,0,
174,direction_normalised_deterioration,empirical_crypto__joint_crypto_high_correlation,,hours_for_half_eligible_tab,0,2,delay_2_minus_0,1,operational,128,0.0,0.0,0.0,0.0,0.0,0.0,0.0,0.0,0.0,0.0,0.0,0,0,
175,response_shape_classification,empirical_crypto__joint_crypto_high_correlation,,hours_for_half_eligible_tab,0,2,delay_2_minus_0,1,operational,128,0.0,0.0,0.0,0.0,0.0,0.0,0.0,0.0,0.0,0.0,0.0,0,0,no_delay_effect
176,raw_delay_contrast,empirical_crypto__joint_crypto_high_correlation,,five_busiest_eligible_tab_share,0,1,delay_1_minus_0,1,operational,128,-5.903653592276466e-05,4.3244368055941195e-05,-0.0001437954973124094,2.572242546688008e-05,0.0,0.0,0.0,0.0,0.0,0.0,0.0078125,1,3,
177,direction_normalised_deterioration,empirical_crypto__joint_crypto_high_correlation,,five_busiest_eligible_tab_share,0,1,delay_1_minus_0,1,operational,128,-5.903653592276466e-05,4.3244368055941195e-05,-0.0001437954973124094,2.572242546688008e-05,0.0,0.0,0.0,0.0,0.0,0.0,0.0078125,1,3,
178,raw_delay_contrast,empirical_crypto__joint_crypto_high_correlation,,five_busiest_eligible_tab_share,1,2,delay_2_minus_1,1,operational,128,8.599988436293511e-06,1.2119176454948858e-05,-1.515359741540625e-05,3.235357428799327e-05,0.0,0.0,0.0,0.0,0.0,0.0,0.015625,2,1,
179,direction_normalised_deterioration,empirical_crypto__joint_crypto_high_correlation,,five_busiest_eligible_tab_share,1,2,delay_2_minus_1,1,operational,128,8.599988436293511e-06,1.2119176454948858e-05,-1.515359741540625e-05,3.235357428799327e-05,0.0,0.0,0.0,0.0,0.0,0.0,0.015625,2,1,
180,raw_delay_contrast,empirical_crypto__joint_crypto_high_correlation,,five_busiest_eligible_tab_share,0,2,delay_2_minus_0,1,operational,128,-5.0436547486471146e-05,4.3476526805248406e-05,-0.000135650540024758,3.477744505181572e-05,0.0,0.0,0.0,0.0,0.0,0.0,0.0078125,1,3,
181,direction_normalised_deterioration,empirical_crypto__joint_crypto_high_correlation,,five_busiest_eligible_tab_share,0,2,delay_2_minus_0,1,operational,128,-5.0436547486471146e-05,4.3476526805248406e-05,-0.000135650540024758,3.477744505181572e-05,0.0,0.0,0.0,0.0,0.0,0.0,0.0078125,1,3,
182,response_shape_classification,empirical_crypto__joint_crypto_high_correlation,,five_busiest_eligible_tab_share,0,2,delay_2_minus_0,1,operational,128,-5.0436547486471146e-05,4.3476526805248406e-05,-0.000135650540024758,3.477744505181572e-05,0.0,0.0,0.0,0.0,0.0,0.0,0.0078125,1,3,no_delay_effect
183,raw_delay_contrast,empirical_crypto__joint_crypto_high_correlation,,capacity_binding_hours,0,1,delay_1_minus_0,1,degenerate,128,0.0,0.0,0.0,0.0,0.0,0.0,0.0,0.0,0.0,0.0,0.0,0,0,
184,direction_normalised_deterioration,empirical_crypto__joint_crypto_high_correlation,,capacity_binding_hours,0,1,delay_1_minus_0,1,degenerate,128,0.0,0.0,0.0,0.0,0.0,0.0,0.0,0.0,0.0,0.0,0.0,0,0,
185,raw_delay_contrast,empirical_crypto__joint_crypto_high_correlation,,capacity_binding_hours,1,2,delay_2_minus_1,1,degenerate,128,0.0,0.0,0.0,0.0,0.0,0.0,0.0,0.0,0.0,0.0,0.0,0,0,
186,direction_normalised_deterioration,empirical_crypto__joint_crypto_high_correlation,,capacity_binding_hours,1,2,delay_2_minus_1,1,degenerate,128,0.0,0.0,0.0,0.0,0.0,0.0,0.0,0.0,0.0,0.0,0.0,0,0,
187,raw_delay_contrast,empirical_crypto__joint_crypto_high_correlation,,capacity_binding_hours,0,2,delay_2_minus_0,1,degenerate,128,0.0,0.0,0.0,0.0,0.0,0.0,0.0,0.0,0.0,0.0,0.0,0,0,
188,direction_normalised_deterioration,empirical_crypto__joint_crypto_high_correlation,,capacity_binding_hours,0,2,delay_2_minus_0,1,degenerate,128,0.0,0.0,0.0,0.0,0.0,0.0,0.0,0.0,0.0,0.0,0.0,0,0,
189,response_shape_classification,empirical_crypto__joint_crypto_high_correlation,,capacity_binding_hours,0,2,delay_2_minus_0,1,degenerate,128,0.0,0.0,0.0,0.0,0.0,0.0,0.0,0.0,0.0,0.0,0.0,0,0,not_operational
190,raw_delay_contrast,empirical_crypto__joint_crypto_high_correlation,,capacity_rejected_opportunity_count,0,1,delay_1_minus_0,1,degenerate,128,0.0,0.0,0.0,0.0,0.0,0.0,0.0,0.0,0.0,0.0,0.0,0,0,
191,direction_normalised_deterioration,empirical_crypto__joint_crypto_high_correlation,,capacity_rejected_opportunity_count,0,1,delay_1_minus_0,1,degenerate,128,0.0,0.0,0.0,0.0,0.0,0.0,0.0,0.0,0.0,0.0,0.0,0,0,
192,raw_delay_contrast,empirical_crypto__joint_crypto_high_correlation,,capacity_rejected_opportunity_count,1,2,delay_2_minus_1,1,degenerate,128,0.0,0.0,0.0,0.0,0.0,0.0,0.0,0.0,0.0,0.0,0.0,0,0,
193,direction_normalised_deterioration,empirical_crypto__joint_crypto_high_correlation,,capacity_rejected_opportunity_count,1,2,delay_2_minus_1,1,degenerate,128,0.0,0.0,0.0,0.0,0.0,0.0,0.0,0.0,0.0,0.0,0.0,0,0,
194,raw_delay_contrast,empirical_crypto__joint_crypto_high_correlation,,capacity_rejected_opportunity_count,0,2,delay_2_minus_0,1,degenerate,128,0.0,0.0,0.0,0.0,0.0,0.0,0.0,0.0,0.0,0.0,0.0,0,0,
195,direction_normalised_deterioration,empirical_crypto__joint_crypto_high_correlation,,capacity_rejected_opportunity_count,0,2,delay_2_minus_0,1,degenerate,128,0.0,0.0,0.0,0.0,0.0,0.0,0.0,0.0,0.0,0.0,0.0,0,0,
196,response_shape_classification,empirical_crypto__joint_crypto_high_correlation,,capacity_rejected_opportunity_count,0,2,delay_2_minus_0,1,degenerate,128,0.0,0.0,0.0,0.0,0.0,0.0,0.0,0.0,0.0,0.0,0.0,0,0,not_operational
197,raw_delay_contrast,empirical_crypto__joint_crypto_high_correlation,,successful_closure_count,0,1,delay_1_minus_0,1,operational,128,0.15625,0.10192385367919964,-0.04352075321123128,0.3560207532112313,0.0,-0.6499999999999995,0.0,0.0,1.0,2.0,0.1484375,19,7,
198,direction_normalised_deterioration,empirical_crypto__joint_crypto_high_correlation,,successful_closure_count,0,1,delay_1_minus_0,1,operational,128,0.15625,0.10192385367919964,-0.04352075321123128,0.3560207532112313,0.0,-0.6499999999999995,0.0,0.0,1.0,2.0,0.1484375,19,7,
199,raw_delay_contrast,empirical_crypto__joint_crypto_high_correlation,,successful_closure_count,1,2,delay_2_minus_1,1,operational,128,0.0859375,0.0998444556476364,-0.10975763306936734,0.28163263306936737,0.0,-1.6499999999999995,0.0,0.0,1.0,2.0,0.1171875,15,9,
200,direction_normalised_deterioration,empirical_crypto__joint_crypto_high_correlation,,successful_closure_count,1,2,delay_2_minus_1,1,operational,128,0.0859375,0.0998444556476364,-0.10975763306936734,0.28163263306936737,0.0,-1.6499999999999995,0.0,0.0,1.0,2.0,0.1171875,15,9,
201,raw_delay_contrast,empirical_crypto__joint_crypto_high_correlation,,successful_closure_count,0,2,delay_2_minus_0,1,operational,128,0.2421875,0.11566846849971213,0.01547730174056422,0.4688976982594358,0.0,-1.0,0.0,0.0,1.0,3.0,0.140625,18,9,
202,direction_normalised_deterioration,empirical_crypto__joint_crypto_high_correlation,,successful_closure_count,0,2,delay_2_minus_0,1,operational,128,0.2421875,0.11566846849971213,0.01547730174056422,0.4688976982594358,0.0,-1.0,0.0,0.0,1.0,3.0,0.140625,18,9,
203,response_shape_classification,empirical_crypto__joint_crypto_high_correlation,,successful_closure_count,0,2,delay_2_minus_0,1,operational,128,0.2421875,0.11566846849971213,0.01547730174056422,0.4688976982594358,0.0,-1.0,0.0,0.0,1.0,3.0,0.140625,18,9,threshold_deterioration
204,raw_delay_contrast,empirical_crypto__joint_crypto_high_correlation,,liquidated_debt_share,0,1,delay_1_minus_0,1,operational,128,1.3064522636082194e-05,0.0003113508617769042,-0.00059718316644665,0.0006233122117188145,0.0,-0.0001207697120931774,0.0,0.0,0.0006094084059737299,0.001711043553430994,0.203125,26,12,
205,direction_normalised_deterioration,empirical_crypto__joint_crypto_high_correlation,,liquidated_debt_share,0,1,delay_1_minus_0,1,operational,128,1.3064522636082194e-05,0.0003113508617769042,-0.00059718316644665,0.0006233122117188145,0.0,-0.0001207697120931774,0.0,0.0,0.0006094084059737299,0.001711043553430994,0.203125,26,12,
206,raw_delay_contrast,empirical_crypto__joint_crypto_high_correlation,,liquidated_debt_share,1,2,delay_2_minus_1,1,operational,128,-0.0001431137065204713,0.0004963256845745933,-0.0011159120482866743,0.0008296846352457317,0.0,-0.00021608672128414156,0.0,0.0,5.994287436132373e-05,0.00020591007150381381,0.1875,24,17,
207,direction_normalised_deterioration,empirical_crypto__joint_crypto_high_correlation,,liquidated_debt_share,1,2,delay_2_minus_1,1,operational,128,-0.0001431137065204713,0.0004963256845745933,-0.0011159120482866743,0.0008296846352457317,0.0,-0.00021608672128414156,0.0,0.0,5.994287436132373e-05,0.00020591007150381381,0.1875,24,17,
208,raw_delay_contrast,empirical_crypto__joint_crypto_high_correlation,,liquidated_debt_share,0,2,delay_2_minus_0,1,operational,128,-0.0001300491838843892,0.00041540360954429374,-0.0009442402585912049,0.0006841418908224265,0.0,-0.00024748213383009294,0.0,0.0,0.0002869161872059681,0.0018874308827561911,0.2109375,27,16,
209,direction_normalised_deterioration,empirical_crypto__joint_crypto_high_correlation,,liquidated_debt_share,0,2,delay_2_minus_0,1,operational,128,-0.0001300491838843892,0.00041540360954429374,-0.0009442402585912049,0.0006841418908224265,0.0,-0.00024748213383009294,0.0,0.0,0.0002869161872059681,0.0018874308827561911,0.2109375,27,16,
210,response_shape_classification,empirical_crypto__joint_crypto_high_correlation,,liquidated_debt_share,0,2,delay_2_minus_0,1,operational,128,-0.0001300491838843892,0.00041540360954429374,-0.0009442402585912049,0.0006841418908224265,0.0,-0.00024748213383009294,0.0,0.0,0.0002869161872059681,0.0018874308827561911,0.2109375,27,16,no_delay_effect
211,raw_delay_contrast,empirical_crypto__joint_crypto_high_correlation,,debt_weighted_liquidated_vault_share,0,1,delay_1_minus_0,1,operational,128,1.306452263608176e-05,0.0003113508617769043,-0.0005971831664466506,0.0006233122117188141,0.0,-0.0001207697120931774,0.0,0.0,0.0006094084059737213,0.001711043553430994,0.1640625,21,9,
212,direction_normalised_deterioration,empirical_crypto__joint_crypto_high_correlation,,debt_weighted_liquidated_vault_share,0,1,delay_1_minus_0,1,operational,128,1.306452263608176e-05,0.0003113508617769043,-0.0005971831664466506,0.0006233122117188141,0.0,-0.0001207697120931774,0.0,0.0,0.0006094084059737213,0.001711043553430994,0.1640625,21,9,
213,raw_delay_contrast,empirical_crypto__joint_crypto_high_correlation,,debt_weighted_liquidated_vault_share,1,2,delay_2_minus_1,1,operational,128,-0.0001431137065204706,0.0004963256845745932,-0.0011159120482866734,0.0008296846352457321,0.0,-0.00021608672128412216,0.0,0.0,5.994287436132373e-05,0.00020591007150381381,0.1171875,15,9,
214,direction_normalised_deterioration,empirical_crypto__joint_crypto_high_correlation,,debt_weighted_liquidated_vault_share,1,2,delay_2_minus_1,1,operational,128,-0.0001431137065204706,0.0004963256845745932,-0.0011159120482866734,0.0008296846352457321,0.0,-0.00021608672128412216,0.0,0.0,5.994287436132373e-05,0.00020591007150381381,0.1171875,15,9,
215,raw_delay_contrast,empirical_crypto__joint_crypto_high_correlation,,debt_weighted_liquidated_vault_share,0,2,delay_2_minus_0,1,operational,128,-0.0001300491838843888,0.00041540360954429374,-0.0009442402585912045,0.000684141890822427,0.0,-0.0002474821338300913,0.0,0.0,0.0002869161872059487,0.0018874308827561924,0.15625,20,10,
216,direction_normalised_deterioration,empirical_crypto__joint_crypto_high_correlation,,debt_weighted_liquidated_vault_share,0,2,delay_2_minus_0,1,operational,128,-0.0001300491838843888,0.00041540360954429374,-0.0009442402585912045,0.000684141890822427,0.0,-0.0002474821338300913,0.0,0.0,0.0002869161872059487,0.0018874308827561924,0.15625,20,10,
217,response_shape_classification,empirical_crypto__joint_crypto_high_correlation,,debt_weighted_liquidated_vault_share,0,2,delay_2_minus_0,1,operational,128,-0.0001300491838843888,0.00041540360954429374,-0.0009442402585912045,0.000684141890822427,0.0,-0.0002474821338300913,0.0,0.0,0.0002869161872059487,0.0018874308827561924,0.15625,20,10,no_delay_effect
218,raw_delay_contrast,empirical_crypto__joint_crypto_high_correlation,,realised_bad_debt_share,0,1,delay_1_minus_0,1,degenerate,128,6.135842889447375e-20,6.135842889447373e-20,-5.890409173869477e-20,1.8162094952764226e-19,0.0,0.0,0.0,0.0,0.0,0.0,0.0078125,1,0,
219,direction_normalised_deterioration,empirical_crypto__joint_crypto_high_correlation,,realised_bad_debt_share,0,1,delay_1_minus_0,1,degenerate,128,6.135842889447375e-20,6.135842889447373e-20,-5.890409173869477e-20,1.8162094952764226e-19,0.0,0.0,0.0,0.0,0.0,0.0,0.0078125,1,0,
220,raw_delay_contrast,empirical_crypto__joint_crypto_high_correlation,,realised_bad_debt_share,1,2,delay_2_minus_1,1,degenerate,128,-6.135842889447375e-20,6.135842889447373e-20,-1.8162094952764226e-19,5.890409173869477e-20,0.0,0.0,0.0,0.0,0.0,0.0,0.0,0,1,
221,direction_normalised_deterioration,empirical_crypto__joint_crypto_high_correlation,,realised_bad_debt_share,1,2,delay_2_minus_1,1,degenerate,128,-6.135842889447375e-20,6.135842889447373e-20,-1.8162094952764226e-19,5.890409173869477e-20,0.0,0.0,0.0,0.0,0.0,0.0,0.0,0,1,
222,raw_delay_contrast,empirical_crypto__joint_crypto_high_correlation,,realised_bad_debt_share,0,2,delay_2_minus_0,1,degenerate,128,0.0,0.0,0.0,0.0,0.0,0.0,0.0,0.0,0.0,0.0,0.0,0,0,
223,direction_normalised_deterioration,empirical_crypto__joint_crypto_high_correlation,,realised_bad_debt_share,0,2,delay_2_minus_0,1,degenerate,128,0.0,0.0,0.0,0.0,0.0,0.0,0.0,0.0,0.0,0.0,0.0,0,0,
224,response_shape_classification,empirical_crypto__joint_crypto_high_correlation,,realised_bad_debt_share,0,2,delay_2_minus_0,1,degenerate,128,0.0,0.0,0.0,0.0,0.0,0.0,0.0,0.0,0.0,0.0,0.0,0,0,not_operational
225,raw_delay_contrast,empirical_crypto__joint_crypto_high_correlation,,positive_realised_bad_debt,0,1,delay_1_minus_0,1,degenerate,128,0.0,0.0,0.0,0.0,0.0,0.0,0.0,0.0,0.0,0.0,0.0,0,0,
226,direction_normalised_deterioration,empirical_crypto__joint_crypto_high_correlation,,positive_realised_bad_debt,0,1,delay_1_minus_0,1,degenerate,128,0.0,0.0,0.0,0.0,0.0,0.0,0.0,0.0,0.0,0.0,0.0,0,0,
227,raw_delay_contrast,empirical_crypto__joint_crypto_high_correlation,,positive_realised_bad_debt,1,2,delay_2_minus_1,1,degenerate,128,0.0,0.0,0.0,0.0,0.0,0.0,0.0,0.0,0.0,0.0,0.0,0,0,
228,direction_normalised_deterioration,empirical_crypto__joint_crypto_high_correlation,,positive_realised_bad_debt,1,2,delay_2_minus_1,1,degenerate,128,0.0,0.0,0.0,0.0,0.0,0.0,0.0,0.0,0.0,0.0,0.0,0,0,
229,raw_delay_contrast,empirical_crypto__joint_crypto_high_correlation,,positive_realised_bad_debt,0,2,delay_2_minus_0,1,degenerate,128,0.0,0.0,0.0,0.0,0.0,0.0,0.0,0.0,0.0,0.0,0.0,0,0,
230,direction_normalised_deterioration,empirical_crypto__joint_crypto_high_correlation,,positive_realised_bad_debt,0,2,delay_2_minus_0,1,degenerate,128,0.0,0.0,0.0,0.0,0.0,0.0,0.0,0.0,0.0,0.0,0.0,0,0,
231,response_shape_classification,empirical_crypto__joint_crypto_high_correlation,,positive_realised_bad_debt,0,2,delay_2_minus_0,1,degenerate,128,0.0,0.0,0.0,0.0,0.0,0.0,0.0,0.0,0.0,0.0,0.0,0,0,not_operational
232,raw_delay_contrast,empirical_crypto__joint_crypto_high_correlation,,terminal_active_bad_debt_share,0,1,delay_1_minus_0,1,degenerate,128,0.0,0.0,0.0,0.0,0.0,0.0,0.0,0.0,0.0,0.0,0.0,0,0,
233,direction_normalised_deterioration,empirical_crypto__joint_crypto_high_correlation,,terminal_active_bad_debt_share,0,1,delay_1_minus_0,1,degenerate,128,0.0,0.0,0.0,0.0,0.0,0.0,0.0,0.0,0.0,0.0,0.0,0,0,
234,raw_delay_contrast,empirical_crypto__joint_crypto_high_correlation,,terminal_active_bad_debt_share,1,2,delay_2_minus_1,1,degenerate,128,0.0,0.0,0.0,0.0,0.0,0.0,0.0,0.0,0.0,0.0,0.0,0,0,
235,direction_normalised_deterioration,empirical_crypto__joint_crypto_high_correlation,,terminal_active_bad_debt_share,1,2,delay_2_minus_1,1,degenerate,128,0.0,0.0,0.0,0.0,0.0,0.0,0.0,0.0,0.0,0.0,0.0,0,0,
236,raw_delay_contrast,empirical_crypto__joint_crypto_high_correlation,,terminal_active_bad_debt_share,0,2,delay_2_minus_0,1,degenerate,128,0.0,0.0,0.0,0.0,0.0,0.0,0.0,0.0,0.0,0.0,0.0,0,0,
237,direction_normalised_deterioration,empirical_crypto__joint_crypto_high_correlation,,terminal_active_bad_debt_share,0,2,delay_2_minus_0,1,degenerate,128,0.0,0.0,0.0,0.0,0.0,0.0,0.0,0.0,0.0,0.0,0.0,0,0,
238,response_shape_classification,empirical_crypto__joint_crypto_high_correlation,,terminal_active_bad_debt_share,0,2,delay_2_minus_0,1,degenerate,128,0.0,0.0,0.0,0.0,0.0,0.0,0.0,0.0,0.0,0.0,0.0,0,0,not_operational
239,raw_delay_contrast,empirical_crypto__joint_crypto_high_correlation,,below_peg_burden,0,1,delay_1_minus_0,1,operational,128,0.0,0.0,0.0,0.0,0.0,0.0,0.0,0.0,0.0,0.0,0.0,0,0,
240,direction_normalised_deterioration,empirical_crypto__joint_crypto_high_correlation,,below_peg_burden,0,1,delay_1_minus_0,1,operational,128,0.0,0.0,0.0,0.0,0.0,0.0,0.0,0.0,0.0,0.0,0.0,0,0,
241,raw_delay_contrast,empirical_crypto__joint_crypto_high_correlation,,below_peg_burden,1,2,delay_2_minus_1,1,operational,128,0.0,0.0,0.0,0.0,0.0,0.0,0.0,0.0,0.0,0.0,0.0,0,0,
242,direction_normalised_deterioration,empirical_crypto__joint_crypto_high_correlation,,below_peg_burden,1,2,delay_2_minus_1,1,operational,128,0.0,0.0,0.0,0.0,0.0,0.0,0.0,0.0,0.0,0.0,0.0,0,0,
243,raw_delay_contrast,empirical_crypto__joint_crypto_high_correlation,,below_peg_burden,0,2,delay_2_minus_0,1,operational,128,0.0,0.0,0.0,0.0,0.0,0.0,0.0,0.0,0.0,0.0,0.0,0,0,
244,direction_normalised_deterioration,empirical_crypto__joint_crypto_high_correlation,,below_peg_burden,0,2,delay_2_minus_0,1,operational,128,0.0,0.0,0.0,0.0,0.0,0.0,0.0,0.0,0.0,0.0,0.0,0,0,
245,response_shape_classification,empirical_crypto__joint_crypto_high_correlation,,below_peg_burden,0,2,delay_2_minus_0,1,operational,128,0.0,0.0,0.0,0.0,0.0,0.0,0.0,0.0,0.0,0.0,0.0,0,0,no_delay_effect
246,raw_delay_contrast,empirical_crypto__joint_crypto_high_correlation,,mean_absolute_peg_deviation,0,1,delay_1_minus_0,1,operational,128,0.0,0.0,0.0,0.0,0.0,0.0,0.0,0.0,0.0,0.0,0.0,0,0,
247,direction_normalised_deterioration,empirical_crypto__joint_crypto_high_correlation,,mean_absolute_peg_deviation,0,1,delay_1_minus_0,1,operational,128,0.0,0.0,0.0,0.0,0.0,0.0,0.0,0.0,0.0,0.0,0.0,0,0,
248,raw_delay_contrast,empirical_crypto__joint_crypto_high_correlation,,mean_absolute_peg_deviation,1,2,delay_2_minus_1,1,operational,128,0.0,0.0,0.0,0.0,0.0,0.0,0.0,0.0,0.0,0.0,0.0,0,0,
249,direction_normalised_deterioration,empirical_crypto__joint_crypto_high_correlation,,mean_absolute_peg_deviation,1,2,delay_2_minus_1,1,operational,128,0.0,0.0,0.0,0.0,0.0,0.0,0.0,0.0,0.0,0.0,0.0,0,0,
250,raw_delay_contrast,empirical_crypto__joint_crypto_high_correlation,,mean_absolute_peg_deviation,0,2,delay_2_minus_0,1,operational,128,0.0,0.0,0.0,0.0,0.0,0.0,0.0,0.0,0.0,0.0,0.0,0,0,
251,direction_normalised_deterioration,empirical_crypto__joint_crypto_high_correlation,,mean_absolute_peg_deviation,0,2,delay_2_minus_0,1,operational,128,0.0,0.0,0.0,0.0,0.0,0.0,0.0,0.0,0.0,0.0,0.0,0,0,
252,response_shape_classification,empirical_crypto__joint_crypto_high_correlation,,mean_absolute_peg_deviation,0,2,delay_2_minus_0,1,operational,128,0.0,0.0,0.0,0.0,0.0,0.0,0.0,0.0,0.0,0.0,0.0,0,0,no_delay_effect
253,raw_delay_contrast,empirical_crypto__joint_crypto_high_correlation,,minimum_dai_price,0,1,delay_1_minus_0,1,operational,128,0.0,0.0,0.0,0.0,0.0,0.0,0.0,0.0,0.0,0.0,0.0,0,0,
254,direction_normalised_deterioration,empirical_crypto__joint_crypto_high_correlation,,minimum_dai_price,0,1,delay_1_minus_0,-1,operational,128,0.0,0.0,0.0,0.0,0.0,0.0,-0.0,0.0,0.0,-0.0,0.0,0,0,
255,raw_delay_contrast,empirical_crypto__joint_crypto_high_correlation,,minimum_dai_price,1,2,delay_2_minus_1,1,operational,128,0.0,0.0,0.0,0.0,0.0,0.0,0.0,0.0,0.0,0.0,0.0,0,0,
256,direction_normalised_deterioration,empirical_crypto__joint_crypto_high_correlation,,minimum_dai_price,1,2,delay_2_minus_1,-1,operational,128,0.0,0.0,0.0,0.0,0.0,0.0,-0.0,0.0,0.0,-0.0,0.0,0,0,
257,raw_delay_contrast,empirical_crypto__joint_crypto_high_correlation,,minimum_dai_price,0,2,delay_2_minus_0,1,operational,128,0.0,0.0,0.0,0.0,0.0,0.0,0.0,0.0,0.0,0.0,0.0,0,0,
258,direction_normalised_deterioration,empirical_crypto__joint_crypto_high_correlation,,minimum_dai_price,0,2,delay_2_minus_0,-1,operational,128,0.0,0.0,0.0,0.0,0.0,0.0,-0.0,0.0,0.0,-0.0,0.0,0,0,
259,response_shape_classification,empirical_crypto__joint_crypto_high_correlation,,minimum_dai_price,0,2,delay_2_minus_0,-1,operational,128,0.0,0.0,0.0,0.0,0.0,0.0,-0.0,0.0,0.0,-0.0,0.0,0,0,no_delay_effect
260,raw_delay_contrast,empirical_crypto__joint_crypto_high_correlation,,restricted_mean_recovery_time,0,1,delay_1_minus_0,1,operational,128,0.0,0.0,0.0,0.0,0.0,0.0,0.0,0.0,0.0,0.0,0.0,0,0,
261,direction_normalised_deterioration,empirical_crypto__joint_crypto_high_correlation,,restricted_mean_recovery_time,0,1,delay_1_minus_0,1,operational,128,0.0,0.0,0.0,0.0,0.0,0.0,0.0,0.0,0.0,0.0,0.0,0,0,
262,raw_delay_contrast,empirical_crypto__joint_crypto_high_correlation,,restricted_mean_recovery_time,1,2,delay_2_minus_1,1,operational,128,0.0,0.0,0.0,0.0,0.0,0.0,0.0,0.0,0.0,0.0,0.0,0,0,
263,direction_normalised_deterioration,empirical_crypto__joint_crypto_high_correlation,,restricted_mean_recovery_time,1,2,delay_2_minus_1,1,operational,128,0.0,0.0,0.0,0.0,0.0,0.0,0.0,0.0,0.0,0.0,0.0,0,0,
264,raw_delay_contrast,empirical_crypto__joint_crypto_high_correlation,,restricted_mean_recovery_time,0,2,delay_2_minus_0,1,operational,128,0.0,0.0,0.0,0.0,0.0,0.0,0.0,0.0,0.0,0.0,0.0,0,0,
265,direction_normalised_deterioration,empirical_crypto__joint_crypto_high_correlation,,restricted_mean_recovery_time,0,2,delay_2_minus_0,1,operational,128,0.0,0.0,0.0,0.0,0.0,0.0,0.0,0.0,0.0,0.0,0.0,0,0,
266,response_shape_classification,empirical_crypto__joint_crypto_high_correlation,,restricted_mean_recovery_time,0,2,delay_2_minus_0,1,operational,128,0.0,0.0,0.0,0.0,0.0,0.0,0.0,0.0,0.0,0.0,0.0,0,0,no_delay_effect
267,raw_delay_contrast,empirical_crypto__joint_crypto_high_correlation,,recovery_probability_720h,0,1,delay_1_minus_0,1,degenerate,128,0.0,0.0,0.0,0.0,0.0,0.0,0.0,0.0,0.0,0.0,0.0,0,0,
268,direction_normalised_deterioration,empirical_crypto__joint_crypto_high_correlation,,recovery_probability_720h,0,1,delay_1_minus_0,-1,degenerate,128,0.0,0.0,0.0,0.0,0.0,0.0,0.0,0.0,0.0,0.0,0.0,0,0,
269,raw_delay_contrast,empirical_crypto__joint_crypto_high_correlation,,recovery_probability_720h,1,2,delay_2_minus_1,1,degenerate,128,0.0,0.0,0.0,0.0,0.0,0.0,0.0,0.0,0.0,0.0,0.0,0,0,
270,direction_normalised_deterioration,empirical_crypto__joint_crypto_high_correlation,,recovery_probability_720h,1,2,delay_2_minus_1,-1,degenerate,128,0.0,0.0,0.0,0.0,0.0,0.0,0.0,0.0,0.0,0.0,0.0,0,0,
271,raw_delay_contrast,empirical_crypto__joint_crypto_high_correlation,,recovery_probability_720h,0,2,delay_2_minus_0,1,degenerate,128,0.0,0.0,0.0,0.0,0.0,0.0,0.0,0.0,0.0,0.0,0.0,0,0,
272,direction_normalised_deterioration,empirical_crypto__joint_crypto_high_correlation,,recovery_probability_720h,0,2,delay_2_minus_0,-1,degenerate,128,0.0,0.0,0.0,0.0,0.0,0.0,0.0,0.0,0.0,0.0,0.0,0,0,
273,response_shape_classification,empirical_crypto__joint_crypto_high_correlation,,recovery_probability_720h,0,2,delay_2_minus_0,-1,degenerate,128,0.0,0.0,0.0,0.0,0.0,0.0,0.0,0.0,0.0,0.0,0.0,0,0,not_operational
274,collateral_delay_contrast,empirical_crypto__joint_crypto_high_correlation,ETH,initial_debt_exposure,0,1,delay_1_minus_0,1,operational,128,0.0,0.0,0.0,0.0,0.0,0.0,0.0,0.0,0.0,0.0,0.0,0,0,
275,collateral_delay_contrast,empirical_crypto__joint_crypto_high_correlation,ETH,initial_debt_exposure,1,2,delay_2_minus_1,1,operational,128,0.0,0.0,0.0,0.0,0.0,0.0,0.0,0.0,0.0,0.0,0.0,0,0,
276,collateral_delay_contrast,empirical_crypto__joint_crypto_high_correlation,ETH,initial_debt_exposure,0,2,delay_2_minus_0,1,operational,128,0.0,0.0,0.0,0.0,0.0,0.0,0.0,0.0,0.0,0.0,0.0,0,0,
277,collateral_delay_contrast,empirical_crypto__joint_crypto_high_correlation,ETH,absolute_mismatch_area,0,1,delay_1_minus_0,1,operational,128,3.0340808582095247,0.053460880160690796,2.9292975330945707,3.1388641833244786,2.9339627532770907,2.2171431941263737,2.6223411836204065,3.417946708383833,3.8643748356824306,4.2036524207886155,1.0,128,0,
278,collateral_delay_contrast,empirical_crypto__joint_crypto_high_correlation,ETH,absolute_mismatch_area,1,2,delay_2_minus_1,1,operational,128,1.8661182912702825,0.030668456054531664,1.8060081174034004,1.9262284651371646,1.8292585617803219,1.4261974667532775,1.6007810705695453,2.063868226121029,2.3216910421545838,2.462733768483078,1.0,128,0,
279,collateral_delay_contrast,empirical_crypto__joint_crypto_high_correlation,ETH,absolute_mismatch_area,0,2,delay_2_minus_0,1,operational,128,4.900199149479808,0.0831940613228079,4.737138789287104,5.063259509672512,4.780287831594229,3.6528822739501368,4.237025593413532,5.5279291987982395,6.285049512441906,6.648831215972197,1.0,128,0,
280,collateral_delay_contrast,empirical_crypto__joint_crypto_high_correlation,ETH,peak_absolute_mismatch,0,1,delay_1_minus_0,1,operational,128,0.12506973125219087,0.0006346174463964315,0.12382588105725387,0.12631358144712787,0.12484123093884028,0.11415471395951307,0.12283814241104592,0.12753647628820597,0.13085170675193616,0.13650401580760596,1.0,128,0,
281,collateral_delay_contrast,empirical_crypto__joint_crypto_high_correlation,ETH,peak_absolute_mismatch,1,2,delay_2_minus_1,1,operational,128,0.0027813089116122324,0.0004985791670839304,0.0018040937441277287,0.003758524079096736,0.0017023649840676863,-0.0028315870229419704,0.00026241027421137,0.004015726725361414,0.008293986262224964,0.010153289702859999,0.78125,100,28,
282,collateral_delay_contrast,empirical_crypto__joint_crypto_high_correlation,ETH,peak_absolute_mismatch,0,2,delay_2_minus_0,1,operational,128,0.1278510401638031,0.0009467375623722127,0.12599543454155357,0.12970664578605265,0.12721786074612196,0.11366619155526693,0.12340713115233236,0.13156174139125656,0.13846773622079492,0.14092956804339363,1.0,128,0,
283,collateral_delay_contrast,empirical_crypto__joint_crypto_high_correlation,ETH,oracle_overvaluation_area,0,1,delay_1_minus_0,1,operational,128,1.5008459962140979,0.028328588506818613,1.4453219627407334,1.5563700296874623,1.4645977006117255,1.07339579005539,1.2509724297317404,1.6910326053273639,1.9422394740345899,2.102686773297611,1.0,128,0,
284,collateral_delay_contrast,empirical_crypto__joint_crypto_high_correlation,ETH,oracle_overvaluation_area,1,2,delay_2_minus_1,1,operational,128,0.9171093304323972,0.017843666504670227,0.8821357440832436,0.9520829167815508,0.911613304589838,0.6509130708346983,0.7621785526483302,1.031195849125313,1.1536580228121855,1.2782494358757246,1.0,128,0,
285,collateral_delay_contrast,empirical_crypto__joint_crypto_high_correlation,ETH,oracle_overvaluation_area,0,2,delay_2_minus_0,1,operational,128,2.417955326646495,0.045527793497451785,2.3287208513914894,2.5071898019015,2.376692152448231,1.7418236072876694,2.0160605860840755,2.728065254671055,3.1511261806047797,3.3249282493974603,1.0,128,0,
286,collateral_delay_contrast,empirical_crypto__joint_crypto_high_correlation,ETH,peak_oracle_overvaluation,0,1,delay_1_minus_0,1,operational,128,0.12506973125219087,0.0006346174463964315,0.12382588105725387,0.12631358144712787,0.12484123093884028,0.11415471395951307,0.12283814241104592,0.12753647628820597,0.13085170675193616,0.13650401580760596,1.0,128,0,
287,collateral_delay_contrast,empirical_crypto__joint_crypto_high_correlation,ETH,peak_oracle_overvaluation,1,2,delay_2_minus_1,1,operational,128,0.0027813089116122324,0.0004985791670839304,0.0018040937441277287,0.003758524079096736,0.0017023649840676863,-0.0028315870229419704,0.00026241027421137,0.004015726725361414,0.008293986262224964,0.010153289702859999,0.78125,100,28,
288,collateral_delay_contrast,empirical_crypto__joint_crypto_high_correlation,ETH,peak_oracle_overvaluation,0,2,delay_2_minus_0,1,operational,128,0.1278510401638031,0.0009467375623722127,0.12599543454155357,0.12970664578605265,0.12721786074612196,0.11366619155526693,0.12340713115233236,0.13156174139125656,0.13846773622079492,0.14092956804339363,1.0,128,0,
289,collateral_delay_contrast,empirical_crypto__joint_crypto_high_correlation,ETH,oracle_undervaluation_area,0,1,delay_1_minus_0,1,operational,128,1.5332348619954272,0.027773161979156066,1.4787994645162814,1.587670259474573,1.4841391573054006,1.0916041491813053,1.3194998864311267,1.7570797591117695,1.9459662211309994,2.093229273947061,1.0,128,0,
290,collateral_delay_contrast,empirical_crypto__joint_crypto_high_correlation,ETH,oracle_undervaluation_area,1,2,delay_2_minus_1,1,operational,128,0.9490089608378856,0.01720171132733687,0.9152936066363053,0.9827243150394658,0.9230614223945774,0.6724220191971806,0.8138433001567831,1.0914610588443512,1.2055645947933389,1.2755164399830212,1.0,128,0,
291,collateral_delay_contrast,empirical_crypto__joint_crypto_high_correlation,ETH,oracle_undervaluation_area,0,2,delay_2_minus_0,1,operational,128,2.4822438228333126,0.04433334168439511,2.395350473131898,2.569137172534727,2.3856239156719865,1.7830636392455967,2.1276748217110018,2.8566888714070924,3.1774019332255174,3.3235750226918985,1.0,128,0,
292,collateral_delay_contrast,empirical_crypto__joint_crypto_high_correlation,ETH,peak_oracle_undervaluation,0,1,delay_1_minus_0,1,operational,128,0.037462242959361985,0.0011960238622134999,0.035118036189423524,0.03980644972930045,0.034579846027199955,0.020816636369869915,0.026925581751974955,0.045730772581895895,0.05271569089929993,0.06874336388509995,1.0,128,0,
293,collateral_delay_contrast,empirical_crypto__joint_crypto_high_correlation,ETH,peak_oracle_undervaluation,1,2,delay_2_minus_1,1,operational,128,0.015763606798349317,0.0007854962221236421,0.014224034202986978,0.017303179393711655,0.015381673643713066,0.0008675253677389848,0.010176351296728824,0.020534911068224956,0.028552910615707354,0.03232496117437987,0.96875,124,4,
294,collateral_delay_contrast,empirical_crypto__joint_crypto_high_correlation,ETH,peak_oracle_undervaluation,0,2,delay_2_minus_0,1,operational,128,0.05322584975771131,0.0015807570090513692,0.05012756601997063,0.05632413349545199,0.04681737904741606,0.030322454613286032,0.04124339065282493,0.06638900833429996,0.07765100070953686,0.0903582597111999,1.0,128,0,
295,collateral_delay_contrast,empirical_crypto__joint_crypto_high_correlation,ETH,mismatch_hours,0,1,delay_1_minus_0,1,operational,128,766.90625,0.030249739700838812,766.8469605101864,766.9655394898136,767.0,766.0,767.0,767.0,767.0,767.0,1.0,128,0,
296,collateral_delay_contrast,empirical_crypto__joint_crypto_high_correlation,ETH,mismatch_hours,1,2,delay_2_minus_1,1,operational,128,0.09375,0.030249739700838812,0.03446051018635593,0.15303948981364407,0.0,0.0,0.0,0.0,0.0,1.0,0.078125,10,0,
297,collateral_delay_contrast,empirical_crypto__joint_crypto_high_correlation,ETH,mismatch_hours,0,2,delay_2_minus_0,1,operational,128,767.0,0.0,767.0,767.0,767.0,767.0,767.0,767.0,767.0,767.0,1.0,128,0,
298,collateral_delay_contrast,empirical_crypto__joint_crypto_high_correlation,ETH,mismatch_hours_above_tolerance,0,1,delay_1_minus_0,1,operational,128,766.90625,0.030249739700838812,766.8469605101864,766.9655394898136,767.0,766.0,767.0,767.0,767.0,767.0,1.0,128,0,
299,collateral_delay_contrast,empirical_crypto__joint_crypto_high_correlation,ETH,mismatch_hours_above_tolerance,1,2,delay_2_minus_1,1,operational,128,0.09375,0.030249739700838812,0.03446051018635593,0.15303948981364407,0.0,0.0,0.0,0.0,0.0,1.0,0.078125,10,0,
300,collateral_delay_contrast,empirical_crypto__joint_crypto_high_correlation,ETH,mismatch_hours_above_tolerance,0,2,delay_2_minus_0,1,operational,128,767.0,0.0,767.0,767.0,767.0,767.0,767.0,767.0,767.0,767.0,1.0,128,0,
301,collateral_delay_contrast,empirical_crypto__joint_crypto_high_correlation,ETH,false_safe_vault_hours,0,1,delay_1_minus_0,1,operational,128,11.8984375,1.7113936107782304,8.544106022874669,15.252768977125331,4.0,0.0,0.0,16.25,32.0,54.7999999999999,0.6015625,77,0,
302,collateral_delay_contrast,empirical_crypto__joint_crypto_high_correlation,ETH,false_safe_vault_hours,1,2,delay_2_minus_1,1,operational,128,9.15625,1.4084355282735341,6.395716364583873,11.916783635416127,2.5,0.0,0.0,12.0,26.0,42.89999999999995,0.5625,72,3,
303,collateral_delay_contrast,empirical_crypto__joint_crypto_high_correlation,ETH,false_safe_vault_hours,0,2,delay_2_minus_0,1,operational,128,21.0546875,3.092812752601788,14.992774504900495,27.116600495099505,6.5,0.0,0.0,26.25,52.89999999999999,97.34999999999984,0.6015625,77,0,
304,collateral_delay_contrast,empirical_crypto__joint_crypto_high_correlation,ETH,false_safe_debt_hours,0,1,delay_1_minus_0,1,operational,128,73398.35793891715,15826.217459264757,42378.97171875823,104417.74415907607,2095.793884688983,0.0,0.0,35516.031691094104,200016.8093660512,488279.70876159734,0.6015625,77,0,
305,collateral_delay_contrast,empirical_crypto__joint_crypto_high_correlation,ETH,false_safe_debt_hours,1,2,delay_2_minus_1,1,operational,128,72376.55118517888,20778.60808274014,31650.479343008206,113102.62302734955,1019.1820263001582,0.0,0.0,22640.215071346032,187104.80574347737,432727.6763739394,0.546875,70,5,
306,collateral_delay_contrast,empirical_crypto__joint_crypto_high_correlation,ETH,false_safe_debt_hours,0,2,delay_2_minus_0,1,operational,128,145774.90912409604,35346.11536577166,76496.5230071836,215053.29524100848,3220.772159772998,0.0,0.0,59972.11392653806,420836.24233704136,912431.3452259161,0.6015625,77,0,
307,collateral_delay_contrast,empirical_crypto__joint_crypto_high_correlation,ETH,peak_false_safe_debt,0,1,delay_1_minus_0,1,operational,128,47512.21055085137,10683.424765589967,26572.698010295037,68451.72309140771,1130.644573772159,0.0,0.0,19267.145613468412,129906.98445999625,328109.82869205583,0.6015625,77,0,
308,collateral_delay_contrast,empirical_crypto__joint_crypto_high_correlation,ETH,peak_false_safe_debt,1,2,delay_2_minus_1,1,operational,128,2663.6751866796785,1071.6490190281459,563.2431093845125,4764.1072639748445,0.0,0.0,0.0,174.58510630968652,3686.982437088227,10809.918726080226,0.28125,36,3,
309,collateral_delay_contrast,empirical_crypto__joint_crypto_high_correlation,ETH,peak_false_safe_debt,0,2,delay_2_minus_0,1,operational,128,50175.88573753104,11269.047654392147,28088.55233492243,72263.21914013964,1258.138387608061,0.0,0.0,21390.239614846636,129534.38899092229,372980.398429841,0.6015625,77,0,
310,collateral_delay_contrast,empirical_crypto__joint_crypto_high_correlation,ETH,false_unsafe_vault_hours,0,1,delay_1_minus_0,1,operational,128,5.84375,1.0780581329828882,3.730756059353539,7.9567439406464615,1.0,0.0,0.0,6.0,16.299999999999997,26.64999999999999,0.53125,68,0,
311,collateral_delay_contrast,empirical_crypto__joint_crypto_high_correlation,ETH,false_unsafe_vault_hours,1,2,delay_2_minus_1,1,operational,128,3.140625,0.6834602477906373,1.801042914330351,4.480207085669649,0.0,0.0,0.0,3.0,9.0,16.64999999999999,0.421875,54,5,
312,collateral_delay_contrast,empirical_crypto__joint_crypto_high_correlation,ETH,false_unsafe_vault_hours,0,2,delay_2_minus_0,1,operational,128,8.984375,1.7205402943274903,5.612116023118119,12.35663397688188,2.0,0.0,0.0,8.25,24.599999999999994,43.29999999999998,0.546875,70,0,
313,collateral_delay_contrast,empirical_crypto__joint_crypto_high_correlation,ETH,false_unsafe_debt_hours,0,1,delay_1_minus_0,1,operational,128,28135.24028327155,9705.616353710944,9112.232229998099,47158.248336545,375.32775637055806,0.0,0.0,4831.884407128451,45115.86072803981,117088.72379852622,0.53125,68,0,
314,collateral_delay_contrast,empirical_crypto__joint_crypto_high_correlation,ETH,false_unsafe_debt_hours,1,2,delay_2_minus_1,1,operational,128,21152.2452631751,10880.495335767611,-173.52559492941873,42478.01612127962,0.0,-825.0902734492048,0.0,935.8052364787102,9612.727677985366,83538.90167405187,0.3984375,51,12,
315,collateral_delay_contrast,empirical_crypto__joint_crypto_high_correlation,ETH,false_unsafe_debt_hours,0,2,delay_2_minus_0,1,operational,128,49287.48554644665,18564.35086160838,12901.357857694231,85673.61323519907,517.1551040646673,0.0,0.0,7193.044566300887,54777.9757377996,198986.1880528157,0.546875,70,0,
316,collateral_delay_contrast,empirical_crypto__joint_crypto_high_correlation,ETH,peak_false_unsafe_debt,0,1,delay_1_minus_0,1,operational,128,20630.23308481373,8059.557201181835,4833.500970497336,36426.96519913013,259.65424564009055,0.0,0.0,2487.5235482882476,18583.913629265688,87067.75302621251,0.53125,68,0,
317,collateral_delay_contrast,empirical_crypto__joint_crypto_high_correlation,ETH,peak_false_unsafe_debt,1,2,delay_2_minus_1,1,operational,128,901.7287664877188,353.8879584785822,208.10836786969764,1595.3491651057398,0.0,-134.72106925622694,0.0,0.0,1418.6869501170052,4017.0460674482433,0.1953125,25,7,
318,collateral_delay_contrast,empirical_crypto__joint_crypto_high_correlation,ETH,peak_false_unsafe_debt,0,2,delay_2_minus_0,1,operational,128,21531.96185130145,8057.614257004018,5739.037907573575,37324.885795029324,301.0055518403018,0.0,0.0,4149.68814495757,22469.22553579429,89254.50936346568,0.546875,70,0,
319,collateral_delay_contrast,empirical_crypto__joint_crypto_high_correlation,ETH,eligible_liquidation_tab,0,1,delay_1_minus_0,1,operational,128,38.59969881623272,31.57117193907387,-23.279798184352067,100.47919581681751,0.0,0.0,0.0,0.0,0.0,0.0,0.03125,4,1,
320,collateral_delay_contrast,empirical_crypto__joint_crypto_high_correlation,ETH,eligible_liquidation_tab,1,2,delay_2_minus_1,1,operational,128,3.3897383015537343,8.377439187550992,-13.030042506046211,19.80951910915368,0.0,0.0,0.0,0.0,0.0,0.0,0.0234375,3,2,
321,collateral_delay_contrast,empirical_crypto__joint_crypto_high_correlation,ETH,eligible_liquidation_tab,0,2,delay_2_minus_0,1,operational,128,41.98943711778645,33.213927604867,-23.109860987752867,107.08873522332577,0.0,0.0,0.0,0.0,0.0,0.0,0.03125,4,2,
322,collateral_delay_contrast,empirical_crypto__joint_crypto_high_correlation,ETH,selected_count,0,1,delay_1_minus_0,1,operational,128,0.2578125,0.2191176869784846,-0.17165816647782983,0.6872831664778298,0.0,-3.0,0.0,0.0,2.0,3.6499999999999915,0.1875,24,21,
323,collateral_delay_contrast,empirical_crypto__joint_crypto_high_correlation,ETH,selected_count,1,2,delay_2_minus_1,1,operational,128,0.046875,0.1288097459991676,-0.20559210215836854,0.29934210215836854,0.0,-2.0,0.0,0.0,1.0,2.0,0.1875,24,17,
324,collateral_delay_contrast,empirical_crypto__joint_crypto_high_correlation,ETH,selected_count,0,2,delay_2_minus_0,1,operational,128,0.3046875,0.22584012928359892,-0.1379591533958539,0.747334153395854,0.0,-3.0,0.0,0.0,2.0,3.0,0.2265625,29,19,
325,collateral_delay_contrast,empirical_crypto__joint_crypto_high_correlation,ETH,rejected_count,0,1,delay_1_minus_0,1,operational,128,0.0,0.0,0.0,0.0,0.0,0.0,0.0,0.0,0.0,0.0,0.0,0,0,
326,collateral_delay_contrast,empirical_crypto__joint_crypto_high_correlation,ETH,rejected_count,1,2,delay_2_minus_1,1,operational,128,0.0,0.0,0.0,0.0,0.0,0.0,0.0,0.0,0.0,0.0,0.0,0,0,
327,collateral_delay_contrast,empirical_crypto__joint_crypto_high_correlation,ETH,rejected_count,0,2,delay_2_minus_0,1,operational,128,0.0,0.0,0.0,0.0,0.0,0.0,0.0,0.0,0.0,0.0,0.0,0,0,
328,collateral_delay_contrast,empirical_crypto__joint_crypto_high_correlation,ETH,successful_closure_count,0,1,delay_1_minus_0,1,operational,128,0.140625,0.08130818252955752,-0.01873903775793273,0.29998903775793273,0.0,-0.6499999999999995,0.0,0.0,1.0,2.0,0.1484375,19,7,
329,collateral_delay_contrast,empirical_crypto__joint_crypto_high_correlation,ETH,successful_closure_count,1,2,delay_2_minus_1,1,operational,128,0.0625,0.08645324392888198,-0.10694835810060868,0.23194835810060868,0.0,-1.6499999999999995,0.0,0.0,1.0,2.0,0.109375,14,9,
330,collateral_delay_contrast,empirical_crypto__joint_crypto_high_correlation,ETH,successful_closure_count,0,2,delay_2_minus_0,1,operational,128,0.203125,0.10601924629816004,-0.004672722744393676,0.4109227227443937,0.0,-1.0,0.0,0.0,1.0,3.0,0.1328125,17,9,
331,collateral_delay_contrast,empirical_crypto__joint_crypto_high_correlation,ETH,liquidated_debt,0,1,delay_1_minus_0,1,operational,128,487.0906042553275,273.8884249939321,-49.73070873277942,1023.9119172434343,0.0,-301.92428023294326,0.0,0.0,1523.5210149343309,3434.2232468941775,0.2109375,27,10,
332,collateral_delay_contrast,empirical_crypto__joint_crypto_high_correlation,ETH,liquidated_debt,1,2,delay_2_minus_1,1,operational,128,-1000.9846023106022,1019.0916380214846,-2998.404212832712,996.4350082115077,0.0,-540.2168032103192,0.0,0.0,121.73872370638786,485.68619060362596,0.140625,18,19,
333,collateral_delay_contrast,empirical_crypto__joint_crypto_high_correlation,ETH,liquidated_debt,0,2,delay_2_minus_0,1,operational,128,-513.8939980552747,1023.9057969274708,-2520.7493600331172,1492.9613639225681,0.0,-647.1282306785411,0.0,0.0,717.2904680148679,4081.1189963976376,0.203125,26,16,
334,collateral_delay_contrast,empirical_crypto__joint_crypto_high_correlation,ETH,terminal_unresolved_tab,0,1,delay_1_minus_0,1,operational,128,0.0,0.0,0.0,0.0,0.0,0.0,0.0,0.0,0.0,0.0,0.0,0,0,
335,collateral_delay_contrast,empirical_crypto__joint_crypto_high_correlation,ETH,terminal_unresolved_tab,1,2,delay_2_minus_1,1,operational,128,0.0,0.0,0.0,0.0,0.0,0.0,0.0,0.0,0.0,0.0,0.0,0,0,
336,collateral_delay_contrast,empirical_crypto__joint_crypto_high_correlation,ETH,terminal_unresolved_tab,0,2,delay_2_minus_0,1,operational,128,0.0,0.0,0.0,0.0,0.0,0.0,0.0,0.0,0.0,0.0,0.0,0,0,
337,collateral_delay_contrast,empirical_crypto__joint_crypto_high_correlation,ETH,backlog_area,0,1,delay_1_minus_0,1,operational,128,-28325.729653040424,18455.088655402993,-64497.703417630284,7846.24411154944,0.0,-157578.15079221874,-4927.946740243734,0.0,14744.690209095046,79121.87178216943,0.1796875,23,51,
338,collateral_delay_contrast,empirical_crypto__joint_crypto_high_correlation,ETH,backlog_area,1,2,delay_2_minus_1,1,operational,128,33885.7290355452,21344.858845684255,-7950.1943019959435,75721.65237308634,0.0,-72023.96424181503,-2965.565939232729,0.0,18049.179388771354,359987.8751931498,0.21875,28,46,
339,collateral_delay_contrast,empirical_crypto__joint_crypto_high_correlation,ETH,backlog_area,0,2,delay_2_minus_0,1,operational,128,5559.999382504779,20020.823521196697,-33680.81471904075,44800.813484050304,0.0,-151887.5551437237,-5806.686516148793,0.0,39924.899079128496,171209.22226078747,0.2421875,31,42,
340,collateral_delay_contrast,empirical_crypto__joint_crypto_high_correlation,ETH,maximum_backlog,0,1,delay_1_minus_0,1,operational,128,-4139.738792291005,3474.9213801033275,-10950.584697293527,2671.1071127115174,0.0,-20617.131300561323,0.0,0.0,871.6892226646124,13861.491593928164,0.1328125,17,28,
341,collateral_delay_contrast,empirical_crypto__joint_crypto_high_correlation,ETH,maximum_backlog,1,2,delay_2_minus_1,1,operational,128,6964.151161295851,7214.493818337627,-7176.256722645898,21104.5590452376,0.0,-26559.60329196426,0.0,0.0,9377.041025596662,92256.99341467502,0.21875,28,15,
342,collateral_delay_contrast,empirical_crypto__joint_crypto_high_correlation,ETH,maximum_backlog,0,2,delay_2_minus_0,1,operational,128,2824.412369004848,6424.930160303984,-9768.45074519096,15417.275483200658,0.0,-20410.224193480335,0.0,0.0,4548.958193787665,62448.88771300156,0.2265625,29,19,
343,collateral_delay_contrast,empirical_crypto__joint_crypto_high_correlation,ETH,terminal_active_bad_debt,0,1,delay_1_minus_0,1,operational,128,0.0,0.0,0.0,0.0,0.0,0.0,0.0,0.0,0.0,0.0,0.0,0,0,
344,collateral_delay_contrast,empirical_crypto__joint_crypto_high_correlation,ETH,terminal_active_bad_debt,1,2,delay_2_minus_1,1,operational,128,0.0,0.0,0.0,0.0,0.0,0.0,0.0,0.0,0.0,0.0,0.0,0,0,
345,collateral_delay_contrast,empirical_crypto__joint_crypto_high_correlation,ETH,terminal_active_bad_debt,0,2,delay_2_minus_0,1,operational,128,0.0,0.0,0.0,0.0,0.0,0.0,0.0,0.0,0.0,0.0,0.0,0,0,
346,collateral_delay_contrast,empirical_crypto__joint_crypto_high_correlation,ETH,realised_bad_debt,0,1,delay_1_minus_0,1,operational,128,1.5339607223618436e-13,1.533960722361843e-13,-1.4726022934673685e-13,4.540523738191056e-13,0.0,0.0,0.0,0.0,0.0,0.0,0.0078125,1,0,
347,collateral_delay_contrast,empirical_crypto__joint_crypto_high_correlation,ETH,realised_bad_debt,1,2,delay_2_minus_1,1,operational,128,-1.5339607223618436e-13,1.533960722361843e-13,-4.540523738191056e-13,1.4726022934673685e-13,0.0,0.0,0.0,0.0,0.0,0.0,0.0,0,1,
348,collateral_delay_contrast,empirical_crypto__joint_crypto_high_correlation,ETH,realised_bad_debt,0,2,delay_2_minus_0,1,operational,128,0.0,0.0,0.0,0.0,0.0,0.0,0.0,0.0,0.0,0.0,0.0,0,0,
349,collateral_delay_contrast,empirical_crypto__joint_crypto_high_correlation,ETH,keeper_profit_proxy,0,1,delay_1_minus_0,1,operational,128,62.75933108709343,35.3860902043933,-6.597405713517432,132.11606788770428,0.0,-107.43325611591473,0.0,3.146275725060832,165.39625060869892,435.06049654356025,0.28125,36,24,
350,collateral_delay_contrast,empirical_crypto__joint_crypto_high_correlation,ETH,keeper_profit_proxy,1,2,delay_2_minus_1,1,operational,128,-121.34056643440215,131.41422595852976,-378.9124493131205,136.23131644431618,0.0,-109.8709124992569,0.0,8.45359799845965,74.12458818931515,173.5206573137618,0.3046875,39,22,
351,collateral_delay_contrast,empirical_crypto__joint_crypto_high_correlation,ETH,keeper_profit_proxy,0,2,delay_2_minus_0,1,operational,128,-58.581235347308734,130.62334581209478,-314.60299313901453,197.44052244439706,0.0,-78.47247251333725,0.0,22.884324838656084,180.76017692167073,484.5786143816057,0.3359375,43,24,
352,collateral_delay_contrast,empirical_crypto__joint_crypto_high_correlation,WBTC,initial_debt_exposure,0,1,delay_1_minus_0,1,operational,128,0.0,0.0,0.0,0.0,0.0,0.0,0.0,0.0,0.0,0.0,0.0,0,0,
353,collateral_delay_contrast,empirical_crypto__joint_crypto_high_correlation,WBTC,initial_debt_exposure,1,2,delay_2_minus_1,1,operational,128,0.0,0.0,0.0,0.0,0.0,0.0,0.0,0.0,0.0,0.0,0.0,0,0,
354,collateral_delay_contrast,empirical_crypto__joint_crypto_high_correlation,WBTC,initial_debt_exposure,0,2,delay_2_minus_0,1,operational,128,0.0,0.0,0.0,0.0,0.0,0.0,0.0,0.0,0.0,0.0,0.0,0,0,
355,collateral_delay_contrast,empirical_crypto__joint_crypto_high_correlation,WBTC,absolute_mismatch_area,0,1,delay_1_minus_0,1,operational,128,2.383113838580623,0.03780003017068571,2.309025779446079,2.457201897715167,2.353913515423221,1.77180870981691,2.080794795511357,2.596401364376138,2.9560774419363987,3.2013330583282786,1.0,128,0,
356,collateral_delay_contrast,empirical_crypto__joint_crypto_high_correlation,WBTC,absolute_mismatch_area,1,2,delay_2_minus_1,1,operational,128,1.4931265261973028,0.02302242542355832,1.4480025723671286,1.538250480027477,1.4685509654831248,1.1613930142255058,1.32258998479927,1.6366748818745438,1.8260520458037908,1.9986145499470902,1.0,128,0,
357,collateral_delay_contrast,empirical_crypto__joint_crypto_high_correlation,WBTC,absolute_mismatch_area,0,2,delay_2_minus_0,1,operational,128,3.8762403647779253,0.06026150249543418,3.7581278198868744,3.9943529096689763,3.860542406751618,2.947089326732329,3.4068224022420104,4.210435511191234,4.787700753714322,5.156479734190171,1.0,128,0,
358,collateral_delay_contrast,empirical_crypto__joint_crypto_high_correlation,WBTC,peak_absolute_mismatch,0,1,delay_1_minus_0,1,operational,128,0.09872004854962005,0.00043995776912698545,0.09785773132213116,0.09958236577710894,0.0985581230906534,0.09048037657736262,0.09646060763900306,0.100961894097098,0.10367005409341898,0.10696375773110094,1.0,128,0,
359,collateral_delay_contrast,empirical_crypto__joint_crypto_high_correlation,WBTC,peak_absolute_mismatch,1,2,delay_2_minus_1,1,operational,128,0.002428695641416289,0.00037295161821602785,0.0016977104697128743,0.0031596808131197033,0.0015982470644750196,-0.0016440594048680486,0.0003588548088005461,0.003699479860745619,0.006579891603348887,0.009138858824950996,0.78125,100,28,
360,collateral_delay_contrast,empirical_crypto__joint_crypto_high_correlation,WBTC,peak_absolute_mismatch,0,2,delay_2_minus_0,1,operational,128,0.10114874419103634,0.0006795064550570839,0.09981691153912445,0.10248057684294823,0.09990265866478096,0.0916811679915176,0.09692957427825794,0.10450608259980552,0.10960779575157227,0.11357397596191951,1.0,128,0,
361,collateral_delay_contrast,empirical_crypto__joint_crypto_high_correlation,WBTC,oracle_overvaluation_area,0,1,delay_1_minus_0,1,operational,128,1.167855022797737,0.020147585545811482,1.1283657551279465,1.2073442904675273,1.1658313552054675,0.856991780580281,1.0097302422232246,1.2819327478231568,1.4435107028811893,1.6010652917226156,1.0,128,0,
362,collateral_delay_contrast,empirical_crypto__joint_crypto_high_correlation,WBTC,oracle_overvaluation_area,1,2,delay_2_minus_1,1,operational,128,0.7229957998046419,0.013290958723606479,0.6969455207063732,0.7490460789029106,0.7099600006889558,0.5148943279928176,0.6171120237881846,0.8060719085068846,0.9096801741920201,0.9947761169943695,1.0,128,0,
363,collateral_delay_contrast,empirical_crypto__joint_crypto_high_correlation,WBTC,oracle_overvaluation_area,0,2,delay_2_minus_0,1,operational,128,1.8908508226023786,0.03307192488504349,1.8260298498276932,1.955671795377064,1.8839338305571454,1.3724527768182484,1.602979086468357,2.063863435100538,2.3811747358877717,2.572908582559207,1.0,128,0,
364,collateral_delay_contrast,empirical_crypto__joint_crypto_high_correlation,WBTC,peak_oracle_overvaluation,0,1,delay_1_minus_0,1,operational,128,0.09872004854962005,0.00043995776912698545,0.09785773132213116,0.09958236577710894,0.0985581230906534,0.09048037657736262,0.09646060763900306,0.100961894097098,0.10367005409341898,0.10696375773110094,1.0,128,0,
365,collateral_delay_contrast,empirical_crypto__joint_crypto_high_correlation,WBTC,peak_oracle_overvaluation,1,2,delay_2_minus_1,1,operational,128,0.002428695641416289,0.00037295161821602785,0.0016977104697128743,0.0031596808131197033,0.0015982470644750196,-0.0016440594048680486,0.0003588548088005461,0.003699479860745619,0.006579891603348887,0.009138858824950996,0.78125,100,28,
366,collateral_delay_contrast,empirical_crypto__joint_crypto_high_correlation,WBTC,peak_oracle_overvaluation,0,2,delay_2_minus_0,1,operational,128,0.10114874419103634,0.0006795064550570839,0.09981691153912445,0.10248057684294823,0.09990265866478096,0.0916811679915176,0.09692957427825794,0.10450608259980552,0.10960779575157227,0.11357397596191951,1.0,128,0,
367,collateral_delay_contrast,empirical_crypto__joint_crypto_high_correlation,WBTC,oracle_undervaluation_area,0,1,delay_1_minus_0,1,operational,128,1.215258815782886,0.020223245140788042,1.1756212553069416,1.2548963762588305,1.2011623613331863,0.8439318025471456,1.0554122481094297,1.3610903061455524,1.537293678242892,1.5891830670779268,1.0,128,0,
368,collateral_delay_contrast,empirical_crypto__joint_crypto_high_correlation,WBTC,oracle_undervaluation_area,1,2,delay_2_minus_1,1,operational,128,0.7701307263926607,0.013736997267113457,0.7432062117491183,0.7970552410362031,0.7575609294387192,0.5418788325468548,0.6636065900094752,0.8605600940601215,0.976664708885604,1.0135516736879326,1.0,128,0,
369,collateral_delay_contrast,empirical_crypto__joint_crypto_high_correlation,WBTC,oracle_undervaluation_area,0,2,delay_2_minus_0,1,operational,128,1.985389542175547,0.03351957536768224,1.9196911744548897,2.051087909896204,1.9873067153780428,1.3964342024381422,1.7209629876245576,2.2445125678874622,2.4934253640729653,2.587738353738487,1.0,128,0,
370,collateral_delay_contrast,empirical_crypto__joint_crypto_high_correlation,WBTC,peak_oracle_undervaluation,0,1,delay_1_minus_0,1,operational,128,0.03053779485887649,0.0008401978938083106,0.0288910069870122,0.03218458273074078,0.029860933715750018,0.01818657079779993,0.023247808826800005,0.035837947731960106,0.04206848850669994,0.04598486171987314,1.0,128,0,
371,collateral_delay_contrast,empirical_crypto__joint_crypto_high_correlation,WBTC,peak_oracle_undervaluation,1,2,delay_2_minus_1,1,operational,128,0.013424750390520775,0.0006006734326594932,0.012247430462508167,0.014602070318533382,0.01325270518385004,0.0033816178665999064,0.008677392454652304,0.018615531389488214,0.02143733715060014,0.02231967842760009,0.984375,126,2,
372,collateral_delay_contrast,empirical_crypto__joint_crypto_high_correlation,WBTC,peak_oracle_undervaluation,0,2,delay_2_minus_0,1,operational,128,0.04396254524939726,0.0011288764653286324,0.04174994737735314,0.04617514312144138,0.04312518087405766,0.025186207965397518,0.03564589694814069,0.05042671610149997,0.05915123308545584,0.06829419791068798,1.0,128,0,
373,collateral_delay_contrast,empirical_crypto__joint_crypto_high_correlation,WBTC,mismatch_hours,0,1,delay_1_minus_0,1,operational,128,766.875,0.06175739937815351,766.7539554972188,766.9960445027812,767.0,767.0,767.0,767.0,767.0,767.0,1.0,128,0,
374,collateral_delay_contrast,empirical_crypto__joint_crypto_high_correlation,WBTC,mismatch_hours,1,2,delay_2_minus_1,1,operational,128,0.03125,0.015439349844538378,0.0009888743047047795,0.061511125695295224,0.0,0.0,0.0,0.0,0.0,0.0,0.03125,4,0,
375,collateral_delay_contrast,empirical_crypto__joint_crypto_high_correlation,WBTC,mismatch_hours,0,2,delay_2_minus_0,1,operational,128,766.90625,0.04631804953361513,766.8154666229141,766.9970333770859,767.0,767.0,767.0,767.0,767.0,767.0,1.0,128,0,
376,collateral_delay_contrast,empirical_crypto__joint_crypto_high_correlation,WBTC,mismatch_hours_above_tolerance,0,1,delay_1_minus_0,1,operational,128,766.875,0.06175739937815351,766.7539554972188,766.9960445027812,767.0,767.0,767.0,767.0,767.0,767.0,1.0,128,0,
377,collateral_delay_contrast,empirical_crypto__joint_crypto_high_correlation,WBTC,mismatch_hours_above_tolerance,1,2,delay_2_minus_1,1,operational,128,0.015625,0.01916173585724926,-0.02193200228020855,0.05318200228020855,0.0,0.0,0.0,0.0,0.0,0.0,0.03125,4,2,
378,collateral_delay_contrast,empirical_crypto__joint_crypto_high_correlation,WBTC,mismatch_hours_above_tolerance,0,2,delay_2_minus_0,1,operational,128,766.890625,0.04736456941663908,766.7977904439434,766.9834595560566,767.0,767.0,767.0,767.0,767.0,767.0,1.0,128,0,
379,collateral_delay_contrast,empirical_crypto__joint_crypto_high_correlation,WBTC,false_safe_vault_hours,0,1,delay_1_minus_0,1,operational,128,1.2890625,0.291815932318763,0.7171032726552244,1.8610217273447756,0.0,0.0,0.0,1.0,4.0,5.0,0.3515625,45,0,
380,collateral_delay_contrast,empirical_crypto__joint_crypto_high_correlation,WBTC,false_safe_vault_hours,1,2,delay_2_minus_1,1,operational,128,1.03125,0.25096700284250123,0.5393546744286977,1.5231453255713023,0.0,0.0,0.0,1.0,4.0,4.0,0.3125,40,3,
381,collateral_delay_contrast,empirical_crypto__joint_crypto_high_correlation,WBTC,false_safe_vault_hours,0,2,delay_2_minus_0,1,operational,128,2.3203125,0.5343668517993226,1.2729534704733276,3.3676715295266724,0.0,0.0,0.0,2.0,8.0,9.649999999999991,0.3515625,45,0,
382,collateral_delay_contrast,empirical_crypto__joint_crypto_high_correlation,WBTC,false_safe_debt_hours,0,1,delay_1_minus_0,1,operational,128,8485.018450940754,2784.5422193930076,3027.3157009304587,13942.721200951048,0.0,0.0,0.0,2664.754667246869,20589.53828949535,37936.12513941678,0.3515625,45,0,
383,collateral_delay_contrast,empirical_crypto__joint_crypto_high_correlation,WBTC,false_safe_debt_hours,1,2,delay_2_minus_1,1,operational,128,9270.988959370376,3785.1893337417046,1852.0178652366349,16689.960053504117,0.0,0.0,0.0,2070.3866066347528,17232.452476404902,37617.142831284254,0.3046875,39,4,
384,collateral_delay_contrast,empirical_crypto__joint_crypto_high_correlation,WBTC,false_safe_debt_hours,0,2,delay_2_minus_0,1,operational,128,17756.00741031113,6463.324208955058,5087.891960759216,30424.12285986304,0.0,0.0,0.0,4625.726440492317,34884.182908940726,74256.10818671869,0.3515625,45,0,
385,collateral_delay_contrast,empirical_crypto__joint_crypto_high_correlation,WBTC,peak_false_safe_debt,0,1,delay_1_minus_0,1,operational,128,5580.684154479732,1530.6547982136856,2580.600749980908,8580.767558978556,0.0,0.0,0.0,2081.284907027149,11572.488874242457,34908.55470173885,0.3515625,45,0,
386,collateral_delay_contrast,empirical_crypto__joint_crypto_high_correlation,WBTC,peak_false_safe_debt,1,2,delay_2_minus_1,1,operational,128,16.875390077201544,35.23671060326045,-52.18856270518893,85.93934285959202,0.0,0.0,0.0,0.0,0.0,0.0,0.0234375,3,1,
387,collateral_delay_contrast,empirical_crypto__joint_crypto_high_correlation,WBTC,peak_false_safe_debt,0,2,delay_2_minus_0,1,operational,128,5597.559544556934,1538.2298495777188,2582.629039384605,8612.490049729264,0.0,0.0,0.0,2117.973268745278,11572.488874242457,34908.55470173885,0.3515625,45,0,
388,collateral_delay_contrast,empirical_crypto__joint_crypto_high_correlation,WBTC,false_unsafe_vault_hours,0,1,delay_1_minus_0,1,operational,128,0.484375,0.15488453559073442,0.18080131024216056,0.7879486897578394,0.0,0.0,0.0,0.0,1.2999999999999972,2.0,0.1796875,23,0,
389,collateral_delay_contrast,empirical_crypto__joint_crypto_high_correlation,WBTC,false_unsafe_vault_hours,1,2,delay_2_minus_1,1,operational,128,0.2109375,0.12284177362442664,-0.029832376303876196,0.4517073763038762,0.0,0.0,0.0,0.0,0.0,1.0,0.0859375,11,1,
390,collateral_delay_contrast,empirical_crypto__joint_crypto_high_correlation,WBTC,false_unsafe_vault_hours,0,2,delay_2_minus_0,1,operational,128,0.6953125,0.26679754374649584,0.1723893142568682,1.2182356857431318,0.0,0.0,0.0,0.0,2.0,3.6499999999999915,0.1875,24,0,
391,collateral_delay_contrast,empirical_crypto__joint_crypto_high_correlation,WBTC,false_unsafe_debt_hours,0,1,delay_1_minus_0,1,operational,128,2307.065819237004,1085.3185986518931,179.84136587929333,4434.290272594714,0.0,0.0,0.0,0.0,1667.3791882797857,9023.95462319347,0.1796875,23,0,
392,collateral_delay_contrast,empirical_crypto__joint_crypto_high_correlation,WBTC,false_unsafe_debt_hours,1,2,delay_2_minus_1,1,operational,128,3923.172618207627,2972.9859296738045,-1903.8798039530298,9750.225040368283,0.0,0.0,0.0,0.0,0.0,1930.0927493350082,0.0859375,11,2,
393,collateral_delay_contrast,empirical_crypto__joint_crypto_high_correlation,WBTC,false_unsafe_debt_hours,0,2,delay_2_minus_0,1,operational,128,6230.23843744463,3842.4757307216846,-1301.0139947698717,13761.490869659132,0.0,0.0,0.0,0.0,2271.0047759367544,10591.986690366683,0.1875,24,0,
394,collateral_delay_contrast,empirical_crypto__joint_crypto_high_correlation,WBTC,peak_false_unsafe_debt,0,1,delay_1_minus_0,1,operational,128,1709.0315797263706,829.2041066223711,83.79153074652322,3334.271628706218,0.0,0.0,0.0,0.0,1667.3791882797857,4866.727657965699,0.1796875,23,0,
395,collateral_delay_contrast,empirical_crypto__joint_crypto_high_correlation,WBTC,peak_false_unsafe_debt,1,2,delay_2_minus_1,1,operational,128,836.1885414689607,618.4078344280314,-375.8908140099809,2048.267896947902,0.0,0.0,0.0,0.0,0.0,0.0,0.015625,2,2,
396,collateral_delay_contrast,empirical_crypto__joint_crypto_high_correlation,WBTC,peak_false_unsafe_debt,0,2,delay_2_minus_0,1,operational,128,2545.220121195331,1233.0577277236798,128.4269748569186,4962.013267533744,0.0,0.0,0.0,0.0,1667.3791882797857,5657.889642809674,0.1875,24,0,
397,collateral_delay_contrast,empirical_crypto__joint_crypto_high_correlation,WBTC,eligible_liquidation_tab,0,1,delay_1_minus_0,1,operational,128,42.95131277283912,33.95139739835774,-23.593426127942053,109.49605167362029,0.0,0.0,0.0,0.0,0.0,0.0,0.015625,2,1,
398,collateral_delay_contrast,empirical_crypto__joint_crypto_high_correlation,WBTC,eligible_liquidation_tab,1,2,delay_2_minus_1,1,operational,128,-29.111665010355978,29.111665010355967,-86.17052843065368,27.94719840994172,0.0,0.0,0.0,0.0,0.0,0.0,0.0,0,1,
399,collateral_delay_contrast,empirical_crypto__joint_crypto_high_correlation,WBTC,eligible_liquidation_tab,0,2,delay_2_minus_0,1,operational,128,13.839647762483139,17.650868300461745,-20.756054106421878,48.435349631388156,0.0,0.0,0.0,0.0,0.0,0.0,0.0078125,1,1,
400,collateral_delay_contrast,empirical_crypto__joint_crypto_high_correlation,WBTC,selected_count,0,1,delay_1_minus_0,1,operational,128,0.0625,0.07252307533945947,-0.07964522766534055,0.20464522766534055,0.0,0.0,0.0,0.0,0.0,1.0,0.0625,8,4,
401,collateral_delay_contrast,empirical_crypto__joint_crypto_high_correlation,WBTC,selected_count,1,2,delay_2_minus_1,1,operational,128,0.0625,0.0440198371531759,-0.023778880820224765,0.14877888082022478,0.0,0.0,0.0,0.0,0.0,0.0,0.03125,4,1,
402,collateral_delay_contrast,empirical_crypto__joint_crypto_high_correlation,WBTC,selected_count,0,2,delay_2_minus_0,1,operational,128,0.125,0.0851989334893139,-0.041989909639055245,0.29198990963905525,0.0,0.0,0.0,0.0,0.0,1.0,0.0703125,9,3,
403,collateral_delay_contrast,empirical_crypto__joint_crypto_high_correlation,WBTC,rejected_count,0,1,delay_1_minus_0,1,operational,128,0.0,0.0,0.0,0.0,0.0,0.0,0.0,0.0,0.0,0.0,0.0,0,0,
404,collateral_delay_contrast,empirical_crypto__joint_crypto_high_correlation,WBTC,rejected_count,1,2,delay_2_minus_1,1,operational,128,0.0,0.0,0.0,0.0,0.0,0.0,0.0,0.0,0.0,0.0,0.0,0,0,
405,collateral_delay_contrast,empirical_crypto__joint_crypto_high_correlation,WBTC,rejected_count,0,2,delay_2_minus_0,1,operational,128,0.0,0.0,0.0,0.0,0.0,0.0,0.0,0.0,0.0,0.0,0.0,0,0,
406,collateral_delay_contrast,empirical_crypto__joint_crypto_high_correlation,WBTC,successful_closure_count,0,1,delay_1_minus_0,1,operational,128,0.015625,0.03134213779208356,-0.04580559007248377,0.07705559007248378,0.0,0.0,0.0,0.0,0.0,0.0,0.046875,6,2,
407,collateral_delay_contrast,empirical_crypto__joint_crypto_high_correlation,WBTC,successful_closure_count,1,2,delay_2_minus_1,1,operational,128,0.0234375,0.025929672236898637,-0.027384657584321327,0.07425965758432132,0.0,0.0,0.0,0.0,0.0,0.0,0.015625,2,1,
408,collateral_delay_contrast,empirical_crypto__joint_crypto_high_correlation,WBTC,successful_closure_count,0,2,delay_2_minus_0,1,operational,128,0.0390625,0.020459605120409112,-0.0010383260360018604,0.07916332603600186,0.0,0.0,0.0,0.0,0.0,0.0,0.046875,6,1,
409,collateral_delay_contrast,empirical_crypto__joint_crypto_high_correlation,WBTC,liquidated_debt,0,1,delay_1_minus_0,1,operational,128,-454.429297665121,680.7948838720833,-1788.7872700544044,879.9286747241623,0.0,0.0,0.0,0.0,0.0,1.1823431123047912e-12,0.0546875,7,2,
410,collateral_delay_contrast,empirical_crypto__joint_crypto_high_correlation,WBTC,liquidated_debt,1,2,delay_2_minus_1,1,operational,128,643.2003360094218,669.0963520227104,-668.2285139550906,1954.6291859739342,0.0,0.0,0.0,0.0,0.0,0.0,0.015625,2,1,
411,collateral_delay_contrast,empirical_crypto__joint_crypto_high_correlation,WBTC,liquidated_debt,0,2,delay_2_minus_0,1,operational,128,188.77103834430082,117.95290449686202,-42.416654469548746,419.9587311581504,0.0,0.0,0.0,0.0,0.0,1.1823431123047912e-12,0.0546875,7,1,
412,collateral_delay_contrast,empirical_crypto__joint_crypto_high_correlation,WBTC,terminal_unresolved_tab,0,1,delay_1_minus_0,1,operational,128,0.0,0.0,0.0,0.0,0.0,0.0,0.0,0.0,0.0,0.0,0.0,0,0,
413,collateral_delay_contrast,empirical_crypto__joint_crypto_high_correlation,WBTC,terminal_unresolved_tab,1,2,delay_2_minus_1,1,operational,128,0.0,0.0,0.0,0.0,0.0,0.0,0.0,0.0,0.0,0.0,0.0,0,0,
414,collateral_delay_contrast,empirical_crypto__joint_crypto_high_correlation,WBTC,terminal_unresolved_tab,0,2,delay_2_minus_0,1,operational,128,0.0,0.0,0.0,0.0,0.0,0.0,0.0,0.0,0.0,0.0,0.0,0,0,
415,collateral_delay_contrast,empirical_crypto__joint_crypto_high_correlation,WBTC,backlog_area,0,1,delay_1_minus_0,1,operational,128,-1754.8117016532613,1842.9406006270722,-5366.9752788823225,1857.3518755758002,0.0,-33773.12289550226,0.0,0.0,0.0,6929.228139394976,0.09375,12,27,
416,collateral_delay_contrast,empirical_crypto__joint_crypto_high_correlation,WBTC,backlog_area,1,2,delay_2_minus_1,1,operational,128,3793.9708682399278,5388.9673896717495,-6768.405215516702,14356.346951996558,0.0,-28417.59667900204,0.0,0.0,0.0,9194.471157870728,0.0859375,11,30,
417,collateral_delay_contrast,empirical_crypto__joint_crypto_high_correlation,WBTC,backlog_area,0,2,delay_2_minus_0,1,operational,128,2039.1591665866672,5174.352543251783,-8102.571818186827,12180.890151360161,0.0,-25185.002651845185,0.0,0.0,1480.6322338929667,20609.386871378178,0.1171875,15,25,
418,collateral_delay_contrast,empirical_crypto__joint_crypto_high_correlation,WBTC,maximum_backlog,0,1,delay_1_minus_0,1,operational,128,286.8174146708566,741.6733622540156,-1166.862375347014,1740.4972046887272,0.0,-1328.778032086954,0.0,0.0,0.0,2598.75894025979,0.0859375,11,10,
419,collateral_delay_contrast,empirical_crypto__joint_crypto_high_correlation,WBTC,maximum_backlog,1,2,delay_2_minus_1,1,operational,128,379.7129199235292,907.1256698765718,-1398.2533930345514,2157.67923288161,0.0,-502.07617053266557,0.0,0.0,0.0,2576.0981328316366,0.09375,12,10,
420,collateral_delay_contrast,empirical_crypto__joint_crypto_high_correlation,WBTC,maximum_backlog,0,2,delay_2_minus_0,1,operational,128,666.5303345943857,575.6118969397869,-461.66898340759667,1794.7296525963682,0.0,-459.39065142831123,0.0,0.0,0.0,3409.0191387968894,0.0859375,11,10,
421,collateral_delay_contrast,empirical_crypto__joint_crypto_high_correlation,WBTC,terminal_active_bad_debt,0,1,delay_1_minus_0,1,operational,128,0.0,0.0,0.0,0.0,0.0,0.0,0.0,0.0,0.0,0.0,0.0,0,0,
422,collateral_delay_contrast,empirical_crypto__joint_crypto_high_correlation,WBTC,terminal_active_bad_debt,1,2,delay_2_minus_1,1,operational,128,0.0,0.0,0.0,0.0,0.0,0.0,0.0,0.0,0.0,0.0,0.0,0,0,
423,collateral_delay_contrast,empirical_crypto__joint_crypto_high_correlation,WBTC,terminal_active_bad_debt,0,2,delay_2_minus_0,1,operational,128,0.0,0.0,0.0,0.0,0.0,0.0,0.0,0.0,0.0,0.0,0.0,0,0,
424,collateral_delay_contrast,empirical_crypto__joint_crypto_high_correlation,WBTC,realised_bad_debt,0,1,delay_1_minus_0,1,operational,128,0.0,0.0,0.0,0.0,0.0,0.0,0.0,0.0,0.0,0.0,0.0,0,0,
425,collateral_delay_contrast,empirical_crypto__joint_crypto_high_correlation,WBTC,realised_bad_debt,1,2,delay_2_minus_1,1,operational,128,0.0,0.0,0.0,0.0,0.0,0.0,0.0,0.0,0.0,0.0,0.0,0,0,
426,collateral_delay_contrast,empirical_crypto__joint_crypto_high_correlation,WBTC,realised_bad_debt,0,2,delay_2_minus_0,1,operational,128,0.0,0.0,0.0,0.0,0.0,0.0,0.0,0.0,0.0,0.0,0.0,0,0,
427,collateral_delay_contrast,empirical_crypto__joint_crypto_high_correlation,WBTC,keeper_profit_proxy,0,1,delay_1_minus_0,1,operational,128,-59.952713907280945,87.34283246647996,-231.14466554158167,111.23923772701977,0.0,-5.337150139497904,0.0,0.0,4.82555491873087,33.262686849664554,0.140625,18,9,
428,collateral_delay_contrast,empirical_crypto__joint_crypto_high_correlation,WBTC,keeper_profit_proxy,1,2,delay_2_minus_1,1,operational,128,84.04794308009869,85.68113263276157,-83.887076880114,251.98296304031138,0.0,0.0,0.0,0.0,4.731499738134584,15.000859932084575,0.1328125,17,4,
429,collateral_delay_contrast,empirical_crypto__joint_crypto_high_correlation,WBTC,keeper_profit_proxy,0,2,delay_2_minus_0,1,operational,128,24.09522917281771,15.598536616122386,-6.477902594782165,54.668360940417585,0.0,-7.065609386069109,0.0,0.0,7.918321068005492,37.121410387823836,0.1484375,19,9,
430,collateral_delay_contrast,empirical_crypto__joint_crypto_high_correlation,STABLE,initial_debt_exposure,0,1,delay_1_minus_0,1,operational,128,0.0,0.0,0.0,0.0,0.0,0.0,0.0,0.0,0.0,0.0,0.0,0,0,
431,collateral_delay_contrast,empirical_crypto__joint_crypto_high_correlation,STABLE,initial_debt_exposure,1,2,delay_2_minus_1,1,operational,128,0.0,0.0,0.0,0.0,0.0,0.0,0.0,0.0,0.0,0.0,0.0,0,0,
432,collateral_delay_contrast,empirical_crypto__joint_crypto_high_correlation,STABLE,initial_debt_exposure,0,2,delay_2_minus_0,1,operational,128,0.0,0.0,0.0,0.0,0.0,0.0,0.0,0.0,0.0,0.0,0.0,0,0,
433,collateral_delay_contrast,empirical_crypto__joint_crypto_high_correlation,STABLE,absolute_mismatch_area,0,1,delay_1_minus_0,1,operational,128,0.21678779199563175,0.005630868506908324,0.20575128972209145,0.22782429426917206,0.2073088746723863,0.13073476056249483,0.16917662427984592,0.2540519486584754,0.294388055572677,0.32643660038120625,1.0,128,0,
434,collateral_delay_contrast,empirical_crypto__joint_crypto_high_correlation,STABLE,absolute_mismatch_area,1,2,delay_2_minus_1,1,operational,128,0.06313831983764524,0.002098175570363703,0.05902589571973239,0.0672507439555581,0.060554469432182456,0.03140678601641491,0.04545008425926722,0.07663285844727245,0.0934568610803272,0.10168429994085541,1.0,128,0,
435,collateral_delay_contrast,empirical_crypto__joint_crypto_high_correlation,STABLE,absolute_mismatch_area,0,2,delay_2_minus_0,1,operational,128,0.279926111833277,0.007574439482808128,0.26508021044697305,0.2947720132195809,0.2636591684903259,0.16176209601114214,0.21502646015895685,0.3287765810185308,0.39540492448891296,0.41796927520192195,1.0,128,0,
436,collateral_delay_contrast,empirical_crypto__joint_crypto_high_correlation,STABLE,peak_absolute_mismatch,0,1,delay_1_minus_0,1,operational,128,0.004108239993239856,0.0004210265042531714,0.00328302804490364,0.0049334519415760725,0.0030199408850500402,0.0016448997944350217,0.0024159022377500837,0.0037714545146898836,0.005751865249169963,0.00925530345980001,1.0,128,0,
437,collateral_delay_contrast,empirical_crypto__joint_crypto_high_correlation,STABLE,peak_absolute_mismatch,1,2,delay_2_minus_1,1,operational,128,0.0009835619469484008,0.0001107464382315738,0.0007664989280145161,0.0012006249658822854,0.0005523725598065244,-0.0003305317061638907,0.00015148894780121942,0.0013104135933800613,0.0028190044134099508,0.003894088037510026,0.8515625,109,19,
438,collateral_delay_contrast,empirical_crypto__joint_crypto_high_correlation,STABLE,peak_absolute_mismatch,0,2,delay_2_minus_0,1,operational,128,0.005091801940188257,0.0005005816213660338,0.004110661962310831,0.0060729419180656835,0.003627243587013586,0.0019005490873221854,0.002845059574920039,0.004747509267116025,0.0076070975846900864,0.013149391497310075,1.0,128,0,
439,collateral_delay_contrast,empirical_crypto__joint_crypto_high_correlation,STABLE,oracle_overvaluation_area,0,1,delay_1_minus_0,1,operational,128,0.10861851482948176,0.0028319194131665782,0.10306795277967527,0.11416907687928825,0.10408849971566371,0.06575661870374272,0.08507344572540035,0.1262771195369337,0.14802124048459578,0.16324090540885247,1.0,128,0,
440,collateral_delay_contrast,empirical_crypto__joint_crypto_high_correlation,STABLE,oracle_overvaluation_area,1,2,delay_2_minus_1,1,operational,128,0.03179424523419347,0.0010870047376268517,0.02966371594844484,0.0339247745199421,0.030190384714378536,0.015326121776816292,0.022380176633233387,0.03878577149059806,0.04747516767947659,0.05226297774832328,1.0,128,0,
441,collateral_delay_contrast,empirical_crypto__joint_crypto_high_correlation,STABLE,oracle_overvaluation_area,0,2,delay_2_minus_0,1,operational,128,0.1404127600636752,0.0038336923893369087,0.13289872298057487,0.14792679714677553,0.13219747657953923,0.08082570074545686,0.10705624435531941,0.16550665252673208,0.19657857729740286,0.2093955156893018,1.0,128,0,
442,collateral_delay_contrast,empirical_crypto__joint_crypto_high_correlation,STABLE,peak_oracle_overvaluation,0,1,delay_1_minus_0,1,operational,128,0.0038967374618550047,0.00042399825480440937,0.003065700882438362,0.004727774041271647,0.0028717414404899637,0.001508561265789015,0.002058439935960053,0.0037677697893700153,0.004834119051309962,0.00925530345980001,1.0,128,0,
443,collateral_delay_contrast,empirical_crypto__joint_crypto_high_correlation,STABLE,peak_oracle_overvaluation,1,2,delay_2_minus_1,1,operational,128,0.0008949571411784941,0.00010769419528966785,0.000683876518410745,0.001106037763946243,0.00045640036777099056,-0.0005069449229592225,0.00015454537357904375,0.0012478188573248749,0.0029607411415899713,0.003370194286319997,0.8359375,107,21,
444,collateral_delay_contrast,empirical_crypto__joint_crypto_high_correlation,STABLE,peak_oracle_overvaluation,0,2,delay_2_minus_0,1,operational,128,0.004791694603033499,0.0005009176911868854,0.0038098959283072035,0.0057734932777597945,0.003329427229319973,0.001636282569613882,0.0025069269986520235,0.004268198279157552,0.0076070975846900864,0.012625497746120007,1.0,128,0,
445,collateral_delay_contrast,empirical_crypto__joint_crypto_high_correlation,STABLE,oracle_undervaluation_area,0,1,delay_1_minus_0,1,operational,128,0.10816927716614999,0.002816750151297928,0.10264844686960606,0.11369010746269392,0.102951575946334,0.0649781418587521,0.08441011366656093,0.12588656190196557,0.1472849987194659,0.16134494443445027,1.0,128,0,
446,collateral_delay_contrast,empirical_crypto__joint_crypto_high_correlation,STABLE,oracle_undervaluation_area,1,2,delay_2_minus_1,1,operational,128,0.03134407460345177,0.0010577799153904063,0.02927082596928657,0.03341732323761697,0.028710757717168425,0.01568193299584652,0.022358242879515117,0.03840306404613662,0.04694188027873313,0.04963915141311753,1.0,128,0,
447,collateral_delay_contrast,empirical_crypto__joint_crypto_high_correlation,STABLE,oracle_undervaluation_area,0,2,delay_2_minus_0,1,operational,128,0.13951335176960178,0.0037930952424415146,0.1320788850944164,0.14694781844478716,0.13123260831434735,0.08207570513304246,0.10688556471962743,0.1637914968895278,0.19882634719151013,0.2087583004964632,1.0,128,0,
448,collateral_delay_contrast,empirical_crypto__joint_crypto_high_correlation,STABLE,peak_oracle_undervaluation,0,1,delay_1_minus_0,1,operational,128,0.003204867654668129,0.000186339601728693,0.002839642035279891,0.003570093274056367,0.0026812665727349748,0.0014441181146725146,0.0020500807238675893,0.0033612099265500983,0.005751865249169963,0.00820791207594008,1.0,128,0,
449,collateral_delay_contrast,empirical_crypto__joint_crypto_high_correlation,STABLE,peak_oracle_undervaluation,1,2,delay_2_minus_1,1,operational,128,0.0009085526975306128,0.00010683847707825435,0.0006991492824572343,0.0011179561126039913,0.000566167542534665,-9.335457974475147e-05,0.00015148894780127472,0.001189491244094975,0.0018391419191539696,0.004764598400969825,0.8359375,107,21,
450,collateral_delay_contrast,empirical_crypto__joint_crypto_high_correlation,STABLE,peak_oracle_undervaluation,0,2,delay_2_minus_0,1,operational,128,0.004113420352198742,0.0002680079238701897,0.00358812482141317,0.004638715882984314,0.003261087013346951,0.00164308191226721,0.0025372076386734935,0.0039659298760289265,0.007467852012940019,0.013149391497309999,1.0,128,0,
451,collateral_delay_contrast,empirical_crypto__joint_crypto_high_correlation,STABLE,mismatch_hours,0,1,delay_1_minus_0,1,operational,128,766.96875,0.015439349844538378,766.9384888743047,766.9990111256953,767.0,767.0,767.0,767.0,767.0,767.0,1.0,128,0,
452,collateral_delay_contrast,empirical_crypto__joint_crypto_high_correlation,STABLE,mismatch_hours,1,2,delay_2_minus_1,1,operational,128,0.0,0.022183912735402843,-0.04348046896138957,0.04348046896138957,0.0,0.0,0.0,0.0,0.0,0.0,0.03125,4,4,
453,collateral_delay_contrast,empirical_crypto__joint_crypto_high_correlation,STABLE,mismatch_hours,0,2,delay_2_minus_0,1,operational,128,766.96875,0.015439349844538378,766.9384888743047,766.9990111256953,767.0,767.0,767.0,767.0,767.0,767.0,1.0,128,0,
454,collateral_delay_contrast,empirical_crypto__joint_crypto_high_correlation,STABLE,mismatch_hours_above_tolerance,0,1,delay_1_minus_0,1,operational,128,766.71875,0.05312282881158421,766.6146292555293,766.8228707444707,767.0,766.0,767.0,767.0,767.0,767.0,1.0,128,0,
455,collateral_delay_contrast,empirical_crypto__joint_crypto_high_correlation,STABLE,mismatch_hours_above_tolerance,1,2,delay_2_minus_1,1,operational,128,0.1796875,0.0650877603999999,0.05211548961600018,0.3072595103839998,0.0,-1.0,0.0,0.0,1.0,1.0,0.2265625,29,11,
456,collateral_delay_contrast,empirical_crypto__joint_crypto_high_correlation,STABLE,mismatch_hours_above_tolerance,0,2,delay_2_minus_0,1,operational,128,766.8984375,0.03105716834263224,766.8375654500485,766.9593095499515,767.0,766.0,767.0,767.0,767.0,767.0,1.0,128,0,
457,collateral_delay_contrast,empirical_crypto__joint_crypto_high_correlation,STABLE,false_safe_vault_hours,0,1,delay_1_minus_0,1,operational,128,0.0,0.0,0.0,0.0,0.0,0.0,0.0,0.0,0.0,0.0,0.0,0,0,
458,collateral_delay_contrast,empirical_crypto__joint_crypto_high_correlation,STABLE,false_safe_vault_hours,1,2,delay_2_minus_1,1,operational,128,0.0,0.0,0.0,0.0,0.0,0.0,0.0,0.0,0.0,0.0,0.0,0,0,
459,collateral_delay_contrast,empirical_crypto__joint_crypto_high_correlation,STABLE,false_safe_vault_hours,0,2,delay_2_minus_0,1,operational,128,0.0,0.0,0.0,0.0,0.0,0.0,0.0,0.0,0.0,0.0,0.0,0,0,
460,collateral_delay_contrast,empirical_crypto__joint_crypto_high_correlation,STABLE,false_safe_debt_hours,0,1,delay_1_minus_0,1,operational,128,0.0,0.0,0.0,0.0,0.0,0.0,0.0,0.0,0.0,0.0,0.0,0,0,
461,collateral_delay_contrast,empirical_crypto__joint_crypto_high_correlation,STABLE,false_safe_debt_hours,1,2,delay_2_minus_1,1,operational,128,0.0,0.0,0.0,0.0,0.0,0.0,0.0,0.0,0.0,0.0,0.0,0,0,
462,collateral_delay_contrast,empirical_crypto__joint_crypto_high_correlation,STABLE,false_safe_debt_hours,0,2,delay_2_minus_0,1,operational,128,0.0,0.0,0.0,0.0,0.0,0.0,0.0,0.0,0.0,0.0,0.0,0,0,
463,collateral_delay_contrast,empirical_crypto__joint_crypto_high_correlation,STABLE,peak_false_safe_debt,0,1,delay_1_minus_0,1,operational,128,0.0,0.0,0.0,0.0,0.0,0.0,0.0,0.0,0.0,0.0,0.0,0,0,
464,collateral_delay_contrast,empirical_crypto__joint_crypto_high_correlation,STABLE,peak_false_safe_debt,1,2,delay_2_minus_1,1,operational,128,0.0,0.0,0.0,0.0,0.0,0.0,0.0,0.0,0.0,0.0,0.0,0,0,
465,collateral_delay_contrast,empirical_crypto__joint_crypto_high_correlation,STABLE,peak_false_safe_debt,0,2,delay_2_minus_0,1,operational,128,0.0,0.0,0.0,0.0,0.0,0.0,0.0,0.0,0.0,0.0,0.0,0,0,
466,collateral_delay_contrast,empirical_crypto__joint_crypto_high_correlation,STABLE,false_unsafe_vault_hours,0,1,delay_1_minus_0,1,operational,128,0.0,0.0,0.0,0.0,0.0,0.0,0.0,0.0,0.0,0.0,0.0,0,0,
467,collateral_delay_contrast,empirical_crypto__joint_crypto_high_correlation,STABLE,false_unsafe_vault_hours,1,2,delay_2_minus_1,1,operational,128,0.0,0.0,0.0,0.0,0.0,0.0,0.0,0.0,0.0,0.0,0.0,0,0,
468,collateral_delay_contrast,empirical_crypto__joint_crypto_high_correlation,STABLE,false_unsafe_vault_hours,0,2,delay_2_minus_0,1,operational,128,0.0,0.0,0.0,0.0,0.0,0.0,0.0,0.0,0.0,0.0,0.0,0,0,
469,collateral_delay_contrast,empirical_crypto__joint_crypto_high_correlation,STABLE,false_unsafe_debt_hours,0,1,delay_1_minus_0,1,operational,128,0.0,0.0,0.0,0.0,0.0,0.0,0.0,0.0,0.0,0.0,0.0,0,0,
470,collateral_delay_contrast,empirical_crypto__joint_crypto_high_correlation,STABLE,false_unsafe_debt_hours,1,2,delay_2_minus_1,1,operational,128,0.0,0.0,0.0,0.0,0.0,0.0,0.0,0.0,0.0,0.0,0.0,0,0,
471,collateral_delay_contrast,empirical_crypto__joint_crypto_high_correlation,STABLE,false_unsafe_debt_hours,0,2,delay_2_minus_0,1,operational,128,0.0,0.0,0.0,0.0,0.0,0.0,0.0,0.0,0.0,0.0,0.0,0,0,
472,collateral_delay_contrast,empirical_crypto__joint_crypto_high_correlation,STABLE,peak_false_unsafe_debt,0,1,delay_1_minus_0,1,operational,128,0.0,0.0,0.0,0.0,0.0,0.0,0.0,0.0,0.0,0.0,0.0,0,0,
473,collateral_delay_contrast,empirical_crypto__joint_crypto_high_correlation,STABLE,peak_false_unsafe_debt,1,2,delay_2_minus_1,1,operational,128,0.0,0.0,0.0,0.0,0.0,0.0,0.0,0.0,0.0,0.0,0.0,0,0,
474,collateral_delay_contrast,empirical_crypto__joint_crypto_high_correlation,STABLE,peak_false_unsafe_debt,0,2,delay_2_minus_0,1,operational,128,0.0,0.0,0.0,0.0,0.0,0.0,0.0,0.0,0.0,0.0,0.0,0,0,
475,collateral_delay_contrast,empirical_crypto__joint_crypto_high_correlation,STABLE,eligible_liquidation_tab,0,1,delay_1_minus_0,1,operational,128,0.0,0.0,0.0,0.0,0.0,0.0,0.0,0.0,0.0,0.0,0.0,0,0,
476,collateral_delay_contrast,empirical_crypto__joint_crypto_high_correlation,STABLE,eligible_liquidation_tab,1,2,delay_2_minus_1,1,operational,128,0.0,0.0,0.0,0.0,0.0,0.0,0.0,0.0,0.0,0.0,0.0,0,0,
477,collateral_delay_contrast,empirical_crypto__joint_crypto_high_correlation,STABLE,eligible_liquidation_tab,0,2,delay_2_minus_0,1,operational,128,0.0,0.0,0.0,0.0,0.0,0.0,0.0,0.0,0.0,0.0,0.0,0,0,
478,collateral_delay_contrast,empirical_crypto__joint_crypto_high_correlation,STABLE,selected_count,0,1,delay_1_minus_0,1,operational,128,0.0,0.0,0.0,0.0,0.0,0.0,0.0,0.0,0.0,0.0,0.0,0,0,
479,collateral_delay_contrast,empirical_crypto__joint_crypto_high_correlation,STABLE,selected_count,1,2,delay_2_minus_1,1,operational,128,0.0,0.0,0.0,0.0,0.0,0.0,0.0,0.0,0.0,0.0,0.0,0,0,
480,collateral_delay_contrast,empirical_crypto__joint_crypto_high_correlation,STABLE,selected_count,0,2,delay_2_minus_0,1,operational,128,0.0,0.0,0.0,0.0,0.0,0.0,0.0,0.0,0.0,0.0,0.0,0,0,
481,collateral_delay_contrast,empirical_crypto__joint_crypto_high_correlation,STABLE,rejected_count,0,1,delay_1_minus_0,1,operational,128,0.0,0.0,0.0,0.0,0.0,0.0,0.0,0.0,0.0,0.0,0.0,0,0,
482,collateral_delay_contrast,empirical_crypto__joint_crypto_high_correlation,STABLE,rejected_count,1,2,delay_2_minus_1,1,operational,128,0.0,0.0,0.0,0.0,0.0,0.0,0.0,0.0,0.0,0.0,0.0,0,0,
483,collateral_delay_contrast,empirical_crypto__joint_crypto_high_correlation,STABLE,rejected_count,0,2,delay_2_minus_0,1,operational,128,0.0,0.0,0.0,0.0,0.0,0.0,0.0,0.0,0.0,0.0,0.0,0,0,
484,collateral_delay_contrast,empirical_crypto__joint_crypto_high_correlation,STABLE,successful_closure_count,0,1,delay_1_minus_0,1,operational,128,0.0,0.0,0.0,0.0,0.0,0.0,0.0,0.0,0.0,0.0,0.0,0,0,
485,collateral_delay_contrast,empirical_crypto__joint_crypto_high_correlation,STABLE,successful_closure_count,1,2,delay_2_minus_1,1,operational,128,0.0,0.0,0.0,0.0,0.0,0.0,0.0,0.0,0.0,0.0,0.0,0,0,
486,collateral_delay_contrast,empirical_crypto__joint_crypto_high_correlation,STABLE,successful_closure_count,0,2,delay_2_minus_0,1,operational,128,0.0,0.0,0.0,0.0,0.0,0.0,0.0,0.0,0.0,0.0,0.0,0,0,
487,collateral_delay_contrast,empirical_crypto__joint_crypto_high_correlation,STABLE,liquidated_debt,0,1,delay_1_minus_0,1,operational,128,0.0,0.0,0.0,0.0,0.0,0.0,0.0,0.0,0.0,0.0,0.0,0,0,
488,collateral_delay_contrast,empirical_crypto__joint_crypto_high_correlation,STABLE,liquidated_debt,1,2,delay_2_minus_1,1,operational,128,0.0,0.0,0.0,0.0,0.0,0.0,0.0,0.0,0.0,0.0,0.0,0,0,
489,collateral_delay_contrast,empirical_crypto__joint_crypto_high_correlation,STABLE,liquidated_debt,0,2,delay_2_minus_0,1,operational,128,0.0,0.0,0.0,0.0,0.0,0.0,0.0,0.0,0.0,0.0,0.0,0,0,
490,collateral_delay_contrast,empirical_crypto__joint_crypto_high_correlation,STABLE,terminal_unresolved_tab,0,1,delay_1_minus_0,1,operational,128,0.0,0.0,0.0,0.0,0.0,0.0,0.0,0.0,0.0,0.0,0.0,0,0,
491,collateral_delay_contrast,empirical_crypto__joint_crypto_high_correlation,STABLE,terminal_unresolved_tab,1,2,delay_2_minus_1,1,operational,128,0.0,0.0,0.0,0.0,0.0,0.0,0.0,0.0,0.0,0.0,0.0,0,0,
492,collateral_delay_contrast,empirical_crypto__joint_crypto_high_correlation,STABLE,terminal_unresolved_tab,0,2,delay_2_minus_0,1,operational,128,0.0,0.0,0.0,0.0,0.0,0.0,0.0,0.0,0.0,0.0,0.0,0,0,
493,collateral_delay_contrast,empirical_crypto__joint_crypto_high_correlation,STABLE,backlog_area,0,1,delay_1_minus_0,1,operational,128,0.0,0.0,0.0,0.0,0.0,0.0,0.0,0.0,0.0,0.0,0.0,0,0,
494,collateral_delay_contrast,empirical_crypto__joint_crypto_high_correlation,STABLE,backlog_area,1,2,delay_2_minus_1,1,operational,128,0.0,0.0,0.0,0.0,0.0,0.0,0.0,0.0,0.0,0.0,0.0,0,0,
495,collateral_delay_contrast,empirical_crypto__joint_crypto_high_correlation,STABLE,backlog_area,0,2,delay_2_minus_0,1,operational,128,0.0,0.0,0.0,0.0,0.0,0.0,0.0,0.0,0.0,0.0,0.0,0,0,
496,collateral_delay_contrast,empirical_crypto__joint_crypto_high_correlation,STABLE,maximum_backlog,0,1,delay_1_minus_0,1,operational,128,0.0,0.0,0.0,0.0,0.0,0.0,0.0,0.0,0.0,0.0,0.0,0,0,
497,collateral_delay_contrast,empirical_crypto__joint_crypto_high_correlation,STABLE,maximum_backlog,1,2,delay_2_minus_1,1,operational,128,0.0,0.0,0.0,0.0,0.0,0.0,0.0,0.0,0.0,0.0,0.0,0,0,
498,collateral_delay_contrast,empirical_crypto__joint_crypto_high_correlation,STABLE,maximum_backlog,0,2,delay_2_minus_0,1,operational,128,0.0,0.0,0.0,0.0,0.0,0.0,0.0,0.0,0.0,0.0,0.0,0,0,
499,collateral_delay_contrast,empirical_crypto__joint_crypto_high_correlation,STABLE,terminal_active_bad_debt,0,1,delay_1_minus_0,1,operational,128,0.0,0.0,0.0,0.0,0.0,0.0,0.0,0.0,0.0,0.0,0.0,0,0,
500,collateral_delay_contrast,empirical_crypto__joint_crypto_high_correlation,STABLE,terminal_active_bad_debt,1,2,delay_2_minus_1,1,operational,128,0.0,0.0,0.0,0.0,0.0,0.0,0.0,0.0,0.0,0.0,0.0,0,0,
501,collateral_delay_contrast,empirical_crypto__joint_crypto_high_correlation,STABLE,terminal_active_bad_debt,0,2,delay_2_minus_0,1,operational,128,0.0,0.0,0.0,0.0,0.0,0.0,0.0,0.0,0.0,0.0,0.0,0,0,
502,collateral_delay_contrast,empirical_crypto__joint_crypto_high_correlation,STABLE,realised_bad_debt,0,1,delay_1_minus_0,1,operational,128,0.0,0.0,0.0,0.0,0.0,0.0,0.0,0.0,0.0,0.0,0.0,0,0,
503,collateral_delay_contrast,empirical_crypto__joint_crypto_high_correlation,STABLE,realised_bad_debt,1,2,delay_2_minus_1,1,operational,128,0.0,0.0,0.0,0.0,0.0,0.0,0.0,0.0,0.0,0.0,0.0,0,0,
504,collateral_delay_contrast,empirical_crypto__joint_crypto_high_correlation,STABLE,realised_bad_debt,0,2,delay_2_minus_0,1,operational,128,0.0,0.0,0.0,0.0,0.0,0.0,0.0,0.0,0.0,0.0,0.0,0,0,
505,collateral_delay_contrast,empirical_crypto__joint_crypto_high_correlation,STABLE,keeper_profit_proxy,0,1,delay_1_minus_0,1,operational,128,0.0,0.0,0.0,0.0,0.0,0.0,0.0,0.0,0.0,0.0,0.0,0,0,
506,collateral_delay_contrast,empirical_crypto__joint_crypto_high_correlation,STABLE,keeper_profit_proxy,1,2,delay_2_minus_1,1,operational,128,0.0,0.0,0.0,0.0,0.0,0.0,0.0,0.0,0.0,0.0,0.0,0,0,
507,collateral_delay_contrast,empirical_crypto__joint_crypto_high_correlation,STABLE,keeper_profit_proxy,0,2,delay_2_minus_0,1,operational,128,0.0,0.0,0.0,0.0,0.0,0.0,0.0,0.0,0.0,0.0,0.0,0,0,
508,raw_delay_contrast,stable_supported__joint_crypto_stable_stress,,debt_weighted_absolute_mismatch_area,0,1,delay_1_minus_0,1,operational,128,2.299468558614603,0.03861916474242258,2.223774995719455,2.375162121509751,2.2143366964004834,1.7191241097770984,1.9935489441914531,2.5667542594248585,2.9235093398755834,3.126625958039392,1.0,128,0,
509,direction_normalised_deterioration,stable_supported__joint_crypto_stable_stress,,debt_weighted_absolute_mismatch_area,0,1,delay_1_minus_0,1,operational,128,2.299468558614603,0.03861916474242258,2.223774995719455,2.375162121509751,2.2143366964004834,1.7191241097770984,1.9935489441914531,2.5667542594248585,2.9235093398755834,3.126625958039392,1.0,128,0,
510,raw_delay_contrast,stable_supported__joint_crypto_stable_stress,,debt_weighted_absolute_mismatch_area,1,2,delay_2_minus_1,1,operational,128,1.4214546941172586,0.022052517536577953,1.3782317597455658,1.4646776284889513,1.3989434510871928,1.1046974819127253,1.2390227381456616,1.555101201151718,1.7490800415458558,1.8620698627782657,1.0,128,0,
511,direction_normalised_deterioration,stable_supported__joint_crypto_stable_stress,,debt_weighted_absolute_mismatch_area,1,2,delay_2_minus_1,1,operational,128,1.4214546941172586,0.022052517536577953,1.3782317597455658,1.4646776284889513,1.3989434510871928,1.1046974819127253,1.2390227381456616,1.555101201151718,1.7490800415458558,1.8620698627782657,1.0,128,0,
512,raw_delay_contrast,stable_supported__joint_crypto_stable_stress,,debt_weighted_absolute_mismatch_area,0,2,delay_2_minus_0,1,operational,128,3.720923252731862,0.06006471409303552,3.6031964131095124,3.8386500923542117,3.6270212254648957,2.827963054331983,3.2429782097207656,4.160908093141787,4.764690629735365,4.967883526951881,1.0,128,0,
513,direction_normalised_deterioration,stable_supported__joint_crypto_stable_stress,,debt_weighted_absolute_mismatch_area,0,2,delay_2_minus_0,1,operational,128,3.720923252731862,0.06006471409303552,3.6031964131095124,3.8386500923542117,3.6270212254648957,2.827963054331983,3.2429782097207656,4.160908093141787,4.764690629735365,4.967883526951881,1.0,128,0,
514,response_shape_classification,stable_supported__joint_crypto_stable_stress,,debt_weighted_absolute_mismatch_area,0,2,delay_2_minus_0,1,operational,128,3.720923252731862,0.06006471409303552,3.6031964131095124,3.8386500923542117,3.6270212254648957,2.827963054331983,3.2429782097207656,4.160908093141787,4.764690629735365,4.967883526951881,1.0,128,0,monotonic_deterioration
515,raw_delay_contrast,stable_supported__joint_crypto_stable_stress,,debt_weighted_overvaluation_area,0,1,delay_1_minus_0,1,operational,128,1.13679097758655,0.020511247259695276,1.0965889329575471,1.1769930222155527,1.1093694610124774,0.8309783129160574,0.9542835462854448,1.2833631695866816,1.454834880922364,1.5685125835097078,1.0,128,0,
516,direction_normalised_deterioration,stable_supported__joint_crypto_stable_stress,,debt_weighted_overvaluation_area,0,1,delay_1_minus_0,1,operational,128,1.13679097758655,0.020511247259695276,1.0965889329575471,1.1769930222155527,1.1093694610124774,0.8309783129160574,0.9542835462854448,1.2833631695866816,1.454834880922364,1.5685125835097078,1.0,128,0,
517,raw_delay_contrast,stable_supported__joint_crypto_stable_stress,,debt_weighted_overvaluation_area,1,2,delay_2_minus_1,1,operational,128,0.697955096761786,0.012826825922606854,0.6728145179534766,0.7230956755700955,0.690810650749176,0.5083846677151814,0.585061422125974,0.7678243163667442,0.8670527242264334,0.9540365692692093,1.0,128,0,
518,direction_normalised_deterioration,stable_supported__joint_crypto_stable_stress,,debt_weighted_overvaluation_area,1,2,delay_2_minus_1,1,operational,128,0.697955096761786,0.012826825922606854,0.6728145179534766,0.7230956755700955,0.690810650749176,0.5083846677151814,0.585061422125974,0.7678243163667442,0.8670527242264334,0.9540365692692093,1.0,128,0,
519,raw_delay_contrast,stable_supported__joint_crypto_stable_stress,,debt_weighted_overvaluation_area,0,2,delay_2_minus_0,1,operational,128,1.834746074348336,0.03291705799668369,1.770228640674836,1.8992635080218359,1.8144151207805654,1.351936400103199,1.537036364832682,2.058536561684472,2.345173362594814,2.4921720538266774,1.0,128,0,
520,direction_normalised_deterioration,stable_supported__joint_crypto_stable_stress,,debt_weighted_overvaluation_area,0,2,delay_2_minus_0,1,operational,128,1.834746074348336,0.03291705799668369,1.770228640674836,1.8992635080218359,1.8144151207805654,1.351936400103199,1.537036364832682,2.058536561684472,2.345173362594814,2.4921720538266774,1.0,128,0,
521,response_shape_classification,stable_supported__joint_crypto_stable_stress,,debt_weighted_overvaluation_area,0,2,delay_2_minus_0,1,operational,128,1.834746074348336,0.03291705799668369,1.770228640674836,1.8992635080218359,1.8144151207805654,1.351936400103199,1.537036364832682,2.058536561684472,2.345173362594814,2.4921720538266774,1.0,128,0,monotonic_deterioration
522,raw_delay_contrast,stable_supported__joint_crypto_stable_stress,,debt_weighted_undervaluation_area,0,1,delay_1_minus_0,1,operational,128,1.1626775810280534,0.019995896539028616,1.1234856238115574,1.2018695382445495,1.1405741051622007,0.844410719846377,1.0019870548748646,1.3206182962319768,1.476918260715515,1.56562087954031,1.0,128,0,
523,direction_normalised_deterioration,stable_supported__joint_crypto_stable_stress,,debt_weighted_undervaluation_area,0,1,delay_1_minus_0,1,operational,128,1.1626775810280534,0.019995896539028616,1.1234856238115574,1.2018695382445495,1.1405741051622007,0.844410719846377,1.0019870548748646,1.3206182962319768,1.476918260715515,1.56562087954031,1.0,128,0,
524,raw_delay_contrast,stable_supported__joint_crypto_stable_stress,,debt_weighted_undervaluation_area,1,2,delay_2_minus_1,1,operational,128,0.7234995973554725,0.012373000209868402,0.6992485169441305,0.7477506777668146,0.7061172044189674,0.5181775368598671,0.6277185691094225,0.8213195032021913,0.9036833378867343,0.9558206728537806,1.0,128,0,
525,direction_normalised_deterioration,stable_supported__joint_crypto_stable_stress,,debt_weighted_undervaluation_area,1,2,delay_2_minus_1,1,operational,128,0.7234995973554725,0.012373000209868402,0.6992485169441305,0.7477506777668146,0.7061172044189674,0.5181775368598671,0.6277185691094225,0.8213195032021913,0.9036833378867343,0.9558206728537806,1.0,128,0,
526,raw_delay_contrast,stable_supported__joint_crypto_stable_stress,,debt_weighted_undervaluation_area,0,2,delay_2_minus_0,1,operational,128,1.8861771783835262,0.03191999664586154,1.8236139849576376,1.9487403718094147,1.8222544524742237,1.3750313688562554,1.629915193966983,2.133449649515035,2.3798965517559183,2.522081204168105,1.0,128,0,
527,direction_normalised_deterioration,stable_supported__joint_crypto_stable_stress,,debt_weighted_undervaluation_area,0,2,delay_2_minus_0,1,operational,128,1.8861771783835262,0.03191999664586154,1.8236139849576376,1.9487403718094147,1.8222544524742237,1.3750313688562554,1.629915193966983,2.133449649515035,2.3798965517559183,2.522081204168105,1.0,128,0,
528,response_shape_classification,stable_supported__joint_crypto_stable_stress,,debt_weighted_undervaluation_area,0,2,delay_2_minus_0,1,operational,128,1.8861771783835262,0.03191999664586154,1.8236139849576376,1.9487403718094147,1.8222544524742237,1.3750313688562554,1.629915193966983,2.133449649515035,2.3798965517559183,2.522081204168105,1.0,128,0,monotonic_deterioration
529,raw_delay_contrast,stable_supported__joint_crypto_stable_stress,,peak_debt_weighted_mismatch,0,1,delay_1_minus_0,1,operational,128,0.11714393892208075,0.0004490033846932622,0.11626389228808195,0.11802398555607954,0.11714666703646964,0.10905902111109109,0.1154516952680755,0.1190047249596746,0.12143751253895317,0.12532815420200863,1.0,128,0,
530,direction_normalised_deterioration,stable_supported__joint_crypto_stable_stress,,peak_debt_weighted_mismatch,0,1,delay_1_minus_0,1,operational,128,0.11714393892208075,0.0004490033846932622,0.11626389228808195,0.11802398555607954,0.11714666703646964,0.10905902111109109,0.1154516952680755,0.1190047249596746,0.12143751253895317,0.12532815420200863,1.0,128,0,
531,raw_delay_contrast,stable_supported__joint_crypto_stable_stress,,peak_debt_weighted_mismatch,1,2,delay_2_minus_1,1,operational,128,0.002008680719298092,0.00035607070850636864,0.0013107821306256096,0.0027065793079705746,0.0012419716953276164,-0.002152362284000059,7.822384261081672e-05,0.002787821036283153,0.005950974231103856,0.007183729866801984,0.765625,98,30,
532,direction_normalised_deterioration,stable_supported__joint_crypto_stable_stress,,peak_debt_weighted_mismatch,1,2,delay_2_minus_1,1,operational,128,0.002008680719298092,0.00035607070850636864,0.0013107821306256096,0.0027065793079705746,0.0012419716953276164,-0.002152362284000059,7.822384261081672e-05,0.002787821036283153,0.005950974231103856,0.007183729866801984,0.765625,98,30,
533,raw_delay_contrast,stable_supported__joint_crypto_stable_stress,,peak_debt_weighted_mismatch,0,2,delay_2_minus_0,1,operational,128,0.11915261964137885,0.0006702515041534725,0.11783892669323805,0.12046631258951966,0.11858543518570779,0.10886456352640057,0.11583629032237966,0.12182849647365385,0.12701561001127365,0.12968177262781763,1.0,128,0,
534,direction_normalised_deterioration,stable_supported__joint_crypto_stable_stress,,peak_debt_weighted_mismatch,0,2,delay_2_minus_0,1,operational,128,0.11915261964137885,0.0006702515041534725,0.11783892669323805,0.12046631258951966,0.11858543518570779,0.10886456352640057,0.11583629032237966,0.12182849647365385,0.12701561001127365,0.12968177262781763,1.0,128,0,
535,response_shape_classification,stable_supported__joint_crypto_stable_stress,,peak_debt_weighted_mismatch,0,2,delay_2_minus_0,1,operational,128,0.11915261964137885,0.0006702515041534725,0.11783892669323805,0.12046631258951966,0.11858543518570779,0.10886456352640057,0.11583629032237966,0.12182849647365385,0.12701561001127365,0.12968177262781763,1.0,128,0,monotonic_deterioration
536,raw_delay_contrast,stable_supported__joint_crypto_stable_stress,,false_safe_vault_hours,0,1,delay_1_minus_0,1,operational,128,2.734375,0.6936229112329009,1.3748740939835142,4.0938759060164855,0.0,0.0,0.0,0.25,9.0,17.64999999999999,0.25,32,0,
537,direction_normalised_deterioration,stable_supported__joint_crypto_stable_stress,,false_safe_vault_hours,0,1,delay_1_minus_0,1,operational,128,2.734375,0.6936229112329009,1.3748740939835142,4.0938759060164855,0.0,0.0,0.0,0.25,9.0,17.64999999999999,0.25,32,0,
538,raw_delay_contrast,stable_supported__joint_crypto_stable_stress,,false_safe_vault_hours,1,2,delay_2_minus_1,1,operational,128,2.2890625,0.6007246632461782,1.1116421600374906,3.4664828399625094,0.0,0.0,0.0,0.25,7.0,15.649999999999991,0.25,32,0,
539,direction_normalised_deterioration,stable_supported__joint_crypto_stable_stress,,false_safe_vault_hours,1,2,delay_2_minus_1,1,operational,128,2.2890625,0.6007246632461782,1.1116421600374906,3.4664828399625094,0.0,0.0,0.0,0.25,7.0,15.649999999999991,0.25,32,0,
540,raw_delay_contrast,stable_supported__joint_crypto_stable_stress,,false_safe_vault_hours,0,2,delay_2_minus_0,1,operational,128,5.0234375,1.2904605726772889,2.494134777552514,7.552740222447486,0.0,0.0,0.0,0.5,16.299999999999997,33.29999999999998,0.25,32,0,
541,direction_normalised_deterioration,stable_supported__joint_crypto_stable_stress,,false_safe_vault_hours,0,2,delay_2_minus_0,1,operational,128,5.0234375,1.2904605726772889,2.494134777552514,7.552740222447486,0.0,0.0,0.0,0.5,16.299999999999997,33.29999999999998,0.25,32,0,
542,response_shape_classification,stable_supported__joint_crypto_stable_stress,,false_safe_vault_hours,0,2,delay_2_minus_0,1,operational,128,5.0234375,1.2904605726772889,2.494134777552514,7.552740222447486,0.0,0.0,0.0,0.5,16.299999999999997,33.29999999999998,0.25,32,0,monotonic_deterioration
543,raw_delay_contrast,stable_supported__joint_crypto_stable_stress,,false_safe_debt_hours,0,1,delay_1_minus_0,1,operational,128,17455.280336465883,6400.918552655968,4909.479973260186,30001.08069967158,0.0,0.0,0.0,121.94480604067365,11646.017723381081,65643.17756853867,0.25,32,0,
544,direction_normalised_deterioration,stable_supported__joint_crypto_stable_stress,,false_safe_debt_hours,0,1,delay_1_minus_0,1,operational,128,17455.280336465883,6400.918552655968,4909.479973260186,30001.08069967158,0.0,0.0,0.0,121.94480604067365,11646.017723381081,65643.17756853867,0.25,32,0,
545,raw_delay_contrast,stable_supported__joint_crypto_stable_stress,,false_safe_debt_hours,1,2,delay_2_minus_1,1,operational,128,14739.030079500264,6601.248462315567,1800.5830933617526,27677.477065638777,0.0,0.0,0.0,77.46585135736171,8726.007607172683,46794.702739667744,0.25,32,0,
546,direction_normalised_deterioration,stable_supported__joint_crypto_stable_stress,,false_safe_debt_hours,1,2,delay_2_minus_1,1,operational,128,14739.030079500264,6601.248462315567,1800.5830933617526,27677.477065638777,0.0,0.0,0.0,77.46585135736171,8726.007607172683,46794.702739667744,0.25,32,0,
547,raw_delay_contrast,stable_supported__joint_crypto_stable_stress,,false_safe_debt_hours,0,2,delay_2_minus_0,1,operational,128,32194.310415966153,12582.003995337058,7533.58258510552,56855.038246826785,0.0,0.0,0.0,201.5997507760695,20372.025330553763,124240.00270017234,0.25,32,0,
548,direction_normalised_deterioration,stable_supported__joint_crypto_stable_stress,,false_safe_debt_hours,0,2,delay_2_minus_0,1,operational,128,32194.310415966153,12582.003995337058,7533.58258510552,56855.038246826785,0.0,0.0,0.0,201.5997507760695,20372.025330553763,124240.00270017234,0.25,32,0,
549,response_shape_classification,stable_supported__joint_crypto_stable_stress,,false_safe_debt_hours,0,2,delay_2_minus_0,1,operational,128,32194.310415966153,12582.003995337058,7533.58258510552,56855.038246826785,0.0,0.0,0.0,201.5997507760695,20372.025330553763,124240.00270017234,0.25,32,0,monotonic_deterioration
550,raw_delay_contrast,stable_supported__joint_crypto_stable_stress,,peak_false_safe_debt,0,1,delay_1_minus_0,1,operational,128,11551.067884737782,4478.195228582305,2773.8052367164637,20328.3305327591,0.0,0.0,0.0,77.46585135736173,5161.134761669703,43380.65830838091,0.25,32,0,
551,direction_normalised_deterioration,stable_supported__joint_crypto_stable_stress,,peak_false_safe_debt,0,1,delay_1_minus_0,1,operational,128,11551.067884737782,4478.195228582305,2773.8052367164637,20328.3305327591,0.0,0.0,0.0,77.46585135736173,5161.134761669703,43380.65830838091,0.25,32,0,
552,raw_delay_contrast,stable_supported__joint_crypto_stable_stress,,peak_false_safe_debt,1,2,delay_2_minus_1,1,operational,128,404.32674168792715,186.3573861114112,39.066264909561255,769.587218466293,0.0,0.0,0.0,0.0,84.7582357695332,1410.9090236792679,0.109375,14,0,
553,direction_normalised_deterioration,stable_supported__joint_crypto_stable_stress,,peak_false_safe_debt,1,2,delay_2_minus_1,1,operational,128,404.32674168792715,186.3573861114112,39.066264909561255,769.587218466293,0.0,0.0,0.0,0.0,84.7582357695332,1410.9090236792679,0.109375,14,0,
554,raw_delay_contrast,stable_supported__joint_crypto_stable_stress,,peak_false_safe_debt,0,2,delay_2_minus_0,1,operational,128,11955.394626425707,4627.224441388045,2886.0347213051373,21024.754531546278,0.0,0.0,0.0,77.46585135736173,5314.674412028154,44505.77357493758,0.25,32,0,
555,direction_normalised_deterioration,stable_supported__joint_crypto_stable_stress,,peak_false_safe_debt,0,2,delay_2_minus_0,1,operational,128,11955.394626425707,4627.224441388045,2886.0347213051373,21024.754531546278,0.0,0.0,0.0,77.46585135736173,5314.674412028154,44505.77357493758,0.25,32,0,
556,response_shape_classification,stable_supported__joint_crypto_stable_stress,,peak_false_safe_debt,0,2,delay_2_minus_0,1,operational,128,11955.394626425707,4627.224441388045,2886.0347213051373,21024.754531546278,0.0,0.0,0.0,77.46585135736173,5314.674412028154,44505.77357493758,0.25,32,0,monotonic_deterioration
557,raw_delay_contrast,stable_supported__joint_crypto_stable_stress,,false_unsafe_vault_hours,0,1,delay_1_minus_0,1,operational,128,1.4609375,0.47951418263404355,0.5210897020372747,2.4007852979627256,0.0,0.0,0.0,0.0,4.299999999999997,7.0,0.1796875,23,0,
558,direction_normalised_deterioration,stable_supported__joint_crypto_stable_stress,,false_unsafe_vault_hours,0,1,delay_1_minus_0,1,operational,128,1.4609375,0.47951418263404355,0.5210897020372747,2.4007852979627256,0.0,0.0,0.0,0.0,4.299999999999997,7.0,0.1796875,23,0,
559,raw_delay_contrast,stable_supported__joint_crypto_stable_stress,,false_unsafe_vault_hours,1,2,delay_2_minus_1,1,operational,128,1.0703125,0.33149617463551867,0.42057999771438337,1.7200450022856166,0.0,0.0,0.0,0.0,2.0,6.0,0.1796875,23,1,
560,direction_normalised_deterioration,stable_supported__joint_crypto_stable_stress,,false_unsafe_vault_hours,1,2,delay_2_minus_1,1,operational,128,1.0703125,0.33149617463551867,0.42057999771438337,1.7200450022856166,0.0,0.0,0.0,0.0,2.0,6.0,0.1796875,23,1,
561,raw_delay_contrast,stable_supported__joint_crypto_stable_stress,,false_unsafe_vault_hours,0,2,delay_2_minus_0,1,operational,128,2.53125,0.7993089950617434,0.964604369678983,4.097895630321017,0.0,0.0,0.0,0.0,7.0,13.299999999999983,0.203125,26,0,
562,direction_normalised_deterioration,stable_supported__joint_crypto_stable_stress,,false_unsafe_vault_hours,0,2,delay_2_minus_0,1,operational,128,2.53125,0.7993089950617434,0.964604369678983,4.097895630321017,0.0,0.0,0.0,0.0,7.0,13.299999999999983,0.203125,26,0,
563,response_shape_classification,stable_supported__joint_crypto_stable_stress,,false_unsafe_vault_hours,0,2,delay_2_minus_0,1,operational,128,2.53125,0.7993089950617434,0.964604369678983,4.097895630321017,0.0,0.0,0.0,0.0,7.0,13.299999999999983,0.203125,26,0,monotonic_deterioration
564,raw_delay_contrast,stable_supported__joint_crypto_stable_stress,,false_unsafe_debt_hours,0,1,delay_1_minus_0,1,operational,128,7495.303142325063,3779.368422448536,87.74103432593256,14902.865250324194,0.0,0.0,0.0,0.0,3671.8640181359046,5843.905437220738,0.1796875,23,0,
565,direction_normalised_deterioration,stable_supported__joint_crypto_stable_stress,,false_unsafe_debt_hours,0,1,delay_1_minus_0,1,operational,128,7495.303142325063,3779.368422448536,87.74103432593256,14902.865250324194,0.0,0.0,0.0,0.0,3671.8640181359046,5843.905437220738,0.1796875,23,0,
566,raw_delay_contrast,stable_supported__joint_crypto_stable_stress,,false_unsafe_debt_hours,1,2,delay_2_minus_1,1,operational,128,8088.372678760674,5029.2562463264885,-1768.9695640392438,17945.71492156059,0.0,0.0,0.0,0.0,1838.267808407158,4609.637005508157,0.1796875,23,1,
567,direction_normalised_deterioration,stable_supported__joint_crypto_stable_stress,,false_unsafe_debt_hours,1,2,delay_2_minus_1,1,operational,128,8088.372678760674,5029.2562463264885,-1768.9695640392438,17945.71492156059,0.0,0.0,0.0,0.0,1838.267808407158,4609.637005508157,0.1796875,23,1,
568,raw_delay_contrast,stable_supported__joint_crypto_stable_stress,,false_unsafe_debt_hours,0,2,delay_2_minus_0,1,operational,128,15583.675821085737,7552.446621233444,780.8804434681879,30386.471198703286,0.0,0.0,0.0,0.0,5474.320556583698,10490.50881454296,0.203125,26,0,
569,direction_normalised_deterioration,stable_supported__joint_crypto_stable_stress,,false_unsafe_debt_hours,0,2,delay_2_minus_0,1,operational,128,15583.675821085737,7552.446621233444,780.8804434681879,30386.471198703286,0.0,0.0,0.0,0.0,5474.320556583698,10490.50881454296,0.203125,26,0,
570,response_shape_classification,stable_supported__joint_crypto_stable_stress,,false_unsafe_debt_hours,0,2,delay_2_minus_0,1,operational,128,15583.675821085737,7552.446621233444,780.8804434681879,30386.471198703286,0.0,0.0,0.0,0.0,5474.320556583698,10490.50881454296,0.203125,26,0,threshold_deterioration
571,raw_delay_contrast,stable_supported__joint_crypto_stable_stress,,peak_false_unsafe_debt,0,1,delay_1_minus_0,1,operational,128,5948.858447781397,3290.465565497081,-500.45406059288143,12398.170956155676,0.0,0.0,0.0,0.0,1497.3830489037173,4118.639016241832,0.1796875,23,0,
572,direction_normalised_deterioration,stable_supported__joint_crypto_stable_stress,,peak_false_unsafe_debt,0,1,delay_1_minus_0,1,operational,128,5948.858447781397,3290.465565497081,-500.45406059288143,12398.170956155676,0.0,0.0,0.0,0.0,1497.3830489037173,4118.639016241832,0.1796875,23,0,
573,raw_delay_contrast,stable_supported__joint_crypto_stable_stress,,peak_false_unsafe_debt,1,2,delay_2_minus_1,1,operational,128,2053.7493435095007,1783.5655816064163,-1442.039196439075,5549.537883458077,0.0,0.0,0.0,0.0,0.0,731.8364055067385,0.0859375,11,0,
574,direction_normalised_deterioration,stable_supported__joint_crypto_stable_stress,,peak_false_unsafe_debt,1,2,delay_2_minus_1,1,operational,128,2053.7493435095007,1783.5655816064163,-1442.039196439075,5549.537883458077,0.0,0.0,0.0,0.0,0.0,731.8364055067385,0.0859375,11,0,
575,raw_delay_contrast,stable_supported__joint_crypto_stable_stress,,peak_false_unsafe_debt,0,2,delay_2_minus_0,1,operational,128,8002.607791290899,3802.448544579177,549.8086439157114,15455.406938666085,0.0,0.0,0.0,0.0,1764.8663133759937,4118.639016241832,0.203125,26,0,
576,direction_normalised_deterioration,stable_supported__joint_crypto_stable_stress,,peak_false_unsafe_debt,0,2,delay_2_minus_0,1,operational,128,8002.607791290899,3802.448544579177,549.8086439157114,15455.406938666085,0.0,0.0,0.0,0.0,1764.8663133759937,4118.639016241832,0.203125,26,0,
577,response_shape_classification,stable_supported__joint_crypto_stable_stress,,peak_false_unsafe_debt,0,2,delay_2_minus_0,1,operational,128,8002.607791290899,3802.448544579177,549.8086439157114,15455.406938666085,0.0,0.0,0.0,0.0,1764.8663133759937,4118.639016241832,0.203125,26,0,threshold_deterioration
578,raw_delay_contrast,stable_supported__joint_crypto_stable_stress,,market_unsafe_debt_not_oracle_eligible_share,0,1,delay_1_minus_0,1,operational,128,0.09353589486926261,0.01607330601483549,0.062032215080185055,0.12503957465834017,0.0,0.0,0.0,0.026242391389830387,0.41400567672929844,0.5,0.25,32,0,
579,direction_normalised_deterioration,stable_supported__joint_crypto_stable_stress,,market_unsafe_debt_not_oracle_eligible_share,0,1,delay_1_minus_0,1,operational,128,0.09353589486926261,0.01607330601483549,0.062032215080185055,0.12503957465834017,0.0,0.0,0.0,0.026242391389830387,0.41400567672929844,0.5,0.25,32,0,
580,raw_delay_contrast,stable_supported__joint_crypto_stable_stress,,market_unsafe_debt_not_oracle_eligible_share,1,2,delay_2_minus_1,1,operational,128,0.05199332480022579,0.009791614729788433,0.03280175992984046,0.07118488967061112,0.0,0.0,0.0,0.0,0.21000452383691812,0.3066081365474556,0.2421875,31,1,
581,direction_normalised_deterioration,stable_supported__joint_crypto_stable_stress,,market_unsafe_debt_not_oracle_eligible_share,1,2,delay_2_minus_1,1,operational,128,0.05199332480022579,0.009791614729788433,0.03280175992984046,0.07118488967061112,0.0,0.0,0.0,0.0,0.21000452383691812,0.3066081365474556,0.2421875,31,1,
582,raw_delay_contrast,stable_supported__joint_crypto_stable_stress,,market_unsafe_debt_not_oracle_eligible_share,0,2,delay_2_minus_0,1,operational,128,0.14552921966948842,0.02410022484537017,0.09829277897256289,0.19276566036641396,0.0,0.0,0.0,0.052484782779660774,0.615863321048345,0.6666666666666667,0.25,32,0,
583,direction_normalised_deterioration,stable_supported__joint_crypto_stable_stress,,market_unsafe_debt_not_oracle_eligible_share,0,2,delay_2_minus_0,1,operational,128,0.14552921966948842,0.02410022484537017,0.09829277897256289,0.19276566036641396,0.0,0.0,0.0,0.052484782779660774,0.615863321048345,0.6666666666666667,0.25,32,0,
584,response_shape_classification,stable_supported__joint_crypto_stable_stress,,market_unsafe_debt_not_oracle_eligible_share,0,2,delay_2_minus_0,1,operational,128,0.14552921966948842,0.02410022484537017,0.09829277897256289,0.19276566036641396,0.0,0.0,0.0,0.052484782779660774,0.615863321048345,0.6666666666666667,0.25,32,0,monotonic_deterioration
585,raw_delay_contrast,stable_supported__joint_crypto_stable_stress,,oracle_unsafe_debt_already_market_safe_share,0,1,delay_1_minus_0,1,operational,128,0.04604200410688437,0.01192386759821904,0.022671223614375048,0.06941278459939368,0.0,0.0,0.0,0.0,0.15550489240405133,0.35729207030283605,0.1796875,23,0,
586,direction_normalised_deterioration,stable_supported__joint_crypto_stable_stress,,oracle_unsafe_debt_already_market_safe_share,0,1,delay_1_minus_0,1,operational,128,0.04604200410688437,0.01192386759821904,0.022671223614375048,0.06941278459939368,0.0,0.0,0.0,0.0,0.15550489240405133,0.35729207030283605,0.1796875,23,0,
587,raw_delay_contrast,stable_supported__joint_crypto_stable_stress,,oracle_unsafe_debt_already_market_safe_share,1,2,delay_2_minus_1,1,operational,128,0.0378791432842568,0.01102158313437856,0.016276840340874826,0.059481446227638776,0.0,0.0,0.0,0.0,0.11265520848496571,0.24517395649509058,0.203125,26,0,
588,direction_normalised_deterioration,stable_supported__joint_crypto_stable_stress,,oracle_unsafe_debt_already_market_safe_share,1,2,delay_2_minus_1,1,operational,128,0.0378791432842568,0.01102158313437856,0.016276840340874826,0.059481446227638776,0.0,0.0,0.0,0.0,0.11265520848496571,0.24517395649509058,0.203125,26,0,
589,raw_delay_contrast,stable_supported__joint_crypto_stable_stress,,oracle_unsafe_debt_already_market_safe_share,0,2,delay_2_minus_0,1,operational,128,0.08392114739114118,0.01906333090404119,0.04655701881922045,0.1212852759630619,0.0,0.0,0.0,0.0,0.3565848140444394,0.5099294775375474,0.203125,26,0,
590,direction_normalised_deterioration,stable_supported__joint_crypto_stable_stress,,oracle_unsafe_debt_already_market_safe_share,0,2,delay_2_minus_0,1,operational,128,0.08392114739114118,0.01906333090404119,0.04655701881922045,0.1212852759630619,0.0,0.0,0.0,0.0,0.3565848140444394,0.5099294775375474,0.203125,26,0,
591,response_shape_classification,stable_supported__joint_crypto_stable_stress,,oracle_unsafe_debt_already_market_safe_share,0,2,delay_2_minus_0,1,operational,128,0.08392114739114118,0.01906333090404119,0.04655701881922045,0.1212852759630619,0.0,0.0,0.0,0.0,0.3565848140444394,0.5099294775375474,0.203125,26,0,monotonic_deterioration
592,raw_delay_contrast,stable_supported__joint_crypto_stable_stress,,recognition_lag_mean,0,1,delay_1_minus_0,1,operational,32,1.0,0.0,1.0,1.0,1.0,1.0,1.0,1.0,1.0,1.0,1.0,32,0,
593,direction_normalised_deterioration,stable_supported__joint_crypto_stable_stress,,recognition_lag_mean,0,1,delay_1_minus_0,1,operational,32,1.0,0.0,1.0,1.0,1.0,1.0,1.0,1.0,1.0,1.0,1.0,32,0,
594,raw_delay_contrast,stable_supported__joint_crypto_stable_stress,,recognition_lag_mean,1,2,delay_2_minus_1,1,operational,32,1.0,0.0,1.0,1.0,1.0,1.0,1.0,1.0,1.0,1.0,1.0,32,0,
595,direction_normalised_deterioration,stable_supported__joint_crypto_stable_stress,,recognition_lag_mean,1,2,delay_2_minus_1,1,operational,32,1.0,0.0,1.0,1.0,1.0,1.0,1.0,1.0,1.0,1.0,1.0,32,0,
596,raw_delay_contrast,stable_supported__joint_crypto_stable_stress,,recognition_lag_mean,0,2,delay_2_minus_0,1,operational,32,2.0,0.0,2.0,2.0,2.0,2.0,2.0,2.0,2.0,2.0,1.0,32,0,
597,direction_normalised_deterioration,stable_supported__joint_crypto_stable_stress,,recognition_lag_mean,0,2,delay_2_minus_0,1,operational,32,2.0,0.0,2.0,2.0,2.0,2.0,2.0,2.0,2.0,2.0,1.0,32,0,
598,response_shape_classification,stable_supported__joint_crypto_stable_stress,,recognition_lag_mean,0,2,delay_2_minus_0,1,operational,32,2.0,0.0,2.0,2.0,2.0,2.0,2.0,2.0,2.0,2.0,1.0,32,0,monotonic_deterioration
599,raw_delay_contrast,stable_supported__joint_crypto_stable_stress,,recognition_lag_median,0,1,delay_1_minus_0,1,operational,32,1.0,0.0,1.0,1.0,1.0,1.0,1.0,1.0,1.0,1.0,1.0,32,0,
600,direction_normalised_deterioration,stable_supported__joint_crypto_stable_stress,,recognition_lag_median,0,1,delay_1_minus_0,1,operational,32,1.0,0.0,1.0,1.0,1.0,1.0,1.0,1.0,1.0,1.0,1.0,32,0,
601,raw_delay_contrast,stable_supported__joint_crypto_stable_stress,,recognition_lag_median,1,2,delay_2_minus_1,1,operational,32,1.0,0.0,1.0,1.0,1.0,1.0,1.0,1.0,1.0,1.0,1.0,32,0,
602,direction_normalised_deterioration,stable_supported__joint_crypto_stable_stress,,recognition_lag_median,1,2,delay_2_minus_1,1,operational,32,1.0,0.0,1.0,1.0,1.0,1.0,1.0,1.0,1.0,1.0,1.0,32,0,
603,raw_delay_contrast,stable_supported__joint_crypto_stable_stress,,recognition_lag_median,0,2,delay_2_minus_0,1,operational,32,2.0,0.0,2.0,2.0,2.0,2.0,2.0,2.0,2.0,2.0,1.0,32,0,
604,direction_normalised_deterioration,stable_supported__joint_crypto_stable_stress,,recognition_lag_median,0,2,delay_2_minus_0,1,operational,32,2.0,0.0,2.0,2.0,2.0,2.0,2.0,2.0,2.0,2.0,1.0,32,0,
605,response_shape_classification,stable_supported__joint_crypto_stable_stress,,recognition_lag_median,0,2,delay_2_minus_0,1,operational,32,2.0,0.0,2.0,2.0,2.0,2.0,2.0,2.0,2.0,2.0,1.0,32,0,monotonic_deterioration
606,raw_delay_contrast,stable_supported__joint_crypto_stable_stress,,recovery_staleness_mean,0,1,delay_1_minus_0,1,operational,21,1.0,0.0,1.0,1.0,1.0,1.0,1.0,1.0,1.0,1.0,1.0,21,0,
607,direction_normalised_deterioration,stable_supported__joint_crypto_stable_stress,,recovery_staleness_mean,0,1,delay_1_minus_0,1,operational,21,1.0,0.0,1.0,1.0,1.0,1.0,1.0,1.0,1.0,1.0,1.0,21,0,
608,raw_delay_contrast,stable_supported__joint_crypto_stable_stress,,recovery_staleness_mean,1,2,delay_2_minus_1,1,operational,21,1.0,0.0,1.0,1.0,1.0,1.0,1.0,1.0,1.0,1.0,1.0,21,0,
609,direction_normalised_deterioration,stable_supported__joint_crypto_stable_stress,,recovery_staleness_mean,1,2,delay_2_minus_1,1,operational,21,1.0,0.0,1.0,1.0,1.0,1.0,1.0,1.0,1.0,1.0,1.0,21,0,
610,raw_delay_contrast,stable_supported__joint_crypto_stable_stress,,recovery_staleness_mean,0,2,delay_2_minus_0,1,operational,20,2.0,0.0,2.0,2.0,2.0,2.0,2.0,2.0,2.0,2.0,1.0,20,0,
611,direction_normalised_deterioration,stable_supported__joint_crypto_stable_stress,,recovery_staleness_mean,0,2,delay_2_minus_0,1,operational,20,2.0,0.0,2.0,2.0,2.0,2.0,2.0,2.0,2.0,2.0,1.0,20,0,
612,response_shape_classification,stable_supported__joint_crypto_stable_stress,,recovery_staleness_mean,0,2,delay_2_minus_0,1,operational,20,2.0,0.0,2.0,2.0,2.0,2.0,2.0,2.0,2.0,2.0,1.0,20,0,monotonic_deterioration
613,raw_delay_contrast,stable_supported__joint_crypto_stable_stress,,recovery_staleness_median,0,1,delay_1_minus_0,1,operational,21,1.0,0.0,1.0,1.0,1.0,1.0,1.0,1.0,1.0,1.0,1.0,21,0,
614,direction_normalised_deterioration,stable_supported__joint_crypto_stable_stress,,recovery_staleness_median,0,1,delay_1_minus_0,1,operational,21,1.0,0.0,1.0,1.0,1.0,1.0,1.0,1.0,1.0,1.0,1.0,21,0,
615,raw_delay_contrast,stable_supported__joint_crypto_stable_stress,,recovery_staleness_median,1,2,delay_2_minus_1,1,operational,21,1.0,0.0,1.0,1.0,1.0,1.0,1.0,1.0,1.0,1.0,1.0,21,0,
616,direction_normalised_deterioration,stable_supported__joint_crypto_stable_stress,,recovery_staleness_median,1,2,delay_2_minus_1,1,operational,21,1.0,0.0,1.0,1.0,1.0,1.0,1.0,1.0,1.0,1.0,1.0,21,0,
617,raw_delay_contrast,stable_supported__joint_crypto_stable_stress,,recovery_staleness_median,0,2,delay_2_minus_0,1,operational,20,2.0,0.0,2.0,2.0,2.0,2.0,2.0,2.0,2.0,2.0,1.0,20,0,
618,direction_normalised_deterioration,stable_supported__joint_crypto_stable_stress,,recovery_staleness_median,0,2,delay_2_minus_0,1,operational,20,2.0,0.0,2.0,2.0,2.0,2.0,2.0,2.0,2.0,2.0,1.0,20,0,
619,response_shape_classification,stable_supported__joint_crypto_stable_stress,,recovery_staleness_median,0,2,delay_2_minus_0,1,operational,20,2.0,0.0,2.0,2.0,2.0,2.0,2.0,2.0,2.0,2.0,1.0,20,0,monotonic_deterioration
620,raw_delay_contrast,stable_supported__joint_crypto_stable_stress,,backlog_area_share,0,1,delay_1_minus_0,1,operational,128,-0.001902700147184756,0.0013973996424011352,-0.004641603446290981,0.0008362031519214691,0.0,-0.006874127451254508,0.0,0.0,0.0,0.0,0.046875,6,21,
621,direction_normalised_deterioration,stable_supported__joint_crypto_stable_stress,,backlog_area_share,0,1,delay_1_minus_0,1,operational,128,-0.001902700147184756,0.0013973996424011352,-0.004641603446290981,0.0008362031519214691,0.0,-0.006874127451254508,0.0,0.0,0.0,0.0,0.046875,6,21,
622,raw_delay_contrast,stable_supported__joint_crypto_stable_stress,,backlog_area_share,1,2,delay_2_minus_1,1,operational,128,0.005349440608891077,0.00423714081869781,-0.002955355395756632,0.013654236613538786,0.0,-0.002621736844294329,0.0,0.0,0.0,0.00029502979669774416,0.0625,8,19,
623,direction_normalised_deterioration,stable_supported__joint_crypto_stable_stress,,backlog_area_share,1,2,delay_2_minus_1,1,operational,128,0.005349440608891077,0.00423714081869781,-0.002955355395756632,0.013654236613538786,0.0,-0.002621736844294329,0.0,0.0,0.0,0.00029502979669774416,0.0625,8,19,
624,raw_delay_contrast,stable_supported__joint_crypto_stable_stress,,backlog_area_share,0,2,delay_2_minus_0,1,operational,128,0.00344674046170632,0.0035890793003186664,-0.0035878549669182656,0.010481335890330906,0.0,-0.00392747987430549,0.0,0.0,0.0,0.0007636735700153603,0.0625,8,19,
625,direction_normalised_deterioration,stable_supported__joint_crypto_stable_stress,,backlog_area_share,0,2,delay_2_minus_0,1,operational,128,0.00344674046170632,0.0035890793003186664,-0.0035878549669182656,0.010481335890330906,0.0,-0.00392747987430549,0.0,0.0,0.0,0.0007636735700153603,0.0625,8,19,
626,response_shape_classification,stable_supported__joint_crypto_stable_stress,,backlog_area_share,0,2,delay_2_minus_0,1,operational,128,0.00344674046170632,0.0035890793003186664,-0.0035878549669182656,0.010481335890330906,0.0,-0.00392747987430549,0.0,0.0,0.0,0.0007636735700153603,0.0625,8,19,no_delay_effect
627,raw_delay_contrast,stable_supported__joint_crypto_stable_stress,,maximum_unresolved_tab_share,0,1,delay_1_minus_0,1,operational,128,-0.0005229378638928207,0.0007061512491941186,-0.0019069943123132932,0.0008611185845276518,0.0,-0.0002637965681584401,0.0,0.0,0.0,0.0,0.046875,6,10,
628,direction_normalised_deterioration,stable_supported__joint_crypto_stable_stress,,maximum_unresolved_tab_share,0,1,delay_1_minus_0,1,operational,128,-0.0005229378638928207,0.0007061512491941186,-0.0019069943123132932,0.0008611185845276518,0.0,-0.0002637965681584401,0.0,0.0,0.0,0.0,0.046875,6,10,
629,raw_delay_contrast,stable_supported__joint_crypto_stable_stress,,maximum_unresolved_tab_share,1,2,delay_2_minus_1,1,operational,128,0.001074790347537284,0.0008311905975029167,-0.0005543432235684328,0.0027039239186430006,0.0,-0.0002719749025605504,0.0,0.0,0.0,0.0002894583784000408,0.0703125,9,8,
630,direction_normalised_deterioration,stable_supported__joint_crypto_stable_stress,,maximum_unresolved_tab_share,1,2,delay_2_minus_1,1,operational,128,0.001074790347537284,0.0008311905975029167,-0.0005543432235684328,0.0027039239186430006,0.0,-0.0002719749025605504,0.0,0.0,0.0,0.0002894583784000408,0.0703125,9,8,
631,raw_delay_contrast,stable_supported__joint_crypto_stable_stress,,maximum_unresolved_tab_share,0,2,delay_2_minus_0,1,operational,128,0.0005518524836444633,0.00046258720345589203,-0.0003548184351290851,0.0014585234024180117,0.0,-0.0002719749025605504,0.0,0.0,0.0,0.0009650563155323658,0.0625,8,10,
632,direction_normalised_deterioration,stable_supported__joint_crypto_stable_stress,,maximum_unresolved_tab_share,0,2,delay_2_minus_0,1,operational,128,0.0005518524836444633,0.00046258720345589203,-0.0003548184351290851,0.0014585234024180117,0.0,-0.0002719749025605504,0.0,0.0,0.0,0.0009650563155323658,0.0625,8,10,
633,response_shape_classification,stable_supported__joint_crypto_stable_stress,,maximum_unresolved_tab_share,0,2,delay_2_minus_0,1,operational,128,0.0005518524836444633,0.00046258720345589203,-0.0003548184351290851,0.0014585234024180117,0.0,-0.0002719749025605504,0.0,0.0,0.0,0.0009650563155323658,0.0625,8,10,no_delay_effect
634,raw_delay_contrast,stable_supported__joint_crypto_stable_stress,,terminal_unresolved_tab_share,0,1,delay_1_minus_0,1,degenerate,128,0.0,0.0,0.0,0.0,0.0,0.0,0.0,0.0,0.0,0.0,0.0,0,0,
635,direction_normalised_deterioration,stable_supported__joint_crypto_stable_stress,,terminal_unresolved_tab_share,0,1,delay_1_minus_0,1,degenerate,128,0.0,0.0,0.0,0.0,0.0,0.0,0.0,0.0,0.0,0.0,0.0,0,0,
636,raw_delay_contrast,stable_supported__joint_crypto_stable_stress,,terminal_unresolved_tab_share,1,2,delay_2_minus_1,1,degenerate,128,0.0,0.0,0.0,0.0,0.0,0.0,0.0,0.0,0.0,0.0,0.0,0,0,
637,direction_normalised_deterioration,stable_supported__joint_crypto_stable_stress,,terminal_unresolved_tab_share,1,2,delay_2_minus_1,1,degenerate,128,0.0,0.0,0.0,0.0,0.0,0.0,0.0,0.0,0.0,0.0,0.0,0,0,
638,raw_delay_contrast,stable_supported__joint_crypto_stable_stress,,terminal_unresolved_tab_share,0,2,delay_2_minus_0,1,degenerate,128,0.0,0.0,0.0,0.0,0.0,0.0,0.0,0.0,0.0,0.0,0.0,0,0,
639,direction_normalised_deterioration,stable_supported__joint_crypto_stable_stress,,terminal_unresolved_tab_share,0,2,delay_2_minus_0,1,degenerate,128,0.0,0.0,0.0,0.0,0.0,0.0,0.0,0.0,0.0,0.0,0.0,0,0,
640,response_shape_classification,stable_supported__joint_crypto_stable_stress,,terminal_unresolved_tab_share,0,2,delay_2_minus_0,1,degenerate,128,0.0,0.0,0.0,0.0,0.0,0.0,0.0,0.0,0.0,0.0,0.0,0,0,not_operational
641,raw_delay_contrast,stable_supported__joint_crypto_stable_stress,,liquidation_completion_ratio,0,1,delay_1_minus_0,1,operational,32,-0.0032563288758884496,0.01545857722361479,-0.033555140234173435,0.02704248248239654,0.0,-0.08752755718578939,0.0,2.220446049250313e-16,0.0159418318397902,0.06523933181419994,0.28125,9,5,
642,direction_normalised_deterioration,stable_supported__joint_crypto_stable_stress,,liquidation_completion_ratio,0,1,delay_1_minus_0,-1,operational,32,0.0032563288758884496,0.01545857722361479,-0.02704248248239654,0.033555140234173435,0.0,-0.0652393318142,-2.220446049250313e-16,0.0,2.1094237467877998e-16,0.08752755718578925,0.15625,5,9,
643,raw_delay_contrast,stable_supported__joint_crypto_stable_stress,,liquidation_completion_ratio,1,2,delay_2_minus_1,1,operational,32,-0.0015238450360378006,0.04335270720204819,-0.08649515115205225,0.08344746107997664,0.0,-0.2858800195632336,0.0,2.7755575615628914e-17,0.1440357130710065,0.327406247520072,0.25,8,4,
644,direction_normalised_deterioration,stable_supported__joint_crypto_stable_stress,,liquidation_completion_ratio,1,2,delay_2_minus_1,-1,operational,32,0.0015238450360378006,0.04335270720204819,-0.08344746107997664,0.08649515115205225,0.0,-0.327406247520072,-2.7755575615628914e-17,0.0,1.9984014443252865e-16,0.2858800195632332,0.125,4,8,
645,raw_delay_contrast,stable_supported__joint_crypto_stable_stress,,liquidation_completion_ratio,0,2,delay_2_minus_0,1,operational,32,-0.004780173911926252,0.04283112824874608,-0.08872918527946858,0.07916883745561606,0.0,-0.32372312090731775,0.0,0.0002781824716553221,0.14290651191977682,0.2991753132415554,0.28125,9,5,
646,direction_normalised_deterioration,stable_supported__joint_crypto_stable_stress,,liquidation_completion_ratio,0,2,delay_2_minus_0,-1,operational,32,0.004780173911926252,0.04283112824874608,-0.07916883745561606,0.08872918527946858,0.0,-0.29917531324155544,-0.0002781824716553221,0.0,0.00012393175122850126,0.32372312090731736,0.15625,5,9,
647,response_shape_classification,stable_supported__joint_crypto_stable_stress,,liquidation_completion_ratio,0,2,delay_2_minus_0,-1,operational,32,0.004780173911926252,0.04283112824874608,-0.07916883745561606,0.08872918527946858,0.0,-0.29917531324155544,-0.0002781824716553221,0.0,0.00012393175122850126,0.32372312090731736,0.15625,5,9,no_delay_effect
648,raw_delay_contrast,stable_supported__joint_crypto_stable_stress,,peak_eligible_tab_share,0,1,delay_1_minus_0,1,operational,128,-3.76111400644041e-05,3.325070765619933e-05,-0.00010278252707055478,2.756024694174658e-05,0.0,-2.099555586998278e-05,0.0,0.0,0.0,0.0,0.0234375,3,7,
649,direction_normalised_deterioration,stable_supported__joint_crypto_stable_stress,,peak_eligible_tab_share,0,1,delay_1_minus_0,1,operational,128,-3.76111400644041e-05,3.325070765619933e-05,-0.00010278252707055478,2.756024694174658e-05,0.0,-2.099555586998278e-05,0.0,0.0,0.0,0.0,0.0234375,3,7,
650,raw_delay_contrast,stable_supported__joint_crypto_stable_stress,,peak_eligible_tab_share,1,2,delay_2_minus_1,1,operational,128,0.0004802379301973352,0.0003650453528144872,-0.00023525096131905973,0.00119572682171373,0.0,0.0,0.0,0.0,0.0,0.00013306769697732365,0.0546875,7,5,
651,direction_normalised_deterioration,stable_supported__joint_crypto_stable_stress,,peak_eligible_tab_share,1,2,delay_2_minus_1,1,operational,128,0.0004802379301973352,0.0003650453528144872,-0.00023525096131905973,0.00119572682171373,0.0,0.0,0.0,0.0,0.0,0.00013306769697732365,0.0546875,7,5,
652,raw_delay_contrast,stable_supported__joint_crypto_stable_stress,,peak_eligible_tab_share,0,2,delay_2_minus_0,1,operational,128,0.0004426267901329311,0.00037089925149991757,-0.0002843357428069074,0.0011695893230727695,0.0,-2.7486900685339812e-05,0.0,0.0,0.0,0.0,0.046875,6,7,
653,direction_normalised_deterioration,stable_supported__joint_crypto_stable_stress,,peak_eligible_tab_share,0,2,delay_2_minus_0,1,operational,128,0.0004426267901329311,0.00037089925149991757,-0.0002843357428069074,0.0011695893230727695,0.0,-2.7486900685339812e-05,0.0,0.0,0.0,0.0,0.046875,6,7,
654,response_shape_classification,stable_supported__joint_crypto_stable_stress,,peak_eligible_tab_share,0,2,delay_2_minus_0,1,operational,128,0.0004426267901329311,0.00037089925149991757,-0.0002843357428069074,0.0011695893230727695,0.0,-2.7486900685339812e-05,0.0,0.0,0.0,0.0,0.046875,6,7,no_delay_effect
655,raw_delay_contrast,stable_supported__joint_crypto_stable_stress,,peak_new_eligible_tab_share,0,1,delay_1_minus_0,1,operational,128,0.0,0.0,0.0,0.0,0.0,0.0,0.0,0.0,0.0,0.0,0.0,0,0,
656,direction_normalised_deterioration,stable_supported__joint_crypto_stable_stress,,peak_new_eligible_tab_share,0,1,delay_1_minus_0,1,operational,128,0.0,0.0,0.0,0.0,0.0,0.0,0.0,0.0,0.0,0.0,0.0,0,0,
657,raw_delay_contrast,stable_supported__joint_crypto_stable_stress,,peak_new_eligible_tab_share,1,2,delay_2_minus_1,1,operational,128,0.0,0.0,0.0,0.0,0.0,0.0,0.0,0.0,0.0,0.0,0.0,0,0,
658,direction_normalised_deterioration,stable_supported__joint_crypto_stable_stress,,peak_new_eligible_tab_share,1,2,delay_2_minus_1,1,operational,128,0.0,0.0,0.0,0.0,0.0,0.0,0.0,0.0,0.0,0.0,0.0,0,0,
659,raw_delay_contrast,stable_supported__joint_crypto_stable_stress,,peak_new_eligible_tab_share,0,2,delay_2_minus_0,1,operational,128,0.0,0.0,0.0,0.0,0.0,0.0,0.0,0.0,0.0,0.0,0.0,0,0,
660,direction_normalised_deterioration,stable_supported__joint_crypto_stable_stress,,peak_new_eligible_tab_share,0,2,delay_2_minus_0,1,operational,128,0.0,0.0,0.0,0.0,0.0,0.0,0.0,0.0,0.0,0.0,0.0,0,0,
661,response_shape_classification,stable_supported__joint_crypto_stable_stress,,peak_new_eligible_tab_share,0,2,delay_2_minus_0,1,operational,128,0.0,0.0,0.0,0.0,0.0,0.0,0.0,0.0,0.0,0.0,0.0,0,0,no_delay_effect
662,raw_delay_contrast,stable_supported__joint_crypto_stable_stress,,peak_selected_attempts,0,1,delay_1_minus_0,1,operational,128,0.0,0.044367825470805686,-0.08696093792277915,0.08696093792277915,0.0,0.0,0.0,0.0,0.0,0.0,0.046875,6,5,
663,direction_normalised_deterioration,stable_supported__joint_crypto_stable_stress,,peak_selected_attempts,0,1,delay_1_minus_0,1,operational,128,0.0,0.044367825470805686,-0.08696093792277915,0.08696093792277915,0.0,0.0,0.0,0.0,0.0,0.0,0.046875,6,5,
664,raw_delay_contrast,stable_supported__joint_crypto_stable_stress,,peak_selected_attempts,1,2,delay_2_minus_1,1,operational,128,0.0078125,0.037608265221130754,-0.06589969983341627,0.08152469983341627,0.0,0.0,0.0,0.0,0.0,0.0,0.046875,6,6,
665,direction_normalised_deterioration,stable_supported__joint_crypto_stable_stress,,peak_selected_attempts,1,2,delay_2_minus_1,1,operational,128,0.0078125,0.037608265221130754,-0.06589969983341627,0.08152469983341627,0.0,0.0,0.0,0.0,0.0,0.0,0.046875,6,6,
666,raw_delay_contrast,stable_supported__joint_crypto_stable_stress,,peak_selected_attempts,0,2,delay_2_minus_0,1,operational,128,0.0078125,0.04505040613865622,-0.08048629603176619,0.09611129603176619,0.0,-1.0,0.0,0.0,0.0,1.0,0.0625,8,8,
667,direction_normalised_deterioration,stable_supported__joint_crypto_stable_stress,,peak_selected_attempts,0,2,delay_2_minus_0,1,operational,128,0.0078125,0.04505040613865622,-0.08048629603176619,0.09611129603176619,0.0,-1.0,0.0,0.0,0.0,1.0,0.0625,8,8,
668,response_shape_classification,stable_supported__joint_crypto_stable_stress,,peak_selected_attempts,0,2,delay_2_minus_0,1,operational,128,0.0078125,0.04505040613865622,-0.08048629603176619,0.09611129603176619,0.0,-1.0,0.0,0.0,0.0,1.0,0.0625,8,8,no_delay_effect
669,raw_delay_contrast,stable_supported__joint_crypto_stable_stress,,peak_successful_closures,0,1,delay_1_minus_0,1,operational,128,0.015625,0.042936581999722535,-0.06853070071945616,0.09978070071945616,0.0,0.0,0.0,0.0,0.0,0.0,0.046875,6,3,
670,direction_normalised_deterioration,stable_supported__joint_crypto_stable_stress,,peak_successful_closures,0,1,delay_1_minus_0,1,operational,128,0.015625,0.042936581999722535,-0.06853070071945616,0.09978070071945616,0.0,0.0,0.0,0.0,0.0,0.0,0.046875,6,3,
671,raw_delay_contrast,stable_supported__joint_crypto_stable_stress,,peak_successful_closures,1,2,delay_2_minus_1,1,operational,128,0.0390625,0.03745460465933405,-0.034348525132294735,0.11247352513229474,0.0,0.0,0.0,0.0,0.0,0.6499999999999915,0.0546875,7,5,
672,direction_normalised_deterioration,stable_supported__joint_crypto_stable_stress,,peak_successful_closures,1,2,delay_2_minus_1,1,operational,128,0.0390625,0.03745460465933405,-0.034348525132294735,0.11247352513229474,0.0,0.0,0.0,0.0,0.0,0.6499999999999915,0.0546875,7,5,
673,raw_delay_contrast,stable_supported__joint_crypto_stable_stress,,peak_successful_closures,0,2,delay_2_minus_0,1,operational,128,0.0546875,0.035612943031545566,-0.015113868341829303,0.1244888683418293,0.0,0.0,0.0,0.0,0.0,1.0,0.078125,10,5,
674,direction_normalised_deterioration,stable_supported__joint_crypto_stable_stress,,peak_successful_closures,0,2,delay_2_minus_0,1,operational,128,0.0546875,0.035612943031545566,-0.015113868341829303,0.1244888683418293,0.0,0.0,0.0,0.0,0.0,1.0,0.078125,10,5,
675,response_shape_classification,stable_supported__joint_crypto_stable_stress,,peak_successful_closures,0,2,delay_2_minus_0,1,operational,128,0.0546875,0.035612943031545566,-0.015113868341829303,0.1244888683418293,0.0,0.0,0.0,0.0,0.0,1.0,0.078125,10,5,no_delay_effect
676,raw_delay_contrast,stable_supported__joint_crypto_stable_stress,,hours_for_half_eligible_tab,0,1,delay_1_minus_0,1,operational,128,0.0,0.0,0.0,0.0,0.0,0.0,0.0,0.0,0.0,0.0,0.0,0,0,
677,direction_normalised_deterioration,stable_supported__joint_crypto_stable_stress,,hours_for_half_eligible_tab,0,1,delay_1_minus_0,1,operational,128,0.0,0.0,0.0,0.0,0.0,0.0,0.0,0.0,0.0,0.0,0.0,0,0,
678,raw_delay_contrast,stable_supported__joint_crypto_stable_stress,,hours_for_half_eligible_tab,1,2,delay_2_minus_1,1,operational,128,0.0,0.0,0.0,0.0,0.0,0.0,0.0,0.0,0.0,0.0,0.0,0,0,
679,direction_normalised_deterioration,stable_supported__joint_crypto_stable_stress,,hours_for_half_eligible_tab,1,2,delay_2_minus_1,1,operational,128,0.0,0.0,0.0,0.0,0.0,0.0,0.0,0.0,0.0,0.0,0.0,0,0,
680,raw_delay_contrast,stable_supported__joint_crypto_stable_stress,,hours_for_half_eligible_tab,0,2,delay_2_minus_0,1,operational,128,0.0,0.0,0.0,0.0,0.0,0.0,0.0,0.0,0.0,0.0,0.0,0,0,
681,direction_normalised_deterioration,stable_supported__joint_crypto_stable_stress,,hours_for_half_eligible_tab,0,2,delay_2_minus_0,1,operational,128,0.0,0.0,0.0,0.0,0.0,0.0,0.0,0.0,0.0,0.0,0.0,0,0,
682,response_shape_classification,stable_supported__joint_crypto_stable_stress,,hours_for_half_eligible_tab,0,2,delay_2_minus_0,1,operational,128,0.0,0.0,0.0,0.0,0.0,0.0,0.0,0.0,0.0,0.0,0.0,0,0,no_delay_effect
683,raw_delay_contrast,stable_supported__joint_crypto_stable_stress,,five_busiest_eligible_tab_share,0,1,delay_1_minus_0,1,operational,128,0.0,0.0,0.0,0.0,0.0,0.0,0.0,0.0,0.0,0.0,0.0,0,0,
684,direction_normalised_deterioration,stable_supported__joint_crypto_stable_stress,,five_busiest_eligible_tab_share,0,1,delay_1_minus_0,1,operational,128,0.0,0.0,0.0,0.0,0.0,0.0,0.0,0.0,0.0,0.0,0.0,0,0,
685,raw_delay_contrast,stable_supported__joint_crypto_stable_stress,,five_busiest_eligible_tab_share,1,2,delay_2_minus_1,1,operational,128,0.0,0.0,0.0,0.0,0.0,0.0,0.0,0.0,0.0,0.0,0.0,0,0,
686,direction_normalised_deterioration,stable_supported__joint_crypto_stable_stress,,five_busiest_eligible_tab_share,1,2,delay_2_minus_1,1,operational,128,0.0,0.0,0.0,0.0,0.0,0.0,0.0,0.0,0.0,0.0,0.0,0,0,
687,raw_delay_contrast,stable_supported__joint_crypto_stable_stress,,five_busiest_eligible_tab_share,0,2,delay_2_minus_0,1,operational,128,0.0,0.0,0.0,0.0,0.0,0.0,0.0,0.0,0.0,0.0,0.0,0,0,
688,direction_normalised_deterioration,stable_supported__joint_crypto_stable_stress,,five_busiest_eligible_tab_share,0,2,delay_2_minus_0,1,operational,128,0.0,0.0,0.0,0.0,0.0,0.0,0.0,0.0,0.0,0.0,0.0,0,0,
689,response_shape_classification,stable_supported__joint_crypto_stable_stress,,five_busiest_eligible_tab_share,0,2,delay_2_minus_0,1,operational,128,0.0,0.0,0.0,0.0,0.0,0.0,0.0,0.0,0.0,0.0,0.0,0,0,no_delay_effect
690,raw_delay_contrast,stable_supported__joint_crypto_stable_stress,,capacity_binding_hours,0,1,delay_1_minus_0,1,degenerate,128,0.0,0.0,0.0,0.0,0.0,0.0,0.0,0.0,0.0,0.0,0.0,0,0,
691,direction_normalised_deterioration,stable_supported__joint_crypto_stable_stress,,capacity_binding_hours,0,1,delay_1_minus_0,1,degenerate,128,0.0,0.0,0.0,0.0,0.0,0.0,0.0,0.0,0.0,0.0,0.0,0,0,
692,raw_delay_contrast,stable_supported__joint_crypto_stable_stress,,capacity_binding_hours,1,2,delay_2_minus_1,1,degenerate,128,0.0,0.0,0.0,0.0,0.0,0.0,0.0,0.0,0.0,0.0,0.0,0,0,
693,direction_normalised_deterioration,stable_supported__joint_crypto_stable_stress,,capacity_binding_hours,1,2,delay_2_minus_1,1,degenerate,128,0.0,0.0,0.0,0.0,0.0,0.0,0.0,0.0,0.0,0.0,0.0,0,0,
694,raw_delay_contrast,stable_supported__joint_crypto_stable_stress,,capacity_binding_hours,0,2,delay_2_minus_0,1,degenerate,128,0.0,0.0,0.0,0.0,0.0,0.0,0.0,0.0,0.0,0.0,0.0,0,0,
695,direction_normalised_deterioration,stable_supported__joint_crypto_stable_stress,,capacity_binding_hours,0,2,delay_2_minus_0,1,degenerate,128,0.0,0.0,0.0,0.0,0.0,0.0,0.0,0.0,0.0,0.0,0.0,0,0,
696,response_shape_classification,stable_supported__joint_crypto_stable_stress,,capacity_binding_hours,0,2,delay_2_minus_0,1,degenerate,128,0.0,0.0,0.0,0.0,0.0,0.0,0.0,0.0,0.0,0.0,0.0,0,0,not_operational
697,raw_delay_contrast,stable_supported__joint_crypto_stable_stress,,capacity_rejected_opportunity_count,0,1,delay_1_minus_0,1,degenerate,128,0.0,0.0,0.0,0.0,0.0,0.0,0.0,0.0,0.0,0.0,0.0,0,0,
698,direction_normalised_deterioration,stable_supported__joint_crypto_stable_stress,,capacity_rejected_opportunity_count,0,1,delay_1_minus_0,1,degenerate,128,0.0,0.0,0.0,0.0,0.0,0.0,0.0,0.0,0.0,0.0,0.0,0,0,
699,raw_delay_contrast,stable_supported__joint_crypto_stable_stress,,capacity_rejected_opportunity_count,1,2,delay_2_minus_1,1,degenerate,128,0.0,0.0,0.0,0.0,0.0,0.0,0.0,0.0,0.0,0.0,0.0,0,0,
700,direction_normalised_deterioration,stable_supported__joint_crypto_stable_stress,,capacity_rejected_opportunity_count,1,2,delay_2_minus_1,1,degenerate,128,0.0,0.0,0.0,0.0,0.0,0.0,0.0,0.0,0.0,0.0,0.0,0,0,
701,raw_delay_contrast,stable_supported__joint_crypto_stable_stress,,capacity_rejected_opportunity_count,0,2,delay_2_minus_0,1,degenerate,128,0.0,0.0,0.0,0.0,0.0,0.0,0.0,0.0,0.0,0.0,0.0,0,0,
702,direction_normalised_deterioration,stable_supported__joint_crypto_stable_stress,,capacity_rejected_opportunity_count,0,2,delay_2_minus_0,1,degenerate,128,0.0,0.0,0.0,0.0,0.0,0.0,0.0,0.0,0.0,0.0,0.0,0,0,
703,response_shape_classification,stable_supported__joint_crypto_stable_stress,,capacity_rejected_opportunity_count,0,2,delay_2_minus_0,1,degenerate,128,0.0,0.0,0.0,0.0,0.0,0.0,0.0,0.0,0.0,0.0,0.0,0,0,not_operational
704,raw_delay_contrast,stable_supported__joint_crypto_stable_stress,,successful_closure_count,0,1,delay_1_minus_0,1,operational,128,0.0625,0.05843050586592616,-0.05202379149721527,0.17702379149721525,0.0,0.0,0.0,0.0,0.0,0.0,0.0390625,5,2,
705,direction_normalised_deterioration,stable_supported__joint_crypto_stable_stress,,successful_closure_count,0,1,delay_1_minus_0,1,operational,128,0.0625,0.05843050586592616,-0.05202379149721527,0.17702379149721525,0.0,0.0,0.0,0.0,0.0,0.0,0.0390625,5,2,
706,raw_delay_contrast,stable_supported__joint_crypto_stable_stress,,successful_closure_count,1,2,delay_2_minus_1,1,operational,128,0.0546875,0.044793645617945216,-0.033108045411172626,0.14248304541117263,0.0,0.0,0.0,0.0,0.0,0.6499999999999915,0.0546875,7,3,
707,direction_normalised_deterioration,stable_supported__joint_crypto_stable_stress,,successful_closure_count,1,2,delay_2_minus_1,1,operational,128,0.0546875,0.044793645617945216,-0.033108045411172626,0.14248304541117263,0.0,0.0,0.0,0.0,0.0,0.6499999999999915,0.0546875,7,3,
708,raw_delay_contrast,stable_supported__joint_crypto_stable_stress,,successful_closure_count,0,2,delay_2_minus_0,1,operational,128,0.1171875,0.07491883218585645,-0.02965341108427863,0.26402841108427866,0.0,0.0,0.0,0.0,0.0,1.0,0.0625,8,4,
709,direction_normalised_deterioration,stable_supported__joint_crypto_stable_stress,,successful_closure_count,0,2,delay_2_minus_0,1,operational,128,0.1171875,0.07491883218585645,-0.02965341108427863,0.26402841108427866,0.0,0.0,0.0,0.0,0.0,1.0,0.0625,8,4,
710,response_shape_classification,stable_supported__joint_crypto_stable_stress,,successful_closure_count,0,2,delay_2_minus_0,1,operational,128,0.1171875,0.07491883218585645,-0.02965341108427863,0.26402841108427866,0.0,0.0,0.0,0.0,0.0,1.0,0.0625,8,4,no_delay_effect
711,raw_delay_contrast,stable_supported__joint_crypto_stable_stress,,liquidated_debt_share,0,1,delay_1_minus_0,1,operational,128,-0.00020751056599036763,0.00024390094461209077,-0.0006855564174300655,0.00027053528544933027,0.0,0.0,0.0,0.0,0.0,1.9255430583342352e-17,0.0703125,9,5,
712,direction_normalised_deterioration,stable_supported__joint_crypto_stable_stress,,liquidated_debt_share,0,1,delay_1_minus_0,1,operational,128,-0.00020751056599036763,0.00024390094461209077,-0.0006855564174300655,0.00027053528544933027,0.0,0.0,0.0,0.0,0.0,1.9255430583342352e-17,0.0703125,9,5,
713,raw_delay_contrast,stable_supported__joint_crypto_stable_stress,,liquidated_debt_share,1,2,delay_2_minus_1,1,operational,128,-0.0005992147217752544,0.0007928372438350433,-0.002153175719691939,0.0009547462761414305,0.0,0.0,0.0,0.0,0.0,8.631738369432808e-05,0.0625,8,4,
714,direction_normalised_deterioration,stable_supported__joint_crypto_stable_stress,,liquidated_debt_share,1,2,delay_2_minus_1,1,operational,128,-0.0005992147217752544,0.0007928372438350433,-0.002153175719691939,0.0009547462761414305,0.0,0.0,0.0,0.0,0.0,8.631738369432808e-05,0.0625,8,4,
715,raw_delay_contrast,stable_supported__joint_crypto_stable_stress,,liquidated_debt_share,0,2,delay_2_minus_0,1,operational,128,-0.0008067252877656219,0.0007475675445570536,-0.002271957675097447,0.0006585070995662033,0.0,0.0,0.0,0.0,0.0,0.00015454630991673963,0.0703125,9,5,
716,direction_normalised_deterioration,stable_supported__joint_crypto_stable_stress,,liquidated_debt_share,0,2,delay_2_minus_0,1,operational,128,-0.0008067252877656219,0.0007475675445570536,-0.002271957675097447,0.0006585070995662033,0.0,0.0,0.0,0.0,0.0,0.00015454630991673963,0.0703125,9,5,
717,response_shape_classification,stable_supported__joint_crypto_stable_stress,,liquidated_debt_share,0,2,delay_2_minus_0,1,operational,128,-0.0008067252877656219,0.0007475675445570536,-0.002271957675097447,0.0006585070995662033,0.0,0.0,0.0,0.0,0.0,0.00015454630991673963,0.0703125,9,5,no_delay_effect
718,raw_delay_contrast,stable_supported__joint_crypto_stable_stress,,debt_weighted_liquidated_vault_share,0,1,delay_1_minus_0,1,operational,128,-0.0002075105659903678,0.0002439009446120909,-0.0006855564174300659,0.0002705352854493304,0.0,0.0,0.0,0.0,0.0,0.0,0.046875,6,2,
719,direction_normalised_deterioration,stable_supported__joint_crypto_stable_stress,,debt_weighted_liquidated_vault_share,0,1,delay_1_minus_0,1,operational,128,-0.0002075105659903678,0.0002439009446120909,-0.0006855564174300659,0.0002705352854493304,0.0,0.0,0.0,0.0,0.0,0.0,0.046875,6,2,
720,raw_delay_contrast,stable_supported__joint_crypto_stable_stress,,debt_weighted_liquidated_vault_share,1,2,delay_2_minus_1,1,operational,128,-0.0005992147217752542,0.0007928372438350433,-0.002153175719691939,0.0009547462761414307,0.0,0.0,0.0,0.0,0.0,8.631738369432664e-05,0.0546875,7,3,
721,direction_normalised_deterioration,stable_supported__joint_crypto_stable_stress,,debt_weighted_liquidated_vault_share,1,2,delay_2_minus_1,1,operational,128,-0.0005992147217752542,0.0007928372438350433,-0.002153175719691939,0.0009547462761414307,0.0,0.0,0.0,0.0,0.0,8.631738369432664e-05,0.0546875,7,3,
722,raw_delay_contrast,stable_supported__joint_crypto_stable_stress,,debt_weighted_liquidated_vault_share,0,2,delay_2_minus_0,1,operational,128,-0.0008067252877656219,0.0007475675445570536,-0.002271957675097447,0.0006585070995662033,0.0,0.0,0.0,0.0,0.0,0.0001545463099167393,0.0625,8,4,
723,direction_normalised_deterioration,stable_supported__joint_crypto_stable_stress,,debt_weighted_liquidated_vault_share,0,2,delay_2_minus_0,1,operational,128,-0.0008067252877656219,0.0007475675445570536,-0.002271957675097447,0.0006585070995662033,0.0,0.0,0.0,0.0,0.0,0.0001545463099167393,0.0625,8,4,
724,response_shape_classification,stable_supported__joint_crypto_stable_stress,,debt_weighted_liquidated_vault_share,0,2,delay_2_minus_0,1,operational,128,-0.0008067252877656219,0.0007475675445570536,-0.002271957675097447,0.0006585070995662033,0.0,0.0,0.0,0.0,0.0,0.0001545463099167393,0.0625,8,4,no_delay_effect
725,raw_delay_contrast,stable_supported__joint_crypto_stable_stress,,realised_bad_debt_share,0,1,delay_1_minus_0,1,degenerate,128,0.0,0.0,0.0,0.0,0.0,0.0,0.0,0.0,0.0,0.0,0.0,0,0,
726,direction_normalised_deterioration,stable_supported__joint_crypto_stable_stress,,realised_bad_debt_share,0,1,delay_1_minus_0,1,degenerate,128,0.0,0.0,0.0,0.0,0.0,0.0,0.0,0.0,0.0,0.0,0.0,0,0,
727,raw_delay_contrast,stable_supported__joint_crypto_stable_stress,,realised_bad_debt_share,1,2,delay_2_minus_1,1,degenerate,128,0.0,0.0,0.0,0.0,0.0,0.0,0.0,0.0,0.0,0.0,0.0,0,0,
728,direction_normalised_deterioration,stable_supported__joint_crypto_stable_stress,,realised_bad_debt_share,1,2,delay_2_minus_1,1,degenerate,128,0.0,0.0,0.0,0.0,0.0,0.0,0.0,0.0,0.0,0.0,0.0,0,0,
729,raw_delay_contrast,stable_supported__joint_crypto_stable_stress,,realised_bad_debt_share,0,2,delay_2_minus_0,1,degenerate,128,0.0,0.0,0.0,0.0,0.0,0.0,0.0,0.0,0.0,0.0,0.0,0,0,
730,direction_normalised_deterioration,stable_supported__joint_crypto_stable_stress,,realised_bad_debt_share,0,2,delay_2_minus_0,1,degenerate,128,0.0,0.0,0.0,0.0,0.0,0.0,0.0,0.0,0.0,0.0,0.0,0,0,
731,response_shape_classification,stable_supported__joint_crypto_stable_stress,,realised_bad_debt_share,0,2,delay_2_minus_0,1,degenerate,128,0.0,0.0,0.0,0.0,0.0,0.0,0.0,0.0,0.0,0.0,0.0,0,0,not_operational
732,raw_delay_contrast,stable_supported__joint_crypto_stable_stress,,positive_realised_bad_debt,0,1,delay_1_minus_0,1,degenerate,128,0.0,0.0,0.0,0.0,0.0,0.0,0.0,0.0,0.0,0.0,0.0,0,0,
733,direction_normalised_deterioration,stable_supported__joint_crypto_stable_stress,,positive_realised_bad_debt,0,1,delay_1_minus_0,1,degenerate,128,0.0,0.0,0.0,0.0,0.0,0.0,0.0,0.0,0.0,0.0,0.0,0,0,
734,raw_delay_contrast,stable_supported__joint_crypto_stable_stress,,positive_realised_bad_debt,1,2,delay_2_minus_1,1,degenerate,128,0.0,0.0,0.0,0.0,0.0,0.0,0.0,0.0,0.0,0.0,0.0,0,0,
735,direction_normalised_deterioration,stable_supported__joint_crypto_stable_stress,,positive_realised_bad_debt,1,2,delay_2_minus_1,1,degenerate,128,0.0,0.0,0.0,0.0,0.0,0.0,0.0,0.0,0.0,0.0,0.0,0,0,
736,raw_delay_contrast,stable_supported__joint_crypto_stable_stress,,positive_realised_bad_debt,0,2,delay_2_minus_0,1,degenerate,128,0.0,0.0,0.0,0.0,0.0,0.0,0.0,0.0,0.0,0.0,0.0,0,0,
737,direction_normalised_deterioration,stable_supported__joint_crypto_stable_stress,,positive_realised_bad_debt,0,2,delay_2_minus_0,1,degenerate,128,0.0,0.0,0.0,0.0,0.0,0.0,0.0,0.0,0.0,0.0,0.0,0,0,
738,response_shape_classification,stable_supported__joint_crypto_stable_stress,,positive_realised_bad_debt,0,2,delay_2_minus_0,1,degenerate,128,0.0,0.0,0.0,0.0,0.0,0.0,0.0,0.0,0.0,0.0,0.0,0,0,not_operational
739,raw_delay_contrast,stable_supported__joint_crypto_stable_stress,,terminal_active_bad_debt_share,0,1,delay_1_minus_0,1,degenerate,128,0.0,0.0,0.0,0.0,0.0,0.0,0.0,0.0,0.0,0.0,0.0,0,0,
740,direction_normalised_deterioration,stable_supported__joint_crypto_stable_stress,,terminal_active_bad_debt_share,0,1,delay_1_minus_0,1,degenerate,128,0.0,0.0,0.0,0.0,0.0,0.0,0.0,0.0,0.0,0.0,0.0,0,0,
741,raw_delay_contrast,stable_supported__joint_crypto_stable_stress,,terminal_active_bad_debt_share,1,2,delay_2_minus_1,1,degenerate,128,0.0,0.0,0.0,0.0,0.0,0.0,0.0,0.0,0.0,0.0,0.0,0,0,
742,direction_normalised_deterioration,stable_supported__joint_crypto_stable_stress,,terminal_active_bad_debt_share,1,2,delay_2_minus_1,1,degenerate,128,0.0,0.0,0.0,0.0,0.0,0.0,0.0,0.0,0.0,0.0,0.0,0,0,
743,raw_delay_contrast,stable_supported__joint_crypto_stable_stress,,terminal_active_bad_debt_share,0,2,delay_2_minus_0,1,degenerate,128,0.0,0.0,0.0,0.0,0.0,0.0,0.0,0.0,0.0,0.0,0.0,0,0,
744,direction_normalised_deterioration,stable_supported__joint_crypto_stable_stress,,terminal_active_bad_debt_share,0,2,delay_2_minus_0,1,degenerate,128,0.0,0.0,0.0,0.0,0.0,0.0,0.0,0.0,0.0,0.0,0.0,0,0,
745,response_shape_classification,stable_supported__joint_crypto_stable_stress,,terminal_active_bad_debt_share,0,2,delay_2_minus_0,1,degenerate,128,0.0,0.0,0.0,0.0,0.0,0.0,0.0,0.0,0.0,0.0,0.0,0,0,not_operational
746,raw_delay_contrast,stable_supported__joint_crypto_stable_stress,,below_peg_burden,0,1,delay_1_minus_0,1,operational,128,0.0,0.0,0.0,0.0,0.0,0.0,0.0,0.0,0.0,0.0,0.0,0,0,
747,direction_normalised_deterioration,stable_supported__joint_crypto_stable_stress,,below_peg_burden,0,1,delay_1_minus_0,1,operational,128,0.0,0.0,0.0,0.0,0.0,0.0,0.0,0.0,0.0,0.0,0.0,0,0,
748,raw_delay_contrast,stable_supported__joint_crypto_stable_stress,,below_peg_burden,1,2,delay_2_minus_1,1,operational,128,0.0,0.0,0.0,0.0,0.0,0.0,0.0,0.0,0.0,0.0,0.0,0,0,
749,direction_normalised_deterioration,stable_supported__joint_crypto_stable_stress,,below_peg_burden,1,2,delay_2_minus_1,1,operational,128,0.0,0.0,0.0,0.0,0.0,0.0,0.0,0.0,0.0,0.0,0.0,0,0,
750,raw_delay_contrast,stable_supported__joint_crypto_stable_stress,,below_peg_burden,0,2,delay_2_minus_0,1,operational,128,0.0,0.0,0.0,0.0,0.0,0.0,0.0,0.0,0.0,0.0,0.0,0,0,
751,direction_normalised_deterioration,stable_supported__joint_crypto_stable_stress,,below_peg_burden,0,2,delay_2_minus_0,1,operational,128,0.0,0.0,0.0,0.0,0.0,0.0,0.0,0.0,0.0,0.0,0.0,0,0,
752,response_shape_classification,stable_supported__joint_crypto_stable_stress,,below_peg_burden,0,2,delay_2_minus_0,1,operational,128,0.0,0.0,0.0,0.0,0.0,0.0,0.0,0.0,0.0,0.0,0.0,0,0,no_delay_effect
753,raw_delay_contrast,stable_supported__joint_crypto_stable_stress,,mean_absolute_peg_deviation,0,1,delay_1_minus_0,1,operational,128,0.0,0.0,0.0,0.0,0.0,0.0,0.0,0.0,0.0,0.0,0.0,0,0,
754,direction_normalised_deterioration,stable_supported__joint_crypto_stable_stress,,mean_absolute_peg_deviation,0,1,delay_1_minus_0,1,operational,128,0.0,0.0,0.0,0.0,0.0,0.0,0.0,0.0,0.0,0.0,0.0,0,0,
755,raw_delay_contrast,stable_supported__joint_crypto_stable_stress,,mean_absolute_peg_deviation,1,2,delay_2_minus_1,1,operational,128,0.0,0.0,0.0,0.0,0.0,0.0,0.0,0.0,0.0,0.0,0.0,0,0,
756,direction_normalised_deterioration,stable_supported__joint_crypto_stable_stress,,mean_absolute_peg_deviation,1,2,delay_2_minus_1,1,operational,128,0.0,0.0,0.0,0.0,0.0,0.0,0.0,0.0,0.0,0.0,0.0,0,0,
757,raw_delay_contrast,stable_supported__joint_crypto_stable_stress,,mean_absolute_peg_deviation,0,2,delay_2_minus_0,1,operational,128,0.0,0.0,0.0,0.0,0.0,0.0,0.0,0.0,0.0,0.0,0.0,0,0,
758,direction_normalised_deterioration,stable_supported__joint_crypto_stable_stress,,mean_absolute_peg_deviation,0,2,delay_2_minus_0,1,operational,128,0.0,0.0,0.0,0.0,0.0,0.0,0.0,0.0,0.0,0.0,0.0,0,0,
759,response_shape_classification,stable_supported__joint_crypto_stable_stress,,mean_absolute_peg_deviation,0,2,delay_2_minus_0,1,operational,128,0.0,0.0,0.0,0.0,0.0,0.0,0.0,0.0,0.0,0.0,0.0,0,0,no_delay_effect
760,raw_delay_contrast,stable_supported__joint_crypto_stable_stress,,minimum_dai_price,0,1,delay_1_minus_0,1,operational,128,0.0,0.0,0.0,0.0,0.0,0.0,0.0,0.0,0.0,0.0,0.0,0,0,
761,direction_normalised_deterioration,stable_supported__joint_crypto_stable_stress,,minimum_dai_price,0,1,delay_1_minus_0,-1,operational,128,0.0,0.0,0.0,0.0,0.0,0.0,-0.0,0.0,0.0,-0.0,0.0,0,0,
762,raw_delay_contrast,stable_supported__joint_crypto_stable_stress,,minimum_dai_price,1,2,delay_2_minus_1,1,operational,128,0.0,0.0,0.0,0.0,0.0,0.0,0.0,0.0,0.0,0.0,0.0,0,0,
763,direction_normalised_deterioration,stable_supported__joint_crypto_stable_stress,,minimum_dai_price,1,2,delay_2_minus_1,-1,operational,128,0.0,0.0,0.0,0.0,0.0,0.0,-0.0,0.0,0.0,-0.0,0.0,0,0,
764,raw_delay_contrast,stable_supported__joint_crypto_stable_stress,,minimum_dai_price,0,2,delay_2_minus_0,1,operational,128,0.0,0.0,0.0,0.0,0.0,0.0,0.0,0.0,0.0,0.0,0.0,0,0,
765,direction_normalised_deterioration,stable_supported__joint_crypto_stable_stress,,minimum_dai_price,0,2,delay_2_minus_0,-1,operational,128,0.0,0.0,0.0,0.0,0.0,0.0,-0.0,0.0,0.0,-0.0,0.0,0,0,
766,response_shape_classification,stable_supported__joint_crypto_stable_stress,,minimum_dai_price,0,2,delay_2_minus_0,-1,operational,128,0.0,0.0,0.0,0.0,0.0,0.0,-0.0,0.0,0.0,-0.0,0.0,0,0,no_delay_effect
767,raw_delay_contrast,stable_supported__joint_crypto_stable_stress,,restricted_mean_recovery_time,0,1,delay_1_minus_0,1,operational,128,0.0,0.0,0.0,0.0,0.0,0.0,0.0,0.0,0.0,0.0,0.0,0,0,
768,direction_normalised_deterioration,stable_supported__joint_crypto_stable_stress,,restricted_mean_recovery_time,0,1,delay_1_minus_0,1,operational,128,0.0,0.0,0.0,0.0,0.0,0.0,0.0,0.0,0.0,0.0,0.0,0,0,
769,raw_delay_contrast,stable_supported__joint_crypto_stable_stress,,restricted_mean_recovery_time,1,2,delay_2_minus_1,1,operational,128,0.0,0.0,0.0,0.0,0.0,0.0,0.0,0.0,0.0,0.0,0.0,0,0,
770,direction_normalised_deterioration,stable_supported__joint_crypto_stable_stress,,restricted_mean_recovery_time,1,2,delay_2_minus_1,1,operational,128,0.0,0.0,0.0,0.0,0.0,0.0,0.0,0.0,0.0,0.0,0.0,0,0,
771,raw_delay_contrast,stable_supported__joint_crypto_stable_stress,,restricted_mean_recovery_time,0,2,delay_2_minus_0,1,operational,128,0.0,0.0,0.0,0.0,0.0,0.0,0.0,0.0,0.0,0.0,0.0,0,0,
772,direction_normalised_deterioration,stable_supported__joint_crypto_stable_stress,,restricted_mean_recovery_time,0,2,delay_2_minus_0,1,operational,128,0.0,0.0,0.0,0.0,0.0,0.0,0.0,0.0,0.0,0.0,0.0,0,0,
773,response_shape_classification,stable_supported__joint_crypto_stable_stress,,restricted_mean_recovery_time,0,2,delay_2_minus_0,1,operational,128,0.0,0.0,0.0,0.0,0.0,0.0,0.0,0.0,0.0,0.0,0.0,0,0,no_delay_effect
774,raw_delay_contrast,stable_supported__joint_crypto_stable_stress,,recovery_probability_720h,0,1,delay_1_minus_0,1,degenerate,128,0.0,0.0,0.0,0.0,0.0,0.0,0.0,0.0,0.0,0.0,0.0,0,0,
775,direction_normalised_deterioration,stable_supported__joint_crypto_stable_stress,,recovery_probability_720h,0,1,delay_1_minus_0,-1,degenerate,128,0.0,0.0,0.0,0.0,0.0,0.0,0.0,0.0,0.0,0.0,0.0,0,0,
776,raw_delay_contrast,stable_supported__joint_crypto_stable_stress,,recovery_probability_720h,1,2,delay_2_minus_1,1,degenerate,128,0.0,0.0,0.0,0.0,0.0,0.0,0.0,0.0,0.0,0.0,0.0,0,0,
777,direction_normalised_deterioration,stable_supported__joint_crypto_stable_stress,,recovery_probability_720h,1,2,delay_2_minus_1,-1,degenerate,128,0.0,0.0,0.0,0.0,0.0,0.0,0.0,0.0,0.0,0.0,0.0,0,0,
778,raw_delay_contrast,stable_supported__joint_crypto_stable_stress,,recovery_probability_720h,0,2,delay_2_minus_0,1,degenerate,128,0.0,0.0,0.0,0.0,0.0,0.0,0.0,0.0,0.0,0.0,0.0,0,0,
779,direction_normalised_deterioration,stable_supported__joint_crypto_stable_stress,,recovery_probability_720h,0,2,delay_2_minus_0,-1,degenerate,128,0.0,0.0,0.0,0.0,0.0,0.0,0.0,0.0,0.0,0.0,0.0,0,0,
780,response_shape_classification,stable_supported__joint_crypto_stable_stress,,recovery_probability_720h,0,2,delay_2_minus_0,-1,degenerate,128,0.0,0.0,0.0,0.0,0.0,0.0,0.0,0.0,0.0,0.0,0.0,0,0,not_operational
781,collateral_delay_contrast,stable_supported__joint_crypto_stable_stress,ETH,initial_debt_exposure,0,1,delay_1_minus_0,1,operational,128,0.0,0.0,0.0,0.0,0.0,0.0,0.0,0.0,0.0,0.0,0.0,0,0,
782,collateral_delay_contrast,stable_supported__joint_crypto_stable_stress,ETH,initial_debt_exposure,1,2,delay_2_minus_1,1,operational,128,0.0,0.0,0.0,0.0,0.0,0.0,0.0,0.0,0.0,0.0,0.0,0,0,
783,collateral_delay_contrast,stable_supported__joint_crypto_stable_stress,ETH,initial_debt_exposure,0,2,delay_2_minus_0,1,operational,128,0.0,0.0,0.0,0.0,0.0,0.0,0.0,0.0,0.0,0.0,0.0,0,0,
784,collateral_delay_contrast,stable_supported__joint_crypto_stable_stress,ETH,absolute_mismatch_area,0,1,delay_1_minus_0,1,operational,128,3.0340808582095247,0.053460880160690796,2.9292975330945707,3.1388641833244786,2.9339627532770907,2.2171431941263737,2.6223411836204065,3.417946708383833,3.8643748356824306,4.2036524207886155,1.0,128,0,
785,collateral_delay_contrast,stable_supported__joint_crypto_stable_stress,ETH,absolute_mismatch_area,1,2,delay_2_minus_1,1,operational,128,1.8661182912702825,0.030668456054531664,1.8060081174034004,1.9262284651371646,1.8292585617803219,1.4261974667532775,1.6007810705695453,2.063868226121029,2.3216910421545838,2.462733768483078,1.0,128,0,
786,collateral_delay_contrast,stable_supported__joint_crypto_stable_stress,ETH,absolute_mismatch_area,0,2,delay_2_minus_0,1,operational,128,4.900199149479808,0.0831940613228079,4.737138789287104,5.063259509672512,4.780287831594229,3.6528822739501368,4.237025593413532,5.5279291987982395,6.285049512441906,6.648831215972197,1.0,128,0,
787,collateral_delay_contrast,stable_supported__joint_crypto_stable_stress,ETH,peak_absolute_mismatch,0,1,delay_1_minus_0,1,operational,128,0.12506973125219087,0.0006346174463964315,0.12382588105725387,0.12631358144712787,0.12484123093884028,0.11415471395951307,0.12283814241104592,0.12753647628820597,0.13085170675193616,0.13650401580760596,1.0,128,0,
788,collateral_delay_contrast,stable_supported__joint_crypto_stable_stress,ETH,peak_absolute_mismatch,1,2,delay_2_minus_1,1,operational,128,0.0027813089116122324,0.0004985791670839304,0.0018040937441277287,0.003758524079096736,0.0017023649840676863,-0.0028315870229419704,0.00026241027421137,0.004015726725361414,0.008293986262224964,0.010153289702859999,0.78125,100,28,
789,collateral_delay_contrast,stable_supported__joint_crypto_stable_stress,ETH,peak_absolute_mismatch,0,2,delay_2_minus_0,1,operational,128,0.1278510401638031,0.0009467375623722127,0.12599543454155357,0.12970664578605265,0.12721786074612196,0.11366619155526693,0.12340713115233236,0.13156174139125656,0.13846773622079492,0.14092956804339363,1.0,128,0,
790,collateral_delay_contrast,stable_supported__joint_crypto_stable_stress,ETH,oracle_overvaluation_area,0,1,delay_1_minus_0,1,operational,128,1.5008459962140979,0.028328588506818613,1.4453219627407334,1.5563700296874623,1.4645977006117255,1.07339579005539,1.2509724297317404,1.6910326053273639,1.9422394740345899,2.102686773297611,1.0,128,0,
791,collateral_delay_contrast,stable_supported__joint_crypto_stable_stress,ETH,oracle_overvaluation_area,1,2,delay_2_minus_1,1,operational,128,0.9171093304323972,0.017843666504670227,0.8821357440832436,0.9520829167815508,0.911613304589838,0.6509130708346983,0.7621785526483302,1.031195849125313,1.1536580228121855,1.2782494358757246,1.0,128,0,
792,collateral_delay_contrast,stable_supported__joint_crypto_stable_stress,ETH,oracle_overvaluation_area,0,2,delay_2_minus_0,1,operational,128,2.417955326646495,0.045527793497451785,2.3287208513914894,2.5071898019015,2.376692152448231,1.7418236072876694,2.0160605860840755,2.728065254671055,3.1511261806047797,3.3249282493974603,1.0,128,0,
793,collateral_delay_contrast,stable_supported__joint_crypto_stable_stress,ETH,peak_oracle_overvaluation,0,1,delay_1_minus_0,1,operational,128,0.12506973125219087,0.0006346174463964315,0.12382588105725387,0.12631358144712787,0.12484123093884028,0.11415471395951307,0.12283814241104592,0.12753647628820597,0.13085170675193616,0.13650401580760596,1.0,128,0,
794,collateral_delay_contrast,stable_supported__joint_crypto_stable_stress,ETH,peak_oracle_overvaluation,1,2,delay_2_minus_1,1,operational,128,0.0027813089116122324,0.0004985791670839304,0.0018040937441277287,0.003758524079096736,0.0017023649840676863,-0.0028315870229419704,0.00026241027421137,0.004015726725361414,0.008293986262224964,0.010153289702859999,0.78125,100,28,
795,collateral_delay_contrast,stable_supported__joint_crypto_stable_stress,ETH,peak_oracle_overvaluation,0,2,delay_2_minus_0,1,operational,128,0.1278510401638031,0.0009467375623722127,0.12599543454155357,0.12970664578605265,0.12721786074612196,0.11366619155526693,0.12340713115233236,0.13156174139125656,0.13846773622079492,0.14092956804339363,1.0,128,0,
796,collateral_delay_contrast,stable_supported__joint_crypto_stable_stress,ETH,oracle_undervaluation_area,0,1,delay_1_minus_0,1,operational,128,1.5332348619954272,0.027773161979156066,1.4787994645162814,1.587670259474573,1.4841391573054006,1.0916041491813053,1.3194998864311267,1.7570797591117695,1.9459662211309994,2.093229273947061,1.0,128,0,
797,collateral_delay_contrast,stable_supported__joint_crypto_stable_stress,ETH,oracle_undervaluation_area,1,2,delay_2_minus_1,1,operational,128,0.9490089608378856,0.01720171132733687,0.9152936066363053,0.9827243150394658,0.9230614223945774,0.6724220191971806,0.8138433001567831,1.0914610588443512,1.2055645947933389,1.2755164399830212,1.0,128,0,
798,collateral_delay_contrast,stable_supported__joint_crypto_stable_stress,ETH,oracle_undervaluation_area,0,2,delay_2_minus_0,1,operational,128,2.4822438228333126,0.04433334168439511,2.395350473131898,2.569137172534727,2.3856239156719865,1.7830636392455967,2.1276748217110018,2.8566888714070924,3.1774019332255174,3.3235750226918985,1.0,128,0,
799,collateral_delay_contrast,stable_supported__joint_crypto_stable_stress,ETH,peak_oracle_undervaluation,0,1,delay_1_minus_0,1,operational,128,0.037462242959361985,0.0011960238622134999,0.035118036189423524,0.03980644972930045,0.034579846027199955,0.020816636369869915,0.026925581751974955,0.045730772581895895,0.05271569089929993,0.06874336388509995,1.0,128,0,
800,collateral_delay_contrast,stable_supported__joint_crypto_stable_stress,ETH,peak_oracle_undervaluation,1,2,delay_2_minus_1,1,operational,128,0.015763606798349317,0.0007854962221236421,0.014224034202986978,0.017303179393711655,0.015381673643713066,0.0008675253677389848,0.010176351296728824,0.020534911068224956,0.028552910615707354,0.03232496117437987,0.96875,124,4,
801,collateral_delay_contrast,stable_supported__joint_crypto_stable_stress,ETH,peak_oracle_undervaluation,0,2,delay_2_minus_0,1,operational,128,0.05322584975771131,0.0015807570090513692,0.05012756601997063,0.05632413349545199,0.04681737904741606,0.030322454613286032,0.04124339065282493,0.06638900833429996,0.07765100070953686,0.0903582597111999,1.0,128,0,
802,collateral_delay_contrast,stable_supported__joint_crypto_stable_stress,ETH,mismatch_hours,0,1,delay_1_minus_0,1,operational,128,766.90625,0.030249739700838812,766.8469605101864,766.9655394898136,767.0,766.0,767.0,767.0,767.0,767.0,1.0,128,0,
803,collateral_delay_contrast,stable_supported__joint_crypto_stable_stress,ETH,mismatch_hours,1,2,delay_2_minus_1,1,operational,128,0.09375,0.030249739700838812,0.03446051018635593,0.15303948981364407,0.0,0.0,0.0,0.0,0.0,1.0,0.078125,10,0,
804,collateral_delay_contrast,stable_supported__joint_crypto_stable_stress,ETH,mismatch_hours,0,2,delay_2_minus_0,1,operational,128,767.0,0.0,767.0,767.0,767.0,767.0,767.0,767.0,767.0,767.0,1.0,128,0,
805,collateral_delay_contrast,stable_supported__joint_crypto_stable_stress,ETH,mismatch_hours_above_tolerance,0,1,delay_1_minus_0,1,operational,128,766.90625,0.030249739700838812,766.8469605101864,766.9655394898136,767.0,766.0,767.0,767.0,767.0,767.0,1.0,128,0,
806,collateral_delay_contrast,stable_supported__joint_crypto_stable_stress,ETH,mismatch_hours_above_tolerance,1,2,delay_2_minus_1,1,operational,128,0.09375,0.030249739700838812,0.03446051018635593,0.15303948981364407,0.0,0.0,0.0,0.0,0.0,1.0,0.078125,10,0,
807,collateral_delay_contrast,stable_supported__joint_crypto_stable_stress,ETH,mismatch_hours_above_tolerance,0,2,delay_2_minus_0,1,operational,128,767.0,0.0,767.0,767.0,767.0,767.0,767.0,767.0,767.0,767.0,1.0,128,0,
808,collateral_delay_contrast,stable_supported__joint_crypto_stable_stress,ETH,false_safe_vault_hours,0,1,delay_1_minus_0,1,operational,128,2.4375,0.6122468543242351,1.2374961655244991,3.637503834475501,0.0,0.0,0.0,0.0,7.599999999999994,15.599999999999966,0.234375,30,0,
809,collateral_delay_contrast,stable_supported__joint_crypto_stable_stress,ETH,false_safe_vault_hours,1,2,delay_2_minus_1,1,operational,128,2.046875,0.5440555837627485,0.9805260558250128,3.113223944174987,0.0,0.0,0.0,0.0,6.299999999999997,13.649999999999991,0.2265625,29,0,
810,collateral_delay_contrast,stable_supported__joint_crypto_stable_stress,ETH,false_safe_vault_hours,0,2,delay_2_minus_0,1,operational,128,4.484375,1.1518015018570333,2.2268440563602145,6.741905943639786,0.0,0.0,0.0,0.0,15.299999999999997,29.89999999999995,0.234375,30,0,
811,collateral_delay_contrast,stable_supported__joint_crypto_stable_stress,ETH,false_safe_debt_hours,0,1,delay_1_minus_0,1,operational,128,15496.607861819575,5994.850073781323,3746.7017172081833,27246.514006430967,0.0,0.0,0.0,0.0,9532.740536818066,51104.76281101075,0.234375,30,0,
812,collateral_delay_contrast,stable_supported__joint_crypto_stable_stress,ETH,false_safe_debt_hours,1,2,delay_2_minus_1,1,operational,128,13644.074486425703,6372.85072266637,1153.2870699996183,26134.861902851786,0.0,0.0,0.0,0.0,4010.273392823837,46794.702739667744,0.2265625,29,1,
813,collateral_delay_contrast,stable_supported__joint_crypto_stable_stress,ETH,false_safe_debt_hours,0,2,delay_2_minus_0,1,operational,128,29140.68234824528,11933.59249195956,5750.84106400454,52530.523632486016,0.0,0.0,0.0,0.0,13458.283280096526,105044.3780738407,0.234375,30,0,
814,collateral_delay_contrast,stable_supported__joint_crypto_stable_stress,ETH,peak_false_safe_debt,0,1,delay_1_minus_0,1,operational,128,11290.406430601668,4442.507534165536,2583.0916636372185,19997.72119756612,0.0,0.0,0.0,0.0,3906.6547584269038,43380.65830838091,0.234375,30,0,
815,collateral_delay_contrast,stable_supported__joint_crypto_stable_stress,ETH,peak_false_safe_debt,1,2,delay_2_minus_1,1,operational,128,381.79364440368124,184.07453352217462,21.007558700219022,742.5797301071434,0.0,0.0,0.0,0.0,0.0,1253.6089654065388,0.0859375,11,0,
816,collateral_delay_contrast,stable_supported__joint_crypto_stable_stress,ETH,peak_false_safe_debt,0,2,delay_2_minus_0,1,operational,128,11672.200075005352,4588.2544440911415,2679.221364586714,20665.17878542399,0.0,0.0,0.0,0.0,3906.6547584269038,44505.77357493758,0.234375,30,0,
817,collateral_delay_contrast,stable_supported__joint_crypto_stable_stress,ETH,false_unsafe_vault_hours,0,1,delay_1_minus_0,1,operational,128,1.3203125,0.4304384543817858,0.4766531294116999,2.1639718705883,0.0,0.0,0.0,0.0,4.0,7.0,0.171875,22,0,
818,collateral_delay_contrast,stable_supported__joint_crypto_stable_stress,ETH,false_unsafe_vault_hours,1,2,delay_2_minus_1,1,operational,128,1.015625,0.3178158836505667,0.3927058680448893,1.6385441319551108,0.0,0.0,0.0,0.0,2.0,6.0,0.171875,22,1,
819,collateral_delay_contrast,stable_supported__joint_crypto_stable_stress,ETH,false_unsafe_vault_hours,0,2,delay_2_minus_0,1,operational,128,2.3359375,0.7372002713826972,0.8910249680899136,3.780850031910086,0.0,0.0,0.0,0.0,7.0,11.299999999999983,0.1953125,25,0,
820,collateral_delay_contrast,stable_supported__joint_crypto_stable_stress,ETH,false_unsafe_debt_hours,0,1,delay_1_minus_0,1,operational,128,6123.822092950382,3560.729798063971,-855.2083112550008,13102.852497155765,0.0,0.0,0.0,0.0,2742.876313856739,5342.03511049985,0.171875,22,0,
821,collateral_delay_contrast,stable_supported__joint_crypto_stable_stress,ETH,false_unsafe_debt_hours,1,2,delay_2_minus_1,1,operational,128,7667.38380872671,4965.065746247775,-2064.145053918928,17398.91267137235,0.0,0.0,0.0,0.0,1343.1315905568536,4111.2525699166135,0.171875,22,1,
822,collateral_delay_contrast,stable_supported__joint_crypto_stable_stress,ETH,false_unsafe_debt_hours,0,2,delay_2_minus_0,1,operational,128,13791.205901677093,7270.912141312296,-459.7818952950074,28042.193698649193,0.0,0.0,0.0,0.0,4823.154524273007,8483.511591005668,0.1953125,25,0,
823,collateral_delay_contrast,stable_supported__joint_crypto_stable_stress,ETH,peak_false_unsafe_debt,0,1,delay_1_minus_0,1,operational,128,5143.2143710899145,3204.8256549688767,-1138.2439126490835,11424.672654828912,0.0,0.0,0.0,0.0,1426.1110889597269,4118.639016241832,0.171875,22,0,
824,collateral_delay_contrast,stable_supported__joint_crypto_stable_stress,ETH,peak_false_unsafe_debt,1,2,delay_2_minus_1,1,operational,128,1900.167888771068,1779.8313074912764,-1588.3014739118337,5388.63725145397,0.0,0.0,0.0,0.0,0.0,478.7148762366503,0.0859375,11,0,
825,collateral_delay_contrast,stable_supported__joint_crypto_stable_stress,ETH,peak_false_unsafe_debt,0,2,delay_2_minus_0,1,operational,128,7043.382259860983,3703.8285424769974,-216.12168339393156,14302.886203115897,0.0,0.0,0.0,0.0,1474.2536785379136,4118.639016241832,0.1953125,25,0,
826,collateral_delay_contrast,stable_supported__joint_crypto_stable_stress,ETH,eligible_liquidation_tab,0,1,delay_1_minus_0,1,operational,128,0.0,0.0,0.0,0.0,0.0,0.0,0.0,0.0,0.0,0.0,0.0,0,0,
827,collateral_delay_contrast,stable_supported__joint_crypto_stable_stress,ETH,eligible_liquidation_tab,1,2,delay_2_minus_1,1,operational,128,0.0,0.0,0.0,0.0,0.0,0.0,0.0,0.0,0.0,0.0,0.0,0,0,
828,collateral_delay_contrast,stable_supported__joint_crypto_stable_stress,ETH,eligible_liquidation_tab,0,2,delay_2_minus_0,1,operational,128,0.0,0.0,0.0,0.0,0.0,0.0,0.0,0.0,0.0,0.0,0.0,0,0,
829,collateral_delay_contrast,stable_supported__joint_crypto_stable_stress,ETH,selected_count,0,1,delay_1_minus_0,1,operational,128,0.015625,0.08446244375180935,-0.14992138975354632,0.18117138975354632,0.0,-0.6499999999999995,0.0,0.0,0.0,0.6499999999999915,0.0546875,7,7,
830,collateral_delay_contrast,stable_supported__joint_crypto_stable_stress,ETH,selected_count,1,2,delay_2_minus_1,1,operational,128,0.0234375,0.05597300977768512,-0.08626959916426284,0.13314459916426286,0.0,0.0,0.0,0.0,0.0,1.0,0.0625,8,6,
831,collateral_delay_contrast,stable_supported__joint_crypto_stable_stress,ETH,selected_count,0,2,delay_2_minus_0,1,operational,128,0.0390625,0.10007523237343222,-0.15708495545192713,0.23520995545192713,0.0,-1.0,0.0,0.0,0.0,2.0,0.0703125,9,10,
832,collateral_delay_contrast,stable_supported__joint_crypto_stable_stress,ETH,rejected_count,0,1,delay_1_minus_0,1,operational,128,0.0,0.0,0.0,0.0,0.0,0.0,0.0,0.0,0.0,0.0,0.0,0,0,
833,collateral_delay_contrast,stable_supported__joint_crypto_stable_stress,ETH,rejected_count,1,2,delay_2_minus_1,1,operational,128,0.0,0.0,0.0,0.0,0.0,0.0,0.0,0.0,0.0,0.0,0.0,0,0,
834,collateral_delay_contrast,stable_supported__joint_crypto_stable_stress,ETH,rejected_count,0,2,delay_2_minus_0,1,operational,128,0.0,0.0,0.0,0.0,0.0,0.0,0.0,0.0,0.0,0.0,0.0,0,0,
835,collateral_delay_contrast,stable_supported__joint_crypto_stable_stress,ETH,successful_closure_count,0,1,delay_1_minus_0,1,operational,128,0.0703125,0.057831117985312215,-0.043036491251211936,0.18366149125121195,0.0,0.0,0.0,0.0,0.0,0.0,0.0390625,5,1,
836,collateral_delay_contrast,stable_supported__joint_crypto_stable_stress,ETH,successful_closure_count,1,2,delay_2_minus_1,1,operational,128,0.0234375,0.03916080150806335,-0.05331767095580417,0.10019267095580417,0.0,0.0,0.0,0.0,0.0,0.0,0.0390625,5,3,
837,collateral_delay_contrast,stable_supported__joint_crypto_stable_stress,ETH,successful_closure_count,0,2,delay_2_minus_0,1,operational,128,0.09375,0.06695491122983642,-0.037481626010479385,0.22498162601047939,0.0,0.0,0.0,0.0,0.0,0.6499999999999915,0.0546875,7,4,
838,collateral_delay_contrast,stable_supported__joint_crypto_stable_stress,ETH,liquidated_debt,0,1,delay_1_minus_0,1,operational,128,87.3294342182079,60.000706537844565,-30.271950595967454,204.93081903238323,0.0,0.0,0.0,0.0,0.0,4.038156475871758e-11,0.078125,10,4,
839,collateral_delay_contrast,stable_supported__joint_crypto_stable_stress,ETH,liquidated_debt,1,2,delay_2_minus_1,1,operational,128,-2288.1658355350555,1872.156050620522,-5957.591694751278,1381.2600236811672,0.0,0.0,0.0,0.0,0.0,1.1823431123047912e-12,0.0546875,7,5,
840,collateral_delay_contrast,stable_supported__joint_crypto_stable_stress,ETH,liquidated_debt,0,2,delay_2_minus_0,1,operational,128,-2200.836401316847,1857.9095168554736,-5842.339054353575,1440.666251719881,0.0,0.0,0.0,0.0,0.0,215.79345923582048,0.0703125,9,5,
841,collateral_delay_contrast,stable_supported__joint_crypto_stable_stress,ETH,terminal_unresolved_tab,0,1,delay_1_minus_0,1,operational,128,0.0,0.0,0.0,0.0,0.0,0.0,0.0,0.0,0.0,0.0,0.0,0,0,
842,collateral_delay_contrast,stable_supported__joint_crypto_stable_stress,ETH,terminal_unresolved_tab,1,2,delay_2_minus_1,1,operational,128,0.0,0.0,0.0,0.0,0.0,0.0,0.0,0.0,0.0,0.0,0.0,0,0,
843,collateral_delay_contrast,stable_supported__joint_crypto_stable_stress,ETH,terminal_unresolved_tab,0,2,delay_2_minus_0,1,operational,128,0.0,0.0,0.0,0.0,0.0,0.0,0.0,0.0,0.0,0.0,0.0,0,0,
844,collateral_delay_contrast,stable_supported__joint_crypto_stable_stress,ETH,backlog_area,0,1,delay_1_minus_0,1,operational,128,-5069.427778710775,3545.2715743987555,-12018.160064532336,1879.3045071107863,0.0,-17093.593247815927,0.0,0.0,0.0,0.0,0.046875,6,20,
845,collateral_delay_contrast,stable_supported__joint_crypto_stable_stress,ETH,backlog_area,1,2,delay_2_minus_1,1,operational,128,14064.427636054035,10594.812209114112,-6701.4042938096245,34830.259565917695,0.0,-3773.505603919323,0.0,0.0,0.0,2986.295585699125,0.0703125,9,17,
846,collateral_delay_contrast,stable_supported__joint_crypto_stable_stress,ETH,backlog_area,0,2,delay_2_minus_0,1,operational,128,8994.999857343259,8942.313670745494,-8531.934937317908,26521.934652004427,0.0,-6006.004653973346,0.0,0.0,0.0,2004.493789010321,0.078125,10,16,
847,collateral_delay_contrast,stable_supported__joint_crypto_stable_stress,ETH,maximum_backlog,0,1,delay_1_minus_0,1,operational,128,-1809.1549415761042,1910.9626954071925,-5554.641824574202,1936.3319414219932,0.0,-803.9201189655364,0.0,0.0,0.0,320.30700560830786,0.0546875,7,10,
848,collateral_delay_contrast,stable_supported__joint_crypto_stable_stress,ETH,maximum_backlog,1,2,delay_2_minus_1,1,operational,128,3361.9621248602307,2067.9246467569474,-691.1701827833863,7415.094432503847,0.0,-392.42883796941555,0.0,0.0,0.0,544.5163539152366,0.0546875,7,8,
849,collateral_delay_contrast,stable_supported__joint_crypto_stable_stress,ETH,maximum_backlog,0,2,delay_2_minus_0,1,operational,128,1552.8071832841267,1175.342746328482,-750.8645995196978,3856.4789660879514,0.0,-730.6654568987406,0.0,0.0,0.0,2439.6459054172924,0.0625,8,11,
850,collateral_delay_contrast,stable_supported__joint_crypto_stable_stress,ETH,terminal_active_bad_debt,0,1,delay_1_minus_0,1,operational,128,0.0,0.0,0.0,0.0,0.0,0.0,0.0,0.0,0.0,0.0,0.0,0,0,
851,collateral_delay_contrast,stable_supported__joint_crypto_stable_stress,ETH,terminal_active_bad_debt,1,2,delay_2_minus_1,1,operational,128,0.0,0.0,0.0,0.0,0.0,0.0,0.0,0.0,0.0,0.0,0.0,0,0,
852,collateral_delay_contrast,stable_supported__joint_crypto_stable_stress,ETH,terminal_active_bad_debt,0,2,delay_2_minus_0,1,operational,128,0.0,0.0,0.0,0.0,0.0,0.0,0.0,0.0,0.0,0.0,0.0,0,0,
853,collateral_delay_contrast,stable_supported__joint_crypto_stable_stress,ETH,realised_bad_debt,0,1,delay_1_minus_0,1,operational,128,0.0,0.0,0.0,0.0,0.0,0.0,0.0,0.0,0.0,0.0,0.0,0,0,
854,collateral_delay_contrast,stable_supported__joint_crypto_stable_stress,ETH,realised_bad_debt,1,2,delay_2_minus_1,1,operational,128,0.0,0.0,0.0,0.0,0.0,0.0,0.0,0.0,0.0,0.0,0.0,0,0,
855,collateral_delay_contrast,stable_supported__joint_crypto_stable_stress,ETH,realised_bad_debt,0,2,delay_2_minus_0,1,operational,128,0.0,0.0,0.0,0.0,0.0,0.0,0.0,0.0,0.0,0.0,0.0,0,0,
856,collateral_delay_contrast,stable_supported__joint_crypto_stable_stress,ETH,keeper_profit_proxy,0,1,delay_1_minus_0,1,operational,128,8.271602401403221,6.006699295526194,-3.5015282178281186,20.04473302063456,0.0,-15.73929309013988,0.0,0.0,0.0,3.8686290040241653,0.0625,8,11,
857,collateral_delay_contrast,stable_supported__joint_crypto_stable_stress,ETH,keeper_profit_proxy,1,2,delay_2_minus_1,1,operational,128,-289.51850067269754,240.46208155703914,-760.8241805244943,181.78717917909916,0.0,-0.9708544599292167,0.0,0.0,25.10844790083351,85.90188671444571,0.125,16,7,
858,collateral_delay_contrast,stable_supported__joint_crypto_stable_stress,ETH,keeper_profit_proxy,0,2,delay_2_minus_0,1,operational,128,-281.2468982712943,239.52869762295688,-750.7231456122897,188.2293490697012,0.0,-1.9210657143840932,0.0,0.0,18.736514984823433,86.75257879806846,0.125,16,8,
859,collateral_delay_contrast,stable_supported__joint_crypto_stable_stress,WBTC,initial_debt_exposure,0,1,delay_1_minus_0,1,operational,128,0.0,0.0,0.0,0.0,0.0,0.0,0.0,0.0,0.0,0.0,0.0,0,0,
860,collateral_delay_contrast,stable_supported__joint_crypto_stable_stress,WBTC,initial_debt_exposure,1,2,delay_2_minus_1,1,operational,128,0.0,0.0,0.0,0.0,0.0,0.0,0.0,0.0,0.0,0.0,0.0,0,0,
861,collateral_delay_contrast,stable_supported__joint_crypto_stable_stress,WBTC,initial_debt_exposure,0,2,delay_2_minus_0,1,operational,128,0.0,0.0,0.0,0.0,0.0,0.0,0.0,0.0,0.0,0.0,0.0,0,0,
862,collateral_delay_contrast,stable_supported__joint_crypto_stable_stress,WBTC,absolute_mismatch_area,0,1,delay_1_minus_0,1,operational,128,2.383113838580623,0.03780003017068571,2.309025779446079,2.457201897715167,2.353913515423221,1.77180870981691,2.080794795511357,2.596401364376138,2.9560774419363987,3.2013330583282786,1.0,128,0,
863,collateral_delay_contrast,stable_supported__joint_crypto_stable_stress,WBTC,absolute_mismatch_area,1,2,delay_2_minus_1,1,operational,128,1.4931265261973028,0.02302242542355832,1.4480025723671286,1.538250480027477,1.4685509654831248,1.1613930142255058,1.32258998479927,1.6366748818745438,1.8260520458037908,1.9986145499470902,1.0,128,0,
864,collateral_delay_contrast,stable_supported__joint_crypto_stable_stress,WBTC,absolute_mismatch_area,0,2,delay_2_minus_0,1,operational,128,3.8762403647779253,0.06026150249543418,3.7581278198868744,3.9943529096689763,3.860542406751618,2.947089326732329,3.4068224022420104,4.210435511191234,4.787700753714322,5.156479734190171,1.0,128,0,
865,collateral_delay_contrast,stable_supported__joint_crypto_stable_stress,WBTC,peak_absolute_mismatch,0,1,delay_1_minus_0,1,operational,128,0.09872004854962005,0.00043995776912698545,0.09785773132213116,0.09958236577710894,0.0985581230906534,0.09048037657736262,0.09646060763900306,0.100961894097098,0.10367005409341898,0.10696375773110094,1.0,128,0,
866,collateral_delay_contrast,stable_supported__joint_crypto_stable_stress,WBTC,peak_absolute_mismatch,1,2,delay_2_minus_1,1,operational,128,0.002428695641416289,0.00037295161821602785,0.0016977104697128743,0.0031596808131197033,0.0015982470644750196,-0.0016440594048680486,0.0003588548088005461,0.003699479860745619,0.006579891603348887,0.009138858824950996,0.78125,100,28,
867,collateral_delay_contrast,stable_supported__joint_crypto_stable_stress,WBTC,peak_absolute_mismatch,0,2,delay_2_minus_0,1,operational,128,0.10114874419103634,0.0006795064550570839,0.09981691153912445,0.10248057684294823,0.09990265866478096,0.0916811679915176,0.09692957427825794,0.10450608259980552,0.10960779575157227,0.11357397596191951,1.0,128,0,
868,collateral_delay_contrast,stable_supported__joint_crypto_stable_stress,WBTC,oracle_overvaluation_area,0,1,delay_1_minus_0,1,operational,128,1.167855022797737,0.020147585545811482,1.1283657551279465,1.2073442904675273,1.1658313552054675,0.856991780580281,1.0097302422232246,1.2819327478231568,1.4435107028811893,1.6010652917226156,1.0,128,0,
869,collateral_delay_contrast,stable_supported__joint_crypto_stable_stress,WBTC,oracle_overvaluation_area,1,2,delay_2_minus_1,1,operational,128,0.7229957998046419,0.013290958723606479,0.6969455207063732,0.7490460789029106,0.7099600006889558,0.5148943279928176,0.6171120237881846,0.8060719085068846,0.9096801741920201,0.9947761169943695,1.0,128,0,
870,collateral_delay_contrast,stable_supported__joint_crypto_stable_stress,WBTC,oracle_overvaluation_area,0,2,delay_2_minus_0,1,operational,128,1.8908508226023786,0.03307192488504349,1.8260298498276932,1.955671795377064,1.8839338305571454,1.3724527768182484,1.602979086468357,2.063863435100538,2.3811747358877717,2.572908582559207,1.0,128,0,
871,collateral_delay_contrast,stable_supported__joint_crypto_stable_stress,WBTC,peak_oracle_overvaluation,0,1,delay_1_minus_0,1,operational,128,0.09872004854962005,0.00043995776912698545,0.09785773132213116,0.09958236577710894,0.0985581230906534,0.09048037657736262,0.09646060763900306,0.100961894097098,0.10367005409341898,0.10696375773110094,1.0,128,0,
872,collateral_delay_contrast,stable_supported__joint_crypto_stable_stress,WBTC,peak_oracle_overvaluation,1,2,delay_2_minus_1,1,operational,128,0.002428695641416289,0.00037295161821602785,0.0016977104697128743,0.0031596808131197033,0.0015982470644750196,-0.0016440594048680486,0.0003588548088005461,0.003699479860745619,0.006579891603348887,0.009138858824950996,0.78125,100,28,
873,collateral_delay_contrast,stable_supported__joint_crypto_stable_stress,WBTC,peak_oracle_overvaluation,0,2,delay_2_minus_0,1,operational,128,0.10114874419103634,0.0006795064550570839,0.09981691153912445,0.10248057684294823,0.09990265866478096,0.0916811679915176,0.09692957427825794,0.10450608259980552,0.10960779575157227,0.11357397596191951,1.0,128,0,
874,collateral_delay_contrast,stable_supported__joint_crypto_stable_stress,WBTC,oracle_undervaluation_area,0,1,delay_1_minus_0,1,operational,128,1.215258815782886,0.020223245140788042,1.1756212553069416,1.2548963762588305,1.2011623613331863,0.8439318025471456,1.0554122481094297,1.3610903061455524,1.537293678242892,1.5891830670779268,1.0,128,0,
875,collateral_delay_contrast,stable_supported__joint_crypto_stable_stress,WBTC,oracle_undervaluation_area,1,2,delay_2_minus_1,1,operational,128,0.7701307263926607,0.013736997267113457,0.7432062117491183,0.7970552410362031,0.7575609294387192,0.5418788325468548,0.6636065900094752,0.8605600940601215,0.976664708885604,1.0135516736879326,1.0,128,0,
876,collateral_delay_contrast,stable_supported__joint_crypto_stable_stress,WBTC,oracle_undervaluation_area,0,2,delay_2_minus_0,1,operational,128,1.985389542175547,0.03351957536768224,1.9196911744548897,2.051087909896204,1.9873067153780428,1.3964342024381422,1.7209629876245576,2.2445125678874622,2.4934253640729653,2.587738353738487,1.0,128,0,
877,collateral_delay_contrast,stable_supported__joint_crypto_stable_stress,WBTC,peak_oracle_undervaluation,0,1,delay_1_minus_0,1,operational,128,0.03053779485887649,0.0008401978938083106,0.0288910069870122,0.03218458273074078,0.029860933715750018,0.01818657079779993,0.023247808826800005,0.035837947731960106,0.04206848850669994,0.04598486171987314,1.0,128,0,
878,collateral_delay_contrast,stable_supported__joint_crypto_stable_stress,WBTC,peak_oracle_undervaluation,1,2,delay_2_minus_1,1,operational,128,0.013424750390520775,0.0006006734326594932,0.012247430462508167,0.014602070318533382,0.01325270518385004,0.0033816178665999064,0.008677392454652304,0.018615531389488214,0.02143733715060014,0.02231967842760009,0.984375,126,2,
879,collateral_delay_contrast,stable_supported__joint_crypto_stable_stress,WBTC,peak_oracle_undervaluation,0,2,delay_2_minus_0,1,operational,128,0.04396254524939726,0.0011288764653286324,0.04174994737735314,0.04617514312144138,0.04312518087405766,0.025186207965397518,0.03564589694814069,0.05042671610149997,0.05915123308545584,0.06829419791068798,1.0,128,0,
880,collateral_delay_contrast,stable_supported__joint_crypto_stable_stress,WBTC,mismatch_hours,0,1,delay_1_minus_0,1,operational,128,766.875,0.06175739937815351,766.7539554972188,766.9960445027812,767.0,767.0,767.0,767.0,767.0,767.0,1.0,128,0,
881,collateral_delay_contrast,stable_supported__joint_crypto_stable_stress,WBTC,mismatch_hours,1,2,delay_2_minus_1,1,operational,128,0.03125,0.015439349844538378,0.0009888743047047795,0.061511125695295224,0.0,0.0,0.0,0.0,0.0,0.0,0.03125,4,0,
882,collateral_delay_contrast,stable_supported__joint_crypto_stable_stress,WBTC,mismatch_hours,0,2,delay_2_minus_0,1,operational,128,766.90625,0.04631804953361513,766.8154666229141,766.9970333770859,767.0,767.0,767.0,767.0,767.0,767.0,1.0,128,0,
883,collateral_delay_contrast,stable_supported__joint_crypto_stable_stress,WBTC,mismatch_hours_above_tolerance,0,1,delay_1_minus_0,1,operational,128,766.875,0.06175739937815351,766.7539554972188,766.9960445027812,767.0,767.0,767.0,767.0,767.0,767.0,1.0,128,0,
884,collateral_delay_contrast,stable_supported__joint_crypto_stable_stress,WBTC,mismatch_hours_above_tolerance,1,2,delay_2_minus_1,1,operational,128,0.015625,0.01916173585724926,-0.02193200228020855,0.05318200228020855,0.0,0.0,0.0,0.0,0.0,0.0,0.03125,4,2,
885,collateral_delay_contrast,stable_supported__joint_crypto_stable_stress,WBTC,mismatch_hours_above_tolerance,0,2,delay_2_minus_0,1,operational,128,766.890625,0.04736456941663908,766.7977904439434,766.9834595560566,767.0,767.0,767.0,767.0,767.0,767.0,1.0,128,0,
886,collateral_delay_contrast,stable_supported__joint_crypto_stable_stress,WBTC,false_safe_vault_hours,0,1,delay_1_minus_0,1,operational,128,0.2890625,0.11641394953530045,0.06089115891081112,0.5172338410891889,0.0,0.0,0.0,0.0,0.0,1.6499999999999915,0.0859375,11,0,
887,collateral_delay_contrast,stable_supported__joint_crypto_stable_stress,WBTC,false_safe_vault_hours,1,2,delay_2_minus_1,1,operational,128,0.234375,0.09312248979336281,0.05185492000500891,0.4168950799949911,0.0,0.0,0.0,0.0,0.0,1.0,0.0859375,11,0,
888,collateral_delay_contrast,stable_supported__joint_crypto_stable_stress,WBTC,false_safe_vault_hours,0,2,delay_2_minus_0,1,operational,128,0.5234375,0.2077973286451892,0.11615473585542918,0.9307202641445709,0.0,0.0,0.0,0.0,0.0,2.6499999999999915,0.0859375,11,0,
889,collateral_delay_contrast,stable_supported__joint_crypto_stable_stress,WBTC,false_safe_debt_hours,0,1,delay_1_minus_0,1,operational,128,1926.1548411900037,1301.9656865015404,-625.6979043530152,4478.007586733022,0.0,0.0,0.0,0.0,0.0,5148.885413712353,0.0859375,11,0,
890,collateral_delay_contrast,stable_supported__joint_crypto_stable_stress,WBTC,false_safe_debt_hours,1,2,delay_2_minus_1,1,operational,128,1062.4379596182575,691.0448700051488,-292.00998559183404,2416.8859048283493,0.0,0.0,0.0,0.0,0.0,3263.8199505573125,0.0859375,11,0,
891,collateral_delay_contrast,stable_supported__joint_crypto_stable_stress,WBTC,false_safe_debt_hours,0,2,delay_2_minus_0,1,operational,128,2988.5928008082615,1988.7399218660967,-909.3374460492878,6886.523047665811,0.0,0.0,0.0,0.0,0.0,8926.71222336209,0.0859375,11,0,
892,collateral_delay_contrast,stable_supported__joint_crypto_stable_stress,WBTC,peak_false_safe_debt,0,1,delay_1_minus_0,1,operational,128,1164.251995560643,707.6698063512689,-222.7808248878439,2551.28481600913,0.0,0.0,0.0,0.0,0.0,3038.508091246965,0.0859375,11,0,
893,collateral_delay_contrast,stable_supported__joint_crypto_stable_stress,WBTC,peak_false_safe_debt,1,2,delay_2_minus_1,1,operational,128,8.637998205675494,6.202129661976392,-3.5181759317982344,20.79417234314922,0.0,0.0,0.0,0.0,0.0,0.0,0.015625,2,0,
894,collateral_delay_contrast,stable_supported__joint_crypto_stable_stress,WBTC,peak_false_safe_debt,0,2,delay_2_minus_0,1,operational,128,1172.8899937663186,708.2729878952498,-215.32506250837105,2561.1050500410083,0.0,0.0,0.0,0.0,0.0,3038.508091246965,0.0859375,11,0,
895,collateral_delay_contrast,stable_supported__joint_crypto_stable_stress,WBTC,false_unsafe_vault_hours,0,1,delay_1_minus_0,1,operational,128,0.140625,0.07165642046253731,0.00017841589342687536,0.2810715841065731,0.0,0.0,0.0,0.0,0.0,0.0,0.0390625,5,0,
896,collateral_delay_contrast,stable_supported__joint_crypto_stable_stress,WBTC,false_unsafe_vault_hours,1,2,delay_2_minus_1,1,operational,128,0.0546875,0.025556295331153722,0.004597161150938708,0.10477783884906129,0.0,0.0,0.0,0.0,0.0,0.0,0.0390625,5,0,
897,collateral_delay_contrast,stable_supported__joint_crypto_stable_stress,WBTC,false_unsafe_vault_hours,0,2,delay_2_minus_0,1,operational,128,0.1953125,0.09673470203349904,0.005712484014341879,0.3849125159856581,0.0,0.0,0.0,0.0,0.0,0.0,0.0390625,5,0,
898,collateral_delay_contrast,stable_supported__joint_crypto_stable_stress,WBTC,false_unsafe_debt_hours,0,1,delay_1_minus_0,1,operational,128,1371.4810493746786,1003.5752989190831,-595.5265365067244,3338.4886352560816,0.0,0.0,0.0,0.0,0.0,0.0,0.0390625,5,0,
899,collateral_delay_contrast,stable_supported__joint_crypto_stable_stress,WBTC,false_unsafe_debt_hours,1,2,delay_2_minus_1,1,operational,128,420.9888700339635,304.42554594076296,-175.68520000993192,1017.6629400778589,0.0,0.0,0.0,0.0,0.0,0.0,0.0390625,5,0,
900,collateral_delay_contrast,stable_supported__joint_crypto_stable_stress,WBTC,false_unsafe_debt_hours,0,2,delay_2_minus_0,1,operational,128,1792.4699194086422,1303.2989175063983,-761.9959589038983,4346.935797721183,0.0,0.0,0.0,0.0,0.0,0.0,0.0390625,5,0,
901,collateral_delay_contrast,stable_supported__joint_crypto_stable_stress,WBTC,peak_false_unsafe_debt,0,1,delay_1_minus_0,1,operational,128,890.500121926767,632.9430099729316,-350.06817762017886,2131.068421473713,0.0,0.0,0.0,0.0,0.0,0.0,0.0390625,5,0,
902,collateral_delay_contrast,stable_supported__joint_crypto_stable_stress,WBTC,peak_false_unsafe_debt,1,2,delay_2_minus_1,1,operational,128,109.388317260046,79.87143308600282,-47.159691588519536,265.9363261086115,0.0,0.0,0.0,0.0,0.0,0.0,0.015625,2,0,
903,collateral_delay_contrast,stable_supported__joint_crypto_stable_stress,WBTC,peak_false_unsafe_debt,0,2,delay_2_minus_0,1,operational,128,999.8884391868129,705.0074554336983,-381.9261734632356,2381.7030518368615,0.0,0.0,0.0,0.0,0.0,0.0,0.0390625,5,0,
904,collateral_delay_contrast,stable_supported__joint_crypto_stable_stress,WBTC,eligible_liquidation_tab,0,1,delay_1_minus_0,1,operational,128,0.0,0.0,0.0,0.0,0.0,0.0,0.0,0.0,0.0,0.0,0.0,0,0,
905,collateral_delay_contrast,stable_supported__joint_crypto_stable_stress,WBTC,eligible_liquidation_tab,1,2,delay_2_minus_1,1,operational,128,0.0,0.0,0.0,0.0,0.0,0.0,0.0,0.0,0.0,0.0,0.0,0,0,
906,collateral_delay_contrast,stable_supported__joint_crypto_stable_stress,WBTC,eligible_liquidation_tab,0,2,delay_2_minus_0,1,operational,128,0.0,0.0,0.0,0.0,0.0,0.0,0.0,0.0,0.0,0.0,0.0,0,0,
907,collateral_delay_contrast,stable_supported__joint_crypto_stable_stress,WBTC,selected_count,0,1,delay_1_minus_0,1,operational,128,-0.0078125,0.0078125,-0.023125,0.0075,0.0,0.0,0.0,0.0,0.0,0.0,0.0,0,1,
908,collateral_delay_contrast,stable_supported__joint_crypto_stable_stress,WBTC,selected_count,1,2,delay_2_minus_1,1,operational,128,0.046875,0.026849351430604323,-0.005749728803984472,0.09949972880398447,0.0,0.0,0.0,0.0,0.0,0.0,0.03125,4,0,
909,collateral_delay_contrast,stable_supported__joint_crypto_stable_stress,WBTC,selected_count,0,2,delay_2_minus_0,1,operational,128,0.0390625,0.020459605120409112,-0.0010383260360018604,0.07916332603600186,0.0,0.0,0.0,0.0,0.0,0.0,0.03125,4,0,
910,collateral_delay_contrast,stable_supported__joint_crypto_stable_stress,WBTC,rejected_count,0,1,delay_1_minus_0,1,operational,128,0.0,0.0,0.0,0.0,0.0,0.0,0.0,0.0,0.0,0.0,0.0,0,0,
911,collateral_delay_contrast,stable_supported__joint_crypto_stable_stress,WBTC,rejected_count,1,2,delay_2_minus_1,1,operational,128,0.0,0.0,0.0,0.0,0.0,0.0,0.0,0.0,0.0,0.0,0.0,0,0,
912,collateral_delay_contrast,stable_supported__joint_crypto_stable_stress,WBTC,rejected_count,0,2,delay_2_minus_0,1,operational,128,0.0,0.0,0.0,0.0,0.0,0.0,0.0,0.0,0.0,0.0,0.0,0,0,
913,collateral_delay_contrast,stable_supported__joint_crypto_stable_stress,WBTC,successful_closure_count,0,1,delay_1_minus_0,1,operational,128,-0.0078125,0.0078125,-0.023125,0.0075,0.0,0.0,0.0,0.0,0.0,0.0,0.0,0,1,
914,collateral_delay_contrast,stable_supported__joint_crypto_stable_stress,WBTC,successful_closure_count,1,2,delay_2_minus_1,1,operational,128,0.03125,0.015439349844538378,0.0009888743047047795,0.061511125695295224,0.0,0.0,0.0,0.0,0.0,0.0,0.03125,4,0,
915,collateral_delay_contrast,stable_supported__joint_crypto_stable_stress,WBTC,successful_closure_count,0,2,delay_2_minus_0,1,operational,128,0.0234375,0.013424675715302162,-0.002874864401992236,0.049749864401992236,0.0,0.0,0.0,0.0,0.0,0.0,0.0234375,3,0,
916,collateral_delay_contrast,stable_supported__joint_crypto_stable_stress,WBTC,liquidated_debt,0,1,delay_1_minus_0,1,operational,128,-606.105849194127,606.105849194127,-1794.073313614616,581.861615226362,0.0,0.0,0.0,0.0,0.0,0.0,0.0,0,1,
917,collateral_delay_contrast,stable_supported__joint_crypto_stable_stress,WBTC,liquidated_debt,1,2,delay_2_minus_1,1,operational,128,790.1290310969193,628.2068869596887,-441.1564673440705,2021.4145295379092,0.0,0.0,0.0,0.0,0.0,0.0,0.03125,4,0,
918,collateral_delay_contrast,stable_supported__joint_crypto_stable_stress,WBTC,liquidated_debt,0,2,delay_2_minus_0,1,operational,128,184.02318190279232,170.39979132461187,-149.9604090934469,518.0067728990316,0.0,0.0,0.0,0.0,0.0,0.0,0.0234375,3,0,
919,collateral_delay_contrast,stable_supported__joint_crypto_stable_stress,WBTC,terminal_unresolved_tab,0,1,delay_1_minus_0,1,operational,128,0.0,0.0,0.0,0.0,0.0,0.0,0.0,0.0,0.0,0.0,0.0,0,0,
920,collateral_delay_contrast,stable_supported__joint_crypto_stable_stress,WBTC,terminal_unresolved_tab,1,2,delay_2_minus_1,1,operational,128,0.0,0.0,0.0,0.0,0.0,0.0,0.0,0.0,0.0,0.0,0.0,0,0,
921,collateral_delay_contrast,stable_supported__joint_crypto_stable_stress,WBTC,terminal_unresolved_tab,0,2,delay_2_minus_0,1,operational,128,0.0,0.0,0.0,0.0,0.0,0.0,0.0,0.0,0.0,0.0,0.0,0,0,
922,collateral_delay_contrast,stable_supported__joint_crypto_stable_stress,WBTC,backlog_area,0,1,delay_1_minus_0,1,operational,128,345.19504420519195,349.9696642333347,-340.745497692144,1031.135586102528,0.0,0.0,0.0,0.0,0.0,0.0,0.0390625,5,5,
923,collateral_delay_contrast,stable_supported__joint_crypto_stable_stress,WBTC,backlog_area,1,2,delay_2_minus_1,1,operational,128,-658.3084803700347,367.55708462198766,-1378.7203662291304,62.103405489061174,0.0,-1329.2710665086006,0.0,0.0,0.0,0.0,0.0078125,1,9,
924,collateral_delay_contrast,stable_supported__joint_crypto_stable_stress,WBTC,backlog_area,0,2,delay_2_minus_0,1,operational,128,-313.1134361648426,184.35270722584173,-674.4447423274923,48.217869997807156,0.0,0.0,0.0,0.0,0.0,0.0,0.015625,2,6,
925,collateral_delay_contrast,stable_supported__joint_crypto_stable_stress,WBTC,maximum_backlog,0,1,delay_1_minus_0,1,operational,128,432.931904395995,386.7326323381828,-325.06405498684325,1190.9278637788332,0.0,0.0,0.0,0.0,0.0,0.0,0.0234375,3,1,
926,collateral_delay_contrast,stable_supported__joint_crypto_stable_stress,WBTC,maximum_backlog,1,2,delay_2_minus_1,1,operational,128,-639.0888201854873,415.9690736822653,-1454.3882046027272,176.21056423175264,0.0,0.0,0.0,0.0,0.0,0.0,0.0078125,1,6,
927,collateral_delay_contrast,stable_supported__joint_crypto_stable_stress,WBTC,maximum_backlog,0,2,delay_2_minus_0,1,operational,128,-206.15691578949225,157.71392828189985,-515.2762152220159,102.96238364303144,0.0,0.0,0.0,0.0,0.0,0.0,0.0,0,3,
928,collateral_delay_contrast,stable_supported__joint_crypto_stable_stress,WBTC,terminal_active_bad_debt,0,1,delay_1_minus_0,1,operational,128,0.0,0.0,0.0,0.0,0.0,0.0,0.0,0.0,0.0,0.0,0.0,0,0,
929,collateral_delay_contrast,stable_supported__joint_crypto_stable_stress,WBTC,terminal_active_bad_debt,1,2,delay_2_minus_1,1,operational,128,0.0,0.0,0.0,0.0,0.0,0.0,0.0,0.0,0.0,0.0,0.0,0,0,
930,collateral_delay_contrast,stable_supported__joint_crypto_stable_stress,WBTC,terminal_active_bad_debt,0,2,delay_2_minus_0,1,operational,128,0.0,0.0,0.0,0.0,0.0,0.0,0.0,0.0,0.0,0.0,0.0,0,0,
931,collateral_delay_contrast,stable_supported__joint_crypto_stable_stress,WBTC,realised_bad_debt,0,1,delay_1_minus_0,1,operational,128,0.0,0.0,0.0,0.0,0.0,0.0,0.0,0.0,0.0,0.0,0.0,0,0,
932,collateral_delay_contrast,stable_supported__joint_crypto_stable_stress,WBTC,realised_bad_debt,1,2,delay_2_minus_1,1,operational,128,0.0,0.0,0.0,0.0,0.0,0.0,0.0,0.0,0.0,0.0,0.0,0,0,
933,collateral_delay_contrast,stable_supported__joint_crypto_stable_stress,WBTC,realised_bad_debt,0,2,delay_2_minus_0,1,operational,128,0.0,0.0,0.0,0.0,0.0,0.0,0.0,0.0,0.0,0.0,0.0,0,0,
934,collateral_delay_contrast,stable_supported__joint_crypto_stable_stress,WBTC,keeper_profit_proxy,0,1,delay_1_minus_0,1,operational,128,-78.28945148014822,78.37140284793252,-231.89740106209595,75.31849810179952,0.0,0.0,0.0,0.0,0.0,0.0,0.0390625,5,2,
935,collateral_delay_contrast,stable_supported__joint_crypto_stable_stress,WBTC,keeper_profit_proxy,1,2,delay_2_minus_1,1,operational,128,101.14341999043607,80.79688763098802,-57.21847976630046,259.5053197471726,0.0,0.0,0.0,0.0,0.0,0.0,0.03125,4,1,
936,collateral_delay_contrast,stable_supported__joint_crypto_stable_stress,WBTC,keeper_profit_proxy,0,2,delay_2_minus_0,1,operational,128,22.853968510287864,21.863968336346236,-19.999409428950756,65.70734644952648,0.0,0.0,0.0,0.0,0.0,0.0,0.046875,6,2,
937,collateral_delay_contrast,stable_supported__joint_crypto_stable_stress,STABLE,initial_debt_exposure,0,1,delay_1_minus_0,1,operational,128,0.0,0.0,0.0,0.0,0.0,0.0,0.0,0.0,0.0,0.0,0.0,0,0,
938,collateral_delay_contrast,stable_supported__joint_crypto_stable_stress,STABLE,initial_debt_exposure,1,2,delay_2_minus_1,1,operational,128,0.0,0.0,0.0,0.0,0.0,0.0,0.0,0.0,0.0,0.0,0.0,0,0,
939,collateral_delay_contrast,stable_supported__joint_crypto_stable_stress,STABLE,initial_debt_exposure,0,2,delay_2_minus_0,1,operational,128,0.0,0.0,0.0,0.0,0.0,0.0,0.0,0.0,0.0,0.0,0.0,0,0,
940,collateral_delay_contrast,stable_supported__joint_crypto_stable_stress,STABLE,absolute_mismatch_area,0,1,delay_1_minus_0,1,operational,128,0.391702957711226,0.00512539448453611,0.3816571845215352,0.4017487309009168,0.38272242986916993,0.3161290059153007,0.3479666332351947,0.4238905823084824,0.4635783259053518,0.4832262969515002,1.0,128,0,
941,collateral_delay_contrast,stable_supported__joint_crypto_stable_stress,STABLE,absolute_mismatch_area,1,2,delay_2_minus_1,1,operational,128,0.25710714517941513,0.001782506267958237,0.253613432894217,0.26060085746461326,0.251914661591343,0.23176783215475746,0.24224849896114553,0.26960023103889674,0.2820728687085261,0.28847764228774353,1.0,128,0,
942,collateral_delay_contrast,stable_supported__joint_crypto_stable_stress,STABLE,absolute_mismatch_area,0,2,delay_2_minus_0,1,operational,128,0.648810102890641,0.006692577111880218,0.6356926517513558,0.6619275540299262,0.6394824730405639,0.5479890794338553,0.5932661766210199,0.6884787632130527,0.7401282190705557,0.7728371244679985,1.0,128,0,
943,collateral_delay_contrast,stable_supported__joint_crypto_stable_stress,STABLE,peak_absolute_mismatch,0,1,delay_1_minus_0,1,operational,128,0.10535086301194987,3.9361872171615716e-05,0.1052737137424935,0.10542801228140625,0.10537304809425427,0.10480753480779723,0.10522458000993754,0.10547866693033014,0.10568078062674587,0.10588930335705168,1.0,128,0,
944,collateral_delay_contrast,stable_supported__joint_crypto_stable_stress,STABLE,peak_absolute_mismatch,1,2,delay_2_minus_1,1,operational,128,0.00018771275405219127,3.869046905471801e-05,0.00011187943470494397,0.0002635460733994386,8.943845300588005e-05,-0.0002465050385992838,-2.115084123202257e-05,0.00023025051092253127,0.0005895254287570608,0.0010836632333897386,0.6796875,87,41,
945,collateral_delay_contrast,stable_supported__joint_crypto_stable_stress,STABLE,peak_absolute_mismatch,0,2,delay_2_minus_0,1,operational,128,0.10553857576600208,5.008632012406466e-05,0.10544040657855891,0.10563674495344524,0.1054430330778687,0.10492011263053591,0.10530430377842559,0.10563058308234077,0.106052904543704,0.10656355859654412,1.0,128,0,
946,collateral_delay_contrast,stable_supported__joint_crypto_stable_stress,STABLE,oracle_overvaluation_area,0,1,delay_1_minus_0,1,operational,128,0.19607609768727874,0.0025804171586128856,0.1910184800563975,0.20113371531816,0.19147683412104882,0.15841775642249073,0.17335568305286536,0.21203440066579274,0.23325059644025894,0.24173908944550812,1.0,128,0,
947,collateral_delay_contrast,stable_supported__joint_crypto_stable_stress,STABLE,oracle_overvaluation_area,1,2,delay_2_minus_1,1,operational,128,0.12877865790507848,0.0009374996017510424,0.12694115868564643,0.13061615712451052,0.12613635735040699,0.11574359432727022,0.12106575551824228,0.13489387158472155,0.14172165602092765,0.14449213180117257,1.0,128,0,
948,collateral_delay_contrast,stable_supported__joint_crypto_stable_stress,STABLE,oracle_overvaluation_area,0,2,delay_2_minus_0,1,operational,128,0.3248547555923572,0.00339941929137689,0.3181918937812585,0.3315176174034559,0.31923745357499517,0.2752139277546643,0.29716485546448745,0.3444343286897814,0.3735988012364292,0.38527719283130357,1.0,128,0,
949,collateral_delay_contrast,stable_supported__joint_crypto_stable_stress,STABLE,peak_oracle_overvaluation,0,1,delay_1_minus_0,1,operational,128,0.10535086301194987,3.9361872171615716e-05,0.1052737137424935,0.10542801228140625,0.10537304809425427,0.10480753480779723,0.10522458000993754,0.10547866693033014,0.10568078062674587,0.10588930335705168,1.0,128,0,
950,collateral_delay_contrast,stable_supported__joint_crypto_stable_stress,STABLE,peak_oracle_overvaluation,1,2,delay_2_minus_1,1,operational,128,0.00018771275405219127,3.869046905471801e-05,0.00011187943470494397,0.0002635460733994386,8.943845300588005e-05,-0.0002465050385992838,-2.115084123202257e-05,0.00023025051092253127,0.0005895254287570608,0.0010836632333897386,0.6796875,87,41,
951,collateral_delay_contrast,stable_supported__joint_crypto_stable_stress,STABLE,peak_oracle_overvaluation,0,2,delay_2_minus_0,1,operational,128,0.10553857576600208,5.008632012406466e-05,0.10544040657855891,0.10563674495344524,0.1054430330778687,0.10492011263053591,0.10530430377842559,0.10563058308234077,0.106052904543704,0.10656355859654412,1.0,128,0,
952,collateral_delay_contrast,stable_supported__joint_crypto_stable_stress,STABLE,oracle_undervaluation_area,0,1,delay_1_minus_0,1,operational,128,0.1956268600239472,0.0025645253956733303,0.19060039024842745,0.20065332979946693,0.1919757013199042,0.15734581555076985,0.17415812167589007,0.21203626397711928,0.23109134640588344,0.24156770384786214,1.0,128,0,
953,collateral_delay_contrast,stable_supported__joint_crypto_stable_stress,STABLE,oracle_undervaluation_area,1,2,delay_2_minus_1,1,operational,128,0.12832848727433666,0.0008994810066715483,0.12656550450126042,0.1300914700474129,0.1257081055888436,0.11521611320392483,0.12105994383635323,0.13489829153365857,0.1407575868208877,0.14492866697682094,1.0,128,0,
954,collateral_delay_contrast,stable_supported__joint_crypto_stable_stress,STABLE,oracle_undervaluation_area,0,2,delay_2_minus_0,1,operational,128,0.32395534729828385,0.0033523044007931274,0.3173848306727293,0.33052586392383837,0.31844156574630234,0.2750013225897004,0.2949492976758135,0.34505518103017807,0.37110219986005566,0.385062777601024,1.0,128,0,
955,collateral_delay_contrast,stable_supported__joint_crypto_stable_stress,STABLE,peak_oracle_undervaluation,0,1,delay_1_minus_0,1,operational,128,0.003443064542360639,0.00018557760479045646,0.0030793324369713443,0.003806796647749934,0.00291374417881992,0.0016683402344764807,0.0023079909540365804,0.003693711046449924,0.005751865249169963,0.00820791207594008,1.0,128,0,
956,collateral_delay_contrast,stable_supported__joint_crypto_stable_stress,STABLE,peak_oracle_undervaluation,1,2,delay_2_minus_1,1,operational,128,0.0012335592273109033,0.00010504494218534466,0.0010276711406276278,0.001439447313994179,0.0010107189313755228,0.00012040424578026697,0.0005915431083524348,0.0014799607067484983,0.001943731778919931,0.004941479421369995,0.9609375,123,5,
957,collateral_delay_contrast,stable_supported__joint_crypto_stable_stress,STABLE,peak_oracle_undervaluation,0,2,delay_2_minus_0,1,operational,128,0.004676623769671543,0.0002630584112830589,0.004161029283556748,0.0051922182557863385,0.0038451999942510327,0.0024869727089156207,0.003150868028031735,0.004662166970862594,0.007467852012940019,0.013149391497310219,1.0,128,0,
958,collateral_delay_contrast,stable_supported__joint_crypto_stable_stress,STABLE,mismatch_hours,0,1,delay_1_minus_0,1,operational,128,766.96875,0.015439349844538378,766.9384888743047,766.9990111256953,767.0,767.0,767.0,767.0,767.0,767.0,1.0,128,0,
959,collateral_delay_contrast,stable_supported__joint_crypto_stable_stress,STABLE,mismatch_hours,1,2,delay_2_minus_1,1,operational,128,0.0,0.022183912735402843,-0.04348046896138957,0.04348046896138957,0.0,0.0,0.0,0.0,0.0,0.0,0.03125,4,4,
960,collateral_delay_contrast,stable_supported__joint_crypto_stable_stress,STABLE,mismatch_hours,0,2,delay_2_minus_0,1,operational,128,766.96875,0.015439349844538378,766.9384888743047,766.9990111256953,767.0,767.0,767.0,767.0,767.0,767.0,1.0,128,0,
961,collateral_delay_contrast,stable_supported__joint_crypto_stable_stress,STABLE,mismatch_hours_above_tolerance,0,1,delay_1_minus_0,1,operational,128,766.75,0.0508297296601392,766.6503737298661,766.8496262701339,767.0,766.0,767.0,767.0,767.0,767.0,1.0,128,0,
962,collateral_delay_contrast,stable_supported__joint_crypto_stable_stress,STABLE,mismatch_hours_above_tolerance,1,2,delay_2_minus_1,1,operational,128,0.15625,0.06219166067472644,0.03435434507753618,0.2781456549224638,0.0,-1.0,0.0,0.0,1.0,1.0,0.203125,26,10,
963,collateral_delay_contrast,stable_supported__joint_crypto_stable_stress,STABLE,mismatch_hours_above_tolerance,0,2,delay_2_minus_0,1,operational,128,766.90625,0.030249739700838812,766.8469605101864,766.9655394898136,767.0,766.0,767.0,767.0,767.0,767.0,1.0,128,0,
964,collateral_delay_contrast,stable_supported__joint_crypto_stable_stress,STABLE,false_safe_vault_hours,0,1,delay_1_minus_0,1,operational,128,0.0078125,0.0078125,-0.0075,0.023125,0.0,0.0,0.0,0.0,0.0,0.0,0.0078125,1,0,
965,collateral_delay_contrast,stable_supported__joint_crypto_stable_stress,STABLE,false_safe_vault_hours,1,2,delay_2_minus_1,1,operational,128,0.0078125,0.0078125,-0.0075,0.023125,0.0,0.0,0.0,0.0,0.0,0.0,0.0078125,1,0,
966,collateral_delay_contrast,stable_supported__joint_crypto_stable_stress,STABLE,false_safe_vault_hours,0,2,delay_2_minus_0,1,operational,128,0.015625,0.015625,-0.015,0.04625,0.0,0.0,0.0,0.0,0.0,0.0,0.0078125,1,0,
967,collateral_delay_contrast,stable_supported__joint_crypto_stable_stress,STABLE,false_safe_debt_hours,0,1,delay_1_minus_0,1,operational,128,32.51763345630604,32.517633456306015,-31.21692811805375,96.25219503066583,0.0,0.0,0.0,0.0,0.0,0.0,0.0078125,1,0,
968,collateral_delay_contrast,stable_supported__joint_crypto_stable_stress,STABLE,false_safe_debt_hours,1,2,delay_2_minus_1,1,operational,128,32.51763345630604,32.517633456306015,-31.21692811805375,96.25219503066583,0.0,0.0,0.0,0.0,0.0,0.0,0.0078125,1,0,
969,collateral_delay_contrast,stable_supported__joint_crypto_stable_stress,STABLE,false_safe_debt_hours,0,2,delay_2_minus_0,1,operational,128,65.03526691261207,65.03526691261203,-62.4338562361075,192.50439006133166,0.0,0.0,0.0,0.0,0.0,0.0,0.0078125,1,0,
970,collateral_delay_contrast,stable_supported__joint_crypto_stable_stress,STABLE,peak_false_safe_debt,0,1,delay_1_minus_0,1,operational,128,32.51763345630604,32.517633456306015,-31.21692811805375,96.25219503066583,0.0,0.0,0.0,0.0,0.0,0.0,0.0078125,1,0,
971,collateral_delay_contrast,stable_supported__joint_crypto_stable_stress,STABLE,peak_false_safe_debt,1,2,delay_2_minus_1,1,operational,128,0.0,0.0,0.0,0.0,0.0,0.0,0.0,0.0,0.0,0.0,0.0,0,0,
972,collateral_delay_contrast,stable_supported__joint_crypto_stable_stress,STABLE,peak_false_safe_debt,0,2,delay_2_minus_0,1,operational,128,32.51763345630604,32.517633456306015,-31.21692811805375,96.25219503066583,0.0,0.0,0.0,0.0,0.0,0.0,0.0078125,1,0,
973,collateral_delay_contrast,stable_supported__joint_crypto_stable_stress,STABLE,false_unsafe_vault_hours,0,1,delay_1_minus_0,1,operational,128,0.0,0.0,0.0,0.0,0.0,0.0,0.0,0.0,0.0,0.0,0.0,0,0,
974,collateral_delay_contrast,stable_supported__joint_crypto_stable_stress,STABLE,false_unsafe_vault_hours,1,2,delay_2_minus_1,1,operational,128,0.0,0.0,0.0,0.0,0.0,0.0,0.0,0.0,0.0,0.0,0.0,0,0,
975,collateral_delay_contrast,stable_supported__joint_crypto_stable_stress,STABLE,false_unsafe_vault_hours,0,2,delay_2_minus_0,1,operational,128,0.0,0.0,0.0,0.0,0.0,0.0,0.0,0.0,0.0,0.0,0.0,0,0,
976,collateral_delay_contrast,stable_supported__joint_crypto_stable_stress,STABLE,false_unsafe_debt_hours,0,1,delay_1_minus_0,1,operational,128,0.0,0.0,0.0,0.0,0.0,0.0,0.0,0.0,0.0,0.0,0.0,0,0,
977,collateral_delay_contrast,stable_supported__joint_crypto_stable_stress,STABLE,false_unsafe_debt_hours,1,2,delay_2_minus_1,1,operational,128,0.0,0.0,0.0,0.0,0.0,0.0,0.0,0.0,0.0,0.0,0.0,0,0,
978,collateral_delay_contrast,stable_supported__joint_crypto_stable_stress,STABLE,false_unsafe_debt_hours,0,2,delay_2_minus_0,1,operational,128,0.0,0.0,0.0,0.0,0.0,0.0,0.0,0.0,0.0,0.0,0.0,0,0,
979,collateral_delay_contrast,stable_supported__joint_crypto_stable_stress,STABLE,peak_false_unsafe_debt,0,1,delay_1_minus_0,1,operational,128,0.0,0.0,0.0,0.0,0.0,0.0,0.0,0.0,0.0,0.0,0.0,0,0,
980,collateral_delay_contrast,stable_supported__joint_crypto_stable_stress,STABLE,peak_false_unsafe_debt,1,2,delay_2_minus_1,1,operational,128,0.0,0.0,0.0,0.0,0.0,0.0,0.0,0.0,0.0,0.0,0.0,0,0,
981,collateral_delay_contrast,stable_supported__joint_crypto_stable_stress,STABLE,peak_false_unsafe_debt,0,2,delay_2_minus_0,1,operational,128,0.0,0.0,0.0,0.0,0.0,0.0,0.0,0.0,0.0,0.0,0.0,0,0,
982,collateral_delay_contrast,stable_supported__joint_crypto_stable_stress,STABLE,eligible_liquidation_tab,0,1,delay_1_minus_0,1,operational,128,0.0,0.0,0.0,0.0,0.0,0.0,0.0,0.0,0.0,0.0,0.0,0,0,
983,collateral_delay_contrast,stable_supported__joint_crypto_stable_stress,STABLE,eligible_liquidation_tab,1,2,delay_2_minus_1,1,operational,128,0.0,0.0,0.0,0.0,0.0,0.0,0.0,0.0,0.0,0.0,0.0,0,0,
984,collateral_delay_contrast,stable_supported__joint_crypto_stable_stress,STABLE,eligible_liquidation_tab,0,2,delay_2_minus_0,1,operational,128,0.0,0.0,0.0,0.0,0.0,0.0,0.0,0.0,0.0,0.0,0.0,0,0,
985,collateral_delay_contrast,stable_supported__joint_crypto_stable_stress,STABLE,selected_count,0,1,delay_1_minus_0,1,operational,128,0.0,0.0,0.0,0.0,0.0,0.0,0.0,0.0,0.0,0.0,0.0,0,0,
986,collateral_delay_contrast,stable_supported__joint_crypto_stable_stress,STABLE,selected_count,1,2,delay_2_minus_1,1,operational,128,0.0,0.0,0.0,0.0,0.0,0.0,0.0,0.0,0.0,0.0,0.0,0,0,
987,collateral_delay_contrast,stable_supported__joint_crypto_stable_stress,STABLE,selected_count,0,2,delay_2_minus_0,1,operational,128,0.0,0.0,0.0,0.0,0.0,0.0,0.0,0.0,0.0,0.0,0.0,0,0,
988,collateral_delay_contrast,stable_supported__joint_crypto_stable_stress,STABLE,rejected_count,0,1,delay_1_minus_0,1,operational,128,0.0,0.0,0.0,0.0,0.0,0.0,0.0,0.0,0.0,0.0,0.0,0,0,
989,collateral_delay_contrast,stable_supported__joint_crypto_stable_stress,STABLE,rejected_count,1,2,delay_2_minus_1,1,operational,128,0.0,0.0,0.0,0.0,0.0,0.0,0.0,0.0,0.0,0.0,0.0,0,0,
990,collateral_delay_contrast,stable_supported__joint_crypto_stable_stress,STABLE,rejected_count,0,2,delay_2_minus_0,1,operational,128,0.0,0.0,0.0,0.0,0.0,0.0,0.0,0.0,0.0,0.0,0.0,0,0,
991,collateral_delay_contrast,stable_supported__joint_crypto_stable_stress,STABLE,successful_closure_count,0,1,delay_1_minus_0,1,operational,128,0.0,0.0,0.0,0.0,0.0,0.0,0.0,0.0,0.0,0.0,0.0,0,0,
992,collateral_delay_contrast,stable_supported__joint_crypto_stable_stress,STABLE,successful_closure_count,1,2,delay_2_minus_1,1,operational,128,0.0,0.0,0.0,0.0,0.0,0.0,0.0,0.0,0.0,0.0,0.0,0,0,
993,collateral_delay_contrast,stable_supported__joint_crypto_stable_stress,STABLE,successful_closure_count,0,2,delay_2_minus_0,1,operational,128,0.0,0.0,0.0,0.0,0.0,0.0,0.0,0.0,0.0,0.0,0.0,0,0,
994,collateral_delay_contrast,stable_supported__joint_crypto_stable_stress,STABLE,liquidated_debt,0,1,delay_1_minus_0,1,operational,128,0.0,0.0,0.0,0.0,0.0,0.0,0.0,0.0,0.0,0.0,0.0,0,0,
995,collateral_delay_contrast,stable_supported__joint_crypto_stable_stress,STABLE,liquidated_debt,1,2,delay_2_minus_1,1,operational,128,0.0,0.0,0.0,0.0,0.0,0.0,0.0,0.0,0.0,0.0,0.0,0,0,
996,collateral_delay_contrast,stable_supported__joint_crypto_stable_stress,STABLE,liquidated_debt,0,2,delay_2_minus_0,1,operational,128,0.0,0.0,0.0,0.0,0.0,0.0,0.0,0.0,0.0,0.0,0.0,0,0,
997,collateral_delay_contrast,stable_supported__joint_crypto_stable_stress,STABLE,terminal_unresolved_tab,0,1,delay_1_minus_0,1,operational,128,0.0,0.0,0.0,0.0,0.0,0.0,0.0,0.0,0.0,0.0,0.0,0,0,
998,collateral_delay_contrast,stable_supported__joint_crypto_stable_stress,STABLE,terminal_unresolved_tab,1,2,delay_2_minus_1,1,operational,128,0.0,0.0,0.0,0.0,0.0,0.0,0.0,0.0,0.0,0.0,0.0,0,0,
999,collateral_delay_contrast,stable_supported__joint_crypto_stable_stress,STABLE,terminal_unresolved_tab,0,2,delay_2_minus_0,1,operational,128,0.0,0.0,0.0,0.0,0.0,0.0,0.0,0.0,0.0,0.0,0.0,0,0,
1000,collateral_delay_contrast,stable_supported__joint_crypto_stable_stress,STABLE,backlog_area,0,1,delay_1_minus_0,1,operational,128,-32.51763345630599,32.51763345630596,-96.25219503066566,31.216928118053687,0.0,0.0,0.0,0.0,0.0,0.0,0.0,0,1,
1001,collateral_delay_contrast,stable_supported__joint_crypto_stable_stress,STABLE,backlog_area,1,2,delay_2_minus_1,1,operational,128,-32.517633456306044,32.51763345630602,-96.25219503066585,31.216928118053758,0.0,0.0,0.0,0.0,0.0,0.0,0.0,0,1,
1002,collateral_delay_contrast,stable_supported__joint_crypto_stable_stress,STABLE,backlog_area,0,2,delay_2_minus_0,1,operational,128,-65.03526691261203,65.03526691261199,-192.50439006133152,62.43385623610746,0.0,0.0,0.0,0.0,0.0,0.0,0.0,0,1,
1003,collateral_delay_contrast,stable_supported__joint_crypto_stable_stress,STABLE,maximum_backlog,0,1,delay_1_minus_0,1,operational,128,0.0,0.0,0.0,0.0,0.0,0.0,0.0,0.0,0.0,0.0,0.0,0,0,
1004,collateral_delay_contrast,stable_supported__joint_crypto_stable_stress,STABLE,maximum_backlog,1,2,delay_2_minus_1,1,operational,128,0.0,0.0,0.0,0.0,0.0,0.0,0.0,0.0,0.0,0.0,0.0,0,0,
1005,collateral_delay_contrast,stable_supported__joint_crypto_stable_stress,STABLE,maximum_backlog,0,2,delay_2_minus_0,1,operational,128,0.0,0.0,0.0,0.0,0.0,0.0,0.0,0.0,0.0,0.0,0.0,0,0,
1006,collateral_delay_contrast,stable_supported__joint_crypto_stable_stress,STABLE,terminal_active_bad_debt,0,1,delay_1_minus_0,1,operational,128,0.0,0.0,0.0,0.0,0.0,0.0,0.0,0.0,0.0,0.0,0.0,0,0,
1007,collateral_delay_contrast,stable_supported__joint_crypto_stable_stress,STABLE,terminal_active_bad_debt,1,2,delay_2_minus_1,1,operational,128,0.0,0.0,0.0,0.0,0.0,0.0,0.0,0.0,0.0,0.0,0.0,0,0,
1008,collateral_delay_contrast,stable_supported__joint_crypto_stable_stress,STABLE,terminal_active_bad_debt,0,2,delay_2_minus_0,1,operational,128,0.0,0.0,0.0,0.0,0.0,0.0,0.0,0.0,0.0,0.0,0.0,0,0,
1009,collateral_delay_contrast,stable_supported__joint_crypto_stable_stress,STABLE,realised_bad_debt,0,1,delay_1_minus_0,1,operational,128,0.0,0.0,0.0,0.0,0.0,0.0,0.0,0.0,0.0,0.0,0.0,0,0,
1010,collateral_delay_contrast,stable_supported__joint_crypto_stable_stress,STABLE,realised_bad_debt,1,2,delay_2_minus_1,1,operational,128,0.0,0.0,0.0,0.0,0.0,0.0,0.0,0.0,0.0,0.0,0.0,0,0,
1011,collateral_delay_contrast,stable_supported__joint_crypto_stable_stress,STABLE,realised_bad_debt,0,2,delay_2_minus_0,1,operational,128,0.0,0.0,0.0,0.0,0.0,0.0,0.0,0.0,0.0,0.0,0.0,0,0,
1012,collateral_delay_contrast,stable_supported__joint_crypto_stable_stress,STABLE,keeper_profit_proxy,0,1,delay_1_minus_0,1,operational,128,0.0,0.0,0.0,0.0,0.0,0.0,0.0,0.0,0.0,0.0,0.0,0,0,
1013,collateral_delay_contrast,stable_supported__joint_crypto_stable_stress,STABLE,keeper_profit_proxy,1,2,delay_2_minus_1,1,operational,128,0.0,0.0,0.0,0.0,0.0,0.0,0.0,0.0,0.0,0.0,0.0,0,0,
1014,collateral_delay_contrast,stable_supported__joint_crypto_stable_stress,STABLE,keeper_profit_proxy,0,2,delay_2_minus_0,1,operational,128,0.0,0.0,0.0,0.0,0.0,0.0,0.0,0.0,0.0,0.0,0.0,0,0,
