cell_order,cell_identifier,recovery_path,capacity_profile,capacity,confidence_scenario,metric,valid_replication_count,mean,standard_error,ci95_lower,ci95_upper,median,p05,p25,p75,p90,p95,minimum,maximum,positive_share,censoring_count,numerical_failure_count
1,persistent_trough__capacity_14__stage1_only,persistent_trough,shared_keeper_capacity_low,14,stage1_only,backlog_area_dai_hours,128,3597876.10359,229735.879399,3147593.77997,4048158.42721,2913777.48608,953190.234396,1871828.97482,4664056.05292,7285847.03999,8220447.03242,207657.263175,17509402.8767,1,0,0
1,persistent_trough__capacity_14__stage1_only,persistent_trough,shared_keeper_capacity_low,14,stage1_only,maximum_unresolved_tab_dai,128,590368.218201,36841.9101379,518158.074331,662578.362071,492128.713433,75083.4222413,255886.291041,870649.201901,1221538.74142,1398865.45285,48610.1284276,1770834.97455,1,0,0
1,persistent_trough__capacity_14__stage1_only,persistent_trough,shared_keeper_capacity_low,14,stage1_only,cumulative_realised_bad_debt_dai,128,9.38302170336e-13,3.96020605708e-13,1.62101783149e-13,1.71450255752e-12,1.58206781009e-14,0,0,1.58206781009e-13,5.55305801342e-13,1.87949655839e-12,0,3.24323901069e-11,0.5234375,0,0
1,persistent_trough__capacity_14__stage1_only,persistent_trough,shared_keeper_capacity_low,14,stage1_only,below_peg_burden,128,0.263192585361,0.0047828842023,0.253818132325,0.272567038398,0.262686495149,0.181320123472,0.226688404831,0.305397070585,0.331809655218,0.349755143596,0.150984558752,0.413130215786,1,0,0
1,persistent_trough__capacity_14__stage1_only,persistent_trough,shared_keeper_capacity_low,14,stage1_only,restricted_mean_recovery_time,128,83.4296875,16.9764545852,50.1558365129,116.703538487,0,0,0,0,443.3,583.3,0,720,0.2265625,2,0
1,persistent_trough__capacity_14__stage1_only,persistent_trough,shared_keeper_capacity_low,14,stage1_only,unsafe_vault_count,128,137.671875,0.881382052638,135.944366177,139.399383823,138,122,131,144.25,150,152,104,156,1,0,0
1,persistent_trough__capacity_14__stage1_only,persistent_trough,shared_keeper_capacity_low,14,stage1_only,peak_unsafe_share,128,0.27534375,0.00176276410528,0.271888732354,0.278798767646,0.276,0.244,0.262,0.2885,0.3,0.304,0.208,0.312,1,0,0
1,persistent_trough__capacity_14__stage1_only,persistent_trough,shared_keeper_capacity_low,14,stage1_only,newly_unsafe_count,128,137.671875,0.881382052638,135.944366177,139.399383823,138,122,131,144.25,150,152,104,156,1,0,0
1,persistent_trough__capacity_14__stage1_only,persistent_trough,shared_keeper_capacity_low,14,stage1_only,cumulative_arrival_count,128,583.9921875,48.351360091,489.223521722,678.760853278,359,178.35,229.75,644,1359.2,1754.05,131,2597,1,0,0
1,persistent_trough__capacity_14__stage1_only,persistent_trough,shared_keeper_capacity_low,14,stage1_only,cumulative_attempts,128,294.4921875,20.8287626104,253.667812784,335.316562216,177.5,129.05,146.75,351.25,602.2,774.75,107,1328,1,0,0
1,persistent_trough__capacity_14__stage1_only,persistent_trough,shared_keeper_capacity_low,14,stage1_only,cumulative_successful_closures,128,137.5234375,0.884368076734,135.79007607,139.25679893,138,122,131,144.25,150,152,104,156,1,0,0
1,persistent_trough__capacity_14__stage1_only,persistent_trough,shared_keeper_capacity_low,14,stage1_only,cumulative_capacity_rejected,128,71.7421875,3.75873729658,64.3750623987,79.1093126013,60.5,23.35,43.75,91,121.6,163.85,7,236,1,0,0
1,persistent_trough__capacity_14__stage1_only,persistent_trough,shared_keeper_capacity_low,14,stage1_only,cumulative_unprofitable_attempts,128,156.96875,20.8296395799,116.142656423,197.794843577,41.5,0,6.25,207.5,468.3,638.4,0,1198,0.828125,0,0
1,persistent_trough__capacity_14__stage1_only,persistent_trough,shared_keeper_capacity_low,14,stage1_only,binding_hours,128,7.4765625,0.481825806433,6.53218391939,8.42094108061,6,3,5,8,13,19.65,1,36,1,0,0
1,persistent_trough__capacity_14__stage1_only,persistent_trough,shared_keeper_capacity_low,14,stage1_only,positive_demand_hours,128,58.78125,4.8869721947,49.2027844984,68.3597155016,36.5,16,23,66.5,134.3,165.3,12,271,1,0,0
1,persistent_trough__capacity_14__stage1_only,persistent_trough,shared_keeper_capacity_low,14,stage1_only,mean_capacity_utilisation,128,0.414616940305,0.00962225512771,0.395757320254,0.433476560355,0.429563492063,0.234583070342,0.345398073022,0.486296441654,0.523163265306,0.584821428571,0.125998225377,0.680952380952,1,0,0
1,persistent_trough__capacity_14__stage1_only,persistent_trough,shared_keeper_capacity_low,14,stage1_only,maximum_capacity_utilisation,128,1,0,1,1,1,1,1,1,1,1,1,1,1,0,0
1,persistent_trough__capacity_14__stage1_only,persistent_trough,shared_keeper_capacity_low,14,stage1_only,maximum_attempts_one_hour,128,14,0,14,14,14,14,14,14,14,14,14,14,1,0,0
1,persistent_trough__capacity_14__stage1_only,persistent_trough,shared_keeper_capacity_low,14,stage1_only,cumulative_debt_repaid_dai,128,779208.666356,35489.5642565,709649.120413,848768.212298,645322.436071,249250.190294,487648.303168,993450.268718,1409912.11335,1567250.54229,140986.892403,1820614.20051,1,0,0
1,persistent_trough__capacity_14__stage1_only,persistent_trough,shared_keeper_capacity_low,14,stage1_only,completed_liquidation_count,128,137.5234375,0.884368076734,135.79007607,139.25679893,138,122,131,144.25,150,152,104,156,1,0,0
1,persistent_trough__capacity_14__stage1_only,persistent_trough,shared_keeper_capacity_low,14,stage1_only,unresolved_vault_count,128,0.1484375,0.0744813462137,0.0024540614211,0.294420938579,0,0,0,0,0,0,0,6,0.03125,0,0
1,persistent_trough__capacity_14__stage1_only,persistent_trough,shared_keeper_capacity_low,14,stage1_only,unresolved_tab_at_horizon_dai,128,2.88397505823,1.43082906883,0.0795500833202,5.68840003313,0,0,0,0,0,0,0,103.595692293,0.03125,0,0
1,persistent_trough__capacity_14__stage1_only,persistent_trough,shared_keeper_capacity_low,14,stage1_only,maximum_backlog_duration,128,169.140625,14.1270281729,141.451649781,196.829600219,100.5,45,66.75,193.5,375.5,502.5,35,720,1,0,0
1,persistent_trough__capacity_14__stage1_only,persistent_trough,shared_keeper_capacity_low,14,stage1_only,active_bad_debt_at_horizon_dai,128,0,0,0,0,0,0,0,0,0,0,0,0,0,0,0
1,persistent_trough__capacity_14__stage1_only,persistent_trough,shared_keeper_capacity_low,14,stage1_only,maximum_active_bad_debt_dai,128,6055.4452234,665.945169046,4750.19269207,7360.69775473,2409.82307206,400.52642925,933.645843112,9789.07703546,17220.9979995,21448.939645,108.532785898,45880.0502356,1,0,0
1,persistent_trough__capacity_14__stage1_only,persistent_trough,shared_keeper_capacity_low,14,stage1_only,keeper_profit_dai,128,99723.9468178,4613.634998,90681.2222218,108766.671414,82405.6523192,30448.0577963,61619.3877642,127529.713694,182709.13281,202106.867884,17166.7026072,234269.297704,1,0,0
1,persistent_trough__capacity_14__stage1_only,persistent_trough,shared_keeper_capacity_low,14,stage1_only,recovered_before_execution_count,128,0,0,0,0,0,0,0,0,0,0,0,0,0,0,0
1,persistent_trough__capacity_14__stage1_only,persistent_trough,shared_keeper_capacity_low,14,stage1_only,recovered_before_closure_count,128,0,0,0,0,0,0,0,0,0,0,0,0,0,0,0
1,persistent_trough__capacity_14__stage1_only,persistent_trough,shared_keeper_capacity_low,14,stage1_only,minimum_dai_price,128,0.99589887162,0.000107618453343,0.995687939452,0.996109803789,0.996083449013,0.994214415089,0.995372580456,0.99663541423,0.997115656652,0.997286505724,0.987714822789,0.998047215903,1,0,0
1,persistent_trough__capacity_14__stage1_only,persistent_trough,shared_keeper_capacity_low,14,stage1_only,maximum_negative_peg_deviation,128,0.00410112837967,0.000107618453343,0.00389019621111,0.00431206054822,0.00391655098666,0.00271349427578,0.00336458577028,0.00462741954368,0.00554971726378,0.00578558491057,0.00195278409654,0.0122851772106,1,0,0
1,persistent_trough__capacity_14__stage1_only,persistent_trough,shared_keeper_capacity_low,14,stage1_only,mean_absolute_peg_deviation,128,0.000599069720032,7.55931884015e-06,0.000584253455105,0.000613885984958,0.000593709976874,0.000479242323426,0.000536815718169,0.000654766512953,0.000715557446853,0.000759179030332,0.000403395132484,0.000806803799634,1,0,0
1,persistent_trough__capacity_14__stage1_only,persistent_trough,shared_keeper_capacity_low,14,stage1_only,hours_below_0995,128,0.3359375,0.0703944732135,0.197964332502,0.473910667498,0,0,0,0,1.3,2,0,5,0.1953125,0,0
1,persistent_trough__capacity_14__stage1_only,persistent_trough,shared_keeper_capacity_low,14,stage1_only,hours_above_1005,128,0.0546875,0.0338415456991,-0.0116419295703,0.12101692957,0,0,0,0,0,0,0,4,0.03125,0,0
1,persistent_trough__capacity_14__stage1_only,persistent_trough,shared_keeper_capacity_low,14,stage1_only,first_return_time,128,77.9375,16.2659928494,46.0561540152,109.818845985,0,0,0,0,415.8,559.3,0,700,0.2265625,0,0
1,persistent_trough__capacity_14__stage1_only,persistent_trough,shared_keeper_capacity_low,14,stage1_only,failed_recovery_attempts,128,0.0234375,0.0134246757153,-0.00287486440199,0.049749864402,0,0,0,0,0,0,0,1,0.0234375,0,0
1,persistent_trough__capacity_14__stage1_only,persistent_trough,shared_keeper_capacity_low,14,stage1_only,recovery_probability_168h,128,0.8359375,0.0328616757488,0.771528615532,0.900346384468,1,0,1,1,1,1,0,1,0.8359375,0,0
1,persistent_trough__capacity_14__stage1_only,persistent_trough,shared_keeper_capacity_low,14,stage1_only,recovery_probability_336h,128,0.8828125,0.0285412520685,0.826871645946,0.938753354054,1,0,1,1,1,1,0,1,0.8828125,0,0
1,persistent_trough__capacity_14__stage1_only,persistent_trough,shared_keeper_capacity_low,14,stage1_only,recovery_probability_720h,128,0.984375,0.0110049592883,0.962805279795,1.00594472021,1,1,1,1,1,1,0,1,0.984375,0,0
1,persistent_trough__capacity_14__stage1_only,persistent_trough,shared_keeper_capacity_low,14,stage1_only,final_dai_price,128,0.999916082633,7.66447477068e-05,0.999765858928,1.00006630634,0.999826174005,0.998783319315,0.999395002762,1.00036523351,1.00101899435,1.00168594523,0.997353376921,1.00258834649,1,0,0
1,persistent_trough__capacity_14__stage1_only,persistent_trough,shared_keeper_capacity_low,14,stage1_only,final_peg_band_status,128,1,0,1,1,1,1,1,1,1,1,1,1,1,0,0
1,persistent_trough__capacity_14__stage1_only,persistent_trough,shared_keeper_capacity_low,14,stage1_only,minimum_confidence,128,1,0,1,1,1,1,1,1,1,1,1,1,1,0,0
1,persistent_trough__capacity_14__stage1_only,persistent_trough,shared_keeper_capacity_low,14,stage1_only,mean_confidence_loss,128,0,0,0,0,0,0,0,0,0,0,0,0,0,0,0
1,persistent_trough__capacity_14__stage1_only,persistent_trough,shared_keeper_capacity_low,14,stage1_only,confidence_at_horizon,128,1,0,1,1,1,1,1,1,1,1,1,1,1,0,0
1,persistent_trough__capacity_14__stage1_only,persistent_trough,shared_keeper_capacity_low,14,stage1_only,hours_at_confidence_floor,128,0,0,0,0,0,0,0,0,0,0,0,0,0,0,0
1,persistent_trough__capacity_14__stage1_only,persistent_trough,shared_keeper_capacity_low,14,stage1_only,hours_recovery_gate_closed,128,0,0,0,0,0,0,0,0,0,0,0,0,0,0,0
1,persistent_trough__capacity_14__stage1_only,persistent_trough,shared_keeper_capacity_low,14,stage1_only,first_recovery_gate_open,128,720,0,720,720,720,720,720,720,720,720,720,720,1,0,0
1,persistent_trough__capacity_14__stage1_only,persistent_trough,shared_keeper_capacity_low,14,stage1_only,recovery_gate_reopenings,128,0,0,0,0,0,0,0,0,0,0,0,0,0,0,0
1,persistent_trough__capacity_14__stage1_only,persistent_trough,shared_keeper_capacity_low,14,stage1_only,cumulative_panic_contribution,128,0,0,0,0,0,0,0,0,0,0,0,0,0,0,0
1,persistent_trough__capacity_14__stage1_only,persistent_trough,shared_keeper_capacity_low,14,stage1_only,maximum_panic_contribution,128,0,0,0,0,0,0,0,0,0,0,0,0,0,0,0
2,persistent_trough__capacity_14__confidence_resilient,persistent_trough,shared_keeper_capacity_low,14,confidence_resilient,backlog_area_dai_hours,128,3597876.10359,229735.879399,3147593.77997,4048158.42721,2913777.48608,953190.234396,1871828.97482,4664056.05292,7285847.03999,8220447.03242,207657.263175,17509402.8767,1,0,0
2,persistent_trough__capacity_14__confidence_resilient,persistent_trough,shared_keeper_capacity_low,14,confidence_resilient,maximum_unresolved_tab_dai,128,590368.218201,36841.9101379,518158.074331,662578.362071,492128.713433,75083.4222413,255886.291041,870649.201901,1221538.74142,1398865.45285,48610.1284276,1770834.97455,1,0,0
2,persistent_trough__capacity_14__confidence_resilient,persistent_trough,shared_keeper_capacity_low,14,confidence_resilient,cumulative_realised_bad_debt_dai,128,9.38302170336e-13,3.96020605708e-13,1.62101783149e-13,1.71450255752e-12,1.58206781009e-14,0,0,1.58206781009e-13,5.55305801342e-13,1.87949655839e-12,0,3.24323901069e-11,0.5234375,0,0
2,persistent_trough__capacity_14__confidence_resilient,persistent_trough,shared_keeper_capacity_low,14,confidence_resilient,below_peg_burden,128,249.74606523,5.01192471989,239.922692779,259.569437681,263.99160252,158.633737869,248.935302646,275.096766369,284.490625856,289.425272757,0.294363311402,319.419230775,1,0,0
2,persistent_trough__capacity_14__confidence_resilient,persistent_trough,shared_keeper_capacity_low,14,confidence_resilient,restricted_mean_recovery_time,128,687.203125,12.4622281647,662.777157797,711.629092203,720,547.1,720,720,720,720,0,720,0.984375,121,0
2,persistent_trough__capacity_14__confidence_resilient,persistent_trough,shared_keeper_capacity_low,14,confidence_resilient,unsafe_vault_count,128,137.671875,0.881382052638,135.944366177,139.399383823,138,122,131,144.25,150,152,104,156,1,0,0
2,persistent_trough__capacity_14__confidence_resilient,persistent_trough,shared_keeper_capacity_low,14,confidence_resilient,peak_unsafe_share,128,0.27534375,0.00176276410528,0.271888732354,0.278798767646,0.276,0.244,0.262,0.2885,0.3,0.304,0.208,0.312,1,0,0
2,persistent_trough__capacity_14__confidence_resilient,persistent_trough,shared_keeper_capacity_low,14,confidence_resilient,newly_unsafe_count,128,137.671875,0.881382052638,135.944366177,139.399383823,138,122,131,144.25,150,152,104,156,1,0,0
2,persistent_trough__capacity_14__confidence_resilient,persistent_trough,shared_keeper_capacity_low,14,confidence_resilient,cumulative_arrival_count,128,583.9921875,48.351360091,489.223521722,678.760853278,359,178.35,229.75,644,1359.2,1754.05,131,2597,1,0,0
2,persistent_trough__capacity_14__confidence_resilient,persistent_trough,shared_keeper_capacity_low,14,confidence_resilient,cumulative_attempts,128,294.4921875,20.8287626104,253.667812784,335.316562216,177.5,129.05,146.75,351.25,602.2,774.75,107,1328,1,0,0
2,persistent_trough__capacity_14__confidence_resilient,persistent_trough,shared_keeper_capacity_low,14,confidence_resilient,cumulative_successful_closures,128,137.5234375,0.884368076734,135.79007607,139.25679893,138,122,131,144.25,150,152,104,156,1,0,0
2,persistent_trough__capacity_14__confidence_resilient,persistent_trough,shared_keeper_capacity_low,14,confidence_resilient,cumulative_capacity_rejected,128,71.7421875,3.75873729658,64.3750623987,79.1093126013,60.5,23.35,43.75,91,121.6,163.85,7,236,1,0,0
2,persistent_trough__capacity_14__confidence_resilient,persistent_trough,shared_keeper_capacity_low,14,confidence_resilient,cumulative_unprofitable_attempts,128,156.96875,20.8296395799,116.142656423,197.794843577,41.5,0,6.25,207.5,468.3,638.4,0,1198,0.828125,0,0
2,persistent_trough__capacity_14__confidence_resilient,persistent_trough,shared_keeper_capacity_low,14,confidence_resilient,binding_hours,128,7.4765625,0.481825806433,6.53218391939,8.42094108061,6,3,5,8,13,19.65,1,36,1,0,0
2,persistent_trough__capacity_14__confidence_resilient,persistent_trough,shared_keeper_capacity_low,14,confidence_resilient,positive_demand_hours,128,58.78125,4.8869721947,49.2027844984,68.3597155016,36.5,16,23,66.5,134.3,165.3,12,271,1,0,0
2,persistent_trough__capacity_14__confidence_resilient,persistent_trough,shared_keeper_capacity_low,14,confidence_resilient,mean_capacity_utilisation,128,0.414616940305,0.00962225512771,0.395757320254,0.433476560355,0.429563492063,0.234583070342,0.345398073022,0.486296441654,0.523163265306,0.584821428571,0.125998225377,0.680952380952,1,0,0
2,persistent_trough__capacity_14__confidence_resilient,persistent_trough,shared_keeper_capacity_low,14,confidence_resilient,maximum_capacity_utilisation,128,1,0,1,1,1,1,1,1,1,1,1,1,1,0,0
2,persistent_trough__capacity_14__confidence_resilient,persistent_trough,shared_keeper_capacity_low,14,confidence_resilient,maximum_attempts_one_hour,128,14,0,14,14,14,14,14,14,14,14,14,14,1,0,0
2,persistent_trough__capacity_14__confidence_resilient,persistent_trough,shared_keeper_capacity_low,14,confidence_resilient,cumulative_debt_repaid_dai,128,779208.666356,35489.5642565,709649.120413,848768.212298,645322.436071,249250.190294,487648.303168,993450.268718,1409912.11335,1567250.54229,140986.892403,1820614.20051,1,0,0
2,persistent_trough__capacity_14__confidence_resilient,persistent_trough,shared_keeper_capacity_low,14,confidence_resilient,completed_liquidation_count,128,137.5234375,0.884368076734,135.79007607,139.25679893,138,122,131,144.25,150,152,104,156,1,0,0
2,persistent_trough__capacity_14__confidence_resilient,persistent_trough,shared_keeper_capacity_low,14,confidence_resilient,unresolved_vault_count,128,0.1484375,0.0744813462137,0.0024540614211,0.294420938579,0,0,0,0,0,0,0,6,0.03125,0,0
2,persistent_trough__capacity_14__confidence_resilient,persistent_trough,shared_keeper_capacity_low,14,confidence_resilient,unresolved_tab_at_horizon_dai,128,2.88397505823,1.43082906883,0.0795500833202,5.68840003313,0,0,0,0,0,0,0,103.595692293,0.03125,0,0
2,persistent_trough__capacity_14__confidence_resilient,persistent_trough,shared_keeper_capacity_low,14,confidence_resilient,maximum_backlog_duration,128,169.140625,14.1270281729,141.451649781,196.829600219,100.5,45,66.75,193.5,375.5,502.5,35,720,1,0,0
2,persistent_trough__capacity_14__confidence_resilient,persistent_trough,shared_keeper_capacity_low,14,confidence_resilient,active_bad_debt_at_horizon_dai,128,0,0,0,0,0,0,0,0,0,0,0,0,0,0,0
2,persistent_trough__capacity_14__confidence_resilient,persistent_trough,shared_keeper_capacity_low,14,confidence_resilient,maximum_active_bad_debt_dai,128,6055.4452234,665.945169046,4750.19269207,7360.69775473,2409.82307206,400.52642925,933.645843112,9789.07703546,17220.9979995,21448.939645,108.532785898,45880.0502356,1,0,0
2,persistent_trough__capacity_14__confidence_resilient,persistent_trough,shared_keeper_capacity_low,14,confidence_resilient,keeper_profit_dai,128,99723.9468178,4613.634998,90681.2222218,108766.671414,82405.6523192,30448.0577963,61619.3877642,127529.713694,182709.13281,202106.867884,17166.7026072,234269.297704,1,0,0
2,persistent_trough__capacity_14__confidence_resilient,persistent_trough,shared_keeper_capacity_low,14,confidence_resilient,recovered_before_execution_count,128,0,0,0,0,0,0,0,0,0,0,0,0,0,0,0
2,persistent_trough__capacity_14__confidence_resilient,persistent_trough,shared_keeper_capacity_low,14,confidence_resilient,recovered_before_closure_count,128,0,0,0,0,0,0,0,0,0,0,0,0,0,0,0
2,persistent_trough__capacity_14__confidence_resilient,persistent_trough,shared_keeper_capacity_low,14,confidence_resilient,minimum_dai_price,128,0.516591716576,0.00770053681892,0.501498664411,0.531684768741,0.5,0.5,0.5,0.5,0.5,0.5,0.5,0.995827314775,1,0,0
2,persistent_trough__capacity_14__confidence_resilient,persistent_trough,shared_keeper_capacity_low,14,confidence_resilient,maximum_negative_peg_deviation,128,0.483408283424,0.00770053681892,0.468315231259,0.498501335589,0.5,0.5,0.5,0.5,0.5,0.5,0.00417268522535,0.5,1,0,0
2,persistent_trough__capacity_14__confidence_resilient,persistent_trough,shared_keeper_capacity_low,14,confidence_resilient,mean_absolute_peg_deviation,128,0.346887561658,0.00695725544726,0.333251340981,0.360523782334,0.366656076339,0.220432449604,0.345747451558,0.382078907986,0.395125991114,0.401979545495,0.000633687315258,0.443637820521,1,0,0
2,persistent_trough__capacity_14__confidence_resilient,persistent_trough,shared_keeper_capacity_low,14,confidence_resilient,hours_below_0995,128,639.5703125,11.808999573,616.424673337,662.715951663,674,457.2,648.75,694.25,705,710.65,0,720,0.984375,0,0
2,persistent_trough__capacity_14__confidence_resilient,persistent_trough,shared_keeper_capacity_low,14,confidence_resilient,hours_above_1005,128,0.0078125,0.0078125,-0.0075,0.023125,0,0,0,0,0,0,0,1,0.0078125,0,0
2,persistent_trough__capacity_14__confidence_resilient,persistent_trough,shared_keeper_capacity_low,14,confidence_resilient,first_return_time,128,428.5625,29.263208182,371.206611963,485.918388037,720,12.35,55.75,720,720,720,0,720,0.984375,0,0
2,persistent_trough__capacity_14__confidence_resilient,persistent_trough,shared_keeper_capacity_low,14,confidence_resilient,failed_recovery_attempts,128,0.6171875,0.098037518523,0.425033963695,0.809341036305,0,0,0,1,2,2,0,6,0.390625,0,0
2,persistent_trough__capacity_14__confidence_resilient,persistent_trough,shared_keeper_capacity_low,14,confidence_resilient,recovery_probability_168h,128,0.046875,0.018756150566,0.0101129448906,0.0836370551094,0,0,0,0,0,0,0,1,0.046875,0,0
2,persistent_trough__capacity_14__confidence_resilient,persistent_trough,shared_keeper_capacity_low,14,confidence_resilient,recovery_probability_336h,128,0.046875,0.018756150566,0.0101129448906,0.0836370551094,0,0,0,0,0,0,0,1,0.046875,0,0
2,persistent_trough__capacity_14__confidence_resilient,persistent_trough,shared_keeper_capacity_low,14,confidence_resilient,recovery_probability_720h,128,0.0546875,0.0201757586952,0.0151430129574,0.0942319870426,0,0,0,0,0,0.65,0,1,0.0546875,0,0
2,persistent_trough__capacity_14__confidence_resilient,persistent_trough,shared_keeper_capacity_low,14,confidence_resilient,final_dai_price,128,0.516781803426,0.00779340288279,0.501506733776,0.532056873076,0.5,0.5,0.5,0.5,0.5,0.5,0.5,1.00192711687,1,0,0
2,persistent_trough__capacity_14__confidence_resilient,persistent_trough,shared_keeper_capacity_low,14,confidence_resilient,final_peg_band_status,128,0.03125,0.0154393498445,0.000988874304705,0.0615111256953,0,0,0,0,0,0,0,1,0.03125,0,0
2,persistent_trough__capacity_14__confidence_resilient,persistent_trough,shared_keeper_capacity_low,14,confidence_resilient,minimum_confidence,128,0.75,0,0.75,0.75,0.75,0.75,0.75,0.75,0.75,0.75,0.75,0.75,1,0,0
2,persistent_trough__capacity_14__confidence_resilient,persistent_trough,shared_keeper_capacity_low,14,confidence_resilient,mean_confidence_loss,128,0.241464622467,0.00321521156549,0.235162807799,0.247766437135,0.249837616742,0.217315592539,0.249797961661,0.249882599055,0.249927833022,0.249964576626,0.0501351100568,0.25,1,0,0
2,persistent_trough__capacity_14__confidence_resilient,persistent_trough,shared_keeper_capacity_low,14,confidence_resilient,confidence_at_horizon,128,0.757400346542,0.00365800966717,0.750230647595,0.76457004549,0.75,0.75,0.75,0.75,0.75,0.75,0.75,0.995165300954,1,0,0
2,persistent_trough__capacity_14__confidence_resilient,persistent_trough,shared_keeper_capacity_low,14,confidence_resilient,hours_at_confidence_floor,128,690.8203125,10.4233022844,670.390640023,711.249984977,718,596.35,718,719,719,719,76,720,1,0,0
2,persistent_trough__capacity_14__confidence_resilient,persistent_trough,shared_keeper_capacity_low,14,confidence_resilient,hours_recovery_gate_closed,128,691.59375,10.3681817406,671.272113788,711.915386212,719,599,719,719,719,719,76,720,1,0,0
2,persistent_trough__capacity_14__confidence_resilient,persistent_trough,shared_keeper_capacity_low,14,confidence_resilient,first_recovery_gate_open,128,16.875,9.66576651502,-2.06990236943,35.8199023694,0,0,0,0,0,0,0,720,0.0234375,0,0
2,persistent_trough__capacity_14__confidence_resilient,persistent_trough,shared_keeper_capacity_low,14,confidence_resilient,recovery_gate_reopenings,128,0.0859375,0.0272314729467,0.0325638130244,0.139311186976,0,0,0,0,0,1,0,2,0.078125,0,0
2,persistent_trough__capacity_14__confidence_resilient,persistent_trough,shared_keeper_capacity_low,14,confidence_resilient,cumulative_panic_contribution,128,42.9110955042,0.862325479571,41.2209375642,44.6012534441,45.3623849254,27.2118859838,42.7703320345,47.2743948734,48.8914691846,49.7410405344,0.0242220072346,54.9097693177,1,0,0
2,persistent_trough__capacity_14__confidence_resilient,persistent_trough,shared_keeper_capacity_low,14,confidence_resilient,maximum_panic_contribution,128,0.0832077333072,0.00132955534648,0.0806018048281,0.0858136617862,0.086079375,0.086079375,0.086079375,0.086079375,0.086079375,0.086079375,0.000350766038331,0.086079375,1,0,0
3,persistent_trough__capacity_14__confidence_central,persistent_trough,shared_keeper_capacity_low,14,confidence_central,backlog_area_dai_hours,128,3597876.10359,229735.879399,3147593.77997,4048158.42721,2913777.48608,953190.234396,1871828.97482,4664056.05292,7285847.03999,8220447.03242,207657.263175,17509402.8767,1,0,0
3,persistent_trough__capacity_14__confidence_central,persistent_trough,shared_keeper_capacity_low,14,confidence_central,maximum_unresolved_tab_dai,128,590368.218201,36841.9101379,518158.074331,662578.362071,492128.713433,75083.4222413,255886.291041,870649.201901,1221538.74142,1398865.45285,48610.1284276,1770834.97455,1,0,0
3,persistent_trough__capacity_14__confidence_central,persistent_trough,shared_keeper_capacity_low,14,confidence_central,cumulative_realised_bad_debt_dai,128,9.38302170336e-13,3.96020605708e-13,1.62101783149e-13,1.71450255752e-12,1.58206781009e-14,0,0,1.58206781009e-13,5.55305801342e-13,1.87949655839e-12,0,3.24323901069e-11,0.5234375,0,0
3,persistent_trough__capacity_14__confidence_central,persistent_trough,shared_keeper_capacity_low,14,confidence_central,below_peg_burden,128,353.881025398,0.486241914916,352.927991244,354.834059551,354.185966833,343.432088004,352.768556789,356.466183172,360,360,323.206783431,360,1,0,0
3,persistent_trough__capacity_14__confidence_central,persistent_trough,shared_keeper_capacity_low,14,confidence_central,restricted_mean_recovery_time,128,720,0,720,720,720,720,720,720,720,720,720,720,1,128,0
3,persistent_trough__capacity_14__confidence_central,persistent_trough,shared_keeper_capacity_low,14,confidence_central,unsafe_vault_count,128,137.671875,0.881382052638,135.944366177,139.399383823,138,122,131,144.25,150,152,104,156,1,0,0
3,persistent_trough__capacity_14__confidence_central,persistent_trough,shared_keeper_capacity_low,14,confidence_central,peak_unsafe_share,128,0.27534375,0.00176276410528,0.271888732354,0.278798767646,0.276,0.244,0.262,0.2885,0.3,0.304,0.208,0.312,1,0,0
3,persistent_trough__capacity_14__confidence_central,persistent_trough,shared_keeper_capacity_low,14,confidence_central,newly_unsafe_count,128,137.671875,0.881382052638,135.944366177,139.399383823,138,122,131,144.25,150,152,104,156,1,0,0
3,persistent_trough__capacity_14__confidence_central,persistent_trough,shared_keeper_capacity_low,14,confidence_central,cumulative_arrival_count,128,583.9921875,48.351360091,489.223521722,678.760853278,359,178.35,229.75,644,1359.2,1754.05,131,2597,1,0,0
3,persistent_trough__capacity_14__confidence_central,persistent_trough,shared_keeper_capacity_low,14,confidence_central,cumulative_attempts,128,294.4921875,20.8287626104,253.667812784,335.316562216,177.5,129.05,146.75,351.25,602.2,774.75,107,1328,1,0,0
3,persistent_trough__capacity_14__confidence_central,persistent_trough,shared_keeper_capacity_low,14,confidence_central,cumulative_successful_closures,128,137.5234375,0.884368076734,135.79007607,139.25679893,138,122,131,144.25,150,152,104,156,1,0,0
3,persistent_trough__capacity_14__confidence_central,persistent_trough,shared_keeper_capacity_low,14,confidence_central,cumulative_capacity_rejected,128,71.7421875,3.75873729658,64.3750623987,79.1093126013,60.5,23.35,43.75,91,121.6,163.85,7,236,1,0,0
3,persistent_trough__capacity_14__confidence_central,persistent_trough,shared_keeper_capacity_low,14,confidence_central,cumulative_unprofitable_attempts,128,156.96875,20.8296395799,116.142656423,197.794843577,41.5,0,6.25,207.5,468.3,638.4,0,1198,0.828125,0,0
3,persistent_trough__capacity_14__confidence_central,persistent_trough,shared_keeper_capacity_low,14,confidence_central,binding_hours,128,7.4765625,0.481825806433,6.53218391939,8.42094108061,6,3,5,8,13,19.65,1,36,1,0,0
3,persistent_trough__capacity_14__confidence_central,persistent_trough,shared_keeper_capacity_low,14,confidence_central,positive_demand_hours,128,58.78125,4.8869721947,49.2027844984,68.3597155016,36.5,16,23,66.5,134.3,165.3,12,271,1,0,0
3,persistent_trough__capacity_14__confidence_central,persistent_trough,shared_keeper_capacity_low,14,confidence_central,mean_capacity_utilisation,128,0.414616940305,0.00962225512771,0.395757320254,0.433476560355,0.429563492063,0.234583070342,0.345398073022,0.486296441654,0.523163265306,0.584821428571,0.125998225377,0.680952380952,1,0,0
3,persistent_trough__capacity_14__confidence_central,persistent_trough,shared_keeper_capacity_low,14,confidence_central,maximum_capacity_utilisation,128,1,0,1,1,1,1,1,1,1,1,1,1,1,0,0
3,persistent_trough__capacity_14__confidence_central,persistent_trough,shared_keeper_capacity_low,14,confidence_central,maximum_attempts_one_hour,128,14,0,14,14,14,14,14,14,14,14,14,14,1,0,0
3,persistent_trough__capacity_14__confidence_central,persistent_trough,shared_keeper_capacity_low,14,confidence_central,cumulative_debt_repaid_dai,128,779208.666356,35489.5642565,709649.120413,848768.212298,645322.436071,249250.190294,487648.303168,993450.268718,1409912.11335,1567250.54229,140986.892403,1820614.20051,1,0,0
3,persistent_trough__capacity_14__confidence_central,persistent_trough,shared_keeper_capacity_low,14,confidence_central,completed_liquidation_count,128,137.5234375,0.884368076734,135.79007607,139.25679893,138,122,131,144.25,150,152,104,156,1,0,0
3,persistent_trough__capacity_14__confidence_central,persistent_trough,shared_keeper_capacity_low,14,confidence_central,unresolved_vault_count,128,0.1484375,0.0744813462137,0.0024540614211,0.294420938579,0,0,0,0,0,0,0,6,0.03125,0,0
3,persistent_trough__capacity_14__confidence_central,persistent_trough,shared_keeper_capacity_low,14,confidence_central,unresolved_tab_at_horizon_dai,128,2.88397505823,1.43082906883,0.0795500833202,5.68840003313,0,0,0,0,0,0,0,103.595692293,0.03125,0,0
3,persistent_trough__capacity_14__confidence_central,persistent_trough,shared_keeper_capacity_low,14,confidence_central,maximum_backlog_duration,128,169.140625,14.1270281729,141.451649781,196.829600219,100.5,45,66.75,193.5,375.5,502.5,35,720,1,0,0
3,persistent_trough__capacity_14__confidence_central,persistent_trough,shared_keeper_capacity_low,14,confidence_central,active_bad_debt_at_horizon_dai,128,0,0,0,0,0,0,0,0,0,0,0,0,0,0,0
3,persistent_trough__capacity_14__confidence_central,persistent_trough,shared_keeper_capacity_low,14,confidence_central,maximum_active_bad_debt_dai,128,6055.4452234,665.945169046,4750.19269207,7360.69775473,2409.82307206,400.52642925,933.645843112,9789.07703546,17220.9979995,21448.939645,108.532785898,45880.0502356,1,0,0
3,persistent_trough__capacity_14__confidence_central,persistent_trough,shared_keeper_capacity_low,14,confidence_central,keeper_profit_dai,128,99723.9468178,4613.634998,90681.2222218,108766.671414,82405.6523192,30448.0577963,61619.3877642,127529.713694,182709.13281,202106.867884,17166.7026072,234269.297704,1,0,0
3,persistent_trough__capacity_14__confidence_central,persistent_trough,shared_keeper_capacity_low,14,confidence_central,recovered_before_execution_count,128,0,0,0,0,0,0,0,0,0,0,0,0,0,0,0
3,persistent_trough__capacity_14__confidence_central,persistent_trough,shared_keeper_capacity_low,14,confidence_central,recovered_before_closure_count,128,0,0,0,0,0,0,0,0,0,0,0,0,0,0,0
3,persistent_trough__capacity_14__confidence_central,persistent_trough,shared_keeper_capacity_low,14,confidence_central,minimum_dai_price,128,0.5,0,0.5,0.5,0.5,0.5,0.5,0.5,0.5,0.5,0.5,0.5,1,0,0
3,persistent_trough__capacity_14__confidence_central,persistent_trough,shared_keeper_capacity_low,14,confidence_central,maximum_negative_peg_deviation,128,0.5,0,0.5,0.5,0.5,0.5,0.5,0.5,0.5,0.5,0.5,0.5,1,0,0
3,persistent_trough__capacity_14__confidence_central,persistent_trough,shared_keeper_capacity_low,14,confidence_central,mean_absolute_peg_deviation,128,0.491503839412,0.000674819826045,0.490181192553,0.492826486271,0.491924953935,0.477010621532,0.489956541379,0.495091921072,0.5,0.5,0.448922909769,0.5,1,0,0
3,persistent_trough__capacity_14__confidence_central,persistent_trough,shared_keeper_capacity_low,14,confidence_central,hours_below_0995,128,713.8046875,0.842262913333,712.15385219,715.45552281,716,695.05,713,720,720,720,654,720,1,0,0
3,persistent_trough__capacity_14__confidence_central,persistent_trough,shared_keeper_capacity_low,14,confidence_central,hours_above_1005,128,0,0,0,0,0,0,0,0,0,0,0,0,0,0,0
3,persistent_trough__capacity_14__confidence_central,persistent_trough,shared_keeper_capacity_low,14,confidence_central,first_return_time,128,714.390625,5.609375,703.39625,725.385,720,720,720,720,720,720,2,720,1,0,0
3,persistent_trough__capacity_14__confidence_central,persistent_trough,shared_keeper_capacity_low,14,confidence_central,failed_recovery_attempts,128,0.0078125,0.0078125,-0.0075,0.023125,0,0,0,0,0,0,0,1,0.0078125,0,0
3,persistent_trough__capacity_14__confidence_central,persistent_trough,shared_keeper_capacity_low,14,confidence_central,recovery_probability_168h,128,0,0,0,0,0,0,0,0,0,0,0,0,0,0,0
3,persistent_trough__capacity_14__confidence_central,persistent_trough,shared_keeper_capacity_low,14,confidence_central,recovery_probability_336h,128,0,0,0,0,0,0,0,0,0,0,0,0,0,0,0
3,persistent_trough__capacity_14__confidence_central,persistent_trough,shared_keeper_capacity_low,14,confidence_central,recovery_probability_720h,128,0,0,0,0,0,0,0,0,0,0,0,0,0,0,0
3,persistent_trough__capacity_14__confidence_central,persistent_trough,shared_keeper_capacity_low,14,confidence_central,final_dai_price,128,0.5,0,0.5,0.5,0.5,0.5,0.5,0.5,0.5,0.5,0.5,0.5,1,0,0
3,persistent_trough__capacity_14__confidence_central,persistent_trough,shared_keeper_capacity_low,14,confidence_central,final_peg_band_status,128,0,0,0,0,0,0,0,0,0,0,0,0,0,0,0
3,persistent_trough__capacity_14__confidence_central,persistent_trough,shared_keeper_capacity_low,14,confidence_central,minimum_confidence,128,0.5,0,0.5,0.5,0.5,0.5,0.5,0.5,0.5,0.5,0.5,0.5,1,0,0
3,persistent_trough__capacity_14__confidence_central,persistent_trough,shared_keeper_capacity_low,14,confidence_central,mean_confidence_loss,128,0.499644571375,2.18025326115e-05,0.499601838411,0.499687304339,0.499600075454,0.499312537394,0.499422754112,0.5,0.5,0.5,0.499305659119,0.5,1,0,0
3,persistent_trough__capacity_14__confidence_central,persistent_trough,shared_keeper_capacity_low,14,confidence_central,confidence_at_horizon,128,0.5,0,0.5,0.5,0.5,0.5,0.5,0.5,0.5,0.5,0.5,0.5,1,0,0
3,persistent_trough__capacity_14__confidence_central,persistent_trough,shared_keeper_capacity_low,14,confidence_central,hours_at_confidence_floor,128,715.953125,0.714364993799,714.552969612,717.353280388,718,707.35,716,720,720,720,661,720,1,0,0
3,persistent_trough__capacity_14__confidence_central,persistent_trough,shared_keeper_capacity_low,14,confidence_central,hours_recovery_gate_closed,128,719.2578125,0.0388156570856,719.181733812,719.333891188,719,719,719,720,720,720,719,720,1,0,0
3,persistent_trough__capacity_14__confidence_central,persistent_trough,shared_keeper_capacity_low,14,confidence_central,first_recovery_gate_open,128,185.625,27.9472731017,130.848344721,240.401655279,0,0,0,720,720,720,0,720,0.2578125,0,0
3,persistent_trough__capacity_14__confidence_central,persistent_trough,shared_keeper_capacity_low,14,confidence_central,recovery_gate_reopenings,128,0,0,0,0,0,0,0,0,0,0,0,0,0,0,0
3,persistent_trough__capacity_14__confidence_central,persistent_trough,shared_keeper_capacity_low,14,confidence_central,cumulative_panic_contribution,128,243.418834527,0.341717873976,242.749067494,244.08860156,243.560875049,236.155029351,242.584581788,245.134627494,247.9086,247.9086,222.227185808,247.9086,1,0,0
3,persistent_trough__capacity_14__confidence_central,persistent_trough,shared_keeper_capacity_low,14,confidence_central,maximum_panic_contribution,128,0.3443175,9.85163627805e-18,0.3443175,0.3443175,0.3443175,0.3443175,0.3443175,0.3443175,0.3443175,0.3443175,0.3443175,0.3443175,1,0,0
4,persistent_trough__capacity_14__confidence_fragile,persistent_trough,shared_keeper_capacity_low,14,confidence_fragile,backlog_area_dai_hours,128,3597876.10359,229735.879399,3147593.77997,4048158.42721,2913777.48608,953190.234396,1871828.97482,4664056.05292,7285847.03999,8220447.03242,207657.263175,17509402.8767,1,0,0
4,persistent_trough__capacity_14__confidence_fragile,persistent_trough,shared_keeper_capacity_low,14,confidence_fragile,maximum_unresolved_tab_dai,128,590368.218201,36841.9101379,518158.074331,662578.362071,492128.713433,75083.4222413,255886.291041,870649.201901,1221538.74142,1398865.45285,48610.1284276,1770834.97455,1,0,0
4,persistent_trough__capacity_14__confidence_fragile,persistent_trough,shared_keeper_capacity_low,14,confidence_fragile,cumulative_realised_bad_debt_dai,128,9.38302170336e-13,3.96020605708e-13,1.62101783149e-13,1.71450255752e-12,1.58206781009e-14,0,0,1.58206781009e-13,5.55305801342e-13,1.87949655839e-12,0,3.24323901069e-11,0.5234375,0,0
4,persistent_trough__capacity_14__confidence_fragile,persistent_trough,shared_keeper_capacity_low,14,confidence_fragile,below_peg_burden,128,357.573912255,0.335146622484,356.917024875,358.230799635,358.947766195,352.294453547,356.583671941,360,360,360,336.231624295,360,1,0,0
4,persistent_trough__capacity_14__confidence_fragile,persistent_trough,shared_keeper_capacity_low,14,confidence_fragile,restricted_mean_recovery_time,128,720,0,720,720,720,720,720,720,720,720,720,720,1,128,0
4,persistent_trough__capacity_14__confidence_fragile,persistent_trough,shared_keeper_capacity_low,14,confidence_fragile,unsafe_vault_count,128,137.671875,0.881382052638,135.944366177,139.399383823,138,122,131,144.25,150,152,104,156,1,0,0
4,persistent_trough__capacity_14__confidence_fragile,persistent_trough,shared_keeper_capacity_low,14,confidence_fragile,peak_unsafe_share,128,0.27534375,0.00176276410528,0.271888732354,0.278798767646,0.276,0.244,0.262,0.2885,0.3,0.304,0.208,0.312,1,0,0
4,persistent_trough__capacity_14__confidence_fragile,persistent_trough,shared_keeper_capacity_low,14,confidence_fragile,newly_unsafe_count,128,137.671875,0.881382052638,135.944366177,139.399383823,138,122,131,144.25,150,152,104,156,1,0,0
4,persistent_trough__capacity_14__confidence_fragile,persistent_trough,shared_keeper_capacity_low,14,confidence_fragile,cumulative_arrival_count,128,583.9921875,48.351360091,489.223521722,678.760853278,359,178.35,229.75,644,1359.2,1754.05,131,2597,1,0,0
4,persistent_trough__capacity_14__confidence_fragile,persistent_trough,shared_keeper_capacity_low,14,confidence_fragile,cumulative_attempts,128,294.4921875,20.8287626104,253.667812784,335.316562216,177.5,129.05,146.75,351.25,602.2,774.75,107,1328,1,0,0
4,persistent_trough__capacity_14__confidence_fragile,persistent_trough,shared_keeper_capacity_low,14,confidence_fragile,cumulative_successful_closures,128,137.5234375,0.884368076734,135.79007607,139.25679893,138,122,131,144.25,150,152,104,156,1,0,0
4,persistent_trough__capacity_14__confidence_fragile,persistent_trough,shared_keeper_capacity_low,14,confidence_fragile,cumulative_capacity_rejected,128,71.7421875,3.75873729658,64.3750623987,79.1093126013,60.5,23.35,43.75,91,121.6,163.85,7,236,1,0,0
4,persistent_trough__capacity_14__confidence_fragile,persistent_trough,shared_keeper_capacity_low,14,confidence_fragile,cumulative_unprofitable_attempts,128,156.96875,20.8296395799,116.142656423,197.794843577,41.5,0,6.25,207.5,468.3,638.4,0,1198,0.828125,0,0
4,persistent_trough__capacity_14__confidence_fragile,persistent_trough,shared_keeper_capacity_low,14,confidence_fragile,binding_hours,128,7.4765625,0.481825806433,6.53218391939,8.42094108061,6,3,5,8,13,19.65,1,36,1,0,0
4,persistent_trough__capacity_14__confidence_fragile,persistent_trough,shared_keeper_capacity_low,14,confidence_fragile,positive_demand_hours,128,58.78125,4.8869721947,49.2027844984,68.3597155016,36.5,16,23,66.5,134.3,165.3,12,271,1,0,0
4,persistent_trough__capacity_14__confidence_fragile,persistent_trough,shared_keeper_capacity_low,14,confidence_fragile,mean_capacity_utilisation,128,0.414616940305,0.00962225512771,0.395757320254,0.433476560355,0.429563492063,0.234583070342,0.345398073022,0.486296441654,0.523163265306,0.584821428571,0.125998225377,0.680952380952,1,0,0
4,persistent_trough__capacity_14__confidence_fragile,persistent_trough,shared_keeper_capacity_low,14,confidence_fragile,maximum_capacity_utilisation,128,1,0,1,1,1,1,1,1,1,1,1,1,1,0,0
4,persistent_trough__capacity_14__confidence_fragile,persistent_trough,shared_keeper_capacity_low,14,confidence_fragile,maximum_attempts_one_hour,128,14,0,14,14,14,14,14,14,14,14,14,14,1,0,0
4,persistent_trough__capacity_14__confidence_fragile,persistent_trough,shared_keeper_capacity_low,14,confidence_fragile,cumulative_debt_repaid_dai,128,779208.666356,35489.5642565,709649.120413,848768.212298,645322.436071,249250.190294,487648.303168,993450.268718,1409912.11335,1567250.54229,140986.892403,1820614.20051,1,0,0
4,persistent_trough__capacity_14__confidence_fragile,persistent_trough,shared_keeper_capacity_low,14,confidence_fragile,completed_liquidation_count,128,137.5234375,0.884368076734,135.79007607,139.25679893,138,122,131,144.25,150,152,104,156,1,0,0
4,persistent_trough__capacity_14__confidence_fragile,persistent_trough,shared_keeper_capacity_low,14,confidence_fragile,unresolved_vault_count,128,0.1484375,0.0744813462137,0.0024540614211,0.294420938579,0,0,0,0,0,0,0,6,0.03125,0,0
4,persistent_trough__capacity_14__confidence_fragile,persistent_trough,shared_keeper_capacity_low,14,confidence_fragile,unresolved_tab_at_horizon_dai,128,2.88397505823,1.43082906883,0.0795500833202,5.68840003313,0,0,0,0,0,0,0,103.595692293,0.03125,0,0
4,persistent_trough__capacity_14__confidence_fragile,persistent_trough,shared_keeper_capacity_low,14,confidence_fragile,maximum_backlog_duration,128,169.140625,14.1270281729,141.451649781,196.829600219,100.5,45,66.75,193.5,375.5,502.5,35,720,1,0,0
4,persistent_trough__capacity_14__confidence_fragile,persistent_trough,shared_keeper_capacity_low,14,confidence_fragile,active_bad_debt_at_horizon_dai,128,0,0,0,0,0,0,0,0,0,0,0,0,0,0,0
4,persistent_trough__capacity_14__confidence_fragile,persistent_trough,shared_keeper_capacity_low,14,confidence_fragile,maximum_active_bad_debt_dai,128,6055.4452234,665.945169046,4750.19269207,7360.69775473,2409.82307206,400.52642925,933.645843112,9789.07703546,17220.9979995,21448.939645,108.532785898,45880.0502356,1,0,0
4,persistent_trough__capacity_14__confidence_fragile,persistent_trough,shared_keeper_capacity_low,14,confidence_fragile,keeper_profit_dai,128,99723.9468178,4613.634998,90681.2222218,108766.671414,82405.6523192,30448.0577963,61619.3877642,127529.713694,182709.13281,202106.867884,17166.7026072,234269.297704,1,0,0
4,persistent_trough__capacity_14__confidence_fragile,persistent_trough,shared_keeper_capacity_low,14,confidence_fragile,recovered_before_execution_count,128,0,0,0,0,0,0,0,0,0,0,0,0,0,0,0
4,persistent_trough__capacity_14__confidence_fragile,persistent_trough,shared_keeper_capacity_low,14,confidence_fragile,recovered_before_closure_count,128,0,0,0,0,0,0,0,0,0,0,0,0,0,0,0
4,persistent_trough__capacity_14__confidence_fragile,persistent_trough,shared_keeper_capacity_low,14,confidence_fragile,minimum_dai_price,128,0.5,0,0.5,0.5,0.5,0.5,0.5,0.5,0.5,0.5,0.5,0.5,1,0,0
4,persistent_trough__capacity_14__confidence_fragile,persistent_trough,shared_keeper_capacity_low,14,confidence_fragile,maximum_negative_peg_deviation,128,0.5,0,0.5,0.5,0.5,0.5,0.5,0.5,0.5,0.5,0.5,0.5,1,0,0
4,persistent_trough__capacity_14__confidence_fragile,persistent_trough,shared_keeper_capacity_low,14,confidence_fragile,mean_absolute_peg_deviation,128,0.496631825651,0.000465034615586,0.495720357805,0.497543293498,0.498538564159,0.489304738335,0.495255099918,0.5,0.5,0.5,0.467009671358,0.5,1,0,0
4,persistent_trough__capacity_14__confidence_fragile,persistent_trough,shared_keeper_capacity_low,14,confidence_fragile,hours_below_0995,128,717.1796875,0.560932153759,716.080260479,718.279114521,720,708.35,717,720,720,720,678,720,1,0,0
4,persistent_trough__capacity_14__confidence_fragile,persistent_trough,shared_keeper_capacity_low,14,confidence_fragile,hours_above_1005,128,0,0,0,0,0,0,0,0,0,0,0,0,0,0,0
4,persistent_trough__capacity_14__confidence_fragile,persistent_trough,shared_keeper_capacity_low,14,confidence_fragile,first_return_time,128,720,0,720,720,720,720,720,720,720,720,720,720,1,0,0
4,persistent_trough__capacity_14__confidence_fragile,persistent_trough,shared_keeper_capacity_low,14,confidence_fragile,failed_recovery_attempts,128,0,0,0,0,0,0,0,0,0,0,0,0,0,0,0
4,persistent_trough__capacity_14__confidence_fragile,persistent_trough,shared_keeper_capacity_low,14,confidence_fragile,recovery_probability_168h,128,0,0,0,0,0,0,0,0,0,0,0,0,0,0,0
4,persistent_trough__capacity_14__confidence_fragile,persistent_trough,shared_keeper_capacity_low,14,confidence_fragile,recovery_probability_336h,128,0,0,0,0,0,0,0,0,0,0,0,0,0,0,0
4,persistent_trough__capacity_14__confidence_fragile,persistent_trough,shared_keeper_capacity_low,14,confidence_fragile,recovery_probability_720h,128,0,0,0,0,0,0,0,0,0,0,0,0,0,0,0
4,persistent_trough__capacity_14__confidence_fragile,persistent_trough,shared_keeper_capacity_low,14,confidence_fragile,final_dai_price,128,0.5,0,0.5,0.5,0.5,0.5,0.5,0.5,0.5,0.5,0.5,0.5,1,0,0
4,persistent_trough__capacity_14__confidence_fragile,persistent_trough,shared_keeper_capacity_low,14,confidence_fragile,final_peg_band_status,128,0,0,0,0,0,0,0,0,0,0,0,0,0,0,0
4,persistent_trough__capacity_14__confidence_fragile,persistent_trough,shared_keeper_capacity_low,14,confidence_fragile,minimum_confidence,128,0.255859375,0.00335616892883,0.2492812839,0.2624374661,0.25,0.25,0.25,0.25,0.25,0.25,0.25,0.5,1,0,0
4,persistent_trough__capacity_14__confidence_fragile,persistent_trough,shared_keeper_capacity_low,14,confidence_fragile,mean_confidence_loss,128,0.743374519472,0.00335075944444,0.736807030961,0.749942007983,0.75,0.745811723235,0.748859093993,0.75,0.75,0.75,0.499768659675,0.75,1,0,0
4,persistent_trough__capacity_14__confidence_fragile,persistent_trough,shared_keeper_capacity_low,14,confidence_fragile,confidence_at_horizon,128,0.255859375,0.00335616892883,0.2492812839,0.2624374661,0.25,0.25,0.25,0.25,0.25,0.25,0.25,0.5,1,0,0
4,persistent_trough__capacity_14__confidence_fragile,persistent_trough,shared_keeper_capacity_low,14,confidence_fragile,hours_at_confidence_floor,128,700.671875,9.6383363824,681.78073569,719.56301431,720,707.35,716,720,720,720,0,720,0.9765625,0,0
4,persistent_trough__capacity_14__confidence_fragile,persistent_trough,shared_keeper_capacity_low,14,confidence_fragile,hours_recovery_gate_closed,128,719.515625,0.0443461562019,719.428706534,719.602543466,720,719,719,720,720,720,719,720,1,0,0
4,persistent_trough__capacity_14__confidence_fragile,persistent_trough,shared_keeper_capacity_low,14,confidence_fragile,first_recovery_gate_open,128,371.25,31.9292324654,308.668704368,433.831295632,720,0,0,720,720,720,0,720,0.515625,0,0
4,persistent_trough__capacity_14__confidence_fragile,persistent_trough,shared_keeper_capacity_low,14,confidence_fragile,recovery_gate_reopenings,128,0,0,0,0,0,0,0,0,0,0,0,0,0,0,0
4,persistent_trough__capacity_14__confidence_fragile,persistent_trough,shared_keeper_capacity_low,14,confidence_fragile,cumulative_panic_contribution,128,549.515160523,2.76523706124,544.095295883,554.935025164,555.420837795,545.079801985,551.724799578,557.79435,557.79435,557.79435,346.794820645,557.79435,1,0,0
4,persistent_trough__capacity_14__confidence_fragile,persistent_trough,shared_keeper_capacity_low,14,confidence_fragile,maximum_panic_contribution,128,0.768661918945,0.00346676308545,0.761867063298,0.775456774593,0.774714375,0.774714375,0.774714375,0.774714375,0.774714375,0.774714375,0.51647625,0.774714375,1,0,0
5,persistent_trough__capacity_26__stage1_only,persistent_trough,shared_keeper_capacity_central,26,stage1_only,backlog_area_dai_hours,128,3207104.32121,224169.923277,2767731.27159,3646477.37083,2330424.41259,600753.257363,1495817.2263,4325485.09765,6516307.68517,7856094.82576,149764.62524,16984270.538,1,0,0
5,persistent_trough__capacity_26__stage1_only,persistent_trough,shared_keeper_capacity_central,26,stage1_only,maximum_unresolved_tab_dai,128,587982.997526,37088.166374,515290.191433,660675.803619,492128.713433,66689.0805311,255886.291041,870649.201901,1221538.74142,1398865.45285,37733.8517008,1770834.97455,1,0,0
5,persistent_trough__capacity_26__stage1_only,persistent_trough,shared_keeper_capacity_central,26,stage1_only,cumulative_realised_bad_debt_dai,128,9.38302170336e-13,3.96020605708e-13,1.62101783149e-13,1.71450255752e-12,1.58206781009e-14,0,0,1.58206781009e-13,5.55305801342e-13,1.87949655839e-12,0,3.24323901069e-11,0.5234375,0,0
5,persistent_trough__capacity_26__stage1_only,persistent_trough,shared_keeper_capacity_central,26,stage1_only,below_peg_burden,128,0.263192585361,0.0047828842023,0.253818132325,0.272567038398,0.262686495149,0.181320123472,0.226688404831,0.305397070585,0.331809655218,0.349755143596,0.150984558752,0.413130215786,1,0,0
5,persistent_trough__capacity_26__stage1_only,persistent_trough,shared_keeper_capacity_central,26,stage1_only,restricted_mean_recovery_time,128,83.4296875,16.9764545852,50.1558365129,116.703538487,0,0,0,0,443.3,583.3,0,720,0.2265625,2,0
5,persistent_trough__capacity_26__stage1_only,persistent_trough,shared_keeper_capacity_central,26,stage1_only,unsafe_vault_count,128,137.671875,0.881382052638,135.944366177,139.399383823,138,122,131,144.25,150,152,104,156,1,0,0
5,persistent_trough__capacity_26__stage1_only,persistent_trough,shared_keeper_capacity_central,26,stage1_only,peak_unsafe_share,128,0.27534375,0.00176276410528,0.271888732354,0.278798767646,0.276,0.244,0.262,0.2885,0.3,0.304,0.208,0.312,1,0,0
5,persistent_trough__capacity_26__stage1_only,persistent_trough,shared_keeper_capacity_central,26,stage1_only,newly_unsafe_count,128,137.671875,0.881382052638,135.944366177,139.399383823,138,122,131,144.25,150,152,104,156,1,0,0
5,persistent_trough__capacity_26__stage1_only,persistent_trough,shared_keeper_capacity_central,26,stage1_only,cumulative_arrival_count,128,526.3125,47.1381129415,433.921798635,618.703201365,293,146.35,174.75,601.25,1242.7,1697.15,121,2597,1,0,0
5,persistent_trough__capacity_26__stage1_only,persistent_trough,shared_keeper_capacity_central,26,stage1_only,cumulative_attempts,128,311.921875,23.0778264572,266.689335144,357.154414856,180.5,125.35,143,423,638.3,902.5,112,1435,1,0,0
5,persistent_trough__capacity_26__stage1_only,persistent_trough,shared_keeper_capacity_central,26,stage1_only,cumulative_successful_closures,128,137.5625,0.885743243,135.826443244,139.298556756,138,122,131,144.25,150,152,104,156,1,0,0
5,persistent_trough__capacity_26__stage1_only,persistent_trough,shared_keeper_capacity_central,26,stage1_only,cumulative_capacity_rejected,128,13.234375,1.20379589383,10.8749350481,15.5938149519,13,0,0,20,30.6,39,0,63,0.7421875,0,0
5,persistent_trough__capacity_26__stage1_only,persistent_trough,shared_keeper_capacity_central,26,stage1_only,cumulative_unprofitable_attempts,128,174.359375,23.0777361606,129.127012125,219.591737875,44,0,5,279,494.9,762.6,0,1305,0.859375,0,0
5,persistent_trough__capacity_26__stage1_only,persistent_trough,shared_keeper_capacity_central,26,stage1_only,binding_hours,128,1.3828125,0.108747054982,1.16966827224,1.59595672776,1,0,0,2,3,3,0,7,0.7421875,0,0
5,persistent_trough__capacity_26__stage1_only,persistent_trough,shared_keeper_capacity_central,26,stage1_only,positive_demand_hours,128,52.90625,4.74710382983,43.6019264935,62.2105735065,30,12,17,59.25,124.4,162.25,9,271,1,0,0
5,persistent_trough__capacity_26__stage1_only,persistent_trough,shared_keeper_capacity_central,26,stage1_only,mean_capacity_utilisation,128,0.279231988809,0.00828259562587,0.262998101382,0.295465876235,0.275151821862,0.1427461865,0.208646723647,0.337669683258,0.397633136095,0.444391025641,0.0989544436146,0.554487179487,1,0,0
5,persistent_trough__capacity_26__stage1_only,persistent_trough,shared_keeper_capacity_central,26,stage1_only,maximum_capacity_utilisation,128,0.975060096154,0.00485646527397,0.965541424217,0.984578768091,1,0.859615384615,1,1,1,1,0.730769230769,1,1,0,0
5,persistent_trough__capacity_26__stage1_only,persistent_trough,shared_keeper_capacity_central,26,stage1_only,maximum_attempts_one_hour,128,25.3515625,0.126268097123,25.1040770296,25.5990479704,26,22.35,26,26,26,26,19,26,1,0,0
5,persistent_trough__capacity_26__stage1_only,persistent_trough,shared_keeper_capacity_central,26,stage1_only,cumulative_debt_repaid_dai,128,779209.475697,35489.5635513,709649.931136,848769.020258,645322.436071,249250.190294,487648.303168,993450.268718,1409912.11335,1567250.54229,140986.892403,1820614.20051,1,0,0
5,persistent_trough__capacity_26__stage1_only,persistent_trough,shared_keeper_capacity_central,26,stage1_only,completed_liquidation_count,128,137.5625,0.885743243,135.826443244,139.298556756,138,122,131,144.25,150,152,104,156,1,0,0
5,persistent_trough__capacity_26__stage1_only,persistent_trough,shared_keeper_capacity_central,26,stage1_only,unresolved_vault_count,128,0.109375,0.0639443107475,-0.015955849065,0.234705849065,0,0,0,0,0,0,0,6,0.0234375,0,0
5,persistent_trough__capacity_26__stage1_only,persistent_trough,shared_keeper_capacity_central,26,stage1_only,unresolved_tab_at_horizon_dai,128,2.07463371219,1.1910838435,-0.259890621082,4.40915804546,0,0,0,0,0,0,0,95.1272484843,0.0234375,0,0
5,persistent_trough__capacity_26__stage1_only,persistent_trough,shared_keeper_capacity_central,26,stage1_only,maximum_backlog_duration,128,152.640625,13.6971098666,125.794289661,179.486960339,91,31.35,53,180.75,354.6,486.2,17,720,1,0,0
5,persistent_trough__capacity_26__stage1_only,persistent_trough,shared_keeper_capacity_central,26,stage1_only,active_bad_debt_at_horizon_dai,128,0,0,0,0,0,0,0,0,0,0,0,0,0,0,0
5,persistent_trough__capacity_26__stage1_only,persistent_trough,shared_keeper_capacity_central,26,stage1_only,maximum_active_bad_debt_dai,128,6048.70373235,666.383016032,4742.59302092,7354.81444377,2409.82307206,318.342573063,933.645843112,9789.07703546,17220.9979995,21448.939645,108.532785898,45880.0502356,1,0,0
5,persistent_trough__capacity_26__stage1_only,persistent_trough,shared_keeper_capacity_central,26,stage1_only,keeper_profit_dai,128,99710.3244306,4614.46408379,90665.9748264,108754.674035,82487.0663316,30477.1742782,61654.0713215,127847.187035,182694.242127,202183.373013,17078.9494838,234130.846525,1,0,0
5,persistent_trough__capacity_26__stage1_only,persistent_trough,shared_keeper_capacity_central,26,stage1_only,recovered_before_execution_count,128,0,0,0,0,0,0,0,0,0,0,0,0,0,0,0
5,persistent_trough__capacity_26__stage1_only,persistent_trough,shared_keeper_capacity_central,26,stage1_only,recovered_before_closure_count,128,0,0,0,0,0,0,0,0,0,0,0,0,0,0,0
5,persistent_trough__capacity_26__stage1_only,persistent_trough,shared_keeper_capacity_central,26,stage1_only,minimum_dai_price,128,0.99589887162,0.000107618453343,0.995687939452,0.996109803789,0.996083449013,0.994214415089,0.995372580456,0.99663541423,0.997115656652,0.997286505724,0.987714822789,0.998047215903,1,0,0
5,persistent_trough__capacity_26__stage1_only,persistent_trough,shared_keeper_capacity_central,26,stage1_only,maximum_negative_peg_deviation,128,0.00410112837967,0.000107618453343,0.00389019621111,0.00431206054822,0.00391655098666,0.00271349427578,0.00336458577028,0.00462741954368,0.00554971726378,0.00578558491057,0.00195278409654,0.0122851772106,1,0,0
5,persistent_trough__capacity_26__stage1_only,persistent_trough,shared_keeper_capacity_central,26,stage1_only,mean_absolute_peg_deviation,128,0.000599069720032,7.55931884015e-06,0.000584253455105,0.000613885984958,0.000593709976874,0.000479242323426,0.000536815718169,0.000654766512953,0.000715557446853,0.000759179030332,0.000403395132484,0.000806803799634,1,0,0
5,persistent_trough__capacity_26__stage1_only,persistent_trough,shared_keeper_capacity_central,26,stage1_only,hours_below_0995,128,0.3359375,0.0703944732135,0.197964332502,0.473910667498,0,0,0,0,1.3,2,0,5,0.1953125,0,0
5,persistent_trough__capacity_26__stage1_only,persistent_trough,shared_keeper_capacity_central,26,stage1_only,hours_above_1005,128,0.0546875,0.0338415456991,-0.0116419295703,0.12101692957,0,0,0,0,0,0,0,4,0.03125,0,0
5,persistent_trough__capacity_26__stage1_only,persistent_trough,shared_keeper_capacity_central,26,stage1_only,first_return_time,128,77.9375,16.2659928494,46.0561540152,109.818845985,0,0,0,0,415.8,559.3,0,700,0.2265625,0,0
5,persistent_trough__capacity_26__stage1_only,persistent_trough,shared_keeper_capacity_central,26,stage1_only,failed_recovery_attempts,128,0.0234375,0.0134246757153,-0.00287486440199,0.049749864402,0,0,0,0,0,0,0,1,0.0234375,0,0
5,persistent_trough__capacity_26__stage1_only,persistent_trough,shared_keeper_capacity_central,26,stage1_only,recovery_probability_168h,128,0.8359375,0.0328616757488,0.771528615532,0.900346384468,1,0,1,1,1,1,0,1,0.8359375,0,0
5,persistent_trough__capacity_26__stage1_only,persistent_trough,shared_keeper_capacity_central,26,stage1_only,recovery_probability_336h,128,0.8828125,0.0285412520685,0.826871645946,0.938753354054,1,0,1,1,1,1,0,1,0.8828125,0,0
5,persistent_trough__capacity_26__stage1_only,persistent_trough,shared_keeper_capacity_central,26,stage1_only,recovery_probability_720h,128,0.984375,0.0110049592883,0.962805279795,1.00594472021,1,1,1,1,1,1,0,1,0.984375,0,0
5,persistent_trough__capacity_26__stage1_only,persistent_trough,shared_keeper_capacity_central,26,stage1_only,final_dai_price,128,0.999916082633,7.66447477068e-05,0.999765858928,1.00006630634,0.999826174005,0.998783319315,0.999395002762,1.00036523351,1.00101899435,1.00168594523,0.997353376921,1.00258834649,1,0,0
5,persistent_trough__capacity_26__stage1_only,persistent_trough,shared_keeper_capacity_central,26,stage1_only,final_peg_band_status,128,1,0,1,1,1,1,1,1,1,1,1,1,1,0,0
5,persistent_trough__capacity_26__stage1_only,persistent_trough,shared_keeper_capacity_central,26,stage1_only,minimum_confidence,128,1,0,1,1,1,1,1,1,1,1,1,1,1,0,0
5,persistent_trough__capacity_26__stage1_only,persistent_trough,shared_keeper_capacity_central,26,stage1_only,mean_confidence_loss,128,0,0,0,0,0,0,0,0,0,0,0,0,0,0,0
5,persistent_trough__capacity_26__stage1_only,persistent_trough,shared_keeper_capacity_central,26,stage1_only,confidence_at_horizon,128,1,0,1,1,1,1,1,1,1,1,1,1,1,0,0
5,persistent_trough__capacity_26__stage1_only,persistent_trough,shared_keeper_capacity_central,26,stage1_only,hours_at_confidence_floor,128,0,0,0,0,0,0,0,0,0,0,0,0,0,0,0
5,persistent_trough__capacity_26__stage1_only,persistent_trough,shared_keeper_capacity_central,26,stage1_only,hours_recovery_gate_closed,128,0,0,0,0,0,0,0,0,0,0,0,0,0,0,0
5,persistent_trough__capacity_26__stage1_only,persistent_trough,shared_keeper_capacity_central,26,stage1_only,first_recovery_gate_open,128,720,0,720,720,720,720,720,720,720,720,720,720,1,0,0
5,persistent_trough__capacity_26__stage1_only,persistent_trough,shared_keeper_capacity_central,26,stage1_only,recovery_gate_reopenings,128,0,0,0,0,0,0,0,0,0,0,0,0,0,0,0
5,persistent_trough__capacity_26__stage1_only,persistent_trough,shared_keeper_capacity_central,26,stage1_only,cumulative_panic_contribution,128,0,0,0,0,0,0,0,0,0,0,0,0,0,0,0
5,persistent_trough__capacity_26__stage1_only,persistent_trough,shared_keeper_capacity_central,26,stage1_only,maximum_panic_contribution,128,0,0,0,0,0,0,0,0,0,0,0,0,0,0,0
6,persistent_trough__capacity_26__confidence_resilient,persistent_trough,shared_keeper_capacity_central,26,confidence_resilient,backlog_area_dai_hours,128,3207104.32121,224169.923277,2767731.27159,3646477.37083,2330424.41259,600753.257363,1495817.2263,4325485.09765,6516307.68517,7856094.82576,149764.62524,16984270.538,1,0,0
6,persistent_trough__capacity_26__confidence_resilient,persistent_trough,shared_keeper_capacity_central,26,confidence_resilient,maximum_unresolved_tab_dai,128,587982.997526,37088.166374,515290.191433,660675.803619,492128.713433,66689.0805311,255886.291041,870649.201901,1221538.74142,1398865.45285,37733.8517008,1770834.97455,1,0,0
6,persistent_trough__capacity_26__confidence_resilient,persistent_trough,shared_keeper_capacity_central,26,confidence_resilient,cumulative_realised_bad_debt_dai,128,9.38302170336e-13,3.96020605708e-13,1.62101783149e-13,1.71450255752e-12,1.58206781009e-14,0,0,1.58206781009e-13,5.55305801342e-13,1.87949655839e-12,0,3.24323901069e-11,0.5234375,0,0
6,persistent_trough__capacity_26__confidence_resilient,persistent_trough,shared_keeper_capacity_central,26,confidence_resilient,below_peg_burden,128,244.211202651,6.02552333456,232.401176915,256.021228387,263.99160252,5.83497484756,248.935302646,275.096766369,284.490625856,289.425272757,0.279451645389,319.419230775,1,0,0
6,persistent_trough__capacity_26__confidence_resilient,persistent_trough,shared_keeper_capacity_central,26,confidence_resilient,restricted_mean_recovery_time,128,670.328125,15.4925294313,639.962767315,700.693482685,720,98.15,720,720,720,720,0,720,0.9609375,118,0
6,persistent_trough__capacity_26__confidence_resilient,persistent_trough,shared_keeper_capacity_central,26,confidence_resilient,unsafe_vault_count,128,137.671875,0.881382052638,135.944366177,139.399383823,138,122,131,144.25,150,152,104,156,1,0,0
6,persistent_trough__capacity_26__confidence_resilient,persistent_trough,shared_keeper_capacity_central,26,confidence_resilient,peak_unsafe_share,128,0.27534375,0.00176276410528,0.271888732354,0.278798767646,0.276,0.244,0.262,0.2885,0.3,0.304,0.208,0.312,1,0,0
6,persistent_trough__capacity_26__confidence_resilient,persistent_trough,shared_keeper_capacity_central,26,confidence_resilient,newly_unsafe_count,128,137.671875,0.881382052638,135.944366177,139.399383823,138,122,131,144.25,150,152,104,156,1,0,0
6,persistent_trough__capacity_26__confidence_resilient,persistent_trough,shared_keeper_capacity_central,26,confidence_resilient,cumulative_arrival_count,128,526.3125,47.1381129415,433.921798635,618.703201365,293,146.35,174.75,601.25,1242.7,1697.15,121,2597,1,0,0
6,persistent_trough__capacity_26__confidence_resilient,persistent_trough,shared_keeper_capacity_central,26,confidence_resilient,cumulative_attempts,128,311.921875,23.0778264572,266.689335144,357.154414856,180.5,125.35,143,423,638.3,902.5,112,1435,1,0,0
6,persistent_trough__capacity_26__confidence_resilient,persistent_trough,shared_keeper_capacity_central,26,confidence_resilient,cumulative_successful_closures,128,137.5625,0.885743243,135.826443244,139.298556756,138,122,131,144.25,150,152,104,156,1,0,0
6,persistent_trough__capacity_26__confidence_resilient,persistent_trough,shared_keeper_capacity_central,26,confidence_resilient,cumulative_capacity_rejected,128,13.234375,1.20379589383,10.8749350481,15.5938149519,13,0,0,20,30.6,39,0,63,0.7421875,0,0
6,persistent_trough__capacity_26__confidence_resilient,persistent_trough,shared_keeper_capacity_central,26,confidence_resilient,cumulative_unprofitable_attempts,128,174.359375,23.0777361606,129.127012125,219.591737875,44,0,5,279,494.9,762.6,0,1305,0.859375,0,0
6,persistent_trough__capacity_26__confidence_resilient,persistent_trough,shared_keeper_capacity_central,26,confidence_resilient,binding_hours,128,1.3828125,0.108747054982,1.16966827224,1.59595672776,1,0,0,2,3,3,0,7,0.7421875,0,0
6,persistent_trough__capacity_26__confidence_resilient,persistent_trough,shared_keeper_capacity_central,26,confidence_resilient,positive_demand_hours,128,52.90625,4.74710382983,43.6019264935,62.2105735065,30,12,17,59.25,124.4,162.25,9,271,1,0,0
6,persistent_trough__capacity_26__confidence_resilient,persistent_trough,shared_keeper_capacity_central,26,confidence_resilient,mean_capacity_utilisation,128,0.279231988809,0.00828259562587,0.262998101382,0.295465876235,0.275151821862,0.1427461865,0.208646723647,0.337669683258,0.397633136095,0.444391025641,0.0989544436146,0.554487179487,1,0,0
6,persistent_trough__capacity_26__confidence_resilient,persistent_trough,shared_keeper_capacity_central,26,confidence_resilient,maximum_capacity_utilisation,128,0.975060096154,0.00485646527397,0.965541424217,0.984578768091,1,0.859615384615,1,1,1,1,0.730769230769,1,1,0,0
6,persistent_trough__capacity_26__confidence_resilient,persistent_trough,shared_keeper_capacity_central,26,confidence_resilient,maximum_attempts_one_hour,128,25.3515625,0.126268097123,25.1040770296,25.5990479704,26,22.35,26,26,26,26,19,26,1,0,0
6,persistent_trough__capacity_26__confidence_resilient,persistent_trough,shared_keeper_capacity_central,26,confidence_resilient,cumulative_debt_repaid_dai,128,779209.475697,35489.5635513,709649.931136,848769.020258,645322.436071,249250.190294,487648.303168,993450.268718,1409912.11335,1567250.54229,140986.892403,1820614.20051,1,0,0
6,persistent_trough__capacity_26__confidence_resilient,persistent_trough,shared_keeper_capacity_central,26,confidence_resilient,completed_liquidation_count,128,137.5625,0.885743243,135.826443244,139.298556756,138,122,131,144.25,150,152,104,156,1,0,0
6,persistent_trough__capacity_26__confidence_resilient,persistent_trough,shared_keeper_capacity_central,26,confidence_resilient,unresolved_vault_count,128,0.109375,0.0639443107475,-0.015955849065,0.234705849065,0,0,0,0,0,0,0,6,0.0234375,0,0
6,persistent_trough__capacity_26__confidence_resilient,persistent_trough,shared_keeper_capacity_central,26,confidence_resilient,unresolved_tab_at_horizon_dai,128,2.07463371219,1.1910838435,-0.259890621082,4.40915804546,0,0,0,0,0,0,0,95.1272484843,0.0234375,0,0
6,persistent_trough__capacity_26__confidence_resilient,persistent_trough,shared_keeper_capacity_central,26,confidence_resilient,maximum_backlog_duration,128,152.640625,13.6971098666,125.794289661,179.486960339,91,31.35,53,180.75,354.6,486.2,17,720,1,0,0
6,persistent_trough__capacity_26__confidence_resilient,persistent_trough,shared_keeper_capacity_central,26,confidence_resilient,active_bad_debt_at_horizon_dai,128,0,0,0,0,0,0,0,0,0,0,0,0,0,0,0
6,persistent_trough__capacity_26__confidence_resilient,persistent_trough,shared_keeper_capacity_central,26,confidence_resilient,maximum_active_bad_debt_dai,128,6048.70373235,666.383016032,4742.59302092,7354.81444377,2409.82307206,318.342573063,933.645843112,9789.07703546,17220.9979995,21448.939645,108.532785898,45880.0502356,1,0,0
6,persistent_trough__capacity_26__confidence_resilient,persistent_trough,shared_keeper_capacity_central,26,confidence_resilient,keeper_profit_dai,128,99710.3244306,4614.46408379,90665.9748264,108754.674035,82487.0663316,30477.1742782,61654.0713215,127847.187035,182694.242127,202183.373013,17078.9494838,234130.846525,1,0,0
6,persistent_trough__capacity_26__confidence_resilient,persistent_trough,shared_keeper_capacity_central,26,confidence_resilient,recovered_before_execution_count,128,0,0,0,0,0,0,0,0,0,0,0,0,0,0,0
6,persistent_trough__capacity_26__confidence_resilient,persistent_trough,shared_keeper_capacity_central,26,confidence_resilient,recovered_before_closure_count,128,0,0,0,0,0,0,0,0,0,0,0,0,0,0,0
6,persistent_trough__capacity_26__confidence_resilient,persistent_trough,shared_keeper_capacity_central,26,confidence_resilient,minimum_dai_price,128,0.528214907077,0.0100292047489,0.508557665769,0.547872148385,0.5,0.5,0.5,0.5,0.5,0.870880025984,0.5,0.996322255574,1,0,0
6,persistent_trough__capacity_26__confidence_resilient,persistent_trough,shared_keeper_capacity_central,26,confidence_resilient,maximum_negative_peg_deviation,128,0.471785092923,0.0100292047489,0.452127851615,0.491442334231,0.5,0.129119974016,0.5,0.5,0.5,0.5,0.00367774442647,0.5,1,0,0
6,persistent_trough__capacity_26__confidence_resilient,persistent_trough,shared_keeper_capacity_central,26,confidence_resilient,mean_absolute_peg_deviation,128,0.339205460639,0.00836397733722,0.322812065058,0.35559885622,0.366656076339,0.00828314987498,0.345747451558,0.382078907986,0.395125991114,0.401979545495,0.00056878383518,0.443637820521,1,0,0
6,persistent_trough__capacity_26__confidence_resilient,persistent_trough,shared_keeper_capacity_central,26,confidence_resilient,hours_below_0995,128,624.859375,14.6003718469,596.24264618,653.47610382,674,62.05,648.75,694.25,705,710.65,0,720,0.9609375,0,0
6,persistent_trough__capacity_26__confidence_resilient,persistent_trough,shared_keeper_capacity_central,26,confidence_resilient,hours_above_1005,128,0.0078125,0.0078125,-0.0075,0.023125,0,0,0,0,0,0,0,1,0.0078125,0,0
6,persistent_trough__capacity_26__confidence_resilient,persistent_trough,shared_keeper_capacity_central,26,confidence_resilient,first_return_time,128,411.125,29.5811662823,353.145914087,469.104085913,720,8.35,48,720,720,720,0,720,0.9609375,0,0
6,persistent_trough__capacity_26__confidence_resilient,persistent_trough,shared_keeper_capacity_central,26,confidence_resilient,failed_recovery_attempts,128,0.6171875,0.098037518523,0.425033963695,0.809341036305,0,0,0,1,2,2,0,6,0.390625,0,0
6,persistent_trough__capacity_26__confidence_resilient,persistent_trough,shared_keeper_capacity_central,26,confidence_resilient,recovery_probability_168h,128,0.0703125,0.0226873047756,0.0258453826398,0.11477961736,0,0,0,0,0,1,0,1,0.0703125,0,0
6,persistent_trough__capacity_26__confidence_resilient,persistent_trough,shared_keeper_capacity_central,26,confidence_resilient,recovery_probability_336h,128,0.0703125,0.0226873047756,0.0258453826398,0.11477961736,0,0,0,0,0,1,0,1,0.0703125,0,0
6,persistent_trough__capacity_26__confidence_resilient,persistent_trough,shared_keeper_capacity_central,26,confidence_resilient,recovery_probability_720h,128,0.078125,0.0238138258616,0.0314499013113,0.124800098689,0,0,0,0,0,1,0,1,0.078125,0,0
6,persistent_trough__capacity_26__confidence_resilient,persistent_trough,shared_keeper_capacity_central,26,confidence_resilient,final_dai_price,128,0.528514106266,0.0101388510364,0.508641958235,0.548386254298,0.5,0.5,0.5,0.5,0.5,0.875869603993,0.5,1.00192711687,1,0,0
6,persistent_trough__capacity_26__confidence_resilient,persistent_trough,shared_keeper_capacity_central,26,confidence_resilient,final_peg_band_status,128,0.0546875,0.0201757586952,0.0151430129574,0.0942319870426,0,0,0,0,0,0.65,0,1,0.0546875,0,0
6,persistent_trough__capacity_26__confidence_resilient,persistent_trough,shared_keeper_capacity_central,26,confidence_resilient,minimum_confidence,128,0.75,0,0.75,0.75,0.75,0.75,0.75,0.75,0.75,0.75,0.75,0.75,1,0,0
6,persistent_trough__capacity_26__confidence_resilient,persistent_trough,shared_keeper_capacity_central,26,confidence_resilient,mean_confidence_loss,128,0.236478849588,0.00419225581288,0.228262028195,0.244695670981,0.249829818843,0.0825421641964,0.249795412095,0.249882000148,0.249924199058,0.249953141247,0.0372221480895,0.25,1,0,0
6,persistent_trough__capacity_26__confidence_resilient,persistent_trough,shared_keeper_capacity_central,26,confidence_resilient,confidence_at_horizon,128,0.762999575729,0.00479955038746,0.753592456969,0.772406694488,0.75,0.75,0.75,0.75,0.75,0.895726654536,0.75,0.999568278548,1,0,0
6,persistent_trough__capacity_26__confidence_resilient,persistent_trough,shared_keeper_capacity_central,26,confidence_resilient,hours_at_confidence_floor,128,674.7734375,13.5498733126,648.215685807,701.331189193,718,171.35,718,719,719,719,40,720,1,0,0
6,persistent_trough__capacity_26__confidence_resilient,persistent_trough,shared_keeper_capacity_central,26,confidence_resilient,hours_recovery_gate_closed,128,675.7421875,13.4488644312,649.382413215,702.101961785,719,177.25,719,719,719,719,40,720,1,0,0
6,persistent_trough__capacity_26__confidence_resilient,persistent_trough,shared_keeper_capacity_central,26,confidence_resilient,first_recovery_gate_open,128,16.875,9.66576651502,-2.06990236943,35.8199023694,0,0,0,0,0,0,0,720,0.0234375,0,0
6,persistent_trough__capacity_26__confidence_resilient,persistent_trough,shared_keeper_capacity_central,26,confidence_resilient,recovery_gate_reopenings,128,0.1171875,0.032567868548,0.0533544776459,0.181020522354,0,0,0,0,0.3,1,0,2,0.1015625,0,0
6,persistent_trough__capacity_26__confidence_resilient,persistent_trough,shared_keeper_capacity_central,26,confidence_resilient,cumulative_panic_contribution,128,41.9593364734,1.03656675157,39.9276656403,43.9910073065,45.3623849254,0.946230373523,42.7703320345,47.2743948734,48.8914691846,49.7410405344,0.0156075292036,54.9097693177,1,0,0
6,persistent_trough__capacity_26__confidence_resilient,persistent_trough,shared_keeper_capacity_central,26,confidence_resilient,maximum_panic_contribution,128,0.0812017293568,0.00173124895432,0.0778084814064,0.0845949773073,0.086079375,0.0217705346648,0.086079375,0.086079375,0.086079375,0.086079375,0.000340291041585,0.086079375,1,0,0
7,persistent_trough__capacity_26__confidence_central,persistent_trough,shared_keeper_capacity_central,26,confidence_central,backlog_area_dai_hours,128,3207104.32121,224169.923277,2767731.27159,3646477.37083,2330424.41259,600753.257363,1495817.2263,4325485.09765,6516307.68517,7856094.82576,149764.62524,16984270.538,1,0,0
7,persistent_trough__capacity_26__confidence_central,persistent_trough,shared_keeper_capacity_central,26,confidence_central,maximum_unresolved_tab_dai,128,587982.997526,37088.166374,515290.191433,660675.803619,492128.713433,66689.0805311,255886.291041,870649.201901,1221538.74142,1398865.45285,37733.8517008,1770834.97455,1,0,0
7,persistent_trough__capacity_26__confidence_central,persistent_trough,shared_keeper_capacity_central,26,confidence_central,cumulative_realised_bad_debt_dai,128,9.38302170336e-13,3.96020605708e-13,1.62101783149e-13,1.71450255752e-12,1.58206781009e-14,0,0,1.58206781009e-13,5.55305801342e-13,1.87949655839e-12,0,3.24323901069e-11,0.5234375,0,0
7,persistent_trough__capacity_26__confidence_central,persistent_trough,shared_keeper_capacity_central,26,confidence_central,below_peg_burden,128,353.881025398,0.486241914916,352.927991244,354.834059551,354.185966833,343.432088004,352.768556789,356.466183172,360,360,323.206783431,360,1,0,0
7,persistent_trough__capacity_26__confidence_central,persistent_trough,shared_keeper_capacity_central,26,confidence_central,restricted_mean_recovery_time,128,720,0,720,720,720,720,720,720,720,720,720,720,1,128,0
7,persistent_trough__capacity_26__confidence_central,persistent_trough,shared_keeper_capacity_central,26,confidence_central,unsafe_vault_count,128,137.671875,0.881382052638,135.944366177,139.399383823,138,122,131,144.25,150,152,104,156,1,0,0
7,persistent_trough__capacity_26__confidence_central,persistent_trough,shared_keeper_capacity_central,26,confidence_central,peak_unsafe_share,128,0.27534375,0.00176276410528,0.271888732354,0.278798767646,0.276,0.244,0.262,0.2885,0.3,0.304,0.208,0.312,1,0,0
7,persistent_trough__capacity_26__confidence_central,persistent_trough,shared_keeper_capacity_central,26,confidence_central,newly_unsafe_count,128,137.671875,0.881382052638,135.944366177,139.399383823,138,122,131,144.25,150,152,104,156,1,0,0
7,persistent_trough__capacity_26__confidence_central,persistent_trough,shared_keeper_capacity_central,26,confidence_central,cumulative_arrival_count,128,526.3125,47.1381129415,433.921798635,618.703201365,293,146.35,174.75,601.25,1242.7,1697.15,121,2597,1,0,0
7,persistent_trough__capacity_26__confidence_central,persistent_trough,shared_keeper_capacity_central,26,confidence_central,cumulative_attempts,128,311.921875,23.0778264572,266.689335144,357.154414856,180.5,125.35,143,423,638.3,902.5,112,1435,1,0,0
7,persistent_trough__capacity_26__confidence_central,persistent_trough,shared_keeper_capacity_central,26,confidence_central,cumulative_successful_closures,128,137.5625,0.885743243,135.826443244,139.298556756,138,122,131,144.25,150,152,104,156,1,0,0
7,persistent_trough__capacity_26__confidence_central,persistent_trough,shared_keeper_capacity_central,26,confidence_central,cumulative_capacity_rejected,128,13.234375,1.20379589383,10.8749350481,15.5938149519,13,0,0,20,30.6,39,0,63,0.7421875,0,0
7,persistent_trough__capacity_26__confidence_central,persistent_trough,shared_keeper_capacity_central,26,confidence_central,cumulative_unprofitable_attempts,128,174.359375,23.0777361606,129.127012125,219.591737875,44,0,5,279,494.9,762.6,0,1305,0.859375,0,0
7,persistent_trough__capacity_26__confidence_central,persistent_trough,shared_keeper_capacity_central,26,confidence_central,binding_hours,128,1.3828125,0.108747054982,1.16966827224,1.59595672776,1,0,0,2,3,3,0,7,0.7421875,0,0
7,persistent_trough__capacity_26__confidence_central,persistent_trough,shared_keeper_capacity_central,26,confidence_central,positive_demand_hours,128,52.90625,4.74710382983,43.6019264935,62.2105735065,30,12,17,59.25,124.4,162.25,9,271,1,0,0
7,persistent_trough__capacity_26__confidence_central,persistent_trough,shared_keeper_capacity_central,26,confidence_central,mean_capacity_utilisation,128,0.279231988809,0.00828259562587,0.262998101382,0.295465876235,0.275151821862,0.1427461865,0.208646723647,0.337669683258,0.397633136095,0.444391025641,0.0989544436146,0.554487179487,1,0,0
7,persistent_trough__capacity_26__confidence_central,persistent_trough,shared_keeper_capacity_central,26,confidence_central,maximum_capacity_utilisation,128,0.975060096154,0.00485646527397,0.965541424217,0.984578768091,1,0.859615384615,1,1,1,1,0.730769230769,1,1,0,0
7,persistent_trough__capacity_26__confidence_central,persistent_trough,shared_keeper_capacity_central,26,confidence_central,maximum_attempts_one_hour,128,25.3515625,0.126268097123,25.1040770296,25.5990479704,26,22.35,26,26,26,26,19,26,1,0,0
7,persistent_trough__capacity_26__confidence_central,persistent_trough,shared_keeper_capacity_central,26,confidence_central,cumulative_debt_repaid_dai,128,779209.475697,35489.5635513,709649.931136,848769.020258,645322.436071,249250.190294,487648.303168,993450.268718,1409912.11335,1567250.54229,140986.892403,1820614.20051,1,0,0
7,persistent_trough__capacity_26__confidence_central,persistent_trough,shared_keeper_capacity_central,26,confidence_central,completed_liquidation_count,128,137.5625,0.885743243,135.826443244,139.298556756,138,122,131,144.25,150,152,104,156,1,0,0
7,persistent_trough__capacity_26__confidence_central,persistent_trough,shared_keeper_capacity_central,26,confidence_central,unresolved_vault_count,128,0.109375,0.0639443107475,-0.015955849065,0.234705849065,0,0,0,0,0,0,0,6,0.0234375,0,0
7,persistent_trough__capacity_26__confidence_central,persistent_trough,shared_keeper_capacity_central,26,confidence_central,unresolved_tab_at_horizon_dai,128,2.07463371219,1.1910838435,-0.259890621082,4.40915804546,0,0,0,0,0,0,0,95.1272484843,0.0234375,0,0
7,persistent_trough__capacity_26__confidence_central,persistent_trough,shared_keeper_capacity_central,26,confidence_central,maximum_backlog_duration,128,152.640625,13.6971098666,125.794289661,179.486960339,91,31.35,53,180.75,354.6,486.2,17,720,1,0,0
7,persistent_trough__capacity_26__confidence_central,persistent_trough,shared_keeper_capacity_central,26,confidence_central,active_bad_debt_at_horizon_dai,128,0,0,0,0,0,0,0,0,0,0,0,0,0,0,0
7,persistent_trough__capacity_26__confidence_central,persistent_trough,shared_keeper_capacity_central,26,confidence_central,maximum_active_bad_debt_dai,128,6048.70373235,666.383016032,4742.59302092,7354.81444377,2409.82307206,318.342573063,933.645843112,9789.07703546,17220.9979995,21448.939645,108.532785898,45880.0502356,1,0,0
7,persistent_trough__capacity_26__confidence_central,persistent_trough,shared_keeper_capacity_central,26,confidence_central,keeper_profit_dai,128,99710.3244306,4614.46408379,90665.9748264,108754.674035,82487.0663316,30477.1742782,61654.0713215,127847.187035,182694.242127,202183.373013,17078.9494838,234130.846525,1,0,0
7,persistent_trough__capacity_26__confidence_central,persistent_trough,shared_keeper_capacity_central,26,confidence_central,recovered_before_execution_count,128,0,0,0,0,0,0,0,0,0,0,0,0,0,0,0
7,persistent_trough__capacity_26__confidence_central,persistent_trough,shared_keeper_capacity_central,26,confidence_central,recovered_before_closure_count,128,0,0,0,0,0,0,0,0,0,0,0,0,0,0,0
7,persistent_trough__capacity_26__confidence_central,persistent_trough,shared_keeper_capacity_central,26,confidence_central,minimum_dai_price,128,0.5,0,0.5,0.5,0.5,0.5,0.5,0.5,0.5,0.5,0.5,0.5,1,0,0
7,persistent_trough__capacity_26__confidence_central,persistent_trough,shared_keeper_capacity_central,26,confidence_central,maximum_negative_peg_deviation,128,0.5,0,0.5,0.5,0.5,0.5,0.5,0.5,0.5,0.5,0.5,0.5,1,0,0
7,persistent_trough__capacity_26__confidence_central,persistent_trough,shared_keeper_capacity_central,26,confidence_central,mean_absolute_peg_deviation,128,0.491503839412,0.000674819826045,0.490181192553,0.492826486271,0.491924953935,0.477010621532,0.489956541379,0.495091921072,0.5,0.5,0.448922909769,0.5,1,0,0
7,persistent_trough__capacity_26__confidence_central,persistent_trough,shared_keeper_capacity_central,26,confidence_central,hours_below_0995,128,713.8046875,0.842262913333,712.15385219,715.45552281,716,695.05,713,720,720,720,654,720,1,0,0
7,persistent_trough__capacity_26__confidence_central,persistent_trough,shared_keeper_capacity_central,26,confidence_central,hours_above_1005,128,0,0,0,0,0,0,0,0,0,0,0,0,0,0,0
7,persistent_trough__capacity_26__confidence_central,persistent_trough,shared_keeper_capacity_central,26,confidence_central,first_return_time,128,714.390625,5.609375,703.39625,725.385,720,720,720,720,720,720,2,720,1,0,0
7,persistent_trough__capacity_26__confidence_central,persistent_trough,shared_keeper_capacity_central,26,confidence_central,failed_recovery_attempts,128,0.0078125,0.0078125,-0.0075,0.023125,0,0,0,0,0,0,0,1,0.0078125,0,0
7,persistent_trough__capacity_26__confidence_central,persistent_trough,shared_keeper_capacity_central,26,confidence_central,recovery_probability_168h,128,0,0,0,0,0,0,0,0,0,0,0,0,0,0,0
7,persistent_trough__capacity_26__confidence_central,persistent_trough,shared_keeper_capacity_central,26,confidence_central,recovery_probability_336h,128,0,0,0,0,0,0,0,0,0,0,0,0,0,0,0
7,persistent_trough__capacity_26__confidence_central,persistent_trough,shared_keeper_capacity_central,26,confidence_central,recovery_probability_720h,128,0,0,0,0,0,0,0,0,0,0,0,0,0,0,0
7,persistent_trough__capacity_26__confidence_central,persistent_trough,shared_keeper_capacity_central,26,confidence_central,final_dai_price,128,0.5,0,0.5,0.5,0.5,0.5,0.5,0.5,0.5,0.5,0.5,0.5,1,0,0
7,persistent_trough__capacity_26__confidence_central,persistent_trough,shared_keeper_capacity_central,26,confidence_central,final_peg_band_status,128,0,0,0,0,0,0,0,0,0,0,0,0,0,0,0
7,persistent_trough__capacity_26__confidence_central,persistent_trough,shared_keeper_capacity_central,26,confidence_central,minimum_confidence,128,0.5,0,0.5,0.5,0.5,0.5,0.5,0.5,0.5,0.5,0.5,0.5,1,0,0
7,persistent_trough__capacity_26__confidence_central,persistent_trough,shared_keeper_capacity_central,26,confidence_central,mean_confidence_loss,128,0.499644571375,2.18025326115e-05,0.499601838411,0.499687304339,0.499600075454,0.499312537394,0.499422754112,0.5,0.5,0.5,0.499305659119,0.5,1,0,0
7,persistent_trough__capacity_26__confidence_central,persistent_trough,shared_keeper_capacity_central,26,confidence_central,confidence_at_horizon,128,0.5,0,0.5,0.5,0.5,0.5,0.5,0.5,0.5,0.5,0.5,0.5,1,0,0
7,persistent_trough__capacity_26__confidence_central,persistent_trough,shared_keeper_capacity_central,26,confidence_central,hours_at_confidence_floor,128,715.953125,0.714364993799,714.552969612,717.353280388,718,707.35,716,720,720,720,661,720,1,0,0
7,persistent_trough__capacity_26__confidence_central,persistent_trough,shared_keeper_capacity_central,26,confidence_central,hours_recovery_gate_closed,128,719.2578125,0.0388156570856,719.181733812,719.333891188,719,719,719,720,720,720,719,720,1,0,0
7,persistent_trough__capacity_26__confidence_central,persistent_trough,shared_keeper_capacity_central,26,confidence_central,first_recovery_gate_open,128,185.625,27.9472731017,130.848344721,240.401655279,0,0,0,720,720,720,0,720,0.2578125,0,0
7,persistent_trough__capacity_26__confidence_central,persistent_trough,shared_keeper_capacity_central,26,confidence_central,recovery_gate_reopenings,128,0,0,0,0,0,0,0,0,0,0,0,0,0,0,0
7,persistent_trough__capacity_26__confidence_central,persistent_trough,shared_keeper_capacity_central,26,confidence_central,cumulative_panic_contribution,128,243.418834527,0.341717873976,242.749067494,244.08860156,243.560875049,236.155029351,242.584581788,245.134627494,247.9086,247.9086,222.227185808,247.9086,1,0,0
7,persistent_trough__capacity_26__confidence_central,persistent_trough,shared_keeper_capacity_central,26,confidence_central,maximum_panic_contribution,128,0.3443175,9.85163627805e-18,0.3443175,0.3443175,0.3443175,0.3443175,0.3443175,0.3443175,0.3443175,0.3443175,0.3443175,0.3443175,1,0,0
8,persistent_trough__capacity_26__confidence_fragile,persistent_trough,shared_keeper_capacity_central,26,confidence_fragile,backlog_area_dai_hours,128,3207104.32121,224169.923277,2767731.27159,3646477.37083,2330424.41259,600753.257363,1495817.2263,4325485.09765,6516307.68517,7856094.82576,149764.62524,16984270.538,1,0,0
8,persistent_trough__capacity_26__confidence_fragile,persistent_trough,shared_keeper_capacity_central,26,confidence_fragile,maximum_unresolved_tab_dai,128,587982.997526,37088.166374,515290.191433,660675.803619,492128.713433,66689.0805311,255886.291041,870649.201901,1221538.74142,1398865.45285,37733.8517008,1770834.97455,1,0,0
8,persistent_trough__capacity_26__confidence_fragile,persistent_trough,shared_keeper_capacity_central,26,confidence_fragile,cumulative_realised_bad_debt_dai,128,9.38302170336e-13,3.96020605708e-13,1.62101783149e-13,1.71450255752e-12,1.58206781009e-14,0,0,1.58206781009e-13,5.55305801342e-13,1.87949655839e-12,0,3.24323901069e-11,0.5234375,0,0
8,persistent_trough__capacity_26__confidence_fragile,persistent_trough,shared_keeper_capacity_central,26,confidence_fragile,below_peg_burden,128,357.573912255,0.335146622484,356.917024875,358.230799635,358.947766195,352.294453547,356.583671941,360,360,360,336.231624295,360,1,0,0
8,persistent_trough__capacity_26__confidence_fragile,persistent_trough,shared_keeper_capacity_central,26,confidence_fragile,restricted_mean_recovery_time,128,720,0,720,720,720,720,720,720,720,720,720,720,1,128,0
8,persistent_trough__capacity_26__confidence_fragile,persistent_trough,shared_keeper_capacity_central,26,confidence_fragile,unsafe_vault_count,128,137.671875,0.881382052638,135.944366177,139.399383823,138,122,131,144.25,150,152,104,156,1,0,0
8,persistent_trough__capacity_26__confidence_fragile,persistent_trough,shared_keeper_capacity_central,26,confidence_fragile,peak_unsafe_share,128,0.27534375,0.00176276410528,0.271888732354,0.278798767646,0.276,0.244,0.262,0.2885,0.3,0.304,0.208,0.312,1,0,0
8,persistent_trough__capacity_26__confidence_fragile,persistent_trough,shared_keeper_capacity_central,26,confidence_fragile,newly_unsafe_count,128,137.671875,0.881382052638,135.944366177,139.399383823,138,122,131,144.25,150,152,104,156,1,0,0
8,persistent_trough__capacity_26__confidence_fragile,persistent_trough,shared_keeper_capacity_central,26,confidence_fragile,cumulative_arrival_count,128,526.3125,47.1381129415,433.921798635,618.703201365,293,146.35,174.75,601.25,1242.7,1697.15,121,2597,1,0,0
8,persistent_trough__capacity_26__confidence_fragile,persistent_trough,shared_keeper_capacity_central,26,confidence_fragile,cumulative_attempts,128,311.921875,23.0778264572,266.689335144,357.154414856,180.5,125.35,143,423,638.3,902.5,112,1435,1,0,0
8,persistent_trough__capacity_26__confidence_fragile,persistent_trough,shared_keeper_capacity_central,26,confidence_fragile,cumulative_successful_closures,128,137.5625,0.885743243,135.826443244,139.298556756,138,122,131,144.25,150,152,104,156,1,0,0
8,persistent_trough__capacity_26__confidence_fragile,persistent_trough,shared_keeper_capacity_central,26,confidence_fragile,cumulative_capacity_rejected,128,13.234375,1.20379589383,10.8749350481,15.5938149519,13,0,0,20,30.6,39,0,63,0.7421875,0,0
8,persistent_trough__capacity_26__confidence_fragile,persistent_trough,shared_keeper_capacity_central,26,confidence_fragile,cumulative_unprofitable_attempts,128,174.359375,23.0777361606,129.127012125,219.591737875,44,0,5,279,494.9,762.6,0,1305,0.859375,0,0
8,persistent_trough__capacity_26__confidence_fragile,persistent_trough,shared_keeper_capacity_central,26,confidence_fragile,binding_hours,128,1.3828125,0.108747054982,1.16966827224,1.59595672776,1,0,0,2,3,3,0,7,0.7421875,0,0
8,persistent_trough__capacity_26__confidence_fragile,persistent_trough,shared_keeper_capacity_central,26,confidence_fragile,positive_demand_hours,128,52.90625,4.74710382983,43.6019264935,62.2105735065,30,12,17,59.25,124.4,162.25,9,271,1,0,0
8,persistent_trough__capacity_26__confidence_fragile,persistent_trough,shared_keeper_capacity_central,26,confidence_fragile,mean_capacity_utilisation,128,0.279231988809,0.00828259562587,0.262998101382,0.295465876235,0.275151821862,0.1427461865,0.208646723647,0.337669683258,0.397633136095,0.444391025641,0.0989544436146,0.554487179487,1,0,0
8,persistent_trough__capacity_26__confidence_fragile,persistent_trough,shared_keeper_capacity_central,26,confidence_fragile,maximum_capacity_utilisation,128,0.975060096154,0.00485646527397,0.965541424217,0.984578768091,1,0.859615384615,1,1,1,1,0.730769230769,1,1,0,0
8,persistent_trough__capacity_26__confidence_fragile,persistent_trough,shared_keeper_capacity_central,26,confidence_fragile,maximum_attempts_one_hour,128,25.3515625,0.126268097123,25.1040770296,25.5990479704,26,22.35,26,26,26,26,19,26,1,0,0
8,persistent_trough__capacity_26__confidence_fragile,persistent_trough,shared_keeper_capacity_central,26,confidence_fragile,cumulative_debt_repaid_dai,128,779209.475697,35489.5635513,709649.931136,848769.020258,645322.436071,249250.190294,487648.303168,993450.268718,1409912.11335,1567250.54229,140986.892403,1820614.20051,1,0,0
8,persistent_trough__capacity_26__confidence_fragile,persistent_trough,shared_keeper_capacity_central,26,confidence_fragile,completed_liquidation_count,128,137.5625,0.885743243,135.826443244,139.298556756,138,122,131,144.25,150,152,104,156,1,0,0
8,persistent_trough__capacity_26__confidence_fragile,persistent_trough,shared_keeper_capacity_central,26,confidence_fragile,unresolved_vault_count,128,0.109375,0.0639443107475,-0.015955849065,0.234705849065,0,0,0,0,0,0,0,6,0.0234375,0,0
8,persistent_trough__capacity_26__confidence_fragile,persistent_trough,shared_keeper_capacity_central,26,confidence_fragile,unresolved_tab_at_horizon_dai,128,2.07463371219,1.1910838435,-0.259890621082,4.40915804546,0,0,0,0,0,0,0,95.1272484843,0.0234375,0,0
8,persistent_trough__capacity_26__confidence_fragile,persistent_trough,shared_keeper_capacity_central,26,confidence_fragile,maximum_backlog_duration,128,152.640625,13.6971098666,125.794289661,179.486960339,91,31.35,53,180.75,354.6,486.2,17,720,1,0,0
8,persistent_trough__capacity_26__confidence_fragile,persistent_trough,shared_keeper_capacity_central,26,confidence_fragile,active_bad_debt_at_horizon_dai,128,0,0,0,0,0,0,0,0,0,0,0,0,0,0,0
8,persistent_trough__capacity_26__confidence_fragile,persistent_trough,shared_keeper_capacity_central,26,confidence_fragile,maximum_active_bad_debt_dai,128,6048.70373235,666.383016032,4742.59302092,7354.81444377,2409.82307206,318.342573063,933.645843112,9789.07703546,17220.9979995,21448.939645,108.532785898,45880.0502356,1,0,0
8,persistent_trough__capacity_26__confidence_fragile,persistent_trough,shared_keeper_capacity_central,26,confidence_fragile,keeper_profit_dai,128,99710.3244306,4614.46408379,90665.9748264,108754.674035,82487.0663316,30477.1742782,61654.0713215,127847.187035,182694.242127,202183.373013,17078.9494838,234130.846525,1,0,0
8,persistent_trough__capacity_26__confidence_fragile,persistent_trough,shared_keeper_capacity_central,26,confidence_fragile,recovered_before_execution_count,128,0,0,0,0,0,0,0,0,0,0,0,0,0,0,0
8,persistent_trough__capacity_26__confidence_fragile,persistent_trough,shared_keeper_capacity_central,26,confidence_fragile,recovered_before_closure_count,128,0,0,0,0,0,0,0,0,0,0,0,0,0,0,0
8,persistent_trough__capacity_26__confidence_fragile,persistent_trough,shared_keeper_capacity_central,26,confidence_fragile,minimum_dai_price,128,0.5,0,0.5,0.5,0.5,0.5,0.5,0.5,0.5,0.5,0.5,0.5,1,0,0
8,persistent_trough__capacity_26__confidence_fragile,persistent_trough,shared_keeper_capacity_central,26,confidence_fragile,maximum_negative_peg_deviation,128,0.5,0,0.5,0.5,0.5,0.5,0.5,0.5,0.5,0.5,0.5,0.5,1,0,0
8,persistent_trough__capacity_26__confidence_fragile,persistent_trough,shared_keeper_capacity_central,26,confidence_fragile,mean_absolute_peg_deviation,128,0.496631825651,0.000465034615586,0.495720357805,0.497543293498,0.498538564159,0.489304738335,0.495255099918,0.5,0.5,0.5,0.467009671358,0.5,1,0,0
8,persistent_trough__capacity_26__confidence_fragile,persistent_trough,shared_keeper_capacity_central,26,confidence_fragile,hours_below_0995,128,717.1796875,0.560932153759,716.080260479,718.279114521,720,708.35,717,720,720,720,678,720,1,0,0
8,persistent_trough__capacity_26__confidence_fragile,persistent_trough,shared_keeper_capacity_central,26,confidence_fragile,hours_above_1005,128,0,0,0,0,0,0,0,0,0,0,0,0,0,0,0
8,persistent_trough__capacity_26__confidence_fragile,persistent_trough,shared_keeper_capacity_central,26,confidence_fragile,first_return_time,128,720,0,720,720,720,720,720,720,720,720,720,720,1,0,0
8,persistent_trough__capacity_26__confidence_fragile,persistent_trough,shared_keeper_capacity_central,26,confidence_fragile,failed_recovery_attempts,128,0,0,0,0,0,0,0,0,0,0,0,0,0,0,0
8,persistent_trough__capacity_26__confidence_fragile,persistent_trough,shared_keeper_capacity_central,26,confidence_fragile,recovery_probability_168h,128,0,0,0,0,0,0,0,0,0,0,0,0,0,0,0
8,persistent_trough__capacity_26__confidence_fragile,persistent_trough,shared_keeper_capacity_central,26,confidence_fragile,recovery_probability_336h,128,0,0,0,0,0,0,0,0,0,0,0,0,0,0,0
8,persistent_trough__capacity_26__confidence_fragile,persistent_trough,shared_keeper_capacity_central,26,confidence_fragile,recovery_probability_720h,128,0,0,0,0,0,0,0,0,0,0,0,0,0,0,0
8,persistent_trough__capacity_26__confidence_fragile,persistent_trough,shared_keeper_capacity_central,26,confidence_fragile,final_dai_price,128,0.5,0,0.5,0.5,0.5,0.5,0.5,0.5,0.5,0.5,0.5,0.5,1,0,0
8,persistent_trough__capacity_26__confidence_fragile,persistent_trough,shared_keeper_capacity_central,26,confidence_fragile,final_peg_band_status,128,0,0,0,0,0,0,0,0,0,0,0,0,0,0,0
8,persistent_trough__capacity_26__confidence_fragile,persistent_trough,shared_keeper_capacity_central,26,confidence_fragile,minimum_confidence,128,0.255859375,0.00335616892883,0.2492812839,0.2624374661,0.25,0.25,0.25,0.25,0.25,0.25,0.25,0.5,1,0,0
8,persistent_trough__capacity_26__confidence_fragile,persistent_trough,shared_keeper_capacity_central,26,confidence_fragile,mean_confidence_loss,128,0.743374519472,0.00335075944444,0.736807030961,0.749942007983,0.75,0.745811723235,0.748859093993,0.75,0.75,0.75,0.499768659675,0.75,1,0,0
8,persistent_trough__capacity_26__confidence_fragile,persistent_trough,shared_keeper_capacity_central,26,confidence_fragile,confidence_at_horizon,128,0.255859375,0.00335616892883,0.2492812839,0.2624374661,0.25,0.25,0.25,0.25,0.25,0.25,0.25,0.5,1,0,0
8,persistent_trough__capacity_26__confidence_fragile,persistent_trough,shared_keeper_capacity_central,26,confidence_fragile,hours_at_confidence_floor,128,700.671875,9.6383363824,681.78073569,719.56301431,720,707.35,716,720,720,720,0,720,0.9765625,0,0
8,persistent_trough__capacity_26__confidence_fragile,persistent_trough,shared_keeper_capacity_central,26,confidence_fragile,hours_recovery_gate_closed,128,719.515625,0.0443461562019,719.428706534,719.602543466,720,719,719,720,720,720,719,720,1,0,0
8,persistent_trough__capacity_26__confidence_fragile,persistent_trough,shared_keeper_capacity_central,26,confidence_fragile,first_recovery_gate_open,128,371.25,31.9292324654,308.668704368,433.831295632,720,0,0,720,720,720,0,720,0.515625,0,0
8,persistent_trough__capacity_26__confidence_fragile,persistent_trough,shared_keeper_capacity_central,26,confidence_fragile,recovery_gate_reopenings,128,0,0,0,0,0,0,0,0,0,0,0,0,0,0,0
8,persistent_trough__capacity_26__confidence_fragile,persistent_trough,shared_keeper_capacity_central,26,confidence_fragile,cumulative_panic_contribution,128,549.515160523,2.76523706124,544.095295883,554.935025164,555.420837795,545.079801985,551.724799578,557.79435,557.79435,557.79435,346.794820645,557.79435,1,0,0
8,persistent_trough__capacity_26__confidence_fragile,persistent_trough,shared_keeper_capacity_central,26,confidence_fragile,maximum_panic_contribution,128,0.768661918945,0.00346676308545,0.761867063298,0.775456774593,0.774714375,0.774714375,0.774714375,0.774714375,0.774714375,0.774714375,0.51647625,0.774714375,1,0,0
9,persistent_trough__capacity_45__stage1_only,persistent_trough,shared_keeper_capacity_high,45,stage1_only,backlog_area_dai_hours,128,3135140.90881,224790.255745,2694552.00755,3575729.81007,2136778.62371,570611.555232,1454208.37414,4308392.56797,6398324.73745,7832913.77256,146485.747117,16984270.538,1,0,0
9,persistent_trough__capacity_45__stage1_only,persistent_trough,shared_keeper_capacity_high,45,stage1_only,maximum_unresolved_tab_dai,128,587535.697682,37137.551884,514746.09599,660325.299375,492128.713433,63971.7447045,255886.291041,870649.201901,1221538.74142,1398865.45285,22438.6089793,1770834.97455,1,0,0
9,persistent_trough__capacity_45__stage1_only,persistent_trough,shared_keeper_capacity_high,45,stage1_only,cumulative_realised_bad_debt_dai,128,9.38302170336e-13,3.96020605708e-13,1.62101783149e-13,1.71450255752e-12,1.58206781009e-14,0,0,1.58206781009e-13,5.55305801342e-13,1.87949655839e-12,0,3.24323901069e-11,0.5234375,0,0
9,persistent_trough__capacity_45__stage1_only,persistent_trough,shared_keeper_capacity_high,45,stage1_only,below_peg_burden,128,0.263192585361,0.0047828842023,0.253818132325,0.272567038398,0.262686495149,0.181320123472,0.226688404831,0.305397070585,0.331809655218,0.349755143596,0.150984558752,0.413130215786,1,0,0
9,persistent_trough__capacity_45__stage1_only,persistent_trough,shared_keeper_capacity_high,45,stage1_only,restricted_mean_recovery_time,128,83.4296875,16.9764545852,50.1558365129,116.703538487,0,0,0,0,443.3,583.3,0,720,0.2265625,2,0
9,persistent_trough__capacity_45__stage1_only,persistent_trough,shared_keeper_capacity_high,45,stage1_only,unsafe_vault_count,128,137.671875,0.881382052638,135.944366177,139.399383823,138,122,131,144.25,150,152,104,156,1,0,0
9,persistent_trough__capacity_45__stage1_only,persistent_trough,shared_keeper_capacity_high,45,stage1_only,peak_unsafe_share,128,0.27534375,0.00176276410528,0.271888732354,0.278798767646,0.276,0.244,0.262,0.2885,0.3,0.304,0.208,0.312,1,0,0
9,persistent_trough__capacity_45__stage1_only,persistent_trough,shared_keeper_capacity_high,45,stage1_only,newly_unsafe_count,128,137.671875,0.881382052638,135.944366177,139.399383823,138,122,131,144.25,150,152,104,156,1,0,0
9,persistent_trough__capacity_45__stage1_only,persistent_trough,shared_keeper_capacity_high,45,stage1_only,cumulative_arrival_count,128,516.8046875,47.6022302537,423.504316203,610.105058797,266.5,134.75,161.75,601.25,1242.7,1697.15,121,2597,1,0,0
9,persistent_trough__capacity_45__stage1_only,persistent_trough,shared_keeper_capacity_high,45,stage1_only,cumulative_attempts,128,316.140625,23.4790248534,270.121736287,362.159513713,176.5,126.35,144,433,652.1,925.3,117,1445,1,0,0
9,persistent_trough__capacity_45__stage1_only,persistent_trough,shared_keeper_capacity_high,45,stage1_only,cumulative_successful_closures,128,137.5625,0.885743243,135.826443244,139.298556756,138,122,131,144.25,150,152,104,156,1,0,0
9,persistent_trough__capacity_45__stage1_only,persistent_trough,shared_keeper_capacity_high,45,stage1_only,cumulative_capacity_rejected,128,0.1484375,0.0315484639797,0.0866025105998,0.2102724894,0,0,0,0,1,1,0,1,0.1484375,0,0
9,persistent_trough__capacity_45__stage1_only,persistent_trough,shared_keeper_capacity_high,45,stage1_only,cumulative_unprofitable_attempts,128,178.578125,23.4736685738,132.569734595,224.586515405,36.5,0,5.75,292,504.3,788.4,0,1315,0.828125,0,0
9,persistent_trough__capacity_45__stage1_only,persistent_trough,shared_keeper_capacity_high,45,stage1_only,binding_hours,128,0.1484375,0.0315484639797,0.0866025105998,0.2102724894,0,0,0,0,1,1,0,1,0.1484375,0,0
9,persistent_trough__capacity_45__stage1_only,persistent_trough,shared_keeper_capacity_high,45,stage1_only,positive_demand_hours,128,51.9921875,4.79504255272,42.5939040967,61.3904709033,26.5,10.35,15.75,57.75,124.4,162.25,9,271,1,0,0
9,persistent_trough__capacity_45__stage1_only,persistent_trough,shared_keeper_capacity_high,45,stage1_only,mean_capacity_utilisation,128,0.174276109235,0.00598962953811,0.16253643534,0.18601578313,0.164664867296,0.0813266505104,0.123873727529,0.212451647326,0.264273504274,0.320787878788,0.0571736785329,0.353086419753,1,0,0
9,persistent_trough__capacity_45__stage1_only,persistent_trough,shared_keeper_capacity_high,45,stage1_only,maximum_capacity_utilisation,128,0.776909722222,0.018011171546,0.741607825992,0.812211618452,0.855555555556,0.496666666667,0.577777777778,1,1,1,0.422222222222,1,1,0,0
9,persistent_trough__capacity_45__stage1_only,persistent_trough,shared_keeper_capacity_high,45,stage1_only,maximum_attempts_one_hour,128,34.9609375,0.810502719572,33.3723521696,36.5495228304,38.5,22.35,26,45,45,45,19,45,1,0,0
9,persistent_trough__capacity_45__stage1_only,persistent_trough,shared_keeper_capacity_high,45,stage1_only,cumulative_debt_repaid_dai,128,779209.475697,35489.5635513,709649.931136,848769.020258,645322.436071,249250.190294,487648.303168,993450.268718,1409912.11335,1567250.54229,140986.892403,1820614.20051,1,0,0
9,persistent_trough__capacity_45__stage1_only,persistent_trough,shared_keeper_capacity_high,45,stage1_only,completed_liquidation_count,128,137.5625,0.885743243,135.826443244,139.298556756,138,122,131,144.25,150,152,104,156,1,0,0
9,persistent_trough__capacity_45__stage1_only,persistent_trough,shared_keeper_capacity_high,45,stage1_only,unresolved_vault_count,128,0.109375,0.0639443107475,-0.015955849065,0.234705849065,0,0,0,0,0,0,0,6,0.0234375,0,0
9,persistent_trough__capacity_45__stage1_only,persistent_trough,shared_keeper_capacity_high,45,stage1_only,unresolved_tab_at_horizon_dai,128,2.07463371219,1.1910838435,-0.259890621082,4.40915804546,0,0,0,0,0,0,0,95.1272484843,0.0234375,0,0
9,persistent_trough__capacity_45__stage1_only,persistent_trough,shared_keeper_capacity_high,45,stage1_only,maximum_backlog_duration,128,149.625,13.8447967002,122.489198468,176.760801532,86,25.7,46.75,172.5,354.6,486.2,12,720,1,0,0
9,persistent_trough__capacity_45__stage1_only,persistent_trough,shared_keeper_capacity_high,45,stage1_only,active_bad_debt_at_horizon_dai,128,0,0,0,0,0,0,0,0,0,0,0,0,0,0,0
9,persistent_trough__capacity_45__stage1_only,persistent_trough,shared_keeper_capacity_high,45,stage1_only,maximum_active_bad_debt_dai,128,6045.83748629,666.547283988,4739.40480967,7352.2701629,2409.82307206,318.342573063,933.645843112,9789.07703546,17220.9979995,21448.939645,108.532785898,45880.0502356,1,0,0
9,persistent_trough__capacity_45__stage1_only,persistent_trough,shared_keeper_capacity_high,45,stage1_only,keeper_profit_dai,128,99689.1229708,4615.77790604,90642.198275,108736.047667,82498.6892431,30477.1742782,61640.5067078,127891.831211,182728.42928,202246.057622,17078.5029951,234588.902439,1,0,0
9,persistent_trough__capacity_45__stage1_only,persistent_trough,shared_keeper_capacity_high,45,stage1_only,recovered_before_execution_count,128,0,0,0,0,0,0,0,0,0,0,0,0,0,0,0
9,persistent_trough__capacity_45__stage1_only,persistent_trough,shared_keeper_capacity_high,45,stage1_only,recovered_before_closure_count,128,0,0,0,0,0,0,0,0,0,0,0,0,0,0,0
9,persistent_trough__capacity_45__stage1_only,persistent_trough,shared_keeper_capacity_high,45,stage1_only,minimum_dai_price,128,0.99589887162,0.000107618453343,0.995687939452,0.996109803789,0.996083449013,0.994214415089,0.995372580456,0.99663541423,0.997115656652,0.997286505724,0.987714822789,0.998047215903,1,0,0
9,persistent_trough__capacity_45__stage1_only,persistent_trough,shared_keeper_capacity_high,45,stage1_only,maximum_negative_peg_deviation,128,0.00410112837967,0.000107618453343,0.00389019621111,0.00431206054822,0.00391655098666,0.00271349427578,0.00336458577028,0.00462741954368,0.00554971726378,0.00578558491057,0.00195278409654,0.0122851772106,1,0,0
9,persistent_trough__capacity_45__stage1_only,persistent_trough,shared_keeper_capacity_high,45,stage1_only,mean_absolute_peg_deviation,128,0.000599069720032,7.55931884015e-06,0.000584253455105,0.000613885984958,0.000593709976874,0.000479242323426,0.000536815718169,0.000654766512953,0.000715557446853,0.000759179030332,0.000403395132484,0.000806803799634,1,0,0
9,persistent_trough__capacity_45__stage1_only,persistent_trough,shared_keeper_capacity_high,45,stage1_only,hours_below_0995,128,0.3359375,0.0703944732135,0.197964332502,0.473910667498,0,0,0,0,1.3,2,0,5,0.1953125,0,0
9,persistent_trough__capacity_45__stage1_only,persistent_trough,shared_keeper_capacity_high,45,stage1_only,hours_above_1005,128,0.0546875,0.0338415456991,-0.0116419295703,0.12101692957,0,0,0,0,0,0,0,4,0.03125,0,0
9,persistent_trough__capacity_45__stage1_only,persistent_trough,shared_keeper_capacity_high,45,stage1_only,first_return_time,128,77.9375,16.2659928494,46.0561540152,109.818845985,0,0,0,0,415.8,559.3,0,700,0.2265625,0,0
9,persistent_trough__capacity_45__stage1_only,persistent_trough,shared_keeper_capacity_high,45,stage1_only,failed_recovery_attempts,128,0.0234375,0.0134246757153,-0.00287486440199,0.049749864402,0,0,0,0,0,0,0,1,0.0234375,0,0
9,persistent_trough__capacity_45__stage1_only,persistent_trough,shared_keeper_capacity_high,45,stage1_only,recovery_probability_168h,128,0.8359375,0.0328616757488,0.771528615532,0.900346384468,1,0,1,1,1,1,0,1,0.8359375,0,0
9,persistent_trough__capacity_45__stage1_only,persistent_trough,shared_keeper_capacity_high,45,stage1_only,recovery_probability_336h,128,0.8828125,0.0285412520685,0.826871645946,0.938753354054,1,0,1,1,1,1,0,1,0.8828125,0,0
9,persistent_trough__capacity_45__stage1_only,persistent_trough,shared_keeper_capacity_high,45,stage1_only,recovery_probability_720h,128,0.984375,0.0110049592883,0.962805279795,1.00594472021,1,1,1,1,1,1,0,1,0.984375,0,0
9,persistent_trough__capacity_45__stage1_only,persistent_trough,shared_keeper_capacity_high,45,stage1_only,final_dai_price,128,0.999916082633,7.66447477068e-05,0.999765858928,1.00006630634,0.999826174005,0.998783319315,0.999395002762,1.00036523351,1.00101899435,1.00168594523,0.997353376921,1.00258834649,1,0,0
9,persistent_trough__capacity_45__stage1_only,persistent_trough,shared_keeper_capacity_high,45,stage1_only,final_peg_band_status,128,1,0,1,1,1,1,1,1,1,1,1,1,1,0,0
9,persistent_trough__capacity_45__stage1_only,persistent_trough,shared_keeper_capacity_high,45,stage1_only,minimum_confidence,128,1,0,1,1,1,1,1,1,1,1,1,1,1,0,0
9,persistent_trough__capacity_45__stage1_only,persistent_trough,shared_keeper_capacity_high,45,stage1_only,mean_confidence_loss,128,0,0,0,0,0,0,0,0,0,0,0,0,0,0,0
9,persistent_trough__capacity_45__stage1_only,persistent_trough,shared_keeper_capacity_high,45,stage1_only,confidence_at_horizon,128,1,0,1,1,1,1,1,1,1,1,1,1,1,0,0
9,persistent_trough__capacity_45__stage1_only,persistent_trough,shared_keeper_capacity_high,45,stage1_only,hours_at_confidence_floor,128,0,0,0,0,0,0,0,0,0,0,0,0,0,0,0
9,persistent_trough__capacity_45__stage1_only,persistent_trough,shared_keeper_capacity_high,45,stage1_only,hours_recovery_gate_closed,128,0,0,0,0,0,0,0,0,0,0,0,0,0,0,0
9,persistent_trough__capacity_45__stage1_only,persistent_trough,shared_keeper_capacity_high,45,stage1_only,first_recovery_gate_open,128,720,0,720,720,720,720,720,720,720,720,720,720,1,0,0
9,persistent_trough__capacity_45__stage1_only,persistent_trough,shared_keeper_capacity_high,45,stage1_only,recovery_gate_reopenings,128,0,0,0,0,0,0,0,0,0,0,0,0,0,0,0
9,persistent_trough__capacity_45__stage1_only,persistent_trough,shared_keeper_capacity_high,45,stage1_only,cumulative_panic_contribution,128,0,0,0,0,0,0,0,0,0,0,0,0,0,0,0
9,persistent_trough__capacity_45__stage1_only,persistent_trough,shared_keeper_capacity_high,45,stage1_only,maximum_panic_contribution,128,0,0,0,0,0,0,0,0,0,0,0,0,0,0,0
10,persistent_trough__capacity_45__confidence_resilient,persistent_trough,shared_keeper_capacity_high,45,confidence_resilient,backlog_area_dai_hours,128,3135140.90881,224790.255745,2694552.00755,3575729.81007,2136778.62371,570611.555232,1454208.37414,4308392.56797,6398324.73745,7832913.77256,146485.747117,16984270.538,1,0,0
10,persistent_trough__capacity_45__confidence_resilient,persistent_trough,shared_keeper_capacity_high,45,confidence_resilient,maximum_unresolved_tab_dai,128,587535.697682,37137.551884,514746.09599,660325.299375,492128.713433,63971.7447045,255886.291041,870649.201901,1221538.74142,1398865.45285,22438.6089793,1770834.97455,1,0,0
10,persistent_trough__capacity_45__confidence_resilient,persistent_trough,shared_keeper_capacity_high,45,confidence_resilient,cumulative_realised_bad_debt_dai,128,9.38302170336e-13,3.96020605708e-13,1.62101783149e-13,1.71450255752e-12,1.58206781009e-14,0,0,1.58206781009e-13,5.55305801342e-13,1.87949655839e-12,0,3.24323901069e-11,0.5234375,0,0
10,persistent_trough__capacity_45__confidence_resilient,persistent_trough,shared_keeper_capacity_high,45,confidence_resilient,below_peg_burden,128,243.641172322,6.04253277415,231.797808085,255.48453656,263.99160252,5.83497484756,247.0215571,275.096766369,284.490625856,289.425272757,0.279451645389,319.419230775,1,0,0
10,persistent_trough__capacity_45__confidence_resilient,persistent_trough,shared_keeper_capacity_high,45,confidence_resilient,restricted_mean_recovery_time,128,670.328125,15.4925294313,639.962767315,700.693482685,720,98.15,720,720,720,720,0,720,0.9609375,118,0
10,persistent_trough__capacity_45__confidence_resilient,persistent_trough,shared_keeper_capacity_high,45,confidence_resilient,unsafe_vault_count,128,137.671875,0.881382052638,135.944366177,139.399383823,138,122,131,144.25,150,152,104,156,1,0,0
10,persistent_trough__capacity_45__confidence_resilient,persistent_trough,shared_keeper_capacity_high,45,confidence_resilient,peak_unsafe_share,128,0.27534375,0.00176276410528,0.271888732354,0.278798767646,0.276,0.244,0.262,0.2885,0.3,0.304,0.208,0.312,1,0,0
10,persistent_trough__capacity_45__confidence_resilient,persistent_trough,shared_keeper_capacity_high,45,confidence_resilient,newly_unsafe_count,128,137.671875,0.881382052638,135.944366177,139.399383823,138,122,131,144.25,150,152,104,156,1,0,0
10,persistent_trough__capacity_45__confidence_resilient,persistent_trough,shared_keeper_capacity_high,45,confidence_resilient,cumulative_arrival_count,128,516.8046875,47.6022302537,423.504316203,610.105058797,266.5,134.75,161.75,601.25,1242.7,1697.15,121,2597,1,0,0
10,persistent_trough__capacity_45__confidence_resilient,persistent_trough,shared_keeper_capacity_high,45,confidence_resilient,cumulative_attempts,128,316.140625,23.4790248534,270.121736287,362.159513713,176.5,126.35,144,433,652.1,925.3,117,1445,1,0,0
10,persistent_trough__capacity_45__confidence_resilient,persistent_trough,shared_keeper_capacity_high,45,confidence_resilient,cumulative_successful_closures,128,137.5625,0.885743243,135.826443244,139.298556756,138,122,131,144.25,150,152,104,156,1,0,0
10,persistent_trough__capacity_45__confidence_resilient,persistent_trough,shared_keeper_capacity_high,45,confidence_resilient,cumulative_capacity_rejected,128,0.1484375,0.0315484639797,0.0866025105998,0.2102724894,0,0,0,0,1,1,0,1,0.1484375,0,0
10,persistent_trough__capacity_45__confidence_resilient,persistent_trough,shared_keeper_capacity_high,45,confidence_resilient,cumulative_unprofitable_attempts,128,178.578125,23.4736685738,132.569734595,224.586515405,36.5,0,5.75,292,504.3,788.4,0,1315,0.828125,0,0
10,persistent_trough__capacity_45__confidence_resilient,persistent_trough,shared_keeper_capacity_high,45,confidence_resilient,binding_hours,128,0.1484375,0.0315484639797,0.0866025105998,0.2102724894,0,0,0,0,1,1,0,1,0.1484375,0,0
10,persistent_trough__capacity_45__confidence_resilient,persistent_trough,shared_keeper_capacity_high,45,confidence_resilient,positive_demand_hours,128,51.9921875,4.79504255272,42.5939040967,61.3904709033,26.5,10.35,15.75,57.75,124.4,162.25,9,271,1,0,0
10,persistent_trough__capacity_45__confidence_resilient,persistent_trough,shared_keeper_capacity_high,45,confidence_resilient,mean_capacity_utilisation,128,0.174276109235,0.00598962953811,0.16253643534,0.18601578313,0.164664867296,0.0813266505104,0.123873727529,0.212451647326,0.264273504274,0.320787878788,0.0571736785329,0.353086419753,1,0,0
10,persistent_trough__capacity_45__confidence_resilient,persistent_trough,shared_keeper_capacity_high,45,confidence_resilient,maximum_capacity_utilisation,128,0.776909722222,0.018011171546,0.741607825992,0.812211618452,0.855555555556,0.496666666667,0.577777777778,1,1,1,0.422222222222,1,1,0,0
10,persistent_trough__capacity_45__confidence_resilient,persistent_trough,shared_keeper_capacity_high,45,confidence_resilient,maximum_attempts_one_hour,128,34.9609375,0.810502719572,33.3723521696,36.5495228304,38.5,22.35,26,45,45,45,19,45,1,0,0
10,persistent_trough__capacity_45__confidence_resilient,persistent_trough,shared_keeper_capacity_high,45,confidence_resilient,cumulative_debt_repaid_dai,128,779209.475697,35489.5635513,709649.931136,848769.020258,645322.436071,249250.190294,487648.303168,993450.268718,1409912.11335,1567250.54229,140986.892403,1820614.20051,1,0,0
10,persistent_trough__capacity_45__confidence_resilient,persistent_trough,shared_keeper_capacity_high,45,confidence_resilient,completed_liquidation_count,128,137.5625,0.885743243,135.826443244,139.298556756,138,122,131,144.25,150,152,104,156,1,0,0
10,persistent_trough__capacity_45__confidence_resilient,persistent_trough,shared_keeper_capacity_high,45,confidence_resilient,unresolved_vault_count,128,0.109375,0.0639443107475,-0.015955849065,0.234705849065,0,0,0,0,0,0,0,6,0.0234375,0,0
10,persistent_trough__capacity_45__confidence_resilient,persistent_trough,shared_keeper_capacity_high,45,confidence_resilient,unresolved_tab_at_horizon_dai,128,2.07463371219,1.1910838435,-0.259890621082,4.40915804546,0,0,0,0,0,0,0,95.1272484843,0.0234375,0,0
10,persistent_trough__capacity_45__confidence_resilient,persistent_trough,shared_keeper_capacity_high,45,confidence_resilient,maximum_backlog_duration,128,149.625,13.8447967002,122.489198468,176.760801532,86,25.7,46.75,172.5,354.6,486.2,12,720,1,0,0
10,persistent_trough__capacity_45__confidence_resilient,persistent_trough,shared_keeper_capacity_high,45,confidence_resilient,active_bad_debt_at_horizon_dai,128,0,0,0,0,0,0,0,0,0,0,0,0,0,0,0
10,persistent_trough__capacity_45__confidence_resilient,persistent_trough,shared_keeper_capacity_high,45,confidence_resilient,maximum_active_bad_debt_dai,128,6045.83748629,666.547283988,4739.40480967,7352.2701629,2409.82307206,318.342573063,933.645843112,9789.07703546,17220.9979995,21448.939645,108.532785898,45880.0502356,1,0,0
10,persistent_trough__capacity_45__confidence_resilient,persistent_trough,shared_keeper_capacity_high,45,confidence_resilient,keeper_profit_dai,128,99689.1229708,4615.77790604,90642.198275,108736.047667,82498.6892431,30477.1742782,61640.5067078,127891.831211,182728.42928,202246.057622,17078.5029951,234588.902439,1,0,0
10,persistent_trough__capacity_45__confidence_resilient,persistent_trough,shared_keeper_capacity_high,45,confidence_resilient,recovered_before_execution_count,128,0,0,0,0,0,0,0,0,0,0,0,0,0,0,0
10,persistent_trough__capacity_45__confidence_resilient,persistent_trough,shared_keeper_capacity_high,45,confidence_resilient,recovered_before_closure_count,128,0,0,0,0,0,0,0,0,0,0,0,0,0,0,0
10,persistent_trough__capacity_45__confidence_resilient,persistent_trough,shared_keeper_capacity_high,45,confidence_resilient,minimum_dai_price,128,0.528214907077,0.0100292047489,0.508557665769,0.547872148385,0.5,0.5,0.5,0.5,0.5,0.870880025984,0.5,0.996322255574,1,0,0
10,persistent_trough__capacity_45__confidence_resilient,persistent_trough,shared_keeper_capacity_high,45,confidence_resilient,maximum_negative_peg_deviation,128,0.471785092923,0.0100292047489,0.452127851615,0.491442334231,0.5,0.129119974016,0.5,0.5,0.5,0.5,0.00367774442647,0.5,1,0,0
10,persistent_trough__capacity_45__confidence_resilient,persistent_trough,shared_keeper_capacity_high,45,confidence_resilient,mean_absolute_peg_deviation,128,0.338413787754,0.00838762226628,0.321974048112,0.354853527396,0.366656076339,0.00828314987498,0.343091493053,0.382078907986,0.395125991114,0.401979545495,0.00056878383518,0.443637820521,1,0,0
10,persistent_trough__capacity_45__confidence_resilient,persistent_trough,shared_keeper_capacity_high,45,confidence_resilient,hours_below_0995,128,623.7421875,14.623255356,595.080607002,652.403767998,674,62.05,647.75,694.25,705,710.65,0,720,0.9609375,0,0
10,persistent_trough__capacity_45__confidence_resilient,persistent_trough,shared_keeper_capacity_high,45,confidence_resilient,hours_above_1005,128,0.0078125,0.0078125,-0.0075,0.023125,0,0,0,0,0,0,0,1,0.0078125,0,0
10,persistent_trough__capacity_45__confidence_resilient,persistent_trough,shared_keeper_capacity_high,45,confidence_resilient,first_return_time,128,412.0703125,29.5080797348,354.23447622,469.90614878,720,8.35,48,720,720,720,0,720,0.9609375,0,0
10,persistent_trough__capacity_45__confidence_resilient,persistent_trough,shared_keeper_capacity_high,45,confidence_resilient,failed_recovery_attempts,128,0.671875,0.113717912646,0.448987891214,0.894762108786,0,0,0,1,2,2,0,8,0.390625,0,0
10,persistent_trough__capacity_45__confidence_resilient,persistent_trough,shared_keeper_capacity_high,45,confidence_resilient,recovery_probability_168h,128,0.0703125,0.0226873047756,0.0258453826398,0.11477961736,0,0,0,0,0,1,0,1,0.0703125,0,0
10,persistent_trough__capacity_45__confidence_resilient,persistent_trough,shared_keeper_capacity_high,45,confidence_resilient,recovery_probability_336h,128,0.0703125,0.0226873047756,0.0258453826398,0.11477961736,0,0,0,0,0,1,0,1,0.0703125,0,0
10,persistent_trough__capacity_45__confidence_resilient,persistent_trough,shared_keeper_capacity_high,45,confidence_resilient,recovery_probability_720h,128,0.078125,0.0238138258616,0.0314499013113,0.124800098689,0,0,0,0,0,1,0,1,0.078125,0,0
10,persistent_trough__capacity_45__confidence_resilient,persistent_trough,shared_keeper_capacity_high,45,confidence_resilient,final_dai_price,128,0.528514106266,0.0101388510364,0.508641958235,0.548386254298,0.5,0.5,0.5,0.5,0.5,0.875869603993,0.5,1.00192711687,1,0,0
10,persistent_trough__capacity_45__confidence_resilient,persistent_trough,shared_keeper_capacity_high,45,confidence_resilient,final_peg_band_status,128,0.0546875,0.0201757586952,0.0151430129574,0.0942319870426,0,0,0,0,0,0.65,0,1,0.0546875,0,0
10,persistent_trough__capacity_45__confidence_resilient,persistent_trough,shared_keeper_capacity_high,45,confidence_resilient,minimum_confidence,128,0.75,0,0.75,0.75,0.75,0.75,0.75,0.75,0.75,0.75,0.75,0.75,1,0,0
10,persistent_trough__capacity_45__confidence_resilient,persistent_trough,shared_keeper_capacity_high,45,confidence_resilient,mean_confidence_loss,128,0.236295405104,0.00419641838497,0.22807042507,0.244520385139,0.249829286937,0.0825421641964,0.249794915255,0.249882000148,0.249924199058,0.249953141247,0.0355198368627,0.25,1,0,0
10,persistent_trough__capacity_45__confidence_resilient,persistent_trough,shared_keeper_capacity_high,45,confidence_resilient,confidence_at_horizon,128,0.762999575729,0.00479955038746,0.753592456969,0.772406694488,0.75,0.75,0.75,0.75,0.75,0.895726654536,0.75,0.999568278548,1,0,0
10,persistent_trough__capacity_45__confidence_resilient,persistent_trough,shared_keeper_capacity_high,45,confidence_resilient,hours_at_confidence_floor,128,673.6953125,13.5730088672,647.09221512,700.29840988,718,171.35,718,719,719,719,35,720,1,0,0
10,persistent_trough__capacity_45__confidence_resilient,persistent_trough,shared_keeper_capacity_high,45,confidence_resilient,hours_recovery_gate_closed,128,674.5859375,13.4742597242,648.176388441,700.995486559,719,177.25,719,719,719,719,35,720,1,0,0
10,persistent_trough__capacity_45__confidence_resilient,persistent_trough,shared_keeper_capacity_high,45,confidence_resilient,first_recovery_gate_open,128,16.875,9.66576651502,-2.06990236943,35.8199023694,0,0,0,0,0,0,0,720,0.0234375,0,0
10,persistent_trough__capacity_45__confidence_resilient,persistent_trough,shared_keeper_capacity_high,45,confidence_resilient,recovery_gate_reopenings,128,0.140625,0.0346068594283,0.0727955555206,0.208454444479,0,0,0,0,1,1,0,2,0.125,0,0
10,persistent_trough__capacity_45__confidence_resilient,persistent_trough,shared_keeper_capacity_high,45,confidence_resilient,cumulative_panic_contribution,128,41.8610938964,1.0395071637,39.8236598555,43.8985279373,45.3623849254,0.946230373523,42.4405339719,47.2743948734,48.8914691846,49.7410405344,0.0156075292036,54.9097693177,1,0,0
10,persistent_trough__capacity_45__confidence_resilient,persistent_trough,shared_keeper_capacity_high,45,confidence_resilient,maximum_panic_contribution,128,0.0812017293568,0.00173124895432,0.0778084814064,0.0845949773073,0.086079375,0.0217705346648,0.086079375,0.086079375,0.086079375,0.086079375,0.000340291041585,0.086079375,1,0,0
11,persistent_trough__capacity_45__confidence_central,persistent_trough,shared_keeper_capacity_high,45,confidence_central,backlog_area_dai_hours,128,3135140.90881,224790.255745,2694552.00755,3575729.81007,2136778.62371,570611.555232,1454208.37414,4308392.56797,6398324.73745,7832913.77256,146485.747117,16984270.538,1,0,0
11,persistent_trough__capacity_45__confidence_central,persistent_trough,shared_keeper_capacity_high,45,confidence_central,maximum_unresolved_tab_dai,128,587535.697682,37137.551884,514746.09599,660325.299375,492128.713433,63971.7447045,255886.291041,870649.201901,1221538.74142,1398865.45285,22438.6089793,1770834.97455,1,0,0
11,persistent_trough__capacity_45__confidence_central,persistent_trough,shared_keeper_capacity_high,45,confidence_central,cumulative_realised_bad_debt_dai,128,9.38302170336e-13,3.96020605708e-13,1.62101783149e-13,1.71450255752e-12,1.58206781009e-14,0,0,1.58206781009e-13,5.55305801342e-13,1.87949655839e-12,0,3.24323901069e-11,0.5234375,0,0
11,persistent_trough__capacity_45__confidence_central,persistent_trough,shared_keeper_capacity_high,45,confidence_central,below_peg_burden,128,353.881025398,0.486241914916,352.927991244,354.834059551,354.185966833,343.432088004,352.768556789,356.466183172,360,360,323.206783431,360,1,0,0
11,persistent_trough__capacity_45__confidence_central,persistent_trough,shared_keeper_capacity_high,45,confidence_central,restricted_mean_recovery_time,128,720,0,720,720,720,720,720,720,720,720,720,720,1,128,0
11,persistent_trough__capacity_45__confidence_central,persistent_trough,shared_keeper_capacity_high,45,confidence_central,unsafe_vault_count,128,137.671875,0.881382052638,135.944366177,139.399383823,138,122,131,144.25,150,152,104,156,1,0,0
11,persistent_trough__capacity_45__confidence_central,persistent_trough,shared_keeper_capacity_high,45,confidence_central,peak_unsafe_share,128,0.27534375,0.00176276410528,0.271888732354,0.278798767646,0.276,0.244,0.262,0.2885,0.3,0.304,0.208,0.312,1,0,0
11,persistent_trough__capacity_45__confidence_central,persistent_trough,shared_keeper_capacity_high,45,confidence_central,newly_unsafe_count,128,137.671875,0.881382052638,135.944366177,139.399383823,138,122,131,144.25,150,152,104,156,1,0,0
11,persistent_trough__capacity_45__confidence_central,persistent_trough,shared_keeper_capacity_high,45,confidence_central,cumulative_arrival_count,128,516.8046875,47.6022302537,423.504316203,610.105058797,266.5,134.75,161.75,601.25,1242.7,1697.15,121,2597,1,0,0
11,persistent_trough__capacity_45__confidence_central,persistent_trough,shared_keeper_capacity_high,45,confidence_central,cumulative_attempts,128,316.140625,23.4790248534,270.121736287,362.159513713,176.5,126.35,144,433,652.1,925.3,117,1445,1,0,0
11,persistent_trough__capacity_45__confidence_central,persistent_trough,shared_keeper_capacity_high,45,confidence_central,cumulative_successful_closures,128,137.5625,0.885743243,135.826443244,139.298556756,138,122,131,144.25,150,152,104,156,1,0,0
11,persistent_trough__capacity_45__confidence_central,persistent_trough,shared_keeper_capacity_high,45,confidence_central,cumulative_capacity_rejected,128,0.1484375,0.0315484639797,0.0866025105998,0.2102724894,0,0,0,0,1,1,0,1,0.1484375,0,0
11,persistent_trough__capacity_45__confidence_central,persistent_trough,shared_keeper_capacity_high,45,confidence_central,cumulative_unprofitable_attempts,128,178.578125,23.4736685738,132.569734595,224.586515405,36.5,0,5.75,292,504.3,788.4,0,1315,0.828125,0,0
11,persistent_trough__capacity_45__confidence_central,persistent_trough,shared_keeper_capacity_high,45,confidence_central,binding_hours,128,0.1484375,0.0315484639797,0.0866025105998,0.2102724894,0,0,0,0,1,1,0,1,0.1484375,0,0
11,persistent_trough__capacity_45__confidence_central,persistent_trough,shared_keeper_capacity_high,45,confidence_central,positive_demand_hours,128,51.9921875,4.79504255272,42.5939040967,61.3904709033,26.5,10.35,15.75,57.75,124.4,162.25,9,271,1,0,0
11,persistent_trough__capacity_45__confidence_central,persistent_trough,shared_keeper_capacity_high,45,confidence_central,mean_capacity_utilisation,128,0.174276109235,0.00598962953811,0.16253643534,0.18601578313,0.164664867296,0.0813266505104,0.123873727529,0.212451647326,0.264273504274,0.320787878788,0.0571736785329,0.353086419753,1,0,0
11,persistent_trough__capacity_45__confidence_central,persistent_trough,shared_keeper_capacity_high,45,confidence_central,maximum_capacity_utilisation,128,0.776909722222,0.018011171546,0.741607825992,0.812211618452,0.855555555556,0.496666666667,0.577777777778,1,1,1,0.422222222222,1,1,0,0
11,persistent_trough__capacity_45__confidence_central,persistent_trough,shared_keeper_capacity_high,45,confidence_central,maximum_attempts_one_hour,128,34.9609375,0.810502719572,33.3723521696,36.5495228304,38.5,22.35,26,45,45,45,19,45,1,0,0
11,persistent_trough__capacity_45__confidence_central,persistent_trough,shared_keeper_capacity_high,45,confidence_central,cumulative_debt_repaid_dai,128,779209.475697,35489.5635513,709649.931136,848769.020258,645322.436071,249250.190294,487648.303168,993450.268718,1409912.11335,1567250.54229,140986.892403,1820614.20051,1,0,0
11,persistent_trough__capacity_45__confidence_central,persistent_trough,shared_keeper_capacity_high,45,confidence_central,completed_liquidation_count,128,137.5625,0.885743243,135.826443244,139.298556756,138,122,131,144.25,150,152,104,156,1,0,0
11,persistent_trough__capacity_45__confidence_central,persistent_trough,shared_keeper_capacity_high,45,confidence_central,unresolved_vault_count,128,0.109375,0.0639443107475,-0.015955849065,0.234705849065,0,0,0,0,0,0,0,6,0.0234375,0,0
11,persistent_trough__capacity_45__confidence_central,persistent_trough,shared_keeper_capacity_high,45,confidence_central,unresolved_tab_at_horizon_dai,128,2.07463371219,1.1910838435,-0.259890621082,4.40915804546,0,0,0,0,0,0,0,95.1272484843,0.0234375,0,0
11,persistent_trough__capacity_45__confidence_central,persistent_trough,shared_keeper_capacity_high,45,confidence_central,maximum_backlog_duration,128,149.625,13.8447967002,122.489198468,176.760801532,86,25.7,46.75,172.5,354.6,486.2,12,720,1,0,0
11,persistent_trough__capacity_45__confidence_central,persistent_trough,shared_keeper_capacity_high,45,confidence_central,active_bad_debt_at_horizon_dai,128,0,0,0,0,0,0,0,0,0,0,0,0,0,0,0
11,persistent_trough__capacity_45__confidence_central,persistent_trough,shared_keeper_capacity_high,45,confidence_central,maximum_active_bad_debt_dai,128,6045.83748629,666.547283988,4739.40480967,7352.2701629,2409.82307206,318.342573063,933.645843112,9789.07703546,17220.9979995,21448.939645,108.532785898,45880.0502356,1,0,0
11,persistent_trough__capacity_45__confidence_central,persistent_trough,shared_keeper_capacity_high,45,confidence_central,keeper_profit_dai,128,99689.1229708,4615.77790604,90642.198275,108736.047667,82498.6892431,30477.1742782,61640.5067078,127891.831211,182728.42928,202246.057622,17078.5029951,234588.902439,1,0,0
11,persistent_trough__capacity_45__confidence_central,persistent_trough,shared_keeper_capacity_high,45,confidence_central,recovered_before_execution_count,128,0,0,0,0,0,0,0,0,0,0,0,0,0,0,0
11,persistent_trough__capacity_45__confidence_central,persistent_trough,shared_keeper_capacity_high,45,confidence_central,recovered_before_closure_count,128,0,0,0,0,0,0,0,0,0,0,0,0,0,0,0
11,persistent_trough__capacity_45__confidence_central,persistent_trough,shared_keeper_capacity_high,45,confidence_central,minimum_dai_price,128,0.5,0,0.5,0.5,0.5,0.5,0.5,0.5,0.5,0.5,0.5,0.5,1,0,0
11,persistent_trough__capacity_45__confidence_central,persistent_trough,shared_keeper_capacity_high,45,confidence_central,maximum_negative_peg_deviation,128,0.5,0,0.5,0.5,0.5,0.5,0.5,0.5,0.5,0.5,0.5,0.5,1,0,0
11,persistent_trough__capacity_45__confidence_central,persistent_trough,shared_keeper_capacity_high,45,confidence_central,mean_absolute_peg_deviation,128,0.491503839412,0.000674819826045,0.490181192553,0.492826486271,0.491924953935,0.477010621532,0.489956541379,0.495091921072,0.5,0.5,0.448922909769,0.5,1,0,0
11,persistent_trough__capacity_45__confidence_central,persistent_trough,shared_keeper_capacity_high,45,confidence_central,hours_below_0995,128,713.8046875,0.842262913333,712.15385219,715.45552281,716,695.05,713,720,720,720,654,720,1,0,0
11,persistent_trough__capacity_45__confidence_central,persistent_trough,shared_keeper_capacity_high,45,confidence_central,hours_above_1005,128,0,0,0,0,0,0,0,0,0,0,0,0,0,0,0
11,persistent_trough__capacity_45__confidence_central,persistent_trough,shared_keeper_capacity_high,45,confidence_central,first_return_time,128,714.390625,5.609375,703.39625,725.385,720,720,720,720,720,720,2,720,1,0,0
11,persistent_trough__capacity_45__confidence_central,persistent_trough,shared_keeper_capacity_high,45,confidence_central,failed_recovery_attempts,128,0.0078125,0.0078125,-0.0075,0.023125,0,0,0,0,0,0,0,1,0.0078125,0,0
11,persistent_trough__capacity_45__confidence_central,persistent_trough,shared_keeper_capacity_high,45,confidence_central,recovery_probability_168h,128,0,0,0,0,0,0,0,0,0,0,0,0,0,0,0
11,persistent_trough__capacity_45__confidence_central,persistent_trough,shared_keeper_capacity_high,45,confidence_central,recovery_probability_336h,128,0,0,0,0,0,0,0,0,0,0,0,0,0,0,0
11,persistent_trough__capacity_45__confidence_central,persistent_trough,shared_keeper_capacity_high,45,confidence_central,recovery_probability_720h,128,0,0,0,0,0,0,0,0,0,0,0,0,0,0,0
11,persistent_trough__capacity_45__confidence_central,persistent_trough,shared_keeper_capacity_high,45,confidence_central,final_dai_price,128,0.5,0,0.5,0.5,0.5,0.5,0.5,0.5,0.5,0.5,0.5,0.5,1,0,0
11,persistent_trough__capacity_45__confidence_central,persistent_trough,shared_keeper_capacity_high,45,confidence_central,final_peg_band_status,128,0,0,0,0,0,0,0,0,0,0,0,0,0,0,0
11,persistent_trough__capacity_45__confidence_central,persistent_trough,shared_keeper_capacity_high,45,confidence_central,minimum_confidence,128,0.5,0,0.5,0.5,0.5,0.5,0.5,0.5,0.5,0.5,0.5,0.5,1,0,0
11,persistent_trough__capacity_45__confidence_central,persistent_trough,shared_keeper_capacity_high,45,confidence_central,mean_confidence_loss,128,0.499644571375,2.18025326115e-05,0.499601838411,0.499687304339,0.499600075454,0.499312537394,0.499422754112,0.5,0.5,0.5,0.499305659119,0.5,1,0,0
11,persistent_trough__capacity_45__confidence_central,persistent_trough,shared_keeper_capacity_high,45,confidence_central,confidence_at_horizon,128,0.5,0,0.5,0.5,0.5,0.5,0.5,0.5,0.5,0.5,0.5,0.5,1,0,0
11,persistent_trough__capacity_45__confidence_central,persistent_trough,shared_keeper_capacity_high,45,confidence_central,hours_at_confidence_floor,128,715.953125,0.714364993799,714.552969612,717.353280388,718,707.35,716,720,720,720,661,720,1,0,0
11,persistent_trough__capacity_45__confidence_central,persistent_trough,shared_keeper_capacity_high,45,confidence_central,hours_recovery_gate_closed,128,719.2578125,0.0388156570856,719.181733812,719.333891188,719,719,719,720,720,720,719,720,1,0,0
11,persistent_trough__capacity_45__confidence_central,persistent_trough,shared_keeper_capacity_high,45,confidence_central,first_recovery_gate_open,128,185.625,27.9472731017,130.848344721,240.401655279,0,0,0,720,720,720,0,720,0.2578125,0,0
11,persistent_trough__capacity_45__confidence_central,persistent_trough,shared_keeper_capacity_high,45,confidence_central,recovery_gate_reopenings,128,0,0,0,0,0,0,0,0,0,0,0,0,0,0,0
11,persistent_trough__capacity_45__confidence_central,persistent_trough,shared_keeper_capacity_high,45,confidence_central,cumulative_panic_contribution,128,243.418834527,0.341717873976,242.749067494,244.08860156,243.560875049,236.155029351,242.584581788,245.134627494,247.9086,247.9086,222.227185808,247.9086,1,0,0
11,persistent_trough__capacity_45__confidence_central,persistent_trough,shared_keeper_capacity_high,45,confidence_central,maximum_panic_contribution,128,0.3443175,9.85163627805e-18,0.3443175,0.3443175,0.3443175,0.3443175,0.3443175,0.3443175,0.3443175,0.3443175,0.3443175,0.3443175,1,0,0
12,persistent_trough__capacity_45__confidence_fragile,persistent_trough,shared_keeper_capacity_high,45,confidence_fragile,backlog_area_dai_hours,128,3135140.90881,224790.255745,2694552.00755,3575729.81007,2136778.62371,570611.555232,1454208.37414,4308392.56797,6398324.73745,7832913.77256,146485.747117,16984270.538,1,0,0
12,persistent_trough__capacity_45__confidence_fragile,persistent_trough,shared_keeper_capacity_high,45,confidence_fragile,maximum_unresolved_tab_dai,128,587535.697682,37137.551884,514746.09599,660325.299375,492128.713433,63971.7447045,255886.291041,870649.201901,1221538.74142,1398865.45285,22438.6089793,1770834.97455,1,0,0
12,persistent_trough__capacity_45__confidence_fragile,persistent_trough,shared_keeper_capacity_high,45,confidence_fragile,cumulative_realised_bad_debt_dai,128,9.38302170336e-13,3.96020605708e-13,1.62101783149e-13,1.71450255752e-12,1.58206781009e-14,0,0,1.58206781009e-13,5.55305801342e-13,1.87949655839e-12,0,3.24323901069e-11,0.5234375,0,0
12,persistent_trough__capacity_45__confidence_fragile,persistent_trough,shared_keeper_capacity_high,45,confidence_fragile,below_peg_burden,128,357.573912255,0.335146622484,356.917024875,358.230799635,358.947766195,352.294453547,356.583671941,360,360,360,336.231624295,360,1,0,0
12,persistent_trough__capacity_45__confidence_fragile,persistent_trough,shared_keeper_capacity_high,45,confidence_fragile,restricted_mean_recovery_time,128,720,0,720,720,720,720,720,720,720,720,720,720,1,128,0
12,persistent_trough__capacity_45__confidence_fragile,persistent_trough,shared_keeper_capacity_high,45,confidence_fragile,unsafe_vault_count,128,137.671875,0.881382052638,135.944366177,139.399383823,138,122,131,144.25,150,152,104,156,1,0,0
12,persistent_trough__capacity_45__confidence_fragile,persistent_trough,shared_keeper_capacity_high,45,confidence_fragile,peak_unsafe_share,128,0.27534375,0.00176276410528,0.271888732354,0.278798767646,0.276,0.244,0.262,0.2885,0.3,0.304,0.208,0.312,1,0,0
12,persistent_trough__capacity_45__confidence_fragile,persistent_trough,shared_keeper_capacity_high,45,confidence_fragile,newly_unsafe_count,128,137.671875,0.881382052638,135.944366177,139.399383823,138,122,131,144.25,150,152,104,156,1,0,0
12,persistent_trough__capacity_45__confidence_fragile,persistent_trough,shared_keeper_capacity_high,45,confidence_fragile,cumulative_arrival_count,128,516.8046875,47.6022302537,423.504316203,610.105058797,266.5,134.75,161.75,601.25,1242.7,1697.15,121,2597,1,0,0
12,persistent_trough__capacity_45__confidence_fragile,persistent_trough,shared_keeper_capacity_high,45,confidence_fragile,cumulative_attempts,128,316.140625,23.4790248534,270.121736287,362.159513713,176.5,126.35,144,433,652.1,925.3,117,1445,1,0,0
12,persistent_trough__capacity_45__confidence_fragile,persistent_trough,shared_keeper_capacity_high,45,confidence_fragile,cumulative_successful_closures,128,137.5625,0.885743243,135.826443244,139.298556756,138,122,131,144.25,150,152,104,156,1,0,0
12,persistent_trough__capacity_45__confidence_fragile,persistent_trough,shared_keeper_capacity_high,45,confidence_fragile,cumulative_capacity_rejected,128,0.1484375,0.0315484639797,0.0866025105998,0.2102724894,0,0,0,0,1,1,0,1,0.1484375,0,0
12,persistent_trough__capacity_45__confidence_fragile,persistent_trough,shared_keeper_capacity_high,45,confidence_fragile,cumulative_unprofitable_attempts,128,178.578125,23.4736685738,132.569734595,224.586515405,36.5,0,5.75,292,504.3,788.4,0,1315,0.828125,0,0
12,persistent_trough__capacity_45__confidence_fragile,persistent_trough,shared_keeper_capacity_high,45,confidence_fragile,binding_hours,128,0.1484375,0.0315484639797,0.0866025105998,0.2102724894,0,0,0,0,1,1,0,1,0.1484375,0,0
12,persistent_trough__capacity_45__confidence_fragile,persistent_trough,shared_keeper_capacity_high,45,confidence_fragile,positive_demand_hours,128,51.9921875,4.79504255272,42.5939040967,61.3904709033,26.5,10.35,15.75,57.75,124.4,162.25,9,271,1,0,0
12,persistent_trough__capacity_45__confidence_fragile,persistent_trough,shared_keeper_capacity_high,45,confidence_fragile,mean_capacity_utilisation,128,0.174276109235,0.00598962953811,0.16253643534,0.18601578313,0.164664867296,0.0813266505104,0.123873727529,0.212451647326,0.264273504274,0.320787878788,0.0571736785329,0.353086419753,1,0,0
12,persistent_trough__capacity_45__confidence_fragile,persistent_trough,shared_keeper_capacity_high,45,confidence_fragile,maximum_capacity_utilisation,128,0.776909722222,0.018011171546,0.741607825992,0.812211618452,0.855555555556,0.496666666667,0.577777777778,1,1,1,0.422222222222,1,1,0,0
12,persistent_trough__capacity_45__confidence_fragile,persistent_trough,shared_keeper_capacity_high,45,confidence_fragile,maximum_attempts_one_hour,128,34.9609375,0.810502719572,33.3723521696,36.5495228304,38.5,22.35,26,45,45,45,19,45,1,0,0
12,persistent_trough__capacity_45__confidence_fragile,persistent_trough,shared_keeper_capacity_high,45,confidence_fragile,cumulative_debt_repaid_dai,128,779209.475697,35489.5635513,709649.931136,848769.020258,645322.436071,249250.190294,487648.303168,993450.268718,1409912.11335,1567250.54229,140986.892403,1820614.20051,1,0,0
12,persistent_trough__capacity_45__confidence_fragile,persistent_trough,shared_keeper_capacity_high,45,confidence_fragile,completed_liquidation_count,128,137.5625,0.885743243,135.826443244,139.298556756,138,122,131,144.25,150,152,104,156,1,0,0
12,persistent_trough__capacity_45__confidence_fragile,persistent_trough,shared_keeper_capacity_high,45,confidence_fragile,unresolved_vault_count,128,0.109375,0.0639443107475,-0.015955849065,0.234705849065,0,0,0,0,0,0,0,6,0.0234375,0,0
12,persistent_trough__capacity_45__confidence_fragile,persistent_trough,shared_keeper_capacity_high,45,confidence_fragile,unresolved_tab_at_horizon_dai,128,2.07463371219,1.1910838435,-0.259890621082,4.40915804546,0,0,0,0,0,0,0,95.1272484843,0.0234375,0,0
12,persistent_trough__capacity_45__confidence_fragile,persistent_trough,shared_keeper_capacity_high,45,confidence_fragile,maximum_backlog_duration,128,149.625,13.8447967002,122.489198468,176.760801532,86,25.7,46.75,172.5,354.6,486.2,12,720,1,0,0
12,persistent_trough__capacity_45__confidence_fragile,persistent_trough,shared_keeper_capacity_high,45,confidence_fragile,active_bad_debt_at_horizon_dai,128,0,0,0,0,0,0,0,0,0,0,0,0,0,0,0
12,persistent_trough__capacity_45__confidence_fragile,persistent_trough,shared_keeper_capacity_high,45,confidence_fragile,maximum_active_bad_debt_dai,128,6045.83748629,666.547283988,4739.40480967,7352.2701629,2409.82307206,318.342573063,933.645843112,9789.07703546,17220.9979995,21448.939645,108.532785898,45880.0502356,1,0,0
12,persistent_trough__capacity_45__confidence_fragile,persistent_trough,shared_keeper_capacity_high,45,confidence_fragile,keeper_profit_dai,128,99689.1229708,4615.77790604,90642.198275,108736.047667,82498.6892431,30477.1742782,61640.5067078,127891.831211,182728.42928,202246.057622,17078.5029951,234588.902439,1,0,0
12,persistent_trough__capacity_45__confidence_fragile,persistent_trough,shared_keeper_capacity_high,45,confidence_fragile,recovered_before_execution_count,128,0,0,0,0,0,0,0,0,0,0,0,0,0,0,0
12,persistent_trough__capacity_45__confidence_fragile,persistent_trough,shared_keeper_capacity_high,45,confidence_fragile,recovered_before_closure_count,128,0,0,0,0,0,0,0,0,0,0,0,0,0,0,0
12,persistent_trough__capacity_45__confidence_fragile,persistent_trough,shared_keeper_capacity_high,45,confidence_fragile,minimum_dai_price,128,0.5,0,0.5,0.5,0.5,0.5,0.5,0.5,0.5,0.5,0.5,0.5,1,0,0
12,persistent_trough__capacity_45__confidence_fragile,persistent_trough,shared_keeper_capacity_high,45,confidence_fragile,maximum_negative_peg_deviation,128,0.5,0,0.5,0.5,0.5,0.5,0.5,0.5,0.5,0.5,0.5,0.5,1,0,0
12,persistent_trough__capacity_45__confidence_fragile,persistent_trough,shared_keeper_capacity_high,45,confidence_fragile,mean_absolute_peg_deviation,128,0.496631825651,0.000465034615586,0.495720357805,0.497543293498,0.498538564159,0.489304738335,0.495255099918,0.5,0.5,0.5,0.467009671358,0.5,1,0,0
12,persistent_trough__capacity_45__confidence_fragile,persistent_trough,shared_keeper_capacity_high,45,confidence_fragile,hours_below_0995,128,717.1796875,0.560932153759,716.080260479,718.279114521,720,708.35,717,720,720,720,678,720,1,0,0
12,persistent_trough__capacity_45__confidence_fragile,persistent_trough,shared_keeper_capacity_high,45,confidence_fragile,hours_above_1005,128,0,0,0,0,0,0,0,0,0,0,0,0,0,0,0
12,persistent_trough__capacity_45__confidence_fragile,persistent_trough,shared_keeper_capacity_high,45,confidence_fragile,first_return_time,128,720,0,720,720,720,720,720,720,720,720,720,720,1,0,0
12,persistent_trough__capacity_45__confidence_fragile,persistent_trough,shared_keeper_capacity_high,45,confidence_fragile,failed_recovery_attempts,128,0,0,0,0,0,0,0,0,0,0,0,0,0,0,0
12,persistent_trough__capacity_45__confidence_fragile,persistent_trough,shared_keeper_capacity_high,45,confidence_fragile,recovery_probability_168h,128,0,0,0,0,0,0,0,0,0,0,0,0,0,0,0
12,persistent_trough__capacity_45__confidence_fragile,persistent_trough,shared_keeper_capacity_high,45,confidence_fragile,recovery_probability_336h,128,0,0,0,0,0,0,0,0,0,0,0,0,0,0,0
12,persistent_trough__capacity_45__confidence_fragile,persistent_trough,shared_keeper_capacity_high,45,confidence_fragile,recovery_probability_720h,128,0,0,0,0,0,0,0,0,0,0,0,0,0,0,0
12,persistent_trough__capacity_45__confidence_fragile,persistent_trough,shared_keeper_capacity_high,45,confidence_fragile,final_dai_price,128,0.5,0,0.5,0.5,0.5,0.5,0.5,0.5,0.5,0.5,0.5,0.5,1,0,0
12,persistent_trough__capacity_45__confidence_fragile,persistent_trough,shared_keeper_capacity_high,45,confidence_fragile,final_peg_band_status,128,0,0,0,0,0,0,0,0,0,0,0,0,0,0,0
12,persistent_trough__capacity_45__confidence_fragile,persistent_trough,shared_keeper_capacity_high,45,confidence_fragile,minimum_confidence,128,0.255859375,0.00335616892883,0.2492812839,0.2624374661,0.25,0.25,0.25,0.25,0.25,0.25,0.25,0.5,1,0,0
12,persistent_trough__capacity_45__confidence_fragile,persistent_trough,shared_keeper_capacity_high,45,confidence_fragile,mean_confidence_loss,128,0.743374519472,0.00335075944444,0.736807030961,0.749942007983,0.75,0.745811723235,0.748859093993,0.75,0.75,0.75,0.499768659675,0.75,1,0,0
12,persistent_trough__capacity_45__confidence_fragile,persistent_trough,shared_keeper_capacity_high,45,confidence_fragile,confidence_at_horizon,128,0.255859375,0.00335616892883,0.2492812839,0.2624374661,0.25,0.25,0.25,0.25,0.25,0.25,0.25,0.5,1,0,0
12,persistent_trough__capacity_45__confidence_fragile,persistent_trough,shared_keeper_capacity_high,45,confidence_fragile,hours_at_confidence_floor,128,700.671875,9.6383363824,681.78073569,719.56301431,720,707.35,716,720,720,720,0,720,0.9765625,0,0
12,persistent_trough__capacity_45__confidence_fragile,persistent_trough,shared_keeper_capacity_high,45,confidence_fragile,hours_recovery_gate_closed,128,719.515625,0.0443461562019,719.428706534,719.602543466,720,719,719,720,720,720,719,720,1,0,0
12,persistent_trough__capacity_45__confidence_fragile,persistent_trough,shared_keeper_capacity_high,45,confidence_fragile,first_recovery_gate_open,128,371.25,31.9292324654,308.668704368,433.831295632,720,0,0,720,720,720,0,720,0.515625,0,0
12,persistent_trough__capacity_45__confidence_fragile,persistent_trough,shared_keeper_capacity_high,45,confidence_fragile,recovery_gate_reopenings,128,0,0,0,0,0,0,0,0,0,0,0,0,0,0,0
12,persistent_trough__capacity_45__confidence_fragile,persistent_trough,shared_keeper_capacity_high,45,confidence_fragile,cumulative_panic_contribution,128,549.515160523,2.76523706124,544.095295883,554.935025164,555.420837795,545.079801985,551.724799578,557.79435,557.79435,557.79435,346.794820645,557.79435,1,0,0
12,persistent_trough__capacity_45__confidence_fragile,persistent_trough,shared_keeper_capacity_high,45,confidence_fragile,maximum_panic_contribution,128,0.768661918945,0.00346676308545,0.761867063298,0.775456774593,0.774714375,0.774714375,0.774714375,0.774714375,0.774714375,0.774714375,0.51647625,0.774714375,1,0,0
13,full_week__capacity_14__stage1_only,full_week,shared_keeper_capacity_low,14,stage1_only,backlog_area_dai_hours,128,3394516.31434,221190.202827,2960983.5168,3828049.11188,2813042.1771,896537.617843,1757017.29666,4414967.22029,7009622.27346,7996672.12305,195950.922344,17094265.5765,1,0,0
13,full_week__capacity_14__stage1_only,full_week,shared_keeper_capacity_low,14,stage1_only,maximum_unresolved_tab_dai,128,590368.218201,36841.9101379,518158.074331,662578.362071,492128.713433,75083.4222413,255886.291041,870649.201901,1221538.74142,1398865.45285,48610.1284276,1770834.97455,1,0,0
13,full_week__capacity_14__stage1_only,full_week,shared_keeper_capacity_low,14,stage1_only,cumulative_realised_bad_debt_dai,128,3.23288600572e-13,1.37370776139e-13,5.40418793397e-14,5.92535321803e-13,0,0,0,1.08363754716e-13,5.06694618655e-13,1.01350877032e-12,0,1.63833108444e-11,0.484375,0,0
13,full_week__capacity_14__stage1_only,full_week,shared_keeper_capacity_low,14,stage1_only,below_peg_burden,128,0.263192585361,0.0047828842023,0.253818132325,0.272567038398,0.262686495149,0.181320123472,0.226688404831,0.305397070585,0.331809655218,0.349755143596,0.150984558752,0.413130215786,1,0,0
13,full_week__capacity_14__stage1_only,full_week,shared_keeper_capacity_low,14,stage1_only,restricted_mean_recovery_time,128,83.4296875,16.9764545852,50.1558365129,116.703538487,0,0,0,0,443.3,583.3,0,720,0.2265625,2,0
13,full_week__capacity_14__stage1_only,full_week,shared_keeper_capacity_low,14,stage1_only,unsafe_vault_count,128,137.671875,0.881382052638,135.944366177,139.399383823,138,122,131,144.25,150,152,104,156,1,0,0
13,full_week__capacity_14__stage1_only,full_week,shared_keeper_capacity_low,14,stage1_only,peak_unsafe_share,128,0.27534375,0.00176276410528,0.271888732354,0.278798767646,0.276,0.244,0.262,0.2885,0.3,0.304,0.208,0.312,1,0,0
13,full_week__capacity_14__stage1_only,full_week,shared_keeper_capacity_low,14,stage1_only,newly_unsafe_count,128,137.671875,0.881382052638,135.944366177,139.399383823,138,122,131,144.25,150,152,104,156,1,0,0
13,full_week__capacity_14__stage1_only,full_week,shared_keeper_capacity_low,14,stage1_only,cumulative_arrival_count,128,239.7734375,7.26675716536,225.530593456,254.016281544,220.5,138.4,173,301.25,356.6,386.6,85,457,1,0,0
13,full_week__capacity_14__stage1_only,full_week,shared_keeper_capacity_low,14,stage1_only,cumulative_attempts,128,137.96875,3.1743725258,131.746979849,144.190520151,127,95.7,114.75,152.75,187.3,205.25,66,264,1,0,0
13,full_week__capacity_14__stage1_only,full_week,shared_keeper_capacity_low,14,stage1_only,cumulative_successful_closures,128,105.5859375,1.14282291305,103.34600459,107.82587041,105,84.4,97,116,122.3,125,66,129,1,0,0
13,full_week__capacity_14__stage1_only,full_week,shared_keeper_capacity_low,14,stage1_only,cumulative_capacity_rejected,128,44.640625,2.23823296552,40.2536883876,49.0275616124,40.5,10.35,25.75,59,75,93.65,0,136,0.9921875,0,0
13,full_week__capacity_14__stage1_only,full_week,shared_keeper_capacity_low,14,stage1_only,cumulative_unprofitable_attempts,128,32.3828125,3.50934005965,25.5045059831,39.2611190169,14.5,0,1,54,89.6,116.95,0,163,0.765625,0,0
13,full_week__capacity_14__stage1_only,full_week,shared_keeper_capacity_low,14,stage1_only,binding_hours,128,4.0859375,0.128889937974,3.83331322157,4.33856177843,4,2,3,5,6,6,0,9,0.9921875,0,0
13,full_week__capacity_14__stage1_only,full_week,shared_keeper_capacity_low,14,stage1_only,positive_demand_hours,128,23.921875,0.726976786361,22.4970004987,25.3467495013,21,14,17,30.25,35,39,11,47,1,0,0
13,full_week__capacity_14__stage1_only,full_week,shared_keeper_capacity_low,14,stage1_only,mean_capacity_utilisation,128,0.431794329772,0.00779673541099,0.416512728366,0.447075931177,0.424459586466,0.308238851096,0.369275063241,0.486804096639,0.552182539683,0.599761904762,0.239285714286,0.658163265306,1,0,0
13,full_week__capacity_14__stage1_only,full_week,shared_keeper_capacity_low,14,stage1_only,maximum_capacity_utilisation,128,1,0,1,1,1,1,1,1,1,1,1,1,1,0,0
13,full_week__capacity_14__stage1_only,full_week,shared_keeper_capacity_low,14,stage1_only,maximum_attempts_one_hour,128,14,0,14,14,14,14,14,14,14,14,14,14,1,0,0
13,full_week__capacity_14__stage1_only,full_week,shared_keeper_capacity_low,14,stage1_only,cumulative_debt_repaid_dai,128,771995.155186,35424.590931,702562.956961,841427.353411,640446.060017,244618.889574,482019.07777,986364.176476,1404253.5748,1553177.09579,126877.138055,1813143.12729,1,0,0
13,full_week__capacity_14__stage1_only,full_week,shared_keeper_capacity_low,14,stage1_only,completed_liquidation_count,128,105.5859375,1.14282291305,103.34600459,107.82587041,105,84.4,97,116,122.3,125,66,129,1,0,0
13,full_week__capacity_14__stage1_only,full_week,shared_keeper_capacity_low,14,stage1_only,unresolved_vault_count,128,0,0,0,0,0,0,0,0,0,0,0,0,0,0,0
13,full_week__capacity_14__stage1_only,full_week,shared_keeper_capacity_low,14,stage1_only,unresolved_tab_at_horizon_dai,128,0,0,0,0,0,0,0,0,0,0,0,0,0,0,0
13,full_week__capacity_14__stage1_only,full_week,shared_keeper_capacity_low,14,stage1_only,maximum_backlog_duration,128,68.640625,1.99222573589,64.7358625577,72.5453874423,62.5,36.35,49,85,94.9,113.65,35,117,1,0,0
13,full_week__capacity_14__stage1_only,full_week,shared_keeper_capacity_low,14,stage1_only,active_bad_debt_at_horizon_dai,128,0,0,0,0,0,0,0,0,0,0,0,0,0,0,0
13,full_week__capacity_14__stage1_only,full_week,shared_keeper_capacity_low,14,stage1_only,maximum_active_bad_debt_dai,128,6055.4452234,665.945169046,4750.19269207,7360.69775473,2409.82307206,400.52642925,933.645843112,9789.07703546,17220.9979995,21448.939645,108.532785898,45880.0502356,1,0,0
13,full_week__capacity_14__stage1_only,full_week,shared_keeper_capacity_low,14,stage1_only,keeper_profit_dai,128,98997.8148424,4605.43980328,89971.152828,108024.476857,82036.1802377,30265.2294032,60779.4904334,126869.166403,182018.927773,200269.098983,16235.7305401,233578.841239,1,0,0
13,full_week__capacity_14__stage1_only,full_week,shared_keeper_capacity_low,14,stage1_only,recovered_before_execution_count,128,27.6484375,0.902587449942,25.8793660981,29.4175089019,28,10.35,20.75,34,39.6,44,7,62,1,0,0
13,full_week__capacity_14__stage1_only,full_week,shared_keeper_capacity_low,14,stage1_only,recovered_before_closure_count,128,32.0859375,1.06586875308,29.996834744,34.175040256,32,13,23,41,48,51,8,62,1,0,0
13,full_week__capacity_14__stage1_only,full_week,shared_keeper_capacity_low,14,stage1_only,minimum_dai_price,128,0.99589887162,0.000107618453343,0.995687939452,0.996109803789,0.996083449013,0.994214415089,0.995372580456,0.99663541423,0.997115656652,0.997286505724,0.987714822789,0.998047215903,1,0,0
13,full_week__capacity_14__stage1_only,full_week,shared_keeper_capacity_low,14,stage1_only,maximum_negative_peg_deviation,128,0.00410112837967,0.000107618453343,0.00389019621111,0.00431206054822,0.00391655098666,0.00271349427578,0.00336458577028,0.00462741954368,0.00554971726378,0.00578558491057,0.00195278409654,0.0122851772106,1,0,0
13,full_week__capacity_14__stage1_only,full_week,shared_keeper_capacity_low,14,stage1_only,mean_absolute_peg_deviation,128,0.000599069720032,7.55931884015e-06,0.000584253455105,0.000613885984958,0.000593709976874,0.000479242323426,0.000536815718169,0.000654766512953,0.000715557446853,0.000759179030332,0.000403395132484,0.000806803799634,1,0,0
13,full_week__capacity_14__stage1_only,full_week,shared_keeper_capacity_low,14,stage1_only,hours_below_0995,128,0.3359375,0.0703944732135,0.197964332502,0.473910667498,0,0,0,0,1.3,2,0,5,0.1953125,0,0
13,full_week__capacity_14__stage1_only,full_week,shared_keeper_capacity_low,14,stage1_only,hours_above_1005,128,0.0546875,0.0338415456991,-0.0116419295703,0.12101692957,0,0,0,0,0,0,0,4,0.03125,0,0
13,full_week__capacity_14__stage1_only,full_week,shared_keeper_capacity_low,14,stage1_only,first_return_time,128,77.9375,16.2659928494,46.0561540152,109.818845985,0,0,0,0,415.8,559.3,0,700,0.2265625,0,0
13,full_week__capacity_14__stage1_only,full_week,shared_keeper_capacity_low,14,stage1_only,failed_recovery_attempts,128,0.0234375,0.0134246757153,-0.00287486440199,0.049749864402,0,0,0,0,0,0,0,1,0.0234375,0,0
13,full_week__capacity_14__stage1_only,full_week,shared_keeper_capacity_low,14,stage1_only,recovery_probability_168h,128,0.8359375,0.0328616757488,0.771528615532,0.900346384468,1,0,1,1,1,1,0,1,0.8359375,0,0
13,full_week__capacity_14__stage1_only,full_week,shared_keeper_capacity_low,14,stage1_only,recovery_probability_336h,128,0.8828125,0.0285412520685,0.826871645946,0.938753354054,1,0,1,1,1,1,0,1,0.8828125,0,0
13,full_week__capacity_14__stage1_only,full_week,shared_keeper_capacity_low,14,stage1_only,recovery_probability_720h,128,0.984375,0.0110049592883,0.962805279795,1.00594472021,1,1,1,1,1,1,0,1,0.984375,0,0
13,full_week__capacity_14__stage1_only,full_week,shared_keeper_capacity_low,14,stage1_only,final_dai_price,128,0.999916082633,7.66447477068e-05,0.999765858928,1.00006630634,0.999826174005,0.998783319315,0.999395002762,1.00036523351,1.00101899435,1.00168594523,0.997353376921,1.00258834649,1,0,0
13,full_week__capacity_14__stage1_only,full_week,shared_keeper_capacity_low,14,stage1_only,final_peg_band_status,128,1,0,1,1,1,1,1,1,1,1,1,1,1,0,0
13,full_week__capacity_14__stage1_only,full_week,shared_keeper_capacity_low,14,stage1_only,minimum_confidence,128,1,0,1,1,1,1,1,1,1,1,1,1,1,0,0
13,full_week__capacity_14__stage1_only,full_week,shared_keeper_capacity_low,14,stage1_only,mean_confidence_loss,128,0,0,0,0,0,0,0,0,0,0,0,0,0,0,0
13,full_week__capacity_14__stage1_only,full_week,shared_keeper_capacity_low,14,stage1_only,confidence_at_horizon,128,1,0,1,1,1,1,1,1,1,1,1,1,1,0,0
13,full_week__capacity_14__stage1_only,full_week,shared_keeper_capacity_low,14,stage1_only,hours_at_confidence_floor,128,0,0,0,0,0,0,0,0,0,0,0,0,0,0,0
13,full_week__capacity_14__stage1_only,full_week,shared_keeper_capacity_low,14,stage1_only,hours_recovery_gate_closed,128,0,0,0,0,0,0,0,0,0,0,0,0,0,0,0
13,full_week__capacity_14__stage1_only,full_week,shared_keeper_capacity_low,14,stage1_only,first_recovery_gate_open,128,720,0,720,720,720,720,720,720,720,720,720,720,1,0,0
13,full_week__capacity_14__stage1_only,full_week,shared_keeper_capacity_low,14,stage1_only,recovery_gate_reopenings,128,0,0,0,0,0,0,0,0,0,0,0,0,0,0,0
13,full_week__capacity_14__stage1_only,full_week,shared_keeper_capacity_low,14,stage1_only,cumulative_panic_contribution,128,0,0,0,0,0,0,0,0,0,0,0,0,0,0,0
13,full_week__capacity_14__stage1_only,full_week,shared_keeper_capacity_low,14,stage1_only,maximum_panic_contribution,128,0,0,0,0,0,0,0,0,0,0,0,0,0,0,0
14,full_week__capacity_14__confidence_resilient,full_week,shared_keeper_capacity_low,14,confidence_resilient,backlog_area_dai_hours,128,3394516.31434,221190.202827,2960983.5168,3828049.11188,2813042.1771,896537.617843,1757017.29666,4414967.22029,7009622.27346,7996672.12305,195950.922344,17094265.5765,1,0,0
14,full_week__capacity_14__confidence_resilient,full_week,shared_keeper_capacity_low,14,confidence_resilient,maximum_unresolved_tab_dai,128,590368.218201,36841.9101379,518158.074331,662578.362071,492128.713433,75083.4222413,255886.291041,870649.201901,1221538.74142,1398865.45285,48610.1284276,1770834.97455,1,0,0
14,full_week__capacity_14__confidence_resilient,full_week,shared_keeper_capacity_low,14,confidence_resilient,cumulative_realised_bad_debt_dai,128,3.23288600572e-13,1.37370776139e-13,5.40418793397e-14,5.92535321803e-13,0,0,0,1.08363754716e-13,5.06694618655e-13,1.01350877032e-12,0,1.63833108444e-11,0.484375,0,0
14,full_week__capacity_14__confidence_resilient,full_week,shared_keeper_capacity_low,14,confidence_resilient,below_peg_burden,128,235.170529652,7.26927440827,220.922751812,249.418307493,263.99160252,0.34717202726,248.935302646,275.096766369,284.490625856,289.425272757,0.251805544347,319.419230775,1,0,0
14,full_week__capacity_14__confidence_resilient,full_week,shared_keeper_capacity_low,14,confidence_resilient,restricted_mean_recovery_time,128,656.953125,17.4047989078,622.839719141,691.066530859,720,0,720,720,720,720,0,720,0.9375,115,0
14,full_week__capacity_14__confidence_resilient,full_week,shared_keeper_capacity_low,14,confidence_resilient,unsafe_vault_count,128,137.671875,0.881382052638,135.944366177,139.399383823,138,122,131,144.25,150,152,104,156,1,0,0
14,full_week__capacity_14__confidence_resilient,full_week,shared_keeper_capacity_low,14,confidence_resilient,peak_unsafe_share,128,0.27534375,0.00176276410528,0.271888732354,0.278798767646,0.276,0.244,0.262,0.2885,0.3,0.304,0.208,0.312,1,0,0
14,full_week__capacity_14__confidence_resilient,full_week,shared_keeper_capacity_low,14,confidence_resilient,newly_unsafe_count,128,137.671875,0.881382052638,135.944366177,139.399383823,138,122,131,144.25,150,152,104,156,1,0,0
14,full_week__capacity_14__confidence_resilient,full_week,shared_keeper_capacity_low,14,confidence_resilient,cumulative_arrival_count,128,239.7734375,7.26675716536,225.530593456,254.016281544,220.5,138.4,173,301.25,356.6,386.6,85,457,1,0,0
14,full_week__capacity_14__confidence_resilient,full_week,shared_keeper_capacity_low,14,confidence_resilient,cumulative_attempts,128,137.96875,3.1743725258,131.746979849,144.190520151,127,95.7,114.75,152.75,187.3,205.25,66,264,1,0,0
14,full_week__capacity_14__confidence_resilient,full_week,shared_keeper_capacity_low,14,confidence_resilient,cumulative_successful_closures,128,105.5859375,1.14282291305,103.34600459,107.82587041,105,84.4,97,116,122.3,125,66,129,1,0,0
14,full_week__capacity_14__confidence_resilient,full_week,shared_keeper_capacity_low,14,confidence_resilient,cumulative_capacity_rejected,128,44.640625,2.23823296552,40.2536883876,49.0275616124,40.5,10.35,25.75,59,75,93.65,0,136,0.9921875,0,0
14,full_week__capacity_14__confidence_resilient,full_week,shared_keeper_capacity_low,14,confidence_resilient,cumulative_unprofitable_attempts,128,32.3828125,3.50934005965,25.5045059831,39.2611190169,14.5,0,1,54,89.6,116.95,0,163,0.765625,0,0
14,full_week__capacity_14__confidence_resilient,full_week,shared_keeper_capacity_low,14,confidence_resilient,binding_hours,128,4.0859375,0.128889937974,3.83331322157,4.33856177843,4,2,3,5,6,6,0,9,0.9921875,0,0
14,full_week__capacity_14__confidence_resilient,full_week,shared_keeper_capacity_low,14,confidence_resilient,positive_demand_hours,128,23.921875,0.726976786361,22.4970004987,25.3467495013,21,14,17,30.25,35,39,11,47,1,0,0
14,full_week__capacity_14__confidence_resilient,full_week,shared_keeper_capacity_low,14,confidence_resilient,mean_capacity_utilisation,128,0.431794329772,0.00779673541099,0.416512728366,0.447075931177,0.424459586466,0.308238851096,0.369275063241,0.486804096639,0.552182539683,0.599761904762,0.239285714286,0.658163265306,1,0,0
14,full_week__capacity_14__confidence_resilient,full_week,shared_keeper_capacity_low,14,confidence_resilient,maximum_capacity_utilisation,128,1,0,1,1,1,1,1,1,1,1,1,1,1,0,0
14,full_week__capacity_14__confidence_resilient,full_week,shared_keeper_capacity_low,14,confidence_resilient,maximum_attempts_one_hour,128,14,0,14,14,14,14,14,14,14,14,14,14,1,0,0
14,full_week__capacity_14__confidence_resilient,full_week,shared_keeper_capacity_low,14,confidence_resilient,cumulative_debt_repaid_dai,128,771995.155186,35424.590931,702562.956961,841427.353411,640446.060017,244618.889574,482019.07777,986364.176476,1404253.5748,1553177.09579,126877.138055,1813143.12729,1,0,0
14,full_week__capacity_14__confidence_resilient,full_week,shared_keeper_capacity_low,14,confidence_resilient,completed_liquidation_count,128,105.5859375,1.14282291305,103.34600459,107.82587041,105,84.4,97,116,122.3,125,66,129,1,0,0
14,full_week__capacity_14__confidence_resilient,full_week,shared_keeper_capacity_low,14,confidence_resilient,unresolved_vault_count,128,0,0,0,0,0,0,0,0,0,0,0,0,0,0,0
14,full_week__capacity_14__confidence_resilient,full_week,shared_keeper_capacity_low,14,confidence_resilient,unresolved_tab_at_horizon_dai,128,0,0,0,0,0,0,0,0,0,0,0,0,0,0,0
14,full_week__capacity_14__confidence_resilient,full_week,shared_keeper_capacity_low,14,confidence_resilient,maximum_backlog_duration,128,68.640625,1.99222573589,64.7358625577,72.5453874423,62.5,36.35,49,85,94.9,113.65,35,117,1,0,0
14,full_week__capacity_14__confidence_resilient,full_week,shared_keeper_capacity_low,14,confidence_resilient,active_bad_debt_at_horizon_dai,128,0,0,0,0,0,0,0,0,0,0,0,0,0,0,0
14,full_week__capacity_14__confidence_resilient,full_week,shared_keeper_capacity_low,14,confidence_resilient,maximum_active_bad_debt_dai,128,6055.4452234,665.945169046,4750.19269207,7360.69775473,2409.82307206,400.52642925,933.645843112,9789.07703546,17220.9979995,21448.939645,108.532785898,45880.0502356,1,0,0
14,full_week__capacity_14__confidence_resilient,full_week,shared_keeper_capacity_low,14,confidence_resilient,keeper_profit_dai,128,98997.8148424,4605.43980328,89971.152828,108024.476857,82036.1802377,30265.2294032,60779.4904334,126869.166403,182018.927773,200269.098983,16235.7305401,233578.841239,1,0,0
14,full_week__capacity_14__confidence_resilient,full_week,shared_keeper_capacity_low,14,confidence_resilient,recovered_before_execution_count,128,27.6484375,0.902587449942,25.8793660981,29.4175089019,28,10.35,20.75,34,39.6,44,7,62,1,0,0
14,full_week__capacity_14__confidence_resilient,full_week,shared_keeper_capacity_low,14,confidence_resilient,recovered_before_closure_count,128,32.0859375,1.06586875308,29.996834744,34.175040256,32,13,23,41,48,51,8,62,1,0,0
14,full_week__capacity_14__confidence_resilient,full_week,shared_keeper_capacity_low,14,confidence_resilient,minimum_dai_price,128,0.54370847919,0.0123408289778,0.519520454393,0.567896503987,0.5,0.5,0.5,0.5,0.5,0.995400224949,0.5,0.997044511673,1,0,0
14,full_week__capacity_14__confidence_resilient,full_week,shared_keeper_capacity_low,14,confidence_resilient,maximum_negative_peg_deviation,128,0.45629152081,0.0123408289778,0.432103496013,0.480479545607,0.5,0.0045997750508,0.5,0.5,0.5,0.5,0.00295548832694,0.5,1,0,0
14,full_week__capacity_14__confidence_resilient,full_week,shared_keeper_capacity_low,14,confidence_resilient,mean_absolute_peg_deviation,128,0.326657021402,0.0100901846688,0.306880259451,0.346433783353,0.366656076339,0.000809651161657,0.345747451558,0.382078907986,0.395125991114,0.401979545495,0.000544421107793,0.443637820521,1,0,0
14,full_week__capacity_14__confidence_resilient,full_week,shared_keeper_capacity_low,14,confidence_resilient,hours_below_0995,128,601.7578125,17.7982243392,566.873292795,636.642332205,674,0,648.75,694.25,705,710.65,0,720,0.9296875,0,0
14,full_week__capacity_14__confidence_resilient,full_week,shared_keeper_capacity_low,14,confidence_resilient,hours_above_1005,128,0.0078125,0.0078125,-0.0075,0.023125,0,0,0,0,0,0,0,1,0.0078125,0,0
14,full_week__capacity_14__confidence_resilient,full_week,shared_keeper_capacity_low,14,confidence_resilient,first_return_time,128,408.1953125,29.6569171288,350.067754927,466.322870073,720,0,42.75,720,720,720,0,720,0.9375,0,0
14,full_week__capacity_14__confidence_resilient,full_week,shared_keeper_capacity_low,14,confidence_resilient,failed_recovery_attempts,128,0.6015625,0.0981746819598,0.409140123359,0.793984876641,0,0,0,1,2,2,0,6,0.375,0,0
14,full_week__capacity_14__confidence_resilient,full_week,shared_keeper_capacity_low,14,confidence_resilient,recovery_probability_168h,128,0.0859375,0.0248700949493,0.0371921138994,0.134682886101,0,0,0,0,0,1,0,1,0.0859375,0,0
14,full_week__capacity_14__confidence_resilient,full_week,shared_keeper_capacity_low,14,confidence_resilient,recovery_probability_336h,128,0.0859375,0.0248700949493,0.0371921138994,0.134682886101,0,0,0,0,0,1,0,1,0.0859375,0,0
14,full_week__capacity_14__confidence_resilient,full_week,shared_keeper_capacity_low,14,confidence_resilient,recovery_probability_720h,128,0.1015625,0.0268045651585,0.0490255522893,0.154099447711,0,0,0,0,0.3,1,0,1,0.1015625,0,0
14,full_week__capacity_14__confidence_resilient,full_week,shared_keeper_capacity_low,14,confidence_resilient,final_dai_price,128,0.544121995927,0.0124599638346,0.519700466811,0.568543525043,0.5,0.5,0.5,0.5,0.5,0.999819488762,0.5,1.00192711687,1,0,0
14,full_week__capacity_14__confidence_resilient,full_week,shared_keeper_capacity_low,14,confidence_resilient,final_peg_band_status,128,0.0859375,0.0248700949493,0.0371921138994,0.134682886101,0,0,0,0,0,1,0,1,0.0859375,0,0
14,full_week__capacity_14__confidence_resilient,full_week,shared_keeper_capacity_low,14,confidence_resilient,minimum_confidence,128,0.75,0,0.75,0.75,0.75,0.75,0.75,0.75,0.75,0.75,0.75,0.75,1,0,0
14,full_week__capacity_14__confidence_resilient,full_week,shared_keeper_capacity_low,14,confidence_resilient,mean_confidence_loss,128,0.228570288294,0.00514435893963,0.218487344772,0.238653231816,0.249827127658,0.0545944844552,0.249793749979,0.249878872341,0.249924199058,0.249953141247,0.0403656229287,0.25,1,0,0
14,full_week__capacity_14__confidence_resilient,full_week,shared_keeper_capacity_low,14,confidence_resilient,confidence_at_horizon,128,0.769907246078,0.00578496106486,0.758568722391,0.781245769765,0.75,0.75,0.75,0.75,0.75,0.982806782286,0.75,0.999568278548,1,0,0
14,full_week__capacity_14__confidence_resilient,full_week,shared_keeper_capacity_low,14,confidence_resilient,hours_at_confidence_floor,128,649.359375,16.5391585799,616.942624183,681.776125817,718,85.6,718,719,719,719,58,720,1,0,0
14,full_week__capacity_14__confidence_resilient,full_week,shared_keeper_capacity_low,14,confidence_resilient,hours_recovery_gate_closed,128,650.453125,16.4553681564,618.200603413,682.705646587,719,92.15,719,719,719,719,59,720,1,0,0
14,full_week__capacity_14__confidence_resilient,full_week,shared_keeper_capacity_low,14,confidence_resilient,first_recovery_gate_open,128,16.875,9.66576651502,-2.06990236943,35.8199023694,0,0,0,0,0,0,0,720,0.0234375,0,0
14,full_week__capacity_14__confidence_resilient,full_week,shared_keeper_capacity_low,14,confidence_resilient,recovery_gate_reopenings,128,0.1875,0.0380213108498,0.112978230734,0.262021769266,0,0,0,0,1,1,0,2,0.171875,0,0
14,full_week__capacity_14__confidence_resilient,full_week,shared_keeper_capacity_low,14,confidence_resilient,cumulative_panic_contribution,128,40.4041419789,1.25048937575,37.9531828025,42.8551011554,45.3623849254,0.0248452726077,42.7703320345,47.2743948734,48.8914691846,49.7410405344,0.0122874736454,54.9097693177,1,0,0
14,full_week__capacity_14__confidence_resilient,full_week,shared_keeper_capacity_low,14,confidence_resilient,maximum_panic_contribution,128,0.0785298541548,0.00212945131974,0.0743561295682,0.0827035787415,0.086079375,0.000645006474166,0.086079375,0.086079375,0.086079375,0.086079375,0.000340291041585,0.086079375,1,0,0
15,full_week__capacity_14__confidence_central,full_week,shared_keeper_capacity_low,14,confidence_central,backlog_area_dai_hours,128,3394516.31434,221190.202827,2960983.5168,3828049.11188,2813042.1771,896537.617843,1757017.29666,4414967.22029,7009622.27346,7996672.12305,195950.922344,17094265.5765,1,0,0
15,full_week__capacity_14__confidence_central,full_week,shared_keeper_capacity_low,14,confidence_central,maximum_unresolved_tab_dai,128,590368.218201,36841.9101379,518158.074331,662578.362071,492128.713433,75083.4222413,255886.291041,870649.201901,1221538.74142,1398865.45285,48610.1284276,1770834.97455,1,0,0
15,full_week__capacity_14__confidence_central,full_week,shared_keeper_capacity_low,14,confidence_central,cumulative_realised_bad_debt_dai,128,3.23288600572e-13,1.37370776139e-13,5.40418793397e-14,5.92535321803e-13,0,0,0,1.08363754716e-13,5.06694618655e-13,1.01350877032e-12,0,1.63833108444e-11,0.484375,0,0
15,full_week__capacity_14__confidence_central,full_week,shared_keeper_capacity_low,14,confidence_central,below_peg_burden,128,353.881025398,0.486241914916,352.927991244,354.834059551,354.185966833,343.432088004,352.768556789,356.466183172,360,360,323.206783431,360,1,0,0
15,full_week__capacity_14__confidence_central,full_week,shared_keeper_capacity_low,14,confidence_central,restricted_mean_recovery_time,128,720,0,720,720,720,720,720,720,720,720,720,720,1,128,0
15,full_week__capacity_14__confidence_central,full_week,shared_keeper_capacity_low,14,confidence_central,unsafe_vault_count,128,137.671875,0.881382052638,135.944366177,139.399383823,138,122,131,144.25,150,152,104,156,1,0,0
15,full_week__capacity_14__confidence_central,full_week,shared_keeper_capacity_low,14,confidence_central,peak_unsafe_share,128,0.27534375,0.00176276410528,0.271888732354,0.278798767646,0.276,0.244,0.262,0.2885,0.3,0.304,0.208,0.312,1,0,0
15,full_week__capacity_14__confidence_central,full_week,shared_keeper_capacity_low,14,confidence_central,newly_unsafe_count,128,137.671875,0.881382052638,135.944366177,139.399383823,138,122,131,144.25,150,152,104,156,1,0,0
15,full_week__capacity_14__confidence_central,full_week,shared_keeper_capacity_low,14,confidence_central,cumulative_arrival_count,128,239.7734375,7.26675716536,225.530593456,254.016281544,220.5,138.4,173,301.25,356.6,386.6,85,457,1,0,0
15,full_week__capacity_14__confidence_central,full_week,shared_keeper_capacity_low,14,confidence_central,cumulative_attempts,128,137.96875,3.1743725258,131.746979849,144.190520151,127,95.7,114.75,152.75,187.3,205.25,66,264,1,0,0
15,full_week__capacity_14__confidence_central,full_week,shared_keeper_capacity_low,14,confidence_central,cumulative_successful_closures,128,105.5859375,1.14282291305,103.34600459,107.82587041,105,84.4,97,116,122.3,125,66,129,1,0,0
15,full_week__capacity_14__confidence_central,full_week,shared_keeper_capacity_low,14,confidence_central,cumulative_capacity_rejected,128,44.640625,2.23823296552,40.2536883876,49.0275616124,40.5,10.35,25.75,59,75,93.65,0,136,0.9921875,0,0
15,full_week__capacity_14__confidence_central,full_week,shared_keeper_capacity_low,14,confidence_central,cumulative_unprofitable_attempts,128,32.3828125,3.50934005965,25.5045059831,39.2611190169,14.5,0,1,54,89.6,116.95,0,163,0.765625,0,0
15,full_week__capacity_14__confidence_central,full_week,shared_keeper_capacity_low,14,confidence_central,binding_hours,128,4.0859375,0.128889937974,3.83331322157,4.33856177843,4,2,3,5,6,6,0,9,0.9921875,0,0
15,full_week__capacity_14__confidence_central,full_week,shared_keeper_capacity_low,14,confidence_central,positive_demand_hours,128,23.921875,0.726976786361,22.4970004987,25.3467495013,21,14,17,30.25,35,39,11,47,1,0,0
15,full_week__capacity_14__confidence_central,full_week,shared_keeper_capacity_low,14,confidence_central,mean_capacity_utilisation,128,0.431794329772,0.00779673541099,0.416512728366,0.447075931177,0.424459586466,0.308238851096,0.369275063241,0.486804096639,0.552182539683,0.599761904762,0.239285714286,0.658163265306,1,0,0
15,full_week__capacity_14__confidence_central,full_week,shared_keeper_capacity_low,14,confidence_central,maximum_capacity_utilisation,128,1,0,1,1,1,1,1,1,1,1,1,1,1,0,0
15,full_week__capacity_14__confidence_central,full_week,shared_keeper_capacity_low,14,confidence_central,maximum_attempts_one_hour,128,14,0,14,14,14,14,14,14,14,14,14,14,1,0,0
15,full_week__capacity_14__confidence_central,full_week,shared_keeper_capacity_low,14,confidence_central,cumulative_debt_repaid_dai,128,771995.155186,35424.590931,702562.956961,841427.353411,640446.060017,244618.889574,482019.07777,986364.176476,1404253.5748,1553177.09579,126877.138055,1813143.12729,1,0,0
15,full_week__capacity_14__confidence_central,full_week,shared_keeper_capacity_low,14,confidence_central,completed_liquidation_count,128,105.5859375,1.14282291305,103.34600459,107.82587041,105,84.4,97,116,122.3,125,66,129,1,0,0
15,full_week__capacity_14__confidence_central,full_week,shared_keeper_capacity_low,14,confidence_central,unresolved_vault_count,128,0,0,0,0,0,0,0,0,0,0,0,0,0,0,0
15,full_week__capacity_14__confidence_central,full_week,shared_keeper_capacity_low,14,confidence_central,unresolved_tab_at_horizon_dai,128,0,0,0,0,0,0,0,0,0,0,0,0,0,0,0
15,full_week__capacity_14__confidence_central,full_week,shared_keeper_capacity_low,14,confidence_central,maximum_backlog_duration,128,68.640625,1.99222573589,64.7358625577,72.5453874423,62.5,36.35,49,85,94.9,113.65,35,117,1,0,0
15,full_week__capacity_14__confidence_central,full_week,shared_keeper_capacity_low,14,confidence_central,active_bad_debt_at_horizon_dai,128,0,0,0,0,0,0,0,0,0,0,0,0,0,0,0
15,full_week__capacity_14__confidence_central,full_week,shared_keeper_capacity_low,14,confidence_central,maximum_active_bad_debt_dai,128,6055.4452234,665.945169046,4750.19269207,7360.69775473,2409.82307206,400.52642925,933.645843112,9789.07703546,17220.9979995,21448.939645,108.532785898,45880.0502356,1,0,0
15,full_week__capacity_14__confidence_central,full_week,shared_keeper_capacity_low,14,confidence_central,keeper_profit_dai,128,98997.8148424,4605.43980328,89971.152828,108024.476857,82036.1802377,30265.2294032,60779.4904334,126869.166403,182018.927773,200269.098983,16235.7305401,233578.841239,1,0,0
15,full_week__capacity_14__confidence_central,full_week,shared_keeper_capacity_low,14,confidence_central,recovered_before_execution_count,128,27.6484375,0.902587449942,25.8793660981,29.4175089019,28,10.35,20.75,34,39.6,44,7,62,1,0,0
15,full_week__capacity_14__confidence_central,full_week,shared_keeper_capacity_low,14,confidence_central,recovered_before_closure_count,128,32.0859375,1.06586875308,29.996834744,34.175040256,32,13,23,41,48,51,8,62,1,0,0
15,full_week__capacity_14__confidence_central,full_week,shared_keeper_capacity_low,14,confidence_central,minimum_dai_price,128,0.5,0,0.5,0.5,0.5,0.5,0.5,0.5,0.5,0.5,0.5,0.5,1,0,0
15,full_week__capacity_14__confidence_central,full_week,shared_keeper_capacity_low,14,confidence_central,maximum_negative_peg_deviation,128,0.5,0,0.5,0.5,0.5,0.5,0.5,0.5,0.5,0.5,0.5,0.5,1,0,0
15,full_week__capacity_14__confidence_central,full_week,shared_keeper_capacity_low,14,confidence_central,mean_absolute_peg_deviation,128,0.491503839412,0.000674819826045,0.490181192553,0.492826486271,0.491924953935,0.477010621532,0.489956541379,0.495091921072,0.5,0.5,0.448922909769,0.5,1,0,0
15,full_week__capacity_14__confidence_central,full_week,shared_keeper_capacity_low,14,confidence_central,hours_below_0995,128,713.8046875,0.842262913333,712.15385219,715.45552281,716,695.05,713,720,720,720,654,720,1,0,0
15,full_week__capacity_14__confidence_central,full_week,shared_keeper_capacity_low,14,confidence_central,hours_above_1005,128,0,0,0,0,0,0,0,0,0,0,0,0,0,0,0
15,full_week__capacity_14__confidence_central,full_week,shared_keeper_capacity_low,14,confidence_central,first_return_time,128,714.390625,5.609375,703.39625,725.385,720,720,720,720,720,720,2,720,1,0,0
15,full_week__capacity_14__confidence_central,full_week,shared_keeper_capacity_low,14,confidence_central,failed_recovery_attempts,128,0.0078125,0.0078125,-0.0075,0.023125,0,0,0,0,0,0,0,1,0.0078125,0,0
15,full_week__capacity_14__confidence_central,full_week,shared_keeper_capacity_low,14,confidence_central,recovery_probability_168h,128,0,0,0,0,0,0,0,0,0,0,0,0,0,0,0
15,full_week__capacity_14__confidence_central,full_week,shared_keeper_capacity_low,14,confidence_central,recovery_probability_336h,128,0,0,0,0,0,0,0,0,0,0,0,0,0,0,0
15,full_week__capacity_14__confidence_central,full_week,shared_keeper_capacity_low,14,confidence_central,recovery_probability_720h,128,0,0,0,0,0,0,0,0,0,0,0,0,0,0,0
15,full_week__capacity_14__confidence_central,full_week,shared_keeper_capacity_low,14,confidence_central,final_dai_price,128,0.5,0,0.5,0.5,0.5,0.5,0.5,0.5,0.5,0.5,0.5,0.5,1,0,0
15,full_week__capacity_14__confidence_central,full_week,shared_keeper_capacity_low,14,confidence_central,final_peg_band_status,128,0,0,0,0,0,0,0,0,0,0,0,0,0,0,0
15,full_week__capacity_14__confidence_central,full_week,shared_keeper_capacity_low,14,confidence_central,minimum_confidence,128,0.5,0,0.5,0.5,0.5,0.5,0.5,0.5,0.5,0.5,0.5,0.5,1,0,0
15,full_week__capacity_14__confidence_central,full_week,shared_keeper_capacity_low,14,confidence_central,mean_confidence_loss,128,0.499644571375,2.18025326115e-05,0.499601838411,0.499687304339,0.499600075454,0.499312537394,0.499422754112,0.5,0.5,0.5,0.499305659119,0.5,1,0,0
15,full_week__capacity_14__confidence_central,full_week,shared_keeper_capacity_low,14,confidence_central,confidence_at_horizon,128,0.5,0,0.5,0.5,0.5,0.5,0.5,0.5,0.5,0.5,0.5,0.5,1,0,0
15,full_week__capacity_14__confidence_central,full_week,shared_keeper_capacity_low,14,confidence_central,hours_at_confidence_floor,128,715.953125,0.714364993799,714.552969612,717.353280388,718,707.35,716,720,720,720,661,720,1,0,0
15,full_week__capacity_14__confidence_central,full_week,shared_keeper_capacity_low,14,confidence_central,hours_recovery_gate_closed,128,719.2578125,0.0388156570856,719.181733812,719.333891188,719,719,719,720,720,720,719,720,1,0,0
15,full_week__capacity_14__confidence_central,full_week,shared_keeper_capacity_low,14,confidence_central,first_recovery_gate_open,128,185.625,27.9472731017,130.848344721,240.401655279,0,0,0,720,720,720,0,720,0.2578125,0,0
15,full_week__capacity_14__confidence_central,full_week,shared_keeper_capacity_low,14,confidence_central,recovery_gate_reopenings,128,0,0,0,0,0,0,0,0,0,0,0,0,0,0,0
15,full_week__capacity_14__confidence_central,full_week,shared_keeper_capacity_low,14,confidence_central,cumulative_panic_contribution,128,243.418834527,0.341717873976,242.749067494,244.08860156,243.560875049,236.155029351,242.584581788,245.134627494,247.9086,247.9086,222.227185808,247.9086,1,0,0
15,full_week__capacity_14__confidence_central,full_week,shared_keeper_capacity_low,14,confidence_central,maximum_panic_contribution,128,0.3443175,9.85163627805e-18,0.3443175,0.3443175,0.3443175,0.3443175,0.3443175,0.3443175,0.3443175,0.3443175,0.3443175,0.3443175,1,0,0
16,full_week__capacity_14__confidence_fragile,full_week,shared_keeper_capacity_low,14,confidence_fragile,backlog_area_dai_hours,128,3394516.31434,221190.202827,2960983.5168,3828049.11188,2813042.1771,896537.617843,1757017.29666,4414967.22029,7009622.27346,7996672.12305,195950.922344,17094265.5765,1,0,0
16,full_week__capacity_14__confidence_fragile,full_week,shared_keeper_capacity_low,14,confidence_fragile,maximum_unresolved_tab_dai,128,590368.218201,36841.9101379,518158.074331,662578.362071,492128.713433,75083.4222413,255886.291041,870649.201901,1221538.74142,1398865.45285,48610.1284276,1770834.97455,1,0,0
16,full_week__capacity_14__confidence_fragile,full_week,shared_keeper_capacity_low,14,confidence_fragile,cumulative_realised_bad_debt_dai,128,3.23288600572e-13,1.37370776139e-13,5.40418793397e-14,5.92535321803e-13,0,0,0,1.08363754716e-13,5.06694618655e-13,1.01350877032e-12,0,1.63833108444e-11,0.484375,0,0
16,full_week__capacity_14__confidence_fragile,full_week,shared_keeper_capacity_low,14,confidence_fragile,below_peg_burden,128,357.573912255,0.335146622484,356.917024875,358.230799635,358.947766195,352.294453547,356.583671941,360,360,360,336.231624295,360,1,0,0
16,full_week__capacity_14__confidence_fragile,full_week,shared_keeper_capacity_low,14,confidence_fragile,restricted_mean_recovery_time,128,720,0,720,720,720,720,720,720,720,720,720,720,1,128,0
16,full_week__capacity_14__confidence_fragile,full_week,shared_keeper_capacity_low,14,confidence_fragile,unsafe_vault_count,128,137.671875,0.881382052638,135.944366177,139.399383823,138,122,131,144.25,150,152,104,156,1,0,0
16,full_week__capacity_14__confidence_fragile,full_week,shared_keeper_capacity_low,14,confidence_fragile,peak_unsafe_share,128,0.27534375,0.00176276410528,0.271888732354,0.278798767646,0.276,0.244,0.262,0.2885,0.3,0.304,0.208,0.312,1,0,0
16,full_week__capacity_14__confidence_fragile,full_week,shared_keeper_capacity_low,14,confidence_fragile,newly_unsafe_count,128,137.671875,0.881382052638,135.944366177,139.399383823,138,122,131,144.25,150,152,104,156,1,0,0
16,full_week__capacity_14__confidence_fragile,full_week,shared_keeper_capacity_low,14,confidence_fragile,cumulative_arrival_count,128,239.7734375,7.26675716536,225.530593456,254.016281544,220.5,138.4,173,301.25,356.6,386.6,85,457,1,0,0
16,full_week__capacity_14__confidence_fragile,full_week,shared_keeper_capacity_low,14,confidence_fragile,cumulative_attempts,128,137.96875,3.1743725258,131.746979849,144.190520151,127,95.7,114.75,152.75,187.3,205.25,66,264,1,0,0
16,full_week__capacity_14__confidence_fragile,full_week,shared_keeper_capacity_low,14,confidence_fragile,cumulative_successful_closures,128,105.5859375,1.14282291305,103.34600459,107.82587041,105,84.4,97,116,122.3,125,66,129,1,0,0
16,full_week__capacity_14__confidence_fragile,full_week,shared_keeper_capacity_low,14,confidence_fragile,cumulative_capacity_rejected,128,44.640625,2.23823296552,40.2536883876,49.0275616124,40.5,10.35,25.75,59,75,93.65,0,136,0.9921875,0,0
16,full_week__capacity_14__confidence_fragile,full_week,shared_keeper_capacity_low,14,confidence_fragile,cumulative_unprofitable_attempts,128,32.3828125,3.50934005965,25.5045059831,39.2611190169,14.5,0,1,54,89.6,116.95,0,163,0.765625,0,0
16,full_week__capacity_14__confidence_fragile,full_week,shared_keeper_capacity_low,14,confidence_fragile,binding_hours,128,4.0859375,0.128889937974,3.83331322157,4.33856177843,4,2,3,5,6,6,0,9,0.9921875,0,0
16,full_week__capacity_14__confidence_fragile,full_week,shared_keeper_capacity_low,14,confidence_fragile,positive_demand_hours,128,23.921875,0.726976786361,22.4970004987,25.3467495013,21,14,17,30.25,35,39,11,47,1,0,0
16,full_week__capacity_14__confidence_fragile,full_week,shared_keeper_capacity_low,14,confidence_fragile,mean_capacity_utilisation,128,0.431794329772,0.00779673541099,0.416512728366,0.447075931177,0.424459586466,0.308238851096,0.369275063241,0.486804096639,0.552182539683,0.599761904762,0.239285714286,0.658163265306,1,0,0
16,full_week__capacity_14__confidence_fragile,full_week,shared_keeper_capacity_low,14,confidence_fragile,maximum_capacity_utilisation,128,1,0,1,1,1,1,1,1,1,1,1,1,1,0,0
16,full_week__capacity_14__confidence_fragile,full_week,shared_keeper_capacity_low,14,confidence_fragile,maximum_attempts_one_hour,128,14,0,14,14,14,14,14,14,14,14,14,14,1,0,0
16,full_week__capacity_14__confidence_fragile,full_week,shared_keeper_capacity_low,14,confidence_fragile,cumulative_debt_repaid_dai,128,771995.155186,35424.590931,702562.956961,841427.353411,640446.060017,244618.889574,482019.07777,986364.176476,1404253.5748,1553177.09579,126877.138055,1813143.12729,1,0,0
16,full_week__capacity_14__confidence_fragile,full_week,shared_keeper_capacity_low,14,confidence_fragile,completed_liquidation_count,128,105.5859375,1.14282291305,103.34600459,107.82587041,105,84.4,97,116,122.3,125,66,129,1,0,0
16,full_week__capacity_14__confidence_fragile,full_week,shared_keeper_capacity_low,14,confidence_fragile,unresolved_vault_count,128,0,0,0,0,0,0,0,0,0,0,0,0,0,0,0
16,full_week__capacity_14__confidence_fragile,full_week,shared_keeper_capacity_low,14,confidence_fragile,unresolved_tab_at_horizon_dai,128,0,0,0,0,0,0,0,0,0,0,0,0,0,0,0
16,full_week__capacity_14__confidence_fragile,full_week,shared_keeper_capacity_low,14,confidence_fragile,maximum_backlog_duration,128,68.640625,1.99222573589,64.7358625577,72.5453874423,62.5,36.35,49,85,94.9,113.65,35,117,1,0,0
16,full_week__capacity_14__confidence_fragile,full_week,shared_keeper_capacity_low,14,confidence_fragile,active_bad_debt_at_horizon_dai,128,0,0,0,0,0,0,0,0,0,0,0,0,0,0,0
16,full_week__capacity_14__confidence_fragile,full_week,shared_keeper_capacity_low,14,confidence_fragile,maximum_active_bad_debt_dai,128,6055.4452234,665.945169046,4750.19269207,7360.69775473,2409.82307206,400.52642925,933.645843112,9789.07703546,17220.9979995,21448.939645,108.532785898,45880.0502356,1,0,0
16,full_week__capacity_14__confidence_fragile,full_week,shared_keeper_capacity_low,14,confidence_fragile,keeper_profit_dai,128,98997.8148424,4605.43980328,89971.152828,108024.476857,82036.1802377,30265.2294032,60779.4904334,126869.166403,182018.927773,200269.098983,16235.7305401,233578.841239,1,0,0
16,full_week__capacity_14__confidence_fragile,full_week,shared_keeper_capacity_low,14,confidence_fragile,recovered_before_execution_count,128,27.6484375,0.902587449942,25.8793660981,29.4175089019,28,10.35,20.75,34,39.6,44,7,62,1,0,0
16,full_week__capacity_14__confidence_fragile,full_week,shared_keeper_capacity_low,14,confidence_fragile,recovered_before_closure_count,128,32.0859375,1.06586875308,29.996834744,34.175040256,32,13,23,41,48,51,8,62,1,0,0
16,full_week__capacity_14__confidence_fragile,full_week,shared_keeper_capacity_low,14,confidence_fragile,minimum_dai_price,128,0.5,0,0.5,0.5,0.5,0.5,0.5,0.5,0.5,0.5,0.5,0.5,1,0,0
16,full_week__capacity_14__confidence_fragile,full_week,shared_keeper_capacity_low,14,confidence_fragile,maximum_negative_peg_deviation,128,0.5,0,0.5,0.5,0.5,0.5,0.5,0.5,0.5,0.5,0.5,0.5,1,0,0
16,full_week__capacity_14__confidence_fragile,full_week,shared_keeper_capacity_low,14,confidence_fragile,mean_absolute_peg_deviation,128,0.496631825651,0.000465034615586,0.495720357805,0.497543293498,0.498538564159,0.489304738335,0.495255099918,0.5,0.5,0.5,0.467009671358,0.5,1,0,0
16,full_week__capacity_14__confidence_fragile,full_week,shared_keeper_capacity_low,14,confidence_fragile,hours_below_0995,128,717.1796875,0.560932153759,716.080260479,718.279114521,720,708.35,717,720,720,720,678,720,1,0,0
16,full_week__capacity_14__confidence_fragile,full_week,shared_keeper_capacity_low,14,confidence_fragile,hours_above_1005,128,0,0,0,0,0,0,0,0,0,0,0,0,0,0,0
16,full_week__capacity_14__confidence_fragile,full_week,shared_keeper_capacity_low,14,confidence_fragile,first_return_time,128,720,0,720,720,720,720,720,720,720,720,720,720,1,0,0
16,full_week__capacity_14__confidence_fragile,full_week,shared_keeper_capacity_low,14,confidence_fragile,failed_recovery_attempts,128,0,0,0,0,0,0,0,0,0,0,0,0,0,0,0
16,full_week__capacity_14__confidence_fragile,full_week,shared_keeper_capacity_low,14,confidence_fragile,recovery_probability_168h,128,0,0,0,0,0,0,0,0,0,0,0,0,0,0,0
16,full_week__capacity_14__confidence_fragile,full_week,shared_keeper_capacity_low,14,confidence_fragile,recovery_probability_336h,128,0,0,0,0,0,0,0,0,0,0,0,0,0,0,0
16,full_week__capacity_14__confidence_fragile,full_week,shared_keeper_capacity_low,14,confidence_fragile,recovery_probability_720h,128,0,0,0,0,0,0,0,0,0,0,0,0,0,0,0
16,full_week__capacity_14__confidence_fragile,full_week,shared_keeper_capacity_low,14,confidence_fragile,final_dai_price,128,0.5,0,0.5,0.5,0.5,0.5,0.5,0.5,0.5,0.5,0.5,0.5,1,0,0
16,full_week__capacity_14__confidence_fragile,full_week,shared_keeper_capacity_low,14,confidence_fragile,final_peg_band_status,128,0,0,0,0,0,0,0,0,0,0,0,0,0,0,0
16,full_week__capacity_14__confidence_fragile,full_week,shared_keeper_capacity_low,14,confidence_fragile,minimum_confidence,128,0.255859375,0.00335616892883,0.2492812839,0.2624374661,0.25,0.25,0.25,0.25,0.25,0.25,0.25,0.5,1,0,0
16,full_week__capacity_14__confidence_fragile,full_week,shared_keeper_capacity_low,14,confidence_fragile,mean_confidence_loss,128,0.743374519472,0.00335075944444,0.736807030961,0.749942007983,0.75,0.745811723235,0.748859093993,0.75,0.75,0.75,0.499768659675,0.75,1,0,0
16,full_week__capacity_14__confidence_fragile,full_week,shared_keeper_capacity_low,14,confidence_fragile,confidence_at_horizon,128,0.255859375,0.00335616892883,0.2492812839,0.2624374661,0.25,0.25,0.25,0.25,0.25,0.25,0.25,0.5,1,0,0
16,full_week__capacity_14__confidence_fragile,full_week,shared_keeper_capacity_low,14,confidence_fragile,hours_at_confidence_floor,128,700.671875,9.6383363824,681.78073569,719.56301431,720,707.35,716,720,720,720,0,720,0.9765625,0,0
16,full_week__capacity_14__confidence_fragile,full_week,shared_keeper_capacity_low,14,confidence_fragile,hours_recovery_gate_closed,128,719.515625,0.0443461562019,719.428706534,719.602543466,720,719,719,720,720,720,719,720,1,0,0
16,full_week__capacity_14__confidence_fragile,full_week,shared_keeper_capacity_low,14,confidence_fragile,first_recovery_gate_open,128,371.25,31.9292324654,308.668704368,433.831295632,720,0,0,720,720,720,0,720,0.515625,0,0
16,full_week__capacity_14__confidence_fragile,full_week,shared_keeper_capacity_low,14,confidence_fragile,recovery_gate_reopenings,128,0,0,0,0,0,0,0,0,0,0,0,0,0,0,0
16,full_week__capacity_14__confidence_fragile,full_week,shared_keeper_capacity_low,14,confidence_fragile,cumulative_panic_contribution,128,549.515160523,2.76523706124,544.095295883,554.935025164,555.420837795,545.079801985,551.724799578,557.79435,557.79435,557.79435,346.794820645,557.79435,1,0,0
16,full_week__capacity_14__confidence_fragile,full_week,shared_keeper_capacity_low,14,confidence_fragile,maximum_panic_contribution,128,0.768661918945,0.00346676308545,0.761867063298,0.775456774593,0.774714375,0.774714375,0.774714375,0.774714375,0.774714375,0.774714375,0.51647625,0.774714375,1,0,0
17,full_week__capacity_26__stage1_only,full_week,shared_keeper_capacity_central,26,stage1_only,backlog_area_dai_hours,128,3066192.30723,218426.891897,2638075.59912,3494309.01535,2245563.30798,583411.244194,1452808.76356,4196704.79764,6235056.97085,7628119.89782,144445.763651,16670642.2285,1,0,0
17,full_week__capacity_26__stage1_only,full_week,shared_keeper_capacity_central,26,stage1_only,maximum_unresolved_tab_dai,128,587982.997526,37088.166374,515290.191433,660675.803619,492128.713433,66689.0805311,255886.291041,870649.201901,1221538.74142,1398865.45285,37733.8517008,1770834.97455,1,0,0
17,full_week__capacity_26__stage1_only,full_week,shared_keeper_capacity_central,26,stage1_only,cumulative_realised_bad_debt_dai,128,3.45380460592e-13,1.37496764993e-13,7.58868012067e-14,6.14874119978e-13,3.41071560063e-14,0,0,1.3141221275e-13,5.06518519199e-13,1.27382620414e-12,0,1.63460506935e-11,0.578125,0,0
17,full_week__capacity_26__stage1_only,full_week,shared_keeper_capacity_central,26,stage1_only,below_peg_burden,128,0.263192585361,0.0047828842023,0.253818132325,0.272567038398,0.262686495149,0.181320123472,0.226688404831,0.305397070585,0.331809655218,0.349755143596,0.150984558752,0.413130215786,1,0,0
17,full_week__capacity_26__stage1_only,full_week,shared_keeper_capacity_central,26,stage1_only,restricted_mean_recovery_time,128,83.4296875,16.9764545852,50.1558365129,116.703538487,0,0,0,0,443.3,583.3,0,720,0.2265625,2,0
17,full_week__capacity_26__stage1_only,full_week,shared_keeper_capacity_central,26,stage1_only,unsafe_vault_count,128,137.671875,0.881382052638,135.944366177,139.399383823,138,122,131,144.25,150,152,104,156,1,0,0
17,full_week__capacity_26__stage1_only,full_week,shared_keeper_capacity_central,26,stage1_only,peak_unsafe_share,128,0.27534375,0.00176276410528,0.271888732354,0.278798767646,0.276,0.244,0.262,0.2885,0.3,0.304,0.208,0.312,1,0,0
17,full_week__capacity_26__stage1_only,full_week,shared_keeper_capacity_central,26,stage1_only,newly_unsafe_count,128,137.671875,0.881382052638,135.944366177,139.399383823,138,122,131,144.25,150,152,104,156,1,0,0
17,full_week__capacity_26__stage1_only,full_week,shared_keeper_capacity_central,26,stage1_only,cumulative_arrival_count,128,221.4609375,7.9863695886,205.807653106,237.114221894,186,117.4,146.75,301,355.3,382.95,85,457,1,0,0
17,full_week__capacity_26__stage1_only,full_week,shared_keeper_capacity_central,26,stage1_only,cumulative_attempts,128,152.40625,3.90354039881,144.755310818,160.057189182,140,103.35,121.75,179.25,212.6,228.3,73,320,1,0,0
17,full_week__capacity_26__stage1_only,full_week,shared_keeper_capacity_central,26,stage1_only,cumulative_successful_closures,128,111.5546875,1.27493865617,109.055807734,114.053567266,112,86.7,103,122,130.3,134,73,138,1,0,0
17,full_week__capacity_26__stage1_only,full_week,shared_keeper_capacity_central,26,stage1_only,cumulative_capacity_rejected,128,10.578125,1.06757469076,8.48567860611,12.6705713939,4.5,0,0,19,20.3,33.3,0,52,0.6328125,0,0
17,full_week__capacity_26__stage1_only,full_week,shared_keeper_capacity_central,26,stage1_only,cumulative_unprofitable_attempts,128,40.8515625,4.366063565,32.2940779126,49.4090470874,17,0,2.75,77,110.3,139.85,0,219,0.8125,0,0
17,full_week__capacity_26__stage1_only,full_week,shared_keeper_capacity_central,26,stage1_only,binding_hours,128,0.921875,0.0789084730625,0.767214392797,1.0765356072,1,0,0,1,2,2.65,0,4,0.6328125,0,0
17,full_week__capacity_26__stage1_only,full_week,shared_keeper_capacity_central,26,stage1_only,positive_demand_hours,128,22.0390625,0.816853294113,20.4380300435,23.6400949565,19,11,14,30,34,39,9,47,1,0,0
17,full_week__capacity_26__stage1_only,full_week,shared_keeper_capacity_central,26,stage1_only,mean_capacity_utilisation,128,0.290619380281,0.00744806035732,0.276021181981,0.305217578581,0.266817496229,0.183433886375,0.225466200466,0.337172442942,0.423076923077,0.460314685315,0.145192307692,0.534615384615,1,0,0
17,full_week__capacity_26__stage1_only,full_week,shared_keeper_capacity_central,26,stage1_only,maximum_capacity_utilisation,128,0.954326923077,0.00765233690747,0.939328342738,0.969325503416,1,0.769230769231,0.923076923077,1,1,1,0.538461538462,1,1,0,0
17,full_week__capacity_26__stage1_only,full_week,shared_keeper_capacity_central,26,stage1_only,maximum_attempts_one_hour,128,24.8125,0.198960759594,24.4225369112,25.2024630888,26,20,24,26,26,26,14,26,1,0,0
17,full_week__capacity_26__stage1_only,full_week,shared_keeper_capacity_central,26,stage1_only,cumulative_debt_repaid_dai,128,773630.100385,35445.9273449,704156.082789,843104.117981,640759.766426,244618.889574,483932.466968,990313.095133,1405246.50539,1556230.63281,132666.169989,1816459.86069,1,0,0
17,full_week__capacity_26__stage1_only,full_week,shared_keeper_capacity_central,26,stage1_only,completed_liquidation_count,128,111.5546875,1.27493865617,109.055807734,114.053567266,112,86.7,103,122,130.3,134,73,138,1,0,0
17,full_week__capacity_26__stage1_only,full_week,shared_keeper_capacity_central,26,stage1_only,unresolved_vault_count,128,0,0,0,0,0,0,0,0,0,0,0,0,0,0,0
17,full_week__capacity_26__stage1_only,full_week,shared_keeper_capacity_central,26,stage1_only,unresolved_tab_at_horizon_dai,128,0,0,0,0,0,0,0,0,0,0,0,0,0,0,0
17,full_week__capacity_26__stage1_only,full_week,shared_keeper_capacity_central,26,stage1_only,maximum_backlog_duration,128,63.2109375,2.2263535525,58.8472845371,67.5745904629,58,29.7,41.75,85,89.1,112.3,12,114,1,0,0
17,full_week__capacity_26__stage1_only,full_week,shared_keeper_capacity_central,26,stage1_only,active_bad_debt_at_horizon_dai,128,0,0,0,0,0,0,0,0,0,0,0,0,0,0,0
17,full_week__capacity_26__stage1_only,full_week,shared_keeper_capacity_central,26,stage1_only,maximum_active_bad_debt_dai,128,6048.70373235,666.383016032,4742.59302092,7354.81444377,2409.82307206,318.342573063,933.645843112,9789.07703546,17220.9979995,21448.939645,108.532785898,45880.0502356,1,0,0
17,full_week__capacity_26__stage1_only,full_week,shared_keeper_capacity_central,26,stage1_only,keeper_profit_dai,128,99155.1964068,4608.42999256,90122.6736214,108187.719192,82081.5586089,30281.840345,60994.7474293,127438.66028,182142.859879,200704.094628,16981.687046,233719.953248,1,0,0
17,full_week__capacity_26__stage1_only,full_week,shared_keeper_capacity_central,26,stage1_only,recovered_before_execution_count,128,20.328125,0.930013372964,18.505298789,22.150951211,20,4.35,12,27.25,33,38.3,1,55,1,0,0
17,full_week__capacity_26__stage1_only,full_week,shared_keeper_capacity_central,26,stage1_only,recovered_before_closure_count,128,26.1171875,1.15546145668,23.8524830449,28.3818919551,24.5,6.35,16,34.25,45,48,1,56,1,0,0
17,full_week__capacity_26__stage1_only,full_week,shared_keeper_capacity_central,26,stage1_only,minimum_dai_price,128,0.99589887162,0.000107618453343,0.995687939452,0.996109803789,0.996083449013,0.994214415089,0.995372580456,0.99663541423,0.997115656652,0.997286505724,0.987714822789,0.998047215903,1,0,0
17,full_week__capacity_26__stage1_only,full_week,shared_keeper_capacity_central,26,stage1_only,maximum_negative_peg_deviation,128,0.00410112837967,0.000107618453343,0.00389019621111,0.00431206054822,0.00391655098666,0.00271349427578,0.00336458577028,0.00462741954368,0.00554971726378,0.00578558491057,0.00195278409654,0.0122851772106,1,0,0
17,full_week__capacity_26__stage1_only,full_week,shared_keeper_capacity_central,26,stage1_only,mean_absolute_peg_deviation,128,0.000599069720032,7.55931884015e-06,0.000584253455105,0.000613885984958,0.000593709976874,0.000479242323426,0.000536815718169,0.000654766512953,0.000715557446853,0.000759179030332,0.000403395132484,0.000806803799634,1,0,0
17,full_week__capacity_26__stage1_only,full_week,shared_keeper_capacity_central,26,stage1_only,hours_below_0995,128,0.3359375,0.0703944732135,0.197964332502,0.473910667498,0,0,0,0,1.3,2,0,5,0.1953125,0,0
17,full_week__capacity_26__stage1_only,full_week,shared_keeper_capacity_central,26,stage1_only,hours_above_1005,128,0.0546875,0.0338415456991,-0.0116419295703,0.12101692957,0,0,0,0,0,0,0,4,0.03125,0,0
17,full_week__capacity_26__stage1_only,full_week,shared_keeper_capacity_central,26,stage1_only,first_return_time,128,77.9375,16.2659928494,46.0561540152,109.818845985,0,0,0,0,415.8,559.3,0,700,0.2265625,0,0
17,full_week__capacity_26__stage1_only,full_week,shared_keeper_capacity_central,26,stage1_only,failed_recovery_attempts,128,0.0234375,0.0134246757153,-0.00287486440199,0.049749864402,0,0,0,0,0,0,0,1,0.0234375,0,0
17,full_week__capacity_26__stage1_only,full_week,shared_keeper_capacity_central,26,stage1_only,recovery_probability_168h,128,0.8359375,0.0328616757488,0.771528615532,0.900346384468,1,0,1,1,1,1,0,1,0.8359375,0,0
17,full_week__capacity_26__stage1_only,full_week,shared_keeper_capacity_central,26,stage1_only,recovery_probability_336h,128,0.8828125,0.0285412520685,0.826871645946,0.938753354054,1,0,1,1,1,1,0,1,0.8828125,0,0
17,full_week__capacity_26__stage1_only,full_week,shared_keeper_capacity_central,26,stage1_only,recovery_probability_720h,128,0.984375,0.0110049592883,0.962805279795,1.00594472021,1,1,1,1,1,1,0,1,0.984375,0,0
17,full_week__capacity_26__stage1_only,full_week,shared_keeper_capacity_central,26,stage1_only,final_dai_price,128,0.999916082633,7.66447477068e-05,0.999765858928,1.00006630634,0.999826174005,0.998783319315,0.999395002762,1.00036523351,1.00101899435,1.00168594523,0.997353376921,1.00258834649,1,0,0
17,full_week__capacity_26__stage1_only,full_week,shared_keeper_capacity_central,26,stage1_only,final_peg_band_status,128,1,0,1,1,1,1,1,1,1,1,1,1,1,0,0
17,full_week__capacity_26__stage1_only,full_week,shared_keeper_capacity_central,26,stage1_only,minimum_confidence,128,1,0,1,1,1,1,1,1,1,1,1,1,1,0,0
17,full_week__capacity_26__stage1_only,full_week,shared_keeper_capacity_central,26,stage1_only,mean_confidence_loss,128,0,0,0,0,0,0,0,0,0,0,0,0,0,0,0
17,full_week__capacity_26__stage1_only,full_week,shared_keeper_capacity_central,26,stage1_only,confidence_at_horizon,128,1,0,1,1,1,1,1,1,1,1,1,1,1,0,0
17,full_week__capacity_26__stage1_only,full_week,shared_keeper_capacity_central,26,stage1_only,hours_at_confidence_floor,128,0,0,0,0,0,0,0,0,0,0,0,0,0,0,0
17,full_week__capacity_26__stage1_only,full_week,shared_keeper_capacity_central,26,stage1_only,hours_recovery_gate_closed,128,0,0,0,0,0,0,0,0,0,0,0,0,0,0,0
17,full_week__capacity_26__stage1_only,full_week,shared_keeper_capacity_central,26,stage1_only,first_recovery_gate_open,128,720,0,720,720,720,720,720,720,720,720,720,720,1,0,0
17,full_week__capacity_26__stage1_only,full_week,shared_keeper_capacity_central,26,stage1_only,recovery_gate_reopenings,128,0,0,0,0,0,0,0,0,0,0,0,0,0,0,0
17,full_week__capacity_26__stage1_only,full_week,shared_keeper_capacity_central,26,stage1_only,cumulative_panic_contribution,128,0,0,0,0,0,0,0,0,0,0,0,0,0,0,0
17,full_week__capacity_26__stage1_only,full_week,shared_keeper_capacity_central,26,stage1_only,maximum_panic_contribution,128,0,0,0,0,0,0,0,0,0,0,0,0,0,0,0
18,full_week__capacity_26__confidence_resilient,full_week,shared_keeper_capacity_central,26,confidence_resilient,backlog_area_dai_hours,128,3066192.30723,218426.891897,2638075.59912,3494309.01535,2245563.30798,583411.244194,1452808.76356,4196704.79764,6235056.97085,7628119.89782,144445.763651,16670642.2285,1,0,0
18,full_week__capacity_26__confidence_resilient,full_week,shared_keeper_capacity_central,26,confidence_resilient,maximum_unresolved_tab_dai,128,587982.997526,37088.166374,515290.191433,660675.803619,492128.713433,66689.0805311,255886.291041,870649.201901,1221538.74142,1398865.45285,37733.8517008,1770834.97455,1,0,0
18,full_week__capacity_26__confidence_resilient,full_week,shared_keeper_capacity_central,26,confidence_resilient,cumulative_realised_bad_debt_dai,128,3.45380460592e-13,1.37496764993e-13,7.58868012067e-14,6.14874119978e-13,3.41071560063e-14,0,0,1.3141221275e-13,5.06518519199e-13,1.27382620414e-12,0,1.63460506935e-11,0.578125,0,0
18,full_week__capacity_26__confidence_resilient,full_week,shared_keeper_capacity_central,26,confidence_resilient,below_peg_burden,128,235.101486707,7.2681182598,220.855974918,249.346998497,263.99160252,0.336882506458,247.763668349,275.096766369,284.490625856,289.425272757,0.251805544347,319.419230775,1,0,0
18,full_week__capacity_26__confidence_resilient,full_week,shared_keeper_capacity_central,26,confidence_resilient,restricted_mean_recovery_time,128,656.953125,17.4047989078,622.839719141,691.066530859,720,0,720,720,720,720,0,720,0.9375,115,0
18,full_week__capacity_26__confidence_resilient,full_week,shared_keeper_capacity_central,26,confidence_resilient,unsafe_vault_count,128,137.671875,0.881382052638,135.944366177,139.399383823,138,122,131,144.25,150,152,104,156,1,0,0
18,full_week__capacity_26__confidence_resilient,full_week,shared_keeper_capacity_central,26,confidence_resilient,peak_unsafe_share,128,0.27534375,0.00176276410528,0.271888732354,0.278798767646,0.276,0.244,0.262,0.2885,0.3,0.304,0.208,0.312,1,0,0
18,full_week__capacity_26__confidence_resilient,full_week,shared_keeper_capacity_central,26,confidence_resilient,newly_unsafe_count,128,137.671875,0.881382052638,135.944366177,139.399383823,138,122,131,144.25,150,152,104,156,1,0,0
18,full_week__capacity_26__confidence_resilient,full_week,shared_keeper_capacity_central,26,confidence_resilient,cumulative_arrival_count,128,221.4609375,7.9863695886,205.807653106,237.114221894,186,117.4,146.75,301,355.3,382.95,85,457,1,0,0
18,full_week__capacity_26__confidence_resilient,full_week,shared_keeper_capacity_central,26,confidence_resilient,cumulative_attempts,128,152.40625,3.90354039881,144.755310818,160.057189182,140,103.35,121.75,179.25,212.6,228.3,73,320,1,0,0
18,full_week__capacity_26__confidence_resilient,full_week,shared_keeper_capacity_central,26,confidence_resilient,cumulative_successful_closures,128,111.5546875,1.27493865617,109.055807734,114.053567266,112,86.7,103,122,130.3,134,73,138,1,0,0
18,full_week__capacity_26__confidence_resilient,full_week,shared_keeper_capacity_central,26,confidence_resilient,cumulative_capacity_rejected,128,10.578125,1.06757469076,8.48567860611,12.6705713939,4.5,0,0,19,20.3,33.3,0,52,0.6328125,0,0
18,full_week__capacity_26__confidence_resilient,full_week,shared_keeper_capacity_central,26,confidence_resilient,cumulative_unprofitable_attempts,128,40.8515625,4.366063565,32.2940779126,49.4090470874,17,0,2.75,77,110.3,139.85,0,219,0.8125,0,0
18,full_week__capacity_26__confidence_resilient,full_week,shared_keeper_capacity_central,26,confidence_resilient,binding_hours,128,0.921875,0.0789084730625,0.767214392797,1.0765356072,1,0,0,1,2,2.65,0,4,0.6328125,0,0
18,full_week__capacity_26__confidence_resilient,full_week,shared_keeper_capacity_central,26,confidence_resilient,positive_demand_hours,128,22.0390625,0.816853294113,20.4380300435,23.6400949565,19,11,14,30,34,39,9,47,1,0,0
18,full_week__capacity_26__confidence_resilient,full_week,shared_keeper_capacity_central,26,confidence_resilient,mean_capacity_utilisation,128,0.290619380281,0.00744806035732,0.276021181981,0.305217578581,0.266817496229,0.183433886375,0.225466200466,0.337172442942,0.423076923077,0.460314685315,0.145192307692,0.534615384615,1,0,0
18,full_week__capacity_26__confidence_resilient,full_week,shared_keeper_capacity_central,26,confidence_resilient,maximum_capacity_utilisation,128,0.954326923077,0.00765233690747,0.939328342738,0.969325503416,1,0.769230769231,0.923076923077,1,1,1,0.538461538462,1,1,0,0
18,full_week__capacity_26__confidence_resilient,full_week,shared_keeper_capacity_central,26,confidence_resilient,maximum_attempts_one_hour,128,24.8125,0.198960759594,24.4225369112,25.2024630888,26,20,24,26,26,26,14,26,1,0,0
18,full_week__capacity_26__confidence_resilient,full_week,shared_keeper_capacity_central,26,confidence_resilient,cumulative_debt_repaid_dai,128,773630.100385,35445.9273449,704156.082789,843104.117981,640759.766426,244618.889574,483932.466968,990313.095133,1405246.50539,1556230.63281,132666.169989,1816459.86069,1,0,0
18,full_week__capacity_26__confidence_resilient,full_week,shared_keeper_capacity_central,26,confidence_resilient,completed_liquidation_count,128,111.5546875,1.27493865617,109.055807734,114.053567266,112,86.7,103,122,130.3,134,73,138,1,0,0
18,full_week__capacity_26__confidence_resilient,full_week,shared_keeper_capacity_central,26,confidence_resilient,unresolved_vault_count,128,0,0,0,0,0,0,0,0,0,0,0,0,0,0,0
18,full_week__capacity_26__confidence_resilient,full_week,shared_keeper_capacity_central,26,confidence_resilient,unresolved_tab_at_horizon_dai,128,0,0,0,0,0,0,0,0,0,0,0,0,0,0,0
18,full_week__capacity_26__confidence_resilient,full_week,shared_keeper_capacity_central,26,confidence_resilient,maximum_backlog_duration,128,63.2109375,2.2263535525,58.8472845371,67.5745904629,58,29.7,41.75,85,89.1,112.3,12,114,1,0,0
18,full_week__capacity_26__confidence_resilient,full_week,shared_keeper_capacity_central,26,confidence_resilient,active_bad_debt_at_horizon_dai,128,0,0,0,0,0,0,0,0,0,0,0,0,0,0,0
18,full_week__capacity_26__confidence_resilient,full_week,shared_keeper_capacity_central,26,confidence_resilient,maximum_active_bad_debt_dai,128,6048.70373235,666.383016032,4742.59302092,7354.81444377,2409.82307206,318.342573063,933.645843112,9789.07703546,17220.9979995,21448.939645,108.532785898,45880.0502356,1,0,0
18,full_week__capacity_26__confidence_resilient,full_week,shared_keeper_capacity_central,26,confidence_resilient,keeper_profit_dai,128,99155.1964068,4608.42999256,90122.6736214,108187.719192,82081.5586089,30281.840345,60994.7474293,127438.66028,182142.859879,200704.094628,16981.687046,233719.953248,1,0,0
18,full_week__capacity_26__confidence_resilient,full_week,shared_keeper_capacity_central,26,confidence_resilient,recovered_before_execution_count,128,20.328125,0.930013372964,18.505298789,22.150951211,20,4.35,12,27.25,33,38.3,1,55,1,0,0
18,full_week__capacity_26__confidence_resilient,full_week,shared_keeper_capacity_central,26,confidence_resilient,recovered_before_closure_count,128,26.1171875,1.15546145668,23.8524830449,28.3818919551,24.5,6.35,16,34.25,45,48,1,56,1,0,0
18,full_week__capacity_26__confidence_resilient,full_week,shared_keeper_capacity_central,26,confidence_resilient,minimum_dai_price,128,0.543711620472,0.0123417345003,0.519521820852,0.567901420093,0.5,0.5,0.5,0.5,0.5,0.995530359876,0.5,0.997044511673,1,0,0
18,full_week__capacity_26__confidence_resilient,full_week,shared_keeper_capacity_central,26,confidence_resilient,maximum_negative_peg_deviation,128,0.456288379528,0.0123417345003,0.432098579907,0.480478179148,0.5,0.00446964012408,0.5,0.5,0.5,0.5,0.00295548832694,0.5,1,0,0
18,full_week__capacity_26__confidence_resilient,full_week,shared_keeper_capacity_central,26,confidence_resilient,mean_absolute_peg_deviation,128,0.326561288644,0.0100885443226,0.306787741772,0.346334835517,0.366656076339,0.000794335608674,0.344117590465,0.382078907986,0.395125991114,0.401979545495,0.000542896756869,0.443637820521,1,0,0
18,full_week__capacity_26__confidence_resilient,full_week,shared_keeper_capacity_central,26,confidence_resilient,hours_below_0995,128,601.6953125,17.7971833187,566.812833195,636.577791805,674,0,647.75,694.25,705,710.65,0,720,0.9296875,0,0
18,full_week__capacity_26__confidence_resilient,full_week,shared_keeper_capacity_central,26,confidence_resilient,hours_above_1005,128,0.0078125,0.0078125,-0.0075,0.023125,0,0,0,0,0,0,0,1,0.0078125,0,0
18,full_week__capacity_26__confidence_resilient,full_week,shared_keeper_capacity_central,26,confidence_resilient,first_return_time,128,407.6328125,29.7024198338,349.416069626,465.849555374,720,0,42.75,720,720,720,0,720,0.9375,0,0
18,full_week__capacity_26__confidence_resilient,full_week,shared_keeper_capacity_central,26,confidence_resilient,failed_recovery_attempts,128,0.6015625,0.0981746819598,0.409140123359,0.793984876641,0,0,0,1,2,2,0,6,0.375,0,0
18,full_week__capacity_26__confidence_resilient,full_week,shared_keeper_capacity_central,26,confidence_resilient,recovery_probability_168h,128,0.0859375,0.0248700949493,0.0371921138994,0.134682886101,0,0,0,0,0,1,0,1,0.0859375,0,0
18,full_week__capacity_26__confidence_resilient,full_week,shared_keeper_capacity_central,26,confidence_resilient,recovery_probability_336h,128,0.0859375,0.0248700949493,0.0371921138994,0.134682886101,0,0,0,0,0,1,0,1,0.0859375,0,0
18,full_week__capacity_26__confidence_resilient,full_week,shared_keeper_capacity_central,26,confidence_resilient,recovery_probability_720h,128,0.1015625,0.0268045651585,0.0490255522893,0.154099447711,0,0,0,0,0.3,1,0,1,0.1015625,0,0
18,full_week__capacity_26__confidence_resilient,full_week,shared_keeper_capacity_central,26,confidence_resilient,final_dai_price,128,0.544121995927,0.0124599638346,0.519700466811,0.568543525043,0.5,0.5,0.5,0.5,0.5,0.999819488762,0.5,1.00192711687,1,0,0
18,full_week__capacity_26__confidence_resilient,full_week,shared_keeper_capacity_central,26,confidence_resilient,final_peg_band_status,128,0.0859375,0.0248700949493,0.0371921138994,0.134682886101,0,0,0,0,0,1,0,1,0.0859375,0,0
18,full_week__capacity_26__confidence_resilient,full_week,shared_keeper_capacity_central,26,confidence_resilient,minimum_confidence,128,0.75,0,0.75,0.75,0.75,0.75,0.75,0.75,0.75,0.75,0.75,0.75,1,0,0
18,full_week__capacity_26__confidence_resilient,full_week,shared_keeper_capacity_central,26,confidence_resilient,mean_confidence_loss,128,0.228306080892,0.00517657190571,0.218159999957,0.238452161827,0.249825673821,0.0545944844552,0.249790288943,0.249878601798,0.249924199058,0.249953141247,0.0355198368627,0.25,1,0,0
18,full_week__capacity_26__confidence_resilient,full_week,shared_keeper_capacity_central,26,confidence_resilient,confidence_at_horizon,128,0.769907246078,0.00578496106486,0.758568722391,0.781245769765,0.75,0.75,0.75,0.75,0.75,0.982806782286,0.75,0.999568278548,1,0,0
18,full_week__capacity_26__confidence_resilient,full_week,shared_keeper_capacity_central,26,confidence_resilient,hours_at_confidence_floor,128,648.4765625,16.6275935046,615.886479231,681.066645769,718,84.95,718,719,719,719,35,720,1,0,0
18,full_week__capacity_26__confidence_resilient,full_week,shared_keeper_capacity_central,26,confidence_resilient,hours_recovery_gate_closed,128,649.5625,16.5446512799,617.134983491,681.990016509,719,92.15,719,719,719,719,35,720,1,0,0
18,full_week__capacity_26__confidence_resilient,full_week,shared_keeper_capacity_central,26,confidence_resilient,first_recovery_gate_open,128,16.875,9.66576651502,-2.06990236943,35.8199023694,0,0,0,0,0,0,0,720,0.0234375,0,0
18,full_week__capacity_26__confidence_resilient,full_week,shared_keeper_capacity_central,26,confidence_resilient,recovery_gate_reopenings,128,0.2109375,0.0394542365313,0.133607196399,0.288267803601,0,0,0,0,1,1,0,2,0.1953125,0,0
18,full_week__capacity_26__confidence_resilient,full_week,shared_keeper_capacity_central,26,confidence_resilient,cumulative_panic_contribution,128,40.3922468056,1.25029002273,37.9416783611,42.8428152502,45.3623849254,0.0248452726077,42.5685557796,47.2743948734,48.8914691846,49.7410405344,0.012063814277,54.9097693177,1,0,0
18,full_week__capacity_26__confidence_resilient,full_week,shared_keeper_capacity_central,26,confidence_resilient,maximum_panic_contribution,128,0.0785266036137,0.0021303892159,0.0743510407505,0.0827021664769,0.086079375,0.000640729522845,0.086079375,0.086079375,0.086079375,0.086079375,0.000336790011062,0.086079375,1,0,0
19,full_week__capacity_26__confidence_central,full_week,shared_keeper_capacity_central,26,confidence_central,backlog_area_dai_hours,128,3066192.30723,218426.891897,2638075.59912,3494309.01535,2245563.30798,583411.244194,1452808.76356,4196704.79764,6235056.97085,7628119.89782,144445.763651,16670642.2285,1,0,0
19,full_week__capacity_26__confidence_central,full_week,shared_keeper_capacity_central,26,confidence_central,maximum_unresolved_tab_dai,128,587982.997526,37088.166374,515290.191433,660675.803619,492128.713433,66689.0805311,255886.291041,870649.201901,1221538.74142,1398865.45285,37733.8517008,1770834.97455,1,0,0
19,full_week__capacity_26__confidence_central,full_week,shared_keeper_capacity_central,26,confidence_central,cumulative_realised_bad_debt_dai,128,3.45380460592e-13,1.37496764993e-13,7.58868012067e-14,6.14874119978e-13,3.41071560063e-14,0,0,1.3141221275e-13,5.06518519199e-13,1.27382620414e-12,0,1.63460506935e-11,0.578125,0,0
19,full_week__capacity_26__confidence_central,full_week,shared_keeper_capacity_central,26,confidence_central,below_peg_burden,128,353.881025398,0.486241914916,352.927991244,354.834059551,354.185966833,343.432088004,352.768556789,356.466183172,360,360,323.206783431,360,1,0,0
19,full_week__capacity_26__confidence_central,full_week,shared_keeper_capacity_central,26,confidence_central,restricted_mean_recovery_time,128,720,0,720,720,720,720,720,720,720,720,720,720,1,128,0
19,full_week__capacity_26__confidence_central,full_week,shared_keeper_capacity_central,26,confidence_central,unsafe_vault_count,128,137.671875,0.881382052638,135.944366177,139.399383823,138,122,131,144.25,150,152,104,156,1,0,0
19,full_week__capacity_26__confidence_central,full_week,shared_keeper_capacity_central,26,confidence_central,peak_unsafe_share,128,0.27534375,0.00176276410528,0.271888732354,0.278798767646,0.276,0.244,0.262,0.2885,0.3,0.304,0.208,0.312,1,0,0
19,full_week__capacity_26__confidence_central,full_week,shared_keeper_capacity_central,26,confidence_central,newly_unsafe_count,128,137.671875,0.881382052638,135.944366177,139.399383823,138,122,131,144.25,150,152,104,156,1,0,0
19,full_week__capacity_26__confidence_central,full_week,shared_keeper_capacity_central,26,confidence_central,cumulative_arrival_count,128,221.4609375,7.9863695886,205.807653106,237.114221894,186,117.4,146.75,301,355.3,382.95,85,457,1,0,0
19,full_week__capacity_26__confidence_central,full_week,shared_keeper_capacity_central,26,confidence_central,cumulative_attempts,128,152.40625,3.90354039881,144.755310818,160.057189182,140,103.35,121.75,179.25,212.6,228.3,73,320,1,0,0
19,full_week__capacity_26__confidence_central,full_week,shared_keeper_capacity_central,26,confidence_central,cumulative_successful_closures,128,111.5546875,1.27493865617,109.055807734,114.053567266,112,86.7,103,122,130.3,134,73,138,1,0,0
19,full_week__capacity_26__confidence_central,full_week,shared_keeper_capacity_central,26,confidence_central,cumulative_capacity_rejected,128,10.578125,1.06757469076,8.48567860611,12.6705713939,4.5,0,0,19,20.3,33.3,0,52,0.6328125,0,0
19,full_week__capacity_26__confidence_central,full_week,shared_keeper_capacity_central,26,confidence_central,cumulative_unprofitable_attempts,128,40.8515625,4.366063565,32.2940779126,49.4090470874,17,0,2.75,77,110.3,139.85,0,219,0.8125,0,0
19,full_week__capacity_26__confidence_central,full_week,shared_keeper_capacity_central,26,confidence_central,binding_hours,128,0.921875,0.0789084730625,0.767214392797,1.0765356072,1,0,0,1,2,2.65,0,4,0.6328125,0,0
19,full_week__capacity_26__confidence_central,full_week,shared_keeper_capacity_central,26,confidence_central,positive_demand_hours,128,22.0390625,0.816853294113,20.4380300435,23.6400949565,19,11,14,30,34,39,9,47,1,0,0
19,full_week__capacity_26__confidence_central,full_week,shared_keeper_capacity_central,26,confidence_central,mean_capacity_utilisation,128,0.290619380281,0.00744806035732,0.276021181981,0.305217578581,0.266817496229,0.183433886375,0.225466200466,0.337172442942,0.423076923077,0.460314685315,0.145192307692,0.534615384615,1,0,0
19,full_week__capacity_26__confidence_central,full_week,shared_keeper_capacity_central,26,confidence_central,maximum_capacity_utilisation,128,0.954326923077,0.00765233690747,0.939328342738,0.969325503416,1,0.769230769231,0.923076923077,1,1,1,0.538461538462,1,1,0,0
19,full_week__capacity_26__confidence_central,full_week,shared_keeper_capacity_central,26,confidence_central,maximum_attempts_one_hour,128,24.8125,0.198960759594,24.4225369112,25.2024630888,26,20,24,26,26,26,14,26,1,0,0
19,full_week__capacity_26__confidence_central,full_week,shared_keeper_capacity_central,26,confidence_central,cumulative_debt_repaid_dai,128,773630.100385,35445.9273449,704156.082789,843104.117981,640759.766426,244618.889574,483932.466968,990313.095133,1405246.50539,1556230.63281,132666.169989,1816459.86069,1,0,0
19,full_week__capacity_26__confidence_central,full_week,shared_keeper_capacity_central,26,confidence_central,completed_liquidation_count,128,111.5546875,1.27493865617,109.055807734,114.053567266,112,86.7,103,122,130.3,134,73,138,1,0,0
19,full_week__capacity_26__confidence_central,full_week,shared_keeper_capacity_central,26,confidence_central,unresolved_vault_count,128,0,0,0,0,0,0,0,0,0,0,0,0,0,0,0
19,full_week__capacity_26__confidence_central,full_week,shared_keeper_capacity_central,26,confidence_central,unresolved_tab_at_horizon_dai,128,0,0,0,0,0,0,0,0,0,0,0,0,0,0,0
19,full_week__capacity_26__confidence_central,full_week,shared_keeper_capacity_central,26,confidence_central,maximum_backlog_duration,128,63.2109375,2.2263535525,58.8472845371,67.5745904629,58,29.7,41.75,85,89.1,112.3,12,114,1,0,0
19,full_week__capacity_26__confidence_central,full_week,shared_keeper_capacity_central,26,confidence_central,active_bad_debt_at_horizon_dai,128,0,0,0,0,0,0,0,0,0,0,0,0,0,0,0
19,full_week__capacity_26__confidence_central,full_week,shared_keeper_capacity_central,26,confidence_central,maximum_active_bad_debt_dai,128,6048.70373235,666.383016032,4742.59302092,7354.81444377,2409.82307206,318.342573063,933.645843112,9789.07703546,17220.9979995,21448.939645,108.532785898,45880.0502356,1,0,0
19,full_week__capacity_26__confidence_central,full_week,shared_keeper_capacity_central,26,confidence_central,keeper_profit_dai,128,99155.1964068,4608.42999256,90122.6736214,108187.719192,82081.5586089,30281.840345,60994.7474293,127438.66028,182142.859879,200704.094628,16981.687046,233719.953248,1,0,0
19,full_week__capacity_26__confidence_central,full_week,shared_keeper_capacity_central,26,confidence_central,recovered_before_execution_count,128,20.328125,0.930013372964,18.505298789,22.150951211,20,4.35,12,27.25,33,38.3,1,55,1,0,0
19,full_week__capacity_26__confidence_central,full_week,shared_keeper_capacity_central,26,confidence_central,recovered_before_closure_count,128,26.1171875,1.15546145668,23.8524830449,28.3818919551,24.5,6.35,16,34.25,45,48,1,56,1,0,0
19,full_week__capacity_26__confidence_central,full_week,shared_keeper_capacity_central,26,confidence_central,minimum_dai_price,128,0.5,0,0.5,0.5,0.5,0.5,0.5,0.5,0.5,0.5,0.5,0.5,1,0,0
19,full_week__capacity_26__confidence_central,full_week,shared_keeper_capacity_central,26,confidence_central,maximum_negative_peg_deviation,128,0.5,0,0.5,0.5,0.5,0.5,0.5,0.5,0.5,0.5,0.5,0.5,1,0,0
19,full_week__capacity_26__confidence_central,full_week,shared_keeper_capacity_central,26,confidence_central,mean_absolute_peg_deviation,128,0.491503839412,0.000674819826045,0.490181192553,0.492826486271,0.491924953935,0.477010621532,0.489956541379,0.495091921072,0.5,0.5,0.448922909769,0.5,1,0,0
19,full_week__capacity_26__confidence_central,full_week,shared_keeper_capacity_central,26,confidence_central,hours_below_0995,128,713.8046875,0.842262913333,712.15385219,715.45552281,716,695.05,713,720,720,720,654,720,1,0,0
19,full_week__capacity_26__confidence_central,full_week,shared_keeper_capacity_central,26,confidence_central,hours_above_1005,128,0,0,0,0,0,0,0,0,0,0,0,0,0,0,0
19,full_week__capacity_26__confidence_central,full_week,shared_keeper_capacity_central,26,confidence_central,first_return_time,128,714.390625,5.609375,703.39625,725.385,720,720,720,720,720,720,2,720,1,0,0
19,full_week__capacity_26__confidence_central,full_week,shared_keeper_capacity_central,26,confidence_central,failed_recovery_attempts,128,0.0078125,0.0078125,-0.0075,0.023125,0,0,0,0,0,0,0,1,0.0078125,0,0
19,full_week__capacity_26__confidence_central,full_week,shared_keeper_capacity_central,26,confidence_central,recovery_probability_168h,128,0,0,0,0,0,0,0,0,0,0,0,0,0,0,0
19,full_week__capacity_26__confidence_central,full_week,shared_keeper_capacity_central,26,confidence_central,recovery_probability_336h,128,0,0,0,0,0,0,0,0,0,0,0,0,0,0,0
19,full_week__capacity_26__confidence_central,full_week,shared_keeper_capacity_central,26,confidence_central,recovery_probability_720h,128,0,0,0,0,0,0,0,0,0,0,0,0,0,0,0
19,full_week__capacity_26__confidence_central,full_week,shared_keeper_capacity_central,26,confidence_central,final_dai_price,128,0.5,0,0.5,0.5,0.5,0.5,0.5,0.5,0.5,0.5,0.5,0.5,1,0,0
19,full_week__capacity_26__confidence_central,full_week,shared_keeper_capacity_central,26,confidence_central,final_peg_band_status,128,0,0,0,0,0,0,0,0,0,0,0,0,0,0,0
19,full_week__capacity_26__confidence_central,full_week,shared_keeper_capacity_central,26,confidence_central,minimum_confidence,128,0.5,0,0.5,0.5,0.5,0.5,0.5,0.5,0.5,0.5,0.5,0.5,1,0,0
19,full_week__capacity_26__confidence_central,full_week,shared_keeper_capacity_central,26,confidence_central,mean_confidence_loss,128,0.499644571375,2.18025326115e-05,0.499601838411,0.499687304339,0.499600075454,0.499312537394,0.499422754112,0.5,0.5,0.5,0.499305659119,0.5,1,0,0
19,full_week__capacity_26__confidence_central,full_week,shared_keeper_capacity_central,26,confidence_central,confidence_at_horizon,128,0.5,0,0.5,0.5,0.5,0.5,0.5,0.5,0.5,0.5,0.5,0.5,1,0,0
19,full_week__capacity_26__confidence_central,full_week,shared_keeper_capacity_central,26,confidence_central,hours_at_confidence_floor,128,715.953125,0.714364993799,714.552969612,717.353280388,718,707.35,716,720,720,720,661,720,1,0,0
19,full_week__capacity_26__confidence_central,full_week,shared_keeper_capacity_central,26,confidence_central,hours_recovery_gate_closed,128,719.2578125,0.0388156570856,719.181733812,719.333891188,719,719,719,720,720,720,719,720,1,0,0
19,full_week__capacity_26__confidence_central,full_week,shared_keeper_capacity_central,26,confidence_central,first_recovery_gate_open,128,185.625,27.9472731017,130.848344721,240.401655279,0,0,0,720,720,720,0,720,0.2578125,0,0
19,full_week__capacity_26__confidence_central,full_week,shared_keeper_capacity_central,26,confidence_central,recovery_gate_reopenings,128,0,0,0,0,0,0,0,0,0,0,0,0,0,0,0
19,full_week__capacity_26__confidence_central,full_week,shared_keeper_capacity_central,26,confidence_central,cumulative_panic_contribution,128,243.418834527,0.341717873976,242.749067494,244.08860156,243.560875049,236.155029351,242.584581788,245.134627494,247.9086,247.9086,222.227185808,247.9086,1,0,0
19,full_week__capacity_26__confidence_central,full_week,shared_keeper_capacity_central,26,confidence_central,maximum_panic_contribution,128,0.3443175,9.85163627805e-18,0.3443175,0.3443175,0.3443175,0.3443175,0.3443175,0.3443175,0.3443175,0.3443175,0.3443175,0.3443175,1,0,0
20,full_week__capacity_26__confidence_fragile,full_week,shared_keeper_capacity_central,26,confidence_fragile,backlog_area_dai_hours,128,3066192.30723,218426.891897,2638075.59912,3494309.01535,2245563.30798,583411.244194,1452808.76356,4196704.79764,6235056.97085,7628119.89782,144445.763651,16670642.2285,1,0,0
20,full_week__capacity_26__confidence_fragile,full_week,shared_keeper_capacity_central,26,confidence_fragile,maximum_unresolved_tab_dai,128,587982.997526,37088.166374,515290.191433,660675.803619,492128.713433,66689.0805311,255886.291041,870649.201901,1221538.74142,1398865.45285,37733.8517008,1770834.97455,1,0,0
20,full_week__capacity_26__confidence_fragile,full_week,shared_keeper_capacity_central,26,confidence_fragile,cumulative_realised_bad_debt_dai,128,3.45380460592e-13,1.37496764993e-13,7.58868012067e-14,6.14874119978e-13,3.41071560063e-14,0,0,1.3141221275e-13,5.06518519199e-13,1.27382620414e-12,0,1.63460506935e-11,0.578125,0,0
20,full_week__capacity_26__confidence_fragile,full_week,shared_keeper_capacity_central,26,confidence_fragile,below_peg_burden,128,357.573912255,0.335146622484,356.917024875,358.230799635,358.947766195,352.294453547,356.583671941,360,360,360,336.231624295,360,1,0,0
20,full_week__capacity_26__confidence_fragile,full_week,shared_keeper_capacity_central,26,confidence_fragile,restricted_mean_recovery_time,128,720,0,720,720,720,720,720,720,720,720,720,720,1,128,0
20,full_week__capacity_26__confidence_fragile,full_week,shared_keeper_capacity_central,26,confidence_fragile,unsafe_vault_count,128,137.671875,0.881382052638,135.944366177,139.399383823,138,122,131,144.25,150,152,104,156,1,0,0
20,full_week__capacity_26__confidence_fragile,full_week,shared_keeper_capacity_central,26,confidence_fragile,peak_unsafe_share,128,0.27534375,0.00176276410528,0.271888732354,0.278798767646,0.276,0.244,0.262,0.2885,0.3,0.304,0.208,0.312,1,0,0
20,full_week__capacity_26__confidence_fragile,full_week,shared_keeper_capacity_central,26,confidence_fragile,newly_unsafe_count,128,137.671875,0.881382052638,135.944366177,139.399383823,138,122,131,144.25,150,152,104,156,1,0,0
20,full_week__capacity_26__confidence_fragile,full_week,shared_keeper_capacity_central,26,confidence_fragile,cumulative_arrival_count,128,221.4609375,7.9863695886,205.807653106,237.114221894,186,117.4,146.75,301,355.3,382.95,85,457,1,0,0
20,full_week__capacity_26__confidence_fragile,full_week,shared_keeper_capacity_central,26,confidence_fragile,cumulative_attempts,128,152.40625,3.90354039881,144.755310818,160.057189182,140,103.35,121.75,179.25,212.6,228.3,73,320,1,0,0
20,full_week__capacity_26__confidence_fragile,full_week,shared_keeper_capacity_central,26,confidence_fragile,cumulative_successful_closures,128,111.5546875,1.27493865617,109.055807734,114.053567266,112,86.7,103,122,130.3,134,73,138,1,0,0
20,full_week__capacity_26__confidence_fragile,full_week,shared_keeper_capacity_central,26,confidence_fragile,cumulative_capacity_rejected,128,10.578125,1.06757469076,8.48567860611,12.6705713939,4.5,0,0,19,20.3,33.3,0,52,0.6328125,0,0
20,full_week__capacity_26__confidence_fragile,full_week,shared_keeper_capacity_central,26,confidence_fragile,cumulative_unprofitable_attempts,128,40.8515625,4.366063565,32.2940779126,49.4090470874,17,0,2.75,77,110.3,139.85,0,219,0.8125,0,0
20,full_week__capacity_26__confidence_fragile,full_week,shared_keeper_capacity_central,26,confidence_fragile,binding_hours,128,0.921875,0.0789084730625,0.767214392797,1.0765356072,1,0,0,1,2,2.65,0,4,0.6328125,0,0
20,full_week__capacity_26__confidence_fragile,full_week,shared_keeper_capacity_central,26,confidence_fragile,positive_demand_hours,128,22.0390625,0.816853294113,20.4380300435,23.6400949565,19,11,14,30,34,39,9,47,1,0,0
20,full_week__capacity_26__confidence_fragile,full_week,shared_keeper_capacity_central,26,confidence_fragile,mean_capacity_utilisation,128,0.290619380281,0.00744806035732,0.276021181981,0.305217578581,0.266817496229,0.183433886375,0.225466200466,0.337172442942,0.423076923077,0.460314685315,0.145192307692,0.534615384615,1,0,0
20,full_week__capacity_26__confidence_fragile,full_week,shared_keeper_capacity_central,26,confidence_fragile,maximum_capacity_utilisation,128,0.954326923077,0.00765233690747,0.939328342738,0.969325503416,1,0.769230769231,0.923076923077,1,1,1,0.538461538462,1,1,0,0
20,full_week__capacity_26__confidence_fragile,full_week,shared_keeper_capacity_central,26,confidence_fragile,maximum_attempts_one_hour,128,24.8125,0.198960759594,24.4225369112,25.2024630888,26,20,24,26,26,26,14,26,1,0,0
20,full_week__capacity_26__confidence_fragile,full_week,shared_keeper_capacity_central,26,confidence_fragile,cumulative_debt_repaid_dai,128,773630.100385,35445.9273449,704156.082789,843104.117981,640759.766426,244618.889574,483932.466968,990313.095133,1405246.50539,1556230.63281,132666.169989,1816459.86069,1,0,0
20,full_week__capacity_26__confidence_fragile,full_week,shared_keeper_capacity_central,26,confidence_fragile,completed_liquidation_count,128,111.5546875,1.27493865617,109.055807734,114.053567266,112,86.7,103,122,130.3,134,73,138,1,0,0
20,full_week__capacity_26__confidence_fragile,full_week,shared_keeper_capacity_central,26,confidence_fragile,unresolved_vault_count,128,0,0,0,0,0,0,0,0,0,0,0,0,0,0,0
20,full_week__capacity_26__confidence_fragile,full_week,shared_keeper_capacity_central,26,confidence_fragile,unresolved_tab_at_horizon_dai,128,0,0,0,0,0,0,0,0,0,0,0,0,0,0,0
20,full_week__capacity_26__confidence_fragile,full_week,shared_keeper_capacity_central,26,confidence_fragile,maximum_backlog_duration,128,63.2109375,2.2263535525,58.8472845371,67.5745904629,58,29.7,41.75,85,89.1,112.3,12,114,1,0,0
20,full_week__capacity_26__confidence_fragile,full_week,shared_keeper_capacity_central,26,confidence_fragile,active_bad_debt_at_horizon_dai,128,0,0,0,0,0,0,0,0,0,0,0,0,0,0,0
20,full_week__capacity_26__confidence_fragile,full_week,shared_keeper_capacity_central,26,confidence_fragile,maximum_active_bad_debt_dai,128,6048.70373235,666.383016032,4742.59302092,7354.81444377,2409.82307206,318.342573063,933.645843112,9789.07703546,17220.9979995,21448.939645,108.532785898,45880.0502356,1,0,0
20,full_week__capacity_26__confidence_fragile,full_week,shared_keeper_capacity_central,26,confidence_fragile,keeper_profit_dai,128,99155.1964068,4608.42999256,90122.6736214,108187.719192,82081.5586089,30281.840345,60994.7474293,127438.66028,182142.859879,200704.094628,16981.687046,233719.953248,1,0,0
20,full_week__capacity_26__confidence_fragile,full_week,shared_keeper_capacity_central,26,confidence_fragile,recovered_before_execution_count,128,20.328125,0.930013372964,18.505298789,22.150951211,20,4.35,12,27.25,33,38.3,1,55,1,0,0
20,full_week__capacity_26__confidence_fragile,full_week,shared_keeper_capacity_central,26,confidence_fragile,recovered_before_closure_count,128,26.1171875,1.15546145668,23.8524830449,28.3818919551,24.5,6.35,16,34.25,45,48,1,56,1,0,0
20,full_week__capacity_26__confidence_fragile,full_week,shared_keeper_capacity_central,26,confidence_fragile,minimum_dai_price,128,0.5,0,0.5,0.5,0.5,0.5,0.5,0.5,0.5,0.5,0.5,0.5,1,0,0
20,full_week__capacity_26__confidence_fragile,full_week,shared_keeper_capacity_central,26,confidence_fragile,maximum_negative_peg_deviation,128,0.5,0,0.5,0.5,0.5,0.5,0.5,0.5,0.5,0.5,0.5,0.5,1,0,0
20,full_week__capacity_26__confidence_fragile,full_week,shared_keeper_capacity_central,26,confidence_fragile,mean_absolute_peg_deviation,128,0.496631825651,0.000465034615586,0.495720357805,0.497543293498,0.498538564159,0.489304738335,0.495255099918,0.5,0.5,0.5,0.467009671358,0.5,1,0,0
20,full_week__capacity_26__confidence_fragile,full_week,shared_keeper_capacity_central,26,confidence_fragile,hours_below_0995,128,717.1796875,0.560932153759,716.080260479,718.279114521,720,708.35,717,720,720,720,678,720,1,0,0
20,full_week__capacity_26__confidence_fragile,full_week,shared_keeper_capacity_central,26,confidence_fragile,hours_above_1005,128,0,0,0,0,0,0,0,0,0,0,0,0,0,0,0
20,full_week__capacity_26__confidence_fragile,full_week,shared_keeper_capacity_central,26,confidence_fragile,first_return_time,128,720,0,720,720,720,720,720,720,720,720,720,720,1,0,0
20,full_week__capacity_26__confidence_fragile,full_week,shared_keeper_capacity_central,26,confidence_fragile,failed_recovery_attempts,128,0,0,0,0,0,0,0,0,0,0,0,0,0,0,0
20,full_week__capacity_26__confidence_fragile,full_week,shared_keeper_capacity_central,26,confidence_fragile,recovery_probability_168h,128,0,0,0,0,0,0,0,0,0,0,0,0,0,0,0
20,full_week__capacity_26__confidence_fragile,full_week,shared_keeper_capacity_central,26,confidence_fragile,recovery_probability_336h,128,0,0,0,0,0,0,0,0,0,0,0,0,0,0,0
20,full_week__capacity_26__confidence_fragile,full_week,shared_keeper_capacity_central,26,confidence_fragile,recovery_probability_720h,128,0,0,0,0,0,0,0,0,0,0,0,0,0,0,0
20,full_week__capacity_26__confidence_fragile,full_week,shared_keeper_capacity_central,26,confidence_fragile,final_dai_price,128,0.5,0,0.5,0.5,0.5,0.5,0.5,0.5,0.5,0.5,0.5,0.5,1,0,0
20,full_week__capacity_26__confidence_fragile,full_week,shared_keeper_capacity_central,26,confidence_fragile,final_peg_band_status,128,0,0,0,0,0,0,0,0,0,0,0,0,0,0,0
20,full_week__capacity_26__confidence_fragile,full_week,shared_keeper_capacity_central,26,confidence_fragile,minimum_confidence,128,0.255859375,0.00335616892883,0.2492812839,0.2624374661,0.25,0.25,0.25,0.25,0.25,0.25,0.25,0.5,1,0,0
20,full_week__capacity_26__confidence_fragile,full_week,shared_keeper_capacity_central,26,confidence_fragile,mean_confidence_loss,128,0.743374519472,0.00335075944444,0.736807030961,0.749942007983,0.75,0.745811723235,0.748859093993,0.75,0.75,0.75,0.499768659675,0.75,1,0,0
20,full_week__capacity_26__confidence_fragile,full_week,shared_keeper_capacity_central,26,confidence_fragile,confidence_at_horizon,128,0.255859375,0.00335616892883,0.2492812839,0.2624374661,0.25,0.25,0.25,0.25,0.25,0.25,0.25,0.5,1,0,0
20,full_week__capacity_26__confidence_fragile,full_week,shared_keeper_capacity_central,26,confidence_fragile,hours_at_confidence_floor,128,700.671875,9.6383363824,681.78073569,719.56301431,720,707.35,716,720,720,720,0,720,0.9765625,0,0
20,full_week__capacity_26__confidence_fragile,full_week,shared_keeper_capacity_central,26,confidence_fragile,hours_recovery_gate_closed,128,719.515625,0.0443461562019,719.428706534,719.602543466,720,719,719,720,720,720,719,720,1,0,0
20,full_week__capacity_26__confidence_fragile,full_week,shared_keeper_capacity_central,26,confidence_fragile,first_recovery_gate_open,128,371.25,31.9292324654,308.668704368,433.831295632,720,0,0,720,720,720,0,720,0.515625,0,0
20,full_week__capacity_26__confidence_fragile,full_week,shared_keeper_capacity_central,26,confidence_fragile,recovery_gate_reopenings,128,0,0,0,0,0,0,0,0,0,0,0,0,0,0,0
20,full_week__capacity_26__confidence_fragile,full_week,shared_keeper_capacity_central,26,confidence_fragile,cumulative_panic_contribution,128,549.515160523,2.76523706124,544.095295883,554.935025164,555.420837795,545.079801985,551.724799578,557.79435,557.79435,557.79435,346.794820645,557.79435,1,0,0
20,full_week__capacity_26__confidence_fragile,full_week,shared_keeper_capacity_central,26,confidence_fragile,maximum_panic_contribution,128,0.768661918945,0.00346676308545,0.761867063298,0.775456774593,0.774714375,0.774714375,0.774714375,0.774714375,0.774714375,0.774714375,0.51647625,0.774714375,1,0,0
21,full_week__capacity_45__stage1_only,full_week,shared_keeper_capacity_high,45,stage1_only,backlog_area_dai_hours,128,3004338.21411,219045.846425,2575008.35512,3433668.07311,2070720.59117,544876.851548,1398116.65393,4186419.29369,6175285.32448,7577195.49712,141162.479444,16670642.2285,1,0,0
21,full_week__capacity_45__stage1_only,full_week,shared_keeper_capacity_high,45,stage1_only,maximum_unresolved_tab_dai,128,587535.697682,37137.551884,514746.09599,660325.299375,492128.713433,63971.7447045,255886.291041,870649.201901,1221538.74142,1398865.45285,22438.6089793,1770834.97455,1,0,0
21,full_week__capacity_45__stage1_only,full_week,shared_keeper_capacity_high,45,stage1_only,cumulative_realised_bad_debt_dai,128,3.41995487704e-13,1.37366514032e-13,7.27571202011e-14,6.11233855207e-13,3.37643911583e-14,0,0,1.29559982712e-13,5.06518519199e-13,1.17843330571e-12,0,1.63447378243e-11,0.6015625,0,0
21,full_week__capacity_45__stage1_only,full_week,shared_keeper_capacity_high,45,stage1_only,below_peg_burden,128,0.263192585361,0.0047828842023,0.253818132325,0.272567038398,0.262686495149,0.181320123472,0.226688404831,0.305397070585,0.331809655218,0.349755143596,0.150984558752,0.413130215786,1,0,0
21,full_week__capacity_45__stage1_only,full_week,shared_keeper_capacity_high,45,stage1_only,restricted_mean_recovery_time,128,83.4296875,16.9764545852,50.1558365129,116.703538487,0,0,0,0,443.3,583.3,0,720,0.2265625,2,0
21,full_week__capacity_45__stage1_only,full_week,shared_keeper_capacity_high,45,stage1_only,unsafe_vault_count,128,137.671875,0.881382052638,135.944366177,139.399383823,138,122,131,144.25,150,152,104,156,1,0,0
21,full_week__capacity_45__stage1_only,full_week,shared_keeper_capacity_high,45,stage1_only,peak_unsafe_share,128,0.27534375,0.00176276410528,0.271888732354,0.278798767646,0.276,0.244,0.262,0.2885,0.3,0.304,0.208,0.312,1,0,0
21,full_week__capacity_45__stage1_only,full_week,shared_keeper_capacity_high,45,stage1_only,newly_unsafe_count,128,137.671875,0.881382052638,135.944366177,139.399383823,138,122,131,144.25,150,152,104,156,1,0,0
21,full_week__capacity_45__stage1_only,full_week,shared_keeper_capacity_high,45,stage1_only,cumulative_arrival_count,128,216.375,8.14234973776,200.415994514,232.334005486,177.5,117.05,136.75,298,348.7,382.95,85,457,1,0,0
21,full_week__capacity_45__stage1_only,full_week,shared_keeper_capacity_high,45,stage1_only,cumulative_attempts,128,157.875,4.30780798617,149.431696347,166.318303653,143.5,104.05,124.75,186.75,219.3,246.25,73,348,1,0,0
21,full_week__capacity_45__stage1_only,full_week,shared_keeper_capacity_high,45,stage1_only,cumulative_successful_closures,128,113.28125,1.33914129096,110.65653307,115.90596693,114,86.7,103,124.25,133.3,137,73,140,1,0,0
21,full_week__capacity_45__stage1_only,full_week,shared_keeper_capacity_high,45,stage1_only,cumulative_capacity_rejected,128,0.1328125,0.0301143934304,0.0737882888763,0.191836711124,0,0,0,0,1,1,0,1,0.1328125,0,0
21,full_week__capacity_45__stage1_only,full_week,shared_keeper_capacity_high,45,stage1_only,cumulative_unprofitable_attempts,128,44.59375,4.77832207968,35.2282387238,53.9592612762,20.5,0,2.75,81,114,146.3,0,240,0.7890625,0,0
21,full_week__capacity_45__stage1_only,full_week,shared_keeper_capacity_high,45,stage1_only,binding_hours,128,0.1328125,0.0301143934304,0.0737882888763,0.191836711124,0,0,0,0,1,1,0,1,0.1328125,0,0
21,full_week__capacity_45__stage1_only,full_week,shared_keeper_capacity_high,45,stage1_only,positive_demand_hours,128,21.6171875,0.842267478088,19.9663432429,23.2680317571,18.5,10,14,30,34,39,8,47,1,0,0
21,full_week__capacity_45__stage1_only,full_week,shared_keeper_capacity_high,45,stage1_only,mean_capacity_utilisation,128,0.180023906143,0.00512739404657,0.169974213812,0.190073598474,0.169732411838,0.109716666667,0.136349029786,0.213048433048,0.265252525253,0.289626262626,0.0838888888889,0.380555555556,1,0,0
21,full_week__capacity_45__stage1_only,full_week,shared_keeper_capacity_high,45,stage1_only,maximum_capacity_utilisation,128,0.7421875,0.0196840934953,0.703606676749,0.780768323251,0.622222222222,0.444444444444,0.533333333333,1,1,1,0.311111111111,1,1,0,0
21,full_week__capacity_45__stage1_only,full_week,shared_keeper_capacity_high,45,stage1_only,maximum_attempts_one_hour,128,33.3984375,0.885784207287,31.6623004537,35.1345745463,28,20,24,45,45,45,14,45,1,0,0
21,full_week__capacity_45__stage1_only,full_week,shared_keeper_capacity_high,45,stage1_only,cumulative_debt_repaid_dai,128,773971.615267,35456.0377304,704477.781316,843465.449219,640759.766426,244618.889574,483932.466968,990531.168014,1405341.67407,1557311.92587,132666.169989,1817547.23713,1,0,0
21,full_week__capacity_45__stage1_only,full_week,shared_keeper_capacity_high,45,stage1_only,completed_liquidation_count,128,113.28125,1.33914129096,110.65653307,115.90596693,114,86.7,103,124.25,133.3,137,73,140,1,0,0
21,full_week__capacity_45__stage1_only,full_week,shared_keeper_capacity_high,45,stage1_only,unresolved_vault_count,128,0,0,0,0,0,0,0,0,0,0,0,0,0,0,0
21,full_week__capacity_45__stage1_only,full_week,shared_keeper_capacity_high,45,stage1_only,unresolved_tab_at_horizon_dai,128,0,0,0,0,0,0,0,0,0,0,0,0,0,0,0
21,full_week__capacity_45__stage1_only,full_week,shared_keeper_capacity_high,45,stage1_only,maximum_backlog_duration,128,61.9296875,2.31336261826,57.3954967682,66.4638782318,56,28,41,85,89.1,112.3,12,114,1,0,0
21,full_week__capacity_45__stage1_only,full_week,shared_keeper_capacity_high,45,stage1_only,active_bad_debt_at_horizon_dai,128,0,0,0,0,0,0,0,0,0,0,0,0,0,0,0
21,full_week__capacity_45__stage1_only,full_week,shared_keeper_capacity_high,45,stage1_only,maximum_active_bad_debt_dai,128,6045.83748629,666.547283988,4739.40480967,7352.2701629,2409.82307206,318.342573063,933.645843112,9789.07703546,17220.9979995,21448.939645,108.532785898,45880.0502356,1,0,0
21,full_week__capacity_45__stage1_only,full_week,shared_keeper_capacity_high,45,stage1_only,keeper_profit_dai,128,99170.7442739,4610.99313401,90133.1977313,108208.290817,82115.1180276,30281.840345,61123.2205067,127521.398355,182149.664416,200883.23083,16981.687046,234387.435493,1,0,0
21,full_week__capacity_45__stage1_only,full_week,shared_keeper_capacity_high,45,stage1_only,recovered_before_execution_count,128,17.921875,0.975626273663,16.0096475036,19.8341024964,17,3,10,24,31.3,38.3,0,55,0.984375,0,0
21,full_week__capacity_45__stage1_only,full_week,shared_keeper_capacity_high,45,stage1_only,recovered_before_closure_count,128,24.390625,1.21881545731,22.0017467037,26.7795032963,22,5,14,34.25,44,47.65,0,56,0.9921875,0,0
21,full_week__capacity_45__stage1_only,full_week,shared_keeper_capacity_high,45,stage1_only,minimum_dai_price,128,0.99589887162,0.000107618453343,0.995687939452,0.996109803789,0.996083449013,0.994214415089,0.995372580456,0.99663541423,0.997115656652,0.997286505724,0.987714822789,0.998047215903,1,0,0
21,full_week__capacity_45__stage1_only,full_week,shared_keeper_capacity_high,45,stage1_only,maximum_negative_peg_deviation,128,0.00410112837967,0.000107618453343,0.00389019621111,0.00431206054822,0.00391655098666,0.00271349427578,0.00336458577028,0.00462741954368,0.00554971726378,0.00578558491057,0.00195278409654,0.0122851772106,1,0,0
21,full_week__capacity_45__stage1_only,full_week,shared_keeper_capacity_high,45,stage1_only,mean_absolute_peg_deviation,128,0.000599069720032,7.55931884015e-06,0.000584253455105,0.000613885984958,0.000593709976874,0.000479242323426,0.000536815718169,0.000654766512953,0.000715557446853,0.000759179030332,0.000403395132484,0.000806803799634,1,0,0
21,full_week__capacity_45__stage1_only,full_week,shared_keeper_capacity_high,45,stage1_only,hours_below_0995,128,0.3359375,0.0703944732135,0.197964332502,0.473910667498,0,0,0,0,1.3,2,0,5,0.1953125,0,0
21,full_week__capacity_45__stage1_only,full_week,shared_keeper_capacity_high,45,stage1_only,hours_above_1005,128,0.0546875,0.0338415456991,-0.0116419295703,0.12101692957,0,0,0,0,0,0,0,4,0.03125,0,0
21,full_week__capacity_45__stage1_only,full_week,shared_keeper_capacity_high,45,stage1_only,first_return_time,128,77.9375,16.2659928494,46.0561540152,109.818845985,0,0,0,0,415.8,559.3,0,700,0.2265625,0,0
21,full_week__capacity_45__stage1_only,full_week,shared_keeper_capacity_high,45,stage1_only,failed_recovery_attempts,128,0.0234375,0.0134246757153,-0.00287486440199,0.049749864402,0,0,0,0,0,0,0,1,0.0234375,0,0
21,full_week__capacity_45__stage1_only,full_week,shared_keeper_capacity_high,45,stage1_only,recovery_probability_168h,128,0.8359375,0.0328616757488,0.771528615532,0.900346384468,1,0,1,1,1,1,0,1,0.8359375,0,0
21,full_week__capacity_45__stage1_only,full_week,shared_keeper_capacity_high,45,stage1_only,recovery_probability_336h,128,0.8828125,0.0285412520685,0.826871645946,0.938753354054,1,0,1,1,1,1,0,1,0.8828125,0,0
21,full_week__capacity_45__stage1_only,full_week,shared_keeper_capacity_high,45,stage1_only,recovery_probability_720h,128,0.984375,0.0110049592883,0.962805279795,1.00594472021,1,1,1,1,1,1,0,1,0.984375,0,0
21,full_week__capacity_45__stage1_only,full_week,shared_keeper_capacity_high,45,stage1_only,final_dai_price,128,0.999916082633,7.66447477068e-05,0.999765858928,1.00006630634,0.999826174005,0.998783319315,0.999395002762,1.00036523351,1.00101899435,1.00168594523,0.997353376921,1.00258834649,1,0,0
21,full_week__capacity_45__stage1_only,full_week,shared_keeper_capacity_high,45,stage1_only,final_peg_band_status,128,1,0,1,1,1,1,1,1,1,1,1,1,1,0,0
21,full_week__capacity_45__stage1_only,full_week,shared_keeper_capacity_high,45,stage1_only,minimum_confidence,128,1,0,1,1,1,1,1,1,1,1,1,1,1,0,0
21,full_week__capacity_45__stage1_only,full_week,shared_keeper_capacity_high,45,stage1_only,mean_confidence_loss,128,0,0,0,0,0,0,0,0,0,0,0,0,0,0,0
21,full_week__capacity_45__stage1_only,full_week,shared_keeper_capacity_high,45,stage1_only,confidence_at_horizon,128,1,0,1,1,1,1,1,1,1,1,1,1,1,0,0
21,full_week__capacity_45__stage1_only,full_week,shared_keeper_capacity_high,45,stage1_only,hours_at_confidence_floor,128,0,0,0,0,0,0,0,0,0,0,0,0,0,0,0
21,full_week__capacity_45__stage1_only,full_week,shared_keeper_capacity_high,45,stage1_only,hours_recovery_gate_closed,128,0,0,0,0,0,0,0,0,0,0,0,0,0,0,0
21,full_week__capacity_45__stage1_only,full_week,shared_keeper_capacity_high,45,stage1_only,first_recovery_gate_open,128,720,0,720,720,720,720,720,720,720,720,720,720,1,0,0
21,full_week__capacity_45__stage1_only,full_week,shared_keeper_capacity_high,45,stage1_only,recovery_gate_reopenings,128,0,0,0,0,0,0,0,0,0,0,0,0,0,0,0
21,full_week__capacity_45__stage1_only,full_week,shared_keeper_capacity_high,45,stage1_only,cumulative_panic_contribution,128,0,0,0,0,0,0,0,0,0,0,0,0,0,0,0
21,full_week__capacity_45__stage1_only,full_week,shared_keeper_capacity_high,45,stage1_only,maximum_panic_contribution,128,0,0,0,0,0,0,0,0,0,0,0,0,0,0,0
22,full_week__capacity_45__confidence_resilient,full_week,shared_keeper_capacity_high,45,confidence_resilient,backlog_area_dai_hours,128,3004338.21411,219045.846425,2575008.35512,3433668.07311,2070720.59117,544876.851548,1398116.65393,4186419.29369,6175285.32448,7577195.49712,141162.479444,16670642.2285,1,0,0
22,full_week__capacity_45__confidence_resilient,full_week,shared_keeper_capacity_high,45,confidence_resilient,maximum_unresolved_tab_dai,128,587535.697682,37137.551884,514746.09599,660325.299375,492128.713433,63971.7447045,255886.291041,870649.201901,1221538.74142,1398865.45285,22438.6089793,1770834.97455,1,0,0
22,full_week__capacity_45__confidence_resilient,full_week,shared_keeper_capacity_high,45,confidence_resilient,cumulative_realised_bad_debt_dai,128,3.41995487704e-13,1.37366514032e-13,7.27571202011e-14,6.11233855207e-13,3.37643911583e-14,0,0,1.29559982712e-13,5.06518519199e-13,1.17843330571e-12,0,1.63447378243e-11,0.6015625,0,0
22,full_week__capacity_45__confidence_resilient,full_week,shared_keeper_capacity_high,45,confidence_resilient,below_peg_burden,128,232.616637934,7.50248520589,217.91176693,247.321508937,263.99160252,0.332132081125,245.984535925,275.096766369,284.490625856,289.425272757,0.251805544347,319.419230775,1,0,0
22,full_week__capacity_45__confidence_resilient,full_week,shared_keeper_capacity_high,45,confidence_resilient,restricted_mean_recovery_time,128,651.328125,18.1378827057,615.777874897,686.878375103,720,0,720,720,720,720,0,720,0.9296875,114,0
22,full_week__capacity_45__confidence_resilient,full_week,shared_keeper_capacity_high,45,confidence_resilient,unsafe_vault_count,128,137.671875,0.881382052638,135.944366177,139.399383823,138,122,131,144.25,150,152,104,156,1,0,0
22,full_week__capacity_45__confidence_resilient,full_week,shared_keeper_capacity_high,45,confidence_resilient,peak_unsafe_share,128,0.27534375,0.00176276410528,0.271888732354,0.278798767646,0.276,0.244,0.262,0.2885,0.3,0.304,0.208,0.312,1,0,0
22,full_week__capacity_45__confidence_resilient,full_week,shared_keeper_capacity_high,45,confidence_resilient,newly_unsafe_count,128,137.671875,0.881382052638,135.944366177,139.399383823,138,122,131,144.25,150,152,104,156,1,0,0
22,full_week__capacity_45__confidence_resilient,full_week,shared_keeper_capacity_high,45,confidence_resilient,cumulative_arrival_count,128,216.375,8.14234973776,200.415994514,232.334005486,177.5,117.05,136.75,298,348.7,382.95,85,457,1,0,0
22,full_week__capacity_45__confidence_resilient,full_week,shared_keeper_capacity_high,45,confidence_resilient,cumulative_attempts,128,157.875,4.30780798617,149.431696347,166.318303653,143.5,104.05,124.75,186.75,219.3,246.25,73,348,1,0,0
22,full_week__capacity_45__confidence_resilient,full_week,shared_keeper_capacity_high,45,confidence_resilient,cumulative_successful_closures,128,113.28125,1.33914129096,110.65653307,115.90596693,114,86.7,103,124.25,133.3,137,73,140,1,0,0
22,full_week__capacity_45__confidence_resilient,full_week,shared_keeper_capacity_high,45,confidence_resilient,cumulative_capacity_rejected,128,0.1328125,0.0301143934304,0.0737882888763,0.191836711124,0,0,0,0,1,1,0,1,0.1328125,0,0
22,full_week__capacity_45__confidence_resilient,full_week,shared_keeper_capacity_high,45,confidence_resilient,cumulative_unprofitable_attempts,128,44.59375,4.77832207968,35.2282387238,53.9592612762,20.5,0,2.75,81,114,146.3,0,240,0.7890625,0,0
22,full_week__capacity_45__confidence_resilient,full_week,shared_keeper_capacity_high,45,confidence_resilient,binding_hours,128,0.1328125,0.0301143934304,0.0737882888763,0.191836711124,0,0,0,0,1,1,0,1,0.1328125,0,0
22,full_week__capacity_45__confidence_resilient,full_week,shared_keeper_capacity_high,45,confidence_resilient,positive_demand_hours,128,21.6171875,0.842267478088,19.9663432429,23.2680317571,18.5,10,14,30,34,39,8,47,1,0,0
22,full_week__capacity_45__confidence_resilient,full_week,shared_keeper_capacity_high,45,confidence_resilient,mean_capacity_utilisation,128,0.180023906143,0.00512739404657,0.169974213812,0.190073598474,0.169732411838,0.109716666667,0.136349029786,0.213048433048,0.265252525253,0.289626262626,0.0838888888889,0.380555555556,1,0,0
22,full_week__capacity_45__confidence_resilient,full_week,shared_keeper_capacity_high,45,confidence_resilient,maximum_capacity_utilisation,128,0.7421875,0.0196840934953,0.703606676749,0.780768323251,0.622222222222,0.444444444444,0.533333333333,1,1,1,0.311111111111,1,1,0,0
22,full_week__capacity_45__confidence_resilient,full_week,shared_keeper_capacity_high,45,confidence_resilient,maximum_attempts_one_hour,128,33.3984375,0.885784207287,31.6623004537,35.1345745463,28,20,24,45,45,45,14,45,1,0,0
22,full_week__capacity_45__confidence_resilient,full_week,shared_keeper_capacity_high,45,confidence_resilient,cumulative_debt_repaid_dai,128,773971.615267,35456.0377304,704477.781316,843465.449219,640759.766426,244618.889574,483932.466968,990531.168014,1405341.67407,1557311.92587,132666.169989,1817547.23713,1,0,0
22,full_week__capacity_45__confidence_resilient,full_week,shared_keeper_capacity_high,45,confidence_resilient,completed_liquidation_count,128,113.28125,1.33914129096,110.65653307,115.90596693,114,86.7,103,124.25,133.3,137,73,140,1,0,0
22,full_week__capacity_45__confidence_resilient,full_week,shared_keeper_capacity_high,45,confidence_resilient,unresolved_vault_count,128,0,0,0,0,0,0,0,0,0,0,0,0,0,0,0
22,full_week__capacity_45__confidence_resilient,full_week,shared_keeper_capacity_high,45,confidence_resilient,unresolved_tab_at_horizon_dai,128,0,0,0,0,0,0,0,0,0,0,0,0,0,0,0
22,full_week__capacity_45__confidence_resilient,full_week,shared_keeper_capacity_high,45,confidence_resilient,maximum_backlog_duration,128,61.9296875,2.31336261826,57.3954967682,66.4638782318,56,28,41,85,89.1,112.3,12,114,1,0,0
22,full_week__capacity_45__confidence_resilient,full_week,shared_keeper_capacity_high,45,confidence_resilient,active_bad_debt_at_horizon_dai,128,0,0,0,0,0,0,0,0,0,0,0,0,0,0,0
22,full_week__capacity_45__confidence_resilient,full_week,shared_keeper_capacity_high,45,confidence_resilient,maximum_active_bad_debt_dai,128,6045.83748629,666.547283988,4739.40480967,7352.2701629,2409.82307206,318.342573063,933.645843112,9789.07703546,17220.9979995,21448.939645,108.532785898,45880.0502356,1,0,0
22,full_week__capacity_45__confidence_resilient,full_week,shared_keeper_capacity_high,45,confidence_resilient,keeper_profit_dai,128,99170.7442739,4610.99313401,90133.1977313,108208.290817,82115.1180276,30281.840345,61123.2205067,127521.398355,182149.664416,200883.23083,16981.687046,234387.435493,1,0,0
22,full_week__capacity_45__confidence_resilient,full_week,shared_keeper_capacity_high,45,confidence_resilient,recovered_before_execution_count,128,17.921875,0.975626273663,16.0096475036,19.8341024964,17,3,10,24,31.3,38.3,0,55,0.984375,0,0
22,full_week__capacity_45__confidence_resilient,full_week,shared_keeper_capacity_high,45,confidence_resilient,recovered_before_closure_count,128,24.390625,1.21881545731,22.0017467037,26.7795032963,22,5,14,34.25,44,47.65,0,56,0.9921875,0,0
22,full_week__capacity_45__confidence_resilient,full_week,shared_keeper_capacity_high,45,confidence_resilient,minimum_dai_price,128,0.547585662964,0.0128319847808,0.522434972793,0.572736353134,0.5,0.5,0.5,0.5,0.543799900235,0.995655710656,0.5,0.997044511673,1,0,0
22,full_week__capacity_45__confidence_resilient,full_week,shared_keeper_capacity_high,45,confidence_resilient,maximum_negative_peg_deviation,128,0.452414337036,0.0128319847808,0.427263646866,0.477565027207,0.5,0.00434428934411,0.5,0.5,0.5,0.5,0.00295548832694,0.5,1,0,0
22,full_week__capacity_45__confidence_resilient,full_week,shared_keeper_capacity_high,45,confidence_resilient,mean_absolute_peg_deviation,128,0.323111147487,0.0104140628704,0.302699584261,0.343522710713,0.366656076339,0.000783945628318,0.341651361717,0.382078907986,0.395125991114,0.401979545495,0.000542896756869,0.443637820521,1,0,0
22,full_week__capacity_45__confidence_resilient,full_week,shared_keeper_capacity_high,45,confidence_resilient,hours_below_0995,128,595.5859375,18.4093114202,559.503687116,631.668187884,674,0,646.75,694.25,705,710.65,0,720,0.921875,0,0
22,full_week__capacity_45__confidence_resilient,full_week,shared_keeper_capacity_high,45,confidence_resilient,hours_above_1005,128,0.0078125,0.0078125,-0.0075,0.023125,0,0,0,0,0,0,0,1,0.0078125,0,0
22,full_week__capacity_45__confidence_resilient,full_week,shared_keeper_capacity_high,45,confidence_resilient,first_return_time,128,402.953125,29.6988407874,344.743397057,461.162852943,720,0,41,720,720,720,0,720,0.9296875,0,0
22,full_week__capacity_45__confidence_resilient,full_week,shared_keeper_capacity_high,45,confidence_resilient,failed_recovery_attempts,128,0.65625,0.113895273678,0.433015263592,0.879484736408,0,0,0,1,2,2,0,8,0.375,0,0
22,full_week__capacity_45__confidence_resilient,full_week,shared_keeper_capacity_high,45,confidence_resilient,recovery_probability_168h,128,0.09375,0.0258647203705,0.0430551480739,0.144444851926,0,0,0,0,0,1,0,1,0.09375,0,0
22,full_week__capacity_45__confidence_resilient,full_week,shared_keeper_capacity_high,45,confidence_resilient,recovery_probability_336h,128,0.09375,0.0258647203705,0.0430551480739,0.144444851926,0,0,0,0,0,1,0,1,0.09375,0,0
22,full_week__capacity_45__confidence_resilient,full_week,shared_keeper_capacity_high,45,confidence_resilient,recovery_probability_720h,128,0.109375,0.0276952068645,0.0550923945456,0.163657605454,0,0,0,0,1,1,0,1,0.109375,0,0
22,full_week__capacity_45__confidence_resilient,full_week,shared_keeper_capacity_high,45,confidence_resilient,final_dai_price,128,0.54802094037,0.0129515769347,0.522635849578,0.573406031162,0.5,0.5,0.5,0.5,0.543799900235,0.999819488762,0.5,1.00192711687,1,0,0
22,full_week__capacity_45__confidence_resilient,full_week,shared_keeper_capacity_high,45,confidence_resilient,final_peg_band_status,128,0.09375,0.0258647203705,0.0430551480739,0.144444851926,0,0,0,0,0,1,0,1,0.09375,0,0
22,full_week__capacity_45__confidence_resilient,full_week,shared_keeper_capacity_high,45,confidence_resilient,minimum_confidence,128,0.75,0,0.75,0.75,0.75,0.75,0.75,0.75,0.75,0.75,0.75,0.75,1,0,0
22,full_week__capacity_45__confidence_resilient,full_week,shared_keeper_capacity_high,45,confidence_resilient,mean_confidence_loss,128,0.226546395212,0.00536538882343,0.216030233118,0.237062557306,0.249823291612,0.0515275869614,0.249789387399,0.249878601798,0.249924199058,0.249953141247,0.0355198368627,0.25,1,0,0
22,full_week__capacity_45__confidence_resilient,full_week,shared_keeper_capacity_high,45,confidence_resilient,confidence_at_horizon,128,0.771754240764,0.00602479303981,0.759945646406,0.783562835122,0.75,0.75,0.75,0.75,0.75,0.985802819992,0.75,0.999568278548,1,0,0
22,full_week__capacity_45__confidence_resilient,full_week,shared_keeper_capacity_high,45,confidence_resilient,hours_at_confidence_floor,128,642.453125,17.2308066057,608.680744053,676.225505947,718,76.4,718,719,719,719,35,720,1,0,0
22,full_week__capacity_45__confidence_resilient,full_week,shared_keeper_capacity_high,45,confidence_resilient,hours_recovery_gate_closed,128,643.4921875,17.1525117967,609.873264378,677.111110622,719,81.85,719,719,719,719,35,720,1,0,0
22,full_week__capacity_45__confidence_resilient,full_week,shared_keeper_capacity_high,45,confidence_resilient,first_recovery_gate_open,128,16.875,9.66576651502,-2.06990236943,35.8199023694,0,0,0,0,0,0,0,720,0.0234375,0,0
22,full_week__capacity_45__confidence_resilient,full_week,shared_keeper_capacity_high,45,confidence_resilient,recovery_gate_reopenings,128,0.21875,0.0398963655026,0.140553123615,0.296946876385,0,0,0,0,1,1,0,2,0.203125,0,0
22,full_week__capacity_45__confidence_resilient,full_week,shared_keeper_capacity_high,45,confidence_resilient,cumulative_panic_contribution,128,39.9647221009,1.29059481118,37.435156271,42.4942879308,45.3623849254,0.0200157553456,42.2623818462,47.2743948734,48.8914691846,49.7410405344,0.012063814277,54.9097693177,1,0,0
22,full_week__capacity_45__confidence_resilient,full_week,shared_keeper_capacity_high,45,confidence_resilient,maximum_panic_contribution,128,0.0778582295233,0.00221490064449,0.0735170242601,0.0821994347865,0.086079375,0.000564473990517,0.086079375,0.086079375,0.086079375,0.086079375,0.000336790011062,0.086079375,1,0,0
23,full_week__capacity_45__confidence_central,full_week,shared_keeper_capacity_high,45,confidence_central,backlog_area_dai_hours,128,3004338.21411,219045.846425,2575008.35512,3433668.07311,2070720.59117,544876.851548,1398116.65393,4186419.29369,6175285.32448,7577195.49712,141162.479444,16670642.2285,1,0,0
23,full_week__capacity_45__confidence_central,full_week,shared_keeper_capacity_high,45,confidence_central,maximum_unresolved_tab_dai,128,587535.697682,37137.551884,514746.09599,660325.299375,492128.713433,63971.7447045,255886.291041,870649.201901,1221538.74142,1398865.45285,22438.6089793,1770834.97455,1,0,0
23,full_week__capacity_45__confidence_central,full_week,shared_keeper_capacity_high,45,confidence_central,cumulative_realised_bad_debt_dai,128,3.41995487704e-13,1.37366514032e-13,7.27571202011e-14,6.11233855207e-13,3.37643911583e-14,0,0,1.29559982712e-13,5.06518519199e-13,1.17843330571e-12,0,1.63447378243e-11,0.6015625,0,0
23,full_week__capacity_45__confidence_central,full_week,shared_keeper_capacity_high,45,confidence_central,below_peg_burden,128,353.881025398,0.486241914916,352.927991244,354.834059551,354.185966833,343.432088004,352.768556789,356.466183172,360,360,323.206783431,360,1,0,0
23,full_week__capacity_45__confidence_central,full_week,shared_keeper_capacity_high,45,confidence_central,restricted_mean_recovery_time,128,720,0,720,720,720,720,720,720,720,720,720,720,1,128,0
23,full_week__capacity_45__confidence_central,full_week,shared_keeper_capacity_high,45,confidence_central,unsafe_vault_count,128,137.671875,0.881382052638,135.944366177,139.399383823,138,122,131,144.25,150,152,104,156,1,0,0
23,full_week__capacity_45__confidence_central,full_week,shared_keeper_capacity_high,45,confidence_central,peak_unsafe_share,128,0.27534375,0.00176276410528,0.271888732354,0.278798767646,0.276,0.244,0.262,0.2885,0.3,0.304,0.208,0.312,1,0,0
23,full_week__capacity_45__confidence_central,full_week,shared_keeper_capacity_high,45,confidence_central,newly_unsafe_count,128,137.671875,0.881382052638,135.944366177,139.399383823,138,122,131,144.25,150,152,104,156,1,0,0
23,full_week__capacity_45__confidence_central,full_week,shared_keeper_capacity_high,45,confidence_central,cumulative_arrival_count,128,216.375,8.14234973776,200.415994514,232.334005486,177.5,117.05,136.75,298,348.7,382.95,85,457,1,0,0
23,full_week__capacity_45__confidence_central,full_week,shared_keeper_capacity_high,45,confidence_central,cumulative_attempts,128,157.875,4.30780798617,149.431696347,166.318303653,143.5,104.05,124.75,186.75,219.3,246.25,73,348,1,0,0
23,full_week__capacity_45__confidence_central,full_week,shared_keeper_capacity_high,45,confidence_central,cumulative_successful_closures,128,113.28125,1.33914129096,110.65653307,115.90596693,114,86.7,103,124.25,133.3,137,73,140,1,0,0
23,full_week__capacity_45__confidence_central,full_week,shared_keeper_capacity_high,45,confidence_central,cumulative_capacity_rejected,128,0.1328125,0.0301143934304,0.0737882888763,0.191836711124,0,0,0,0,1,1,0,1,0.1328125,0,0
23,full_week__capacity_45__confidence_central,full_week,shared_keeper_capacity_high,45,confidence_central,cumulative_unprofitable_attempts,128,44.59375,4.77832207968,35.2282387238,53.9592612762,20.5,0,2.75,81,114,146.3,0,240,0.7890625,0,0
23,full_week__capacity_45__confidence_central,full_week,shared_keeper_capacity_high,45,confidence_central,binding_hours,128,0.1328125,0.0301143934304,0.0737882888763,0.191836711124,0,0,0,0,1,1,0,1,0.1328125,0,0
23,full_week__capacity_45__confidence_central,full_week,shared_keeper_capacity_high,45,confidence_central,positive_demand_hours,128,21.6171875,0.842267478088,19.9663432429,23.2680317571,18.5,10,14,30,34,39,8,47,1,0,0
23,full_week__capacity_45__confidence_central,full_week,shared_keeper_capacity_high,45,confidence_central,mean_capacity_utilisation,128,0.180023906143,0.00512739404657,0.169974213812,0.190073598474,0.169732411838,0.109716666667,0.136349029786,0.213048433048,0.265252525253,0.289626262626,0.0838888888889,0.380555555556,1,0,0
23,full_week__capacity_45__confidence_central,full_week,shared_keeper_capacity_high,45,confidence_central,maximum_capacity_utilisation,128,0.7421875,0.0196840934953,0.703606676749,0.780768323251,0.622222222222,0.444444444444,0.533333333333,1,1,1,0.311111111111,1,1,0,0
23,full_week__capacity_45__confidence_central,full_week,shared_keeper_capacity_high,45,confidence_central,maximum_attempts_one_hour,128,33.3984375,0.885784207287,31.6623004537,35.1345745463,28,20,24,45,45,45,14,45,1,0,0
23,full_week__capacity_45__confidence_central,full_week,shared_keeper_capacity_high,45,confidence_central,cumulative_debt_repaid_dai,128,773971.615267,35456.0377304,704477.781316,843465.449219,640759.766426,244618.889574,483932.466968,990531.168014,1405341.67407,1557311.92587,132666.169989,1817547.23713,1,0,0
23,full_week__capacity_45__confidence_central,full_week,shared_keeper_capacity_high,45,confidence_central,completed_liquidation_count,128,113.28125,1.33914129096,110.65653307,115.90596693,114,86.7,103,124.25,133.3,137,73,140,1,0,0
23,full_week__capacity_45__confidence_central,full_week,shared_keeper_capacity_high,45,confidence_central,unresolved_vault_count,128,0,0,0,0,0,0,0,0,0,0,0,0,0,0,0
23,full_week__capacity_45__confidence_central,full_week,shared_keeper_capacity_high,45,confidence_central,unresolved_tab_at_horizon_dai,128,0,0,0,0,0,0,0,0,0,0,0,0,0,0,0
23,full_week__capacity_45__confidence_central,full_week,shared_keeper_capacity_high,45,confidence_central,maximum_backlog_duration,128,61.9296875,2.31336261826,57.3954967682,66.4638782318,56,28,41,85,89.1,112.3,12,114,1,0,0
23,full_week__capacity_45__confidence_central,full_week,shared_keeper_capacity_high,45,confidence_central,active_bad_debt_at_horizon_dai,128,0,0,0,0,0,0,0,0,0,0,0,0,0,0,0
23,full_week__capacity_45__confidence_central,full_week,shared_keeper_capacity_high,45,confidence_central,maximum_active_bad_debt_dai,128,6045.83748629,666.547283988,4739.40480967,7352.2701629,2409.82307206,318.342573063,933.645843112,9789.07703546,17220.9979995,21448.939645,108.532785898,45880.0502356,1,0,0
23,full_week__capacity_45__confidence_central,full_week,shared_keeper_capacity_high,45,confidence_central,keeper_profit_dai,128,99170.7442739,4610.99313401,90133.1977313,108208.290817,82115.1180276,30281.840345,61123.2205067,127521.398355,182149.664416,200883.23083,16981.687046,234387.435493,1,0,0
23,full_week__capacity_45__confidence_central,full_week,shared_keeper_capacity_high,45,confidence_central,recovered_before_execution_count,128,17.921875,0.975626273663,16.0096475036,19.8341024964,17,3,10,24,31.3,38.3,0,55,0.984375,0,0
23,full_week__capacity_45__confidence_central,full_week,shared_keeper_capacity_high,45,confidence_central,recovered_before_closure_count,128,24.390625,1.21881545731,22.0017467037,26.7795032963,22,5,14,34.25,44,47.65,0,56,0.9921875,0,0
23,full_week__capacity_45__confidence_central,full_week,shared_keeper_capacity_high,45,confidence_central,minimum_dai_price,128,0.5,0,0.5,0.5,0.5,0.5,0.5,0.5,0.5,0.5,0.5,0.5,1,0,0
23,full_week__capacity_45__confidence_central,full_week,shared_keeper_capacity_high,45,confidence_central,maximum_negative_peg_deviation,128,0.5,0,0.5,0.5,0.5,0.5,0.5,0.5,0.5,0.5,0.5,0.5,1,0,0
23,full_week__capacity_45__confidence_central,full_week,shared_keeper_capacity_high,45,confidence_central,mean_absolute_peg_deviation,128,0.491503839412,0.000674819826045,0.490181192553,0.492826486271,0.491924953935,0.477010621532,0.489956541379,0.495091921072,0.5,0.5,0.448922909769,0.5,1,0,0
23,full_week__capacity_45__confidence_central,full_week,shared_keeper_capacity_high,45,confidence_central,hours_below_0995,128,713.8046875,0.842262913333,712.15385219,715.45552281,716,695.05,713,720,720,720,654,720,1,0,0
23,full_week__capacity_45__confidence_central,full_week,shared_keeper_capacity_high,45,confidence_central,hours_above_1005,128,0,0,0,0,0,0,0,0,0,0,0,0,0,0,0
23,full_week__capacity_45__confidence_central,full_week,shared_keeper_capacity_high,45,confidence_central,first_return_time,128,714.390625,5.609375,703.39625,725.385,720,720,720,720,720,720,2,720,1,0,0
23,full_week__capacity_45__confidence_central,full_week,shared_keeper_capacity_high,45,confidence_central,failed_recovery_attempts,128,0.0078125,0.0078125,-0.0075,0.023125,0,0,0,0,0,0,0,1,0.0078125,0,0
23,full_week__capacity_45__confidence_central,full_week,shared_keeper_capacity_high,45,confidence_central,recovery_probability_168h,128,0,0,0,0,0,0,0,0,0,0,0,0,0,0,0
23,full_week__capacity_45__confidence_central,full_week,shared_keeper_capacity_high,45,confidence_central,recovery_probability_336h,128,0,0,0,0,0,0,0,0,0,0,0,0,0,0,0
23,full_week__capacity_45__confidence_central,full_week,shared_keeper_capacity_high,45,confidence_central,recovery_probability_720h,128,0,0,0,0,0,0,0,0,0,0,0,0,0,0,0
23,full_week__capacity_45__confidence_central,full_week,shared_keeper_capacity_high,45,confidence_central,final_dai_price,128,0.5,0,0.5,0.5,0.5,0.5,0.5,0.5,0.5,0.5,0.5,0.5,1,0,0
23,full_week__capacity_45__confidence_central,full_week,shared_keeper_capacity_high,45,confidence_central,final_peg_band_status,128,0,0,0,0,0,0,0,0,0,0,0,0,0,0,0
23,full_week__capacity_45__confidence_central,full_week,shared_keeper_capacity_high,45,confidence_central,minimum_confidence,128,0.5,0,0.5,0.5,0.5,0.5,0.5,0.5,0.5,0.5,0.5,0.5,1,0,0
23,full_week__capacity_45__confidence_central,full_week,shared_keeper_capacity_high,45,confidence_central,mean_confidence_loss,128,0.499644571375,2.18025326115e-05,0.499601838411,0.499687304339,0.499600075454,0.499312537394,0.499422754112,0.5,0.5,0.5,0.499305659119,0.5,1,0,0
23,full_week__capacity_45__confidence_central,full_week,shared_keeper_capacity_high,45,confidence_central,confidence_at_horizon,128,0.5,0,0.5,0.5,0.5,0.5,0.5,0.5,0.5,0.5,0.5,0.5,1,0,0
23,full_week__capacity_45__confidence_central,full_week,shared_keeper_capacity_high,45,confidence_central,hours_at_confidence_floor,128,715.953125,0.714364993799,714.552969612,717.353280388,718,707.35,716,720,720,720,661,720,1,0,0
23,full_week__capacity_45__confidence_central,full_week,shared_keeper_capacity_high,45,confidence_central,hours_recovery_gate_closed,128,719.2578125,0.0388156570856,719.181733812,719.333891188,719,719,719,720,720,720,719,720,1,0,0
23,full_week__capacity_45__confidence_central,full_week,shared_keeper_capacity_high,45,confidence_central,first_recovery_gate_open,128,185.625,27.9472731017,130.848344721,240.401655279,0,0,0,720,720,720,0,720,0.2578125,0,0
23,full_week__capacity_45__confidence_central,full_week,shared_keeper_capacity_high,45,confidence_central,recovery_gate_reopenings,128,0,0,0,0,0,0,0,0,0,0,0,0,0,0,0
23,full_week__capacity_45__confidence_central,full_week,shared_keeper_capacity_high,45,confidence_central,cumulative_panic_contribution,128,243.418834527,0.341717873976,242.749067494,244.08860156,243.560875049,236.155029351,242.584581788,245.134627494,247.9086,247.9086,222.227185808,247.9086,1,0,0
23,full_week__capacity_45__confidence_central,full_week,shared_keeper_capacity_high,45,confidence_central,maximum_panic_contribution,128,0.3443175,9.85163627805e-18,0.3443175,0.3443175,0.3443175,0.3443175,0.3443175,0.3443175,0.3443175,0.3443175,0.3443175,0.3443175,1,0,0
24,full_week__capacity_45__confidence_fragile,full_week,shared_keeper_capacity_high,45,confidence_fragile,backlog_area_dai_hours,128,3004338.21411,219045.846425,2575008.35512,3433668.07311,2070720.59117,544876.851548,1398116.65393,4186419.29369,6175285.32448,7577195.49712,141162.479444,16670642.2285,1,0,0
24,full_week__capacity_45__confidence_fragile,full_week,shared_keeper_capacity_high,45,confidence_fragile,maximum_unresolved_tab_dai,128,587535.697682,37137.551884,514746.09599,660325.299375,492128.713433,63971.7447045,255886.291041,870649.201901,1221538.74142,1398865.45285,22438.6089793,1770834.97455,1,0,0
24,full_week__capacity_45__confidence_fragile,full_week,shared_keeper_capacity_high,45,confidence_fragile,cumulative_realised_bad_debt_dai,128,3.41995487704e-13,1.37366514032e-13,7.27571202011e-14,6.11233855207e-13,3.37643911583e-14,0,0,1.29559982712e-13,5.06518519199e-13,1.17843330571e-12,0,1.63447378243e-11,0.6015625,0,0
24,full_week__capacity_45__confidence_fragile,full_week,shared_keeper_capacity_high,45,confidence_fragile,below_peg_burden,128,357.573912255,0.335146622484,356.917024875,358.230799635,358.947766195,352.294453547,356.583671941,360,360,360,336.231624295,360,1,0,0
24,full_week__capacity_45__confidence_fragile,full_week,shared_keeper_capacity_high,45,confidence_fragile,restricted_mean_recovery_time,128,720,0,720,720,720,720,720,720,720,720,720,720,1,128,0
24,full_week__capacity_45__confidence_fragile,full_week,shared_keeper_capacity_high,45,confidence_fragile,unsafe_vault_count,128,137.671875,0.881382052638,135.944366177,139.399383823,138,122,131,144.25,150,152,104,156,1,0,0
24,full_week__capacity_45__confidence_fragile,full_week,shared_keeper_capacity_high,45,confidence_fragile,peak_unsafe_share,128,0.27534375,0.00176276410528,0.271888732354,0.278798767646,0.276,0.244,0.262,0.2885,0.3,0.304,0.208,0.312,1,0,0
24,full_week__capacity_45__confidence_fragile,full_week,shared_keeper_capacity_high,45,confidence_fragile,newly_unsafe_count,128,137.671875,0.881382052638,135.944366177,139.399383823,138,122,131,144.25,150,152,104,156,1,0,0
24,full_week__capacity_45__confidence_fragile,full_week,shared_keeper_capacity_high,45,confidence_fragile,cumulative_arrival_count,128,216.375,8.14234973776,200.415994514,232.334005486,177.5,117.05,136.75,298,348.7,382.95,85,457,1,0,0
24,full_week__capacity_45__confidence_fragile,full_week,shared_keeper_capacity_high,45,confidence_fragile,cumulative_attempts,128,157.875,4.30780798617,149.431696347,166.318303653,143.5,104.05,124.75,186.75,219.3,246.25,73,348,1,0,0
24,full_week__capacity_45__confidence_fragile,full_week,shared_keeper_capacity_high,45,confidence_fragile,cumulative_successful_closures,128,113.28125,1.33914129096,110.65653307,115.90596693,114,86.7,103,124.25,133.3,137,73,140,1,0,0
24,full_week__capacity_45__confidence_fragile,full_week,shared_keeper_capacity_high,45,confidence_fragile,cumulative_capacity_rejected,128,0.1328125,0.0301143934304,0.0737882888763,0.191836711124,0,0,0,0,1,1,0,1,0.1328125,0,0
24,full_week__capacity_45__confidence_fragile,full_week,shared_keeper_capacity_high,45,confidence_fragile,cumulative_unprofitable_attempts,128,44.59375,4.77832207968,35.2282387238,53.9592612762,20.5,0,2.75,81,114,146.3,0,240,0.7890625,0,0
24,full_week__capacity_45__confidence_fragile,full_week,shared_keeper_capacity_high,45,confidence_fragile,binding_hours,128,0.1328125,0.0301143934304,0.0737882888763,0.191836711124,0,0,0,0,1,1,0,1,0.1328125,0,0
24,full_week__capacity_45__confidence_fragile,full_week,shared_keeper_capacity_high,45,confidence_fragile,positive_demand_hours,128,21.6171875,0.842267478088,19.9663432429,23.2680317571,18.5,10,14,30,34,39,8,47,1,0,0
24,full_week__capacity_45__confidence_fragile,full_week,shared_keeper_capacity_high,45,confidence_fragile,mean_capacity_utilisation,128,0.180023906143,0.00512739404657,0.169974213812,0.190073598474,0.169732411838,0.109716666667,0.136349029786,0.213048433048,0.265252525253,0.289626262626,0.0838888888889,0.380555555556,1,0,0
24,full_week__capacity_45__confidence_fragile,full_week,shared_keeper_capacity_high,45,confidence_fragile,maximum_capacity_utilisation,128,0.7421875,0.0196840934953,0.703606676749,0.780768323251,0.622222222222,0.444444444444,0.533333333333,1,1,1,0.311111111111,1,1,0,0
24,full_week__capacity_45__confidence_fragile,full_week,shared_keeper_capacity_high,45,confidence_fragile,maximum_attempts_one_hour,128,33.3984375,0.885784207287,31.6623004537,35.1345745463,28,20,24,45,45,45,14,45,1,0,0
24,full_week__capacity_45__confidence_fragile,full_week,shared_keeper_capacity_high,45,confidence_fragile,cumulative_debt_repaid_dai,128,773971.615267,35456.0377304,704477.781316,843465.449219,640759.766426,244618.889574,483932.466968,990531.168014,1405341.67407,1557311.92587,132666.169989,1817547.23713,1,0,0
24,full_week__capacity_45__confidence_fragile,full_week,shared_keeper_capacity_high,45,confidence_fragile,completed_liquidation_count,128,113.28125,1.33914129096,110.65653307,115.90596693,114,86.7,103,124.25,133.3,137,73,140,1,0,0
24,full_week__capacity_45__confidence_fragile,full_week,shared_keeper_capacity_high,45,confidence_fragile,unresolved_vault_count,128,0,0,0,0,0,0,0,0,0,0,0,0,0,0,0
24,full_week__capacity_45__confidence_fragile,full_week,shared_keeper_capacity_high,45,confidence_fragile,unresolved_tab_at_horizon_dai,128,0,0,0,0,0,0,0,0,0,0,0,0,0,0,0
24,full_week__capacity_45__confidence_fragile,full_week,shared_keeper_capacity_high,45,confidence_fragile,maximum_backlog_duration,128,61.9296875,2.31336261826,57.3954967682,66.4638782318,56,28,41,85,89.1,112.3,12,114,1,0,0
24,full_week__capacity_45__confidence_fragile,full_week,shared_keeper_capacity_high,45,confidence_fragile,active_bad_debt_at_horizon_dai,128,0,0,0,0,0,0,0,0,0,0,0,0,0,0,0
24,full_week__capacity_45__confidence_fragile,full_week,shared_keeper_capacity_high,45,confidence_fragile,maximum_active_bad_debt_dai,128,6045.83748629,666.547283988,4739.40480967,7352.2701629,2409.82307206,318.342573063,933.645843112,9789.07703546,17220.9979995,21448.939645,108.532785898,45880.0502356,1,0,0
24,full_week__capacity_45__confidence_fragile,full_week,shared_keeper_capacity_high,45,confidence_fragile,keeper_profit_dai,128,99170.7442739,4610.99313401,90133.1977313,108208.290817,82115.1180276,30281.840345,61123.2205067,127521.398355,182149.664416,200883.23083,16981.687046,234387.435493,1,0,0
24,full_week__capacity_45__confidence_fragile,full_week,shared_keeper_capacity_high,45,confidence_fragile,recovered_before_execution_count,128,17.921875,0.975626273663,16.0096475036,19.8341024964,17,3,10,24,31.3,38.3,0,55,0.984375,0,0
24,full_week__capacity_45__confidence_fragile,full_week,shared_keeper_capacity_high,45,confidence_fragile,recovered_before_closure_count,128,24.390625,1.21881545731,22.0017467037,26.7795032963,22,5,14,34.25,44,47.65,0,56,0.9921875,0,0
24,full_week__capacity_45__confidence_fragile,full_week,shared_keeper_capacity_high,45,confidence_fragile,minimum_dai_price,128,0.5,0,0.5,0.5,0.5,0.5,0.5,0.5,0.5,0.5,0.5,0.5,1,0,0
24,full_week__capacity_45__confidence_fragile,full_week,shared_keeper_capacity_high,45,confidence_fragile,maximum_negative_peg_deviation,128,0.5,0,0.5,0.5,0.5,0.5,0.5,0.5,0.5,0.5,0.5,0.5,1,0,0
24,full_week__capacity_45__confidence_fragile,full_week,shared_keeper_capacity_high,45,confidence_fragile,mean_absolute_peg_deviation,128,0.496631825651,0.000465034615586,0.495720357805,0.497543293498,0.498538564159,0.489304738335,0.495255099918,0.5,0.5,0.5,0.467009671358,0.5,1,0,0
24,full_week__capacity_45__confidence_fragile,full_week,shared_keeper_capacity_high,45,confidence_fragile,hours_below_0995,128,717.1796875,0.560932153759,716.080260479,718.279114521,720,708.35,717,720,720,720,678,720,1,0,0
24,full_week__capacity_45__confidence_fragile,full_week,shared_keeper_capacity_high,45,confidence_fragile,hours_above_1005,128,0,0,0,0,0,0,0,0,0,0,0,0,0,0,0
24,full_week__capacity_45__confidence_fragile,full_week,shared_keeper_capacity_high,45,confidence_fragile,first_return_time,128,720,0,720,720,720,720,720,720,720,720,720,720,1,0,0
24,full_week__capacity_45__confidence_fragile,full_week,shared_keeper_capacity_high,45,confidence_fragile,failed_recovery_attempts,128,0,0,0,0,0,0,0,0,0,0,0,0,0,0,0
24,full_week__capacity_45__confidence_fragile,full_week,shared_keeper_capacity_high,45,confidence_fragile,recovery_probability_168h,128,0,0,0,0,0,0,0,0,0,0,0,0,0,0,0
24,full_week__capacity_45__confidence_fragile,full_week,shared_keeper_capacity_high,45,confidence_fragile,recovery_probability_336h,128,0,0,0,0,0,0,0,0,0,0,0,0,0,0,0
24,full_week__capacity_45__confidence_fragile,full_week,shared_keeper_capacity_high,45,confidence_fragile,recovery_probability_720h,128,0,0,0,0,0,0,0,0,0,0,0,0,0,0,0
24,full_week__capacity_45__confidence_fragile,full_week,shared_keeper_capacity_high,45,confidence_fragile,final_dai_price,128,0.5,0,0.5,0.5,0.5,0.5,0.5,0.5,0.5,0.5,0.5,0.5,1,0,0
24,full_week__capacity_45__confidence_fragile,full_week,shared_keeper_capacity_high,45,confidence_fragile,final_peg_band_status,128,0,0,0,0,0,0,0,0,0,0,0,0,0,0,0
24,full_week__capacity_45__confidence_fragile,full_week,shared_keeper_capacity_high,45,confidence_fragile,minimum_confidence,128,0.255859375,0.00335616892883,0.2492812839,0.2624374661,0.25,0.25,0.25,0.25,0.25,0.25,0.25,0.5,1,0,0
24,full_week__capacity_45__confidence_fragile,full_week,shared_keeper_capacity_high,45,confidence_fragile,mean_confidence_loss,128,0.743374519472,0.00335075944444,0.736807030961,0.749942007983,0.75,0.745811723235,0.748859093993,0.75,0.75,0.75,0.499768659675,0.75,1,0,0
24,full_week__capacity_45__confidence_fragile,full_week,shared_keeper_capacity_high,45,confidence_fragile,confidence_at_horizon,128,0.255859375,0.00335616892883,0.2492812839,0.2624374661,0.25,0.25,0.25,0.25,0.25,0.25,0.25,0.5,1,0,0
24,full_week__capacity_45__confidence_fragile,full_week,shared_keeper_capacity_high,45,confidence_fragile,hours_at_confidence_floor,128,700.671875,9.6383363824,681.78073569,719.56301431,720,707.35,716,720,720,720,0,720,0.9765625,0,0
24,full_week__capacity_45__confidence_fragile,full_week,shared_keeper_capacity_high,45,confidence_fragile,hours_recovery_gate_closed,128,719.515625,0.0443461562019,719.428706534,719.602543466,720,719,719,720,720,720,719,720,1,0,0
24,full_week__capacity_45__confidence_fragile,full_week,shared_keeper_capacity_high,45,confidence_fragile,first_recovery_gate_open,128,371.25,31.9292324654,308.668704368,433.831295632,720,0,0,720,720,720,0,720,0.515625,0,0
24,full_week__capacity_45__confidence_fragile,full_week,shared_keeper_capacity_high,45,confidence_fragile,recovery_gate_reopenings,128,0,0,0,0,0,0,0,0,0,0,0,0,0,0,0
24,full_week__capacity_45__confidence_fragile,full_week,shared_keeper_capacity_high,45,confidence_fragile,cumulative_panic_contribution,128,549.515160523,2.76523706124,544.095295883,554.935025164,555.420837795,545.079801985,551.724799578,557.79435,557.79435,557.79435,346.794820645,557.79435,1,0,0
24,full_week__capacity_45__confidence_fragile,full_week,shared_keeper_capacity_high,45,confidence_fragile,maximum_panic_contribution,128,0.768661918945,0.00346676308545,0.761867063298,0.775456774593,0.774714375,0.774714375,0.774714375,0.774714375,0.774714375,0.774714375,0.51647625,0.774714375,1,0,0
