recovery_path,confidence_scenario,capacity_contrast,left_capacity_profile,right_capacity_profile,metric,paired_count,mean,standard_error,ci95_lower,ci95_upper,median,p05,p25,p75,p90,p95,minimum,maximum,positive_share,discordant_positive_count,discordant_negative_count
persistent_trough,stage1_only,26 - 14,shared_keeper_capacity_central,shared_keeper_capacity_low,backlog_area_dai_hours,128,-390771.782381,25860.9034404,-441459.153124,-340084.411638,-308602.842255,-881153.446827,-531719.736099,-181275.887153,-107601.315094,-81146.6042888,-1651076.34919,0,0,0,126
persistent_trough,stage1_only,26 - 14,shared_keeper_capacity_central,shared_keeper_capacity_low,maximum_unresolved_tab_dai,128,-2385.2206747,846.114797039,-4043.6056769,-726.835672501,0,-19564.7156667,0,0,0,0,-68362.5352775,0,0,0,10
persistent_trough,stage1_only,26 - 14,shared_keeper_capacity_central,shared_keeper_capacity_low,cumulative_realised_bad_debt_dai,128,0,0,0,0,0,0,0,0,0,0,0,0,0,0,0
persistent_trough,stage1_only,26 - 14,shared_keeper_capacity_central,shared_keeper_capacity_low,below_peg_burden,128,0,0,0,0,0,0,0,0,0,0,0,0,0,0,0
persistent_trough,stage1_only,26 - 14,shared_keeper_capacity_central,shared_keeper_capacity_low,restricted_mean_recovery_time,128,0,0,0,0,0,0,0,0,0,0,0,0,0,0,0
persistent_trough,stage1_only,26 - 14,shared_keeper_capacity_central,shared_keeper_capacity_low,unsafe_vault_count,128,0,0,0,0,0,0,0,0,0,0,0,0,0,0,0
persistent_trough,stage1_only,26 - 14,shared_keeper_capacity_central,shared_keeper_capacity_low,peak_unsafe_share,128,0,0,0,0,0,0,0,0,0,0,0,0,0,0,0
persistent_trough,stage1_only,26 - 14,shared_keeper_capacity_central,shared_keeper_capacity_low,newly_unsafe_count,128,0,0,0,0,0,0,0,0,0,0,0,0,0,0,0
persistent_trough,stage1_only,26 - 14,shared_keeper_capacity_central,shared_keeper_capacity_low,cumulative_arrival_count,128,-57.6796875,20.5264734886,-97.9115755376,-17.4477994624,0,-164.95,-46.25,0,0,0,-2124,0,0,0,59
persistent_trough,stage1_only,26 - 14,shared_keeper_capacity_central,shared_keeper_capacity_low,cumulative_attempts,128,17.4296875,7.71881173342,2.30081650249,32.5585584975,9,-29.9,-1,41.25,87.6,114.15,-796,196,0.6640625,85,33
persistent_trough,stage1_only,26 - 14,shared_keeper_capacity_central,shared_keeper_capacity_low,cumulative_successful_closures,128,0.0390625,0.0390625,-0.0375,0.115625,0,0,0,0,0,0,0,5,0.0078125,1,0
persistent_trough,stage1_only,26 - 14,shared_keeper_capacity_central,shared_keeper_capacity_low,cumulative_capacity_rejected,128,-58.5078125,3.19769763872,-64.7752998719,-52.2403251281,-49,-141.8,-72.25,-36.5,-26.8,-20.35,-212,-7,0,0,128
persistent_trough,stage1_only,26 - 14,shared_keeper_capacity_central,shared_keeper_capacity_low,cumulative_unprofitable_attempts,128,17.390625,7.75125588611,2.19816346323,32.5830865368,9,-29.9,-1,41.25,87.6,114.15,-801,196,0.6640625,85,33
persistent_trough,stage1_only,26 - 14,shared_keeper_capacity_central,shared_keeper_capacity_low,binding_hours,128,-6.09375,0.44581351754,-6.96754449438,-5.21995550562,-5,-16.65,-6.25,-3,-2,-2,-34,0,0,0,127
persistent_trough,stage1_only,26 - 14,shared_keeper_capacity_central,shared_keeper_capacity_low,positive_demand_hours,128,-5.875,2.12956896493,-10.0489551713,-1.70104482874,0,-14.95,-5,0,0,0,-231,0,0,0,59
persistent_trough,stage1_only,26 - 14,shared_keeper_capacity_central,shared_keeper_capacity_low,mean_capacity_utilisation,128,-0.135384951496,0.00549756162674,-0.146160172284,-0.124609730707,-0.142895383005,-0.221986034799,-0.171573313744,-0.112572217755,-0.0696093204454,-0.0256442881443,-0.26862026862,0.175283825905,0.0234375,3,125
persistent_trough,stage1_only,26 - 14,shared_keeper_capacity_central,shared_keeper_capacity_low,maximum_capacity_utilisation,128,-0.0249399038462,0.00485646527397,-0.0344585757831,-0.0154212319092,0,-0.140384615385,0,0,0,0,-0.269230769231,0,0,0,26
persistent_trough,stage1_only,26 - 14,shared_keeper_capacity_central,shared_keeper_capacity_low,maximum_attempts_one_hour,128,11.3515625,0.126268097123,11.1040770296,11.5990479704,12,8.35,12,12,12,12,5,12,1,128,0
persistent_trough,stage1_only,26 - 14,shared_keeper_capacity_central,shared_keeper_capacity_low,cumulative_debt_repaid_dai,128,0.809341346023,0.80934134604,-0.776967692216,2.39565038426,0,-2.32830643654e-10,-5.82076609135e-11,0,1.16415321827e-10,1.54250301421e-10,-4.65661287308e-10,103.595692293,0.203125,26,40
persistent_trough,stage1_only,26 - 14,shared_keeper_capacity_central,shared_keeper_capacity_low,completed_liquidation_count,128,0.0390625,0.0390625,-0.0375,0.115625,0,0,0,0,0,0,0,5,0.0078125,1,0
persistent_trough,stage1_only,26 - 14,shared_keeper_capacity_central,shared_keeper_capacity_low,unresolved_vault_count,128,-0.0390625,0.0390625,-0.115625,0.0375,0,0,0,0,0,0,-5,0,0,0,1
persistent_trough,stage1_only,26 - 14,shared_keeper_capacity_central,shared_keeper_capacity_low,unresolved_tab_at_horizon_dai,128,-0.809341346041,0.809341346041,-2.39565038428,0.776967692199,0,0,0,0,0,0,-103.595692293,0,0,0,1
persistent_trough,stage1_only,26 - 14,shared_keeper_capacity_central,shared_keeper_capacity_low,maximum_backlog_duration,128,-16.5,6.17757246617,-28.6080420337,-4.3919579663,0,-37.95,-11.5,0,0,0,-666,0,0,0,59
persistent_trough,stage1_only,26 - 14,shared_keeper_capacity_central,shared_keeper_capacity_low,active_bad_debt_at_horizon_dai,128,0,0,0,0,0,0,0,0,0,0,0,0,0,0,0
persistent_trough,stage1_only,26 - 14,shared_keeper_capacity_central,shared_keeper_capacity_low,maximum_active_bad_debt_dai,128,-6.74149105559,4.99147190537,-16.5247759901,3.04179387893,0,0,0,0,0,0,-570.244096192,0,0,0,2
persistent_trough,stage1_only,26 - 14,shared_keeper_capacity_central,shared_keeper_capacity_low,keeper_profit_dai,128,-13.622387219,18.2495996396,-49.3916025127,22.1468280746,0.247281030352,-376.650581612,-87.3179527514,60.7777085697,203.783450696,299.422789786,-826.976838285,546.919808547,0.5078125,65,61
persistent_trough,stage1_only,26 - 14,shared_keeper_capacity_central,shared_keeper_capacity_low,recovered_before_execution_count,128,0,0,0,0,0,0,0,0,0,0,0,0,0,0,0
persistent_trough,stage1_only,26 - 14,shared_keeper_capacity_central,shared_keeper_capacity_low,recovered_before_closure_count,128,0,0,0,0,0,0,0,0,0,0,0,0,0,0,0
persistent_trough,stage1_only,26 - 14,shared_keeper_capacity_central,shared_keeper_capacity_low,minimum_dai_price,128,0,0,0,0,0,0,0,0,0,0,0,0,0,0,0
persistent_trough,stage1_only,26 - 14,shared_keeper_capacity_central,shared_keeper_capacity_low,maximum_negative_peg_deviation,128,0,0,0,0,0,0,0,0,0,0,0,0,0,0,0
persistent_trough,stage1_only,26 - 14,shared_keeper_capacity_central,shared_keeper_capacity_low,mean_absolute_peg_deviation,128,0,0,0,0,0,0,0,0,0,0,0,0,0,0,0
persistent_trough,stage1_only,26 - 14,shared_keeper_capacity_central,shared_keeper_capacity_low,hours_below_0995,128,0,0,0,0,0,0,0,0,0,0,0,0,0,0,0
persistent_trough,stage1_only,26 - 14,shared_keeper_capacity_central,shared_keeper_capacity_low,hours_above_1005,128,0,0,0,0,0,0,0,0,0,0,0,0,0,0,0
persistent_trough,stage1_only,26 - 14,shared_keeper_capacity_central,shared_keeper_capacity_low,first_return_time,128,0,0,0,0,0,0,0,0,0,0,0,0,0,0,0
persistent_trough,stage1_only,26 - 14,shared_keeper_capacity_central,shared_keeper_capacity_low,failed_recovery_attempts,128,0,0,0,0,0,0,0,0,0,0,0,0,0,0,0
persistent_trough,stage1_only,26 - 14,shared_keeper_capacity_central,shared_keeper_capacity_low,recovery_probability_168h,128,0,0,0,0,0,0,0,0,0,0,0,0,0,0,0
persistent_trough,stage1_only,26 - 14,shared_keeper_capacity_central,shared_keeper_capacity_low,recovery_probability_336h,128,0,0,0,0,0,0,0,0,0,0,0,0,0,0,0
persistent_trough,stage1_only,26 - 14,shared_keeper_capacity_central,shared_keeper_capacity_low,recovery_probability_720h,128,0,0,0,0,0,0,0,0,0,0,0,0,0,0,0
persistent_trough,stage1_only,26 - 14,shared_keeper_capacity_central,shared_keeper_capacity_low,final_dai_price,128,0,0,0,0,0,0,0,0,0,0,0,0,0,0,0
persistent_trough,stage1_only,26 - 14,shared_keeper_capacity_central,shared_keeper_capacity_low,final_peg_band_status,128,0,0,0,0,0,0,0,0,0,0,0,0,0,0,0
persistent_trough,stage1_only,26 - 14,shared_keeper_capacity_central,shared_keeper_capacity_low,minimum_confidence,128,0,0,0,0,0,0,0,0,0,0,0,0,0,0,0
persistent_trough,stage1_only,26 - 14,shared_keeper_capacity_central,shared_keeper_capacity_low,mean_confidence_loss,128,0,0,0,0,0,0,0,0,0,0,0,0,0,0,0
persistent_trough,stage1_only,26 - 14,shared_keeper_capacity_central,shared_keeper_capacity_low,confidence_at_horizon,128,0,0,0,0,0,0,0,0,0,0,0,0,0,0,0
persistent_trough,stage1_only,26 - 14,shared_keeper_capacity_central,shared_keeper_capacity_low,hours_at_confidence_floor,128,0,0,0,0,0,0,0,0,0,0,0,0,0,0,0
persistent_trough,stage1_only,26 - 14,shared_keeper_capacity_central,shared_keeper_capacity_low,hours_recovery_gate_closed,128,0,0,0,0,0,0,0,0,0,0,0,0,0,0,0
persistent_trough,stage1_only,26 - 14,shared_keeper_capacity_central,shared_keeper_capacity_low,first_recovery_gate_open,128,0,0,0,0,0,0,0,0,0,0,0,0,0,0,0
persistent_trough,stage1_only,26 - 14,shared_keeper_capacity_central,shared_keeper_capacity_low,recovery_gate_reopenings,128,0,0,0,0,0,0,0,0,0,0,0,0,0,0,0
persistent_trough,stage1_only,26 - 14,shared_keeper_capacity_central,shared_keeper_capacity_low,cumulative_panic_contribution,128,0,0,0,0,0,0,0,0,0,0,0,0,0,0,0
persistent_trough,stage1_only,26 - 14,shared_keeper_capacity_central,shared_keeper_capacity_low,maximum_panic_contribution,128,0,0,0,0,0,0,0,0,0,0,0,0,0,0,0
persistent_trough,stage1_only,45 - 26,shared_keeper_capacity_high,shared_keeper_capacity_central,backlog_area_dai_hours,128,-71963.4124001,10942.0045738,-93409.7413647,-50517.0834355,-8994.72019596,-352899.446297,-85631.932908,0,0,0,-573216.348466,0,0,0,75
persistent_trough,stage1_only,45 - 26,shared_keeper_capacity_high,shared_keeper_capacity_central,maximum_unresolved_tab_dai,128,-447.299844099,333.324789902,-1100.61643231,206.016744109,0,0,0,0,0,0,-38443.1844578,0,0,0,2
persistent_trough,stage1_only,45 - 26,shared_keeper_capacity_high,shared_keeper_capacity_central,cumulative_realised_bad_debt_dai,128,0,0,0,0,0,0,0,0,0,0,0,0,0,0,0
persistent_trough,stage1_only,45 - 26,shared_keeper_capacity_high,shared_keeper_capacity_central,below_peg_burden,128,0,0,0,0,0,0,0,0,0,0,0,0,0,0,0
persistent_trough,stage1_only,45 - 26,shared_keeper_capacity_high,shared_keeper_capacity_central,restricted_mean_recovery_time,128,0,0,0,0,0,0,0,0,0,0,0,0,0,0,0
persistent_trough,stage1_only,45 - 26,shared_keeper_capacity_high,shared_keeper_capacity_central,unsafe_vault_count,128,0,0,0,0,0,0,0,0,0,0,0,0,0,0,0
persistent_trough,stage1_only,45 - 26,shared_keeper_capacity_high,shared_keeper_capacity_central,peak_unsafe_share,128,0,0,0,0,0,0,0,0,0,0,0,0,0,0,0
persistent_trough,stage1_only,45 - 26,shared_keeper_capacity_high,shared_keeper_capacity_central,newly_unsafe_count,128,0,0,0,0,0,0,0,0,0,0,0,0,0,0,0
persistent_trough,stage1_only,45 - 26,shared_keeper_capacity_high,shared_keeper_capacity_central,cumulative_arrival_count,128,-9.5078125,2.50653663396,-14.4206243026,-4.59500069745,0,-55.3,0,0,0,0,-190,0,0,0,28
persistent_trough,stage1_only,45 - 26,shared_keeper_capacity_high,shared_keeper_capacity_central,cumulative_attempts,128,4.21875,1.17118335889,1.92323061658,6.51426938342,0,-13.6,0,13,19,21.3,-53,54,0.484375,62,21
persistent_trough,stage1_only,45 - 26,shared_keeper_capacity_high,shared_keeper_capacity_central,cumulative_successful_closures,128,0,0,0,0,0,0,0,0,0,0,0,0,0,0,0
persistent_trough,stage1_only,45 - 26,shared_keeper_capacity_high,shared_keeper_capacity_central,cumulative_capacity_rejected,128,-13.0859375,1.18973977253,-15.4178274542,-10.7540475458,-13,-38,-19,0,0,0,-63,0,0,0,95
persistent_trough,stage1_only,45 - 26,shared_keeper_capacity_high,shared_keeper_capacity_central,cumulative_unprofitable_attempts,128,4.21875,1.17118335889,1.92323061658,6.51426938342,0,-13.6,0,13,19,21.3,-53,54,0.484375,62,21
persistent_trough,stage1_only,45 - 26,shared_keeper_capacity_high,shared_keeper_capacity_central,binding_hours,128,-1.234375,0.108386279145,-1.44681210712,-1.02193789288,-1,-3,-2,0,0,0,-7,0,0,0,85
persistent_trough,stage1_only,45 - 26,shared_keeper_capacity_high,shared_keeper_capacity_central,positive_demand_hours,128,-0.9140625,0.212209546679,-1.32999321149,-0.49813178851,0,-5.65,0,0,0,0,-13,0,0,0,28
persistent_trough,stage1_only,45 - 26,shared_keeper_capacity_high,shared_keeper_capacity_central,mean_capacity_utilisation,128,-0.104955879574,0.00354411140608,-0.111902337929,-0.0980094212176,-0.0995769373696,-0.168643356643,-0.132999974625,-0.0789512167419,-0.0613063311629,-0.0509686609687,-0.228561253561,0.0348562548563,0.0078125,1,127
persistent_trough,stage1_only,45 - 26,shared_keeper_capacity_high,shared_keeper_capacity_central,maximum_capacity_utilisation,128,-0.198150373932,0.01539038842,-0.228315535235,-0.167985212628,-0.144444444444,-0.414444444444,-0.377777777778,0,0,0,-0.422222222222,0,0,0,82
persistent_trough,stage1_only,45 - 26,shared_keeper_capacity_high,shared_keeper_capacity_central,maximum_attempts_one_hour,128,9.609375,0.736779340194,8.16528749322,11.0534625068,12.5,0,0,19,19,19,0,19,0.7421875,95,0
persistent_trough,stage1_only,45 - 26,shared_keeper_capacity_high,shared_keeper_capacity_central,cumulative_debt_repaid_dai,128,-1.36424205266e-12,7.07892560347e-12,-1.52389362355e-11,1.25104521301e-11,0,-2.32830643654e-10,0,0,1.16415321827e-10,1.16415321827e-10,-2.32830643654e-10,2.32830643654e-10,0.15625,20,15
persistent_trough,stage1_only,45 - 26,shared_keeper_capacity_high,shared_keeper_capacity_central,completed_liquidation_count,128,0,0,0,0,0,0,0,0,0,0,0,0,0,0,0
persistent_trough,stage1_only,45 - 26,shared_keeper_capacity_high,shared_keeper_capacity_central,unresolved_vault_count,128,0,0,0,0,0,0,0,0,0,0,0,0,0,0,0
persistent_trough,stage1_only,45 - 26,shared_keeper_capacity_high,shared_keeper_capacity_central,unresolved_tab_at_horizon_dai,128,0,0,0,0,0,0,0,0,0,0,0,0,0,0,0
persistent_trough,stage1_only,45 - 26,shared_keeper_capacity_high,shared_keeper_capacity_central,maximum_backlog_duration,128,-3.015625,0.745226308487,-4.47626856463,-1.55498143537,0,-20.3,0,0,0,0,-51,0,0,0,28
persistent_trough,stage1_only,45 - 26,shared_keeper_capacity_high,shared_keeper_capacity_central,active_bad_debt_at_horizon_dai,128,0,0,0,0,0,0,0,0,0,0,0,0,0,0,0
persistent_trough,stage1_only,45 - 26,shared_keeper_capacity_high,shared_keeper_capacity_central,maximum_active_bad_debt_dai,128,-2.86624605916,2.86624605916,-8.48408833513,2.7515962168,0,0,0,0,0,0,-366.879495573,0,0,0,1
persistent_trough,stage1_only,45 - 26,shared_keeper_capacity_high,shared_keeper_capacity_central,keeper_profit_dai,128,-21.2014598313,15.7008457973,-51.9751175939,9.57219793139,0,-246.386074828,-4.58308876652,3.59736907318,79.0762315162,114.24250814,-1425.645293,458.055913649,0.2734375,35,40
persistent_trough,stage1_only,45 - 26,shared_keeper_capacity_high,shared_keeper_capacity_central,recovered_before_execution_count,128,0,0,0,0,0,0,0,0,0,0,0,0,0,0,0
persistent_trough,stage1_only,45 - 26,shared_keeper_capacity_high,shared_keeper_capacity_central,recovered_before_closure_count,128,0,0,0,0,0,0,0,0,0,0,0,0,0,0,0
persistent_trough,stage1_only,45 - 26,shared_keeper_capacity_high,shared_keeper_capacity_central,minimum_dai_price,128,0,0,0,0,0,0,0,0,0,0,0,0,0,0,0
persistent_trough,stage1_only,45 - 26,shared_keeper_capacity_high,shared_keeper_capacity_central,maximum_negative_peg_deviation,128,0,0,0,0,0,0,0,0,0,0,0,0,0,0,0
persistent_trough,stage1_only,45 - 26,shared_keeper_capacity_high,shared_keeper_capacity_central,mean_absolute_peg_deviation,128,0,0,0,0,0,0,0,0,0,0,0,0,0,0,0
persistent_trough,stage1_only,45 - 26,shared_keeper_capacity_high,shared_keeper_capacity_central,hours_below_0995,128,0,0,0,0,0,0,0,0,0,0,0,0,0,0,0
persistent_trough,stage1_only,45 - 26,shared_keeper_capacity_high,shared_keeper_capacity_central,hours_above_1005,128,0,0,0,0,0,0,0,0,0,0,0,0,0,0,0
persistent_trough,stage1_only,45 - 26,shared_keeper_capacity_high,shared_keeper_capacity_central,first_return_time,128,0,0,0,0,0,0,0,0,0,0,0,0,0,0,0
persistent_trough,stage1_only,45 - 26,shared_keeper_capacity_high,shared_keeper_capacity_central,failed_recovery_attempts,128,0,0,0,0,0,0,0,0,0,0,0,0,0,0,0
persistent_trough,stage1_only,45 - 26,shared_keeper_capacity_high,shared_keeper_capacity_central,recovery_probability_168h,128,0,0,0,0,0,0,0,0,0,0,0,0,0,0,0
persistent_trough,stage1_only,45 - 26,shared_keeper_capacity_high,shared_keeper_capacity_central,recovery_probability_336h,128,0,0,0,0,0,0,0,0,0,0,0,0,0,0,0
persistent_trough,stage1_only,45 - 26,shared_keeper_capacity_high,shared_keeper_capacity_central,recovery_probability_720h,128,0,0,0,0,0,0,0,0,0,0,0,0,0,0,0
persistent_trough,stage1_only,45 - 26,shared_keeper_capacity_high,shared_keeper_capacity_central,final_dai_price,128,0,0,0,0,0,0,0,0,0,0,0,0,0,0,0
persistent_trough,stage1_only,45 - 26,shared_keeper_capacity_high,shared_keeper_capacity_central,final_peg_band_status,128,0,0,0,0,0,0,0,0,0,0,0,0,0,0,0
persistent_trough,stage1_only,45 - 26,shared_keeper_capacity_high,shared_keeper_capacity_central,minimum_confidence,128,0,0,0,0,0,0,0,0,0,0,0,0,0,0,0
persistent_trough,stage1_only,45 - 26,shared_keeper_capacity_high,shared_keeper_capacity_central,mean_confidence_loss,128,0,0,0,0,0,0,0,0,0,0,0,0,0,0,0
persistent_trough,stage1_only,45 - 26,shared_keeper_capacity_high,shared_keeper_capacity_central,confidence_at_horizon,128,0,0,0,0,0,0,0,0,0,0,0,0,0,0,0
persistent_trough,stage1_only,45 - 26,shared_keeper_capacity_high,shared_keeper_capacity_central,hours_at_confidence_floor,128,0,0,0,0,0,0,0,0,0,0,0,0,0,0,0
persistent_trough,stage1_only,45 - 26,shared_keeper_capacity_high,shared_keeper_capacity_central,hours_recovery_gate_closed,128,0,0,0,0,0,0,0,0,0,0,0,0,0,0,0
persistent_trough,stage1_only,45 - 26,shared_keeper_capacity_high,shared_keeper_capacity_central,first_recovery_gate_open,128,0,0,0,0,0,0,0,0,0,0,0,0,0,0,0
persistent_trough,stage1_only,45 - 26,shared_keeper_capacity_high,shared_keeper_capacity_central,recovery_gate_reopenings,128,0,0,0,0,0,0,0,0,0,0,0,0,0,0,0
persistent_trough,stage1_only,45 - 26,shared_keeper_capacity_high,shared_keeper_capacity_central,cumulative_panic_contribution,128,0,0,0,0,0,0,0,0,0,0,0,0,0,0,0
persistent_trough,stage1_only,45 - 26,shared_keeper_capacity_high,shared_keeper_capacity_central,maximum_panic_contribution,128,0,0,0,0,0,0,0,0,0,0,0,0,0,0,0
persistent_trough,stage1_only,45 - 14,shared_keeper_capacity_high,shared_keeper_capacity_low,backlog_area_dai_hours,128,-462735.194781,32241.9028855,-525929.324437,-399541.065126,-337549.731637,-1090467.72844,-682065.930376,-194931.562997,-116239.014803,-83192.289765,-1718772.08463,0,0,0,126
persistent_trough,stage1_only,45 - 14,shared_keeper_capacity_high,shared_keeper_capacity_low,maximum_unresolved_tab_dai,128,-2832.5205188,1088.7773247,-4966.52407522,-698.516962376,0,-19564.7156667,0,0,0,0,-106805.719735,0,0,0,10
persistent_trough,stage1_only,45 - 14,shared_keeper_capacity_high,shared_keeper_capacity_low,cumulative_realised_bad_debt_dai,128,0,0,0,0,0,0,0,0,0,0,0,0,0,0,0
persistent_trough,stage1_only,45 - 14,shared_keeper_capacity_high,shared_keeper_capacity_low,below_peg_burden,128,0,0,0,0,0,0,0,0,0,0,0,0,0,0,0
persistent_trough,stage1_only,45 - 14,shared_keeper_capacity_high,shared_keeper_capacity_low,restricted_mean_recovery_time,128,0,0,0,0,0,0,0,0,0,0,0,0,0,0,0
persistent_trough,stage1_only,45 - 14,shared_keeper_capacity_high,shared_keeper_capacity_low,unsafe_vault_count,128,0,0,0,0,0,0,0,0,0,0,0,0,0,0,0
persistent_trough,stage1_only,45 - 14,shared_keeper_capacity_high,shared_keeper_capacity_low,peak_unsafe_share,128,0,0,0,0,0,0,0,0,0,0,0,0,0,0,0
persistent_trough,stage1_only,45 - 14,shared_keeper_capacity_high,shared_keeper_capacity_low,newly_unsafe_count,128,0,0,0,0,0,0,0,0,0,0,0,0,0,0,0
persistent_trough,stage1_only,45 - 14,shared_keeper_capacity_high,shared_keeper_capacity_low,cumulative_arrival_count,128,-67.1875,20.533706176,-107.433564105,-26.9414358951,-10.5,-189.3,-64.75,0,0,0,-2124,0,0,0,66
persistent_trough,stage1_only,45 - 14,shared_keeper_capacity_high,shared_keeper_capacity_low,cumulative_attempts,128,21.6484375,8.08812490621,5.79571268382,37.5011623162,11,-31.9,-0.25,48.25,105,135.25,-794,213,0.640625,82,32
persistent_trough,stage1_only,45 - 14,shared_keeper_capacity_high,shared_keeper_capacity_low,cumulative_successful_closures,128,0.0390625,0.0390625,-0.0375,0.115625,0,0,0,0,0,0,0,5,0.0078125,1,0
persistent_trough,stage1_only,45 - 14,shared_keeper_capacity_high,shared_keeper_capacity_low,cumulative_capacity_rejected,128,-71.59375,3.75382740211,-78.9512517081,-64.2362482919,-60.5,-163.85,-90.25,-43,-29,-23.35,-235,-7,0,0,128
persistent_trough,stage1_only,45 - 14,shared_keeper_capacity_high,shared_keeper_capacity_low,cumulative_unprofitable_attempts,128,21.609375,8.11917745926,5.69578717984,37.5229628202,11,-31.9,-0.25,48.25,105,135.25,-799,213,0.640625,82,32
persistent_trough,stage1_only,45 - 14,shared_keeper_capacity_high,shared_keeper_capacity_low,binding_hours,128,-7.328125,0.481205498888,-8.27128777782,-6.38496222218,-6,-19.65,-8,-4,-3,-3,-35,0,0,0,127
persistent_trough,stage1_only,45 - 14,shared_keeper_capacity_high,shared_keeper_capacity_low,positive_demand_hours,128,-6.7890625,2.12759372578,-10.9591462025,-2.61897879747,-1,-15.3,-7,0,0,0,-231,0,0,0,66
persistent_trough,stage1_only,45 - 14,shared_keeper_capacity_high,shared_keeper_capacity_low,mean_capacity_utilisation,128,-0.240340831069,0.00583132873851,-0.251770235397,-0.228911426742,-0.247905019287,-0.326809019904,-0.28734000179,-0.19922759395,-0.153554232804,-0.144707482244,-0.371369047619,0.0493104165982,0.0078125,1,127
persistent_trough,stage1_only,45 - 14,shared_keeper_capacity_high,shared_keeper_capacity_low,maximum_capacity_utilisation,128,-0.223090277778,0.018011171546,-0.258392174008,-0.187788381548,-0.144444444444,-0.503333333333,-0.422222222222,0,0,0,-0.577777777778,0,0,0,82
persistent_trough,stage1_only,45 - 14,shared_keeper_capacity_high,shared_keeper_capacity_low,maximum_attempts_one_hour,128,20.9609375,0.810502719572,19.3723521696,22.5495228304,24.5,8.35,12,31,31,31,5,31,1,128,0
persistent_trough,stage1_only,45 - 14,shared_keeper_capacity_high,shared_keeper_capacity_low,cumulative_debt_repaid_dai,128,0.809341346022,0.80934134604,-0.776967692217,2.39565038426,0,-2.32830643654e-10,-5.82076609135e-11,0,1.16415321827e-10,2.32830643654e-10,-6.98491930962e-10,103.595692293,0.2421875,31,38
persistent_trough,stage1_only,45 - 14,shared_keeper_capacity_high,shared_keeper_capacity_low,completed_liquidation_count,128,0.0390625,0.0390625,-0.0375,0.115625,0,0,0,0,0,0,0,5,0.0078125,1,0
persistent_trough,stage1_only,45 - 14,shared_keeper_capacity_high,shared_keeper_capacity_low,unresolved_vault_count,128,-0.0390625,0.0390625,-0.115625,0.0375,0,0,0,0,0,0,-5,0,0,0,1
persistent_trough,stage1_only,45 - 14,shared_keeper_capacity_high,shared_keeper_capacity_low,unresolved_tab_at_horizon_dai,128,-0.809341346041,0.809341346041,-2.39565038428,0.776967692199,0,0,0,0,0,0,-103.595692293,0,0,0,1
persistent_trough,stage1_only,45 - 14,shared_keeper_capacity_high,shared_keeper_capacity_low,maximum_backlog_duration,128,-19.515625,6.18021059503,-31.6288377663,-7.40241223375,-2,-48.6,-20,0,0,0,-666,0,0,0,66
persistent_trough,stage1_only,45 - 14,shared_keeper_capacity_high,shared_keeper_capacity_low,active_bad_debt_at_horizon_dai,128,0,0,0,0,0,0,0,0,0,0,0,0,0,0,0
persistent_trough,stage1_only,45 - 14,shared_keeper_capacity_high,shared_keeper_capacity_low,maximum_active_bad_debt_dai,128,-9.60773711476,5.72938588585,-20.837333451,1.62185922151,0,0,0,0,0,0,-570.244096192,0,0,0,3
persistent_trough,stage1_only,45 - 14,shared_keeper_capacity_high,shared_keeper_capacity_low,keeper_profit_dai,128,-34.8238470503,28.3909545885,-90.4701180438,20.8224239432,5.42206240555,-565.81001425,-91.5298635286,95.7600606983,266.533832449,345.645788757,-1894.47461162,673.403274653,0.5390625,69,57
persistent_trough,stage1_only,45 - 14,shared_keeper_capacity_high,shared_keeper_capacity_low,recovered_before_execution_count,128,0,0,0,0,0,0,0,0,0,0,0,0,0,0,0
persistent_trough,stage1_only,45 - 14,shared_keeper_capacity_high,shared_keeper_capacity_low,recovered_before_closure_count,128,0,0,0,0,0,0,0,0,0,0,0,0,0,0,0
persistent_trough,stage1_only,45 - 14,shared_keeper_capacity_high,shared_keeper_capacity_low,minimum_dai_price,128,0,0,0,0,0,0,0,0,0,0,0,0,0,0,0
persistent_trough,stage1_only,45 - 14,shared_keeper_capacity_high,shared_keeper_capacity_low,maximum_negative_peg_deviation,128,0,0,0,0,0,0,0,0,0,0,0,0,0,0,0
persistent_trough,stage1_only,45 - 14,shared_keeper_capacity_high,shared_keeper_capacity_low,mean_absolute_peg_deviation,128,0,0,0,0,0,0,0,0,0,0,0,0,0,0,0
persistent_trough,stage1_only,45 - 14,shared_keeper_capacity_high,shared_keeper_capacity_low,hours_below_0995,128,0,0,0,0,0,0,0,0,0,0,0,0,0,0,0
persistent_trough,stage1_only,45 - 14,shared_keeper_capacity_high,shared_keeper_capacity_low,hours_above_1005,128,0,0,0,0,0,0,0,0,0,0,0,0,0,0,0
persistent_trough,stage1_only,45 - 14,shared_keeper_capacity_high,shared_keeper_capacity_low,first_return_time,128,0,0,0,0,0,0,0,0,0,0,0,0,0,0,0
persistent_trough,stage1_only,45 - 14,shared_keeper_capacity_high,shared_keeper_capacity_low,failed_recovery_attempts,128,0,0,0,0,0,0,0,0,0,0,0,0,0,0,0
persistent_trough,stage1_only,45 - 14,shared_keeper_capacity_high,shared_keeper_capacity_low,recovery_probability_168h,128,0,0,0,0,0,0,0,0,0,0,0,0,0,0,0
persistent_trough,stage1_only,45 - 14,shared_keeper_capacity_high,shared_keeper_capacity_low,recovery_probability_336h,128,0,0,0,0,0,0,0,0,0,0,0,0,0,0,0
persistent_trough,stage1_only,45 - 14,shared_keeper_capacity_high,shared_keeper_capacity_low,recovery_probability_720h,128,0,0,0,0,0,0,0,0,0,0,0,0,0,0,0
persistent_trough,stage1_only,45 - 14,shared_keeper_capacity_high,shared_keeper_capacity_low,final_dai_price,128,0,0,0,0,0,0,0,0,0,0,0,0,0,0,0
persistent_trough,stage1_only,45 - 14,shared_keeper_capacity_high,shared_keeper_capacity_low,final_peg_band_status,128,0,0,0,0,0,0,0,0,0,0,0,0,0,0,0
persistent_trough,stage1_only,45 - 14,shared_keeper_capacity_high,shared_keeper_capacity_low,minimum_confidence,128,0,0,0,0,0,0,0,0,0,0,0,0,0,0,0
persistent_trough,stage1_only,45 - 14,shared_keeper_capacity_high,shared_keeper_capacity_low,mean_confidence_loss,128,0,0,0,0,0,0,0,0,0,0,0,0,0,0,0
persistent_trough,stage1_only,45 - 14,shared_keeper_capacity_high,shared_keeper_capacity_low,confidence_at_horizon,128,0,0,0,0,0,0,0,0,0,0,0,0,0,0,0
persistent_trough,stage1_only,45 - 14,shared_keeper_capacity_high,shared_keeper_capacity_low,hours_at_confidence_floor,128,0,0,0,0,0,0,0,0,0,0,0,0,0,0,0
persistent_trough,stage1_only,45 - 14,shared_keeper_capacity_high,shared_keeper_capacity_low,hours_recovery_gate_closed,128,0,0,0,0,0,0,0,0,0,0,0,0,0,0,0
persistent_trough,stage1_only,45 - 14,shared_keeper_capacity_high,shared_keeper_capacity_low,first_recovery_gate_open,128,0,0,0,0,0,0,0,0,0,0,0,0,0,0,0
persistent_trough,stage1_only,45 - 14,shared_keeper_capacity_high,shared_keeper_capacity_low,recovery_gate_reopenings,128,0,0,0,0,0,0,0,0,0,0,0,0,0,0,0
persistent_trough,stage1_only,45 - 14,shared_keeper_capacity_high,shared_keeper_capacity_low,cumulative_panic_contribution,128,0,0,0,0,0,0,0,0,0,0,0,0,0,0,0
persistent_trough,stage1_only,45 - 14,shared_keeper_capacity_high,shared_keeper_capacity_low,maximum_panic_contribution,128,0,0,0,0,0,0,0,0,0,0,0,0,0,0,0
persistent_trough,confidence_resilient,26 - 14,shared_keeper_capacity_central,shared_keeper_capacity_low,backlog_area_dai_hours,128,-390771.782381,25860.9034404,-441459.153124,-340084.411638,-308602.842255,-881153.446827,-531719.736099,-181275.887153,-107601.315094,-81146.6042888,-1651076.34919,0,0,0,126
persistent_trough,confidence_resilient,26 - 14,shared_keeper_capacity_central,shared_keeper_capacity_low,maximum_unresolved_tab_dai,128,-2385.2206747,846.114797039,-4043.6056769,-726.835672501,0,-19564.7156667,0,0,0,0,-68362.5352775,0,0,0,10
persistent_trough,confidence_resilient,26 - 14,shared_keeper_capacity_central,shared_keeper_capacity_low,cumulative_realised_bad_debt_dai,128,0,0,0,0,0,0,0,0,0,0,0,0,0,0,0
persistent_trough,confidence_resilient,26 - 14,shared_keeper_capacity_central,shared_keeper_capacity_low,below_peg_burden,128,-5.53486257885,3.16289046506,-11.7341278904,0.664402732659,0,-0.0324654341558,0,0,0,0,-247.00946579,0,0,0,10
persistent_trough,confidence_resilient,26 - 14,shared_keeper_capacity_central,shared_keeper_capacity_low,restricted_mean_recovery_time,128,-16.875,9.66576651502,-35.8199023694,2.06990236943,0,0,0,0,0,0,-720,0,0,0,3
persistent_trough,confidence_resilient,26 - 14,shared_keeper_capacity_central,shared_keeper_capacity_low,unsafe_vault_count,128,0,0,0,0,0,0,0,0,0,0,0,0,0,0,0
persistent_trough,confidence_resilient,26 - 14,shared_keeper_capacity_central,shared_keeper_capacity_low,peak_unsafe_share,128,0,0,0,0,0,0,0,0,0,0,0,0,0,0,0
persistent_trough,confidence_resilient,26 - 14,shared_keeper_capacity_central,shared_keeper_capacity_low,newly_unsafe_count,128,0,0,0,0,0,0,0,0,0,0,0,0,0,0,0
persistent_trough,confidence_resilient,26 - 14,shared_keeper_capacity_central,shared_keeper_capacity_low,cumulative_arrival_count,128,-57.6796875,20.5264734886,-97.9115755376,-17.4477994624,0,-164.95,-46.25,0,0,0,-2124,0,0,0,59
persistent_trough,confidence_resilient,26 - 14,shared_keeper_capacity_central,shared_keeper_capacity_low,cumulative_attempts,128,17.4296875,7.71881173342,2.30081650249,32.5585584975,9,-29.9,-1,41.25,87.6,114.15,-796,196,0.6640625,85,33
persistent_trough,confidence_resilient,26 - 14,shared_keeper_capacity_central,shared_keeper_capacity_low,cumulative_successful_closures,128,0.0390625,0.0390625,-0.0375,0.115625,0,0,0,0,0,0,0,5,0.0078125,1,0
persistent_trough,confidence_resilient,26 - 14,shared_keeper_capacity_central,shared_keeper_capacity_low,cumulative_capacity_rejected,128,-58.5078125,3.19769763872,-64.7752998719,-52.2403251281,-49,-141.8,-72.25,-36.5,-26.8,-20.35,-212,-7,0,0,128
persistent_trough,confidence_resilient,26 - 14,shared_keeper_capacity_central,shared_keeper_capacity_low,cumulative_unprofitable_attempts,128,17.390625,7.75125588611,2.19816346323,32.5830865368,9,-29.9,-1,41.25,87.6,114.15,-801,196,0.6640625,85,33
persistent_trough,confidence_resilient,26 - 14,shared_keeper_capacity_central,shared_keeper_capacity_low,binding_hours,128,-6.09375,0.44581351754,-6.96754449438,-5.21995550562,-5,-16.65,-6.25,-3,-2,-2,-34,0,0,0,127
persistent_trough,confidence_resilient,26 - 14,shared_keeper_capacity_central,shared_keeper_capacity_low,positive_demand_hours,128,-5.875,2.12956896493,-10.0489551713,-1.70104482874,0,-14.95,-5,0,0,0,-231,0,0,0,59
persistent_trough,confidence_resilient,26 - 14,shared_keeper_capacity_central,shared_keeper_capacity_low,mean_capacity_utilisation,128,-0.135384951496,0.00549756162674,-0.146160172284,-0.124609730707,-0.142895383005,-0.221986034799,-0.171573313744,-0.112572217755,-0.0696093204454,-0.0256442881443,-0.26862026862,0.175283825905,0.0234375,3,125
persistent_trough,confidence_resilient,26 - 14,shared_keeper_capacity_central,shared_keeper_capacity_low,maximum_capacity_utilisation,128,-0.0249399038462,0.00485646527397,-0.0344585757831,-0.0154212319092,0,-0.140384615385,0,0,0,0,-0.269230769231,0,0,0,26
persistent_trough,confidence_resilient,26 - 14,shared_keeper_capacity_central,shared_keeper_capacity_low,maximum_attempts_one_hour,128,11.3515625,0.126268097123,11.1040770296,11.5990479704,12,8.35,12,12,12,12,5,12,1,128,0
persistent_trough,confidence_resilient,26 - 14,shared_keeper_capacity_central,shared_keeper_capacity_low,cumulative_debt_repaid_dai,128,0.809341346023,0.80934134604,-0.776967692216,2.39565038426,0,-2.32830643654e-10,-5.82076609135e-11,0,1.16415321827e-10,1.54250301421e-10,-4.65661287308e-10,103.595692293,0.203125,26,40
persistent_trough,confidence_resilient,26 - 14,shared_keeper_capacity_central,shared_keeper_capacity_low,completed_liquidation_count,128,0.0390625,0.0390625,-0.0375,0.115625,0,0,0,0,0,0,0,5,0.0078125,1,0
persistent_trough,confidence_resilient,26 - 14,shared_keeper_capacity_central,shared_keeper_capacity_low,unresolved_vault_count,128,-0.0390625,0.0390625,-0.115625,0.0375,0,0,0,0,0,0,-5,0,0,0,1
persistent_trough,confidence_resilient,26 - 14,shared_keeper_capacity_central,shared_keeper_capacity_low,unresolved_tab_at_horizon_dai,128,-0.809341346041,0.809341346041,-2.39565038428,0.776967692199,0,0,0,0,0,0,-103.595692293,0,0,0,1
persistent_trough,confidence_resilient,26 - 14,shared_keeper_capacity_central,shared_keeper_capacity_low,maximum_backlog_duration,128,-16.5,6.17757246617,-28.6080420337,-4.3919579663,0,-37.95,-11.5,0,0,0,-666,0,0,0,59
persistent_trough,confidence_resilient,26 - 14,shared_keeper_capacity_central,shared_keeper_capacity_low,active_bad_debt_at_horizon_dai,128,0,0,0,0,0,0,0,0,0,0,0,0,0,0,0
persistent_trough,confidence_resilient,26 - 14,shared_keeper_capacity_central,shared_keeper_capacity_low,maximum_active_bad_debt_dai,128,-6.74149105559,4.99147190537,-16.5247759901,3.04179387893,0,0,0,0,0,0,-570.244096192,0,0,0,2
persistent_trough,confidence_resilient,26 - 14,shared_keeper_capacity_central,shared_keeper_capacity_low,keeper_profit_dai,128,-13.622387219,18.2495996396,-49.3916025127,22.1468280746,0.247281030352,-376.650581612,-87.3179527514,60.7777085697,203.783450696,299.422789786,-826.976838285,546.919808547,0.5078125,65,61
persistent_trough,confidence_resilient,26 - 14,shared_keeper_capacity_central,shared_keeper_capacity_low,recovered_before_execution_count,128,0,0,0,0,0,0,0,0,0,0,0,0,0,0,0
persistent_trough,confidence_resilient,26 - 14,shared_keeper_capacity_central,shared_keeper_capacity_low,recovered_before_closure_count,128,0,0,0,0,0,0,0,0,0,0,0,0,0,0,0
persistent_trough,confidence_resilient,26 - 14,shared_keeper_capacity_central,shared_keeper_capacity_low,minimum_dai_price,128,0.0116231905012,0.00665633200229,-0.00142322022323,0.0246696012257,0,0,0,0,0,0,0,0.496322255574,0.03125,4,0
persistent_trough,confidence_resilient,26 - 14,shared_keeper_capacity_central,shared_keeper_capacity_low,maximum_negative_peg_deviation,128,-0.0116231905012,0.00665633200229,-0.0246696012257,0.00142322022323,0,0,0,0,0,0,-0.496322255574,0,0,0,4
persistent_trough,confidence_resilient,26 - 14,shared_keeper_capacity_central,shared_keeper_capacity_low,mean_absolute_peg_deviation,128,-0.00768210101865,0.00439000033387,-0.016286501673,0.000922299635736,0,-3.81011511404e-05,0,0,0,0,-0.342754247427,0,0,0,10
persistent_trough,confidence_resilient,26 - 14,shared_keeper_capacity_central,shared_keeper_capacity_low,hours_below_0995,128,-14.7109375,8.41484931646,-31.2040421603,1.78216716025,0,0,0,0,0,0,-647,0,0,0,5
persistent_trough,confidence_resilient,26 - 14,shared_keeper_capacity_central,shared_keeper_capacity_low,hours_above_1005,128,0,0,0,0,0,0,0,0,0,0,0,0,0,0,0
persistent_trough,confidence_resilient,26 - 14,shared_keeper_capacity_central,shared_keeper_capacity_low,first_return_time,128,-17.4375,11.8436165799,-40.6509884965,5.77598849654,0,0,0,0,0,0,-720,581,0.0078125,1,4
persistent_trough,confidence_resilient,26 - 14,shared_keeper_capacity_central,shared_keeper_capacity_low,failed_recovery_attempts,128,0,0.0110919563677,-0.0217402344807,0.0217402344807,0,0,0,0,0,0,-1,1,0.0078125,1,1
persistent_trough,confidence_resilient,26 - 14,shared_keeper_capacity_central,shared_keeper_capacity_low,recovery_probability_168h,128,0.0234375,0.0134246757153,-0.00287486440199,0.049749864402,0,0,0,0,0,0,0,1,0.0234375,3,0
persistent_trough,confidence_resilient,26 - 14,shared_keeper_capacity_central,shared_keeper_capacity_low,recovery_probability_336h,128,0.0234375,0.0134246757153,-0.00287486440199,0.049749864402,0,0,0,0,0,0,0,1,0.0234375,3,0
persistent_trough,confidence_resilient,26 - 14,shared_keeper_capacity_central,shared_keeper_capacity_low,recovery_probability_720h,128,0.0234375,0.0134246757153,-0.00287486440199,0.049749864402,0,0,0,0,0,0,0,1,0.0234375,3,0
persistent_trough,confidence_resilient,26 - 14,shared_keeper_capacity_central,shared_keeper_capacity_low,final_dai_price,128,0.0117323028404,0.00672010335992,-0.001439099745,0.0249037054259,0,0,0,0,0,0,0,0.50117131172,0.0234375,3,0
persistent_trough,confidence_resilient,26 - 14,shared_keeper_capacity_central,shared_keeper_capacity_low,final_peg_band_status,128,0.0234375,0.0134246757153,-0.00287486440199,0.049749864402,0,0,0,0,0,0,0,1,0.0234375,3,0
persistent_trough,confidence_resilient,26 - 14,shared_keeper_capacity_central,shared_keeper_capacity_low,minimum_confidence,128,0,0,0,0,0,0,0,0,0,0,0,0,0,0,0
persistent_trough,confidence_resilient,26 - 14,shared_keeper_capacity_central,shared_keeper_capacity_low,mean_confidence_loss,128,-0.00498577287905,0.00270592551628,-0.010289386891,0.000317841132862,0,-0.00348135067544,0,0,0,0,-0.209472506524,0,0,0,10
persistent_trough,confidence_resilient,26 - 14,shared_keeper_capacity_central,shared_keeper_capacity_low,confidence_at_horizon,128,0.0055992291865,0.00321048101564,-0.000693313604153,0.0118917719772,0,0,0,0,0,0,0,0.249568278548,0.0234375,3,0
persistent_trough,confidence_resilient,26 - 14,shared_keeper_capacity_central,shared_keeper_capacity_low,hours_at_confidence_floor,128,-16.046875,8.70212478702,-33.1030395826,1.00928958257,0,-8.6,0,0,0,0,-660,0,0,0,10
persistent_trough,confidence_resilient,26 - 14,shared_keeper_capacity_central,shared_keeper_capacity_low,hours_recovery_gate_closed,128,-15.8515625,8.68861404404,-32.8812460263,1.17812102633,0,-6,0,0,0,0,-660,0,0,0,10
persistent_trough,confidence_resilient,26 - 14,shared_keeper_capacity_central,shared_keeper_capacity_low,first_recovery_gate_open,128,0,0,0,0,0,0,0,0,0,0,0,0,0,0,0
persistent_trough,confidence_resilient,26 - 14,shared_keeper_capacity_central,shared_keeper_capacity_low,recovery_gate_reopenings,128,0.03125,0.0154393498445,0.000988874304705,0.0615111256953,0,0,0,0,0,0,0,1,0.03125,4,0
persistent_trough,confidence_resilient,26 - 14,shared_keeper_capacity_central,shared_keeper_capacity_low,cumulative_panic_contribution,128,-0.951759030746,0.543887593412,-2.01777871383,0.114260652342,0,-0.00542993939613,0,0,0,0,-42.472858043,0,0,0,10
persistent_trough,confidence_resilient,26 - 14,shared_keeper_capacity_central,shared_keeper_capacity_low,maximum_panic_contribution,128,-0.00200600395032,0.00114778510099,-0.00425566274826,0.000243654847618,0,0,0,0,0,0,-0.0856871629647,0,0,0,6
persistent_trough,confidence_resilient,45 - 26,shared_keeper_capacity_high,shared_keeper_capacity_central,backlog_area_dai_hours,128,-71963.4124001,10942.0045738,-93409.7413647,-50517.0834355,-8994.72019596,-352899.446297,-85631.932908,0,0,0,-573216.348466,0,0,0,75
persistent_trough,confidence_resilient,45 - 26,shared_keeper_capacity_high,shared_keeper_capacity_central,maximum_unresolved_tab_dai,128,-447.299844099,333.324789902,-1100.61643231,206.016744109,0,0,0,0,0,0,-38443.1844578,0,0,0,2
persistent_trough,confidence_resilient,45 - 26,shared_keeper_capacity_high,shared_keeper_capacity_central,cumulative_realised_bad_debt_dai,128,0,0,0,0,0,0,0,0,0,0,0,0,0,0,0
persistent_trough,confidence_resilient,45 - 26,shared_keeper_capacity_high,shared_keeper_capacity_central,below_peg_burden,128,-0.570030328566,0.555015129964,-1.6578599833,0.517799326163,0,0,0,0,0,0,-71.0311807956,0,0,0,4
persistent_trough,confidence_resilient,45 - 26,shared_keeper_capacity_high,shared_keeper_capacity_central,restricted_mean_recovery_time,128,0,0,0,0,0,0,0,0,0,0,0,0,0,0,0
persistent_trough,confidence_resilient,45 - 26,shared_keeper_capacity_high,shared_keeper_capacity_central,unsafe_vault_count,128,0,0,0,0,0,0,0,0,0,0,0,0,0,0,0
persistent_trough,confidence_resilient,45 - 26,shared_keeper_capacity_high,shared_keeper_capacity_central,peak_unsafe_share,128,0,0,0,0,0,0,0,0,0,0,0,0,0,0,0
persistent_trough,confidence_resilient,45 - 26,shared_keeper_capacity_high,shared_keeper_capacity_central,newly_unsafe_count,128,0,0,0,0,0,0,0,0,0,0,0,0,0,0,0
persistent_trough,confidence_resilient,45 - 26,shared_keeper_capacity_high,shared_keeper_capacity_central,cumulative_arrival_count,128,-9.5078125,2.50653663396,-14.4206243026,-4.59500069745,0,-55.3,0,0,0,0,-190,0,0,0,28
persistent_trough,confidence_resilient,45 - 26,shared_keeper_capacity_high,shared_keeper_capacity_central,cumulative_attempts,128,4.21875,1.17118335889,1.92323061658,6.51426938342,0,-13.6,0,13,19,21.3,-53,54,0.484375,62,21
persistent_trough,confidence_resilient,45 - 26,shared_keeper_capacity_high,shared_keeper_capacity_central,cumulative_successful_closures,128,0,0,0,0,0,0,0,0,0,0,0,0,0,0,0
persistent_trough,confidence_resilient,45 - 26,shared_keeper_capacity_high,shared_keeper_capacity_central,cumulative_capacity_rejected,128,-13.0859375,1.18973977253,-15.4178274542,-10.7540475458,-13,-38,-19,0,0,0,-63,0,0,0,95
persistent_trough,confidence_resilient,45 - 26,shared_keeper_capacity_high,shared_keeper_capacity_central,cumulative_unprofitable_attempts,128,4.21875,1.17118335889,1.92323061658,6.51426938342,0,-13.6,0,13,19,21.3,-53,54,0.484375,62,21
persistent_trough,confidence_resilient,45 - 26,shared_keeper_capacity_high,shared_keeper_capacity_central,binding_hours,128,-1.234375,0.108386279145,-1.44681210712,-1.02193789288,-1,-3,-2,0,0,0,-7,0,0,0,85
persistent_trough,confidence_resilient,45 - 26,shared_keeper_capacity_high,shared_keeper_capacity_central,positive_demand_hours,128,-0.9140625,0.212209546679,-1.32999321149,-0.49813178851,0,-5.65,0,0,0,0,-13,0,0,0,28
persistent_trough,confidence_resilient,45 - 26,shared_keeper_capacity_high,shared_keeper_capacity_central,mean_capacity_utilisation,128,-0.104955879574,0.00354411140608,-0.111902337929,-0.0980094212176,-0.0995769373696,-0.168643356643,-0.132999974625,-0.0789512167419,-0.0613063311629,-0.0509686609687,-0.228561253561,0.0348562548563,0.0078125,1,127
persistent_trough,confidence_resilient,45 - 26,shared_keeper_capacity_high,shared_keeper_capacity_central,maximum_capacity_utilisation,128,-0.198150373932,0.01539038842,-0.228315535235,-0.167985212628,-0.144444444444,-0.414444444444,-0.377777777778,0,0,0,-0.422222222222,0,0,0,82
persistent_trough,confidence_resilient,45 - 26,shared_keeper_capacity_high,shared_keeper_capacity_central,maximum_attempts_one_hour,128,9.609375,0.736779340194,8.16528749322,11.0534625068,12.5,0,0,19,19,19,0,19,0.7421875,95,0
persistent_trough,confidence_resilient,45 - 26,shared_keeper_capacity_high,shared_keeper_capacity_central,cumulative_debt_repaid_dai,128,-1.36424205266e-12,7.07892560347e-12,-1.52389362355e-11,1.25104521301e-11,0,-2.32830643654e-10,0,0,1.16415321827e-10,1.16415321827e-10,-2.32830643654e-10,2.32830643654e-10,0.15625,20,15
persistent_trough,confidence_resilient,45 - 26,shared_keeper_capacity_high,shared_keeper_capacity_central,completed_liquidation_count,128,0,0,0,0,0,0,0,0,0,0,0,0,0,0,0
persistent_trough,confidence_resilient,45 - 26,shared_keeper_capacity_high,shared_keeper_capacity_central,unresolved_vault_count,128,0,0,0,0,0,0,0,0,0,0,0,0,0,0,0
persistent_trough,confidence_resilient,45 - 26,shared_keeper_capacity_high,shared_keeper_capacity_central,unresolved_tab_at_horizon_dai,128,0,0,0,0,0,0,0,0,0,0,0,0,0,0,0
persistent_trough,confidence_resilient,45 - 26,shared_keeper_capacity_high,shared_keeper_capacity_central,maximum_backlog_duration,128,-3.015625,0.745226308487,-4.47626856463,-1.55498143537,0,-20.3,0,0,0,0,-51,0,0,0,28
persistent_trough,confidence_resilient,45 - 26,shared_keeper_capacity_high,shared_keeper_capacity_central,active_bad_debt_at_horizon_dai,128,0,0,0,0,0,0,0,0,0,0,0,0,0,0,0
persistent_trough,confidence_resilient,45 - 26,shared_keeper_capacity_high,shared_keeper_capacity_central,maximum_active_bad_debt_dai,128,-2.86624605916,2.86624605916,-8.48408833513,2.7515962168,0,0,0,0,0,0,-366.879495573,0,0,0,1
persistent_trough,confidence_resilient,45 - 26,shared_keeper_capacity_high,shared_keeper_capacity_central,keeper_profit_dai,128,-21.2014598313,15.7008457973,-51.9751175939,9.57219793139,0,-246.386074828,-4.58308876652,3.59736907318,79.0762315162,114.24250814,-1425.645293,458.055913649,0.2734375,35,40
persistent_trough,confidence_resilient,45 - 26,shared_keeper_capacity_high,shared_keeper_capacity_central,recovered_before_execution_count,128,0,0,0,0,0,0,0,0,0,0,0,0,0,0,0
persistent_trough,confidence_resilient,45 - 26,shared_keeper_capacity_high,shared_keeper_capacity_central,recovered_before_closure_count,128,0,0,0,0,0,0,0,0,0,0,0,0,0,0,0
persistent_trough,confidence_resilient,45 - 26,shared_keeper_capacity_high,shared_keeper_capacity_central,minimum_dai_price,128,0,0,0,0,0,0,0,0,0,0,0,0,0,0,0
persistent_trough,confidence_resilient,45 - 26,shared_keeper_capacity_high,shared_keeper_capacity_central,maximum_negative_peg_deviation,128,0,0,0,0,0,0,0,0,0,0,0,0,0,0,0
persistent_trough,confidence_resilient,45 - 26,shared_keeper_capacity_high,shared_keeper_capacity_central,mean_absolute_peg_deviation,128,-0.000791672885239,0.000770849066468,-0.00230253705552,0.00071919128504,0,0,0,0,0,0,-0.0986537103402,0,0,0,4
persistent_trough,confidence_resilient,45 - 26,shared_keeper_capacity_high,shared_keeper_capacity_central,hours_below_0995,128,-1.1171875,1.10155028404,-3.27622605672,1.04185105672,0,0,0,0,0,0,-141,0,0,0,2
persistent_trough,confidence_resilient,45 - 26,shared_keeper_capacity_high,shared_keeper_capacity_central,hours_above_1005,128,0,0,0,0,0,0,0,0,0,0,0,0,0,0,0
persistent_trough,confidence_resilient,45 - 26,shared_keeper_capacity_high,shared_keeper_capacity_central,first_return_time,128,0.9453125,0.9453125,-0.9075,2.798125,0,0,0,0,0,0,0,121,0.0078125,1,0
persistent_trough,confidence_resilient,45 - 26,shared_keeper_capacity_high,shared_keeper_capacity_central,failed_recovery_attempts,128,0.0546875,0.0546875,-0.0525,0.161875,0,0,0,0,0,0,0,7,0.0078125,1,0
persistent_trough,confidence_resilient,45 - 26,shared_keeper_capacity_high,shared_keeper_capacity_central,recovery_probability_168h,128,0,0,0,0,0,0,0,0,0,0,0,0,0,0,0
persistent_trough,confidence_resilient,45 - 26,shared_keeper_capacity_high,shared_keeper_capacity_central,recovery_probability_336h,128,0,0,0,0,0,0,0,0,0,0,0,0,0,0,0
persistent_trough,confidence_resilient,45 - 26,shared_keeper_capacity_high,shared_keeper_capacity_central,recovery_probability_720h,128,0,0,0,0,0,0,0,0,0,0,0,0,0,0,0
persistent_trough,confidence_resilient,45 - 26,shared_keeper_capacity_high,shared_keeper_capacity_central,final_dai_price,128,0,0,0,0,0,0,0,0,0,0,0,0,0,0,0
persistent_trough,confidence_resilient,45 - 26,shared_keeper_capacity_high,shared_keeper_capacity_central,final_peg_band_status,128,0,0,0,0,0,0,0,0,0,0,0,0,0,0,0
persistent_trough,confidence_resilient,45 - 26,shared_keeper_capacity_high,shared_keeper_capacity_central,minimum_confidence,128,0,0,0,0,0,0,0,0,0,0,0,0,0,0,0
persistent_trough,confidence_resilient,45 - 26,shared_keeper_capacity_high,shared_keeper_capacity_central,mean_confidence_loss,128,-0.000183444483462,0.000160544570771,-0.000498111842173,0.000131222875249,0,0,0,0,0,0,-0.0204736603864,0,0,0,4
persistent_trough,confidence_resilient,45 - 26,shared_keeper_capacity_high,shared_keeper_capacity_central,confidence_at_horizon,128,0,0,0,0,0,0,0,0,0,0,0,0,0,0,0
persistent_trough,confidence_resilient,45 - 26,shared_keeper_capacity_high,shared_keeper_capacity_central,hours_at_confidence_floor,128,-1.078125,0.962613717526,-2.96484788635,0.80859788635,0,0,0,0,0,0,-123,0,0,0,4
persistent_trough,confidence_resilient,45 - 26,shared_keeper_capacity_high,shared_keeper_capacity_central,hours_recovery_gate_closed,128,-1.15625,1.01018664346,-3.13621582118,0.823715821183,0,0,0,0,0,0,-129,0,0,0,5
persistent_trough,confidence_resilient,45 - 26,shared_keeper_capacity_high,shared_keeper_capacity_central,first_recovery_gate_open,128,0,0,0,0,0,0,0,0,0,0,0,0,0,0,0
persistent_trough,confidence_resilient,45 - 26,shared_keeper_capacity_high,shared_keeper_capacity_central,recovery_gate_reopenings,128,0.0234375,0.0134246757153,-0.00287486440199,0.049749864402,0,0,0,0,0,0,0,1,0.0234375,3,0
persistent_trough,confidence_resilient,45 - 26,shared_keeper_capacity_high,shared_keeper_capacity_central,cumulative_panic_contribution,128,-0.0982425770111,0.0956539322805,-0.285724284281,0.0892391302588,0,0,0,0,0,0,-12.2418481608,0,0,0,4
persistent_trough,confidence_resilient,45 - 26,shared_keeper_capacity_high,shared_keeper_capacity_central,maximum_panic_contribution,128,0,0,0,0,0,0,0,0,0,0,0,0,0,0,0
persistent_trough,confidence_resilient,45 - 14,shared_keeper_capacity_high,shared_keeper_capacity_low,backlog_area_dai_hours,128,-462735.194781,32241.9028855,-525929.324437,-399541.065126,-337549.731637,-1090467.72844,-682065.930376,-194931.562997,-116239.014803,-83192.289765,-1718772.08463,0,0,0,126
persistent_trough,confidence_resilient,45 - 14,shared_keeper_capacity_high,shared_keeper_capacity_low,maximum_unresolved_tab_dai,128,-2832.5205188,1088.7773247,-4966.52407522,-698.516962376,0,-19564.7156667,0,0,0,0,-106805.719735,0,0,0,10
persistent_trough,confidence_resilient,45 - 14,shared_keeper_capacity_high,shared_keeper_capacity_low,cumulative_realised_bad_debt_dai,128,0,0,0,0,0,0,0,0,0,0,0,0,0,0,0
persistent_trough,confidence_resilient,45 - 14,shared_keeper_capacity_high,shared_keeper_capacity_low,below_peg_burden,128,-6.10489290742,3.20347192412,-12.3836978787,0.173912063857,0,-0.110974166483,0,0,0,0,-247.00946579,0,0,0,12
persistent_trough,confidence_resilient,45 - 14,shared_keeper_capacity_high,shared_keeper_capacity_low,restricted_mean_recovery_time,128,-16.875,9.66576651502,-35.8199023694,2.06990236943,0,0,0,0,0,0,-720,0,0,0,3
persistent_trough,confidence_resilient,45 - 14,shared_keeper_capacity_high,shared_keeper_capacity_low,unsafe_vault_count,128,0,0,0,0,0,0,0,0,0,0,0,0,0,0,0
persistent_trough,confidence_resilient,45 - 14,shared_keeper_capacity_high,shared_keeper_capacity_low,peak_unsafe_share,128,0,0,0,0,0,0,0,0,0,0,0,0,0,0,0
persistent_trough,confidence_resilient,45 - 14,shared_keeper_capacity_high,shared_keeper_capacity_low,newly_unsafe_count,128,0,0,0,0,0,0,0,0,0,0,0,0,0,0,0
persistent_trough,confidence_resilient,45 - 14,shared_keeper_capacity_high,shared_keeper_capacity_low,cumulative_arrival_count,128,-67.1875,20.533706176,-107.433564105,-26.9414358951,-10.5,-189.3,-64.75,0,0,0,-2124,0,0,0,66
persistent_trough,confidence_resilient,45 - 14,shared_keeper_capacity_high,shared_keeper_capacity_low,cumulative_attempts,128,21.6484375,8.08812490621,5.79571268382,37.5011623162,11,-31.9,-0.25,48.25,105,135.25,-794,213,0.640625,82,32
persistent_trough,confidence_resilient,45 - 14,shared_keeper_capacity_high,shared_keeper_capacity_low,cumulative_successful_closures,128,0.0390625,0.0390625,-0.0375,0.115625,0,0,0,0,0,0,0,5,0.0078125,1,0
persistent_trough,confidence_resilient,45 - 14,shared_keeper_capacity_high,shared_keeper_capacity_low,cumulative_capacity_rejected,128,-71.59375,3.75382740211,-78.9512517081,-64.2362482919,-60.5,-163.85,-90.25,-43,-29,-23.35,-235,-7,0,0,128
persistent_trough,confidence_resilient,45 - 14,shared_keeper_capacity_high,shared_keeper_capacity_low,cumulative_unprofitable_attempts,128,21.609375,8.11917745926,5.69578717984,37.5229628202,11,-31.9,-0.25,48.25,105,135.25,-799,213,0.640625,82,32
persistent_trough,confidence_resilient,45 - 14,shared_keeper_capacity_high,shared_keeper_capacity_low,binding_hours,128,-7.328125,0.481205498888,-8.27128777782,-6.38496222218,-6,-19.65,-8,-4,-3,-3,-35,0,0,0,127
persistent_trough,confidence_resilient,45 - 14,shared_keeper_capacity_high,shared_keeper_capacity_low,positive_demand_hours,128,-6.7890625,2.12759372578,-10.9591462025,-2.61897879747,-1,-15.3,-7,0,0,0,-231,0,0,0,66
persistent_trough,confidence_resilient,45 - 14,shared_keeper_capacity_high,shared_keeper_capacity_low,mean_capacity_utilisation,128,-0.240340831069,0.00583132873851,-0.251770235397,-0.228911426742,-0.247905019287,-0.326809019904,-0.28734000179,-0.19922759395,-0.153554232804,-0.144707482244,-0.371369047619,0.0493104165982,0.0078125,1,127
persistent_trough,confidence_resilient,45 - 14,shared_keeper_capacity_high,shared_keeper_capacity_low,maximum_capacity_utilisation,128,-0.223090277778,0.018011171546,-0.258392174008,-0.187788381548,-0.144444444444,-0.503333333333,-0.422222222222,0,0,0,-0.577777777778,0,0,0,82
persistent_trough,confidence_resilient,45 - 14,shared_keeper_capacity_high,shared_keeper_capacity_low,maximum_attempts_one_hour,128,20.9609375,0.810502719572,19.3723521696,22.5495228304,24.5,8.35,12,31,31,31,5,31,1,128,0
persistent_trough,confidence_resilient,45 - 14,shared_keeper_capacity_high,shared_keeper_capacity_low,cumulative_debt_repaid_dai,128,0.809341346022,0.80934134604,-0.776967692217,2.39565038426,0,-2.32830643654e-10,-5.82076609135e-11,0,1.16415321827e-10,2.32830643654e-10,-6.98491930962e-10,103.595692293,0.2421875,31,38
persistent_trough,confidence_resilient,45 - 14,shared_keeper_capacity_high,shared_keeper_capacity_low,completed_liquidation_count,128,0.0390625,0.0390625,-0.0375,0.115625,0,0,0,0,0,0,0,5,0.0078125,1,0
persistent_trough,confidence_resilient,45 - 14,shared_keeper_capacity_high,shared_keeper_capacity_low,unresolved_vault_count,128,-0.0390625,0.0390625,-0.115625,0.0375,0,0,0,0,0,0,-5,0,0,0,1
persistent_trough,confidence_resilient,45 - 14,shared_keeper_capacity_high,shared_keeper_capacity_low,unresolved_tab_at_horizon_dai,128,-0.809341346041,0.809341346041,-2.39565038428,0.776967692199,0,0,0,0,0,0,-103.595692293,0,0,0,1
persistent_trough,confidence_resilient,45 - 14,shared_keeper_capacity_high,shared_keeper_capacity_low,maximum_backlog_duration,128,-19.515625,6.18021059503,-31.6288377663,-7.40241223375,-2,-48.6,-20,0,0,0,-666,0,0,0,66
persistent_trough,confidence_resilient,45 - 14,shared_keeper_capacity_high,shared_keeper_capacity_low,active_bad_debt_at_horizon_dai,128,0,0,0,0,0,0,0,0,0,0,0,0,0,0,0
persistent_trough,confidence_resilient,45 - 14,shared_keeper_capacity_high,shared_keeper_capacity_low,maximum_active_bad_debt_dai,128,-9.60773711476,5.72938588585,-20.837333451,1.62185922151,0,0,0,0,0,0,-570.244096192,0,0,0,3
persistent_trough,confidence_resilient,45 - 14,shared_keeper_capacity_high,shared_keeper_capacity_low,keeper_profit_dai,128,-34.8238470503,28.3909545885,-90.4701180438,20.8224239432,5.42206240555,-565.81001425,-91.5298635286,95.7600606983,266.533832449,345.645788757,-1894.47461162,673.403274653,0.5390625,69,57
persistent_trough,confidence_resilient,45 - 14,shared_keeper_capacity_high,shared_keeper_capacity_low,recovered_before_execution_count,128,0,0,0,0,0,0,0,0,0,0,0,0,0,0,0
persistent_trough,confidence_resilient,45 - 14,shared_keeper_capacity_high,shared_keeper_capacity_low,recovered_before_closure_count,128,0,0,0,0,0,0,0,0,0,0,0,0,0,0,0
persistent_trough,confidence_resilient,45 - 14,shared_keeper_capacity_high,shared_keeper_capacity_low,minimum_dai_price,128,0.0116231905012,0.00665633200229,-0.00142322022323,0.0246696012257,0,0,0,0,0,0,0,0.496322255574,0.03125,4,0
persistent_trough,confidence_resilient,45 - 14,shared_keeper_capacity_high,shared_keeper_capacity_low,maximum_negative_peg_deviation,128,-0.0116231905012,0.00665633200229,-0.0246696012257,0.00142322022323,0,0,0,0,0,0,-0.496322255574,0,0,0,4
persistent_trough,confidence_resilient,45 - 14,shared_keeper_capacity_high,shared_keeper_capacity_low,mean_absolute_peg_deviation,128,-0.00847377390389,0.00444640714192,-0.017188731902,0.000241184094268,0,-0.000151102106672,0,0,0,0,-0.342754247427,0,0,0,12
persistent_trough,confidence_resilient,45 - 14,shared_keeper_capacity_high,shared_keeper_capacity_low,hours_below_0995,128,-15.828125,8.47138035447,-32.4320304948,0.775780494763,0,-0.65,0,0,0,0,-647,0,0,0,7
persistent_trough,confidence_resilient,45 - 14,shared_keeper_capacity_high,shared_keeper_capacity_low,hours_above_1005,128,0,0,0,0,0,0,0,0,0,0,0,0,0,0,0
persistent_trough,confidence_resilient,45 - 14,shared_keeper_capacity_high,shared_keeper_capacity_low,first_return_time,128,-16.4921875,11.89220157,-39.8009025771,6.81652757714,0,0,0,0,0,0,-720,581,0.015625,2,4
persistent_trough,confidence_resilient,45 - 14,shared_keeper_capacity_high,shared_keeper_capacity_low,failed_recovery_attempts,128,0.0546875,0.0558010228608,-0.0546825048072,0.164057504807,0,0,0,0,0,0,-1,7,0.015625,2,1
persistent_trough,confidence_resilient,45 - 14,shared_keeper_capacity_high,shared_keeper_capacity_low,recovery_probability_168h,128,0.0234375,0.0134246757153,-0.00287486440199,0.049749864402,0,0,0,0,0,0,0,1,0.0234375,3,0
persistent_trough,confidence_resilient,45 - 14,shared_keeper_capacity_high,shared_keeper_capacity_low,recovery_probability_336h,128,0.0234375,0.0134246757153,-0.00287486440199,0.049749864402,0,0,0,0,0,0,0,1,0.0234375,3,0
persistent_trough,confidence_resilient,45 - 14,shared_keeper_capacity_high,shared_keeper_capacity_low,recovery_probability_720h,128,0.0234375,0.0134246757153,-0.00287486440199,0.049749864402,0,0,0,0,0,0,0,1,0.0234375,3,0
persistent_trough,confidence_resilient,45 - 14,shared_keeper_capacity_high,shared_keeper_capacity_low,final_dai_price,128,0.0117323028404,0.00672010335992,-0.001439099745,0.0249037054259,0,0,0,0,0,0,0,0.50117131172,0.0234375,3,0
persistent_trough,confidence_resilient,45 - 14,shared_keeper_capacity_high,shared_keeper_capacity_low,final_peg_band_status,128,0.0234375,0.0134246757153,-0.00287486440199,0.049749864402,0,0,0,0,0,0,0,1,0.0234375,3,0
persistent_trough,confidence_resilient,45 - 14,shared_keeper_capacity_high,shared_keeper_capacity_low,minimum_confidence,128,0,0,0,0,0,0,0,0,0,0,0,0,0,0,0
persistent_trough,confidence_resilient,45 - 14,shared_keeper_capacity_high,shared_keeper_capacity_low,mean_confidence_loss,128,-0.00516921736252,0.00270873349487,-0.0104783350125,0.000139900287428,0,-0.00474638419438,0,0,0,0,-0.209472506524,0,0,0,12
persistent_trough,confidence_resilient,45 - 14,shared_keeper_capacity_high,shared_keeper_capacity_low,confidence_at_horizon,128,0.0055992291865,0.00321048101564,-0.000693313604153,0.0118917719772,0,0,0,0,0,0,0,0.249568278548,0.0234375,3,0
persistent_trough,confidence_resilient,45 - 14,shared_keeper_capacity_high,shared_keeper_capacity_low,hours_at_confidence_floor,128,-17.125,8.74132021687,-34.2579876251,0.00798762506498,0,-18.45,0,0,0,0,-660,0,0,0,12
persistent_trough,confidence_resilient,45 - 14,shared_keeper_capacity_high,shared_keeper_capacity_low,hours_recovery_gate_closed,128,-17.0078125,8.73236056714,-34.1232392116,0.107614211593,0,-9.65,0,0,0,0,-660,0,0,0,13
persistent_trough,confidence_resilient,45 - 14,shared_keeper_capacity_high,shared_keeper_capacity_low,first_recovery_gate_open,128,0,0,0,0,0,0,0,0,0,0,0,0,0,0,0
persistent_trough,confidence_resilient,45 - 14,shared_keeper_capacity_high,shared_keeper_capacity_low,recovery_gate_reopenings,128,0.0546875,0.0201757586952,0.0151430129574,0.0942319870426,0,0,0,0,0,0.65,0,1,0.0546875,7,0
persistent_trough,confidence_resilient,45 - 14,shared_keeper_capacity_high,shared_keeper_capacity_low,cumulative_panic_contribution,128,-1.05000160776,0.550900082206,-2.12976576888,0.0297625533663,0,-0.0180567724123,0,0,0,0,-42.472858043,0,0,0,12
persistent_trough,confidence_resilient,45 - 14,shared_keeper_capacity_high,shared_keeper_capacity_low,maximum_panic_contribution,128,-0.00200600395032,0.00114778510099,-0.00425566274826,0.000243654847618,0,0,0,0,0,0,-0.0856871629647,0,0,0,6
persistent_trough,confidence_central,26 - 14,shared_keeper_capacity_central,shared_keeper_capacity_low,backlog_area_dai_hours,128,-390771.782381,25860.9034404,-441459.153124,-340084.411638,-308602.842255,-881153.446827,-531719.736099,-181275.887153,-107601.315094,-81146.6042888,-1651076.34919,0,0,0,126
persistent_trough,confidence_central,26 - 14,shared_keeper_capacity_central,shared_keeper_capacity_low,maximum_unresolved_tab_dai,128,-2385.2206747,846.114797039,-4043.6056769,-726.835672501,0,-19564.7156667,0,0,0,0,-68362.5352775,0,0,0,10
persistent_trough,confidence_central,26 - 14,shared_keeper_capacity_central,shared_keeper_capacity_low,cumulative_realised_bad_debt_dai,128,0,0,0,0,0,0,0,0,0,0,0,0,0,0,0
persistent_trough,confidence_central,26 - 14,shared_keeper_capacity_central,shared_keeper_capacity_low,below_peg_burden,128,0,0,0,0,0,0,0,0,0,0,0,0,0,0,0
persistent_trough,confidence_central,26 - 14,shared_keeper_capacity_central,shared_keeper_capacity_low,restricted_mean_recovery_time,128,0,0,0,0,0,0,0,0,0,0,0,0,0,0,0
persistent_trough,confidence_central,26 - 14,shared_keeper_capacity_central,shared_keeper_capacity_low,unsafe_vault_count,128,0,0,0,0,0,0,0,0,0,0,0,0,0,0,0
persistent_trough,confidence_central,26 - 14,shared_keeper_capacity_central,shared_keeper_capacity_low,peak_unsafe_share,128,0,0,0,0,0,0,0,0,0,0,0,0,0,0,0
persistent_trough,confidence_central,26 - 14,shared_keeper_capacity_central,shared_keeper_capacity_low,newly_unsafe_count,128,0,0,0,0,0,0,0,0,0,0,0,0,0,0,0
persistent_trough,confidence_central,26 - 14,shared_keeper_capacity_central,shared_keeper_capacity_low,cumulative_arrival_count,128,-57.6796875,20.5264734886,-97.9115755376,-17.4477994624,0,-164.95,-46.25,0,0,0,-2124,0,0,0,59
persistent_trough,confidence_central,26 - 14,shared_keeper_capacity_central,shared_keeper_capacity_low,cumulative_attempts,128,17.4296875,7.71881173342,2.30081650249,32.5585584975,9,-29.9,-1,41.25,87.6,114.15,-796,196,0.6640625,85,33
persistent_trough,confidence_central,26 - 14,shared_keeper_capacity_central,shared_keeper_capacity_low,cumulative_successful_closures,128,0.0390625,0.0390625,-0.0375,0.115625,0,0,0,0,0,0,0,5,0.0078125,1,0
persistent_trough,confidence_central,26 - 14,shared_keeper_capacity_central,shared_keeper_capacity_low,cumulative_capacity_rejected,128,-58.5078125,3.19769763872,-64.7752998719,-52.2403251281,-49,-141.8,-72.25,-36.5,-26.8,-20.35,-212,-7,0,0,128
persistent_trough,confidence_central,26 - 14,shared_keeper_capacity_central,shared_keeper_capacity_low,cumulative_unprofitable_attempts,128,17.390625,7.75125588611,2.19816346323,32.5830865368,9,-29.9,-1,41.25,87.6,114.15,-801,196,0.6640625,85,33
persistent_trough,confidence_central,26 - 14,shared_keeper_capacity_central,shared_keeper_capacity_low,binding_hours,128,-6.09375,0.44581351754,-6.96754449438,-5.21995550562,-5,-16.65,-6.25,-3,-2,-2,-34,0,0,0,127
persistent_trough,confidence_central,26 - 14,shared_keeper_capacity_central,shared_keeper_capacity_low,positive_demand_hours,128,-5.875,2.12956896493,-10.0489551713,-1.70104482874,0,-14.95,-5,0,0,0,-231,0,0,0,59
persistent_trough,confidence_central,26 - 14,shared_keeper_capacity_central,shared_keeper_capacity_low,mean_capacity_utilisation,128,-0.135384951496,0.00549756162674,-0.146160172284,-0.124609730707,-0.142895383005,-0.221986034799,-0.171573313744,-0.112572217755,-0.0696093204454,-0.0256442881443,-0.26862026862,0.175283825905,0.0234375,3,125
persistent_trough,confidence_central,26 - 14,shared_keeper_capacity_central,shared_keeper_capacity_low,maximum_capacity_utilisation,128,-0.0249399038462,0.00485646527397,-0.0344585757831,-0.0154212319092,0,-0.140384615385,0,0,0,0,-0.269230769231,0,0,0,26
persistent_trough,confidence_central,26 - 14,shared_keeper_capacity_central,shared_keeper_capacity_low,maximum_attempts_one_hour,128,11.3515625,0.126268097123,11.1040770296,11.5990479704,12,8.35,12,12,12,12,5,12,1,128,0
persistent_trough,confidence_central,26 - 14,shared_keeper_capacity_central,shared_keeper_capacity_low,cumulative_debt_repaid_dai,128,0.809341346023,0.80934134604,-0.776967692216,2.39565038426,0,-2.32830643654e-10,-5.82076609135e-11,0,1.16415321827e-10,1.54250301421e-10,-4.65661287308e-10,103.595692293,0.203125,26,40
persistent_trough,confidence_central,26 - 14,shared_keeper_capacity_central,shared_keeper_capacity_low,completed_liquidation_count,128,0.0390625,0.0390625,-0.0375,0.115625,0,0,0,0,0,0,0,5,0.0078125,1,0
persistent_trough,confidence_central,26 - 14,shared_keeper_capacity_central,shared_keeper_capacity_low,unresolved_vault_count,128,-0.0390625,0.0390625,-0.115625,0.0375,0,0,0,0,0,0,-5,0,0,0,1
persistent_trough,confidence_central,26 - 14,shared_keeper_capacity_central,shared_keeper_capacity_low,unresolved_tab_at_horizon_dai,128,-0.809341346041,0.809341346041,-2.39565038428,0.776967692199,0,0,0,0,0,0,-103.595692293,0,0,0,1
persistent_trough,confidence_central,26 - 14,shared_keeper_capacity_central,shared_keeper_capacity_low,maximum_backlog_duration,128,-16.5,6.17757246617,-28.6080420337,-4.3919579663,0,-37.95,-11.5,0,0,0,-666,0,0,0,59
persistent_trough,confidence_central,26 - 14,shared_keeper_capacity_central,shared_keeper_capacity_low,active_bad_debt_at_horizon_dai,128,0,0,0,0,0,0,0,0,0,0,0,0,0,0,0
persistent_trough,confidence_central,26 - 14,shared_keeper_capacity_central,shared_keeper_capacity_low,maximum_active_bad_debt_dai,128,-6.74149105559,4.99147190537,-16.5247759901,3.04179387893,0,0,0,0,0,0,-570.244096192,0,0,0,2
persistent_trough,confidence_central,26 - 14,shared_keeper_capacity_central,shared_keeper_capacity_low,keeper_profit_dai,128,-13.622387219,18.2495996396,-49.3916025127,22.1468280746,0.247281030352,-376.650581612,-87.3179527514,60.7777085697,203.783450696,299.422789786,-826.976838285,546.919808547,0.5078125,65,61
persistent_trough,confidence_central,26 - 14,shared_keeper_capacity_central,shared_keeper_capacity_low,recovered_before_execution_count,128,0,0,0,0,0,0,0,0,0,0,0,0,0,0,0
persistent_trough,confidence_central,26 - 14,shared_keeper_capacity_central,shared_keeper_capacity_low,recovered_before_closure_count,128,0,0,0,0,0,0,0,0,0,0,0,0,0,0,0
persistent_trough,confidence_central,26 - 14,shared_keeper_capacity_central,shared_keeper_capacity_low,minimum_dai_price,128,0,0,0,0,0,0,0,0,0,0,0,0,0,0,0
persistent_trough,confidence_central,26 - 14,shared_keeper_capacity_central,shared_keeper_capacity_low,maximum_negative_peg_deviation,128,0,0,0,0,0,0,0,0,0,0,0,0,0,0,0
persistent_trough,confidence_central,26 - 14,shared_keeper_capacity_central,shared_keeper_capacity_low,mean_absolute_peg_deviation,128,0,0,0,0,0,0,0,0,0,0,0,0,0,0,0
persistent_trough,confidence_central,26 - 14,shared_keeper_capacity_central,shared_keeper_capacity_low,hours_below_0995,128,0,0,0,0,0,0,0,0,0,0,0,0,0,0,0
persistent_trough,confidence_central,26 - 14,shared_keeper_capacity_central,shared_keeper_capacity_low,hours_above_1005,128,0,0,0,0,0,0,0,0,0,0,0,0,0,0,0
persistent_trough,confidence_central,26 - 14,shared_keeper_capacity_central,shared_keeper_capacity_low,first_return_time,128,0,0,0,0,0,0,0,0,0,0,0,0,0,0,0
persistent_trough,confidence_central,26 - 14,shared_keeper_capacity_central,shared_keeper_capacity_low,failed_recovery_attempts,128,0,0,0,0,0,0,0,0,0,0,0,0,0,0,0
persistent_trough,confidence_central,26 - 14,shared_keeper_capacity_central,shared_keeper_capacity_low,recovery_probability_168h,128,0,0,0,0,0,0,0,0,0,0,0,0,0,0,0
persistent_trough,confidence_central,26 - 14,shared_keeper_capacity_central,shared_keeper_capacity_low,recovery_probability_336h,128,0,0,0,0,0,0,0,0,0,0,0,0,0,0,0
persistent_trough,confidence_central,26 - 14,shared_keeper_capacity_central,shared_keeper_capacity_low,recovery_probability_720h,128,0,0,0,0,0,0,0,0,0,0,0,0,0,0,0
persistent_trough,confidence_central,26 - 14,shared_keeper_capacity_central,shared_keeper_capacity_low,final_dai_price,128,0,0,0,0,0,0,0,0,0,0,0,0,0,0,0
persistent_trough,confidence_central,26 - 14,shared_keeper_capacity_central,shared_keeper_capacity_low,final_peg_band_status,128,0,0,0,0,0,0,0,0,0,0,0,0,0,0,0
persistent_trough,confidence_central,26 - 14,shared_keeper_capacity_central,shared_keeper_capacity_low,minimum_confidence,128,0,0,0,0,0,0,0,0,0,0,0,0,0,0,0
persistent_trough,confidence_central,26 - 14,shared_keeper_capacity_central,shared_keeper_capacity_low,mean_confidence_loss,128,0,0,0,0,0,0,0,0,0,0,0,0,0,0,0
persistent_trough,confidence_central,26 - 14,shared_keeper_capacity_central,shared_keeper_capacity_low,confidence_at_horizon,128,0,0,0,0,0,0,0,0,0,0,0,0,0,0,0
persistent_trough,confidence_central,26 - 14,shared_keeper_capacity_central,shared_keeper_capacity_low,hours_at_confidence_floor,128,0,0,0,0,0,0,0,0,0,0,0,0,0,0,0
persistent_trough,confidence_central,26 - 14,shared_keeper_capacity_central,shared_keeper_capacity_low,hours_recovery_gate_closed,128,0,0,0,0,0,0,0,0,0,0,0,0,0,0,0
persistent_trough,confidence_central,26 - 14,shared_keeper_capacity_central,shared_keeper_capacity_low,first_recovery_gate_open,128,0,0,0,0,0,0,0,0,0,0,0,0,0,0,0
persistent_trough,confidence_central,26 - 14,shared_keeper_capacity_central,shared_keeper_capacity_low,recovery_gate_reopenings,128,0,0,0,0,0,0,0,0,0,0,0,0,0,0,0
persistent_trough,confidence_central,26 - 14,shared_keeper_capacity_central,shared_keeper_capacity_low,cumulative_panic_contribution,128,0,0,0,0,0,0,0,0,0,0,0,0,0,0,0
persistent_trough,confidence_central,26 - 14,shared_keeper_capacity_central,shared_keeper_capacity_low,maximum_panic_contribution,128,0,0,0,0,0,0,0,0,0,0,0,0,0,0,0
persistent_trough,confidence_central,45 - 26,shared_keeper_capacity_high,shared_keeper_capacity_central,backlog_area_dai_hours,128,-71963.4124001,10942.0045738,-93409.7413647,-50517.0834355,-8994.72019596,-352899.446297,-85631.932908,0,0,0,-573216.348466,0,0,0,75
persistent_trough,confidence_central,45 - 26,shared_keeper_capacity_high,shared_keeper_capacity_central,maximum_unresolved_tab_dai,128,-447.299844099,333.324789902,-1100.61643231,206.016744109,0,0,0,0,0,0,-38443.1844578,0,0,0,2
persistent_trough,confidence_central,45 - 26,shared_keeper_capacity_high,shared_keeper_capacity_central,cumulative_realised_bad_debt_dai,128,0,0,0,0,0,0,0,0,0,0,0,0,0,0,0
persistent_trough,confidence_central,45 - 26,shared_keeper_capacity_high,shared_keeper_capacity_central,below_peg_burden,128,0,0,0,0,0,0,0,0,0,0,0,0,0,0,0
persistent_trough,confidence_central,45 - 26,shared_keeper_capacity_high,shared_keeper_capacity_central,restricted_mean_recovery_time,128,0,0,0,0,0,0,0,0,0,0,0,0,0,0,0
persistent_trough,confidence_central,45 - 26,shared_keeper_capacity_high,shared_keeper_capacity_central,unsafe_vault_count,128,0,0,0,0,0,0,0,0,0,0,0,0,0,0,0
persistent_trough,confidence_central,45 - 26,shared_keeper_capacity_high,shared_keeper_capacity_central,peak_unsafe_share,128,0,0,0,0,0,0,0,0,0,0,0,0,0,0,0
persistent_trough,confidence_central,45 - 26,shared_keeper_capacity_high,shared_keeper_capacity_central,newly_unsafe_count,128,0,0,0,0,0,0,0,0,0,0,0,0,0,0,0
persistent_trough,confidence_central,45 - 26,shared_keeper_capacity_high,shared_keeper_capacity_central,cumulative_arrival_count,128,-9.5078125,2.50653663396,-14.4206243026,-4.59500069745,0,-55.3,0,0,0,0,-190,0,0,0,28
persistent_trough,confidence_central,45 - 26,shared_keeper_capacity_high,shared_keeper_capacity_central,cumulative_attempts,128,4.21875,1.17118335889,1.92323061658,6.51426938342,0,-13.6,0,13,19,21.3,-53,54,0.484375,62,21
persistent_trough,confidence_central,45 - 26,shared_keeper_capacity_high,shared_keeper_capacity_central,cumulative_successful_closures,128,0,0,0,0,0,0,0,0,0,0,0,0,0,0,0
persistent_trough,confidence_central,45 - 26,shared_keeper_capacity_high,shared_keeper_capacity_central,cumulative_capacity_rejected,128,-13.0859375,1.18973977253,-15.4178274542,-10.7540475458,-13,-38,-19,0,0,0,-63,0,0,0,95
persistent_trough,confidence_central,45 - 26,shared_keeper_capacity_high,shared_keeper_capacity_central,cumulative_unprofitable_attempts,128,4.21875,1.17118335889,1.92323061658,6.51426938342,0,-13.6,0,13,19,21.3,-53,54,0.484375,62,21
persistent_trough,confidence_central,45 - 26,shared_keeper_capacity_high,shared_keeper_capacity_central,binding_hours,128,-1.234375,0.108386279145,-1.44681210712,-1.02193789288,-1,-3,-2,0,0,0,-7,0,0,0,85
persistent_trough,confidence_central,45 - 26,shared_keeper_capacity_high,shared_keeper_capacity_central,positive_demand_hours,128,-0.9140625,0.212209546679,-1.32999321149,-0.49813178851,0,-5.65,0,0,0,0,-13,0,0,0,28
persistent_trough,confidence_central,45 - 26,shared_keeper_capacity_high,shared_keeper_capacity_central,mean_capacity_utilisation,128,-0.104955879574,0.00354411140608,-0.111902337929,-0.0980094212176,-0.0995769373696,-0.168643356643,-0.132999974625,-0.0789512167419,-0.0613063311629,-0.0509686609687,-0.228561253561,0.0348562548563,0.0078125,1,127
persistent_trough,confidence_central,45 - 26,shared_keeper_capacity_high,shared_keeper_capacity_central,maximum_capacity_utilisation,128,-0.198150373932,0.01539038842,-0.228315535235,-0.167985212628,-0.144444444444,-0.414444444444,-0.377777777778,0,0,0,-0.422222222222,0,0,0,82
persistent_trough,confidence_central,45 - 26,shared_keeper_capacity_high,shared_keeper_capacity_central,maximum_attempts_one_hour,128,9.609375,0.736779340194,8.16528749322,11.0534625068,12.5,0,0,19,19,19,0,19,0.7421875,95,0
persistent_trough,confidence_central,45 - 26,shared_keeper_capacity_high,shared_keeper_capacity_central,cumulative_debt_repaid_dai,128,-1.36424205266e-12,7.07892560347e-12,-1.52389362355e-11,1.25104521301e-11,0,-2.32830643654e-10,0,0,1.16415321827e-10,1.16415321827e-10,-2.32830643654e-10,2.32830643654e-10,0.15625,20,15
persistent_trough,confidence_central,45 - 26,shared_keeper_capacity_high,shared_keeper_capacity_central,completed_liquidation_count,128,0,0,0,0,0,0,0,0,0,0,0,0,0,0,0
persistent_trough,confidence_central,45 - 26,shared_keeper_capacity_high,shared_keeper_capacity_central,unresolved_vault_count,128,0,0,0,0,0,0,0,0,0,0,0,0,0,0,0
persistent_trough,confidence_central,45 - 26,shared_keeper_capacity_high,shared_keeper_capacity_central,unresolved_tab_at_horizon_dai,128,0,0,0,0,0,0,0,0,0,0,0,0,0,0,0
persistent_trough,confidence_central,45 - 26,shared_keeper_capacity_high,shared_keeper_capacity_central,maximum_backlog_duration,128,-3.015625,0.745226308487,-4.47626856463,-1.55498143537,0,-20.3,0,0,0,0,-51,0,0,0,28
persistent_trough,confidence_central,45 - 26,shared_keeper_capacity_high,shared_keeper_capacity_central,active_bad_debt_at_horizon_dai,128,0,0,0,0,0,0,0,0,0,0,0,0,0,0,0
persistent_trough,confidence_central,45 - 26,shared_keeper_capacity_high,shared_keeper_capacity_central,maximum_active_bad_debt_dai,128,-2.86624605916,2.86624605916,-8.48408833513,2.7515962168,0,0,0,0,0,0,-366.879495573,0,0,0,1
persistent_trough,confidence_central,45 - 26,shared_keeper_capacity_high,shared_keeper_capacity_central,keeper_profit_dai,128,-21.2014598313,15.7008457973,-51.9751175939,9.57219793139,0,-246.386074828,-4.58308876652,3.59736907318,79.0762315162,114.24250814,-1425.645293,458.055913649,0.2734375,35,40
persistent_trough,confidence_central,45 - 26,shared_keeper_capacity_high,shared_keeper_capacity_central,recovered_before_execution_count,128,0,0,0,0,0,0,0,0,0,0,0,0,0,0,0
persistent_trough,confidence_central,45 - 26,shared_keeper_capacity_high,shared_keeper_capacity_central,recovered_before_closure_count,128,0,0,0,0,0,0,0,0,0,0,0,0,0,0,0
persistent_trough,confidence_central,45 - 26,shared_keeper_capacity_high,shared_keeper_capacity_central,minimum_dai_price,128,0,0,0,0,0,0,0,0,0,0,0,0,0,0,0
persistent_trough,confidence_central,45 - 26,shared_keeper_capacity_high,shared_keeper_capacity_central,maximum_negative_peg_deviation,128,0,0,0,0,0,0,0,0,0,0,0,0,0,0,0
persistent_trough,confidence_central,45 - 26,shared_keeper_capacity_high,shared_keeper_capacity_central,mean_absolute_peg_deviation,128,0,0,0,0,0,0,0,0,0,0,0,0,0,0,0
persistent_trough,confidence_central,45 - 26,shared_keeper_capacity_high,shared_keeper_capacity_central,hours_below_0995,128,0,0,0,0,0,0,0,0,0,0,0,0,0,0,0
persistent_trough,confidence_central,45 - 26,shared_keeper_capacity_high,shared_keeper_capacity_central,hours_above_1005,128,0,0,0,0,0,0,0,0,0,0,0,0,0,0,0
persistent_trough,confidence_central,45 - 26,shared_keeper_capacity_high,shared_keeper_capacity_central,first_return_time,128,0,0,0,0,0,0,0,0,0,0,0,0,0,0,0
persistent_trough,confidence_central,45 - 26,shared_keeper_capacity_high,shared_keeper_capacity_central,failed_recovery_attempts,128,0,0,0,0,0,0,0,0,0,0,0,0,0,0,0
persistent_trough,confidence_central,45 - 26,shared_keeper_capacity_high,shared_keeper_capacity_central,recovery_probability_168h,128,0,0,0,0,0,0,0,0,0,0,0,0,0,0,0
persistent_trough,confidence_central,45 - 26,shared_keeper_capacity_high,shared_keeper_capacity_central,recovery_probability_336h,128,0,0,0,0,0,0,0,0,0,0,0,0,0,0,0
persistent_trough,confidence_central,45 - 26,shared_keeper_capacity_high,shared_keeper_capacity_central,recovery_probability_720h,128,0,0,0,0,0,0,0,0,0,0,0,0,0,0,0
persistent_trough,confidence_central,45 - 26,shared_keeper_capacity_high,shared_keeper_capacity_central,final_dai_price,128,0,0,0,0,0,0,0,0,0,0,0,0,0,0,0
persistent_trough,confidence_central,45 - 26,shared_keeper_capacity_high,shared_keeper_capacity_central,final_peg_band_status,128,0,0,0,0,0,0,0,0,0,0,0,0,0,0,0
persistent_trough,confidence_central,45 - 26,shared_keeper_capacity_high,shared_keeper_capacity_central,minimum_confidence,128,0,0,0,0,0,0,0,0,0,0,0,0,0,0,0
persistent_trough,confidence_central,45 - 26,shared_keeper_capacity_high,shared_keeper_capacity_central,mean_confidence_loss,128,0,0,0,0,0,0,0,0,0,0,0,0,0,0,0
persistent_trough,confidence_central,45 - 26,shared_keeper_capacity_high,shared_keeper_capacity_central,confidence_at_horizon,128,0,0,0,0,0,0,0,0,0,0,0,0,0,0,0
persistent_trough,confidence_central,45 - 26,shared_keeper_capacity_high,shared_keeper_capacity_central,hours_at_confidence_floor,128,0,0,0,0,0,0,0,0,0,0,0,0,0,0,0
persistent_trough,confidence_central,45 - 26,shared_keeper_capacity_high,shared_keeper_capacity_central,hours_recovery_gate_closed,128,0,0,0,0,0,0,0,0,0,0,0,0,0,0,0
persistent_trough,confidence_central,45 - 26,shared_keeper_capacity_high,shared_keeper_capacity_central,first_recovery_gate_open,128,0,0,0,0,0,0,0,0,0,0,0,0,0,0,0
persistent_trough,confidence_central,45 - 26,shared_keeper_capacity_high,shared_keeper_capacity_central,recovery_gate_reopenings,128,0,0,0,0,0,0,0,0,0,0,0,0,0,0,0
persistent_trough,confidence_central,45 - 26,shared_keeper_capacity_high,shared_keeper_capacity_central,cumulative_panic_contribution,128,0,0,0,0,0,0,0,0,0,0,0,0,0,0,0
persistent_trough,confidence_central,45 - 26,shared_keeper_capacity_high,shared_keeper_capacity_central,maximum_panic_contribution,128,0,0,0,0,0,0,0,0,0,0,0,0,0,0,0
persistent_trough,confidence_central,45 - 14,shared_keeper_capacity_high,shared_keeper_capacity_low,backlog_area_dai_hours,128,-462735.194781,32241.9028855,-525929.324437,-399541.065126,-337549.731637,-1090467.72844,-682065.930376,-194931.562997,-116239.014803,-83192.289765,-1718772.08463,0,0,0,126
persistent_trough,confidence_central,45 - 14,shared_keeper_capacity_high,shared_keeper_capacity_low,maximum_unresolved_tab_dai,128,-2832.5205188,1088.7773247,-4966.52407522,-698.516962376,0,-19564.7156667,0,0,0,0,-106805.719735,0,0,0,10
persistent_trough,confidence_central,45 - 14,shared_keeper_capacity_high,shared_keeper_capacity_low,cumulative_realised_bad_debt_dai,128,0,0,0,0,0,0,0,0,0,0,0,0,0,0,0
persistent_trough,confidence_central,45 - 14,shared_keeper_capacity_high,shared_keeper_capacity_low,below_peg_burden,128,0,0,0,0,0,0,0,0,0,0,0,0,0,0,0
persistent_trough,confidence_central,45 - 14,shared_keeper_capacity_high,shared_keeper_capacity_low,restricted_mean_recovery_time,128,0,0,0,0,0,0,0,0,0,0,0,0,0,0,0
persistent_trough,confidence_central,45 - 14,shared_keeper_capacity_high,shared_keeper_capacity_low,unsafe_vault_count,128,0,0,0,0,0,0,0,0,0,0,0,0,0,0,0
persistent_trough,confidence_central,45 - 14,shared_keeper_capacity_high,shared_keeper_capacity_low,peak_unsafe_share,128,0,0,0,0,0,0,0,0,0,0,0,0,0,0,0
persistent_trough,confidence_central,45 - 14,shared_keeper_capacity_high,shared_keeper_capacity_low,newly_unsafe_count,128,0,0,0,0,0,0,0,0,0,0,0,0,0,0,0
persistent_trough,confidence_central,45 - 14,shared_keeper_capacity_high,shared_keeper_capacity_low,cumulative_arrival_count,128,-67.1875,20.533706176,-107.433564105,-26.9414358951,-10.5,-189.3,-64.75,0,0,0,-2124,0,0,0,66
persistent_trough,confidence_central,45 - 14,shared_keeper_capacity_high,shared_keeper_capacity_low,cumulative_attempts,128,21.6484375,8.08812490621,5.79571268382,37.5011623162,11,-31.9,-0.25,48.25,105,135.25,-794,213,0.640625,82,32
persistent_trough,confidence_central,45 - 14,shared_keeper_capacity_high,shared_keeper_capacity_low,cumulative_successful_closures,128,0.0390625,0.0390625,-0.0375,0.115625,0,0,0,0,0,0,0,5,0.0078125,1,0
persistent_trough,confidence_central,45 - 14,shared_keeper_capacity_high,shared_keeper_capacity_low,cumulative_capacity_rejected,128,-71.59375,3.75382740211,-78.9512517081,-64.2362482919,-60.5,-163.85,-90.25,-43,-29,-23.35,-235,-7,0,0,128
persistent_trough,confidence_central,45 - 14,shared_keeper_capacity_high,shared_keeper_capacity_low,cumulative_unprofitable_attempts,128,21.609375,8.11917745926,5.69578717984,37.5229628202,11,-31.9,-0.25,48.25,105,135.25,-799,213,0.640625,82,32
persistent_trough,confidence_central,45 - 14,shared_keeper_capacity_high,shared_keeper_capacity_low,binding_hours,128,-7.328125,0.481205498888,-8.27128777782,-6.38496222218,-6,-19.65,-8,-4,-3,-3,-35,0,0,0,127
persistent_trough,confidence_central,45 - 14,shared_keeper_capacity_high,shared_keeper_capacity_low,positive_demand_hours,128,-6.7890625,2.12759372578,-10.9591462025,-2.61897879747,-1,-15.3,-7,0,0,0,-231,0,0,0,66
persistent_trough,confidence_central,45 - 14,shared_keeper_capacity_high,shared_keeper_capacity_low,mean_capacity_utilisation,128,-0.240340831069,0.00583132873851,-0.251770235397,-0.228911426742,-0.247905019287,-0.326809019904,-0.28734000179,-0.19922759395,-0.153554232804,-0.144707482244,-0.371369047619,0.0493104165982,0.0078125,1,127
persistent_trough,confidence_central,45 - 14,shared_keeper_capacity_high,shared_keeper_capacity_low,maximum_capacity_utilisation,128,-0.223090277778,0.018011171546,-0.258392174008,-0.187788381548,-0.144444444444,-0.503333333333,-0.422222222222,0,0,0,-0.577777777778,0,0,0,82
persistent_trough,confidence_central,45 - 14,shared_keeper_capacity_high,shared_keeper_capacity_low,maximum_attempts_one_hour,128,20.9609375,0.810502719572,19.3723521696,22.5495228304,24.5,8.35,12,31,31,31,5,31,1,128,0
persistent_trough,confidence_central,45 - 14,shared_keeper_capacity_high,shared_keeper_capacity_low,cumulative_debt_repaid_dai,128,0.809341346022,0.80934134604,-0.776967692217,2.39565038426,0,-2.32830643654e-10,-5.82076609135e-11,0,1.16415321827e-10,2.32830643654e-10,-6.98491930962e-10,103.595692293,0.2421875,31,38
persistent_trough,confidence_central,45 - 14,shared_keeper_capacity_high,shared_keeper_capacity_low,completed_liquidation_count,128,0.0390625,0.0390625,-0.0375,0.115625,0,0,0,0,0,0,0,5,0.0078125,1,0
persistent_trough,confidence_central,45 - 14,shared_keeper_capacity_high,shared_keeper_capacity_low,unresolved_vault_count,128,-0.0390625,0.0390625,-0.115625,0.0375,0,0,0,0,0,0,-5,0,0,0,1
persistent_trough,confidence_central,45 - 14,shared_keeper_capacity_high,shared_keeper_capacity_low,unresolved_tab_at_horizon_dai,128,-0.809341346041,0.809341346041,-2.39565038428,0.776967692199,0,0,0,0,0,0,-103.595692293,0,0,0,1
persistent_trough,confidence_central,45 - 14,shared_keeper_capacity_high,shared_keeper_capacity_low,maximum_backlog_duration,128,-19.515625,6.18021059503,-31.6288377663,-7.40241223375,-2,-48.6,-20,0,0,0,-666,0,0,0,66
persistent_trough,confidence_central,45 - 14,shared_keeper_capacity_high,shared_keeper_capacity_low,active_bad_debt_at_horizon_dai,128,0,0,0,0,0,0,0,0,0,0,0,0,0,0,0
persistent_trough,confidence_central,45 - 14,shared_keeper_capacity_high,shared_keeper_capacity_low,maximum_active_bad_debt_dai,128,-9.60773711476,5.72938588585,-20.837333451,1.62185922151,0,0,0,0,0,0,-570.244096192,0,0,0,3
persistent_trough,confidence_central,45 - 14,shared_keeper_capacity_high,shared_keeper_capacity_low,keeper_profit_dai,128,-34.8238470503,28.3909545885,-90.4701180438,20.8224239432,5.42206240555,-565.81001425,-91.5298635286,95.7600606983,266.533832449,345.645788757,-1894.47461162,673.403274653,0.5390625,69,57
persistent_trough,confidence_central,45 - 14,shared_keeper_capacity_high,shared_keeper_capacity_low,recovered_before_execution_count,128,0,0,0,0,0,0,0,0,0,0,0,0,0,0,0
persistent_trough,confidence_central,45 - 14,shared_keeper_capacity_high,shared_keeper_capacity_low,recovered_before_closure_count,128,0,0,0,0,0,0,0,0,0,0,0,0,0,0,0
persistent_trough,confidence_central,45 - 14,shared_keeper_capacity_high,shared_keeper_capacity_low,minimum_dai_price,128,0,0,0,0,0,0,0,0,0,0,0,0,0,0,0
persistent_trough,confidence_central,45 - 14,shared_keeper_capacity_high,shared_keeper_capacity_low,maximum_negative_peg_deviation,128,0,0,0,0,0,0,0,0,0,0,0,0,0,0,0
persistent_trough,confidence_central,45 - 14,shared_keeper_capacity_high,shared_keeper_capacity_low,mean_absolute_peg_deviation,128,0,0,0,0,0,0,0,0,0,0,0,0,0,0,0
persistent_trough,confidence_central,45 - 14,shared_keeper_capacity_high,shared_keeper_capacity_low,hours_below_0995,128,0,0,0,0,0,0,0,0,0,0,0,0,0,0,0
persistent_trough,confidence_central,45 - 14,shared_keeper_capacity_high,shared_keeper_capacity_low,hours_above_1005,128,0,0,0,0,0,0,0,0,0,0,0,0,0,0,0
persistent_trough,confidence_central,45 - 14,shared_keeper_capacity_high,shared_keeper_capacity_low,first_return_time,128,0,0,0,0,0,0,0,0,0,0,0,0,0,0,0
persistent_trough,confidence_central,45 - 14,shared_keeper_capacity_high,shared_keeper_capacity_low,failed_recovery_attempts,128,0,0,0,0,0,0,0,0,0,0,0,0,0,0,0
persistent_trough,confidence_central,45 - 14,shared_keeper_capacity_high,shared_keeper_capacity_low,recovery_probability_168h,128,0,0,0,0,0,0,0,0,0,0,0,0,0,0,0
persistent_trough,confidence_central,45 - 14,shared_keeper_capacity_high,shared_keeper_capacity_low,recovery_probability_336h,128,0,0,0,0,0,0,0,0,0,0,0,0,0,0,0
persistent_trough,confidence_central,45 - 14,shared_keeper_capacity_high,shared_keeper_capacity_low,recovery_probability_720h,128,0,0,0,0,0,0,0,0,0,0,0,0,0,0,0
persistent_trough,confidence_central,45 - 14,shared_keeper_capacity_high,shared_keeper_capacity_low,final_dai_price,128,0,0,0,0,0,0,0,0,0,0,0,0,0,0,0
persistent_trough,confidence_central,45 - 14,shared_keeper_capacity_high,shared_keeper_capacity_low,final_peg_band_status,128,0,0,0,0,0,0,0,0,0,0,0,0,0,0,0
persistent_trough,confidence_central,45 - 14,shared_keeper_capacity_high,shared_keeper_capacity_low,minimum_confidence,128,0,0,0,0,0,0,0,0,0,0,0,0,0,0,0
persistent_trough,confidence_central,45 - 14,shared_keeper_capacity_high,shared_keeper_capacity_low,mean_confidence_loss,128,0,0,0,0,0,0,0,0,0,0,0,0,0,0,0
persistent_trough,confidence_central,45 - 14,shared_keeper_capacity_high,shared_keeper_capacity_low,confidence_at_horizon,128,0,0,0,0,0,0,0,0,0,0,0,0,0,0,0
persistent_trough,confidence_central,45 - 14,shared_keeper_capacity_high,shared_keeper_capacity_low,hours_at_confidence_floor,128,0,0,0,0,0,0,0,0,0,0,0,0,0,0,0
persistent_trough,confidence_central,45 - 14,shared_keeper_capacity_high,shared_keeper_capacity_low,hours_recovery_gate_closed,128,0,0,0,0,0,0,0,0,0,0,0,0,0,0,0
persistent_trough,confidence_central,45 - 14,shared_keeper_capacity_high,shared_keeper_capacity_low,first_recovery_gate_open,128,0,0,0,0,0,0,0,0,0,0,0,0,0,0,0
persistent_trough,confidence_central,45 - 14,shared_keeper_capacity_high,shared_keeper_capacity_low,recovery_gate_reopenings,128,0,0,0,0,0,0,0,0,0,0,0,0,0,0,0
persistent_trough,confidence_central,45 - 14,shared_keeper_capacity_high,shared_keeper_capacity_low,cumulative_panic_contribution,128,0,0,0,0,0,0,0,0,0,0,0,0,0,0,0
persistent_trough,confidence_central,45 - 14,shared_keeper_capacity_high,shared_keeper_capacity_low,maximum_panic_contribution,128,0,0,0,0,0,0,0,0,0,0,0,0,0,0,0
persistent_trough,confidence_fragile,26 - 14,shared_keeper_capacity_central,shared_keeper_capacity_low,backlog_area_dai_hours,128,-390771.782381,25860.9034404,-441459.153124,-340084.411638,-308602.842255,-881153.446827,-531719.736099,-181275.887153,-107601.315094,-81146.6042888,-1651076.34919,0,0,0,126
persistent_trough,confidence_fragile,26 - 14,shared_keeper_capacity_central,shared_keeper_capacity_low,maximum_unresolved_tab_dai,128,-2385.2206747,846.114797039,-4043.6056769,-726.835672501,0,-19564.7156667,0,0,0,0,-68362.5352775,0,0,0,10
persistent_trough,confidence_fragile,26 - 14,shared_keeper_capacity_central,shared_keeper_capacity_low,cumulative_realised_bad_debt_dai,128,0,0,0,0,0,0,0,0,0,0,0,0,0,0,0
persistent_trough,confidence_fragile,26 - 14,shared_keeper_capacity_central,shared_keeper_capacity_low,below_peg_burden,128,0,0,0,0,0,0,0,0,0,0,0,0,0,0,0
persistent_trough,confidence_fragile,26 - 14,shared_keeper_capacity_central,shared_keeper_capacity_low,restricted_mean_recovery_time,128,0,0,0,0,0,0,0,0,0,0,0,0,0,0,0
persistent_trough,confidence_fragile,26 - 14,shared_keeper_capacity_central,shared_keeper_capacity_low,unsafe_vault_count,128,0,0,0,0,0,0,0,0,0,0,0,0,0,0,0
persistent_trough,confidence_fragile,26 - 14,shared_keeper_capacity_central,shared_keeper_capacity_low,peak_unsafe_share,128,0,0,0,0,0,0,0,0,0,0,0,0,0,0,0
persistent_trough,confidence_fragile,26 - 14,shared_keeper_capacity_central,shared_keeper_capacity_low,newly_unsafe_count,128,0,0,0,0,0,0,0,0,0,0,0,0,0,0,0
persistent_trough,confidence_fragile,26 - 14,shared_keeper_capacity_central,shared_keeper_capacity_low,cumulative_arrival_count,128,-57.6796875,20.5264734886,-97.9115755376,-17.4477994624,0,-164.95,-46.25,0,0,0,-2124,0,0,0,59
persistent_trough,confidence_fragile,26 - 14,shared_keeper_capacity_central,shared_keeper_capacity_low,cumulative_attempts,128,17.4296875,7.71881173342,2.30081650249,32.5585584975,9,-29.9,-1,41.25,87.6,114.15,-796,196,0.6640625,85,33
persistent_trough,confidence_fragile,26 - 14,shared_keeper_capacity_central,shared_keeper_capacity_low,cumulative_successful_closures,128,0.0390625,0.0390625,-0.0375,0.115625,0,0,0,0,0,0,0,5,0.0078125,1,0
persistent_trough,confidence_fragile,26 - 14,shared_keeper_capacity_central,shared_keeper_capacity_low,cumulative_capacity_rejected,128,-58.5078125,3.19769763872,-64.7752998719,-52.2403251281,-49,-141.8,-72.25,-36.5,-26.8,-20.35,-212,-7,0,0,128
persistent_trough,confidence_fragile,26 - 14,shared_keeper_capacity_central,shared_keeper_capacity_low,cumulative_unprofitable_attempts,128,17.390625,7.75125588611,2.19816346323,32.5830865368,9,-29.9,-1,41.25,87.6,114.15,-801,196,0.6640625,85,33
persistent_trough,confidence_fragile,26 - 14,shared_keeper_capacity_central,shared_keeper_capacity_low,binding_hours,128,-6.09375,0.44581351754,-6.96754449438,-5.21995550562,-5,-16.65,-6.25,-3,-2,-2,-34,0,0,0,127
persistent_trough,confidence_fragile,26 - 14,shared_keeper_capacity_central,shared_keeper_capacity_low,positive_demand_hours,128,-5.875,2.12956896493,-10.0489551713,-1.70104482874,0,-14.95,-5,0,0,0,-231,0,0,0,59
persistent_trough,confidence_fragile,26 - 14,shared_keeper_capacity_central,shared_keeper_capacity_low,mean_capacity_utilisation,128,-0.135384951496,0.00549756162674,-0.146160172284,-0.124609730707,-0.142895383005,-0.221986034799,-0.171573313744,-0.112572217755,-0.0696093204454,-0.0256442881443,-0.26862026862,0.175283825905,0.0234375,3,125
persistent_trough,confidence_fragile,26 - 14,shared_keeper_capacity_central,shared_keeper_capacity_low,maximum_capacity_utilisation,128,-0.0249399038462,0.00485646527397,-0.0344585757831,-0.0154212319092,0,-0.140384615385,0,0,0,0,-0.269230769231,0,0,0,26
persistent_trough,confidence_fragile,26 - 14,shared_keeper_capacity_central,shared_keeper_capacity_low,maximum_attempts_one_hour,128,11.3515625,0.126268097123,11.1040770296,11.5990479704,12,8.35,12,12,12,12,5,12,1,128,0
persistent_trough,confidence_fragile,26 - 14,shared_keeper_capacity_central,shared_keeper_capacity_low,cumulative_debt_repaid_dai,128,0.809341346023,0.80934134604,-0.776967692216,2.39565038426,0,-2.32830643654e-10,-5.82076609135e-11,0,1.16415321827e-10,1.54250301421e-10,-4.65661287308e-10,103.595692293,0.203125,26,40
persistent_trough,confidence_fragile,26 - 14,shared_keeper_capacity_central,shared_keeper_capacity_low,completed_liquidation_count,128,0.0390625,0.0390625,-0.0375,0.115625,0,0,0,0,0,0,0,5,0.0078125,1,0
persistent_trough,confidence_fragile,26 - 14,shared_keeper_capacity_central,shared_keeper_capacity_low,unresolved_vault_count,128,-0.0390625,0.0390625,-0.115625,0.0375,0,0,0,0,0,0,-5,0,0,0,1
persistent_trough,confidence_fragile,26 - 14,shared_keeper_capacity_central,shared_keeper_capacity_low,unresolved_tab_at_horizon_dai,128,-0.809341346041,0.809341346041,-2.39565038428,0.776967692199,0,0,0,0,0,0,-103.595692293,0,0,0,1
persistent_trough,confidence_fragile,26 - 14,shared_keeper_capacity_central,shared_keeper_capacity_low,maximum_backlog_duration,128,-16.5,6.17757246617,-28.6080420337,-4.3919579663,0,-37.95,-11.5,0,0,0,-666,0,0,0,59
persistent_trough,confidence_fragile,26 - 14,shared_keeper_capacity_central,shared_keeper_capacity_low,active_bad_debt_at_horizon_dai,128,0,0,0,0,0,0,0,0,0,0,0,0,0,0,0
persistent_trough,confidence_fragile,26 - 14,shared_keeper_capacity_central,shared_keeper_capacity_low,maximum_active_bad_debt_dai,128,-6.74149105559,4.99147190537,-16.5247759901,3.04179387893,0,0,0,0,0,0,-570.244096192,0,0,0,2
persistent_trough,confidence_fragile,26 - 14,shared_keeper_capacity_central,shared_keeper_capacity_low,keeper_profit_dai,128,-13.622387219,18.2495996396,-49.3916025127,22.1468280746,0.247281030352,-376.650581612,-87.3179527514,60.7777085697,203.783450696,299.422789786,-826.976838285,546.919808547,0.5078125,65,61
persistent_trough,confidence_fragile,26 - 14,shared_keeper_capacity_central,shared_keeper_capacity_low,recovered_before_execution_count,128,0,0,0,0,0,0,0,0,0,0,0,0,0,0,0
persistent_trough,confidence_fragile,26 - 14,shared_keeper_capacity_central,shared_keeper_capacity_low,recovered_before_closure_count,128,0,0,0,0,0,0,0,0,0,0,0,0,0,0,0
persistent_trough,confidence_fragile,26 - 14,shared_keeper_capacity_central,shared_keeper_capacity_low,minimum_dai_price,128,0,0,0,0,0,0,0,0,0,0,0,0,0,0,0
persistent_trough,confidence_fragile,26 - 14,shared_keeper_capacity_central,shared_keeper_capacity_low,maximum_negative_peg_deviation,128,0,0,0,0,0,0,0,0,0,0,0,0,0,0,0
persistent_trough,confidence_fragile,26 - 14,shared_keeper_capacity_central,shared_keeper_capacity_low,mean_absolute_peg_deviation,128,0,0,0,0,0,0,0,0,0,0,0,0,0,0,0
persistent_trough,confidence_fragile,26 - 14,shared_keeper_capacity_central,shared_keeper_capacity_low,hours_below_0995,128,0,0,0,0,0,0,0,0,0,0,0,0,0,0,0
persistent_trough,confidence_fragile,26 - 14,shared_keeper_capacity_central,shared_keeper_capacity_low,hours_above_1005,128,0,0,0,0,0,0,0,0,0,0,0,0,0,0,0
persistent_trough,confidence_fragile,26 - 14,shared_keeper_capacity_central,shared_keeper_capacity_low,first_return_time,128,0,0,0,0,0,0,0,0,0,0,0,0,0,0,0
persistent_trough,confidence_fragile,26 - 14,shared_keeper_capacity_central,shared_keeper_capacity_low,failed_recovery_attempts,128,0,0,0,0,0,0,0,0,0,0,0,0,0,0,0
persistent_trough,confidence_fragile,26 - 14,shared_keeper_capacity_central,shared_keeper_capacity_low,recovery_probability_168h,128,0,0,0,0,0,0,0,0,0,0,0,0,0,0,0
persistent_trough,confidence_fragile,26 - 14,shared_keeper_capacity_central,shared_keeper_capacity_low,recovery_probability_336h,128,0,0,0,0,0,0,0,0,0,0,0,0,0,0,0
persistent_trough,confidence_fragile,26 - 14,shared_keeper_capacity_central,shared_keeper_capacity_low,recovery_probability_720h,128,0,0,0,0,0,0,0,0,0,0,0,0,0,0,0
persistent_trough,confidence_fragile,26 - 14,shared_keeper_capacity_central,shared_keeper_capacity_low,final_dai_price,128,0,0,0,0,0,0,0,0,0,0,0,0,0,0,0
persistent_trough,confidence_fragile,26 - 14,shared_keeper_capacity_central,shared_keeper_capacity_low,final_peg_band_status,128,0,0,0,0,0,0,0,0,0,0,0,0,0,0,0
persistent_trough,confidence_fragile,26 - 14,shared_keeper_capacity_central,shared_keeper_capacity_low,minimum_confidence,128,0,0,0,0,0,0,0,0,0,0,0,0,0,0,0
persistent_trough,confidence_fragile,26 - 14,shared_keeper_capacity_central,shared_keeper_capacity_low,mean_confidence_loss,128,0,0,0,0,0,0,0,0,0,0,0,0,0,0,0
persistent_trough,confidence_fragile,26 - 14,shared_keeper_capacity_central,shared_keeper_capacity_low,confidence_at_horizon,128,0,0,0,0,0,0,0,0,0,0,0,0,0,0,0
persistent_trough,confidence_fragile,26 - 14,shared_keeper_capacity_central,shared_keeper_capacity_low,hours_at_confidence_floor,128,0,0,0,0,0,0,0,0,0,0,0,0,0,0,0
persistent_trough,confidence_fragile,26 - 14,shared_keeper_capacity_central,shared_keeper_capacity_low,hours_recovery_gate_closed,128,0,0,0,0,0,0,0,0,0,0,0,0,0,0,0
persistent_trough,confidence_fragile,26 - 14,shared_keeper_capacity_central,shared_keeper_capacity_low,first_recovery_gate_open,128,0,0,0,0,0,0,0,0,0,0,0,0,0,0,0
persistent_trough,confidence_fragile,26 - 14,shared_keeper_capacity_central,shared_keeper_capacity_low,recovery_gate_reopenings,128,0,0,0,0,0,0,0,0,0,0,0,0,0,0,0
persistent_trough,confidence_fragile,26 - 14,shared_keeper_capacity_central,shared_keeper_capacity_low,cumulative_panic_contribution,128,0,0,0,0,0,0,0,0,0,0,0,0,0,0,0
persistent_trough,confidence_fragile,26 - 14,shared_keeper_capacity_central,shared_keeper_capacity_low,maximum_panic_contribution,128,0,0,0,0,0,0,0,0,0,0,0,0,0,0,0
persistent_trough,confidence_fragile,45 - 26,shared_keeper_capacity_high,shared_keeper_capacity_central,backlog_area_dai_hours,128,-71963.4124001,10942.0045738,-93409.7413647,-50517.0834355,-8994.72019596,-352899.446297,-85631.932908,0,0,0,-573216.348466,0,0,0,75
persistent_trough,confidence_fragile,45 - 26,shared_keeper_capacity_high,shared_keeper_capacity_central,maximum_unresolved_tab_dai,128,-447.299844099,333.324789902,-1100.61643231,206.016744109,0,0,0,0,0,0,-38443.1844578,0,0,0,2
persistent_trough,confidence_fragile,45 - 26,shared_keeper_capacity_high,shared_keeper_capacity_central,cumulative_realised_bad_debt_dai,128,0,0,0,0,0,0,0,0,0,0,0,0,0,0,0
persistent_trough,confidence_fragile,45 - 26,shared_keeper_capacity_high,shared_keeper_capacity_central,below_peg_burden,128,0,0,0,0,0,0,0,0,0,0,0,0,0,0,0
persistent_trough,confidence_fragile,45 - 26,shared_keeper_capacity_high,shared_keeper_capacity_central,restricted_mean_recovery_time,128,0,0,0,0,0,0,0,0,0,0,0,0,0,0,0
persistent_trough,confidence_fragile,45 - 26,shared_keeper_capacity_high,shared_keeper_capacity_central,unsafe_vault_count,128,0,0,0,0,0,0,0,0,0,0,0,0,0,0,0
persistent_trough,confidence_fragile,45 - 26,shared_keeper_capacity_high,shared_keeper_capacity_central,peak_unsafe_share,128,0,0,0,0,0,0,0,0,0,0,0,0,0,0,0
persistent_trough,confidence_fragile,45 - 26,shared_keeper_capacity_high,shared_keeper_capacity_central,newly_unsafe_count,128,0,0,0,0,0,0,0,0,0,0,0,0,0,0,0
persistent_trough,confidence_fragile,45 - 26,shared_keeper_capacity_high,shared_keeper_capacity_central,cumulative_arrival_count,128,-9.5078125,2.50653663396,-14.4206243026,-4.59500069745,0,-55.3,0,0,0,0,-190,0,0,0,28
persistent_trough,confidence_fragile,45 - 26,shared_keeper_capacity_high,shared_keeper_capacity_central,cumulative_attempts,128,4.21875,1.17118335889,1.92323061658,6.51426938342,0,-13.6,0,13,19,21.3,-53,54,0.484375,62,21
persistent_trough,confidence_fragile,45 - 26,shared_keeper_capacity_high,shared_keeper_capacity_central,cumulative_successful_closures,128,0,0,0,0,0,0,0,0,0,0,0,0,0,0,0
persistent_trough,confidence_fragile,45 - 26,shared_keeper_capacity_high,shared_keeper_capacity_central,cumulative_capacity_rejected,128,-13.0859375,1.18973977253,-15.4178274542,-10.7540475458,-13,-38,-19,0,0,0,-63,0,0,0,95
persistent_trough,confidence_fragile,45 - 26,shared_keeper_capacity_high,shared_keeper_capacity_central,cumulative_unprofitable_attempts,128,4.21875,1.17118335889,1.92323061658,6.51426938342,0,-13.6,0,13,19,21.3,-53,54,0.484375,62,21
persistent_trough,confidence_fragile,45 - 26,shared_keeper_capacity_high,shared_keeper_capacity_central,binding_hours,128,-1.234375,0.108386279145,-1.44681210712,-1.02193789288,-1,-3,-2,0,0,0,-7,0,0,0,85
persistent_trough,confidence_fragile,45 - 26,shared_keeper_capacity_high,shared_keeper_capacity_central,positive_demand_hours,128,-0.9140625,0.212209546679,-1.32999321149,-0.49813178851,0,-5.65,0,0,0,0,-13,0,0,0,28
persistent_trough,confidence_fragile,45 - 26,shared_keeper_capacity_high,shared_keeper_capacity_central,mean_capacity_utilisation,128,-0.104955879574,0.00354411140608,-0.111902337929,-0.0980094212176,-0.0995769373696,-0.168643356643,-0.132999974625,-0.0789512167419,-0.0613063311629,-0.0509686609687,-0.228561253561,0.0348562548563,0.0078125,1,127
persistent_trough,confidence_fragile,45 - 26,shared_keeper_capacity_high,shared_keeper_capacity_central,maximum_capacity_utilisation,128,-0.198150373932,0.01539038842,-0.228315535235,-0.167985212628,-0.144444444444,-0.414444444444,-0.377777777778,0,0,0,-0.422222222222,0,0,0,82
persistent_trough,confidence_fragile,45 - 26,shared_keeper_capacity_high,shared_keeper_capacity_central,maximum_attempts_one_hour,128,9.609375,0.736779340194,8.16528749322,11.0534625068,12.5,0,0,19,19,19,0,19,0.7421875,95,0
persistent_trough,confidence_fragile,45 - 26,shared_keeper_capacity_high,shared_keeper_capacity_central,cumulative_debt_repaid_dai,128,-1.36424205266e-12,7.07892560347e-12,-1.52389362355e-11,1.25104521301e-11,0,-2.32830643654e-10,0,0,1.16415321827e-10,1.16415321827e-10,-2.32830643654e-10,2.32830643654e-10,0.15625,20,15
persistent_trough,confidence_fragile,45 - 26,shared_keeper_capacity_high,shared_keeper_capacity_central,completed_liquidation_count,128,0,0,0,0,0,0,0,0,0,0,0,0,0,0,0
persistent_trough,confidence_fragile,45 - 26,shared_keeper_capacity_high,shared_keeper_capacity_central,unresolved_vault_count,128,0,0,0,0,0,0,0,0,0,0,0,0,0,0,0
persistent_trough,confidence_fragile,45 - 26,shared_keeper_capacity_high,shared_keeper_capacity_central,unresolved_tab_at_horizon_dai,128,0,0,0,0,0,0,0,0,0,0,0,0,0,0,0
persistent_trough,confidence_fragile,45 - 26,shared_keeper_capacity_high,shared_keeper_capacity_central,maximum_backlog_duration,128,-3.015625,0.745226308487,-4.47626856463,-1.55498143537,0,-20.3,0,0,0,0,-51,0,0,0,28
persistent_trough,confidence_fragile,45 - 26,shared_keeper_capacity_high,shared_keeper_capacity_central,active_bad_debt_at_horizon_dai,128,0,0,0,0,0,0,0,0,0,0,0,0,0,0,0
persistent_trough,confidence_fragile,45 - 26,shared_keeper_capacity_high,shared_keeper_capacity_central,maximum_active_bad_debt_dai,128,-2.86624605916,2.86624605916,-8.48408833513,2.7515962168,0,0,0,0,0,0,-366.879495573,0,0,0,1
persistent_trough,confidence_fragile,45 - 26,shared_keeper_capacity_high,shared_keeper_capacity_central,keeper_profit_dai,128,-21.2014598313,15.7008457973,-51.9751175939,9.57219793139,0,-246.386074828,-4.58308876652,3.59736907318,79.0762315162,114.24250814,-1425.645293,458.055913649,0.2734375,35,40
persistent_trough,confidence_fragile,45 - 26,shared_keeper_capacity_high,shared_keeper_capacity_central,recovered_before_execution_count,128,0,0,0,0,0,0,0,0,0,0,0,0,0,0,0
persistent_trough,confidence_fragile,45 - 26,shared_keeper_capacity_high,shared_keeper_capacity_central,recovered_before_closure_count,128,0,0,0,0,0,0,0,0,0,0,0,0,0,0,0
persistent_trough,confidence_fragile,45 - 26,shared_keeper_capacity_high,shared_keeper_capacity_central,minimum_dai_price,128,0,0,0,0,0,0,0,0,0,0,0,0,0,0,0
persistent_trough,confidence_fragile,45 - 26,shared_keeper_capacity_high,shared_keeper_capacity_central,maximum_negative_peg_deviation,128,0,0,0,0,0,0,0,0,0,0,0,0,0,0,0
persistent_trough,confidence_fragile,45 - 26,shared_keeper_capacity_high,shared_keeper_capacity_central,mean_absolute_peg_deviation,128,0,0,0,0,0,0,0,0,0,0,0,0,0,0,0
persistent_trough,confidence_fragile,45 - 26,shared_keeper_capacity_high,shared_keeper_capacity_central,hours_below_0995,128,0,0,0,0,0,0,0,0,0,0,0,0,0,0,0
persistent_trough,confidence_fragile,45 - 26,shared_keeper_capacity_high,shared_keeper_capacity_central,hours_above_1005,128,0,0,0,0,0,0,0,0,0,0,0,0,0,0,0
persistent_trough,confidence_fragile,45 - 26,shared_keeper_capacity_high,shared_keeper_capacity_central,first_return_time,128,0,0,0,0,0,0,0,0,0,0,0,0,0,0,0
persistent_trough,confidence_fragile,45 - 26,shared_keeper_capacity_high,shared_keeper_capacity_central,failed_recovery_attempts,128,0,0,0,0,0,0,0,0,0,0,0,0,0,0,0
persistent_trough,confidence_fragile,45 - 26,shared_keeper_capacity_high,shared_keeper_capacity_central,recovery_probability_168h,128,0,0,0,0,0,0,0,0,0,0,0,0,0,0,0
persistent_trough,confidence_fragile,45 - 26,shared_keeper_capacity_high,shared_keeper_capacity_central,recovery_probability_336h,128,0,0,0,0,0,0,0,0,0,0,0,0,0,0,0
persistent_trough,confidence_fragile,45 - 26,shared_keeper_capacity_high,shared_keeper_capacity_central,recovery_probability_720h,128,0,0,0,0,0,0,0,0,0,0,0,0,0,0,0
persistent_trough,confidence_fragile,45 - 26,shared_keeper_capacity_high,shared_keeper_capacity_central,final_dai_price,128,0,0,0,0,0,0,0,0,0,0,0,0,0,0,0
persistent_trough,confidence_fragile,45 - 26,shared_keeper_capacity_high,shared_keeper_capacity_central,final_peg_band_status,128,0,0,0,0,0,0,0,0,0,0,0,0,0,0,0
persistent_trough,confidence_fragile,45 - 26,shared_keeper_capacity_high,shared_keeper_capacity_central,minimum_confidence,128,0,0,0,0,0,0,0,0,0,0,0,0,0,0,0
persistent_trough,confidence_fragile,45 - 26,shared_keeper_capacity_high,shared_keeper_capacity_central,mean_confidence_loss,128,0,0,0,0,0,0,0,0,0,0,0,0,0,0,0
persistent_trough,confidence_fragile,45 - 26,shared_keeper_capacity_high,shared_keeper_capacity_central,confidence_at_horizon,128,0,0,0,0,0,0,0,0,0,0,0,0,0,0,0
persistent_trough,confidence_fragile,45 - 26,shared_keeper_capacity_high,shared_keeper_capacity_central,hours_at_confidence_floor,128,0,0,0,0,0,0,0,0,0,0,0,0,0,0,0
persistent_trough,confidence_fragile,45 - 26,shared_keeper_capacity_high,shared_keeper_capacity_central,hours_recovery_gate_closed,128,0,0,0,0,0,0,0,0,0,0,0,0,0,0,0
persistent_trough,confidence_fragile,45 - 26,shared_keeper_capacity_high,shared_keeper_capacity_central,first_recovery_gate_open,128,0,0,0,0,0,0,0,0,0,0,0,0,0,0,0
persistent_trough,confidence_fragile,45 - 26,shared_keeper_capacity_high,shared_keeper_capacity_central,recovery_gate_reopenings,128,0,0,0,0,0,0,0,0,0,0,0,0,0,0,0
persistent_trough,confidence_fragile,45 - 26,shared_keeper_capacity_high,shared_keeper_capacity_central,cumulative_panic_contribution,128,0,0,0,0,0,0,0,0,0,0,0,0,0,0,0
persistent_trough,confidence_fragile,45 - 26,shared_keeper_capacity_high,shared_keeper_capacity_central,maximum_panic_contribution,128,0,0,0,0,0,0,0,0,0,0,0,0,0,0,0
persistent_trough,confidence_fragile,45 - 14,shared_keeper_capacity_high,shared_keeper_capacity_low,backlog_area_dai_hours,128,-462735.194781,32241.9028855,-525929.324437,-399541.065126,-337549.731637,-1090467.72844,-682065.930376,-194931.562997,-116239.014803,-83192.289765,-1718772.08463,0,0,0,126
persistent_trough,confidence_fragile,45 - 14,shared_keeper_capacity_high,shared_keeper_capacity_low,maximum_unresolved_tab_dai,128,-2832.5205188,1088.7773247,-4966.52407522,-698.516962376,0,-19564.7156667,0,0,0,0,-106805.719735,0,0,0,10
persistent_trough,confidence_fragile,45 - 14,shared_keeper_capacity_high,shared_keeper_capacity_low,cumulative_realised_bad_debt_dai,128,0,0,0,0,0,0,0,0,0,0,0,0,0,0,0
persistent_trough,confidence_fragile,45 - 14,shared_keeper_capacity_high,shared_keeper_capacity_low,below_peg_burden,128,0,0,0,0,0,0,0,0,0,0,0,0,0,0,0
persistent_trough,confidence_fragile,45 - 14,shared_keeper_capacity_high,shared_keeper_capacity_low,restricted_mean_recovery_time,128,0,0,0,0,0,0,0,0,0,0,0,0,0,0,0
persistent_trough,confidence_fragile,45 - 14,shared_keeper_capacity_high,shared_keeper_capacity_low,unsafe_vault_count,128,0,0,0,0,0,0,0,0,0,0,0,0,0,0,0
persistent_trough,confidence_fragile,45 - 14,shared_keeper_capacity_high,shared_keeper_capacity_low,peak_unsafe_share,128,0,0,0,0,0,0,0,0,0,0,0,0,0,0,0
persistent_trough,confidence_fragile,45 - 14,shared_keeper_capacity_high,shared_keeper_capacity_low,newly_unsafe_count,128,0,0,0,0,0,0,0,0,0,0,0,0,0,0,0
persistent_trough,confidence_fragile,45 - 14,shared_keeper_capacity_high,shared_keeper_capacity_low,cumulative_arrival_count,128,-67.1875,20.533706176,-107.433564105,-26.9414358951,-10.5,-189.3,-64.75,0,0,0,-2124,0,0,0,66
persistent_trough,confidence_fragile,45 - 14,shared_keeper_capacity_high,shared_keeper_capacity_low,cumulative_attempts,128,21.6484375,8.08812490621,5.79571268382,37.5011623162,11,-31.9,-0.25,48.25,105,135.25,-794,213,0.640625,82,32
persistent_trough,confidence_fragile,45 - 14,shared_keeper_capacity_high,shared_keeper_capacity_low,cumulative_successful_closures,128,0.0390625,0.0390625,-0.0375,0.115625,0,0,0,0,0,0,0,5,0.0078125,1,0
persistent_trough,confidence_fragile,45 - 14,shared_keeper_capacity_high,shared_keeper_capacity_low,cumulative_capacity_rejected,128,-71.59375,3.75382740211,-78.9512517081,-64.2362482919,-60.5,-163.85,-90.25,-43,-29,-23.35,-235,-7,0,0,128
persistent_trough,confidence_fragile,45 - 14,shared_keeper_capacity_high,shared_keeper_capacity_low,cumulative_unprofitable_attempts,128,21.609375,8.11917745926,5.69578717984,37.5229628202,11,-31.9,-0.25,48.25,105,135.25,-799,213,0.640625,82,32
persistent_trough,confidence_fragile,45 - 14,shared_keeper_capacity_high,shared_keeper_capacity_low,binding_hours,128,-7.328125,0.481205498888,-8.27128777782,-6.38496222218,-6,-19.65,-8,-4,-3,-3,-35,0,0,0,127
persistent_trough,confidence_fragile,45 - 14,shared_keeper_capacity_high,shared_keeper_capacity_low,positive_demand_hours,128,-6.7890625,2.12759372578,-10.9591462025,-2.61897879747,-1,-15.3,-7,0,0,0,-231,0,0,0,66
persistent_trough,confidence_fragile,45 - 14,shared_keeper_capacity_high,shared_keeper_capacity_low,mean_capacity_utilisation,128,-0.240340831069,0.00583132873851,-0.251770235397,-0.228911426742,-0.247905019287,-0.326809019904,-0.28734000179,-0.19922759395,-0.153554232804,-0.144707482244,-0.371369047619,0.0493104165982,0.0078125,1,127
persistent_trough,confidence_fragile,45 - 14,shared_keeper_capacity_high,shared_keeper_capacity_low,maximum_capacity_utilisation,128,-0.223090277778,0.018011171546,-0.258392174008,-0.187788381548,-0.144444444444,-0.503333333333,-0.422222222222,0,0,0,-0.577777777778,0,0,0,82
persistent_trough,confidence_fragile,45 - 14,shared_keeper_capacity_high,shared_keeper_capacity_low,maximum_attempts_one_hour,128,20.9609375,0.810502719572,19.3723521696,22.5495228304,24.5,8.35,12,31,31,31,5,31,1,128,0
persistent_trough,confidence_fragile,45 - 14,shared_keeper_capacity_high,shared_keeper_capacity_low,cumulative_debt_repaid_dai,128,0.809341346022,0.80934134604,-0.776967692217,2.39565038426,0,-2.32830643654e-10,-5.82076609135e-11,0,1.16415321827e-10,2.32830643654e-10,-6.98491930962e-10,103.595692293,0.2421875,31,38
persistent_trough,confidence_fragile,45 - 14,shared_keeper_capacity_high,shared_keeper_capacity_low,completed_liquidation_count,128,0.0390625,0.0390625,-0.0375,0.115625,0,0,0,0,0,0,0,5,0.0078125,1,0
persistent_trough,confidence_fragile,45 - 14,shared_keeper_capacity_high,shared_keeper_capacity_low,unresolved_vault_count,128,-0.0390625,0.0390625,-0.115625,0.0375,0,0,0,0,0,0,-5,0,0,0,1
persistent_trough,confidence_fragile,45 - 14,shared_keeper_capacity_high,shared_keeper_capacity_low,unresolved_tab_at_horizon_dai,128,-0.809341346041,0.809341346041,-2.39565038428,0.776967692199,0,0,0,0,0,0,-103.595692293,0,0,0,1
persistent_trough,confidence_fragile,45 - 14,shared_keeper_capacity_high,shared_keeper_capacity_low,maximum_backlog_duration,128,-19.515625,6.18021059503,-31.6288377663,-7.40241223375,-2,-48.6,-20,0,0,0,-666,0,0,0,66
persistent_trough,confidence_fragile,45 - 14,shared_keeper_capacity_high,shared_keeper_capacity_low,active_bad_debt_at_horizon_dai,128,0,0,0,0,0,0,0,0,0,0,0,0,0,0,0
persistent_trough,confidence_fragile,45 - 14,shared_keeper_capacity_high,shared_keeper_capacity_low,maximum_active_bad_debt_dai,128,-9.60773711476,5.72938588585,-20.837333451,1.62185922151,0,0,0,0,0,0,-570.244096192,0,0,0,3
persistent_trough,confidence_fragile,45 - 14,shared_keeper_capacity_high,shared_keeper_capacity_low,keeper_profit_dai,128,-34.8238470503,28.3909545885,-90.4701180438,20.8224239432,5.42206240555,-565.81001425,-91.5298635286,95.7600606983,266.533832449,345.645788757,-1894.47461162,673.403274653,0.5390625,69,57
persistent_trough,confidence_fragile,45 - 14,shared_keeper_capacity_high,shared_keeper_capacity_low,recovered_before_execution_count,128,0,0,0,0,0,0,0,0,0,0,0,0,0,0,0
persistent_trough,confidence_fragile,45 - 14,shared_keeper_capacity_high,shared_keeper_capacity_low,recovered_before_closure_count,128,0,0,0,0,0,0,0,0,0,0,0,0,0,0,0
persistent_trough,confidence_fragile,45 - 14,shared_keeper_capacity_high,shared_keeper_capacity_low,minimum_dai_price,128,0,0,0,0,0,0,0,0,0,0,0,0,0,0,0
persistent_trough,confidence_fragile,45 - 14,shared_keeper_capacity_high,shared_keeper_capacity_low,maximum_negative_peg_deviation,128,0,0,0,0,0,0,0,0,0,0,0,0,0,0,0
persistent_trough,confidence_fragile,45 - 14,shared_keeper_capacity_high,shared_keeper_capacity_low,mean_absolute_peg_deviation,128,0,0,0,0,0,0,0,0,0,0,0,0,0,0,0
persistent_trough,confidence_fragile,45 - 14,shared_keeper_capacity_high,shared_keeper_capacity_low,hours_below_0995,128,0,0,0,0,0,0,0,0,0,0,0,0,0,0,0
persistent_trough,confidence_fragile,45 - 14,shared_keeper_capacity_high,shared_keeper_capacity_low,hours_above_1005,128,0,0,0,0,0,0,0,0,0,0,0,0,0,0,0
persistent_trough,confidence_fragile,45 - 14,shared_keeper_capacity_high,shared_keeper_capacity_low,first_return_time,128,0,0,0,0,0,0,0,0,0,0,0,0,0,0,0
persistent_trough,confidence_fragile,45 - 14,shared_keeper_capacity_high,shared_keeper_capacity_low,failed_recovery_attempts,128,0,0,0,0,0,0,0,0,0,0,0,0,0,0,0
persistent_trough,confidence_fragile,45 - 14,shared_keeper_capacity_high,shared_keeper_capacity_low,recovery_probability_168h,128,0,0,0,0,0,0,0,0,0,0,0,0,0,0,0
persistent_trough,confidence_fragile,45 - 14,shared_keeper_capacity_high,shared_keeper_capacity_low,recovery_probability_336h,128,0,0,0,0,0,0,0,0,0,0,0,0,0,0,0
persistent_trough,confidence_fragile,45 - 14,shared_keeper_capacity_high,shared_keeper_capacity_low,recovery_probability_720h,128,0,0,0,0,0,0,0,0,0,0,0,0,0,0,0
persistent_trough,confidence_fragile,45 - 14,shared_keeper_capacity_high,shared_keeper_capacity_low,final_dai_price,128,0,0,0,0,0,0,0,0,0,0,0,0,0,0,0
persistent_trough,confidence_fragile,45 - 14,shared_keeper_capacity_high,shared_keeper_capacity_low,final_peg_band_status,128,0,0,0,0,0,0,0,0,0,0,0,0,0,0,0
persistent_trough,confidence_fragile,45 - 14,shared_keeper_capacity_high,shared_keeper_capacity_low,minimum_confidence,128,0,0,0,0,0,0,0,0,0,0,0,0,0,0,0
persistent_trough,confidence_fragile,45 - 14,shared_keeper_capacity_high,shared_keeper_capacity_low,mean_confidence_loss,128,0,0,0,0,0,0,0,0,0,0,0,0,0,0,0
persistent_trough,confidence_fragile,45 - 14,shared_keeper_capacity_high,shared_keeper_capacity_low,confidence_at_horizon,128,0,0,0,0,0,0,0,0,0,0,0,0,0,0,0
persistent_trough,confidence_fragile,45 - 14,shared_keeper_capacity_high,shared_keeper_capacity_low,hours_at_confidence_floor,128,0,0,0,0,0,0,0,0,0,0,0,0,0,0,0
persistent_trough,confidence_fragile,45 - 14,shared_keeper_capacity_high,shared_keeper_capacity_low,hours_recovery_gate_closed,128,0,0,0,0,0,0,0,0,0,0,0,0,0,0,0
persistent_trough,confidence_fragile,45 - 14,shared_keeper_capacity_high,shared_keeper_capacity_low,first_recovery_gate_open,128,0,0,0,0,0,0,0,0,0,0,0,0,0,0,0
persistent_trough,confidence_fragile,45 - 14,shared_keeper_capacity_high,shared_keeper_capacity_low,recovery_gate_reopenings,128,0,0,0,0,0,0,0,0,0,0,0,0,0,0,0
persistent_trough,confidence_fragile,45 - 14,shared_keeper_capacity_high,shared_keeper_capacity_low,cumulative_panic_contribution,128,0,0,0,0,0,0,0,0,0,0,0,0,0,0,0
persistent_trough,confidence_fragile,45 - 14,shared_keeper_capacity_high,shared_keeper_capacity_low,maximum_panic_contribution,128,0,0,0,0,0,0,0,0,0,0,0,0,0,0,0
full_week,stage1_only,26 - 14,shared_keeper_capacity_central,shared_keeper_capacity_low,backlog_area_dai_hours,128,-328324.007107,21982.9503461,-371410.589785,-285237.424428,-255792.727235,-766724.38653,-451791.3304,-149678.993144,-79249.0350548,-51578.3229692,-1361400.99408,0,0,0,126
full_week,stage1_only,26 - 14,shared_keeper_capacity_central,shared_keeper_capacity_low,maximum_unresolved_tab_dai,128,-2385.2206747,846.114797039,-4043.6056769,-726.835672501,0,-19564.7156667,0,0,0,0,-68362.5352775,0,0,0,10
full_week,stage1_only,26 - 14,shared_keeper_capacity_central,shared_keeper_capacity_low,cumulative_realised_bad_debt_dai,128,2.20918600209e-14,1.08430422044e-14,8.39497300251e-16,4.33442227415e-14,0,-1.33146269407e-13,-3.25402266101e-16,6.42544423586e-14,1.2975063013e-13,1.73177535473e-13,-6.37655219391e-13,5.751202557e-13,0.359375,46,35
full_week,stage1_only,26 - 14,shared_keeper_capacity_central,shared_keeper_capacity_low,below_peg_burden,128,0,0,0,0,0,0,0,0,0,0,0,0,0,0,0
full_week,stage1_only,26 - 14,shared_keeper_capacity_central,shared_keeper_capacity_low,restricted_mean_recovery_time,128,0,0,0,0,0,0,0,0,0,0,0,0,0,0,0
full_week,stage1_only,26 - 14,shared_keeper_capacity_central,shared_keeper_capacity_low,unsafe_vault_count,128,0,0,0,0,0,0,0,0,0,0,0,0,0,0,0
full_week,stage1_only,26 - 14,shared_keeper_capacity_central,shared_keeper_capacity_low,peak_unsafe_share,128,0,0,0,0,0,0,0,0,0,0,0,0,0,0,0
full_week,stage1_only,26 - 14,shared_keeper_capacity_central,shared_keeper_capacity_low,newly_unsafe_count,128,0,0,0,0,0,0,0,0,0,0,0,0,0,0,0
full_week,stage1_only,26 - 14,shared_keeper_capacity_central,shared_keeper_capacity_low,cumulative_arrival_count,128,-18.3125,2.76262648016,-23.7272479011,-12.8977520989,0,-90.65,-24.25,0,0,0,-157,0,0,0,56
full_week,stage1_only,26 - 14,shared_keeper_capacity_central,shared_keeper_capacity_low,cumulative_attempts,128,14.4375,1.20824706679,12.0693357491,16.8056642509,12,-4,5,20.25,32,44,-18,56,0.8828125,113,10
full_week,stage1_only,26 - 14,shared_keeper_capacity_central,shared_keeper_capacity_low,cumulative_successful_closures,128,5.96875,0.409792999766,5.16555572046,6.77194427954,5,0,2.75,8,13,14.65,0,21,0.921875,118,0
full_week,stage1_only,26 - 14,shared_keeper_capacity_central,shared_keeper_capacity_low,cumulative_capacity_rejected,128,-34.0625,1.47880157041,-36.960951078,-31.164048922,-31,-59.3,-45,-23,-16,-10.35,-98,0,0,0,127
full_week,stage1_only,26 - 14,shared_keeper_capacity_central,shared_keeper_capacity_low,cumulative_unprofitable_attempts,128,8.46875,1.31447580474,5.89237742271,11.0451225773,4,-10.65,0,18,28.3,38.65,-22,56,0.640625,82,28
full_week,stage1_only,26 - 14,shared_keeper_capacity_central,shared_keeper_capacity_low,binding_hours,128,-3.1640625,0.129722477733,-3.41831855636,-2.90980644364,-3,-5.65,-4,-2,-1,-1,-7,0,0,0,123
full_week,stage1_only,26 - 14,shared_keeper_capacity_central,shared_keeper_capacity_low,positive_demand_hours,128,-1.8828125,0.276992844927,-2.42571847606,-1.33990652394,0,-9,-2,0,0,0,-16,0,0,0,56
full_week,stage1_only,26 - 14,shared_keeper_capacity_central,shared_keeper_capacity_low,mean_capacity_utilisation,128,-0.141174949491,0.00497752796801,-0.150930904308,-0.131418994673,-0.150276833141,-0.219599426309,-0.175529827316,-0.119337558993,-0.0672740900074,-0.0141433566434,-0.251526251526,0.0391844997108,0.0390625,5,123
full_week,stage1_only,26 - 14,shared_keeper_capacity_central,shared_keeper_capacity_low,maximum_capacity_utilisation,128,-0.0456730769231,0.00765233690747,-0.0606716572617,-0.0306744965844,0,-0.230769230769,-0.0769230769231,0,0,0,-0.461538461538,0,0,0,37
full_week,stage1_only,26 - 14,shared_keeper_capacity_central,shared_keeper_capacity_low,maximum_attempts_one_hour,128,10.8125,0.198960759594,10.4225369112,11.2024630888,12,6,10,12,12,12,0,12,0.9921875,127,0
full_week,stage1_only,26 - 14,shared_keeper_capacity_central,shared_keeper_capacity_low,cumulative_debt_repaid_dai,128,1634.9451995,157.53666734,1326.17333151,1943.71706749,1137.55573222,5.82076609135e-11,308.60235133,2297.79919276,4040.20309962,5094.89257952,-1.16415321827e-10,12065.773012,0.953125,122,2
full_week,stage1_only,26 - 14,shared_keeper_capacity_central,shared_keeper_capacity_low,completed_liquidation_count,128,5.96875,0.409792999766,5.16555572046,6.77194427954,5,0,2.75,8,13,14.65,0,21,0.921875,118,0
full_week,stage1_only,26 - 14,shared_keeper_capacity_central,shared_keeper_capacity_low,unresolved_vault_count,128,0,0,0,0,0,0,0,0,0,0,0,0,0,0,0
full_week,stage1_only,26 - 14,shared_keeper_capacity_central,shared_keeper_capacity_low,unresolved_tab_at_horizon_dai,128,0,0,0,0,0,0,0,0,0,0,0,0,0,0,0
full_week,stage1_only,26 - 14,shared_keeper_capacity_central,shared_keeper_capacity_low,maximum_backlog_duration,128,-5.4296875,0.866712978457,-7.12844493778,-3.73093006222,0,-27,-6.25,0,0,0,-52,0,0,0,54
full_week,stage1_only,26 - 14,shared_keeper_capacity_central,shared_keeper_capacity_low,active_bad_debt_at_horizon_dai,128,0,0,0,0,0,0,0,0,0,0,0,0,0,0,0
full_week,stage1_only,26 - 14,shared_keeper_capacity_central,shared_keeper_capacity_low,maximum_active_bad_debt_dai,128,-6.74149105559,4.99147190537,-16.5247759901,3.04179387893,0,0,0,0,0,0,-570.244096192,0,0,0,2
full_week,stage1_only,26 - 14,shared_keeper_capacity_central,shared_keeper_capacity_low,keeper_profit_dai,128,157.381564404,24.8715582031,108.633310326,206.129818482,113.918747302,-245.615042822,6.18507592093,304.222674271,503.29082411,627.35395104,-513.57962399,1567.74101809,0.75,96,30
full_week,stage1_only,26 - 14,shared_keeper_capacity_central,shared_keeper_capacity_low,recovered_before_execution_count,128,-7.3203125,0.41278378358,-8.12936871582,-6.51125628418,-7,-15,-10,-4,-2,-1,-23,0,0,0,124
full_week,stage1_only,26 - 14,shared_keeper_capacity_central,shared_keeper_capacity_low,recovered_before_closure_count,128,-5.96875,0.409792999766,-6.77194427954,-5.16555572046,-5,-14.65,-8,-2.75,-1,0,-21,0,0,0,118
full_week,stage1_only,26 - 14,shared_keeper_capacity_central,shared_keeper_capacity_low,minimum_dai_price,128,0,0,0,0,0,0,0,0,0,0,0,0,0,0,0
full_week,stage1_only,26 - 14,shared_keeper_capacity_central,shared_keeper_capacity_low,maximum_negative_peg_deviation,128,0,0,0,0,0,0,0,0,0,0,0,0,0,0,0
full_week,stage1_only,26 - 14,shared_keeper_capacity_central,shared_keeper_capacity_low,mean_absolute_peg_deviation,128,0,0,0,0,0,0,0,0,0,0,0,0,0,0,0
full_week,stage1_only,26 - 14,shared_keeper_capacity_central,shared_keeper_capacity_low,hours_below_0995,128,0,0,0,0,0,0,0,0,0,0,0,0,0,0,0
full_week,stage1_only,26 - 14,shared_keeper_capacity_central,shared_keeper_capacity_low,hours_above_1005,128,0,0,0,0,0,0,0,0,0,0,0,0,0,0,0
full_week,stage1_only,26 - 14,shared_keeper_capacity_central,shared_keeper_capacity_low,first_return_time,128,0,0,0,0,0,0,0,0,0,0,0,0,0,0,0
full_week,stage1_only,26 - 14,shared_keeper_capacity_central,shared_keeper_capacity_low,failed_recovery_attempts,128,0,0,0,0,0,0,0,0,0,0,0,0,0,0,0
full_week,stage1_only,26 - 14,shared_keeper_capacity_central,shared_keeper_capacity_low,recovery_probability_168h,128,0,0,0,0,0,0,0,0,0,0,0,0,0,0,0
full_week,stage1_only,26 - 14,shared_keeper_capacity_central,shared_keeper_capacity_low,recovery_probability_336h,128,0,0,0,0,0,0,0,0,0,0,0,0,0,0,0
full_week,stage1_only,26 - 14,shared_keeper_capacity_central,shared_keeper_capacity_low,recovery_probability_720h,128,0,0,0,0,0,0,0,0,0,0,0,0,0,0,0
full_week,stage1_only,26 - 14,shared_keeper_capacity_central,shared_keeper_capacity_low,final_dai_price,128,0,0,0,0,0,0,0,0,0,0,0,0,0,0,0
full_week,stage1_only,26 - 14,shared_keeper_capacity_central,shared_keeper_capacity_low,final_peg_band_status,128,0,0,0,0,0,0,0,0,0,0,0,0,0,0,0
full_week,stage1_only,26 - 14,shared_keeper_capacity_central,shared_keeper_capacity_low,minimum_confidence,128,0,0,0,0,0,0,0,0,0,0,0,0,0,0,0
full_week,stage1_only,26 - 14,shared_keeper_capacity_central,shared_keeper_capacity_low,mean_confidence_loss,128,0,0,0,0,0,0,0,0,0,0,0,0,0,0,0
full_week,stage1_only,26 - 14,shared_keeper_capacity_central,shared_keeper_capacity_low,confidence_at_horizon,128,0,0,0,0,0,0,0,0,0,0,0,0,0,0,0
full_week,stage1_only,26 - 14,shared_keeper_capacity_central,shared_keeper_capacity_low,hours_at_confidence_floor,128,0,0,0,0,0,0,0,0,0,0,0,0,0,0,0
full_week,stage1_only,26 - 14,shared_keeper_capacity_central,shared_keeper_capacity_low,hours_recovery_gate_closed,128,0,0,0,0,0,0,0,0,0,0,0,0,0,0,0
full_week,stage1_only,26 - 14,shared_keeper_capacity_central,shared_keeper_capacity_low,first_recovery_gate_open,128,0,0,0,0,0,0,0,0,0,0,0,0,0,0,0
full_week,stage1_only,26 - 14,shared_keeper_capacity_central,shared_keeper_capacity_low,recovery_gate_reopenings,128,0,0,0,0,0,0,0,0,0,0,0,0,0,0,0
full_week,stage1_only,26 - 14,shared_keeper_capacity_central,shared_keeper_capacity_low,cumulative_panic_contribution,128,0,0,0,0,0,0,0,0,0,0,0,0,0,0,0
full_week,stage1_only,26 - 14,shared_keeper_capacity_central,shared_keeper_capacity_low,maximum_panic_contribution,128,0,0,0,0,0,0,0,0,0,0,0,0,0,0,0
full_week,stage1_only,45 - 26,shared_keeper_capacity_high,shared_keeper_capacity_central,backlog_area_dai_hours,128,-61854.0931207,9909.10424731,-81275.9374454,-42432.248796,-3669.60609071,-316815.786517,-63718.6643449,0,0,0,-498119.578513,0,0,0,70
full_week,stage1_only,45 - 26,shared_keeper_capacity_high,shared_keeper_capacity_central,maximum_unresolved_tab_dai,128,-447.299844099,333.324789902,-1100.61643231,206.016744109,0,0,0,0,0,0,-38443.1844578,0,0,0,2
full_week,stage1_only,45 - 26,shared_keeper_capacity_high,shared_keeper_capacity_central,cumulative_realised_bad_debt_dai,128,-3.38497288852e-15,4.64753572989e-15,-1.24941429191e-14,5.72419714207e-15,0,-8.26439409024e-14,0,0,0,3.21674453161e-14,-3.84527373091e-13,2.228682931e-13,0.078125,10,17
full_week,stage1_only,45 - 26,shared_keeper_capacity_high,shared_keeper_capacity_central,below_peg_burden,128,0,0,0,0,0,0,0,0,0,0,0,0,0,0,0
full_week,stage1_only,45 - 26,shared_keeper_capacity_high,shared_keeper_capacity_central,restricted_mean_recovery_time,128,0,0,0,0,0,0,0,0,0,0,0,0,0,0,0
full_week,stage1_only,45 - 26,shared_keeper_capacity_high,shared_keeper_capacity_central,unsafe_vault_count,128,0,0,0,0,0,0,0,0,0,0,0,0,0,0,0
full_week,stage1_only,45 - 26,shared_keeper_capacity_high,shared_keeper_capacity_central,peak_unsafe_share,128,0,0,0,0,0,0,0,0,0,0,0,0,0,0,0
full_week,stage1_only,45 - 26,shared_keeper_capacity_high,shared_keeper_capacity_central,newly_unsafe_count,128,0,0,0,0,0,0,0,0,0,0,0,0,0,0,0
full_week,stage1_only,45 - 26,shared_keeper_capacity_high,shared_keeper_capacity_central,cumulative_arrival_count,128,-5.0859375,2.03663625186,-9.07774455366,-1.09413044634,0,-23,0,0,0,0,-232,0,0,0,16
full_week,stage1_only,45 - 26,shared_keeper_capacity_high,shared_keeper_capacity_central,cumulative_attempts,128,5.46875,0.859675815283,3.78378540205,7.15371459795,1,-0.65,0,10,19,19.65,-25,51,0.515625,66,7
full_week,stage1_only,45 - 26,shared_keeper_capacity_high,shared_keeper_capacity_central,cumulative_successful_closures,128,1.7265625,0.255528161284,1.22572730388,2.22739769612,0,0,0,2,6,8,0,14,0.390625,50,0
full_week,stage1_only,45 - 26,shared_keeper_capacity_high,shared_keeper_capacity_central,cumulative_capacity_rejected,128,-10.4453125,1.05331594619,-12.5098117545,-8.38081324547,-4.5,-33.3,-19,0,0,0,-51,0,0,0,81
full_week,stage1_only,45 - 26,shared_keeper_capacity_high,shared_keeper_capacity_central,cumulative_unprofitable_attempts,128,3.7421875,0.844683327024,2.08660817903,5.39776682097,0,-2.65,0,6.25,17,19,-31,49,0.390625,50,14
full_week,stage1_only,45 - 26,shared_keeper_capacity_high,shared_keeper_capacity_central,binding_hours,128,-0.7890625,0.0781588263384,-0.942253799623,-0.635871200377,-1,-2,-1,0,0,0,-4,0,0,0,69
full_week,stage1_only,45 - 26,shared_keeper_capacity_high,shared_keeper_capacity_central,positive_demand_hours,128,-0.421875,0.170256788096,-0.755578304668,-0.0881716953321,0,-2,0,0,0,0,-20,0,0,0,16
full_week,stage1_only,45 - 26,shared_keeper_capacity_high,shared_keeper_capacity_central,mean_capacity_utilisation,128,-0.110595474138,0.0034648109709,-0.117386503641,-0.103804444635,-0.104344729345,-0.185144641683,-0.128876678877,-0.0882487610429,-0.0775241606614,-0.0635320330192,-0.216837606838,0.0903418803419,0.0078125,1,127
full_week,stage1_only,45 - 26,shared_keeper_capacity_high,shared_keeper_capacity_central,maximum_capacity_utilisation,128,-0.212139423077,0.0155280540935,-0.2425744091,-0.181704437054,-0.271367521368,-0.422222222222,-0.377777777778,0,0,0,-0.422222222222,0,0,0,84
full_week,stage1_only,45 - 26,shared_keeper_capacity_high,shared_keeper_capacity_central,maximum_attempts_one_hour,128,8.5859375,0.764502770557,7.08751206971,10.0843629303,2,0,0,19,19,19,0,19,0.6328125,81,0
full_week,stage1_only,45 - 26,shared_keeper_capacity_high,shared_keeper_capacity_central,cumulative_debt_repaid_dai,128,341.51488184,57.5563003553,228.704533143,454.325230536,0,0,0,522.284749551,1111.21230595,1483.10778004,-2.32830643654e-10,4308.76576705,0.4296875,55,6
full_week,stage1_only,45 - 26,shared_keeper_capacity_high,shared_keeper_capacity_central,completed_liquidation_count,128,1.7265625,0.255528161284,1.22572730388,2.22739769612,0,0,0,2,6,8,0,14,0.390625,50,0
full_week,stage1_only,45 - 26,shared_keeper_capacity_high,shared_keeper_capacity_central,unresolved_vault_count,128,0,0,0,0,0,0,0,0,0,0,0,0,0,0,0
full_week,stage1_only,45 - 26,shared_keeper_capacity_high,shared_keeper_capacity_central,unresolved_tab_at_horizon_dai,128,0,0,0,0,0,0,0,0,0,0,0,0,0,0,0
full_week,stage1_only,45 - 26,shared_keeper_capacity_high,shared_keeper_capacity_central,maximum_backlog_duration,128,-1.28125,0.464134097151,-2.19095283042,-0.371547169585,0,-8.3,0,0,0,0,-52,0,0,0,17
full_week,stage1_only,45 - 26,shared_keeper_capacity_high,shared_keeper_capacity_central,active_bad_debt_at_horizon_dai,128,0,0,0,0,0,0,0,0,0,0,0,0,0,0,0
full_week,stage1_only,45 - 26,shared_keeper_capacity_high,shared_keeper_capacity_central,maximum_active_bad_debt_dai,128,-2.86624605916,2.86624605916,-8.48408833513,2.7515962168,0,0,0,0,0,0,-366.879495573,0,0,0,1
full_week,stage1_only,45 - 26,shared_keeper_capacity_high,shared_keeper_capacity_central,keeper_profit_dai,128,15.5478671401,16.6426273157,-17.0716823987,48.1674166788,0,-143.687193546,0,44.122226078,148.421248106,247.324135457,-1385.18777184,667.482244999,0.359375,46,24
full_week,stage1_only,45 - 26,shared_keeper_capacity_high,shared_keeper_capacity_central,recovered_before_execution_count,128,-2.40625,0.320217211436,-3.03387573442,-1.77862426558,0,-10,-4,0,0,0,-16,0,0,0,61
full_week,stage1_only,45 - 26,shared_keeper_capacity_high,shared_keeper_capacity_central,recovered_before_closure_count,128,-1.7265625,0.255528161284,-2.22739769612,-1.22572730388,0,-8,-2,0,0,0,-14,0,0,0,50
full_week,stage1_only,45 - 26,shared_keeper_capacity_high,shared_keeper_capacity_central,minimum_dai_price,128,0,0,0,0,0,0,0,0,0,0,0,0,0,0,0
full_week,stage1_only,45 - 26,shared_keeper_capacity_high,shared_keeper_capacity_central,maximum_negative_peg_deviation,128,0,0,0,0,0,0,0,0,0,0,0,0,0,0,0
full_week,stage1_only,45 - 26,shared_keeper_capacity_high,shared_keeper_capacity_central,mean_absolute_peg_deviation,128,0,0,0,0,0,0,0,0,0,0,0,0,0,0,0
full_week,stage1_only,45 - 26,shared_keeper_capacity_high,shared_keeper_capacity_central,hours_below_0995,128,0,0,0,0,0,0,0,0,0,0,0,0,0,0,0
full_week,stage1_only,45 - 26,shared_keeper_capacity_high,shared_keeper_capacity_central,hours_above_1005,128,0,0,0,0,0,0,0,0,0,0,0,0,0,0,0
full_week,stage1_only,45 - 26,shared_keeper_capacity_high,shared_keeper_capacity_central,first_return_time,128,0,0,0,0,0,0,0,0,0,0,0,0,0,0,0
full_week,stage1_only,45 - 26,shared_keeper_capacity_high,shared_keeper_capacity_central,failed_recovery_attempts,128,0,0,0,0,0,0,0,0,0,0,0,0,0,0,0
full_week,stage1_only,45 - 26,shared_keeper_capacity_high,shared_keeper_capacity_central,recovery_probability_168h,128,0,0,0,0,0,0,0,0,0,0,0,0,0,0,0
full_week,stage1_only,45 - 26,shared_keeper_capacity_high,shared_keeper_capacity_central,recovery_probability_336h,128,0,0,0,0,0,0,0,0,0,0,0,0,0,0,0
full_week,stage1_only,45 - 26,shared_keeper_capacity_high,shared_keeper_capacity_central,recovery_probability_720h,128,0,0,0,0,0,0,0,0,0,0,0,0,0,0,0
full_week,stage1_only,45 - 26,shared_keeper_capacity_high,shared_keeper_capacity_central,final_dai_price,128,0,0,0,0,0,0,0,0,0,0,0,0,0,0,0
full_week,stage1_only,45 - 26,shared_keeper_capacity_high,shared_keeper_capacity_central,final_peg_band_status,128,0,0,0,0,0,0,0,0,0,0,0,0,0,0,0
full_week,stage1_only,45 - 26,shared_keeper_capacity_high,shared_keeper_capacity_central,minimum_confidence,128,0,0,0,0,0,0,0,0,0,0,0,0,0,0,0
full_week,stage1_only,45 - 26,shared_keeper_capacity_high,shared_keeper_capacity_central,mean_confidence_loss,128,0,0,0,0,0,0,0,0,0,0,0,0,0,0,0
full_week,stage1_only,45 - 26,shared_keeper_capacity_high,shared_keeper_capacity_central,confidence_at_horizon,128,0,0,0,0,0,0,0,0,0,0,0,0,0,0,0
full_week,stage1_only,45 - 26,shared_keeper_capacity_high,shared_keeper_capacity_central,hours_at_confidence_floor,128,0,0,0,0,0,0,0,0,0,0,0,0,0,0,0
full_week,stage1_only,45 - 26,shared_keeper_capacity_high,shared_keeper_capacity_central,hours_recovery_gate_closed,128,0,0,0,0,0,0,0,0,0,0,0,0,0,0,0
full_week,stage1_only,45 - 26,shared_keeper_capacity_high,shared_keeper_capacity_central,first_recovery_gate_open,128,0,0,0,0,0,0,0,0,0,0,0,0,0,0,0
full_week,stage1_only,45 - 26,shared_keeper_capacity_high,shared_keeper_capacity_central,recovery_gate_reopenings,128,0,0,0,0,0,0,0,0,0,0,0,0,0,0,0
full_week,stage1_only,45 - 26,shared_keeper_capacity_high,shared_keeper_capacity_central,cumulative_panic_contribution,128,0,0,0,0,0,0,0,0,0,0,0,0,0,0,0
full_week,stage1_only,45 - 26,shared_keeper_capacity_high,shared_keeper_capacity_central,maximum_panic_contribution,128,0,0,0,0,0,0,0,0,0,0,0,0,0,0,0
full_week,stage1_only,45 - 14,shared_keeper_capacity_high,shared_keeper_capacity_low,backlog_area_dai_hours,128,-390178.100227,28110.5955584,-445274.867522,-335081.332933,-283182.286885,-1010102.22986,-558644.32099,-165263.485156,-84500.4225402,-55573.0820481,-1487060.77191,0,0,0,126
full_week,stage1_only,45 - 14,shared_keeper_capacity_high,shared_keeper_capacity_low,maximum_unresolved_tab_dai,128,-2832.5205188,1088.7773247,-4966.52407522,-698.516962376,0,-19564.7156667,0,0,0,0,-106805.719735,0,0,0,10
full_week,stage1_only,45 - 14,shared_keeper_capacity_high,shared_keeper_capacity_low,cumulative_realised_bad_debt_dai,128,1.87068871324e-14,1.06205627469e-14,-2.10941585158e-15,3.95231901163e-14,0,-1.33146269407e-13,-6.59983858618e-16,6.24147657052e-14,1.2975063013e-13,1.93601816507e-13,-6.37655219391e-13,5.751202557e-13,0.359375,46,38
full_week,stage1_only,45 - 14,shared_keeper_capacity_high,shared_keeper_capacity_low,below_peg_burden,128,0,0,0,0,0,0,0,0,0,0,0,0,0,0,0
full_week,stage1_only,45 - 14,shared_keeper_capacity_high,shared_keeper_capacity_low,restricted_mean_recovery_time,128,0,0,0,0,0,0,0,0,0,0,0,0,0,0,0
full_week,stage1_only,45 - 14,shared_keeper_capacity_high,shared_keeper_capacity_low,unsafe_vault_count,128,0,0,0,0,0,0,0,0,0,0,0,0,0,0,0
full_week,stage1_only,45 - 14,shared_keeper_capacity_high,shared_keeper_capacity_low,peak_unsafe_share,128,0,0,0,0,0,0,0,0,0,0,0,0,0,0,0
full_week,stage1_only,45 - 14,shared_keeper_capacity_high,shared_keeper_capacity_low,newly_unsafe_count,128,0,0,0,0,0,0,0,0,0,0,0,0,0,0,0
full_week,stage1_only,45 - 14,shared_keeper_capacity_high,shared_keeper_capacity_low,cumulative_arrival_count,128,-23.3984375,3.40116968076,-30.0647300743,-16.7321449257,0,-95.6,-37,0,0,0,-232,0,0,0,59
full_week,stage1_only,45 - 14,shared_keeper_capacity_high,shared_keeper_capacity_low,cumulative_attempts,128,19.90625,1.73518892284,16.5052797112,23.3072202888,17,-4.65,7,26.25,45,56.95,-18,95,0.890625,114,10
full_week,stage1_only,45 - 14,shared_keeper_capacity_high,shared_keeper_capacity_low,cumulative_successful_closures,128,7.6953125,0.523507274407,6.66923824216,8.72138675784,7,0,3,11,16,19,0,30,0.9296875,119,0
full_week,stage1_only,45 - 14,shared_keeper_capacity_high,shared_keeper_capacity_low,cumulative_capacity_rejected,128,-44.5078125,2.23102773529,-48.8806268612,-40.1349981388,-40.5,-93.65,-59,-25.75,-17,-10.35,-136,0,0,0,127
full_week,stage1_only,45 - 14,shared_keeper_capacity_high,shared_keeper_capacity_low,cumulative_unprofitable_attempts,128,12.2109375,1.80845334117,8.66636895131,15.7555060487,6.5,-9.65,0,20.25,42.3,50.65,-25,87,0.625,80,28
full_week,stage1_only,45 - 14,shared_keeper_capacity_high,shared_keeper_capacity_low,binding_hours,128,-3.953125,0.133960057932,-4.21568671355,-3.69056328645,-4,-6,-5,-3,-2,-2,-9,0,0,0,126
full_week,stage1_only,45 - 14,shared_keeper_capacity_high,shared_keeper_capacity_low,positive_demand_hours,128,-2.3046875,0.324628534258,-2.94095942715,-1.66841557285,0,-9,-3,0,0,0,-20,0,0,0,59
full_week,stage1_only,45 - 14,shared_keeper_capacity_high,shared_keeper_capacity_low,mean_capacity_utilisation,128,-0.251770423629,0.00536117227989,-0.262278321297,-0.24126252596,-0.247685185185,-0.356871362434,-0.292881944444,-0.213684807256,-0.181774248161,-0.164470646313,-0.404081632653,-0.0526984126984,0,0,128
full_week,stage1_only,45 - 14,shared_keeper_capacity_high,shared_keeper_capacity_low,maximum_capacity_utilisation,128,-0.2578125,0.0196840934953,-0.296393323251,-0.219231676749,-0.377777777778,-0.555555555556,-0.466666666667,0,0,0,-0.688888888889,0,0,0,84
full_week,stage1_only,45 - 14,shared_keeper_capacity_high,shared_keeper_capacity_low,maximum_attempts_one_hour,128,19.3984375,0.885784207287,17.6623004537,21.1345745463,14,6,10,31,31,31,0,31,0.9921875,127,0
full_week,stage1_only,45 - 14,shared_keeper_capacity_high,shared_keeper_capacity_low,cumulative_debt_repaid_dai,128,1976.46008134,174.014065218,1635.39251351,2317.52764917,1443.33974466,1.16415321827e-10,468.594508741,2984.62146245,4681.76772187,5510.80199089,-1.16415321827e-10,12065.773012,0.9609375,123,2
full_week,stage1_only,45 - 14,shared_keeper_capacity_high,shared_keeper_capacity_low,completed_liquidation_count,128,7.6953125,0.523507274407,6.66923824216,8.72138675784,7,0,3,11,16,19,0,30,0.9296875,119,0
full_week,stage1_only,45 - 14,shared_keeper_capacity_high,shared_keeper_capacity_low,unresolved_vault_count,128,0,0,0,0,0,0,0,0,0,0,0,0,0,0,0
full_week,stage1_only,45 - 14,shared_keeper_capacity_high,shared_keeper_capacity_low,unresolved_tab_at_horizon_dai,128,0,0,0,0,0,0,0,0,0,0,0,0,0,0,0
full_week,stage1_only,45 - 14,shared_keeper_capacity_high,shared_keeper_capacity_low,maximum_backlog_duration,128,-6.7109375,0.975912677499,-8.6237263479,-4.7981486521,0,-27.65,-8.25,0,0,0,-52,0,0,0,59
full_week,stage1_only,45 - 14,shared_keeper_capacity_high,shared_keeper_capacity_low,active_bad_debt_at_horizon_dai,128,0,0,0,0,0,0,0,0,0,0,0,0,0,0,0
full_week,stage1_only,45 - 14,shared_keeper_capacity_high,shared_keeper_capacity_low,maximum_active_bad_debt_dai,128,-9.60773711476,5.72938588585,-20.837333451,1.62185922151,0,0,0,0,0,0,-570.244096192,0,0,0,3
full_week,stage1_only,45 - 14,shared_keeper_capacity_high,shared_keeper_capacity_low,keeper_profit_dai,128,172.929431544,32.3672009687,109.489717646,236.369145443,127.135153975,-270.718880131,24.1058896032,369.276378415,601.675104435,733.901892265,-1556.69963645,1567.74101809,0.7734375,99,27
full_week,stage1_only,45 - 14,shared_keeper_capacity_high,shared_keeper_capacity_low,recovered_before_execution_count,128,-9.7265625,0.557001211732,-10.818284875,-8.63484012501,-8,-20.65,-14,-5.75,-2,-1,-28,0,0,0,124
full_week,stage1_only,45 - 14,shared_keeper_capacity_high,shared_keeper_capacity_low,recovered_before_closure_count,128,-7.6953125,0.523507274407,-8.72138675784,-6.66923824216,-7,-19,-11,-3,-1,0,-30,0,0,0,119
full_week,stage1_only,45 - 14,shared_keeper_capacity_high,shared_keeper_capacity_low,minimum_dai_price,128,0,0,0,0,0,0,0,0,0,0,0,0,0,0,0
full_week,stage1_only,45 - 14,shared_keeper_capacity_high,shared_keeper_capacity_low,maximum_negative_peg_deviation,128,0,0,0,0,0,0,0,0,0,0,0,0,0,0,0
full_week,stage1_only,45 - 14,shared_keeper_capacity_high,shared_keeper_capacity_low,mean_absolute_peg_deviation,128,0,0,0,0,0,0,0,0,0,0,0,0,0,0,0
full_week,stage1_only,45 - 14,shared_keeper_capacity_high,shared_keeper_capacity_low,hours_below_0995,128,0,0,0,0,0,0,0,0,0,0,0,0,0,0,0
full_week,stage1_only,45 - 14,shared_keeper_capacity_high,shared_keeper_capacity_low,hours_above_1005,128,0,0,0,0,0,0,0,0,0,0,0,0,0,0,0
full_week,stage1_only,45 - 14,shared_keeper_capacity_high,shared_keeper_capacity_low,first_return_time,128,0,0,0,0,0,0,0,0,0,0,0,0,0,0,0
full_week,stage1_only,45 - 14,shared_keeper_capacity_high,shared_keeper_capacity_low,failed_recovery_attempts,128,0,0,0,0,0,0,0,0,0,0,0,0,0,0,0
full_week,stage1_only,45 - 14,shared_keeper_capacity_high,shared_keeper_capacity_low,recovery_probability_168h,128,0,0,0,0,0,0,0,0,0,0,0,0,0,0,0
full_week,stage1_only,45 - 14,shared_keeper_capacity_high,shared_keeper_capacity_low,recovery_probability_336h,128,0,0,0,0,0,0,0,0,0,0,0,0,0,0,0
full_week,stage1_only,45 - 14,shared_keeper_capacity_high,shared_keeper_capacity_low,recovery_probability_720h,128,0,0,0,0,0,0,0,0,0,0,0,0,0,0,0
full_week,stage1_only,45 - 14,shared_keeper_capacity_high,shared_keeper_capacity_low,final_dai_price,128,0,0,0,0,0,0,0,0,0,0,0,0,0,0,0
full_week,stage1_only,45 - 14,shared_keeper_capacity_high,shared_keeper_capacity_low,final_peg_band_status,128,0,0,0,0,0,0,0,0,0,0,0,0,0,0,0
full_week,stage1_only,45 - 14,shared_keeper_capacity_high,shared_keeper_capacity_low,minimum_confidence,128,0,0,0,0,0,0,0,0,0,0,0,0,0,0,0
full_week,stage1_only,45 - 14,shared_keeper_capacity_high,shared_keeper_capacity_low,mean_confidence_loss,128,0,0,0,0,0,0,0,0,0,0,0,0,0,0,0
full_week,stage1_only,45 - 14,shared_keeper_capacity_high,shared_keeper_capacity_low,confidence_at_horizon,128,0,0,0,0,0,0,0,0,0,0,0,0,0,0,0
full_week,stage1_only,45 - 14,shared_keeper_capacity_high,shared_keeper_capacity_low,hours_at_confidence_floor,128,0,0,0,0,0,0,0,0,0,0,0,0,0,0,0
full_week,stage1_only,45 - 14,shared_keeper_capacity_high,shared_keeper_capacity_low,hours_recovery_gate_closed,128,0,0,0,0,0,0,0,0,0,0,0,0,0,0,0
full_week,stage1_only,45 - 14,shared_keeper_capacity_high,shared_keeper_capacity_low,first_recovery_gate_open,128,0,0,0,0,0,0,0,0,0,0,0,0,0,0,0
full_week,stage1_only,45 - 14,shared_keeper_capacity_high,shared_keeper_capacity_low,recovery_gate_reopenings,128,0,0,0,0,0,0,0,0,0,0,0,0,0,0,0
full_week,stage1_only,45 - 14,shared_keeper_capacity_high,shared_keeper_capacity_low,cumulative_panic_contribution,128,0,0,0,0,0,0,0,0,0,0,0,0,0,0,0
full_week,stage1_only,45 - 14,shared_keeper_capacity_high,shared_keeper_capacity_low,maximum_panic_contribution,128,0,0,0,0,0,0,0,0,0,0,0,0,0,0,0
full_week,confidence_resilient,26 - 14,shared_keeper_capacity_central,shared_keeper_capacity_low,backlog_area_dai_hours,128,-328324.007107,21982.9503461,-371410.589785,-285237.424428,-255792.727235,-766724.38653,-451791.3304,-149678.993144,-79249.0350548,-51578.3229692,-1361400.99408,0,0,0,126
full_week,confidence_resilient,26 - 14,shared_keeper_capacity_central,shared_keeper_capacity_low,maximum_unresolved_tab_dai,128,-2385.2206747,846.114797039,-4043.6056769,-726.835672501,0,-19564.7156667,0,0,0,0,-68362.5352775,0,0,0,10
full_week,confidence_resilient,26 - 14,shared_keeper_capacity_central,shared_keeper_capacity_low,cumulative_realised_bad_debt_dai,128,2.20918600209e-14,1.08430422044e-14,8.39497300251e-16,4.33442227415e-14,0,-1.33146269407e-13,-3.25402266101e-16,6.42544423586e-14,1.2975063013e-13,1.73177535473e-13,-6.37655219391e-13,5.751202557e-13,0.359375,46,35
full_week,confidence_resilient,26 - 14,shared_keeper_capacity_central,shared_keeper_capacity_low,below_peg_burden,128,-0.0690429449867,0.0429443101439,-0.153213792869,0.0151279028954,0,-0.00699326032904,0,0,0,0,-4.82727901778,0,0,0,10
full_week,confidence_resilient,26 - 14,shared_keeper_capacity_central,shared_keeper_capacity_low,restricted_mean_recovery_time,128,0,0,0,0,0,0,0,0,0,0,0,0,0,0,0
full_week,confidence_resilient,26 - 14,shared_keeper_capacity_central,shared_keeper_capacity_low,unsafe_vault_count,128,0,0,0,0,0,0,0,0,0,0,0,0,0,0,0
full_week,confidence_resilient,26 - 14,shared_keeper_capacity_central,shared_keeper_capacity_low,peak_unsafe_share,128,0,0,0,0,0,0,0,0,0,0,0,0,0,0,0
full_week,confidence_resilient,26 - 14,shared_keeper_capacity_central,shared_keeper_capacity_low,newly_unsafe_count,128,0,0,0,0,0,0,0,0,0,0,0,0,0,0,0
full_week,confidence_resilient,26 - 14,shared_keeper_capacity_central,shared_keeper_capacity_low,cumulative_arrival_count,128,-18.3125,2.76262648016,-23.7272479011,-12.8977520989,0,-90.65,-24.25,0,0,0,-157,0,0,0,56
full_week,confidence_resilient,26 - 14,shared_keeper_capacity_central,shared_keeper_capacity_low,cumulative_attempts,128,14.4375,1.20824706679,12.0693357491,16.8056642509,12,-4,5,20.25,32,44,-18,56,0.8828125,113,10
full_week,confidence_resilient,26 - 14,shared_keeper_capacity_central,shared_keeper_capacity_low,cumulative_successful_closures,128,5.96875,0.409792999766,5.16555572046,6.77194427954,5,0,2.75,8,13,14.65,0,21,0.921875,118,0
full_week,confidence_resilient,26 - 14,shared_keeper_capacity_central,shared_keeper_capacity_low,cumulative_capacity_rejected,128,-34.0625,1.47880157041,-36.960951078,-31.164048922,-31,-59.3,-45,-23,-16,-10.35,-98,0,0,0,127
full_week,confidence_resilient,26 - 14,shared_keeper_capacity_central,shared_keeper_capacity_low,cumulative_unprofitable_attempts,128,8.46875,1.31447580474,5.89237742271,11.0451225773,4,-10.65,0,18,28.3,38.65,-22,56,0.640625,82,28
full_week,confidence_resilient,26 - 14,shared_keeper_capacity_central,shared_keeper_capacity_low,binding_hours,128,-3.1640625,0.129722477733,-3.41831855636,-2.90980644364,-3,-5.65,-4,-2,-1,-1,-7,0,0,0,123
full_week,confidence_resilient,26 - 14,shared_keeper_capacity_central,shared_keeper_capacity_low,positive_demand_hours,128,-1.8828125,0.276992844927,-2.42571847606,-1.33990652394,0,-9,-2,0,0,0,-16,0,0,0,56
full_week,confidence_resilient,26 - 14,shared_keeper_capacity_central,shared_keeper_capacity_low,mean_capacity_utilisation,128,-0.141174949491,0.00497752796801,-0.150930904308,-0.131418994673,-0.150276833141,-0.219599426309,-0.175529827316,-0.119337558993,-0.0672740900074,-0.0141433566434,-0.251526251526,0.0391844997108,0.0390625,5,123
full_week,confidence_resilient,26 - 14,shared_keeper_capacity_central,shared_keeper_capacity_low,maximum_capacity_utilisation,128,-0.0456730769231,0.00765233690747,-0.0606716572617,-0.0306744965844,0,-0.230769230769,-0.0769230769231,0,0,0,-0.461538461538,0,0,0,37
full_week,confidence_resilient,26 - 14,shared_keeper_capacity_central,shared_keeper_capacity_low,maximum_attempts_one_hour,128,10.8125,0.198960759594,10.4225369112,11.2024630888,12,6,10,12,12,12,0,12,0.9921875,127,0
full_week,confidence_resilient,26 - 14,shared_keeper_capacity_central,shared_keeper_capacity_low,cumulative_debt_repaid_dai,128,1634.9451995,157.53666734,1326.17333151,1943.71706749,1137.55573222,5.82076609135e-11,308.60235133,2297.79919276,4040.20309962,5094.89257952,-1.16415321827e-10,12065.773012,0.953125,122,2
full_week,confidence_resilient,26 - 14,shared_keeper_capacity_central,shared_keeper_capacity_low,completed_liquidation_count,128,5.96875,0.409792999766,5.16555572046,6.77194427954,5,0,2.75,8,13,14.65,0,21,0.921875,118,0
full_week,confidence_resilient,26 - 14,shared_keeper_capacity_central,shared_keeper_capacity_low,unresolved_vault_count,128,0,0,0,0,0,0,0,0,0,0,0,0,0,0,0
full_week,confidence_resilient,26 - 14,shared_keeper_capacity_central,shared_keeper_capacity_low,unresolved_tab_at_horizon_dai,128,0,0,0,0,0,0,0,0,0,0,0,0,0,0,0
full_week,confidence_resilient,26 - 14,shared_keeper_capacity_central,shared_keeper_capacity_low,maximum_backlog_duration,128,-5.4296875,0.866712978457,-7.12844493778,-3.73093006222,0,-27,-6.25,0,0,0,-52,0,0,0,54
full_week,confidence_resilient,26 - 14,shared_keeper_capacity_central,shared_keeper_capacity_low,active_bad_debt_at_horizon_dai,128,0,0,0,0,0,0,0,0,0,0,0,0,0,0,0
full_week,confidence_resilient,26 - 14,shared_keeper_capacity_central,shared_keeper_capacity_low,maximum_active_bad_debt_dai,128,-6.74149105559,4.99147190537,-16.5247759901,3.04179387893,0,0,0,0,0,0,-570.244096192,0,0,0,2
full_week,confidence_resilient,26 - 14,shared_keeper_capacity_central,shared_keeper_capacity_low,keeper_profit_dai,128,157.381564404,24.8715582031,108.633310326,206.129818482,113.918747302,-245.615042822,6.18507592093,304.222674271,503.29082411,627.35395104,-513.57962399,1567.74101809,0.75,96,30
full_week,confidence_resilient,26 - 14,shared_keeper_capacity_central,shared_keeper_capacity_low,recovered_before_execution_count,128,-7.3203125,0.41278378358,-8.12936871582,-6.51125628418,-7,-15,-10,-4,-2,-1,-23,0,0,0,124
full_week,confidence_resilient,26 - 14,shared_keeper_capacity_central,shared_keeper_capacity_low,recovered_before_closure_count,128,-5.96875,0.409792999766,-6.77194427954,-5.16555572046,-5,-14.65,-8,-2.75,-1,0,-21,0,0,0,118
full_week,confidence_resilient,26 - 14,shared_keeper_capacity_central,shared_keeper_capacity_low,minimum_dai_price,128,3.14128233318e-06,2.78319117676e-06,-2.31377237327e-06,8.59633703963e-06,0,0,0,0,0,0,0,0.000353273304207,0.015625,2,0
full_week,confidence_resilient,26 - 14,shared_keeper_capacity_central,shared_keeper_capacity_low,maximum_negative_peg_deviation,128,-3.14128233318e-06,2.78319117676e-06,-8.59633703963e-06,2.31377237327e-06,0,0,0,0,0,0,-0.000353273304207,0,0,0,2
full_week,confidence_resilient,26 - 14,shared_keeper_capacity_central,shared_keeper_capacity_low,mean_absolute_peg_deviation,128,-9.57327576591e-05,5.96464606955e-05,-0.000212639820622,2.11743053041e-05,0,-7.25267194348e-06,0,0,0,0,-0.00670455419136,0,0,0,10
full_week,confidence_resilient,26 - 14,shared_keeper_capacity_central,shared_keeper_capacity_low,hours_below_0995,128,-0.0625,0.032810449411,-0.126808480846,0.00180848084554,0,0,0,0,0,0,-3,0,0,0,4
full_week,confidence_resilient,26 - 14,shared_keeper_capacity_central,shared_keeper_capacity_low,hours_above_1005,128,0,0,0,0,0,0,0,0,0,0,0,0,0,0,0
full_week,confidence_resilient,26 - 14,shared_keeper_capacity_central,shared_keeper_capacity_low,first_return_time,128,-0.5625,6.85519471903,-13.9986816493,12.8736816493,0,0,0,0,0,0,-653,581,0.0078125,1,1
full_week,confidence_resilient,26 - 14,shared_keeper_capacity_central,shared_keeper_capacity_low,failed_recovery_attempts,128,0,0.0110919563677,-0.0217402344807,0.0217402344807,0,0,0,0,0,0,-1,1,0.0078125,1,1
full_week,confidence_resilient,26 - 14,shared_keeper_capacity_central,shared_keeper_capacity_low,recovery_probability_168h,128,0,0,0,0,0,0,0,0,0,0,0,0,0,0,0
full_week,confidence_resilient,26 - 14,shared_keeper_capacity_central,shared_keeper_capacity_low,recovery_probability_336h,128,0,0,0,0,0,0,0,0,0,0,0,0,0,0,0
full_week,confidence_resilient,26 - 14,shared_keeper_capacity_central,shared_keeper_capacity_low,recovery_probability_720h,128,0,0,0,0,0,0,0,0,0,0,0,0,0,0,0
full_week,confidence_resilient,26 - 14,shared_keeper_capacity_central,shared_keeper_capacity_low,final_dai_price,128,0,0,0,0,0,0,0,0,0,0,0,0,0,0,0
full_week,confidence_resilient,26 - 14,shared_keeper_capacity_central,shared_keeper_capacity_low,final_peg_band_status,128,0,0,0,0,0,0,0,0,0,0,0,0,0,0,0
full_week,confidence_resilient,26 - 14,shared_keeper_capacity_central,shared_keeper_capacity_low,minimum_confidence,128,0,0,0,0,0,0,0,0,0,0,0,0,0,0,0
full_week,confidence_resilient,26 - 14,shared_keeper_capacity_central,shared_keeper_capacity_low,mean_confidence_loss,128,-0.000264207401741,0.000129331697365,-0.000517697528577,-1.07172749058e-05,0,-0.000664828368283,0,0,0,0,-0.0104794738935,0,0,0,10
full_week,confidence_resilient,26 - 14,shared_keeper_capacity_central,shared_keeper_capacity_low,confidence_at_horizon,128,0,0,0,0,0,0,0,0,0,0,0,0,0,0,0
full_week,confidence_resilient,26 - 14,shared_keeper_capacity_central,shared_keeper_capacity_low,hours_at_confidence_floor,128,-0.8828125,0.371145063537,-1.61025682453,-0.155368175468,0,-4.3,0,0,0,0,-30,0,0,0,10
full_week,confidence_resilient,26 - 14,shared_keeper_capacity_central,shared_keeper_capacity_low,hours_recovery_gate_closed,128,-0.890625,0.375530198513,-1.62666418909,-0.154585810915,0,-4.3,0,0,0,0,-30,0,0,0,11
full_week,confidence_resilient,26 - 14,shared_keeper_capacity_central,shared_keeper_capacity_low,first_recovery_gate_open,128,0,0,0,0,0,0,0,0,0,0,0,0,0,0,0
full_week,confidence_resilient,26 - 14,shared_keeper_capacity_central,shared_keeper_capacity_low,recovery_gate_reopenings,128,0.0234375,0.0134246757153,-0.00287486440199,0.049749864402,0,0,0,0,0,0,0,1,0.0234375,3,0
full_week,confidence_resilient,26 - 14,shared_keeper_capacity_central,shared_keeper_capacity_low,cumulative_panic_contribution,128,-0.0118951733038,0.00740523855864,-0.0264094408788,0.00261909427111,0,-0.00124759312936,0,0,0,0,-0.832517626708,0,0,0,10
full_week,confidence_resilient,26 - 14,shared_keeper_capacity_central,shared_keeper_capacity_low,maximum_panic_contribution,128,-3.25054115802e-06,2.51985991481e-06,-8.18946659105e-06,1.68838427501e-06,0,0,0,0,0,0,-0.000302945797328,0,0,0,2
full_week,confidence_resilient,45 - 26,shared_keeper_capacity_high,shared_keeper_capacity_central,backlog_area_dai_hours,128,-61854.0931207,9909.10424731,-81275.9374454,-42432.248796,-3669.60609071,-316815.786517,-63718.6643449,0,0,0,-498119.578513,0,0,0,70
full_week,confidence_resilient,45 - 26,shared_keeper_capacity_high,shared_keeper_capacity_central,maximum_unresolved_tab_dai,128,-447.299844099,333.324789902,-1100.61643231,206.016744109,0,0,0,0,0,0,-38443.1844578,0,0,0,2
full_week,confidence_resilient,45 - 26,shared_keeper_capacity_high,shared_keeper_capacity_central,cumulative_realised_bad_debt_dai,128,-3.38497288852e-15,4.64753572989e-15,-1.24941429191e-14,5.72419714207e-15,0,-8.26439409024e-14,0,0,0,3.21674453161e-14,-3.84527373091e-13,2.228682931e-13,0.078125,10,17
full_week,confidence_resilient,45 - 26,shared_keeper_capacity_high,shared_keeper_capacity_central,below_peg_burden,128,-2.48484877375,2.00391243894,-6.41251715408,1.44281960658,0,0,0,0,0,0,-247.029462245,0,0,0,2
full_week,confidence_resilient,45 - 26,shared_keeper_capacity_high,shared_keeper_capacity_central,restricted_mean_recovery_time,128,-5.625,5.625,-16.65,5.4,0,0,0,0,0,0,-720,0,0,0,1
full_week,confidence_resilient,45 - 26,shared_keeper_capacity_high,shared_keeper_capacity_central,unsafe_vault_count,128,0,0,0,0,0,0,0,0,0,0,0,0,0,0,0
full_week,confidence_resilient,45 - 26,shared_keeper_capacity_high,shared_keeper_capacity_central,peak_unsafe_share,128,0,0,0,0,0,0,0,0,0,0,0,0,0,0,0
full_week,confidence_resilient,45 - 26,shared_keeper_capacity_high,shared_keeper_capacity_central,newly_unsafe_count,128,0,0,0,0,0,0,0,0,0,0,0,0,0,0,0
full_week,confidence_resilient,45 - 26,shared_keeper_capacity_high,shared_keeper_capacity_central,cumulative_arrival_count,128,-5.0859375,2.03663625186,-9.07774455366,-1.09413044634,0,-23,0,0,0,0,-232,0,0,0,16
full_week,confidence_resilient,45 - 26,shared_keeper_capacity_high,shared_keeper_capacity_central,cumulative_attempts,128,5.46875,0.859675815283,3.78378540205,7.15371459795,1,-0.65,0,10,19,19.65,-25,51,0.515625,66,7
full_week,confidence_resilient,45 - 26,shared_keeper_capacity_high,shared_keeper_capacity_central,cumulative_successful_closures,128,1.7265625,0.255528161284,1.22572730388,2.22739769612,0,0,0,2,6,8,0,14,0.390625,50,0
full_week,confidence_resilient,45 - 26,shared_keeper_capacity_high,shared_keeper_capacity_central,cumulative_capacity_rejected,128,-10.4453125,1.05331594619,-12.5098117545,-8.38081324547,-4.5,-33.3,-19,0,0,0,-51,0,0,0,81
full_week,confidence_resilient,45 - 26,shared_keeper_capacity_high,shared_keeper_capacity_central,cumulative_unprofitable_attempts,128,3.7421875,0.844683327024,2.08660817903,5.39776682097,0,-2.65,0,6.25,17,19,-31,49,0.390625,50,14
full_week,confidence_resilient,45 - 26,shared_keeper_capacity_high,shared_keeper_capacity_central,binding_hours,128,-0.7890625,0.0781588263384,-0.942253799623,-0.635871200377,-1,-2,-1,0,0,0,-4,0,0,0,69
full_week,confidence_resilient,45 - 26,shared_keeper_capacity_high,shared_keeper_capacity_central,positive_demand_hours,128,-0.421875,0.170256788096,-0.755578304668,-0.0881716953321,0,-2,0,0,0,0,-20,0,0,0,16
full_week,confidence_resilient,45 - 26,shared_keeper_capacity_high,shared_keeper_capacity_central,mean_capacity_utilisation,128,-0.110595474138,0.0034648109709,-0.117386503641,-0.103804444635,-0.104344729345,-0.185144641683,-0.128876678877,-0.0882487610429,-0.0775241606614,-0.0635320330192,-0.216837606838,0.0903418803419,0.0078125,1,127
full_week,confidence_resilient,45 - 26,shared_keeper_capacity_high,shared_keeper_capacity_central,maximum_capacity_utilisation,128,-0.212139423077,0.0155280540935,-0.2425744091,-0.181704437054,-0.271367521368,-0.422222222222,-0.377777777778,0,0,0,-0.422222222222,0,0,0,84
full_week,confidence_resilient,45 - 26,shared_keeper_capacity_high,shared_keeper_capacity_central,maximum_attempts_one_hour,128,8.5859375,0.764502770557,7.08751206971,10.0843629303,2,0,0,19,19,19,0,19,0.6328125,81,0
full_week,confidence_resilient,45 - 26,shared_keeper_capacity_high,shared_keeper_capacity_central,cumulative_debt_repaid_dai,128,341.51488184,57.5563003553,228.704533143,454.325230536,0,0,0,522.284749551,1111.21230595,1483.10778004,-2.32830643654e-10,4308.76576705,0.4296875,55,6
full_week,confidence_resilient,45 - 26,shared_keeper_capacity_high,shared_keeper_capacity_central,completed_liquidation_count,128,1.7265625,0.255528161284,1.22572730388,2.22739769612,0,0,0,2,6,8,0,14,0.390625,50,0
full_week,confidence_resilient,45 - 26,shared_keeper_capacity_high,shared_keeper_capacity_central,unresolved_vault_count,128,0,0,0,0,0,0,0,0,0,0,0,0,0,0,0
full_week,confidence_resilient,45 - 26,shared_keeper_capacity_high,shared_keeper_capacity_central,unresolved_tab_at_horizon_dai,128,0,0,0,0,0,0,0,0,0,0,0,0,0,0,0
full_week,confidence_resilient,45 - 26,shared_keeper_capacity_high,shared_keeper_capacity_central,maximum_backlog_duration,128,-1.28125,0.464134097151,-2.19095283042,-0.371547169585,0,-8.3,0,0,0,0,-52,0,0,0,17
full_week,confidence_resilient,45 - 26,shared_keeper_capacity_high,shared_keeper_capacity_central,active_bad_debt_at_horizon_dai,128,0,0,0,0,0,0,0,0,0,0,0,0,0,0,0
full_week,confidence_resilient,45 - 26,shared_keeper_capacity_high,shared_keeper_capacity_central,maximum_active_bad_debt_dai,128,-2.86624605916,2.86624605916,-8.48408833513,2.7515962168,0,0,0,0,0,0,-366.879495573,0,0,0,1
full_week,confidence_resilient,45 - 26,shared_keeper_capacity_high,shared_keeper_capacity_central,keeper_profit_dai,128,15.5478671401,16.6426273157,-17.0716823987,48.1674166788,0,-143.687193546,0,44.122226078,148.421248106,247.324135457,-1385.18777184,667.482244999,0.359375,46,24
full_week,confidence_resilient,45 - 26,shared_keeper_capacity_high,shared_keeper_capacity_central,recovered_before_execution_count,128,-2.40625,0.320217211436,-3.03387573442,-1.77862426558,0,-10,-4,0,0,0,-16,0,0,0,61
full_week,confidence_resilient,45 - 26,shared_keeper_capacity_high,shared_keeper_capacity_central,recovered_before_closure_count,128,-1.7265625,0.255528161284,-2.22739769612,-1.22572730388,0,-8,-2,0,0,0,-14,0,0,0,50
full_week,confidence_resilient,45 - 26,shared_keeper_capacity_high,shared_keeper_capacity_central,minimum_dai_price,128,0.00387404249123,0.00387404249123,-0.00371908079158,0.011467165774,0,0,0,0,0,0,0,0.495877438877,0.0078125,1,0
full_week,confidence_resilient,45 - 26,shared_keeper_capacity_high,shared_keeper_capacity_central,maximum_negative_peg_deviation,128,-0.00387404249123,0.00387404249123,-0.011467165774,0.00371908079158,0,0,0,0,0,0,-0.495877438877,0,0,0,1
full_week,confidence_resilient,45 - 26,shared_keeper_capacity_high,shared_keeper_capacity_central,mean_absolute_peg_deviation,128,-0.003450141157,0.0027822184413,-0.00890328930195,0.00200300698795,0,0,0,0,0,0,-0.342964357756,0,0,0,2
full_week,confidence_resilient,45 - 26,shared_keeper_capacity_high,shared_keeper_capacity_central,hours_below_0995,128,-6.109375,5.11905784739,-16.1427283809,3.92397838089,0,0,0,0,0,0,-641,0,0,0,2
full_week,confidence_resilient,45 - 26,shared_keeper_capacity_high,shared_keeper_capacity_central,hours_above_1005,128,0,0,0,0,0,0,0,0,0,0,0,0,0,0,0
full_week,confidence_resilient,45 - 26,shared_keeper_capacity_high,shared_keeper_capacity_central,first_return_time,128,-4.6796875,5.71121519772,-15.8736692875,6.51429428753,0,0,0,0,0,0,-720,121,0.0078125,1,1
full_week,confidence_resilient,45 - 26,shared_keeper_capacity_high,shared_keeper_capacity_central,failed_recovery_attempts,128,0.0546875,0.0546875,-0.0525,0.161875,0,0,0,0,0,0,0,7,0.0078125,1,0
full_week,confidence_resilient,45 - 26,shared_keeper_capacity_high,shared_keeper_capacity_central,recovery_probability_168h,128,0.0078125,0.0078125,-0.0075,0.023125,0,0,0,0,0,0,0,1,0.0078125,1,0
full_week,confidence_resilient,45 - 26,shared_keeper_capacity_high,shared_keeper_capacity_central,recovery_probability_336h,128,0.0078125,0.0078125,-0.0075,0.023125,0,0,0,0,0,0,0,1,0.0078125,1,0
full_week,confidence_resilient,45 - 26,shared_keeper_capacity_high,shared_keeper_capacity_central,recovery_probability_720h,128,0.0078125,0.0078125,-0.0075,0.023125,0,0,0,0,0,0,0,1,0.0078125,1,0
full_week,confidence_resilient,45 - 26,shared_keeper_capacity_high,shared_keeper_capacity_central,final_dai_price,128,0.0038989444425,0.0038989444425,-0.0037429866648,0.0115408755498,0,0,0,0,0,0,0,0.49906488864,0.0078125,1,0
full_week,confidence_resilient,45 - 26,shared_keeper_capacity_high,shared_keeper_capacity_central,final_peg_band_status,128,0.0078125,0.0078125,-0.0075,0.023125,0,0,0,0,0,0,0,1,0.0078125,1,0
full_week,confidence_resilient,45 - 26,shared_keeper_capacity_high,shared_keeper_capacity_central,minimum_confidence,128,0,0,0,0,0,0,0,0,0,0,0,0,0,0,0
full_week,confidence_resilient,45 - 26,shared_keeper_capacity_high,shared_keeper_capacity_central,mean_confidence_loss,128,-0.00175968568065,0.00160645800158,-0.00490834336376,0.00138897200245,0,0,0,0,0,0,-0.204766106737,0,0,0,2
full_week,confidence_resilient,45 - 26,shared_keeper_capacity_high,shared_keeper_capacity_central,confidence_at_horizon,128,0.00184699468614,0.00184699468614,-0.00177311489869,0.00546710427097,0,0,0,0,0,0,0,0.236415319826,0.0078125,1,0
full_week,confidence_resilient,45 - 26,shared_keeper_capacity_high,shared_keeper_capacity_central,hours_at_confidence_floor,128,-6.0234375,5.14545400856,-16.1085273568,4.06165235678,0,0,0,0,0,0,-648,0,0,0,2
full_week,confidence_resilient,45 - 26,shared_keeper_capacity_high,shared_keeper_capacity_central,hours_recovery_gate_closed,128,-6.0703125,5.13860762618,-16.1419834473,4.00135844731,0,0,0,0,0,0,-646,0,0,0,3
full_week,confidence_resilient,45 - 26,shared_keeper_capacity_high,shared_keeper_capacity_central,first_recovery_gate_open,128,0,0,0,0,0,0,0,0,0,0,0,0,0,0,0
full_week,confidence_resilient,45 - 26,shared_keeper_capacity_high,shared_keeper_capacity_central,recovery_gate_reopenings,128,0.0078125,0.0078125,-0.0075,0.023125,0,0,0,0,0,0,0,1,0.0078125,1,0
full_week,confidence_resilient,45 - 26,shared_keeper_capacity_high,shared_keeper_capacity_central,cumulative_panic_contribution,128,-0.42752470471,0.344666314987,-1.10307068208,0.248021272665,0,0,0,0,0,0,-42.4813140421,0,0,0,2
full_week,confidence_resilient,45 - 26,shared_keeper_capacity_high,shared_keeper_capacity_central,maximum_panic_contribution,128,-0.000668374090368,0.000668374090368,-0.00197838730749,0.000641639126753,0,0,0,0,0,0,-0.0855518835671,0,0,0,1
full_week,confidence_resilient,45 - 14,shared_keeper_capacity_high,shared_keeper_capacity_low,backlog_area_dai_hours,128,-390178.100227,28110.5955584,-445274.867522,-335081.332933,-283182.286885,-1010102.22986,-558644.32099,-165263.485156,-84500.4225402,-55573.0820481,-1487060.77191,0,0,0,126
full_week,confidence_resilient,45 - 14,shared_keeper_capacity_high,shared_keeper_capacity_low,maximum_unresolved_tab_dai,128,-2832.5205188,1088.7773247,-4966.52407522,-698.516962376,0,-19564.7156667,0,0,0,0,-106805.719735,0,0,0,10
full_week,confidence_resilient,45 - 14,shared_keeper_capacity_high,shared_keeper_capacity_low,cumulative_realised_bad_debt_dai,128,1.87068871324e-14,1.06205627469e-14,-2.10941585158e-15,3.95231901163e-14,0,-1.33146269407e-13,-6.59983858618e-16,6.24147657052e-14,1.2975063013e-13,1.93601816507e-13,-6.37655219391e-13,5.751202557e-13,0.359375,46,38
full_week,confidence_resilient,45 - 14,shared_keeper_capacity_high,shared_keeper_capacity_low,below_peg_burden,128,-2.55389171874,2.01821504664,-6.50959321015,1.40180977266,0,-0.00784087714964,0,0,0,0,-248.950483351,0,0,0,11
full_week,confidence_resilient,45 - 14,shared_keeper_capacity_high,shared_keeper_capacity_low,restricted_mean_recovery_time,128,-5.625,5.625,-16.65,5.4,0,0,0,0,0,0,-720,0,0,0,1
full_week,confidence_resilient,45 - 14,shared_keeper_capacity_high,shared_keeper_capacity_low,unsafe_vault_count,128,0,0,0,0,0,0,0,0,0,0,0,0,0,0,0
full_week,confidence_resilient,45 - 14,shared_keeper_capacity_high,shared_keeper_capacity_low,peak_unsafe_share,128,0,0,0,0,0,0,0,0,0,0,0,0,0,0,0
full_week,confidence_resilient,45 - 14,shared_keeper_capacity_high,shared_keeper_capacity_low,newly_unsafe_count,128,0,0,0,0,0,0,0,0,0,0,0,0,0,0,0
full_week,confidence_resilient,45 - 14,shared_keeper_capacity_high,shared_keeper_capacity_low,cumulative_arrival_count,128,-23.3984375,3.40116968076,-30.0647300743,-16.7321449257,0,-95.6,-37,0,0,0,-232,0,0,0,59
full_week,confidence_resilient,45 - 14,shared_keeper_capacity_high,shared_keeper_capacity_low,cumulative_attempts,128,19.90625,1.73518892284,16.5052797112,23.3072202888,17,-4.65,7,26.25,45,56.95,-18,95,0.890625,114,10
full_week,confidence_resilient,45 - 14,shared_keeper_capacity_high,shared_keeper_capacity_low,cumulative_successful_closures,128,7.6953125,0.523507274407,6.66923824216,8.72138675784,7,0,3,11,16,19,0,30,0.9296875,119,0
full_week,confidence_resilient,45 - 14,shared_keeper_capacity_high,shared_keeper_capacity_low,cumulative_capacity_rejected,128,-44.5078125,2.23102773529,-48.8806268612,-40.1349981388,-40.5,-93.65,-59,-25.75,-17,-10.35,-136,0,0,0,127
full_week,confidence_resilient,45 - 14,shared_keeper_capacity_high,shared_keeper_capacity_low,cumulative_unprofitable_attempts,128,12.2109375,1.80845334117,8.66636895131,15.7555060487,6.5,-9.65,0,20.25,42.3,50.65,-25,87,0.625,80,28
full_week,confidence_resilient,45 - 14,shared_keeper_capacity_high,shared_keeper_capacity_low,binding_hours,128,-3.953125,0.133960057932,-4.21568671355,-3.69056328645,-4,-6,-5,-3,-2,-2,-9,0,0,0,126
full_week,confidence_resilient,45 - 14,shared_keeper_capacity_high,shared_keeper_capacity_low,positive_demand_hours,128,-2.3046875,0.324628534258,-2.94095942715,-1.66841557285,0,-9,-3,0,0,0,-20,0,0,0,59
full_week,confidence_resilient,45 - 14,shared_keeper_capacity_high,shared_keeper_capacity_low,mean_capacity_utilisation,128,-0.251770423629,0.00536117227989,-0.262278321297,-0.24126252596,-0.247685185185,-0.356871362434,-0.292881944444,-0.213684807256,-0.181774248161,-0.164470646313,-0.404081632653,-0.0526984126984,0,0,128
full_week,confidence_resilient,45 - 14,shared_keeper_capacity_high,shared_keeper_capacity_low,maximum_capacity_utilisation,128,-0.2578125,0.0196840934953,-0.296393323251,-0.219231676749,-0.377777777778,-0.555555555556,-0.466666666667,0,0,0,-0.688888888889,0,0,0,84
full_week,confidence_resilient,45 - 14,shared_keeper_capacity_high,shared_keeper_capacity_low,maximum_attempts_one_hour,128,19.3984375,0.885784207287,17.6623004537,21.1345745463,14,6,10,31,31,31,0,31,0.9921875,127,0
full_week,confidence_resilient,45 - 14,shared_keeper_capacity_high,shared_keeper_capacity_low,cumulative_debt_repaid_dai,128,1976.46008134,174.014065218,1635.39251351,2317.52764917,1443.33974466,1.16415321827e-10,468.594508741,2984.62146245,4681.76772187,5510.80199089,-1.16415321827e-10,12065.773012,0.9609375,123,2
full_week,confidence_resilient,45 - 14,shared_keeper_capacity_high,shared_keeper_capacity_low,completed_liquidation_count,128,7.6953125,0.523507274407,6.66923824216,8.72138675784,7,0,3,11,16,19,0,30,0.9296875,119,0
full_week,confidence_resilient,45 - 14,shared_keeper_capacity_high,shared_keeper_capacity_low,unresolved_vault_count,128,0,0,0,0,0,0,0,0,0,0,0,0,0,0,0
full_week,confidence_resilient,45 - 14,shared_keeper_capacity_high,shared_keeper_capacity_low,unresolved_tab_at_horizon_dai,128,0,0,0,0,0,0,0,0,0,0,0,0,0,0,0
full_week,confidence_resilient,45 - 14,shared_keeper_capacity_high,shared_keeper_capacity_low,maximum_backlog_duration,128,-6.7109375,0.975912677499,-8.6237263479,-4.7981486521,0,-27.65,-8.25,0,0,0,-52,0,0,0,59
full_week,confidence_resilient,45 - 14,shared_keeper_capacity_high,shared_keeper_capacity_low,active_bad_debt_at_horizon_dai,128,0,0,0,0,0,0,0,0,0,0,0,0,0,0,0
full_week,confidence_resilient,45 - 14,shared_keeper_capacity_high,shared_keeper_capacity_low,maximum_active_bad_debt_dai,128,-9.60773711476,5.72938588585,-20.837333451,1.62185922151,0,0,0,0,0,0,-570.244096192,0,0,0,3
full_week,confidence_resilient,45 - 14,shared_keeper_capacity_high,shared_keeper_capacity_low,keeper_profit_dai,128,172.929431544,32.3672009687,109.489717646,236.369145443,127.135153975,-270.718880131,24.1058896032,369.276378415,601.675104435,733.901892265,-1556.69963645,1567.74101809,0.7734375,99,27
full_week,confidence_resilient,45 - 14,shared_keeper_capacity_high,shared_keeper_capacity_low,recovered_before_execution_count,128,-9.7265625,0.557001211732,-10.818284875,-8.63484012501,-8,-20.65,-14,-5.75,-2,-1,-28,0,0,0,124
full_week,confidence_resilient,45 - 14,shared_keeper_capacity_high,shared_keeper_capacity_low,recovered_before_closure_count,128,-7.6953125,0.523507274407,-8.72138675784,-6.66923824216,-7,-19,-11,-3,-1,0,-30,0,0,0,119
full_week,confidence_resilient,45 - 14,shared_keeper_capacity_high,shared_keeper_capacity_low,minimum_dai_price,128,0.00387718377356,0.0038740187564,-0.00371589298898,0.0114702605361,0,0,0,0,0,0,0,0.495877438877,0.0234375,3,0
full_week,confidence_resilient,45 - 14,shared_keeper_capacity_high,shared_keeper_capacity_low,maximum_negative_peg_deviation,128,-0.00387718377356,0.0038740187564,-0.0114702605361,0.00371589298898,0,0,0,0,0,0,-0.495877438877,0,0,0,3
full_week,confidence_resilient,45 - 14,shared_keeper_capacity_high,shared_keeper_capacity_low,mean_absolute_peg_deviation,128,-0.00354587391466,0.00280208434391,-0.00903795922873,0.00194621139941,0,-1.02891658699e-05,0,0,0,0,-0.345632442625,0,0,0,11
full_week,confidence_resilient,45 - 14,shared_keeper_capacity_high,shared_keeper_capacity_low,hours_below_0995,128,-6.171875,5.13395977625,-16.2344361614,3.89068616145,0,0,0,0,0,0,-643,0,0,0,5
full_week,confidence_resilient,45 - 14,shared_keeper_capacity_high,shared_keeper_capacity_low,hours_above_1005,128,0,0,0,0,0,0,0,0,0,0,0,0,0,0,0
full_week,confidence_resilient,45 - 14,shared_keeper_capacity_high,shared_keeper_capacity_low,first_return_time,128,-5.2421875,8.92021410874,-22.7258071531,12.2414321531,0,0,0,0,0,0,-720,581,0.015625,2,2
full_week,confidence_resilient,45 - 14,shared_keeper_capacity_high,shared_keeper_capacity_low,failed_recovery_attempts,128,0.0546875,0.0558010228608,-0.0546825048072,0.164057504807,0,0,0,0,0,0,-1,7,0.015625,2,1
full_week,confidence_resilient,45 - 14,shared_keeper_capacity_high,shared_keeper_capacity_low,recovery_probability_168h,128,0.0078125,0.0078125,-0.0075,0.023125,0,0,0,0,0,0,0,1,0.0078125,1,0
full_week,confidence_resilient,45 - 14,shared_keeper_capacity_high,shared_keeper_capacity_low,recovery_probability_336h,128,0.0078125,0.0078125,-0.0075,0.023125,0,0,0,0,0,0,0,1,0.0078125,1,0
full_week,confidence_resilient,45 - 14,shared_keeper_capacity_high,shared_keeper_capacity_low,recovery_probability_720h,128,0.0078125,0.0078125,-0.0075,0.023125,0,0,0,0,0,0,0,1,0.0078125,1,0
full_week,confidence_resilient,45 - 14,shared_keeper_capacity_high,shared_keeper_capacity_low,final_dai_price,128,0.0038989444425,0.0038989444425,-0.0037429866648,0.0115408755498,0,0,0,0,0,0,0,0.49906488864,0.0078125,1,0
full_week,confidence_resilient,45 - 14,shared_keeper_capacity_high,shared_keeper_capacity_low,final_peg_band_status,128,0.0078125,0.0078125,-0.0075,0.023125,0,0,0,0,0,0,0,1,0.0078125,1,0
full_week,confidence_resilient,45 - 14,shared_keeper_capacity_high,shared_keeper_capacity_low,minimum_confidence,128,0,0,0,0,0,0,0,0,0,0,0,0,0,0,0
full_week,confidence_resilient,45 - 14,shared_keeper_capacity_high,shared_keeper_capacity_low,mean_confidence_loss,128,-0.0020238930824,0.0016110829296,-0.00518161562441,0.00113382945961,0,-0.00108247159565,0,0,0,0,-0.204983464047,0,0,0,11
full_week,confidence_resilient,45 - 14,shared_keeper_capacity_high,shared_keeper_capacity_low,confidence_at_horizon,128,0.00184699468614,0.00184699468614,-0.00177311489869,0.00546710427097,0,0,0,0,0,0,0,0.236415319826,0.0078125,1,0
full_week,confidence_resilient,45 - 14,shared_keeper_capacity_high,shared_keeper_capacity_low,hours_at_confidence_floor,128,-6.90625,5.20459174989,-17.1072498298,3.29474982977,0,-5,0,0,0,0,-655,0,0,0,11
full_week,confidence_resilient,45 - 14,shared_keeper_capacity_high,shared_keeper_capacity_low,hours_recovery_gate_closed,128,-6.9609375,5.18257227701,-17.1187791629,3.19690416295,0,-5,0,0,0,0,-651,0,0,0,12
full_week,confidence_resilient,45 - 14,shared_keeper_capacity_high,shared_keeper_capacity_low,first_recovery_gate_open,128,0,0,0,0,0,0,0,0,0,0,0,0,0,0,0
full_week,confidence_resilient,45 - 14,shared_keeper_capacity_high,shared_keeper_capacity_low,recovery_gate_reopenings,128,0.03125,0.0154393498445,0.000988874304705,0.0615111256953,0,0,0,0,0,0,0,1,0.03125,4,0
full_week,confidence_resilient,45 - 14,shared_keeper_capacity_high,shared_keeper_capacity_low,cumulative_panic_contribution,128,-0.439419878013,0.347131765907,-1.11979813919,0.240958383165,0,-0.00134123941538,0,0,0,0,-42.812478271,0,0,0,11
full_week,confidence_resilient,45 - 14,shared_keeper_capacity_high,shared_keeper_capacity_low,maximum_panic_contribution,128,-0.000671624631526,0.000668353245336,-0.00198159699238,0.000638347729332,0,0,0,0,0,0,-0.0855518835671,0,0,0,3
full_week,confidence_central,26 - 14,shared_keeper_capacity_central,shared_keeper_capacity_low,backlog_area_dai_hours,128,-328324.007107,21982.9503461,-371410.589785,-285237.424428,-255792.727235,-766724.38653,-451791.3304,-149678.993144,-79249.0350548,-51578.3229692,-1361400.99408,0,0,0,126
full_week,confidence_central,26 - 14,shared_keeper_capacity_central,shared_keeper_capacity_low,maximum_unresolved_tab_dai,128,-2385.2206747,846.114797039,-4043.6056769,-726.835672501,0,-19564.7156667,0,0,0,0,-68362.5352775,0,0,0,10
full_week,confidence_central,26 - 14,shared_keeper_capacity_central,shared_keeper_capacity_low,cumulative_realised_bad_debt_dai,128,2.20918600209e-14,1.08430422044e-14,8.39497300251e-16,4.33442227415e-14,0,-1.33146269407e-13,-3.25402266101e-16,6.42544423586e-14,1.2975063013e-13,1.73177535473e-13,-6.37655219391e-13,5.751202557e-13,0.359375,46,35
full_week,confidence_central,26 - 14,shared_keeper_capacity_central,shared_keeper_capacity_low,below_peg_burden,128,0,0,0,0,0,0,0,0,0,0,0,0,0,0,0
full_week,confidence_central,26 - 14,shared_keeper_capacity_central,shared_keeper_capacity_low,restricted_mean_recovery_time,128,0,0,0,0,0,0,0,0,0,0,0,0,0,0,0
full_week,confidence_central,26 - 14,shared_keeper_capacity_central,shared_keeper_capacity_low,unsafe_vault_count,128,0,0,0,0,0,0,0,0,0,0,0,0,0,0,0
full_week,confidence_central,26 - 14,shared_keeper_capacity_central,shared_keeper_capacity_low,peak_unsafe_share,128,0,0,0,0,0,0,0,0,0,0,0,0,0,0,0
full_week,confidence_central,26 - 14,shared_keeper_capacity_central,shared_keeper_capacity_low,newly_unsafe_count,128,0,0,0,0,0,0,0,0,0,0,0,0,0,0,0
full_week,confidence_central,26 - 14,shared_keeper_capacity_central,shared_keeper_capacity_low,cumulative_arrival_count,128,-18.3125,2.76262648016,-23.7272479011,-12.8977520989,0,-90.65,-24.25,0,0,0,-157,0,0,0,56
full_week,confidence_central,26 - 14,shared_keeper_capacity_central,shared_keeper_capacity_low,cumulative_attempts,128,14.4375,1.20824706679,12.0693357491,16.8056642509,12,-4,5,20.25,32,44,-18,56,0.8828125,113,10
full_week,confidence_central,26 - 14,shared_keeper_capacity_central,shared_keeper_capacity_low,cumulative_successful_closures,128,5.96875,0.409792999766,5.16555572046,6.77194427954,5,0,2.75,8,13,14.65,0,21,0.921875,118,0
full_week,confidence_central,26 - 14,shared_keeper_capacity_central,shared_keeper_capacity_low,cumulative_capacity_rejected,128,-34.0625,1.47880157041,-36.960951078,-31.164048922,-31,-59.3,-45,-23,-16,-10.35,-98,0,0,0,127
full_week,confidence_central,26 - 14,shared_keeper_capacity_central,shared_keeper_capacity_low,cumulative_unprofitable_attempts,128,8.46875,1.31447580474,5.89237742271,11.0451225773,4,-10.65,0,18,28.3,38.65,-22,56,0.640625,82,28
full_week,confidence_central,26 - 14,shared_keeper_capacity_central,shared_keeper_capacity_low,binding_hours,128,-3.1640625,0.129722477733,-3.41831855636,-2.90980644364,-3,-5.65,-4,-2,-1,-1,-7,0,0,0,123
full_week,confidence_central,26 - 14,shared_keeper_capacity_central,shared_keeper_capacity_low,positive_demand_hours,128,-1.8828125,0.276992844927,-2.42571847606,-1.33990652394,0,-9,-2,0,0,0,-16,0,0,0,56
full_week,confidence_central,26 - 14,shared_keeper_capacity_central,shared_keeper_capacity_low,mean_capacity_utilisation,128,-0.141174949491,0.00497752796801,-0.150930904308,-0.131418994673,-0.150276833141,-0.219599426309,-0.175529827316,-0.119337558993,-0.0672740900074,-0.0141433566434,-0.251526251526,0.0391844997108,0.0390625,5,123
full_week,confidence_central,26 - 14,shared_keeper_capacity_central,shared_keeper_capacity_low,maximum_capacity_utilisation,128,-0.0456730769231,0.00765233690747,-0.0606716572617,-0.0306744965844,0,-0.230769230769,-0.0769230769231,0,0,0,-0.461538461538,0,0,0,37
full_week,confidence_central,26 - 14,shared_keeper_capacity_central,shared_keeper_capacity_low,maximum_attempts_one_hour,128,10.8125,0.198960759594,10.4225369112,11.2024630888,12,6,10,12,12,12,0,12,0.9921875,127,0
full_week,confidence_central,26 - 14,shared_keeper_capacity_central,shared_keeper_capacity_low,cumulative_debt_repaid_dai,128,1634.9451995,157.53666734,1326.17333151,1943.71706749,1137.55573222,5.82076609135e-11,308.60235133,2297.79919276,4040.20309962,5094.89257952,-1.16415321827e-10,12065.773012,0.953125,122,2
full_week,confidence_central,26 - 14,shared_keeper_capacity_central,shared_keeper_capacity_low,completed_liquidation_count,128,5.96875,0.409792999766,5.16555572046,6.77194427954,5,0,2.75,8,13,14.65,0,21,0.921875,118,0
full_week,confidence_central,26 - 14,shared_keeper_capacity_central,shared_keeper_capacity_low,unresolved_vault_count,128,0,0,0,0,0,0,0,0,0,0,0,0,0,0,0
full_week,confidence_central,26 - 14,shared_keeper_capacity_central,shared_keeper_capacity_low,unresolved_tab_at_horizon_dai,128,0,0,0,0,0,0,0,0,0,0,0,0,0,0,0
full_week,confidence_central,26 - 14,shared_keeper_capacity_central,shared_keeper_capacity_low,maximum_backlog_duration,128,-5.4296875,0.866712978457,-7.12844493778,-3.73093006222,0,-27,-6.25,0,0,0,-52,0,0,0,54
full_week,confidence_central,26 - 14,shared_keeper_capacity_central,shared_keeper_capacity_low,active_bad_debt_at_horizon_dai,128,0,0,0,0,0,0,0,0,0,0,0,0,0,0,0
full_week,confidence_central,26 - 14,shared_keeper_capacity_central,shared_keeper_capacity_low,maximum_active_bad_debt_dai,128,-6.74149105559,4.99147190537,-16.5247759901,3.04179387893,0,0,0,0,0,0,-570.244096192,0,0,0,2
full_week,confidence_central,26 - 14,shared_keeper_capacity_central,shared_keeper_capacity_low,keeper_profit_dai,128,157.381564404,24.8715582031,108.633310326,206.129818482,113.918747302,-245.615042822,6.18507592093,304.222674271,503.29082411,627.35395104,-513.57962399,1567.74101809,0.75,96,30
full_week,confidence_central,26 - 14,shared_keeper_capacity_central,shared_keeper_capacity_low,recovered_before_execution_count,128,-7.3203125,0.41278378358,-8.12936871582,-6.51125628418,-7,-15,-10,-4,-2,-1,-23,0,0,0,124
full_week,confidence_central,26 - 14,shared_keeper_capacity_central,shared_keeper_capacity_low,recovered_before_closure_count,128,-5.96875,0.409792999766,-6.77194427954,-5.16555572046,-5,-14.65,-8,-2.75,-1,0,-21,0,0,0,118
full_week,confidence_central,26 - 14,shared_keeper_capacity_central,shared_keeper_capacity_low,minimum_dai_price,128,0,0,0,0,0,0,0,0,0,0,0,0,0,0,0
full_week,confidence_central,26 - 14,shared_keeper_capacity_central,shared_keeper_capacity_low,maximum_negative_peg_deviation,128,0,0,0,0,0,0,0,0,0,0,0,0,0,0,0
full_week,confidence_central,26 - 14,shared_keeper_capacity_central,shared_keeper_capacity_low,mean_absolute_peg_deviation,128,0,0,0,0,0,0,0,0,0,0,0,0,0,0,0
full_week,confidence_central,26 - 14,shared_keeper_capacity_central,shared_keeper_capacity_low,hours_below_0995,128,0,0,0,0,0,0,0,0,0,0,0,0,0,0,0
full_week,confidence_central,26 - 14,shared_keeper_capacity_central,shared_keeper_capacity_low,hours_above_1005,128,0,0,0,0,0,0,0,0,0,0,0,0,0,0,0
full_week,confidence_central,26 - 14,shared_keeper_capacity_central,shared_keeper_capacity_low,first_return_time,128,0,0,0,0,0,0,0,0,0,0,0,0,0,0,0
full_week,confidence_central,26 - 14,shared_keeper_capacity_central,shared_keeper_capacity_low,failed_recovery_attempts,128,0,0,0,0,0,0,0,0,0,0,0,0,0,0,0
full_week,confidence_central,26 - 14,shared_keeper_capacity_central,shared_keeper_capacity_low,recovery_probability_168h,128,0,0,0,0,0,0,0,0,0,0,0,0,0,0,0
full_week,confidence_central,26 - 14,shared_keeper_capacity_central,shared_keeper_capacity_low,recovery_probability_336h,128,0,0,0,0,0,0,0,0,0,0,0,0,0,0,0
full_week,confidence_central,26 - 14,shared_keeper_capacity_central,shared_keeper_capacity_low,recovery_probability_720h,128,0,0,0,0,0,0,0,0,0,0,0,0,0,0,0
full_week,confidence_central,26 - 14,shared_keeper_capacity_central,shared_keeper_capacity_low,final_dai_price,128,0,0,0,0,0,0,0,0,0,0,0,0,0,0,0
full_week,confidence_central,26 - 14,shared_keeper_capacity_central,shared_keeper_capacity_low,final_peg_band_status,128,0,0,0,0,0,0,0,0,0,0,0,0,0,0,0
full_week,confidence_central,26 - 14,shared_keeper_capacity_central,shared_keeper_capacity_low,minimum_confidence,128,0,0,0,0,0,0,0,0,0,0,0,0,0,0,0
full_week,confidence_central,26 - 14,shared_keeper_capacity_central,shared_keeper_capacity_low,mean_confidence_loss,128,0,0,0,0,0,0,0,0,0,0,0,0,0,0,0
full_week,confidence_central,26 - 14,shared_keeper_capacity_central,shared_keeper_capacity_low,confidence_at_horizon,128,0,0,0,0,0,0,0,0,0,0,0,0,0,0,0
full_week,confidence_central,26 - 14,shared_keeper_capacity_central,shared_keeper_capacity_low,hours_at_confidence_floor,128,0,0,0,0,0,0,0,0,0,0,0,0,0,0,0
full_week,confidence_central,26 - 14,shared_keeper_capacity_central,shared_keeper_capacity_low,hours_recovery_gate_closed,128,0,0,0,0,0,0,0,0,0,0,0,0,0,0,0
full_week,confidence_central,26 - 14,shared_keeper_capacity_central,shared_keeper_capacity_low,first_recovery_gate_open,128,0,0,0,0,0,0,0,0,0,0,0,0,0,0,0
full_week,confidence_central,26 - 14,shared_keeper_capacity_central,shared_keeper_capacity_low,recovery_gate_reopenings,128,0,0,0,0,0,0,0,0,0,0,0,0,0,0,0
full_week,confidence_central,26 - 14,shared_keeper_capacity_central,shared_keeper_capacity_low,cumulative_panic_contribution,128,0,0,0,0,0,0,0,0,0,0,0,0,0,0,0
full_week,confidence_central,26 - 14,shared_keeper_capacity_central,shared_keeper_capacity_low,maximum_panic_contribution,128,0,0,0,0,0,0,0,0,0,0,0,0,0,0,0
full_week,confidence_central,45 - 26,shared_keeper_capacity_high,shared_keeper_capacity_central,backlog_area_dai_hours,128,-61854.0931207,9909.10424731,-81275.9374454,-42432.248796,-3669.60609071,-316815.786517,-63718.6643449,0,0,0,-498119.578513,0,0,0,70
full_week,confidence_central,45 - 26,shared_keeper_capacity_high,shared_keeper_capacity_central,maximum_unresolved_tab_dai,128,-447.299844099,333.324789902,-1100.61643231,206.016744109,0,0,0,0,0,0,-38443.1844578,0,0,0,2
full_week,confidence_central,45 - 26,shared_keeper_capacity_high,shared_keeper_capacity_central,cumulative_realised_bad_debt_dai,128,-3.38497288852e-15,4.64753572989e-15,-1.24941429191e-14,5.72419714207e-15,0,-8.26439409024e-14,0,0,0,3.21674453161e-14,-3.84527373091e-13,2.228682931e-13,0.078125,10,17
full_week,confidence_central,45 - 26,shared_keeper_capacity_high,shared_keeper_capacity_central,below_peg_burden,128,0,0,0,0,0,0,0,0,0,0,0,0,0,0,0
full_week,confidence_central,45 - 26,shared_keeper_capacity_high,shared_keeper_capacity_central,restricted_mean_recovery_time,128,0,0,0,0,0,0,0,0,0,0,0,0,0,0,0
full_week,confidence_central,45 - 26,shared_keeper_capacity_high,shared_keeper_capacity_central,unsafe_vault_count,128,0,0,0,0,0,0,0,0,0,0,0,0,0,0,0
full_week,confidence_central,45 - 26,shared_keeper_capacity_high,shared_keeper_capacity_central,peak_unsafe_share,128,0,0,0,0,0,0,0,0,0,0,0,0,0,0,0
full_week,confidence_central,45 - 26,shared_keeper_capacity_high,shared_keeper_capacity_central,newly_unsafe_count,128,0,0,0,0,0,0,0,0,0,0,0,0,0,0,0
full_week,confidence_central,45 - 26,shared_keeper_capacity_high,shared_keeper_capacity_central,cumulative_arrival_count,128,-5.0859375,2.03663625186,-9.07774455366,-1.09413044634,0,-23,0,0,0,0,-232,0,0,0,16
full_week,confidence_central,45 - 26,shared_keeper_capacity_high,shared_keeper_capacity_central,cumulative_attempts,128,5.46875,0.859675815283,3.78378540205,7.15371459795,1,-0.65,0,10,19,19.65,-25,51,0.515625,66,7
full_week,confidence_central,45 - 26,shared_keeper_capacity_high,shared_keeper_capacity_central,cumulative_successful_closures,128,1.7265625,0.255528161284,1.22572730388,2.22739769612,0,0,0,2,6,8,0,14,0.390625,50,0
full_week,confidence_central,45 - 26,shared_keeper_capacity_high,shared_keeper_capacity_central,cumulative_capacity_rejected,128,-10.4453125,1.05331594619,-12.5098117545,-8.38081324547,-4.5,-33.3,-19,0,0,0,-51,0,0,0,81
full_week,confidence_central,45 - 26,shared_keeper_capacity_high,shared_keeper_capacity_central,cumulative_unprofitable_attempts,128,3.7421875,0.844683327024,2.08660817903,5.39776682097,0,-2.65,0,6.25,17,19,-31,49,0.390625,50,14
full_week,confidence_central,45 - 26,shared_keeper_capacity_high,shared_keeper_capacity_central,binding_hours,128,-0.7890625,0.0781588263384,-0.942253799623,-0.635871200377,-1,-2,-1,0,0,0,-4,0,0,0,69
full_week,confidence_central,45 - 26,shared_keeper_capacity_high,shared_keeper_capacity_central,positive_demand_hours,128,-0.421875,0.170256788096,-0.755578304668,-0.0881716953321,0,-2,0,0,0,0,-20,0,0,0,16
full_week,confidence_central,45 - 26,shared_keeper_capacity_high,shared_keeper_capacity_central,mean_capacity_utilisation,128,-0.110595474138,0.0034648109709,-0.117386503641,-0.103804444635,-0.104344729345,-0.185144641683,-0.128876678877,-0.0882487610429,-0.0775241606614,-0.0635320330192,-0.216837606838,0.0903418803419,0.0078125,1,127
full_week,confidence_central,45 - 26,shared_keeper_capacity_high,shared_keeper_capacity_central,maximum_capacity_utilisation,128,-0.212139423077,0.0155280540935,-0.2425744091,-0.181704437054,-0.271367521368,-0.422222222222,-0.377777777778,0,0,0,-0.422222222222,0,0,0,84
full_week,confidence_central,45 - 26,shared_keeper_capacity_high,shared_keeper_capacity_central,maximum_attempts_one_hour,128,8.5859375,0.764502770557,7.08751206971,10.0843629303,2,0,0,19,19,19,0,19,0.6328125,81,0
full_week,confidence_central,45 - 26,shared_keeper_capacity_high,shared_keeper_capacity_central,cumulative_debt_repaid_dai,128,341.51488184,57.5563003553,228.704533143,454.325230536,0,0,0,522.284749551,1111.21230595,1483.10778004,-2.32830643654e-10,4308.76576705,0.4296875,55,6
full_week,confidence_central,45 - 26,shared_keeper_capacity_high,shared_keeper_capacity_central,completed_liquidation_count,128,1.7265625,0.255528161284,1.22572730388,2.22739769612,0,0,0,2,6,8,0,14,0.390625,50,0
full_week,confidence_central,45 - 26,shared_keeper_capacity_high,shared_keeper_capacity_central,unresolved_vault_count,128,0,0,0,0,0,0,0,0,0,0,0,0,0,0,0
full_week,confidence_central,45 - 26,shared_keeper_capacity_high,shared_keeper_capacity_central,unresolved_tab_at_horizon_dai,128,0,0,0,0,0,0,0,0,0,0,0,0,0,0,0
full_week,confidence_central,45 - 26,shared_keeper_capacity_high,shared_keeper_capacity_central,maximum_backlog_duration,128,-1.28125,0.464134097151,-2.19095283042,-0.371547169585,0,-8.3,0,0,0,0,-52,0,0,0,17
full_week,confidence_central,45 - 26,shared_keeper_capacity_high,shared_keeper_capacity_central,active_bad_debt_at_horizon_dai,128,0,0,0,0,0,0,0,0,0,0,0,0,0,0,0
full_week,confidence_central,45 - 26,shared_keeper_capacity_high,shared_keeper_capacity_central,maximum_active_bad_debt_dai,128,-2.86624605916,2.86624605916,-8.48408833513,2.7515962168,0,0,0,0,0,0,-366.879495573,0,0,0,1
full_week,confidence_central,45 - 26,shared_keeper_capacity_high,shared_keeper_capacity_central,keeper_profit_dai,128,15.5478671401,16.6426273157,-17.0716823987,48.1674166788,0,-143.687193546,0,44.122226078,148.421248106,247.324135457,-1385.18777184,667.482244999,0.359375,46,24
full_week,confidence_central,45 - 26,shared_keeper_capacity_high,shared_keeper_capacity_central,recovered_before_execution_count,128,-2.40625,0.320217211436,-3.03387573442,-1.77862426558,0,-10,-4,0,0,0,-16,0,0,0,61
full_week,confidence_central,45 - 26,shared_keeper_capacity_high,shared_keeper_capacity_central,recovered_before_closure_count,128,-1.7265625,0.255528161284,-2.22739769612,-1.22572730388,0,-8,-2,0,0,0,-14,0,0,0,50
full_week,confidence_central,45 - 26,shared_keeper_capacity_high,shared_keeper_capacity_central,minimum_dai_price,128,0,0,0,0,0,0,0,0,0,0,0,0,0,0,0
full_week,confidence_central,45 - 26,shared_keeper_capacity_high,shared_keeper_capacity_central,maximum_negative_peg_deviation,128,0,0,0,0,0,0,0,0,0,0,0,0,0,0,0
full_week,confidence_central,45 - 26,shared_keeper_capacity_high,shared_keeper_capacity_central,mean_absolute_peg_deviation,128,0,0,0,0,0,0,0,0,0,0,0,0,0,0,0
full_week,confidence_central,45 - 26,shared_keeper_capacity_high,shared_keeper_capacity_central,hours_below_0995,128,0,0,0,0,0,0,0,0,0,0,0,0,0,0,0
full_week,confidence_central,45 - 26,shared_keeper_capacity_high,shared_keeper_capacity_central,hours_above_1005,128,0,0,0,0,0,0,0,0,0,0,0,0,0,0,0
full_week,confidence_central,45 - 26,shared_keeper_capacity_high,shared_keeper_capacity_central,first_return_time,128,0,0,0,0,0,0,0,0,0,0,0,0,0,0,0
full_week,confidence_central,45 - 26,shared_keeper_capacity_high,shared_keeper_capacity_central,failed_recovery_attempts,128,0,0,0,0,0,0,0,0,0,0,0,0,0,0,0
full_week,confidence_central,45 - 26,shared_keeper_capacity_high,shared_keeper_capacity_central,recovery_probability_168h,128,0,0,0,0,0,0,0,0,0,0,0,0,0,0,0
full_week,confidence_central,45 - 26,shared_keeper_capacity_high,shared_keeper_capacity_central,recovery_probability_336h,128,0,0,0,0,0,0,0,0,0,0,0,0,0,0,0
full_week,confidence_central,45 - 26,shared_keeper_capacity_high,shared_keeper_capacity_central,recovery_probability_720h,128,0,0,0,0,0,0,0,0,0,0,0,0,0,0,0
full_week,confidence_central,45 - 26,shared_keeper_capacity_high,shared_keeper_capacity_central,final_dai_price,128,0,0,0,0,0,0,0,0,0,0,0,0,0,0,0
full_week,confidence_central,45 - 26,shared_keeper_capacity_high,shared_keeper_capacity_central,final_peg_band_status,128,0,0,0,0,0,0,0,0,0,0,0,0,0,0,0
full_week,confidence_central,45 - 26,shared_keeper_capacity_high,shared_keeper_capacity_central,minimum_confidence,128,0,0,0,0,0,0,0,0,0,0,0,0,0,0,0
full_week,confidence_central,45 - 26,shared_keeper_capacity_high,shared_keeper_capacity_central,mean_confidence_loss,128,0,0,0,0,0,0,0,0,0,0,0,0,0,0,0
full_week,confidence_central,45 - 26,shared_keeper_capacity_high,shared_keeper_capacity_central,confidence_at_horizon,128,0,0,0,0,0,0,0,0,0,0,0,0,0,0,0
full_week,confidence_central,45 - 26,shared_keeper_capacity_high,shared_keeper_capacity_central,hours_at_confidence_floor,128,0,0,0,0,0,0,0,0,0,0,0,0,0,0,0
full_week,confidence_central,45 - 26,shared_keeper_capacity_high,shared_keeper_capacity_central,hours_recovery_gate_closed,128,0,0,0,0,0,0,0,0,0,0,0,0,0,0,0
full_week,confidence_central,45 - 26,shared_keeper_capacity_high,shared_keeper_capacity_central,first_recovery_gate_open,128,0,0,0,0,0,0,0,0,0,0,0,0,0,0,0
full_week,confidence_central,45 - 26,shared_keeper_capacity_high,shared_keeper_capacity_central,recovery_gate_reopenings,128,0,0,0,0,0,0,0,0,0,0,0,0,0,0,0
full_week,confidence_central,45 - 26,shared_keeper_capacity_high,shared_keeper_capacity_central,cumulative_panic_contribution,128,0,0,0,0,0,0,0,0,0,0,0,0,0,0,0
full_week,confidence_central,45 - 26,shared_keeper_capacity_high,shared_keeper_capacity_central,maximum_panic_contribution,128,0,0,0,0,0,0,0,0,0,0,0,0,0,0,0
full_week,confidence_central,45 - 14,shared_keeper_capacity_high,shared_keeper_capacity_low,backlog_area_dai_hours,128,-390178.100227,28110.5955584,-445274.867522,-335081.332933,-283182.286885,-1010102.22986,-558644.32099,-165263.485156,-84500.4225402,-55573.0820481,-1487060.77191,0,0,0,126
full_week,confidence_central,45 - 14,shared_keeper_capacity_high,shared_keeper_capacity_low,maximum_unresolved_tab_dai,128,-2832.5205188,1088.7773247,-4966.52407522,-698.516962376,0,-19564.7156667,0,0,0,0,-106805.719735,0,0,0,10
full_week,confidence_central,45 - 14,shared_keeper_capacity_high,shared_keeper_capacity_low,cumulative_realised_bad_debt_dai,128,1.87068871324e-14,1.06205627469e-14,-2.10941585158e-15,3.95231901163e-14,0,-1.33146269407e-13,-6.59983858618e-16,6.24147657052e-14,1.2975063013e-13,1.93601816507e-13,-6.37655219391e-13,5.751202557e-13,0.359375,46,38
full_week,confidence_central,45 - 14,shared_keeper_capacity_high,shared_keeper_capacity_low,below_peg_burden,128,0,0,0,0,0,0,0,0,0,0,0,0,0,0,0
full_week,confidence_central,45 - 14,shared_keeper_capacity_high,shared_keeper_capacity_low,restricted_mean_recovery_time,128,0,0,0,0,0,0,0,0,0,0,0,0,0,0,0
full_week,confidence_central,45 - 14,shared_keeper_capacity_high,shared_keeper_capacity_low,unsafe_vault_count,128,0,0,0,0,0,0,0,0,0,0,0,0,0,0,0
full_week,confidence_central,45 - 14,shared_keeper_capacity_high,shared_keeper_capacity_low,peak_unsafe_share,128,0,0,0,0,0,0,0,0,0,0,0,0,0,0,0
full_week,confidence_central,45 - 14,shared_keeper_capacity_high,shared_keeper_capacity_low,newly_unsafe_count,128,0,0,0,0,0,0,0,0,0,0,0,0,0,0,0
full_week,confidence_central,45 - 14,shared_keeper_capacity_high,shared_keeper_capacity_low,cumulative_arrival_count,128,-23.3984375,3.40116968076,-30.0647300743,-16.7321449257,0,-95.6,-37,0,0,0,-232,0,0,0,59
full_week,confidence_central,45 - 14,shared_keeper_capacity_high,shared_keeper_capacity_low,cumulative_attempts,128,19.90625,1.73518892284,16.5052797112,23.3072202888,17,-4.65,7,26.25,45,56.95,-18,95,0.890625,114,10
full_week,confidence_central,45 - 14,shared_keeper_capacity_high,shared_keeper_capacity_low,cumulative_successful_closures,128,7.6953125,0.523507274407,6.66923824216,8.72138675784,7,0,3,11,16,19,0,30,0.9296875,119,0
full_week,confidence_central,45 - 14,shared_keeper_capacity_high,shared_keeper_capacity_low,cumulative_capacity_rejected,128,-44.5078125,2.23102773529,-48.8806268612,-40.1349981388,-40.5,-93.65,-59,-25.75,-17,-10.35,-136,0,0,0,127
full_week,confidence_central,45 - 14,shared_keeper_capacity_high,shared_keeper_capacity_low,cumulative_unprofitable_attempts,128,12.2109375,1.80845334117,8.66636895131,15.7555060487,6.5,-9.65,0,20.25,42.3,50.65,-25,87,0.625,80,28
full_week,confidence_central,45 - 14,shared_keeper_capacity_high,shared_keeper_capacity_low,binding_hours,128,-3.953125,0.133960057932,-4.21568671355,-3.69056328645,-4,-6,-5,-3,-2,-2,-9,0,0,0,126
full_week,confidence_central,45 - 14,shared_keeper_capacity_high,shared_keeper_capacity_low,positive_demand_hours,128,-2.3046875,0.324628534258,-2.94095942715,-1.66841557285,0,-9,-3,0,0,0,-20,0,0,0,59
full_week,confidence_central,45 - 14,shared_keeper_capacity_high,shared_keeper_capacity_low,mean_capacity_utilisation,128,-0.251770423629,0.00536117227989,-0.262278321297,-0.24126252596,-0.247685185185,-0.356871362434,-0.292881944444,-0.213684807256,-0.181774248161,-0.164470646313,-0.404081632653,-0.0526984126984,0,0,128
full_week,confidence_central,45 - 14,shared_keeper_capacity_high,shared_keeper_capacity_low,maximum_capacity_utilisation,128,-0.2578125,0.0196840934953,-0.296393323251,-0.219231676749,-0.377777777778,-0.555555555556,-0.466666666667,0,0,0,-0.688888888889,0,0,0,84
full_week,confidence_central,45 - 14,shared_keeper_capacity_high,shared_keeper_capacity_low,maximum_attempts_one_hour,128,19.3984375,0.885784207287,17.6623004537,21.1345745463,14,6,10,31,31,31,0,31,0.9921875,127,0
full_week,confidence_central,45 - 14,shared_keeper_capacity_high,shared_keeper_capacity_low,cumulative_debt_repaid_dai,128,1976.46008134,174.014065218,1635.39251351,2317.52764917,1443.33974466,1.16415321827e-10,468.594508741,2984.62146245,4681.76772187,5510.80199089,-1.16415321827e-10,12065.773012,0.9609375,123,2
full_week,confidence_central,45 - 14,shared_keeper_capacity_high,shared_keeper_capacity_low,completed_liquidation_count,128,7.6953125,0.523507274407,6.66923824216,8.72138675784,7,0,3,11,16,19,0,30,0.9296875,119,0
full_week,confidence_central,45 - 14,shared_keeper_capacity_high,shared_keeper_capacity_low,unresolved_vault_count,128,0,0,0,0,0,0,0,0,0,0,0,0,0,0,0
full_week,confidence_central,45 - 14,shared_keeper_capacity_high,shared_keeper_capacity_low,unresolved_tab_at_horizon_dai,128,0,0,0,0,0,0,0,0,0,0,0,0,0,0,0
full_week,confidence_central,45 - 14,shared_keeper_capacity_high,shared_keeper_capacity_low,maximum_backlog_duration,128,-6.7109375,0.975912677499,-8.6237263479,-4.7981486521,0,-27.65,-8.25,0,0,0,-52,0,0,0,59
full_week,confidence_central,45 - 14,shared_keeper_capacity_high,shared_keeper_capacity_low,active_bad_debt_at_horizon_dai,128,0,0,0,0,0,0,0,0,0,0,0,0,0,0,0
full_week,confidence_central,45 - 14,shared_keeper_capacity_high,shared_keeper_capacity_low,maximum_active_bad_debt_dai,128,-9.60773711476,5.72938588585,-20.837333451,1.62185922151,0,0,0,0,0,0,-570.244096192,0,0,0,3
full_week,confidence_central,45 - 14,shared_keeper_capacity_high,shared_keeper_capacity_low,keeper_profit_dai,128,172.929431544,32.3672009687,109.489717646,236.369145443,127.135153975,-270.718880131,24.1058896032,369.276378415,601.675104435,733.901892265,-1556.69963645,1567.74101809,0.7734375,99,27
full_week,confidence_central,45 - 14,shared_keeper_capacity_high,shared_keeper_capacity_low,recovered_before_execution_count,128,-9.7265625,0.557001211732,-10.818284875,-8.63484012501,-8,-20.65,-14,-5.75,-2,-1,-28,0,0,0,124
full_week,confidence_central,45 - 14,shared_keeper_capacity_high,shared_keeper_capacity_low,recovered_before_closure_count,128,-7.6953125,0.523507274407,-8.72138675784,-6.66923824216,-7,-19,-11,-3,-1,0,-30,0,0,0,119
full_week,confidence_central,45 - 14,shared_keeper_capacity_high,shared_keeper_capacity_low,minimum_dai_price,128,0,0,0,0,0,0,0,0,0,0,0,0,0,0,0
full_week,confidence_central,45 - 14,shared_keeper_capacity_high,shared_keeper_capacity_low,maximum_negative_peg_deviation,128,0,0,0,0,0,0,0,0,0,0,0,0,0,0,0
full_week,confidence_central,45 - 14,shared_keeper_capacity_high,shared_keeper_capacity_low,mean_absolute_peg_deviation,128,0,0,0,0,0,0,0,0,0,0,0,0,0,0,0
full_week,confidence_central,45 - 14,shared_keeper_capacity_high,shared_keeper_capacity_low,hours_below_0995,128,0,0,0,0,0,0,0,0,0,0,0,0,0,0,0
full_week,confidence_central,45 - 14,shared_keeper_capacity_high,shared_keeper_capacity_low,hours_above_1005,128,0,0,0,0,0,0,0,0,0,0,0,0,0,0,0
full_week,confidence_central,45 - 14,shared_keeper_capacity_high,shared_keeper_capacity_low,first_return_time,128,0,0,0,0,0,0,0,0,0,0,0,0,0,0,0
full_week,confidence_central,45 - 14,shared_keeper_capacity_high,shared_keeper_capacity_low,failed_recovery_attempts,128,0,0,0,0,0,0,0,0,0,0,0,0,0,0,0
full_week,confidence_central,45 - 14,shared_keeper_capacity_high,shared_keeper_capacity_low,recovery_probability_168h,128,0,0,0,0,0,0,0,0,0,0,0,0,0,0,0
full_week,confidence_central,45 - 14,shared_keeper_capacity_high,shared_keeper_capacity_low,recovery_probability_336h,128,0,0,0,0,0,0,0,0,0,0,0,0,0,0,0
full_week,confidence_central,45 - 14,shared_keeper_capacity_high,shared_keeper_capacity_low,recovery_probability_720h,128,0,0,0,0,0,0,0,0,0,0,0,0,0,0,0
full_week,confidence_central,45 - 14,shared_keeper_capacity_high,shared_keeper_capacity_low,final_dai_price,128,0,0,0,0,0,0,0,0,0,0,0,0,0,0,0
full_week,confidence_central,45 - 14,shared_keeper_capacity_high,shared_keeper_capacity_low,final_peg_band_status,128,0,0,0,0,0,0,0,0,0,0,0,0,0,0,0
full_week,confidence_central,45 - 14,shared_keeper_capacity_high,shared_keeper_capacity_low,minimum_confidence,128,0,0,0,0,0,0,0,0,0,0,0,0,0,0,0
full_week,confidence_central,45 - 14,shared_keeper_capacity_high,shared_keeper_capacity_low,mean_confidence_loss,128,0,0,0,0,0,0,0,0,0,0,0,0,0,0,0
full_week,confidence_central,45 - 14,shared_keeper_capacity_high,shared_keeper_capacity_low,confidence_at_horizon,128,0,0,0,0,0,0,0,0,0,0,0,0,0,0,0
full_week,confidence_central,45 - 14,shared_keeper_capacity_high,shared_keeper_capacity_low,hours_at_confidence_floor,128,0,0,0,0,0,0,0,0,0,0,0,0,0,0,0
full_week,confidence_central,45 - 14,shared_keeper_capacity_high,shared_keeper_capacity_low,hours_recovery_gate_closed,128,0,0,0,0,0,0,0,0,0,0,0,0,0,0,0
full_week,confidence_central,45 - 14,shared_keeper_capacity_high,shared_keeper_capacity_low,first_recovery_gate_open,128,0,0,0,0,0,0,0,0,0,0,0,0,0,0,0
full_week,confidence_central,45 - 14,shared_keeper_capacity_high,shared_keeper_capacity_low,recovery_gate_reopenings,128,0,0,0,0,0,0,0,0,0,0,0,0,0,0,0
full_week,confidence_central,45 - 14,shared_keeper_capacity_high,shared_keeper_capacity_low,cumulative_panic_contribution,128,0,0,0,0,0,0,0,0,0,0,0,0,0,0,0
full_week,confidence_central,45 - 14,shared_keeper_capacity_high,shared_keeper_capacity_low,maximum_panic_contribution,128,0,0,0,0,0,0,0,0,0,0,0,0,0,0,0
full_week,confidence_fragile,26 - 14,shared_keeper_capacity_central,shared_keeper_capacity_low,backlog_area_dai_hours,128,-328324.007107,21982.9503461,-371410.589785,-285237.424428,-255792.727235,-766724.38653,-451791.3304,-149678.993144,-79249.0350548,-51578.3229692,-1361400.99408,0,0,0,126
full_week,confidence_fragile,26 - 14,shared_keeper_capacity_central,shared_keeper_capacity_low,maximum_unresolved_tab_dai,128,-2385.2206747,846.114797039,-4043.6056769,-726.835672501,0,-19564.7156667,0,0,0,0,-68362.5352775,0,0,0,10
full_week,confidence_fragile,26 - 14,shared_keeper_capacity_central,shared_keeper_capacity_low,cumulative_realised_bad_debt_dai,128,2.20918600209e-14,1.08430422044e-14,8.39497300251e-16,4.33442227415e-14,0,-1.33146269407e-13,-3.25402266101e-16,6.42544423586e-14,1.2975063013e-13,1.73177535473e-13,-6.37655219391e-13,5.751202557e-13,0.359375,46,35
full_week,confidence_fragile,26 - 14,shared_keeper_capacity_central,shared_keeper_capacity_low,below_peg_burden,128,0,0,0,0,0,0,0,0,0,0,0,0,0,0,0
full_week,confidence_fragile,26 - 14,shared_keeper_capacity_central,shared_keeper_capacity_low,restricted_mean_recovery_time,128,0,0,0,0,0,0,0,0,0,0,0,0,0,0,0
full_week,confidence_fragile,26 - 14,shared_keeper_capacity_central,shared_keeper_capacity_low,unsafe_vault_count,128,0,0,0,0,0,0,0,0,0,0,0,0,0,0,0
full_week,confidence_fragile,26 - 14,shared_keeper_capacity_central,shared_keeper_capacity_low,peak_unsafe_share,128,0,0,0,0,0,0,0,0,0,0,0,0,0,0,0
full_week,confidence_fragile,26 - 14,shared_keeper_capacity_central,shared_keeper_capacity_low,newly_unsafe_count,128,0,0,0,0,0,0,0,0,0,0,0,0,0,0,0
full_week,confidence_fragile,26 - 14,shared_keeper_capacity_central,shared_keeper_capacity_low,cumulative_arrival_count,128,-18.3125,2.76262648016,-23.7272479011,-12.8977520989,0,-90.65,-24.25,0,0,0,-157,0,0,0,56
full_week,confidence_fragile,26 - 14,shared_keeper_capacity_central,shared_keeper_capacity_low,cumulative_attempts,128,14.4375,1.20824706679,12.0693357491,16.8056642509,12,-4,5,20.25,32,44,-18,56,0.8828125,113,10
full_week,confidence_fragile,26 - 14,shared_keeper_capacity_central,shared_keeper_capacity_low,cumulative_successful_closures,128,5.96875,0.409792999766,5.16555572046,6.77194427954,5,0,2.75,8,13,14.65,0,21,0.921875,118,0
full_week,confidence_fragile,26 - 14,shared_keeper_capacity_central,shared_keeper_capacity_low,cumulative_capacity_rejected,128,-34.0625,1.47880157041,-36.960951078,-31.164048922,-31,-59.3,-45,-23,-16,-10.35,-98,0,0,0,127
full_week,confidence_fragile,26 - 14,shared_keeper_capacity_central,shared_keeper_capacity_low,cumulative_unprofitable_attempts,128,8.46875,1.31447580474,5.89237742271,11.0451225773,4,-10.65,0,18,28.3,38.65,-22,56,0.640625,82,28
full_week,confidence_fragile,26 - 14,shared_keeper_capacity_central,shared_keeper_capacity_low,binding_hours,128,-3.1640625,0.129722477733,-3.41831855636,-2.90980644364,-3,-5.65,-4,-2,-1,-1,-7,0,0,0,123
full_week,confidence_fragile,26 - 14,shared_keeper_capacity_central,shared_keeper_capacity_low,positive_demand_hours,128,-1.8828125,0.276992844927,-2.42571847606,-1.33990652394,0,-9,-2,0,0,0,-16,0,0,0,56
full_week,confidence_fragile,26 - 14,shared_keeper_capacity_central,shared_keeper_capacity_low,mean_capacity_utilisation,128,-0.141174949491,0.00497752796801,-0.150930904308,-0.131418994673,-0.150276833141,-0.219599426309,-0.175529827316,-0.119337558993,-0.0672740900074,-0.0141433566434,-0.251526251526,0.0391844997108,0.0390625,5,123
full_week,confidence_fragile,26 - 14,shared_keeper_capacity_central,shared_keeper_capacity_low,maximum_capacity_utilisation,128,-0.0456730769231,0.00765233690747,-0.0606716572617,-0.0306744965844,0,-0.230769230769,-0.0769230769231,0,0,0,-0.461538461538,0,0,0,37
full_week,confidence_fragile,26 - 14,shared_keeper_capacity_central,shared_keeper_capacity_low,maximum_attempts_one_hour,128,10.8125,0.198960759594,10.4225369112,11.2024630888,12,6,10,12,12,12,0,12,0.9921875,127,0
full_week,confidence_fragile,26 - 14,shared_keeper_capacity_central,shared_keeper_capacity_low,cumulative_debt_repaid_dai,128,1634.9451995,157.53666734,1326.17333151,1943.71706749,1137.55573222,5.82076609135e-11,308.60235133,2297.79919276,4040.20309962,5094.89257952,-1.16415321827e-10,12065.773012,0.953125,122,2
full_week,confidence_fragile,26 - 14,shared_keeper_capacity_central,shared_keeper_capacity_low,completed_liquidation_count,128,5.96875,0.409792999766,5.16555572046,6.77194427954,5,0,2.75,8,13,14.65,0,21,0.921875,118,0
full_week,confidence_fragile,26 - 14,shared_keeper_capacity_central,shared_keeper_capacity_low,unresolved_vault_count,128,0,0,0,0,0,0,0,0,0,0,0,0,0,0,0
full_week,confidence_fragile,26 - 14,shared_keeper_capacity_central,shared_keeper_capacity_low,unresolved_tab_at_horizon_dai,128,0,0,0,0,0,0,0,0,0,0,0,0,0,0,0
full_week,confidence_fragile,26 - 14,shared_keeper_capacity_central,shared_keeper_capacity_low,maximum_backlog_duration,128,-5.4296875,0.866712978457,-7.12844493778,-3.73093006222,0,-27,-6.25,0,0,0,-52,0,0,0,54
full_week,confidence_fragile,26 - 14,shared_keeper_capacity_central,shared_keeper_capacity_low,active_bad_debt_at_horizon_dai,128,0,0,0,0,0,0,0,0,0,0,0,0,0,0,0
full_week,confidence_fragile,26 - 14,shared_keeper_capacity_central,shared_keeper_capacity_low,maximum_active_bad_debt_dai,128,-6.74149105559,4.99147190537,-16.5247759901,3.04179387893,0,0,0,0,0,0,-570.244096192,0,0,0,2
full_week,confidence_fragile,26 - 14,shared_keeper_capacity_central,shared_keeper_capacity_low,keeper_profit_dai,128,157.381564404,24.8715582031,108.633310326,206.129818482,113.918747302,-245.615042822,6.18507592093,304.222674271,503.29082411,627.35395104,-513.57962399,1567.74101809,0.75,96,30
full_week,confidence_fragile,26 - 14,shared_keeper_capacity_central,shared_keeper_capacity_low,recovered_before_execution_count,128,-7.3203125,0.41278378358,-8.12936871582,-6.51125628418,-7,-15,-10,-4,-2,-1,-23,0,0,0,124
full_week,confidence_fragile,26 - 14,shared_keeper_capacity_central,shared_keeper_capacity_low,recovered_before_closure_count,128,-5.96875,0.409792999766,-6.77194427954,-5.16555572046,-5,-14.65,-8,-2.75,-1,0,-21,0,0,0,118
full_week,confidence_fragile,26 - 14,shared_keeper_capacity_central,shared_keeper_capacity_low,minimum_dai_price,128,0,0,0,0,0,0,0,0,0,0,0,0,0,0,0
full_week,confidence_fragile,26 - 14,shared_keeper_capacity_central,shared_keeper_capacity_low,maximum_negative_peg_deviation,128,0,0,0,0,0,0,0,0,0,0,0,0,0,0,0
full_week,confidence_fragile,26 - 14,shared_keeper_capacity_central,shared_keeper_capacity_low,mean_absolute_peg_deviation,128,0,0,0,0,0,0,0,0,0,0,0,0,0,0,0
full_week,confidence_fragile,26 - 14,shared_keeper_capacity_central,shared_keeper_capacity_low,hours_below_0995,128,0,0,0,0,0,0,0,0,0,0,0,0,0,0,0
full_week,confidence_fragile,26 - 14,shared_keeper_capacity_central,shared_keeper_capacity_low,hours_above_1005,128,0,0,0,0,0,0,0,0,0,0,0,0,0,0,0
full_week,confidence_fragile,26 - 14,shared_keeper_capacity_central,shared_keeper_capacity_low,first_return_time,128,0,0,0,0,0,0,0,0,0,0,0,0,0,0,0
full_week,confidence_fragile,26 - 14,shared_keeper_capacity_central,shared_keeper_capacity_low,failed_recovery_attempts,128,0,0,0,0,0,0,0,0,0,0,0,0,0,0,0
full_week,confidence_fragile,26 - 14,shared_keeper_capacity_central,shared_keeper_capacity_low,recovery_probability_168h,128,0,0,0,0,0,0,0,0,0,0,0,0,0,0,0
full_week,confidence_fragile,26 - 14,shared_keeper_capacity_central,shared_keeper_capacity_low,recovery_probability_336h,128,0,0,0,0,0,0,0,0,0,0,0,0,0,0,0
full_week,confidence_fragile,26 - 14,shared_keeper_capacity_central,shared_keeper_capacity_low,recovery_probability_720h,128,0,0,0,0,0,0,0,0,0,0,0,0,0,0,0
full_week,confidence_fragile,26 - 14,shared_keeper_capacity_central,shared_keeper_capacity_low,final_dai_price,128,0,0,0,0,0,0,0,0,0,0,0,0,0,0,0
full_week,confidence_fragile,26 - 14,shared_keeper_capacity_central,shared_keeper_capacity_low,final_peg_band_status,128,0,0,0,0,0,0,0,0,0,0,0,0,0,0,0
full_week,confidence_fragile,26 - 14,shared_keeper_capacity_central,shared_keeper_capacity_low,minimum_confidence,128,0,0,0,0,0,0,0,0,0,0,0,0,0,0,0
full_week,confidence_fragile,26 - 14,shared_keeper_capacity_central,shared_keeper_capacity_low,mean_confidence_loss,128,0,0,0,0,0,0,0,0,0,0,0,0,0,0,0
full_week,confidence_fragile,26 - 14,shared_keeper_capacity_central,shared_keeper_capacity_low,confidence_at_horizon,128,0,0,0,0,0,0,0,0,0,0,0,0,0,0,0
full_week,confidence_fragile,26 - 14,shared_keeper_capacity_central,shared_keeper_capacity_low,hours_at_confidence_floor,128,0,0,0,0,0,0,0,0,0,0,0,0,0,0,0
full_week,confidence_fragile,26 - 14,shared_keeper_capacity_central,shared_keeper_capacity_low,hours_recovery_gate_closed,128,0,0,0,0,0,0,0,0,0,0,0,0,0,0,0
full_week,confidence_fragile,26 - 14,shared_keeper_capacity_central,shared_keeper_capacity_low,first_recovery_gate_open,128,0,0,0,0,0,0,0,0,0,0,0,0,0,0,0
full_week,confidence_fragile,26 - 14,shared_keeper_capacity_central,shared_keeper_capacity_low,recovery_gate_reopenings,128,0,0,0,0,0,0,0,0,0,0,0,0,0,0,0
full_week,confidence_fragile,26 - 14,shared_keeper_capacity_central,shared_keeper_capacity_low,cumulative_panic_contribution,128,0,0,0,0,0,0,0,0,0,0,0,0,0,0,0
full_week,confidence_fragile,26 - 14,shared_keeper_capacity_central,shared_keeper_capacity_low,maximum_panic_contribution,128,0,0,0,0,0,0,0,0,0,0,0,0,0,0,0
full_week,confidence_fragile,45 - 26,shared_keeper_capacity_high,shared_keeper_capacity_central,backlog_area_dai_hours,128,-61854.0931207,9909.10424731,-81275.9374454,-42432.248796,-3669.60609071,-316815.786517,-63718.6643449,0,0,0,-498119.578513,0,0,0,70
full_week,confidence_fragile,45 - 26,shared_keeper_capacity_high,shared_keeper_capacity_central,maximum_unresolved_tab_dai,128,-447.299844099,333.324789902,-1100.61643231,206.016744109,0,0,0,0,0,0,-38443.1844578,0,0,0,2
full_week,confidence_fragile,45 - 26,shared_keeper_capacity_high,shared_keeper_capacity_central,cumulative_realised_bad_debt_dai,128,-3.38497288852e-15,4.64753572989e-15,-1.24941429191e-14,5.72419714207e-15,0,-8.26439409024e-14,0,0,0,3.21674453161e-14,-3.84527373091e-13,2.228682931e-13,0.078125,10,17
full_week,confidence_fragile,45 - 26,shared_keeper_capacity_high,shared_keeper_capacity_central,below_peg_burden,128,0,0,0,0,0,0,0,0,0,0,0,0,0,0,0
full_week,confidence_fragile,45 - 26,shared_keeper_capacity_high,shared_keeper_capacity_central,restricted_mean_recovery_time,128,0,0,0,0,0,0,0,0,0,0,0,0,0,0,0
full_week,confidence_fragile,45 - 26,shared_keeper_capacity_high,shared_keeper_capacity_central,unsafe_vault_count,128,0,0,0,0,0,0,0,0,0,0,0,0,0,0,0
full_week,confidence_fragile,45 - 26,shared_keeper_capacity_high,shared_keeper_capacity_central,peak_unsafe_share,128,0,0,0,0,0,0,0,0,0,0,0,0,0,0,0
full_week,confidence_fragile,45 - 26,shared_keeper_capacity_high,shared_keeper_capacity_central,newly_unsafe_count,128,0,0,0,0,0,0,0,0,0,0,0,0,0,0,0
full_week,confidence_fragile,45 - 26,shared_keeper_capacity_high,shared_keeper_capacity_central,cumulative_arrival_count,128,-5.0859375,2.03663625186,-9.07774455366,-1.09413044634,0,-23,0,0,0,0,-232,0,0,0,16
full_week,confidence_fragile,45 - 26,shared_keeper_capacity_high,shared_keeper_capacity_central,cumulative_attempts,128,5.46875,0.859675815283,3.78378540205,7.15371459795,1,-0.65,0,10,19,19.65,-25,51,0.515625,66,7
full_week,confidence_fragile,45 - 26,shared_keeper_capacity_high,shared_keeper_capacity_central,cumulative_successful_closures,128,1.7265625,0.255528161284,1.22572730388,2.22739769612,0,0,0,2,6,8,0,14,0.390625,50,0
full_week,confidence_fragile,45 - 26,shared_keeper_capacity_high,shared_keeper_capacity_central,cumulative_capacity_rejected,128,-10.4453125,1.05331594619,-12.5098117545,-8.38081324547,-4.5,-33.3,-19,0,0,0,-51,0,0,0,81
full_week,confidence_fragile,45 - 26,shared_keeper_capacity_high,shared_keeper_capacity_central,cumulative_unprofitable_attempts,128,3.7421875,0.844683327024,2.08660817903,5.39776682097,0,-2.65,0,6.25,17,19,-31,49,0.390625,50,14
full_week,confidence_fragile,45 - 26,shared_keeper_capacity_high,shared_keeper_capacity_central,binding_hours,128,-0.7890625,0.0781588263384,-0.942253799623,-0.635871200377,-1,-2,-1,0,0,0,-4,0,0,0,69
full_week,confidence_fragile,45 - 26,shared_keeper_capacity_high,shared_keeper_capacity_central,positive_demand_hours,128,-0.421875,0.170256788096,-0.755578304668,-0.0881716953321,0,-2,0,0,0,0,-20,0,0,0,16
full_week,confidence_fragile,45 - 26,shared_keeper_capacity_high,shared_keeper_capacity_central,mean_capacity_utilisation,128,-0.110595474138,0.0034648109709,-0.117386503641,-0.103804444635,-0.104344729345,-0.185144641683,-0.128876678877,-0.0882487610429,-0.0775241606614,-0.0635320330192,-0.216837606838,0.0903418803419,0.0078125,1,127
full_week,confidence_fragile,45 - 26,shared_keeper_capacity_high,shared_keeper_capacity_central,maximum_capacity_utilisation,128,-0.212139423077,0.0155280540935,-0.2425744091,-0.181704437054,-0.271367521368,-0.422222222222,-0.377777777778,0,0,0,-0.422222222222,0,0,0,84
full_week,confidence_fragile,45 - 26,shared_keeper_capacity_high,shared_keeper_capacity_central,maximum_attempts_one_hour,128,8.5859375,0.764502770557,7.08751206971,10.0843629303,2,0,0,19,19,19,0,19,0.6328125,81,0
full_week,confidence_fragile,45 - 26,shared_keeper_capacity_high,shared_keeper_capacity_central,cumulative_debt_repaid_dai,128,341.51488184,57.5563003553,228.704533143,454.325230536,0,0,0,522.284749551,1111.21230595,1483.10778004,-2.32830643654e-10,4308.76576705,0.4296875,55,6
full_week,confidence_fragile,45 - 26,shared_keeper_capacity_high,shared_keeper_capacity_central,completed_liquidation_count,128,1.7265625,0.255528161284,1.22572730388,2.22739769612,0,0,0,2,6,8,0,14,0.390625,50,0
full_week,confidence_fragile,45 - 26,shared_keeper_capacity_high,shared_keeper_capacity_central,unresolved_vault_count,128,0,0,0,0,0,0,0,0,0,0,0,0,0,0,0
full_week,confidence_fragile,45 - 26,shared_keeper_capacity_high,shared_keeper_capacity_central,unresolved_tab_at_horizon_dai,128,0,0,0,0,0,0,0,0,0,0,0,0,0,0,0
full_week,confidence_fragile,45 - 26,shared_keeper_capacity_high,shared_keeper_capacity_central,maximum_backlog_duration,128,-1.28125,0.464134097151,-2.19095283042,-0.371547169585,0,-8.3,0,0,0,0,-52,0,0,0,17
full_week,confidence_fragile,45 - 26,shared_keeper_capacity_high,shared_keeper_capacity_central,active_bad_debt_at_horizon_dai,128,0,0,0,0,0,0,0,0,0,0,0,0,0,0,0
full_week,confidence_fragile,45 - 26,shared_keeper_capacity_high,shared_keeper_capacity_central,maximum_active_bad_debt_dai,128,-2.86624605916,2.86624605916,-8.48408833513,2.7515962168,0,0,0,0,0,0,-366.879495573,0,0,0,1
full_week,confidence_fragile,45 - 26,shared_keeper_capacity_high,shared_keeper_capacity_central,keeper_profit_dai,128,15.5478671401,16.6426273157,-17.0716823987,48.1674166788,0,-143.687193546,0,44.122226078,148.421248106,247.324135457,-1385.18777184,667.482244999,0.359375,46,24
full_week,confidence_fragile,45 - 26,shared_keeper_capacity_high,shared_keeper_capacity_central,recovered_before_execution_count,128,-2.40625,0.320217211436,-3.03387573442,-1.77862426558,0,-10,-4,0,0,0,-16,0,0,0,61
full_week,confidence_fragile,45 - 26,shared_keeper_capacity_high,shared_keeper_capacity_central,recovered_before_closure_count,128,-1.7265625,0.255528161284,-2.22739769612,-1.22572730388,0,-8,-2,0,0,0,-14,0,0,0,50
full_week,confidence_fragile,45 - 26,shared_keeper_capacity_high,shared_keeper_capacity_central,minimum_dai_price,128,0,0,0,0,0,0,0,0,0,0,0,0,0,0,0
full_week,confidence_fragile,45 - 26,shared_keeper_capacity_high,shared_keeper_capacity_central,maximum_negative_peg_deviation,128,0,0,0,0,0,0,0,0,0,0,0,0,0,0,0
full_week,confidence_fragile,45 - 26,shared_keeper_capacity_high,shared_keeper_capacity_central,mean_absolute_peg_deviation,128,0,0,0,0,0,0,0,0,0,0,0,0,0,0,0
full_week,confidence_fragile,45 - 26,shared_keeper_capacity_high,shared_keeper_capacity_central,hours_below_0995,128,0,0,0,0,0,0,0,0,0,0,0,0,0,0,0
full_week,confidence_fragile,45 - 26,shared_keeper_capacity_high,shared_keeper_capacity_central,hours_above_1005,128,0,0,0,0,0,0,0,0,0,0,0,0,0,0,0
full_week,confidence_fragile,45 - 26,shared_keeper_capacity_high,shared_keeper_capacity_central,first_return_time,128,0,0,0,0,0,0,0,0,0,0,0,0,0,0,0
full_week,confidence_fragile,45 - 26,shared_keeper_capacity_high,shared_keeper_capacity_central,failed_recovery_attempts,128,0,0,0,0,0,0,0,0,0,0,0,0,0,0,0
full_week,confidence_fragile,45 - 26,shared_keeper_capacity_high,shared_keeper_capacity_central,recovery_probability_168h,128,0,0,0,0,0,0,0,0,0,0,0,0,0,0,0
full_week,confidence_fragile,45 - 26,shared_keeper_capacity_high,shared_keeper_capacity_central,recovery_probability_336h,128,0,0,0,0,0,0,0,0,0,0,0,0,0,0,0
full_week,confidence_fragile,45 - 26,shared_keeper_capacity_high,shared_keeper_capacity_central,recovery_probability_720h,128,0,0,0,0,0,0,0,0,0,0,0,0,0,0,0
full_week,confidence_fragile,45 - 26,shared_keeper_capacity_high,shared_keeper_capacity_central,final_dai_price,128,0,0,0,0,0,0,0,0,0,0,0,0,0,0,0
full_week,confidence_fragile,45 - 26,shared_keeper_capacity_high,shared_keeper_capacity_central,final_peg_band_status,128,0,0,0,0,0,0,0,0,0,0,0,0,0,0,0
full_week,confidence_fragile,45 - 26,shared_keeper_capacity_high,shared_keeper_capacity_central,minimum_confidence,128,0,0,0,0,0,0,0,0,0,0,0,0,0,0,0
full_week,confidence_fragile,45 - 26,shared_keeper_capacity_high,shared_keeper_capacity_central,mean_confidence_loss,128,0,0,0,0,0,0,0,0,0,0,0,0,0,0,0
full_week,confidence_fragile,45 - 26,shared_keeper_capacity_high,shared_keeper_capacity_central,confidence_at_horizon,128,0,0,0,0,0,0,0,0,0,0,0,0,0,0,0
full_week,confidence_fragile,45 - 26,shared_keeper_capacity_high,shared_keeper_capacity_central,hours_at_confidence_floor,128,0,0,0,0,0,0,0,0,0,0,0,0,0,0,0
full_week,confidence_fragile,45 - 26,shared_keeper_capacity_high,shared_keeper_capacity_central,hours_recovery_gate_closed,128,0,0,0,0,0,0,0,0,0,0,0,0,0,0,0
full_week,confidence_fragile,45 - 26,shared_keeper_capacity_high,shared_keeper_capacity_central,first_recovery_gate_open,128,0,0,0,0,0,0,0,0,0,0,0,0,0,0,0
full_week,confidence_fragile,45 - 26,shared_keeper_capacity_high,shared_keeper_capacity_central,recovery_gate_reopenings,128,0,0,0,0,0,0,0,0,0,0,0,0,0,0,0
full_week,confidence_fragile,45 - 26,shared_keeper_capacity_high,shared_keeper_capacity_central,cumulative_panic_contribution,128,0,0,0,0,0,0,0,0,0,0,0,0,0,0,0
full_week,confidence_fragile,45 - 26,shared_keeper_capacity_high,shared_keeper_capacity_central,maximum_panic_contribution,128,0,0,0,0,0,0,0,0,0,0,0,0,0,0,0
full_week,confidence_fragile,45 - 14,shared_keeper_capacity_high,shared_keeper_capacity_low,backlog_area_dai_hours,128,-390178.100227,28110.5955584,-445274.867522,-335081.332933,-283182.286885,-1010102.22986,-558644.32099,-165263.485156,-84500.4225402,-55573.0820481,-1487060.77191,0,0,0,126
full_week,confidence_fragile,45 - 14,shared_keeper_capacity_high,shared_keeper_capacity_low,maximum_unresolved_tab_dai,128,-2832.5205188,1088.7773247,-4966.52407522,-698.516962376,0,-19564.7156667,0,0,0,0,-106805.719735,0,0,0,10
full_week,confidence_fragile,45 - 14,shared_keeper_capacity_high,shared_keeper_capacity_low,cumulative_realised_bad_debt_dai,128,1.87068871324e-14,1.06205627469e-14,-2.10941585158e-15,3.95231901163e-14,0,-1.33146269407e-13,-6.59983858618e-16,6.24147657052e-14,1.2975063013e-13,1.93601816507e-13,-6.37655219391e-13,5.751202557e-13,0.359375,46,38
full_week,confidence_fragile,45 - 14,shared_keeper_capacity_high,shared_keeper_capacity_low,below_peg_burden,128,0,0,0,0,0,0,0,0,0,0,0,0,0,0,0
full_week,confidence_fragile,45 - 14,shared_keeper_capacity_high,shared_keeper_capacity_low,restricted_mean_recovery_time,128,0,0,0,0,0,0,0,0,0,0,0,0,0,0,0
full_week,confidence_fragile,45 - 14,shared_keeper_capacity_high,shared_keeper_capacity_low,unsafe_vault_count,128,0,0,0,0,0,0,0,0,0,0,0,0,0,0,0
full_week,confidence_fragile,45 - 14,shared_keeper_capacity_high,shared_keeper_capacity_low,peak_unsafe_share,128,0,0,0,0,0,0,0,0,0,0,0,0,0,0,0
full_week,confidence_fragile,45 - 14,shared_keeper_capacity_high,shared_keeper_capacity_low,newly_unsafe_count,128,0,0,0,0,0,0,0,0,0,0,0,0,0,0,0
full_week,confidence_fragile,45 - 14,shared_keeper_capacity_high,shared_keeper_capacity_low,cumulative_arrival_count,128,-23.3984375,3.40116968076,-30.0647300743,-16.7321449257,0,-95.6,-37,0,0,0,-232,0,0,0,59
full_week,confidence_fragile,45 - 14,shared_keeper_capacity_high,shared_keeper_capacity_low,cumulative_attempts,128,19.90625,1.73518892284,16.5052797112,23.3072202888,17,-4.65,7,26.25,45,56.95,-18,95,0.890625,114,10
full_week,confidence_fragile,45 - 14,shared_keeper_capacity_high,shared_keeper_capacity_low,cumulative_successful_closures,128,7.6953125,0.523507274407,6.66923824216,8.72138675784,7,0,3,11,16,19,0,30,0.9296875,119,0
full_week,confidence_fragile,45 - 14,shared_keeper_capacity_high,shared_keeper_capacity_low,cumulative_capacity_rejected,128,-44.5078125,2.23102773529,-48.8806268612,-40.1349981388,-40.5,-93.65,-59,-25.75,-17,-10.35,-136,0,0,0,127
full_week,confidence_fragile,45 - 14,shared_keeper_capacity_high,shared_keeper_capacity_low,cumulative_unprofitable_attempts,128,12.2109375,1.80845334117,8.66636895131,15.7555060487,6.5,-9.65,0,20.25,42.3,50.65,-25,87,0.625,80,28
full_week,confidence_fragile,45 - 14,shared_keeper_capacity_high,shared_keeper_capacity_low,binding_hours,128,-3.953125,0.133960057932,-4.21568671355,-3.69056328645,-4,-6,-5,-3,-2,-2,-9,0,0,0,126
full_week,confidence_fragile,45 - 14,shared_keeper_capacity_high,shared_keeper_capacity_low,positive_demand_hours,128,-2.3046875,0.324628534258,-2.94095942715,-1.66841557285,0,-9,-3,0,0,0,-20,0,0,0,59
full_week,confidence_fragile,45 - 14,shared_keeper_capacity_high,shared_keeper_capacity_low,mean_capacity_utilisation,128,-0.251770423629,0.00536117227989,-0.262278321297,-0.24126252596,-0.247685185185,-0.356871362434,-0.292881944444,-0.213684807256,-0.181774248161,-0.164470646313,-0.404081632653,-0.0526984126984,0,0,128
full_week,confidence_fragile,45 - 14,shared_keeper_capacity_high,shared_keeper_capacity_low,maximum_capacity_utilisation,128,-0.2578125,0.0196840934953,-0.296393323251,-0.219231676749,-0.377777777778,-0.555555555556,-0.466666666667,0,0,0,-0.688888888889,0,0,0,84
full_week,confidence_fragile,45 - 14,shared_keeper_capacity_high,shared_keeper_capacity_low,maximum_attempts_one_hour,128,19.3984375,0.885784207287,17.6623004537,21.1345745463,14,6,10,31,31,31,0,31,0.9921875,127,0
full_week,confidence_fragile,45 - 14,shared_keeper_capacity_high,shared_keeper_capacity_low,cumulative_debt_repaid_dai,128,1976.46008134,174.014065218,1635.39251351,2317.52764917,1443.33974466,1.16415321827e-10,468.594508741,2984.62146245,4681.76772187,5510.80199089,-1.16415321827e-10,12065.773012,0.9609375,123,2
full_week,confidence_fragile,45 - 14,shared_keeper_capacity_high,shared_keeper_capacity_low,completed_liquidation_count,128,7.6953125,0.523507274407,6.66923824216,8.72138675784,7,0,3,11,16,19,0,30,0.9296875,119,0
full_week,confidence_fragile,45 - 14,shared_keeper_capacity_high,shared_keeper_capacity_low,unresolved_vault_count,128,0,0,0,0,0,0,0,0,0,0,0,0,0,0,0
full_week,confidence_fragile,45 - 14,shared_keeper_capacity_high,shared_keeper_capacity_low,unresolved_tab_at_horizon_dai,128,0,0,0,0,0,0,0,0,0,0,0,0,0,0,0
full_week,confidence_fragile,45 - 14,shared_keeper_capacity_high,shared_keeper_capacity_low,maximum_backlog_duration,128,-6.7109375,0.975912677499,-8.6237263479,-4.7981486521,0,-27.65,-8.25,0,0,0,-52,0,0,0,59
full_week,confidence_fragile,45 - 14,shared_keeper_capacity_high,shared_keeper_capacity_low,active_bad_debt_at_horizon_dai,128,0,0,0,0,0,0,0,0,0,0,0,0,0,0,0
full_week,confidence_fragile,45 - 14,shared_keeper_capacity_high,shared_keeper_capacity_low,maximum_active_bad_debt_dai,128,-9.60773711476,5.72938588585,-20.837333451,1.62185922151,0,0,0,0,0,0,-570.244096192,0,0,0,3
full_week,confidence_fragile,45 - 14,shared_keeper_capacity_high,shared_keeper_capacity_low,keeper_profit_dai,128,172.929431544,32.3672009687,109.489717646,236.369145443,127.135153975,-270.718880131,24.1058896032,369.276378415,601.675104435,733.901892265,-1556.69963645,1567.74101809,0.7734375,99,27
full_week,confidence_fragile,45 - 14,shared_keeper_capacity_high,shared_keeper_capacity_low,recovered_before_execution_count,128,-9.7265625,0.557001211732,-10.818284875,-8.63484012501,-8,-20.65,-14,-5.75,-2,-1,-28,0,0,0,124
full_week,confidence_fragile,45 - 14,shared_keeper_capacity_high,shared_keeper_capacity_low,recovered_before_closure_count,128,-7.6953125,0.523507274407,-8.72138675784,-6.66923824216,-7,-19,-11,-3,-1,0,-30,0,0,0,119
full_week,confidence_fragile,45 - 14,shared_keeper_capacity_high,shared_keeper_capacity_low,minimum_dai_price,128,0,0,0,0,0,0,0,0,0,0,0,0,0,0,0
full_week,confidence_fragile,45 - 14,shared_keeper_capacity_high,shared_keeper_capacity_low,maximum_negative_peg_deviation,128,0,0,0,0,0,0,0,0,0,0,0,0,0,0,0
full_week,confidence_fragile,45 - 14,shared_keeper_capacity_high,shared_keeper_capacity_low,mean_absolute_peg_deviation,128,0,0,0,0,0,0,0,0,0,0,0,0,0,0,0
full_week,confidence_fragile,45 - 14,shared_keeper_capacity_high,shared_keeper_capacity_low,hours_below_0995,128,0,0,0,0,0,0,0,0,0,0,0,0,0,0,0
full_week,confidence_fragile,45 - 14,shared_keeper_capacity_high,shared_keeper_capacity_low,hours_above_1005,128,0,0,0,0,0,0,0,0,0,0,0,0,0,0,0
full_week,confidence_fragile,45 - 14,shared_keeper_capacity_high,shared_keeper_capacity_low,first_return_time,128,0,0,0,0,0,0,0,0,0,0,0,0,0,0,0
full_week,confidence_fragile,45 - 14,shared_keeper_capacity_high,shared_keeper_capacity_low,failed_recovery_attempts,128,0,0,0,0,0,0,0,0,0,0,0,0,0,0,0
full_week,confidence_fragile,45 - 14,shared_keeper_capacity_high,shared_keeper_capacity_low,recovery_probability_168h,128,0,0,0,0,0,0,0,0,0,0,0,0,0,0,0
full_week,confidence_fragile,45 - 14,shared_keeper_capacity_high,shared_keeper_capacity_low,recovery_probability_336h,128,0,0,0,0,0,0,0,0,0,0,0,0,0,0,0
full_week,confidence_fragile,45 - 14,shared_keeper_capacity_high,shared_keeper_capacity_low,recovery_probability_720h,128,0,0,0,0,0,0,0,0,0,0,0,0,0,0,0
full_week,confidence_fragile,45 - 14,shared_keeper_capacity_high,shared_keeper_capacity_low,final_dai_price,128,0,0,0,0,0,0,0,0,0,0,0,0,0,0,0
full_week,confidence_fragile,45 - 14,shared_keeper_capacity_high,shared_keeper_capacity_low,final_peg_band_status,128,0,0,0,0,0,0,0,0,0,0,0,0,0,0,0
full_week,confidence_fragile,45 - 14,shared_keeper_capacity_high,shared_keeper_capacity_low,minimum_confidence,128,0,0,0,0,0,0,0,0,0,0,0,0,0,0,0
full_week,confidence_fragile,45 - 14,shared_keeper_capacity_high,shared_keeper_capacity_low,mean_confidence_loss,128,0,0,0,0,0,0,0,0,0,0,0,0,0,0,0
full_week,confidence_fragile,45 - 14,shared_keeper_capacity_high,shared_keeper_capacity_low,confidence_at_horizon,128,0,0,0,0,0,0,0,0,0,0,0,0,0,0,0
full_week,confidence_fragile,45 - 14,shared_keeper_capacity_high,shared_keeper_capacity_low,hours_at_confidence_floor,128,0,0,0,0,0,0,0,0,0,0,0,0,0,0,0
full_week,confidence_fragile,45 - 14,shared_keeper_capacity_high,shared_keeper_capacity_low,hours_recovery_gate_closed,128,0,0,0,0,0,0,0,0,0,0,0,0,0,0,0
full_week,confidence_fragile,45 - 14,shared_keeper_capacity_high,shared_keeper_capacity_low,first_recovery_gate_open,128,0,0,0,0,0,0,0,0,0,0,0,0,0,0,0
full_week,confidence_fragile,45 - 14,shared_keeper_capacity_high,shared_keeper_capacity_low,recovery_gate_reopenings,128,0,0,0,0,0,0,0,0,0,0,0,0,0,0,0
full_week,confidence_fragile,45 - 14,shared_keeper_capacity_high,shared_keeper_capacity_low,cumulative_panic_contribution,128,0,0,0,0,0,0,0,0,0,0,0,0,0,0,0
full_week,confidence_fragile,45 - 14,shared_keeper_capacity_high,shared_keeper_capacity_low,maximum_panic_contribution,128,0,0,0,0,0,0,0,0,0,0,0,0,0,0,0
