cell_order,cell_identifier,anchor,portfolio,shock,capacity,family_order,family,metric_order,metric,count,mean,standard_error,ci95_lower,ci95_upper,median,p05,p25,p75,p90,p95,positive_share
1,joint_crypto_high_correlation__empirical_crypto__shared_keeper_capacity_low,empirical_crypto__joint_crypto_high_correlation,empirical_crypto,joint_crypto_high_correlation,14,1,ETH,1,initial_debt_exposure,128,2120985.2816991024,4.000865136176992e-11,2120985.2816991024,2120985.2816991024,2120985.281699102,2120985.281699102,2120985.281699102,2120985.281699102,2120985.2816991024,2120985.2816991024,1.0
1,joint_crypto_high_correlation__empirical_crypto__shared_keeper_capacity_low,empirical_crypto__joint_crypto_high_correlation,empirical_crypto,joint_crypto_high_correlation,14,1,ETH,2,eligible_liquidation_tab,128,94546.68342380226,19451.023094436958,56422.67815870582,132670.6886888987,2063.3265766332042,0.0,0.0,43636.05385029166,329009.06725100876,636662.4784583048,0.6015625
1,joint_crypto_high_correlation__empirical_crypto__shared_keeper_capacity_low,empirical_crypto__joint_crypto_high_correlation,empirical_crypto,joint_crypto_high_correlation,14,1,ETH,3,candidate_count,128,106.2734375,23.087260956209313,61.022406025829746,151.52446897417025,6.0,0.0,0.0,79.25,264.5999999999999,459.29999999999916,0.6015625
1,joint_crypto_high_correlation__empirical_crypto__shared_keeper_capacity_low,empirical_crypto__joint_crypto_high_correlation,empirical_crypto,joint_crypto_high_correlation,14,1,ETH,4,profitability_filtered_count,128,57.078125,11.095148225487852,35.33163447804381,78.82461552195619,5.0,0.0,0.0,62.0,155.09999999999997,232.0,0.6015625
1,joint_crypto_high_correlation__empirical_crypto__shared_keeper_capacity_low,empirical_crypto__joint_crypto_high_correlation,empirical_crypto,joint_crypto_high_correlation,14,1,ETH,5,selected_count,128,20.6015625,3.94130377830767,12.876607094516967,28.326517905483033,2.0,0.0,0.0,20.0,54.499999999999986,102.49999999999991,0.59375
1,joint_crypto_high_correlation__empirical_crypto__shared_keeper_capacity_low,empirical_crypto__joint_crypto_high_correlation,empirical_crypto,joint_crypto_high_correlation,14,1,ETH,6,rejected_count,128,1.03125,0.4269953017269047,0.19433920861526677,1.8681607913847333,0.0,0.0,0.0,0.0,0.0,5.6499999999999915,0.0859375
1,joint_crypto_high_correlation__empirical_crypto__shared_keeper_capacity_low,empirical_crypto__joint_crypto_high_correlation,empirical_crypto,joint_crypto_high_correlation,14,1,ETH,7,successful_closure_count,128,11.9140625,1.8955250394458238,8.198833422686185,15.629291577313815,1.5,0.0,0.0,15.25,36.599999999999994,53.599999999999966,0.59375
1,joint_crypto_high_correlation__empirical_crypto__shared_keeper_capacity_low,empirical_crypto__joint_crypto_high_correlation,empirical_crypto,joint_crypto_high_correlation,14,1,ETH,8,liquidated_debt,128,89309.76015709275,18996.80053159001,52076.03111517633,126543.48919900917,1507.3566528523097,0.0,0.0,35169.17206255859,327777.45744661475,612165.1158513271,0.59375
1,joint_crypto_high_correlation__empirical_crypto__shared_keeper_capacity_low,empirical_crypto__joint_crypto_high_correlation,empirical_crypto,joint_crypto_high_correlation,14,1,ETH,9,terminal_unresolved_tab,128,4.706829114364701,3.161554917701435,-1.4898185243301114,10.903476753059513,0.0,0.0,0.0,0.0,0.0,0.0,0.0390625
1,joint_crypto_high_correlation__empirical_crypto__shared_keeper_capacity_low,empirical_crypto__joint_crypto_high_correlation,empirical_crypto,joint_crypto_high_correlation,14,1,ETH,10,backlog_area,128,173508.44863193686,54300.800476083765,67078.87969881269,279938.01756506105,1954.6664419009774,0.0,0.0,69961.45623678365,321560.7759605107,944451.9431982886,0.5625
1,joint_crypto_high_correlation__empirical_crypto__shared_keeper_capacity_low,empirical_crypto__joint_crypto_high_correlation,empirical_crypto,joint_crypto_high_correlation,14,1,ETH,11,maximum_backlog,128,45542.24756785009,11487.87777501952,23026.007128811834,68058.48800688835,572.1451148948393,0.0,0.0,16920.52556259381,98184.83869932762,333749.5070266645,0.5625
1,joint_crypto_high_correlation__empirical_crypto__shared_keeper_capacity_low,empirical_crypto__joint_crypto_high_correlation,empirical_crypto,joint_crypto_high_correlation,14,1,ETH,12,terminal_active_bad_debt,128,0.0,0.0,0.0,0.0,0.0,0.0,0.0,0.0,0.0,0.0,0.0
1,joint_crypto_high_correlation__empirical_crypto__shared_keeper_capacity_low,empirical_crypto__joint_crypto_high_correlation,empirical_crypto,joint_crypto_high_correlation,14,1,ETH,13,realised_bad_debt,128,0.0,0.0,0.0,0.0,0.0,0.0,0.0,0.0,0.0,0.0,0.0
1,joint_crypto_high_correlation__empirical_crypto__shared_keeper_capacity_low,empirical_crypto__joint_crypto_high_correlation,empirical_crypto,joint_crypto_high_correlation,14,1,ETH,14,keeper_profit_proxy,128,11379.708899283807,2443.696791947519,6590.063187066669,16169.354611500945,113.30533142139092,0.0,0.0,4382.571532995551,41648.78033258308,78881.56217835323,0.59375
1,joint_crypto_high_correlation__empirical_crypto__shared_keeper_capacity_low,empirical_crypto__joint_crypto_high_correlation,empirical_crypto,joint_crypto_high_correlation,14,1,ETH,15,share_system_capacity_consumed,78,0.8815344899588493,0.02307815595900786,0.8363013042791939,0.9267676756385047,0.9468984962406015,0.47500000000000003,0.8722222222222222,1.0,1.0,1.0,0.9743589743589743
1,joint_crypto_high_correlation__empirical_crypto__shared_keeper_capacity_low,empirical_crypto__joint_crypto_high_correlation,empirical_crypto,joint_crypto_high_correlation,14,1,ETH,16,share_system_rejections,11,0.9901185770750988,0.006788760489058363,0.9768126065165443,1.0034245476336532,1.0,0.9456521739130435,1.0,1.0,1.0,1.0,1.0
1,joint_crypto_high_correlation__empirical_crypto__shared_keeper_capacity_low,empirical_crypto__joint_crypto_high_correlation,empirical_crypto,joint_crypto_high_correlation,14,1,ETH,17,contribution_to_system_backlog,74,0.812668974715116,0.031506930989607815,0.7509153899754847,0.8744225594547473,0.9435319795790225,0.09842916315301613,0.6961527453636847,1.0,1.0,1.0,0.972972972972973
1,joint_crypto_high_correlation__empirical_crypto__shared_keeper_capacity_low,empirical_crypto__joint_crypto_high_correlation,empirical_crypto,joint_crypto_high_correlation,14,1,ETH,18,exposure_normalised_backlog,128,0.08180558824667603,0.025601686605096995,0.031626282500685915,0.13198489399266614,0.0009215841612701393,0.0,0.0,0.032985356777553,0.15160915011296605,0.44528924898606403,0.5625
1,joint_crypto_high_correlation__empirical_crypto__shared_keeper_capacity_low,empirical_crypto__joint_crypto_high_correlation,empirical_crypto,joint_crypto_high_correlation,14,1,ETH,19,exposure_normalised_unresolved_tab,128,2.2191710404487596e-06,1.4906067217820309e-06,-7.024181342440211e-07,5.14076021514154e-06,0.0,0.0,0.0,0.0,0.0,0.0,0.0390625
1,joint_crypto_high_correlation__empirical_crypto__shared_keeper_capacity_low,empirical_crypto__joint_crypto_high_correlation,empirical_crypto,joint_crypto_high_correlation,14,1,ETH,20,displaced_candidates,128,0.234375,0.09179180308278606,0.05446306595773934,0.4142869340422607,0.0,0.0,0.0,0.0,0.0,1.0,0.078125
1,joint_crypto_high_correlation__empirical_crypto__shared_keeper_capacity_low,empirical_crypto__joint_crypto_high_correlation,empirical_crypto,joint_crypto_high_correlation,14,1,ETH,21,cross_family_displacement_hours,128,0.1171875,0.040936823790772674,0.036951325370085567,0.19742367462991445,0.0,0.0,0.0,0.0,0.0,1.0,0.078125
1,joint_crypto_high_correlation__empirical_crypto__shared_keeper_capacity_low,empirical_crypto__joint_crypto_high_correlation,empirical_crypto,joint_crypto_high_correlation,14,2,WBTC,1,initial_debt_exposure,128,379014.718300898,6.243011075397667e-12,379014.718300898,379014.718300898,379014.71830089804,379014.718300898,379014.718300898,379014.71830089804,379014.7183008981,379014.7183008981,1.0
1,joint_crypto_high_correlation__empirical_crypto__shared_keeper_capacity_low,empirical_crypto__joint_crypto_high_correlation,empirical_crypto,joint_crypto_high_correlation,14,2,WBTC,2,eligible_liquidation_tab,128,12295.59514768276,3033.1761375169935,6350.569918149452,18240.620377216066,0.0,0.0,0.0,6116.265534150252,29932.452715477004,73297.60372632476,0.390625
1,joint_crypto_high_correlation__empirical_crypto__shared_keeper_capacity_low,empirical_crypto__joint_crypto_high_correlation,empirical_crypto,joint_crypto_high_correlation,14,2,WBTC,3,candidate_count,128,8.3125,2.6600063180760913,3.0988876165708614,13.526112383429139,0.0,0.0,0.0,5.0,17.599999999999994,28.299999999999983,0.390625
1,joint_crypto_high_correlation__empirical_crypto__shared_keeper_capacity_low,empirical_crypto__joint_crypto_high_correlation,empirical_crypto,joint_crypto_high_correlation,14,2,WBTC,4,profitability_filtered_count,128,6.8828125,1.9057395274214999,3.1475630262538603,10.61806197374614,0.0,0.0,0.0,5.0,15.299999999999997,27.0,0.390625
1,joint_crypto_high_correlation__empirical_crypto__shared_keeper_capacity_low,empirical_crypto__joint_crypto_high_correlation,empirical_crypto,joint_crypto_high_correlation,14,2,WBTC,5,selected_count,128,1.8125,0.43297718430188004,0.9638647187683151,2.661135281231685,0.0,0.0,0.0,2.0,5.0,7.6499999999999915,0.375
1,joint_crypto_high_correlation__empirical_crypto__shared_keeper_capacity_low,empirical_crypto__joint_crypto_high_correlation,empirical_crypto,joint_crypto_high_correlation,14,2,WBTC,6,rejected_count,128,0.03125,0.02464686616612797,-0.01705785768561082,0.07955785768561083,0.0,0.0,0.0,0.0,0.0,0.0,0.015625
1,joint_crypto_high_correlation__empirical_crypto__shared_keeper_capacity_low,empirical_crypto__joint_crypto_high_correlation,empirical_crypto,joint_crypto_high_correlation,14,2,WBTC,7,successful_closure_count,128,1.625,0.32791695222884576,0.9822827736314623,2.2677172263685375,0.0,0.0,0.0,2.0,4.0,7.6499999999999915,0.375
1,joint_crypto_high_correlation__empirical_crypto__shared_keeper_capacity_low,empirical_crypto__joint_crypto_high_correlation,empirical_crypto,joint_crypto_high_correlation,14,2,WBTC,8,liquidated_debt,128,11217.81748625084,2872.284247435707,5588.1403612768545,16847.494611224825,0.0,0.0,0.0,5276.634300477685,29066.911477996815,73297.60372632477,0.375
1,joint_crypto_high_correlation__empirical_crypto__shared_keeper_capacity_low,empirical_crypto__joint_crypto_high_correlation,empirical_crypto,joint_crypto_high_correlation,14,2,WBTC,9,terminal_unresolved_tab,128,1.2686132843334699,1.2686132843334699,-1.2178687529601309,3.7550953216270706,0.0,0.0,0.0,0.0,0.0,0.0,0.0078125
1,joint_crypto_high_correlation__empirical_crypto__shared_keeper_capacity_low,empirical_crypto__joint_crypto_high_correlation,empirical_crypto,joint_crypto_high_correlation,14,2,WBTC,10,backlog_area,128,27950.904682047425,9094.797051898231,10125.102460326892,45776.70690376796,0.0,0.0,0.0,10247.142776385996,56717.354260157976,140063.87828785132,0.359375
1,joint_crypto_high_correlation__empirical_crypto__shared_keeper_capacity_low,empirical_crypto__joint_crypto_high_correlation,empirical_crypto,joint_crypto_high_correlation,14,2,WBTC,11,maximum_backlog,128,6629.529294673165,1746.1133492046592,3207.1471302320333,10051.911459114297,0.0,0.0,0.0,2900.331305391289,17972.758840658316,37459.548038267734,0.359375
1,joint_crypto_high_correlation__empirical_crypto__shared_keeper_capacity_low,empirical_crypto__joint_crypto_high_correlation,empirical_crypto,joint_crypto_high_correlation,14,2,WBTC,12,terminal_active_bad_debt,128,0.0,0.0,0.0,0.0,0.0,0.0,0.0,0.0,0.0,0.0,0.0
1,joint_crypto_high_correlation__empirical_crypto__shared_keeper_capacity_low,empirical_crypto__joint_crypto_high_correlation,empirical_crypto,joint_crypto_high_correlation,14,2,WBTC,13,realised_bad_debt,128,0.0,0.0,0.0,0.0,0.0,0.0,0.0,0.0,0.0,0.0,0.0
1,joint_crypto_high_correlation__empirical_crypto__shared_keeper_capacity_low,empirical_crypto__joint_crypto_high_correlation,empirical_crypto,joint_crypto_high_correlation,14,2,WBTC,14,keeper_profit_proxy,128,1408.3027881145665,366.4550586465326,690.0508731673626,2126.5547030617704,0.0,0.0,0.0,642.3238557007917,3770.206541409643,9230.323108130902,0.375
1,joint_crypto_high_correlation__empirical_crypto__shared_keeper_capacity_low,empirical_crypto__joint_crypto_high_correlation,empirical_crypto,joint_crypto_high_correlation,14,2,WBTC,15,share_system_capacity_consumed,78,0.1184655100411506,0.02307815595900786,0.07323232436149521,0.163698695720806,0.0531015037593985,0.0,0.0,0.12777777777777777,0.26499999999999985,0.5249999999999986,0.6153846153846154
1,joint_crypto_high_correlation__empirical_crypto__shared_keeper_capacity_low,empirical_crypto__joint_crypto_high_correlation,empirical_crypto,joint_crypto_high_correlation,14,2,WBTC,16,share_system_rejections,11,0.009881422924901186,0.006788760489058367,-0.0034245476336532132,0.023187393483455585,0.0,0.0,0.0,0.0,0.043478260869565216,0.05434782608695652,0.18181818181818182
1,joint_crypto_high_correlation__empirical_crypto__shared_keeper_capacity_low,empirical_crypto__joint_crypto_high_correlation,empirical_crypto,joint_crypto_high_correlation,14,2,WBTC,17,contribution_to_system_backlog,74,0.1873310252848839,0.03150693098960782,0.12557744054525258,0.24908461002451524,0.056468020420977524,0.0,0.0,0.3038472546363154,0.5186099949735411,0.9015708368469837,0.6216216216216216
1,joint_crypto_high_correlation__empirical_crypto__shared_keeper_capacity_low,empirical_crypto__joint_crypto_high_correlation,empirical_crypto,joint_crypto_high_correlation,14,2,WBTC,18,exposure_normalised_backlog,128,0.07374622496812203,0.02399589412429601,0.026714272484501846,0.12077817745174221,0.0,0.0,0.0,0.02703626609099343,0.14964419987281427,0.3695473329261457,0.359375
1,joint_crypto_high_correlation__empirical_crypto__shared_keeper_capacity_low,empirical_crypto__joint_crypto_high_correlation,empirical_crypto,joint_crypto_high_correlation,14,2,WBTC,19,exposure_normalised_unresolved_tab,128,3.3471346179393576e-06,3.347134617939356e-06,-3.21324923322178e-06,9.907518469100496e-06,0.0,0.0,0.0,0.0,0.0,0.0,0.0078125
1,joint_crypto_high_correlation__empirical_crypto__shared_keeper_capacity_low,empirical_crypto__joint_crypto_high_correlation,empirical_crypto,joint_crypto_high_correlation,14,2,WBTC,20,displaced_candidates,128,0.03125,0.02464686616612797,-0.01705785768561082,0.07955785768561083,0.0,0.0,0.0,0.0,0.0,0.0,0.015625
1,joint_crypto_high_correlation__empirical_crypto__shared_keeper_capacity_low,empirical_crypto__joint_crypto_high_correlation,empirical_crypto,joint_crypto_high_correlation,14,2,WBTC,21,cross_family_displacement_hours,128,0.0234375,0.01741417279470994,-0.01069427867763148,0.05756927867763148,0.0,0.0,0.0,0.0,0.0,0.0,0.015625
1,joint_crypto_high_correlation__empirical_crypto__shared_keeper_capacity_low,empirical_crypto__joint_crypto_high_correlation,empirical_crypto,joint_crypto_high_correlation,14,3,STABLE,1,initial_debt_exposure,128,0.0,0.0,0.0,0.0,0.0,0.0,0.0,0.0,0.0,0.0,0.0
1,joint_crypto_high_correlation__empirical_crypto__shared_keeper_capacity_low,empirical_crypto__joint_crypto_high_correlation,empirical_crypto,joint_crypto_high_correlation,14,3,STABLE,2,eligible_liquidation_tab,128,0.0,0.0,0.0,0.0,0.0,0.0,0.0,0.0,0.0,0.0,0.0
1,joint_crypto_high_correlation__empirical_crypto__shared_keeper_capacity_low,empirical_crypto__joint_crypto_high_correlation,empirical_crypto,joint_crypto_high_correlation,14,3,STABLE,3,candidate_count,128,0.0,0.0,0.0,0.0,0.0,0.0,0.0,0.0,0.0,0.0,0.0
1,joint_crypto_high_correlation__empirical_crypto__shared_keeper_capacity_low,empirical_crypto__joint_crypto_high_correlation,empirical_crypto,joint_crypto_high_correlation,14,3,STABLE,4,profitability_filtered_count,128,0.0,0.0,0.0,0.0,0.0,0.0,0.0,0.0,0.0,0.0,0.0
1,joint_crypto_high_correlation__empirical_crypto__shared_keeper_capacity_low,empirical_crypto__joint_crypto_high_correlation,empirical_crypto,joint_crypto_high_correlation,14,3,STABLE,5,selected_count,128,0.0,0.0,0.0,0.0,0.0,0.0,0.0,0.0,0.0,0.0,0.0
1,joint_crypto_high_correlation__empirical_crypto__shared_keeper_capacity_low,empirical_crypto__joint_crypto_high_correlation,empirical_crypto,joint_crypto_high_correlation,14,3,STABLE,6,rejected_count,128,0.0,0.0,0.0,0.0,0.0,0.0,0.0,0.0,0.0,0.0,0.0
1,joint_crypto_high_correlation__empirical_crypto__shared_keeper_capacity_low,empirical_crypto__joint_crypto_high_correlation,empirical_crypto,joint_crypto_high_correlation,14,3,STABLE,7,successful_closure_count,128,0.0,0.0,0.0,0.0,0.0,0.0,0.0,0.0,0.0,0.0,0.0
1,joint_crypto_high_correlation__empirical_crypto__shared_keeper_capacity_low,empirical_crypto__joint_crypto_high_correlation,empirical_crypto,joint_crypto_high_correlation,14,3,STABLE,8,liquidated_debt,128,0.0,0.0,0.0,0.0,0.0,0.0,0.0,0.0,0.0,0.0,0.0
1,joint_crypto_high_correlation__empirical_crypto__shared_keeper_capacity_low,empirical_crypto__joint_crypto_high_correlation,empirical_crypto,joint_crypto_high_correlation,14,3,STABLE,9,terminal_unresolved_tab,128,0.0,0.0,0.0,0.0,0.0,0.0,0.0,0.0,0.0,0.0,0.0
1,joint_crypto_high_correlation__empirical_crypto__shared_keeper_capacity_low,empirical_crypto__joint_crypto_high_correlation,empirical_crypto,joint_crypto_high_correlation,14,3,STABLE,10,backlog_area,128,0.0,0.0,0.0,0.0,0.0,0.0,0.0,0.0,0.0,0.0,0.0
1,joint_crypto_high_correlation__empirical_crypto__shared_keeper_capacity_low,empirical_crypto__joint_crypto_high_correlation,empirical_crypto,joint_crypto_high_correlation,14,3,STABLE,11,maximum_backlog,128,0.0,0.0,0.0,0.0,0.0,0.0,0.0,0.0,0.0,0.0,0.0
1,joint_crypto_high_correlation__empirical_crypto__shared_keeper_capacity_low,empirical_crypto__joint_crypto_high_correlation,empirical_crypto,joint_crypto_high_correlation,14,3,STABLE,12,terminal_active_bad_debt,128,0.0,0.0,0.0,0.0,0.0,0.0,0.0,0.0,0.0,0.0,0.0
1,joint_crypto_high_correlation__empirical_crypto__shared_keeper_capacity_low,empirical_crypto__joint_crypto_high_correlation,empirical_crypto,joint_crypto_high_correlation,14,3,STABLE,13,realised_bad_debt,128,0.0,0.0,0.0,0.0,0.0,0.0,0.0,0.0,0.0,0.0,0.0
1,joint_crypto_high_correlation__empirical_crypto__shared_keeper_capacity_low,empirical_crypto__joint_crypto_high_correlation,empirical_crypto,joint_crypto_high_correlation,14,3,STABLE,14,keeper_profit_proxy,128,0.0,0.0,0.0,0.0,0.0,0.0,0.0,0.0,0.0,0.0,0.0
1,joint_crypto_high_correlation__empirical_crypto__shared_keeper_capacity_low,empirical_crypto__joint_crypto_high_correlation,empirical_crypto,joint_crypto_high_correlation,14,3,STABLE,15,share_system_capacity_consumed,78,0.0,0.0,0.0,0.0,0.0,0.0,0.0,0.0,0.0,0.0,0.0
1,joint_crypto_high_correlation__empirical_crypto__shared_keeper_capacity_low,empirical_crypto__joint_crypto_high_correlation,empirical_crypto,joint_crypto_high_correlation,14,3,STABLE,16,share_system_rejections,11,0.0,0.0,0.0,0.0,0.0,0.0,0.0,0.0,0.0,0.0,0.0
1,joint_crypto_high_correlation__empirical_crypto__shared_keeper_capacity_low,empirical_crypto__joint_crypto_high_correlation,empirical_crypto,joint_crypto_high_correlation,14,3,STABLE,17,contribution_to_system_backlog,74,0.0,0.0,0.0,0.0,0.0,0.0,0.0,0.0,0.0,0.0,0.0
1,joint_crypto_high_correlation__empirical_crypto__shared_keeper_capacity_low,empirical_crypto__joint_crypto_high_correlation,empirical_crypto,joint_crypto_high_correlation,14,3,STABLE,18,exposure_normalised_backlog,0,,,,,,,,,,,
1,joint_crypto_high_correlation__empirical_crypto__shared_keeper_capacity_low,empirical_crypto__joint_crypto_high_correlation,empirical_crypto,joint_crypto_high_correlation,14,3,STABLE,19,exposure_normalised_unresolved_tab,0,,,,,,,,,,,
1,joint_crypto_high_correlation__empirical_crypto__shared_keeper_capacity_low,empirical_crypto__joint_crypto_high_correlation,empirical_crypto,joint_crypto_high_correlation,14,3,STABLE,20,displaced_candidates,128,0.0,0.0,0.0,0.0,0.0,0.0,0.0,0.0,0.0,0.0,0.0
1,joint_crypto_high_correlation__empirical_crypto__shared_keeper_capacity_low,empirical_crypto__joint_crypto_high_correlation,empirical_crypto,joint_crypto_high_correlation,14,3,STABLE,21,cross_family_displacement_hours,128,0.0,0.0,0.0,0.0,0.0,0.0,0.0,0.0,0.0,0.0,0.0
2,joint_crypto_high_correlation__empirical_crypto__shared_keeper_capacity_central,empirical_crypto__joint_crypto_high_correlation,empirical_crypto,joint_crypto_high_correlation,26,1,ETH,1,initial_debt_exposure,128,2120985.2816991024,4.000865136176992e-11,2120985.2816991024,2120985.2816991024,2120985.281699102,2120985.281699102,2120985.281699102,2120985.281699102,2120985.2816991024,2120985.2816991024,1.0
2,joint_crypto_high_correlation__empirical_crypto__shared_keeper_capacity_central,empirical_crypto__joint_crypto_high_correlation,empirical_crypto,joint_crypto_high_correlation,26,1,ETH,2,eligible_liquidation_tab,128,94546.68342380226,19451.023094436958,56422.67815870582,132670.6886888987,2063.3265766332042,0.0,0.0,43636.05385029166,329009.06725100876,636662.4784583048,0.6015625
2,joint_crypto_high_correlation__empirical_crypto__shared_keeper_capacity_central,empirical_crypto__joint_crypto_high_correlation,empirical_crypto,joint_crypto_high_correlation,26,1,ETH,3,candidate_count,128,101.375,21.348339500051257,59.532254579899536,143.21774542010047,6.0,0.0,0.0,79.25,264.5999999999999,455.099999999999,0.6015625
2,joint_crypto_high_correlation__empirical_crypto__shared_keeper_capacity_central,empirical_crypto__joint_crypto_high_correlation,empirical_crypto,joint_crypto_high_correlation,26,1,ETH,4,profitability_filtered_count,128,53.875,9.894454075728124,34.48187001157288,73.26812998842712,5.0,0.0,0.0,62.0,154.2,232.0,0.6015625
2,joint_crypto_high_correlation__empirical_crypto__shared_keeper_capacity_central,empirical_crypto__joint_crypto_high_correlation,empirical_crypto,joint_crypto_high_correlation,26,1,ETH,5,selected_count,128,21.03125,4.064682749469949,13.064471811038901,28.9980281889611,2.0,0.0,0.0,20.0,54.499999999999986,103.89999999999995,0.59375
2,joint_crypto_high_correlation__empirical_crypto__shared_keeper_capacity_central,empirical_crypto__joint_crypto_high_correlation,empirical_crypto,joint_crypto_high_correlation,26,1,ETH,6,rejected_count,128,0.140625,0.0977945624857111,-0.05105234247199375,0.33230234247199375,0.0,0.0,0.0,0.0,0.0,0.0,0.0234375
2,joint_crypto_high_correlation__empirical_crypto__shared_keeper_capacity_central,empirical_crypto__joint_crypto_high_correlation,empirical_crypto,joint_crypto_high_correlation,26,1,ETH,7,successful_closure_count,128,11.984375,1.9099429143041398,8.240886887963885,15.727863112036115,1.5,0.0,0.0,15.25,36.599999999999994,53.599999999999966,0.59375
2,joint_crypto_high_correlation__empirical_crypto__shared_keeper_capacity_central,empirical_crypto__joint_crypto_high_correlation,empirical_crypto,joint_crypto_high_correlation,26,1,ETH,8,liquidated_debt,128,89322.62185841065,18997.14447909106,52088.21867939217,126557.02503742914,1507.3566528523097,0.0,0.0,35169.17206255859,327777.45744661475,612165.1158513271,0.59375
2,joint_crypto_high_correlation__empirical_crypto__shared_keeper_capacity_central,empirical_crypto__joint_crypto_high_correlation,empirical_crypto,joint_crypto_high_correlation,26,1,ETH,9,terminal_unresolved_tab,128,4.706829114364701,3.161554917701435,-1.4898185243301114,10.903476753059513,0.0,0.0,0.0,0.0,0.0,0.0,0.0390625
2,joint_crypto_high_correlation__empirical_crypto__shared_keeper_capacity_central,empirical_crypto__joint_crypto_high_correlation,empirical_crypto,joint_crypto_high_correlation,26,1,ETH,10,backlog_area,128,172318.85300002104,53981.64486193714,66514.82907062426,278122.87692941783,1954.6664419009774,0.0,0.0,69961.45623678365,321560.7759605107,944451.9431982886,0.5625
2,joint_crypto_high_correlation__empirical_crypto__shared_keeper_capacity_central,empirical_crypto__joint_crypto_high_correlation,empirical_crypto,joint_crypto_high_correlation,26,1,ETH,11,maximum_backlog,128,45539.88241361958,11487.280498342061,23024.812636869145,68054.95219037002,572.1451148948393,0.0,0.0,16920.52556259381,98184.83869932762,333749.5070266645,0.5625
2,joint_crypto_high_correlation__empirical_crypto__shared_keeper_capacity_central,empirical_crypto__joint_crypto_high_correlation,empirical_crypto,joint_crypto_high_correlation,26,1,ETH,12,terminal_active_bad_debt,128,0.0,0.0,0.0,0.0,0.0,0.0,0.0,0.0,0.0,0.0,0.0
2,joint_crypto_high_correlation__empirical_crypto__shared_keeper_capacity_central,empirical_crypto__joint_crypto_high_correlation,empirical_crypto,joint_crypto_high_correlation,26,1,ETH,13,realised_bad_debt,128,0.0,0.0,0.0,0.0,0.0,0.0,0.0,0.0,0.0,0.0,0.0
2,joint_crypto_high_correlation__empirical_crypto__shared_keeper_capacity_central,empirical_crypto__joint_crypto_high_correlation,empirical_crypto,joint_crypto_high_correlation,26,1,ETH,14,keeper_profit_proxy,128,11379.779678516403,2443.2940382540773,6590.923363538412,16168.635993494394,113.30533142139092,0.0,0.0,4382.571532995551,41621.428163131866,78881.56217835323,0.59375
2,joint_crypto_high_correlation__empirical_crypto__shared_keeper_capacity_central,empirical_crypto__joint_crypto_high_correlation,empirical_crypto,joint_crypto_high_correlation,26,1,ETH,15,share_system_capacity_consumed,78,0.8814499187140766,0.023113117034994093,0.8361482093254882,0.9267516281026651,0.9468984962406015,0.47500000000000003,0.8722222222222222,1.0,1.0,1.0,0.9743589743589743
2,joint_crypto_high_correlation__empirical_crypto__shared_keeper_capacity_central,empirical_crypto__joint_crypto_high_correlation,empirical_crypto,joint_crypto_high_correlation,26,1,ETH,16,share_system_rejections,3,1.0,0.0,1.0,1.0,1.0,1.0,1.0,1.0,1.0,1.0,1.0
2,joint_crypto_high_correlation__empirical_crypto__shared_keeper_capacity_central,empirical_crypto__joint_crypto_high_correlation,empirical_crypto,joint_crypto_high_correlation,26,1,ETH,17,contribution_to_system_backlog,74,0.8120364121764228,0.031562549411322215,0.7501738153302312,0.8738990090226143,0.9433154653797133,0.09842916315301613,0.6961527453636847,1.0,1.0,1.0,0.972972972972973
2,joint_crypto_high_correlation__empirical_crypto__shared_keeper_capacity_central,empirical_crypto__joint_crypto_high_correlation,empirical_crypto,joint_crypto_high_correlation,26,1,ETH,18,exposure_normalised_backlog,128,0.08124471889874596,0.025451211438248605,0.031360344479778694,0.13112909331771322,0.0009215841612701393,0.0,0.0,0.032985356777553,0.15160915011296605,0.44528924898606403,0.5625
2,joint_crypto_high_correlation__empirical_crypto__shared_keeper_capacity_central,empirical_crypto__joint_crypto_high_correlation,empirical_crypto,joint_crypto_high_correlation,26,1,ETH,19,exposure_normalised_unresolved_tab,128,2.2191710404487596e-06,1.4906067217820309e-06,-7.024181342440211e-07,5.14076021514154e-06,0.0,0.0,0.0,0.0,0.0,0.0,0.0390625
2,joint_crypto_high_correlation__empirical_crypto__shared_keeper_capacity_central,empirical_crypto__joint_crypto_high_correlation,empirical_crypto,joint_crypto_high_correlation,26,1,ETH,20,displaced_candidates,128,0.0234375,0.013424675715302162,-0.002874864401992236,0.049749864401992236,0.0,0.0,0.0,0.0,0.0,0.0,0.0234375
2,joint_crypto_high_correlation__empirical_crypto__shared_keeper_capacity_central,empirical_crypto__joint_crypto_high_correlation,empirical_crypto,joint_crypto_high_correlation,26,1,ETH,21,cross_family_displacement_hours,128,0.0234375,0.013424675715302162,-0.002874864401992236,0.049749864401992236,0.0,0.0,0.0,0.0,0.0,0.0,0.0234375
2,joint_crypto_high_correlation__empirical_crypto__shared_keeper_capacity_central,empirical_crypto__joint_crypto_high_correlation,empirical_crypto,joint_crypto_high_correlation,26,2,WBTC,1,initial_debt_exposure,128,379014.718300898,6.243011075397667e-12,379014.718300898,379014.718300898,379014.71830089804,379014.718300898,379014.718300898,379014.71830089804,379014.7183008981,379014.7183008981,1.0
2,joint_crypto_high_correlation__empirical_crypto__shared_keeper_capacity_central,empirical_crypto__joint_crypto_high_correlation,empirical_crypto,joint_crypto_high_correlation,26,2,WBTC,2,eligible_liquidation_tab,128,12295.59514768276,3033.1761375169935,6350.569918149452,18240.620377216066,0.0,0.0,0.0,6116.265534150252,29932.452715477004,73297.60372632476,0.390625
2,joint_crypto_high_correlation__empirical_crypto__shared_keeper_capacity_central,empirical_crypto__joint_crypto_high_correlation,empirical_crypto,joint_crypto_high_correlation,26,2,WBTC,3,candidate_count,128,8.1640625,2.6138631710811864,3.0408906846808748,13.287234315319125,0.0,0.0,0.0,5.0,17.599999999999994,28.299999999999983,0.390625
2,joint_crypto_high_correlation__empirical_crypto__shared_keeper_capacity_central,empirical_crypto__joint_crypto_high_correlation,empirical_crypto,joint_crypto_high_correlation,26,2,WBTC,4,profitability_filtered_count,128,6.7578125,1.8543397868240787,3.1233065178248056,10.392318482175195,0.0,0.0,0.0,5.0,15.299999999999997,27.0,0.390625
2,joint_crypto_high_correlation__empirical_crypto__shared_keeper_capacity_central,empirical_crypto__joint_crypto_high_correlation,empirical_crypto,joint_crypto_high_correlation,26,2,WBTC,5,selected_count,128,1.875,0.48259571283554115,0.9291124028423394,2.8208875971576606,0.0,0.0,0.0,2.0,5.0,7.6499999999999915,0.375
2,joint_crypto_high_correlation__empirical_crypto__shared_keeper_capacity_central,empirical_crypto__joint_crypto_high_correlation,empirical_crypto,joint_crypto_high_correlation,26,2,WBTC,6,rejected_count,128,0.0,0.0,0.0,0.0,0.0,0.0,0.0,0.0,0.0,0.0,0.0
2,joint_crypto_high_correlation__empirical_crypto__shared_keeper_capacity_central,empirical_crypto__joint_crypto_high_correlation,empirical_crypto,joint_crypto_high_correlation,26,2,WBTC,7,successful_closure_count,128,1.625,0.32791695222884576,0.9822827736314623,2.2677172263685375,0.0,0.0,0.0,2.0,4.0,7.6499999999999915,0.375
2,joint_crypto_high_correlation__empirical_crypto__shared_keeper_capacity_central,empirical_crypto__joint_crypto_high_correlation,empirical_crypto,joint_crypto_high_correlation,26,2,WBTC,8,liquidated_debt,128,11217.81748625084,2872.284247435707,5588.1403612768545,16847.494611224825,0.0,0.0,0.0,5276.634300477685,29066.911477996815,73297.60372632477,0.375
2,joint_crypto_high_correlation__empirical_crypto__shared_keeper_capacity_central,empirical_crypto__joint_crypto_high_correlation,empirical_crypto,joint_crypto_high_correlation,26,2,WBTC,9,terminal_unresolved_tab,128,1.2686132843334699,1.2686132843334699,-1.2178687529601309,3.7550953216270706,0.0,0.0,0.0,0.0,0.0,0.0,0.0078125
2,joint_crypto_high_correlation__empirical_crypto__shared_keeper_capacity_central,empirical_crypto__joint_crypto_high_correlation,empirical_crypto,joint_crypto_high_correlation,26,2,WBTC,10,backlog_area,128,27891.57355958921,9085.31535351127,10084.355466707122,45698.7916524713,0.0,0.0,0.0,10247.142776385996,56717.354260157976,140063.87828785132,0.359375
2,joint_crypto_high_correlation__empirical_crypto__shared_keeper_capacity_central,empirical_crypto__joint_crypto_high_correlation,empirical_crypto,joint_crypto_high_correlation,26,2,WBTC,11,maximum_backlog,128,6629.529294673165,1746.1133492046592,3207.1471302320333,10051.911459114297,0.0,0.0,0.0,2900.331305391289,17972.758840658316,37459.548038267734,0.359375
2,joint_crypto_high_correlation__empirical_crypto__shared_keeper_capacity_central,empirical_crypto__joint_crypto_high_correlation,empirical_crypto,joint_crypto_high_correlation,26,2,WBTC,12,terminal_active_bad_debt,128,0.0,0.0,0.0,0.0,0.0,0.0,0.0,0.0,0.0,0.0,0.0
2,joint_crypto_high_correlation__empirical_crypto__shared_keeper_capacity_central,empirical_crypto__joint_crypto_high_correlation,empirical_crypto,joint_crypto_high_correlation,26,2,WBTC,13,realised_bad_debt,128,0.0,0.0,0.0,0.0,0.0,0.0,0.0,0.0,0.0,0.0,0.0
2,joint_crypto_high_correlation__empirical_crypto__shared_keeper_capacity_central,empirical_crypto__joint_crypto_high_correlation,empirical_crypto,joint_crypto_high_correlation,26,2,WBTC,14,keeper_profit_proxy,128,1408.2076418176553,366.46548273781815,689.9352956515316,2126.4799879837788,0.0,0.0,0.0,642.3238557007917,3770.206541409643,9230.323108130902,0.375
2,joint_crypto_high_correlation__empirical_crypto__shared_keeper_capacity_central,empirical_crypto__joint_crypto_high_correlation,empirical_crypto,joint_crypto_high_correlation,26,2,WBTC,15,share_system_capacity_consumed,78,0.11855008128592323,0.023113117034994093,0.07324837189733481,0.16385179067451167,0.0531015037593985,0.0,0.0,0.12777777777777777,0.26499999999999985,0.5249999999999986,0.6153846153846154
2,joint_crypto_high_correlation__empirical_crypto__shared_keeper_capacity_central,empirical_crypto__joint_crypto_high_correlation,empirical_crypto,joint_crypto_high_correlation,26,2,WBTC,16,share_system_rejections,3,0.0,0.0,0.0,0.0,0.0,0.0,0.0,0.0,0.0,0.0,0.0
2,joint_crypto_high_correlation__empirical_crypto__shared_keeper_capacity_central,empirical_crypto__joint_crypto_high_correlation,empirical_crypto,joint_crypto_high_correlation,26,2,WBTC,17,contribution_to_system_backlog,74,0.1879635878235771,0.03156254941132221,0.12610099097738559,0.24982618466976864,0.05668453462028658,0.0,0.0,0.3038472546363154,0.5186099949735411,0.9015708368469837,0.6216216216216216
2,joint_crypto_high_correlation__empirical_crypto__shared_keeper_capacity_central,empirical_crypto__joint_crypto_high_correlation,empirical_crypto,joint_crypto_high_correlation,26,2,WBTC,18,exposure_normalised_backlog,128,0.07358968455005016,0.023970877421964593,0.02660676480299956,0.12057260429710076,0.0,0.0,0.0,0.02703626609099343,0.14964419987281427,0.3695473329261457,0.359375
2,joint_crypto_high_correlation__empirical_crypto__shared_keeper_capacity_central,empirical_crypto__joint_crypto_high_correlation,empirical_crypto,joint_crypto_high_correlation,26,2,WBTC,19,exposure_normalised_unresolved_tab,128,3.3471346179393576e-06,3.347134617939356e-06,-3.21324923322178e-06,9.907518469100496e-06,0.0,0.0,0.0,0.0,0.0,0.0,0.0078125
2,joint_crypto_high_correlation__empirical_crypto__shared_keeper_capacity_central,empirical_crypto__joint_crypto_high_correlation,empirical_crypto,joint_crypto_high_correlation,26,2,WBTC,20,displaced_candidates,128,0.0,0.0,0.0,0.0,0.0,0.0,0.0,0.0,0.0,0.0,0.0
2,joint_crypto_high_correlation__empirical_crypto__shared_keeper_capacity_central,empirical_crypto__joint_crypto_high_correlation,empirical_crypto,joint_crypto_high_correlation,26,2,WBTC,21,cross_family_displacement_hours,128,0.0,0.0,0.0,0.0,0.0,0.0,0.0,0.0,0.0,0.0,0.0
2,joint_crypto_high_correlation__empirical_crypto__shared_keeper_capacity_central,empirical_crypto__joint_crypto_high_correlation,empirical_crypto,joint_crypto_high_correlation,26,3,STABLE,1,initial_debt_exposure,128,0.0,0.0,0.0,0.0,0.0,0.0,0.0,0.0,0.0,0.0,0.0
2,joint_crypto_high_correlation__empirical_crypto__shared_keeper_capacity_central,empirical_crypto__joint_crypto_high_correlation,empirical_crypto,joint_crypto_high_correlation,26,3,STABLE,2,eligible_liquidation_tab,128,0.0,0.0,0.0,0.0,0.0,0.0,0.0,0.0,0.0,0.0,0.0
2,joint_crypto_high_correlation__empirical_crypto__shared_keeper_capacity_central,empirical_crypto__joint_crypto_high_correlation,empirical_crypto,joint_crypto_high_correlation,26,3,STABLE,3,candidate_count,128,0.0,0.0,0.0,0.0,0.0,0.0,0.0,0.0,0.0,0.0,0.0
2,joint_crypto_high_correlation__empirical_crypto__shared_keeper_capacity_central,empirical_crypto__joint_crypto_high_correlation,empirical_crypto,joint_crypto_high_correlation,26,3,STABLE,4,profitability_filtered_count,128,0.0,0.0,0.0,0.0,0.0,0.0,0.0,0.0,0.0,0.0,0.0
2,joint_crypto_high_correlation__empirical_crypto__shared_keeper_capacity_central,empirical_crypto__joint_crypto_high_correlation,empirical_crypto,joint_crypto_high_correlation,26,3,STABLE,5,selected_count,128,0.0,0.0,0.0,0.0,0.0,0.0,0.0,0.0,0.0,0.0,0.0
2,joint_crypto_high_correlation__empirical_crypto__shared_keeper_capacity_central,empirical_crypto__joint_crypto_high_correlation,empirical_crypto,joint_crypto_high_correlation,26,3,STABLE,6,rejected_count,128,0.0,0.0,0.0,0.0,0.0,0.0,0.0,0.0,0.0,0.0,0.0
2,joint_crypto_high_correlation__empirical_crypto__shared_keeper_capacity_central,empirical_crypto__joint_crypto_high_correlation,empirical_crypto,joint_crypto_high_correlation,26,3,STABLE,7,successful_closure_count,128,0.0,0.0,0.0,0.0,0.0,0.0,0.0,0.0,0.0,0.0,0.0
2,joint_crypto_high_correlation__empirical_crypto__shared_keeper_capacity_central,empirical_crypto__joint_crypto_high_correlation,empirical_crypto,joint_crypto_high_correlation,26,3,STABLE,8,liquidated_debt,128,0.0,0.0,0.0,0.0,0.0,0.0,0.0,0.0,0.0,0.0,0.0
2,joint_crypto_high_correlation__empirical_crypto__shared_keeper_capacity_central,empirical_crypto__joint_crypto_high_correlation,empirical_crypto,joint_crypto_high_correlation,26,3,STABLE,9,terminal_unresolved_tab,128,0.0,0.0,0.0,0.0,0.0,0.0,0.0,0.0,0.0,0.0,0.0
2,joint_crypto_high_correlation__empirical_crypto__shared_keeper_capacity_central,empirical_crypto__joint_crypto_high_correlation,empirical_crypto,joint_crypto_high_correlation,26,3,STABLE,10,backlog_area,128,0.0,0.0,0.0,0.0,0.0,0.0,0.0,0.0,0.0,0.0,0.0
2,joint_crypto_high_correlation__empirical_crypto__shared_keeper_capacity_central,empirical_crypto__joint_crypto_high_correlation,empirical_crypto,joint_crypto_high_correlation,26,3,STABLE,11,maximum_backlog,128,0.0,0.0,0.0,0.0,0.0,0.0,0.0,0.0,0.0,0.0,0.0
2,joint_crypto_high_correlation__empirical_crypto__shared_keeper_capacity_central,empirical_crypto__joint_crypto_high_correlation,empirical_crypto,joint_crypto_high_correlation,26,3,STABLE,12,terminal_active_bad_debt,128,0.0,0.0,0.0,0.0,0.0,0.0,0.0,0.0,0.0,0.0,0.0
2,joint_crypto_high_correlation__empirical_crypto__shared_keeper_capacity_central,empirical_crypto__joint_crypto_high_correlation,empirical_crypto,joint_crypto_high_correlation,26,3,STABLE,13,realised_bad_debt,128,0.0,0.0,0.0,0.0,0.0,0.0,0.0,0.0,0.0,0.0,0.0
2,joint_crypto_high_correlation__empirical_crypto__shared_keeper_capacity_central,empirical_crypto__joint_crypto_high_correlation,empirical_crypto,joint_crypto_high_correlation,26,3,STABLE,14,keeper_profit_proxy,128,0.0,0.0,0.0,0.0,0.0,0.0,0.0,0.0,0.0,0.0,0.0
2,joint_crypto_high_correlation__empirical_crypto__shared_keeper_capacity_central,empirical_crypto__joint_crypto_high_correlation,empirical_crypto,joint_crypto_high_correlation,26,3,STABLE,15,share_system_capacity_consumed,78,0.0,0.0,0.0,0.0,0.0,0.0,0.0,0.0,0.0,0.0,0.0
2,joint_crypto_high_correlation__empirical_crypto__shared_keeper_capacity_central,empirical_crypto__joint_crypto_high_correlation,empirical_crypto,joint_crypto_high_correlation,26,3,STABLE,16,share_system_rejections,3,0.0,0.0,0.0,0.0,0.0,0.0,0.0,0.0,0.0,0.0,0.0
2,joint_crypto_high_correlation__empirical_crypto__shared_keeper_capacity_central,empirical_crypto__joint_crypto_high_correlation,empirical_crypto,joint_crypto_high_correlation,26,3,STABLE,17,contribution_to_system_backlog,74,0.0,0.0,0.0,0.0,0.0,0.0,0.0,0.0,0.0,0.0,0.0
2,joint_crypto_high_correlation__empirical_crypto__shared_keeper_capacity_central,empirical_crypto__joint_crypto_high_correlation,empirical_crypto,joint_crypto_high_correlation,26,3,STABLE,18,exposure_normalised_backlog,0,,,,,,,,,,,
2,joint_crypto_high_correlation__empirical_crypto__shared_keeper_capacity_central,empirical_crypto__joint_crypto_high_correlation,empirical_crypto,joint_crypto_high_correlation,26,3,STABLE,19,exposure_normalised_unresolved_tab,0,,,,,,,,,,,
2,joint_crypto_high_correlation__empirical_crypto__shared_keeper_capacity_central,empirical_crypto__joint_crypto_high_correlation,empirical_crypto,joint_crypto_high_correlation,26,3,STABLE,20,displaced_candidates,128,0.0,0.0,0.0,0.0,0.0,0.0,0.0,0.0,0.0,0.0,0.0
2,joint_crypto_high_correlation__empirical_crypto__shared_keeper_capacity_central,empirical_crypto__joint_crypto_high_correlation,empirical_crypto,joint_crypto_high_correlation,26,3,STABLE,21,cross_family_displacement_hours,128,0.0,0.0,0.0,0.0,0.0,0.0,0.0,0.0,0.0,0.0,0.0
3,joint_crypto_high_correlation__empirical_crypto__shared_keeper_capacity_high,empirical_crypto__joint_crypto_high_correlation,empirical_crypto,joint_crypto_high_correlation,45,1,ETH,1,initial_debt_exposure,128,2120985.2816991024,4.000865136176992e-11,2120985.2816991024,2120985.2816991024,2120985.281699102,2120985.281699102,2120985.281699102,2120985.281699102,2120985.2816991024,2120985.2816991024,1.0
3,joint_crypto_high_correlation__empirical_crypto__shared_keeper_capacity_high,empirical_crypto__joint_crypto_high_correlation,empirical_crypto,joint_crypto_high_correlation,45,1,ETH,2,eligible_liquidation_tab,128,94546.68342380226,19451.023094436958,56422.67815870582,132670.6886888987,2063.3265766332042,0.0,0.0,43636.05385029166,329009.06725100876,636662.4784583048,0.6015625
3,joint_crypto_high_correlation__empirical_crypto__shared_keeper_capacity_high,empirical_crypto__joint_crypto_high_correlation,empirical_crypto,joint_crypto_high_correlation,45,1,ETH,3,candidate_count,128,101.375,21.348339500051257,59.532254579899536,143.21774542010047,6.0,0.0,0.0,79.25,264.5999999999999,455.099999999999,0.6015625
3,joint_crypto_high_correlation__empirical_crypto__shared_keeper_capacity_high,empirical_crypto__joint_crypto_high_correlation,empirical_crypto,joint_crypto_high_correlation,45,1,ETH,4,profitability_filtered_count,128,53.875,9.894454075728124,34.48187001157288,73.26812998842712,5.0,0.0,0.0,62.0,154.2,232.0,0.6015625
3,joint_crypto_high_correlation__empirical_crypto__shared_keeper_capacity_high,empirical_crypto__joint_crypto_high_correlation,empirical_crypto,joint_crypto_high_correlation,45,1,ETH,5,selected_count,128,21.171875,4.109941934935137,13.11638880752713,29.22736119247287,2.0,0.0,0.0,20.0,54.499999999999986,103.89999999999995,0.59375
3,joint_crypto_high_correlation__empirical_crypto__shared_keeper_capacity_high,empirical_crypto__joint_crypto_high_correlation,empirical_crypto,joint_crypto_high_correlation,45,1,ETH,6,rejected_count,128,0.0,0.0,0.0,0.0,0.0,0.0,0.0,0.0,0.0,0.0,0.0
3,joint_crypto_high_correlation__empirical_crypto__shared_keeper_capacity_high,empirical_crypto__joint_crypto_high_correlation,empirical_crypto,joint_crypto_high_correlation,45,1,ETH,7,successful_closure_count,128,11.984375,1.9099429143041398,8.240886887963885,15.727863112036115,1.5,0.0,0.0,15.25,36.599999999999994,53.599999999999966,0.59375
3,joint_crypto_high_correlation__empirical_crypto__shared_keeper_capacity_high,empirical_crypto__joint_crypto_high_correlation,empirical_crypto,joint_crypto_high_correlation,45,1,ETH,8,liquidated_debt,128,89322.62185841065,18997.14447909106,52088.21867939217,126557.02503742914,1507.3566528523097,0.0,0.0,35169.17206255859,327777.45744661475,612165.1158513271,0.59375
3,joint_crypto_high_correlation__empirical_crypto__shared_keeper_capacity_high,empirical_crypto__joint_crypto_high_correlation,empirical_crypto,joint_crypto_high_correlation,45,1,ETH,9,terminal_unresolved_tab,128,4.706829114364701,3.161554917701435,-1.4898185243301114,10.903476753059513,0.0,0.0,0.0,0.0,0.0,0.0,0.0390625
3,joint_crypto_high_correlation__empirical_crypto__shared_keeper_capacity_high,empirical_crypto__joint_crypto_high_correlation,empirical_crypto,joint_crypto_high_correlation,45,1,ETH,10,backlog_area,128,172318.85300002104,53981.64486193714,66514.82907062426,278122.87692941783,1954.6664419009774,0.0,0.0,69961.45623678365,321560.7759605107,944451.9431982886,0.5625
3,joint_crypto_high_correlation__empirical_crypto__shared_keeper_capacity_high,empirical_crypto__joint_crypto_high_correlation,empirical_crypto,joint_crypto_high_correlation,45,1,ETH,11,maximum_backlog,128,45539.88241361958,11487.280498342061,23024.812636869145,68054.95219037002,572.1451148948393,0.0,0.0,16920.52556259381,98184.83869932762,333749.5070266645,0.5625
3,joint_crypto_high_correlation__empirical_crypto__shared_keeper_capacity_high,empirical_crypto__joint_crypto_high_correlation,empirical_crypto,joint_crypto_high_correlation,45,1,ETH,12,terminal_active_bad_debt,128,0.0,0.0,0.0,0.0,0.0,0.0,0.0,0.0,0.0,0.0,0.0
3,joint_crypto_high_correlation__empirical_crypto__shared_keeper_capacity_high,empirical_crypto__joint_crypto_high_correlation,empirical_crypto,joint_crypto_high_correlation,45,1,ETH,13,realised_bad_debt,128,0.0,0.0,0.0,0.0,0.0,0.0,0.0,0.0,0.0,0.0,0.0
3,joint_crypto_high_correlation__empirical_crypto__shared_keeper_capacity_high,empirical_crypto__joint_crypto_high_correlation,empirical_crypto,joint_crypto_high_correlation,45,1,ETH,14,keeper_profit_proxy,128,11379.779678516403,2443.2940382540773,6590.923363538412,16168.635993494394,113.30533142139092,0.0,0.0,4382.571532995551,41621.428163131866,78881.56217835323,0.59375
3,joint_crypto_high_correlation__empirical_crypto__shared_keeper_capacity_high,empirical_crypto__joint_crypto_high_correlation,empirical_crypto,joint_crypto_high_correlation,45,1,ETH,15,share_system_capacity_consumed,78,0.8815519785986674,0.02311381964605879,0.8362488920923922,0.9268550651049426,0.9468984962406015,0.47500000000000003,0.8722222222222222,1.0,1.0,1.0,0.9743589743589743
3,joint_crypto_high_correlation__empirical_crypto__shared_keeper_capacity_high,empirical_crypto__joint_crypto_high_correlation,empirical_crypto,joint_crypto_high_correlation,45,1,ETH,16,share_system_rejections,0,,,,,,,,,,,
3,joint_crypto_high_correlation__empirical_crypto__shared_keeper_capacity_high,empirical_crypto__joint_crypto_high_correlation,empirical_crypto,joint_crypto_high_correlation,45,1,ETH,17,contribution_to_system_backlog,74,0.8120364121764228,0.031562549411322215,0.7501738153302312,0.8738990090226143,0.9433154653797133,0.09842916315301613,0.6961527453636847,1.0,1.0,1.0,0.972972972972973
3,joint_crypto_high_correlation__empirical_crypto__shared_keeper_capacity_high,empirical_crypto__joint_crypto_high_correlation,empirical_crypto,joint_crypto_high_correlation,45,1,ETH,18,exposure_normalised_backlog,128,0.08124471889874596,0.025451211438248605,0.031360344479778694,0.13112909331771322,0.0009215841612701393,0.0,0.0,0.032985356777553,0.15160915011296605,0.44528924898606403,0.5625
3,joint_crypto_high_correlation__empirical_crypto__shared_keeper_capacity_high,empirical_crypto__joint_crypto_high_correlation,empirical_crypto,joint_crypto_high_correlation,45,1,ETH,19,exposure_normalised_unresolved_tab,128,2.2191710404487596e-06,1.4906067217820309e-06,-7.024181342440211e-07,5.14076021514154e-06,0.0,0.0,0.0,0.0,0.0,0.0,0.0390625
3,joint_crypto_high_correlation__empirical_crypto__shared_keeper_capacity_high,empirical_crypto__joint_crypto_high_correlation,empirical_crypto,joint_crypto_high_correlation,45,1,ETH,20,displaced_candidates,128,0.0,0.0,0.0,0.0,0.0,0.0,0.0,0.0,0.0,0.0,0.0
3,joint_crypto_high_correlation__empirical_crypto__shared_keeper_capacity_high,empirical_crypto__joint_crypto_high_correlation,empirical_crypto,joint_crypto_high_correlation,45,1,ETH,21,cross_family_displacement_hours,128,0.0,0.0,0.0,0.0,0.0,0.0,0.0,0.0,0.0,0.0,0.0
3,joint_crypto_high_correlation__empirical_crypto__shared_keeper_capacity_high,empirical_crypto__joint_crypto_high_correlation,empirical_crypto,joint_crypto_high_correlation,45,2,WBTC,1,initial_debt_exposure,128,379014.718300898,6.243011075397667e-12,379014.718300898,379014.718300898,379014.71830089804,379014.718300898,379014.718300898,379014.71830089804,379014.7183008981,379014.7183008981,1.0
3,joint_crypto_high_correlation__empirical_crypto__shared_keeper_capacity_high,empirical_crypto__joint_crypto_high_correlation,empirical_crypto,joint_crypto_high_correlation,45,2,WBTC,2,eligible_liquidation_tab,128,12295.59514768276,3033.1761375169935,6350.569918149452,18240.620377216066,0.0,0.0,0.0,6116.265534150252,29932.452715477004,73297.60372632476,0.390625
3,joint_crypto_high_correlation__empirical_crypto__shared_keeper_capacity_high,empirical_crypto__joint_crypto_high_correlation,empirical_crypto,joint_crypto_high_correlation,45,2,WBTC,3,candidate_count,128,8.1640625,2.6138631710811864,3.0408906846808748,13.287234315319125,0.0,0.0,0.0,5.0,17.599999999999994,28.299999999999983,0.390625
3,joint_crypto_high_correlation__empirical_crypto__shared_keeper_capacity_high,empirical_crypto__joint_crypto_high_correlation,empirical_crypto,joint_crypto_high_correlation,45,2,WBTC,4,profitability_filtered_count,128,6.7578125,1.8543397868240787,3.1233065178248056,10.392318482175195,0.0,0.0,0.0,5.0,15.299999999999997,27.0,0.390625
3,joint_crypto_high_correlation__empirical_crypto__shared_keeper_capacity_high,empirical_crypto__joint_crypto_high_correlation,empirical_crypto,joint_crypto_high_correlation,45,2,WBTC,5,selected_count,128,1.875,0.48259571283554115,0.9291124028423394,2.8208875971576606,0.0,0.0,0.0,2.0,5.0,7.6499999999999915,0.375
3,joint_crypto_high_correlation__empirical_crypto__shared_keeper_capacity_high,empirical_crypto__joint_crypto_high_correlation,empirical_crypto,joint_crypto_high_correlation,45,2,WBTC,6,rejected_count,128,0.0,0.0,0.0,0.0,0.0,0.0,0.0,0.0,0.0,0.0,0.0
3,joint_crypto_high_correlation__empirical_crypto__shared_keeper_capacity_high,empirical_crypto__joint_crypto_high_correlation,empirical_crypto,joint_crypto_high_correlation,45,2,WBTC,7,successful_closure_count,128,1.625,0.32791695222884576,0.9822827736314623,2.2677172263685375,0.0,0.0,0.0,2.0,4.0,7.6499999999999915,0.375
3,joint_crypto_high_correlation__empirical_crypto__shared_keeper_capacity_high,empirical_crypto__joint_crypto_high_correlation,empirical_crypto,joint_crypto_high_correlation,45,2,WBTC,8,liquidated_debt,128,11217.81748625084,2872.284247435707,5588.1403612768545,16847.494611224825,0.0,0.0,0.0,5276.634300477685,29066.911477996815,73297.60372632477,0.375
3,joint_crypto_high_correlation__empirical_crypto__shared_keeper_capacity_high,empirical_crypto__joint_crypto_high_correlation,empirical_crypto,joint_crypto_high_correlation,45,2,WBTC,9,terminal_unresolved_tab,128,1.2686132843334699,1.2686132843334699,-1.2178687529601309,3.7550953216270706,0.0,0.0,0.0,0.0,0.0,0.0,0.0078125
3,joint_crypto_high_correlation__empirical_crypto__shared_keeper_capacity_high,empirical_crypto__joint_crypto_high_correlation,empirical_crypto,joint_crypto_high_correlation,45,2,WBTC,10,backlog_area,128,27891.57355958921,9085.31535351127,10084.355466707122,45698.7916524713,0.0,0.0,0.0,10247.142776385996,56717.354260157976,140063.87828785132,0.359375
3,joint_crypto_high_correlation__empirical_crypto__shared_keeper_capacity_high,empirical_crypto__joint_crypto_high_correlation,empirical_crypto,joint_crypto_high_correlation,45,2,WBTC,11,maximum_backlog,128,6629.529294673165,1746.1133492046592,3207.1471302320333,10051.911459114297,0.0,0.0,0.0,2900.331305391289,17972.758840658316,37459.548038267734,0.359375
3,joint_crypto_high_correlation__empirical_crypto__shared_keeper_capacity_high,empirical_crypto__joint_crypto_high_correlation,empirical_crypto,joint_crypto_high_correlation,45,2,WBTC,12,terminal_active_bad_debt,128,0.0,0.0,0.0,0.0,0.0,0.0,0.0,0.0,0.0,0.0,0.0
3,joint_crypto_high_correlation__empirical_crypto__shared_keeper_capacity_high,empirical_crypto__joint_crypto_high_correlation,empirical_crypto,joint_crypto_high_correlation,45,2,WBTC,13,realised_bad_debt,128,0.0,0.0,0.0,0.0,0.0,0.0,0.0,0.0,0.0,0.0,0.0
3,joint_crypto_high_correlation__empirical_crypto__shared_keeper_capacity_high,empirical_crypto__joint_crypto_high_correlation,empirical_crypto,joint_crypto_high_correlation,45,2,WBTC,14,keeper_profit_proxy,128,1408.2076418176553,366.46548273781815,689.9352956515316,2126.4799879837788,0.0,0.0,0.0,642.3238557007917,3770.206541409643,9230.323108130902,0.375
3,joint_crypto_high_correlation__empirical_crypto__shared_keeper_capacity_high,empirical_crypto__joint_crypto_high_correlation,empirical_crypto,joint_crypto_high_correlation,45,2,WBTC,15,share_system_capacity_consumed,78,0.11844802140133258,0.02311381964605879,0.07314493489505736,0.1637511079076078,0.0531015037593985,0.0,0.0,0.12777777777777777,0.26499999999999985,0.5249999999999986,0.6153846153846154
3,joint_crypto_high_correlation__empirical_crypto__shared_keeper_capacity_high,empirical_crypto__joint_crypto_high_correlation,empirical_crypto,joint_crypto_high_correlation,45,2,WBTC,16,share_system_rejections,0,,,,,,,,,,,
3,joint_crypto_high_correlation__empirical_crypto__shared_keeper_capacity_high,empirical_crypto__joint_crypto_high_correlation,empirical_crypto,joint_crypto_high_correlation,45,2,WBTC,17,contribution_to_system_backlog,74,0.1879635878235771,0.03156254941132221,0.12610099097738559,0.24982618466976864,0.05668453462028658,0.0,0.0,0.3038472546363154,0.5186099949735411,0.9015708368469837,0.6216216216216216
3,joint_crypto_high_correlation__empirical_crypto__shared_keeper_capacity_high,empirical_crypto__joint_crypto_high_correlation,empirical_crypto,joint_crypto_high_correlation,45,2,WBTC,18,exposure_normalised_backlog,128,0.07358968455005016,0.023970877421964593,0.02660676480299956,0.12057260429710076,0.0,0.0,0.0,0.02703626609099343,0.14964419987281427,0.3695473329261457,0.359375
3,joint_crypto_high_correlation__empirical_crypto__shared_keeper_capacity_high,empirical_crypto__joint_crypto_high_correlation,empirical_crypto,joint_crypto_high_correlation,45,2,WBTC,19,exposure_normalised_unresolved_tab,128,3.3471346179393576e-06,3.347134617939356e-06,-3.21324923322178e-06,9.907518469100496e-06,0.0,0.0,0.0,0.0,0.0,0.0,0.0078125
3,joint_crypto_high_correlation__empirical_crypto__shared_keeper_capacity_high,empirical_crypto__joint_crypto_high_correlation,empirical_crypto,joint_crypto_high_correlation,45,2,WBTC,20,displaced_candidates,128,0.0,0.0,0.0,0.0,0.0,0.0,0.0,0.0,0.0,0.0,0.0
3,joint_crypto_high_correlation__empirical_crypto__shared_keeper_capacity_high,empirical_crypto__joint_crypto_high_correlation,empirical_crypto,joint_crypto_high_correlation,45,2,WBTC,21,cross_family_displacement_hours,128,0.0,0.0,0.0,0.0,0.0,0.0,0.0,0.0,0.0,0.0,0.0
3,joint_crypto_high_correlation__empirical_crypto__shared_keeper_capacity_high,empirical_crypto__joint_crypto_high_correlation,empirical_crypto,joint_crypto_high_correlation,45,3,STABLE,1,initial_debt_exposure,128,0.0,0.0,0.0,0.0,0.0,0.0,0.0,0.0,0.0,0.0,0.0
3,joint_crypto_high_correlation__empirical_crypto__shared_keeper_capacity_high,empirical_crypto__joint_crypto_high_correlation,empirical_crypto,joint_crypto_high_correlation,45,3,STABLE,2,eligible_liquidation_tab,128,0.0,0.0,0.0,0.0,0.0,0.0,0.0,0.0,0.0,0.0,0.0
3,joint_crypto_high_correlation__empirical_crypto__shared_keeper_capacity_high,empirical_crypto__joint_crypto_high_correlation,empirical_crypto,joint_crypto_high_correlation,45,3,STABLE,3,candidate_count,128,0.0,0.0,0.0,0.0,0.0,0.0,0.0,0.0,0.0,0.0,0.0
3,joint_crypto_high_correlation__empirical_crypto__shared_keeper_capacity_high,empirical_crypto__joint_crypto_high_correlation,empirical_crypto,joint_crypto_high_correlation,45,3,STABLE,4,profitability_filtered_count,128,0.0,0.0,0.0,0.0,0.0,0.0,0.0,0.0,0.0,0.0,0.0
3,joint_crypto_high_correlation__empirical_crypto__shared_keeper_capacity_high,empirical_crypto__joint_crypto_high_correlation,empirical_crypto,joint_crypto_high_correlation,45,3,STABLE,5,selected_count,128,0.0,0.0,0.0,0.0,0.0,0.0,0.0,0.0,0.0,0.0,0.0
3,joint_crypto_high_correlation__empirical_crypto__shared_keeper_capacity_high,empirical_crypto__joint_crypto_high_correlation,empirical_crypto,joint_crypto_high_correlation,45,3,STABLE,6,rejected_count,128,0.0,0.0,0.0,0.0,0.0,0.0,0.0,0.0,0.0,0.0,0.0
3,joint_crypto_high_correlation__empirical_crypto__shared_keeper_capacity_high,empirical_crypto__joint_crypto_high_correlation,empirical_crypto,joint_crypto_high_correlation,45,3,STABLE,7,successful_closure_count,128,0.0,0.0,0.0,0.0,0.0,0.0,0.0,0.0,0.0,0.0,0.0
3,joint_crypto_high_correlation__empirical_crypto__shared_keeper_capacity_high,empirical_crypto__joint_crypto_high_correlation,empirical_crypto,joint_crypto_high_correlation,45,3,STABLE,8,liquidated_debt,128,0.0,0.0,0.0,0.0,0.0,0.0,0.0,0.0,0.0,0.0,0.0
3,joint_crypto_high_correlation__empirical_crypto__shared_keeper_capacity_high,empirical_crypto__joint_crypto_high_correlation,empirical_crypto,joint_crypto_high_correlation,45,3,STABLE,9,terminal_unresolved_tab,128,0.0,0.0,0.0,0.0,0.0,0.0,0.0,0.0,0.0,0.0,0.0
3,joint_crypto_high_correlation__empirical_crypto__shared_keeper_capacity_high,empirical_crypto__joint_crypto_high_correlation,empirical_crypto,joint_crypto_high_correlation,45,3,STABLE,10,backlog_area,128,0.0,0.0,0.0,0.0,0.0,0.0,0.0,0.0,0.0,0.0,0.0
3,joint_crypto_high_correlation__empirical_crypto__shared_keeper_capacity_high,empirical_crypto__joint_crypto_high_correlation,empirical_crypto,joint_crypto_high_correlation,45,3,STABLE,11,maximum_backlog,128,0.0,0.0,0.0,0.0,0.0,0.0,0.0,0.0,0.0,0.0,0.0
3,joint_crypto_high_correlation__empirical_crypto__shared_keeper_capacity_high,empirical_crypto__joint_crypto_high_correlation,empirical_crypto,joint_crypto_high_correlation,45,3,STABLE,12,terminal_active_bad_debt,128,0.0,0.0,0.0,0.0,0.0,0.0,0.0,0.0,0.0,0.0,0.0
3,joint_crypto_high_correlation__empirical_crypto__shared_keeper_capacity_high,empirical_crypto__joint_crypto_high_correlation,empirical_crypto,joint_crypto_high_correlation,45,3,STABLE,13,realised_bad_debt,128,0.0,0.0,0.0,0.0,0.0,0.0,0.0,0.0,0.0,0.0,0.0
3,joint_crypto_high_correlation__empirical_crypto__shared_keeper_capacity_high,empirical_crypto__joint_crypto_high_correlation,empirical_crypto,joint_crypto_high_correlation,45,3,STABLE,14,keeper_profit_proxy,128,0.0,0.0,0.0,0.0,0.0,0.0,0.0,0.0,0.0,0.0,0.0
3,joint_crypto_high_correlation__empirical_crypto__shared_keeper_capacity_high,empirical_crypto__joint_crypto_high_correlation,empirical_crypto,joint_crypto_high_correlation,45,3,STABLE,15,share_system_capacity_consumed,78,0.0,0.0,0.0,0.0,0.0,0.0,0.0,0.0,0.0,0.0,0.0
3,joint_crypto_high_correlation__empirical_crypto__shared_keeper_capacity_high,empirical_crypto__joint_crypto_high_correlation,empirical_crypto,joint_crypto_high_correlation,45,3,STABLE,16,share_system_rejections,0,,,,,,,,,,,
3,joint_crypto_high_correlation__empirical_crypto__shared_keeper_capacity_high,empirical_crypto__joint_crypto_high_correlation,empirical_crypto,joint_crypto_high_correlation,45,3,STABLE,17,contribution_to_system_backlog,74,0.0,0.0,0.0,0.0,0.0,0.0,0.0,0.0,0.0,0.0,0.0
3,joint_crypto_high_correlation__empirical_crypto__shared_keeper_capacity_high,empirical_crypto__joint_crypto_high_correlation,empirical_crypto,joint_crypto_high_correlation,45,3,STABLE,18,exposure_normalised_backlog,0,,,,,,,,,,,
3,joint_crypto_high_correlation__empirical_crypto__shared_keeper_capacity_high,empirical_crypto__joint_crypto_high_correlation,empirical_crypto,joint_crypto_high_correlation,45,3,STABLE,19,exposure_normalised_unresolved_tab,0,,,,,,,,,,,
3,joint_crypto_high_correlation__empirical_crypto__shared_keeper_capacity_high,empirical_crypto__joint_crypto_high_correlation,empirical_crypto,joint_crypto_high_correlation,45,3,STABLE,20,displaced_candidates,128,0.0,0.0,0.0,0.0,0.0,0.0,0.0,0.0,0.0,0.0,0.0
3,joint_crypto_high_correlation__empirical_crypto__shared_keeper_capacity_high,empirical_crypto__joint_crypto_high_correlation,empirical_crypto,joint_crypto_high_correlation,45,3,STABLE,21,cross_family_displacement_hours,128,0.0,0.0,0.0,0.0,0.0,0.0,0.0,0.0,0.0,0.0,0.0
4,joint_crypto_stable_stress__stable_supported__shared_keeper_capacity_low,stable_supported__joint_crypto_stable_stress,stable_supported,joint_crypto_stable_stress,14,1,ETH,1,initial_debt_exposure,128,1590738.9612743263,4.344517081007135e-11,1590738.9612743263,1590738.9612743263,1590738.9612743268,1590738.9612743265,1590738.9612743268,1590738.9612743268,1590738.961274327,1590738.961274327,1.0
4,joint_crypto_stable_stress__stable_supported__shared_keeper_capacity_low,stable_supported__joint_crypto_stable_stress,stable_supported,joint_crypto_stable_stress,14,1,ETH,2,eligible_liquidation_tab,128,31541.750395917108,9719.960580621768,12490.627657898443,50592.87313393578,0.0,0.0,0.0,1015.813501432451,41207.82161969194,253640.2481162553,0.3203125
4,joint_crypto_stable_stress__stable_supported__shared_keeper_capacity_low,stable_supported__joint_crypto_stable_stress,stable_supported,joint_crypto_stable_stress,14,1,ETH,3,candidate_count,128,26.3125,6.934990146828917,12.719919312215323,39.905080687784675,0.0,0.0,0.0,6.25,64.19999999999999,204.34999999999968,0.3203125
4,joint_crypto_stable_stress__stable_supported__shared_keeper_capacity_low,stable_supported__joint_crypto_stable_stress,stable_supported,joint_crypto_stable_stress,14,1,ETH,4,profitability_filtered_count,128,14.7265625,4.185265957770472,6.5234412227698755,22.929683777230125,0.0,0.0,0.0,6.25,40.599999999999994,67.64999999999999,0.3203125
4,joint_crypto_stable_stress__stable_supported__shared_keeper_capacity_low,stable_supported__joint_crypto_stable_stress,stable_supported,joint_crypto_stable_stress,14,1,ETH,5,selected_count,128,6.75,1.6301025280541417,3.5549990450138824,9.945000954986117,0.0,0.0,0.0,2.0,16.599999999999994,46.54999999999994,0.3125
4,joint_crypto_stable_stress__stable_supported__shared_keeper_capacity_low,stable_supported__joint_crypto_stable_stress,stable_supported,joint_crypto_stable_stress,14,1,ETH,6,rejected_count,128,0.078125,0.04520482557118498,-0.010476458119522553,0.16672645811952255,0.0,0.0,0.0,0.0,0.0,0.0,0.0234375
4,joint_crypto_stable_stress__stable_supported__shared_keeper_capacity_low,stable_supported__joint_crypto_stable_stress,stable_supported,joint_crypto_stable_stress,14,1,ETH,7,successful_closure_count,128,3.765625,0.8740492849010424,2.0524884015939566,5.478761598406043,0.0,0.0,0.0,2.0,13.299999999999997,22.54999999999994,0.3125
4,joint_crypto_stable_stress__stable_supported__shared_keeper_capacity_low,stable_supported__joint_crypto_stable_stress,stable_supported,joint_crypto_stable_stress,14,1,ETH,8,liquidated_debt,128,22641.45708512621,7734.835080483121,7481.180327379294,37801.73384287313,0.0,0.0,0.0,897.3534204761786,24109.451720610003,139461.0092375669,0.3125
4,joint_crypto_stable_stress__stable_supported__shared_keeper_capacity_low,stable_supported__joint_crypto_stable_stress,stable_supported,joint_crypto_stable_stress,14,1,ETH,9,terminal_unresolved_tab,128,0.0,0.0,0.0,0.0,0.0,0.0,0.0,0.0,0.0,0.0,0.0
4,joint_crypto_stable_stress__stable_supported__shared_keeper_capacity_low,stable_supported__joint_crypto_stable_stress,stable_supported,joint_crypto_stable_stress,14,1,ETH,10,backlog_area,128,57987.137369402844,25149.668842723815,8693.786437664166,107280.48830114152,0.0,0.0,0.0,1952.0849015765657,75072.23595710844,273875.51794308424,0.2890625
4,joint_crypto_stable_stress__stable_supported__shared_keeper_capacity_low,stable_supported__joint_crypto_stable_stress,stable_supported,joint_crypto_stable_stress,14,1,ETH,11,maximum_backlog,128,18766.69214056377,7529.737812850667,4008.4060273764626,33524.97825375108,0.0,0.0,0.0,789.0418522781745,13958.553283875355,65892.27878115197,0.2890625
4,joint_crypto_stable_stress__stable_supported__shared_keeper_capacity_low,stable_supported__joint_crypto_stable_stress,stable_supported,joint_crypto_stable_stress,14,1,ETH,12,terminal_active_bad_debt,128,0.0,0.0,0.0,0.0,0.0,0.0,0.0,0.0,0.0,0.0,0.0
4,joint_crypto_stable_stress__stable_supported__shared_keeper_capacity_low,stable_supported__joint_crypto_stable_stress,stable_supported,joint_crypto_stable_stress,14,1,ETH,13,realised_bad_debt,128,0.0,0.0,0.0,0.0,0.0,0.0,0.0,0.0,0.0,0.0,0.0
4,joint_crypto_stable_stress__stable_supported__shared_keeper_capacity_low,stable_supported__joint_crypto_stable_stress,stable_supported,joint_crypto_stable_stress,14,1,ETH,14,keeper_profit_proxy,128,2864.673935538679,992.4682140695821,919.436235962298,4809.91163511506,0.0,0.0,0.0,101.4561848900959,2933.7439532394887,17585.586303342683,0.3125
4,joint_crypto_stable_stress__stable_supported__shared_keeper_capacity_low,stable_supported__joint_crypto_stable_stress,stable_supported,joint_crypto_stable_stress,14,1,ETH,15,share_system_capacity_consumed,40,0.9513305056718144,0.013144688049961547,0.9255669170938898,0.977094094249739,1.0,0.7732638888888889,0.9199561403508771,1.0,1.0,1.0,1.0
4,joint_crypto_stable_stress__stable_supported__shared_keeper_capacity_low,stable_supported__joint_crypto_stable_stress,stable_supported,joint_crypto_stable_stress,14,1,ETH,16,share_system_rejections,3,1.0,0.0,1.0,1.0,1.0,1.0,1.0,1.0,1.0,1.0,1.0
4,joint_crypto_stable_stress__stable_supported__shared_keeper_capacity_low,stable_supported__joint_crypto_stable_stress,stable_supported,joint_crypto_stable_stress,14,1,ETH,17,contribution_to_system_backlog,37,0.9306488540060421,0.025967113507663408,0.8797533115310219,0.9815443964810624,1.0,0.5208706337420369,0.9897740129334135,1.0,1.0,1.0,1.0
4,joint_crypto_stable_stress__stable_supported__shared_keeper_capacity_low,stable_supported__joint_crypto_stable_stress,stable_supported,joint_crypto_stable_stress,14,1,ETH,18,exposure_normalised_backlog,128,0.03645295600413902,0.015810053978043415,0.005465250207173925,0.06744066180110411,0.0,0.0,0.0,0.0012271560256578915,0.04719330938934742,0.17216873705267455,0.2890625
4,joint_crypto_stable_stress__stable_supported__shared_keeper_capacity_low,stable_supported__joint_crypto_stable_stress,stable_supported,joint_crypto_stable_stress,14,1,ETH,19,exposure_normalised_unresolved_tab,128,0.0,0.0,0.0,0.0,0.0,0.0,0.0,0.0,0.0,0.0,0.0
4,joint_crypto_stable_stress__stable_supported__shared_keeper_capacity_low,stable_supported__joint_crypto_stable_stress,stable_supported,joint_crypto_stable_stress,14,1,ETH,20,displaced_candidates,128,0.0390625,0.02806581425635193,-0.015946495942449783,0.09407149594244979,0.0,0.0,0.0,0.0,0.0,0.0,0.015625
4,joint_crypto_stable_stress__stable_supported__shared_keeper_capacity_low,stable_supported__joint_crypto_stable_stress,stable_supported,joint_crypto_stable_stress,14,1,ETH,21,cross_family_displacement_hours,128,0.015625,0.011004959288293975,-0.005944720205056191,0.037194720205056195,0.0,0.0,0.0,0.0,0.0,0.0,0.015625
4,joint_crypto_stable_stress__stable_supported__shared_keeper_capacity_low,stable_supported__joint_crypto_stable_stress,stable_supported,joint_crypto_stable_stress,14,2,WBTC,1,initial_debt_exposure,128,284261.03872567357,5.459354813948973e-12,284261.03872567357,284261.03872567357,284261.0387256735,284261.03872567345,284261.0387256735,284261.0387256735,284261.03872567357,284261.03872567357,1.0
4,joint_crypto_stable_stress__stable_supported__shared_keeper_capacity_low,stable_supported__joint_crypto_stable_stress,stable_supported,joint_crypto_stable_stress,14,2,WBTC,2,eligible_liquidation_tab,128,3118.227843669244,1337.582221848405,496.5666888463702,5739.888998492118,0.0,0.0,0.0,0.0,1025.8149669394893,9119.06363332782,0.1171875
4,joint_crypto_stable_stress__stable_supported__shared_keeper_capacity_low,stable_supported__joint_crypto_stable_stress,stable_supported,joint_crypto_stable_stress,14,2,WBTC,3,candidate_count,128,1.2578125,0.4888327348250779,0.2997003397428474,2.2159246602571527,0.0,0.0,0.0,0.0,2.0,6.6499999999999915,0.1171875
4,joint_crypto_stable_stress__stable_supported__shared_keeper_capacity_low,stable_supported__joint_crypto_stable_stress,stable_supported,joint_crypto_stable_stress,14,2,WBTC,4,profitability_filtered_count,128,1.15625,0.4618088446063943,0.2511046645714672,2.061395335428533,0.0,0.0,0.0,0.0,2.0,6.0,0.1171875
4,joint_crypto_stable_stress__stable_supported__shared_keeper_capacity_low,stable_supported__joint_crypto_stable_stress,stable_supported,joint_crypto_stable_stress,14,2,WBTC,5,selected_count,128,0.4296875,0.13249368287849309,0.16999988155815354,0.6893751184418464,0.0,0.0,0.0,0.0,1.0,3.0,0.1171875
4,joint_crypto_stable_stress__stable_supported__shared_keeper_capacity_low,stable_supported__joint_crypto_stable_stress,stable_supported,joint_crypto_stable_stress,14,2,WBTC,6,rejected_count,128,0.0,0.0,0.0,0.0,0.0,0.0,0.0,0.0,0.0,0.0,0.0
4,joint_crypto_stable_stress__stable_supported__shared_keeper_capacity_low,stable_supported__joint_crypto_stable_stress,stable_supported,joint_crypto_stable_stress,14,2,WBTC,7,successful_closure_count,128,0.40625,0.1257054405170697,0.1598673365865434,0.6526326634134566,0.0,0.0,0.0,0.0,1.0,3.0,0.1171875
4,joint_crypto_stable_stress__stable_supported__shared_keeper_capacity_low,stable_supported__joint_crypto_stable_stress,stable_supported,joint_crypto_stable_stress,14,2,WBTC,8,liquidated_debt,128,2920.6994746662212,1302.504077974619,367.79148183596817,5473.607467496475,0.0,0.0,0.0,0.0,1025.8149669394893,6782.287549490216,0.1171875
4,joint_crypto_stable_stress__stable_supported__shared_keeper_capacity_low,stable_supported__joint_crypto_stable_stress,stable_supported,joint_crypto_stable_stress,14,2,WBTC,9,terminal_unresolved_tab,128,0.0,0.0,0.0,0.0,0.0,0.0,0.0,0.0,0.0,0.0,0.0
4,joint_crypto_stable_stress__stable_supported__shared_keeper_capacity_low,stable_supported__joint_crypto_stable_stress,stable_supported,joint_crypto_stable_stress,14,2,WBTC,10,backlog_area,128,3206.809991486146,1916.405068166357,-549.3439421199137,6962.9639250922055,0.0,0.0,0.0,0.0,0.0,6206.912204503536,0.0859375
4,joint_crypto_stable_stress__stable_supported__shared_keeper_capacity_low,stable_supported__joint_crypto_stable_stress,stable_supported,joint_crypto_stable_stress,14,2,WBTC,11,maximum_backlog,128,662.3146358527601,306.47165153440005,61.630198845336054,1262.9990728601842,0.0,0.0,0.0,0.0,0.0,2012.1395038981618,0.0859375
4,joint_crypto_stable_stress__stable_supported__shared_keeper_capacity_low,stable_supported__joint_crypto_stable_stress,stable_supported,joint_crypto_stable_stress,14,2,WBTC,12,terminal_active_bad_debt,128,0.0,0.0,0.0,0.0,0.0,0.0,0.0,0.0,0.0,0.0,0.0
4,joint_crypto_stable_stress__stable_supported__shared_keeper_capacity_low,stable_supported__joint_crypto_stable_stress,stable_supported,joint_crypto_stable_stress,14,2,WBTC,13,realised_bad_debt,128,0.0,0.0,0.0,0.0,0.0,0.0,0.0,0.0,0.0,0.0,0.0
4,joint_crypto_stable_stress__stable_supported__shared_keeper_capacity_low,stable_supported__joint_crypto_stable_stress,stable_supported,joint_crypto_stable_stress,14,2,WBTC,14,keeper_profit_proxy,128,364.6909006768942,167.48612781009496,36.4180901691081,692.9637111846803,0.0,0.0,0.0,0.0,93.76883968773042,811.3933486104066,0.1171875
4,joint_crypto_stable_stress__stable_supported__shared_keeper_capacity_low,stable_supported__joint_crypto_stable_stress,stable_supported,joint_crypto_stable_stress,14,2,WBTC,15,share_system_capacity_consumed,40,0.046586160994852265,0.013168891377236945,0.020775133895467854,0.07239718809423668,0.0,0.0,0.0,0.07680205949656752,0.1406015037593985,0.22673611111111083,0.375
4,joint_crypto_stable_stress__stable_supported__shared_keeper_capacity_low,stable_supported__joint_crypto_stable_stress,stable_supported,joint_crypto_stable_stress,14,2,WBTC,16,share_system_rejections,3,0.0,0.0,0.0,0.0,0.0,0.0,0.0,0.0,0.0,0.0,0.0
4,joint_crypto_stable_stress__stable_supported__shared_keeper_capacity_low,stable_supported__joint_crypto_stable_stress,stable_supported,joint_crypto_stable_stress,14,2,WBTC,17,contribution_to_system_backlog,37,0.06471918283568398,0.025874508146150024,0.014005146869229934,0.11543321880213803,0.0,0.0,0.0,0.0014898545642261175,0.2586257092196793,0.4791293662579628,0.2972972972972973
4,joint_crypto_stable_stress__stable_supported__shared_keeper_capacity_low,stable_supported__joint_crypto_stable_stress,stable_supported,joint_crypto_stable_stress,14,2,WBTC,18,exposure_normalised_backlog,128,0.011281215342989308,0.0067417085252255956,-0.0019325333664528595,0.024494964052431477,0.0,0.0,0.0,0.0,0.0,0.021835254779651755,0.0859375
4,joint_crypto_stable_stress__stable_supported__shared_keeper_capacity_low,stable_supported__joint_crypto_stable_stress,stable_supported,joint_crypto_stable_stress,14,2,WBTC,19,exposure_normalised_unresolved_tab,128,0.0,0.0,0.0,0.0,0.0,0.0,0.0,0.0,0.0,0.0,0.0
4,joint_crypto_stable_stress__stable_supported__shared_keeper_capacity_low,stable_supported__joint_crypto_stable_stress,stable_supported,joint_crypto_stable_stress,14,2,WBTC,20,displaced_candidates,128,0.0,0.0,0.0,0.0,0.0,0.0,0.0,0.0,0.0,0.0,0.0
4,joint_crypto_stable_stress__stable_supported__shared_keeper_capacity_low,stable_supported__joint_crypto_stable_stress,stable_supported,joint_crypto_stable_stress,14,2,WBTC,21,cross_family_displacement_hours,128,0.0,0.0,0.0,0.0,0.0,0.0,0.0,0.0,0.0,0.0,0.0
4,joint_crypto_stable_stress__stable_supported__shared_keeper_capacity_low,stable_supported__joint_crypto_stable_stress,stable_supported,joint_crypto_stable_stress,14,3,STABLE,1,initial_debt_exposure,128,625000.0,8.946206413300707e-12,625000.0,625000.0,625000.0,624999.9999999999,624999.9999999999,625000.0000000001,625000.0000000001,625000.0000000001,1.0
4,joint_crypto_stable_stress__stable_supported__shared_keeper_capacity_low,stable_supported__joint_crypto_stable_stress,stable_supported,joint_crypto_stable_stress,14,3,STABLE,2,eligible_liquidation_tab,128,39.1721087808756,39.1721087808756,-37.605224429640565,115.94944199139175,0.0,0.0,0.0,0.0,0.0,0.0,0.0078125
4,joint_crypto_stable_stress__stable_supported__shared_keeper_capacity_low,stable_supported__joint_crypto_stable_stress,stable_supported,joint_crypto_stable_stress,14,3,STABLE,3,candidate_count,128,0.03125,0.03125,-0.03,0.0925,0.0,0.0,0.0,0.0,0.0,0.0,0.0078125
4,joint_crypto_stable_stress__stable_supported__shared_keeper_capacity_low,stable_supported__joint_crypto_stable_stress,stable_supported,joint_crypto_stable_stress,14,3,STABLE,4,profitability_filtered_count,128,0.03125,0.03125,-0.03,0.0925,0.0,0.0,0.0,0.0,0.0,0.0,0.0078125
4,joint_crypto_stable_stress__stable_supported__shared_keeper_capacity_low,stable_supported__joint_crypto_stable_stress,stable_supported,joint_crypto_stable_stress,14,3,STABLE,5,selected_count,128,0.0078125,0.0078125,-0.0075,0.023125,0.0,0.0,0.0,0.0,0.0,0.0,0.0078125
4,joint_crypto_stable_stress__stable_supported__shared_keeper_capacity_low,stable_supported__joint_crypto_stable_stress,stable_supported,joint_crypto_stable_stress,14,3,STABLE,6,rejected_count,128,0.0,0.0,0.0,0.0,0.0,0.0,0.0,0.0,0.0,0.0,0.0
4,joint_crypto_stable_stress__stable_supported__shared_keeper_capacity_low,stable_supported__joint_crypto_stable_stress,stable_supported,joint_crypto_stable_stress,14,3,STABLE,7,successful_closure_count,128,0.0078125,0.0078125,-0.0075,0.023125,0.0,0.0,0.0,0.0,0.0,0.0,0.0078125
4,joint_crypto_stable_stress__stable_supported__shared_keeper_capacity_low,stable_supported__joint_crypto_stable_stress,stable_supported,joint_crypto_stable_stress,14,3,STABLE,8,liquidated_debt,128,39.1721087808756,39.1721087808756,-37.605224429640565,115.94944199139175,0.0,0.0,0.0,0.0,0.0,0.0,0.0078125
4,joint_crypto_stable_stress__stable_supported__shared_keeper_capacity_low,stable_supported__joint_crypto_stable_stress,stable_supported,joint_crypto_stable_stress,14,3,STABLE,9,terminal_unresolved_tab,128,0.0,0.0,0.0,0.0,0.0,0.0,0.0,0.0,0.0,0.0,0.0
4,joint_crypto_stable_stress__stable_supported__shared_keeper_capacity_low,stable_supported__joint_crypto_stable_stress,stable_supported,joint_crypto_stable_stress,14,3,STABLE,10,backlog_area,128,117.5163263426268,117.51632634262678,-112.81567328892169,347.8483259741753,0.0,0.0,0.0,0.0,0.0,0.0,0.0078125
4,joint_crypto_stable_stress__stable_supported__shared_keeper_capacity_low,stable_supported__joint_crypto_stable_stress,stable_supported,joint_crypto_stable_stress,14,3,STABLE,11,maximum_backlog,128,39.1721087808756,39.1721087808756,-37.605224429640565,115.94944199139175,0.0,0.0,0.0,0.0,0.0,0.0,0.0078125
4,joint_crypto_stable_stress__stable_supported__shared_keeper_capacity_low,stable_supported__joint_crypto_stable_stress,stable_supported,joint_crypto_stable_stress,14,3,STABLE,12,terminal_active_bad_debt,128,0.0,0.0,0.0,0.0,0.0,0.0,0.0,0.0,0.0,0.0,0.0
4,joint_crypto_stable_stress__stable_supported__shared_keeper_capacity_low,stable_supported__joint_crypto_stable_stress,stable_supported,joint_crypto_stable_stress,14,3,STABLE,13,realised_bad_debt,128,0.0,0.0,0.0,0.0,0.0,0.0,0.0,0.0,0.0,0.0,0.0
4,joint_crypto_stable_stress__stable_supported__shared_keeper_capacity_low,stable_supported__joint_crypto_stable_stress,stable_supported,joint_crypto_stable_stress,14,3,STABLE,14,keeper_profit_proxy,128,1.9435183475881044,1.943518347588104,-1.8657776136845794,5.752814308860788,0.0,0.0,0.0,0.0,0.0,0.0,0.0078125
4,joint_crypto_stable_stress__stable_supported__shared_keeper_capacity_low,stable_supported__joint_crypto_stable_stress,stable_supported,joint_crypto_stable_stress,14,3,STABLE,15,share_system_capacity_consumed,40,0.0020833333333333333,0.002083333333333333,-0.0019999999999999987,0.006166666666666666,0.0,0.0,0.0,0.0,0.0,0.0,0.025
4,joint_crypto_stable_stress__stable_supported__shared_keeper_capacity_low,stable_supported__joint_crypto_stable_stress,stable_supported,joint_crypto_stable_stress,14,3,STABLE,16,share_system_rejections,3,0.0,0.0,0.0,0.0,0.0,0.0,0.0,0.0,0.0,0.0,0.0
4,joint_crypto_stable_stress__stable_supported__shared_keeper_capacity_low,stable_supported__joint_crypto_stable_stress,stable_supported,joint_crypto_stable_stress,14,3,STABLE,17,contribution_to_system_backlog,37,0.004631963158273981,0.004631963158273981,-0.004446684631943021,0.013710610948490982,0.0,0.0,0.0,0.0,0.0,0.0,0.02702702702702703
4,joint_crypto_stable_stress__stable_supported__shared_keeper_capacity_low,stable_supported__joint_crypto_stable_stress,stable_supported,joint_crypto_stable_stress,14,3,STABLE,18,exposure_normalised_backlog,128,0.00018802612214820292,0.00018802612214820292,-0.0001805050772622748,0.0005565573215586807,0.0,0.0,0.0,0.0,0.0,0.0,0.0078125
4,joint_crypto_stable_stress__stable_supported__shared_keeper_capacity_low,stable_supported__joint_crypto_stable_stress,stable_supported,joint_crypto_stable_stress,14,3,STABLE,19,exposure_normalised_unresolved_tab,128,0.0,0.0,0.0,0.0,0.0,0.0,0.0,0.0,0.0,0.0,0.0
4,joint_crypto_stable_stress__stable_supported__shared_keeper_capacity_low,stable_supported__joint_crypto_stable_stress,stable_supported,joint_crypto_stable_stress,14,3,STABLE,20,displaced_candidates,128,0.0,0.0,0.0,0.0,0.0,0.0,0.0,0.0,0.0,0.0,0.0
4,joint_crypto_stable_stress__stable_supported__shared_keeper_capacity_low,stable_supported__joint_crypto_stable_stress,stable_supported,joint_crypto_stable_stress,14,3,STABLE,21,cross_family_displacement_hours,128,0.0,0.0,0.0,0.0,0.0,0.0,0.0,0.0,0.0,0.0,0.0
5,joint_crypto_stable_stress__stable_supported__shared_keeper_capacity_central,stable_supported__joint_crypto_stable_stress,stable_supported,joint_crypto_stable_stress,26,1,ETH,1,initial_debt_exposure,128,1590738.9612743263,4.344517081007135e-11,1590738.9612743263,1590738.9612743263,1590738.9612743268,1590738.9612743265,1590738.9612743268,1590738.9612743268,1590738.961274327,1590738.961274327,1.0
5,joint_crypto_stable_stress__stable_supported__shared_keeper_capacity_central,stable_supported__joint_crypto_stable_stress,stable_supported,joint_crypto_stable_stress,26,1,ETH,2,eligible_liquidation_tab,128,31541.750395917108,9719.960580621768,12490.627657898443,50592.87313393578,0.0,0.0,0.0,1015.813501432451,41207.82161969194,253640.2481162553,0.3203125
5,joint_crypto_stable_stress__stable_supported__shared_keeper_capacity_central,stable_supported__joint_crypto_stable_stress,stable_supported,joint_crypto_stable_stress,26,1,ETH,3,candidate_count,128,26.1640625,6.901753398120884,12.636625839683067,39.69149916031694,0.0,0.0,0.0,6.25,64.19999999999999,203.99999999999966,0.3203125
5,joint_crypto_stable_stress__stable_supported__shared_keeper_capacity_central,stable_supported__joint_crypto_stable_stress,stable_supported,joint_crypto_stable_stress,26,1,ETH,4,profitability_filtered_count,128,14.625,4.164981614652542,6.461636035281018,22.788363964718982,0.0,0.0,0.0,6.25,40.599999999999994,64.19999999999993,0.3203125
5,joint_crypto_stable_stress__stable_supported__shared_keeper_capacity_central,stable_supported__joint_crypto_stable_stress,stable_supported,joint_crypto_stable_stress,26,1,ETH,5,selected_count,128,6.8046875,1.6466254337623183,3.577301649825856,10.032073350174144,0.0,0.0,0.0,2.0,16.599999999999994,48.499999999999915,0.3125
5,joint_crypto_stable_stress__stable_supported__shared_keeper_capacity_central,stable_supported__joint_crypto_stable_stress,stable_supported,joint_crypto_stable_stress,26,1,ETH,6,rejected_count,128,0.0,0.0,0.0,0.0,0.0,0.0,0.0,0.0,0.0,0.0,0.0
5,joint_crypto_stable_stress__stable_supported__shared_keeper_capacity_central,stable_supported__joint_crypto_stable_stress,stable_supported,joint_crypto_stable_stress,26,1,ETH,7,successful_closure_count,128,3.765625,0.8740492849010424,2.0524884015939566,5.478761598406043,0.0,0.0,0.0,2.0,13.299999999999997,22.54999999999994,0.3125
5,joint_crypto_stable_stress__stable_supported__shared_keeper_capacity_central,stable_supported__joint_crypto_stable_stress,stable_supported,joint_crypto_stable_stress,26,1,ETH,8,liquidated_debt,128,22641.45708512621,7734.835080483119,7481.1803273792975,37801.733842873124,0.0,0.0,0.0,897.3534204761786,24109.451720610003,139461.0092375669,0.3125
5,joint_crypto_stable_stress__stable_supported__shared_keeper_capacity_central,stable_supported__joint_crypto_stable_stress,stable_supported,joint_crypto_stable_stress,26,1,ETH,9,terminal_unresolved_tab,128,0.0,0.0,0.0,0.0,0.0,0.0,0.0,0.0,0.0,0.0,0.0
5,joint_crypto_stable_stress__stable_supported__shared_keeper_capacity_central,stable_supported__joint_crypto_stable_stress,stable_supported,joint_crypto_stable_stress,26,1,ETH,10,backlog_area,128,57917.98309696115,25144.146608247127,8635.455744796782,107200.51044912552,0.0,0.0,0.0,1952.0849015765657,75072.23595710844,273875.51794308424,0.2890625
5,joint_crypto_stable_stress__stable_supported__shared_keeper_capacity_central,stable_supported__joint_crypto_stable_stress,stable_supported,joint_crypto_stable_stress,26,1,ETH,11,maximum_backlog,128,18766.69214056377,7529.737812850667,4008.4060273764626,33524.97825375108,0.0,0.0,0.0,789.0418522781745,13958.553283875355,65892.27878115197,0.2890625
5,joint_crypto_stable_stress__stable_supported__shared_keeper_capacity_central,stable_supported__joint_crypto_stable_stress,stable_supported,joint_crypto_stable_stress,26,1,ETH,12,terminal_active_bad_debt,128,0.0,0.0,0.0,0.0,0.0,0.0,0.0,0.0,0.0,0.0,0.0
5,joint_crypto_stable_stress__stable_supported__shared_keeper_capacity_central,stable_supported__joint_crypto_stable_stress,stable_supported,joint_crypto_stable_stress,26,1,ETH,13,realised_bad_debt,128,0.0,0.0,0.0,0.0,0.0,0.0,0.0,0.0,0.0,0.0,0.0
5,joint_crypto_stable_stress__stable_supported__shared_keeper_capacity_central,stable_supported__joint_crypto_stable_stress,stable_supported,joint_crypto_stable_stress,26,1,ETH,14,keeper_profit_proxy,128,2864.776639965582,992.5019598809205,919.472798598978,4810.0804813321865,0.0,0.0,0.0,101.4561848900959,2933.7439532394887,17583.428563837562,0.3125
5,joint_crypto_stable_stress__stable_supported__shared_keeper_capacity_central,stable_supported__joint_crypto_stable_stress,stable_supported,joint_crypto_stable_stress,26,1,ETH,15,share_system_capacity_consumed,40,0.9516191689059867,0.013101603896149006,0.9259400252695347,0.9772983125424388,1.0,0.7732638888888889,0.9199561403508771,1.0,1.0,1.0,1.0
5,joint_crypto_stable_stress__stable_supported__shared_keeper_capacity_central,stable_supported__joint_crypto_stable_stress,stable_supported,joint_crypto_stable_stress,26,1,ETH,16,share_system_rejections,0,,,,,,,,,,,
5,joint_crypto_stable_stress__stable_supported__shared_keeper_capacity_central,stable_supported__joint_crypto_stable_stress,stable_supported,joint_crypto_stable_stress,26,1,ETH,17,contribution_to_system_backlog,37,0.9306179914232496,0.02597456814351547,0.8797078378619593,0.98152814498454,1.0,0.5208706337420369,0.9897740129334135,1.0,1.0,1.0,1.0
5,joint_crypto_stable_stress__stable_supported__shared_keeper_capacity_central,stable_supported__joint_crypto_stable_stress,stable_supported,joint_crypto_stable_stress,26,1,ETH,18,exposure_normalised_backlog,128,0.03640948295537035,0.01580658248799311,0.005428581278903857,0.06739038463183684,0.0,0.0,0.0,0.0012271560256578915,0.04719330938934742,0.17216873705267455,0.2890625
5,joint_crypto_stable_stress__stable_supported__shared_keeper_capacity_central,stable_supported__joint_crypto_stable_stress,stable_supported,joint_crypto_stable_stress,26,1,ETH,19,exposure_normalised_unresolved_tab,128,0.0,0.0,0.0,0.0,0.0,0.0,0.0,0.0,0.0,0.0,0.0
5,joint_crypto_stable_stress__stable_supported__shared_keeper_capacity_central,stable_supported__joint_crypto_stable_stress,stable_supported,joint_crypto_stable_stress,26,1,ETH,20,displaced_candidates,128,0.0,0.0,0.0,0.0,0.0,0.0,0.0,0.0,0.0,0.0,0.0
5,joint_crypto_stable_stress__stable_supported__shared_keeper_capacity_central,stable_supported__joint_crypto_stable_stress,stable_supported,joint_crypto_stable_stress,26,1,ETH,21,cross_family_displacement_hours,128,0.0,0.0,0.0,0.0,0.0,0.0,0.0,0.0,0.0,0.0,0.0
5,joint_crypto_stable_stress__stable_supported__shared_keeper_capacity_central,stable_supported__joint_crypto_stable_stress,stable_supported,joint_crypto_stable_stress,26,2,WBTC,1,initial_debt_exposure,128,284261.03872567357,5.459354813948973e-12,284261.03872567357,284261.03872567357,284261.0387256735,284261.03872567345,284261.0387256735,284261.0387256735,284261.03872567357,284261.03872567357,1.0
5,joint_crypto_stable_stress__stable_supported__shared_keeper_capacity_central,stable_supported__joint_crypto_stable_stress,stable_supported,joint_crypto_stable_stress,26,2,WBTC,2,eligible_liquidation_tab,128,3118.227843669244,1337.582221848405,496.5666888463702,5739.888998492118,0.0,0.0,0.0,0.0,1025.8149669394893,9119.06363332782,0.1171875
5,joint_crypto_stable_stress__stable_supported__shared_keeper_capacity_central,stable_supported__joint_crypto_stable_stress,stable_supported,joint_crypto_stable_stress,26,2,WBTC,3,candidate_count,128,1.2578125,0.4888327348250779,0.2997003397428474,2.2159246602571527,0.0,0.0,0.0,0.0,2.0,6.6499999999999915,0.1171875
5,joint_crypto_stable_stress__stable_supported__shared_keeper_capacity_central,stable_supported__joint_crypto_stable_stress,stable_supported,joint_crypto_stable_stress,26,2,WBTC,4,profitability_filtered_count,128,1.15625,0.4618088446063943,0.2511046645714672,2.061395335428533,0.0,0.0,0.0,0.0,2.0,6.0,0.1171875
5,joint_crypto_stable_stress__stable_supported__shared_keeper_capacity_central,stable_supported__joint_crypto_stable_stress,stable_supported,joint_crypto_stable_stress,26,2,WBTC,5,selected_count,128,0.4296875,0.13249368287849309,0.16999988155815354,0.6893751184418464,0.0,0.0,0.0,0.0,1.0,3.0,0.1171875
5,joint_crypto_stable_stress__stable_supported__shared_keeper_capacity_central,stable_supported__joint_crypto_stable_stress,stable_supported,joint_crypto_stable_stress,26,2,WBTC,6,rejected_count,128,0.0,0.0,0.0,0.0,0.0,0.0,0.0,0.0,0.0,0.0,0.0
5,joint_crypto_stable_stress__stable_supported__shared_keeper_capacity_central,stable_supported__joint_crypto_stable_stress,stable_supported,joint_crypto_stable_stress,26,2,WBTC,7,successful_closure_count,128,0.40625,0.1257054405170697,0.1598673365865434,0.6526326634134566,0.0,0.0,0.0,0.0,1.0,3.0,0.1171875
5,joint_crypto_stable_stress__stable_supported__shared_keeper_capacity_central,stable_supported__joint_crypto_stable_stress,stable_supported,joint_crypto_stable_stress,26,2,WBTC,8,liquidated_debt,128,2920.6994746662212,1302.504077974619,367.79148183596817,5473.607467496475,0.0,0.0,0.0,0.0,1025.8149669394893,6782.287549490216,0.1171875
5,joint_crypto_stable_stress__stable_supported__shared_keeper_capacity_central,stable_supported__joint_crypto_stable_stress,stable_supported,joint_crypto_stable_stress,26,2,WBTC,9,terminal_unresolved_tab,128,0.0,0.0,0.0,0.0,0.0,0.0,0.0,0.0,0.0,0.0,0.0
5,joint_crypto_stable_stress__stable_supported__shared_keeper_capacity_central,stable_supported__joint_crypto_stable_stress,stable_supported,joint_crypto_stable_stress,26,2,WBTC,10,backlog_area,128,3206.809991486146,1916.405068166357,-549.3439421199137,6962.9639250922055,0.0,0.0,0.0,0.0,0.0,6206.912204503536,0.0859375
5,joint_crypto_stable_stress__stable_supported__shared_keeper_capacity_central,stable_supported__joint_crypto_stable_stress,stable_supported,joint_crypto_stable_stress,26,2,WBTC,11,maximum_backlog,128,662.3146358527601,306.47165153440005,61.630198845336054,1262.9990728601842,0.0,0.0,0.0,0.0,0.0,2012.1395038981618,0.0859375
5,joint_crypto_stable_stress__stable_supported__shared_keeper_capacity_central,stable_supported__joint_crypto_stable_stress,stable_supported,joint_crypto_stable_stress,26,2,WBTC,12,terminal_active_bad_debt,128,0.0,0.0,0.0,0.0,0.0,0.0,0.0,0.0,0.0,0.0,0.0
5,joint_crypto_stable_stress__stable_supported__shared_keeper_capacity_central,stable_supported__joint_crypto_stable_stress,stable_supported,joint_crypto_stable_stress,26,2,WBTC,13,realised_bad_debt,128,0.0,0.0,0.0,0.0,0.0,0.0,0.0,0.0,0.0,0.0,0.0
5,joint_crypto_stable_stress__stable_supported__shared_keeper_capacity_central,stable_supported__joint_crypto_stable_stress,stable_supported,joint_crypto_stable_stress,26,2,WBTC,14,keeper_profit_proxy,128,364.6909006768942,167.48612781009496,36.4180901691081,692.9637111846803,0.0,0.0,0.0,0.0,93.76883968773042,811.3933486104066,0.1171875
5,joint_crypto_stable_stress__stable_supported__shared_keeper_capacity_central,stable_supported__joint_crypto_stable_stress,stable_supported,joint_crypto_stable_stress,26,2,WBTC,15,share_system_capacity_consumed,40,0.04629749776067989,0.013124711834441529,0.02057306256517449,0.07202193295618528,0.0,0.0,0.0,0.07680205949656752,0.13428571428571429,0.22673611111111083,0.375
5,joint_crypto_stable_stress__stable_supported__shared_keeper_capacity_central,stable_supported__joint_crypto_stable_stress,stable_supported,joint_crypto_stable_stress,26,2,WBTC,16,share_system_rejections,0,,,,,,,,,,,
5,joint_crypto_stable_stress__stable_supported__shared_keeper_capacity_central,stable_supported__joint_crypto_stable_stress,stable_supported,joint_crypto_stable_stress,26,2,WBTC,17,contribution_to_system_backlog,37,0.06475004541847643,0.02588214287951394,0.014021045374629101,0.11547904546232375,0.0,0.0,0.0,0.0014898545642261175,0.2589241164895729,0.4791293662579628,0.2972972972972973
5,joint_crypto_stable_stress__stable_supported__shared_keeper_capacity_central,stable_supported__joint_crypto_stable_stress,stable_supported,joint_crypto_stable_stress,26,2,WBTC,18,exposure_normalised_backlog,128,0.011281215342989308,0.0067417085252255956,-0.0019325333664528595,0.024494964052431477,0.0,0.0,0.0,0.0,0.0,0.021835254779651755,0.0859375
5,joint_crypto_stable_stress__stable_supported__shared_keeper_capacity_central,stable_supported__joint_crypto_stable_stress,stable_supported,joint_crypto_stable_stress,26,2,WBTC,19,exposure_normalised_unresolved_tab,128,0.0,0.0,0.0,0.0,0.0,0.0,0.0,0.0,0.0,0.0,0.0
5,joint_crypto_stable_stress__stable_supported__shared_keeper_capacity_central,stable_supported__joint_crypto_stable_stress,stable_supported,joint_crypto_stable_stress,26,2,WBTC,20,displaced_candidates,128,0.0,0.0,0.0,0.0,0.0,0.0,0.0,0.0,0.0,0.0,0.0
5,joint_crypto_stable_stress__stable_supported__shared_keeper_capacity_central,stable_supported__joint_crypto_stable_stress,stable_supported,joint_crypto_stable_stress,26,2,WBTC,21,cross_family_displacement_hours,128,0.0,0.0,0.0,0.0,0.0,0.0,0.0,0.0,0.0,0.0,0.0
5,joint_crypto_stable_stress__stable_supported__shared_keeper_capacity_central,stable_supported__joint_crypto_stable_stress,stable_supported,joint_crypto_stable_stress,26,3,STABLE,1,initial_debt_exposure,128,625000.0,8.946206413300707e-12,625000.0,625000.0,625000.0,624999.9999999999,624999.9999999999,625000.0000000001,625000.0000000001,625000.0000000001,1.0
5,joint_crypto_stable_stress__stable_supported__shared_keeper_capacity_central,stable_supported__joint_crypto_stable_stress,stable_supported,joint_crypto_stable_stress,26,3,STABLE,2,eligible_liquidation_tab,128,39.1721087808756,39.1721087808756,-37.605224429640565,115.94944199139175,0.0,0.0,0.0,0.0,0.0,0.0,0.0078125
5,joint_crypto_stable_stress__stable_supported__shared_keeper_capacity_central,stable_supported__joint_crypto_stable_stress,stable_supported,joint_crypto_stable_stress,26,3,STABLE,3,candidate_count,128,0.03125,0.03125,-0.03,0.0925,0.0,0.0,0.0,0.0,0.0,0.0,0.0078125
5,joint_crypto_stable_stress__stable_supported__shared_keeper_capacity_central,stable_supported__joint_crypto_stable_stress,stable_supported,joint_crypto_stable_stress,26,3,STABLE,4,profitability_filtered_count,128,0.03125,0.03125,-0.03,0.0925,0.0,0.0,0.0,0.0,0.0,0.0,0.0078125
5,joint_crypto_stable_stress__stable_supported__shared_keeper_capacity_central,stable_supported__joint_crypto_stable_stress,stable_supported,joint_crypto_stable_stress,26,3,STABLE,5,selected_count,128,0.0078125,0.0078125,-0.0075,0.023125,0.0,0.0,0.0,0.0,0.0,0.0,0.0078125
5,joint_crypto_stable_stress__stable_supported__shared_keeper_capacity_central,stable_supported__joint_crypto_stable_stress,stable_supported,joint_crypto_stable_stress,26,3,STABLE,6,rejected_count,128,0.0,0.0,0.0,0.0,0.0,0.0,0.0,0.0,0.0,0.0,0.0
5,joint_crypto_stable_stress__stable_supported__shared_keeper_capacity_central,stable_supported__joint_crypto_stable_stress,stable_supported,joint_crypto_stable_stress,26,3,STABLE,7,successful_closure_count,128,0.0078125,0.0078125,-0.0075,0.023125,0.0,0.0,0.0,0.0,0.0,0.0,0.0078125
5,joint_crypto_stable_stress__stable_supported__shared_keeper_capacity_central,stable_supported__joint_crypto_stable_stress,stable_supported,joint_crypto_stable_stress,26,3,STABLE,8,liquidated_debt,128,39.1721087808756,39.1721087808756,-37.605224429640565,115.94944199139175,0.0,0.0,0.0,0.0,0.0,0.0,0.0078125
5,joint_crypto_stable_stress__stable_supported__shared_keeper_capacity_central,stable_supported__joint_crypto_stable_stress,stable_supported,joint_crypto_stable_stress,26,3,STABLE,9,terminal_unresolved_tab,128,0.0,0.0,0.0,0.0,0.0,0.0,0.0,0.0,0.0,0.0,0.0
5,joint_crypto_stable_stress__stable_supported__shared_keeper_capacity_central,stable_supported__joint_crypto_stable_stress,stable_supported,joint_crypto_stable_stress,26,3,STABLE,10,backlog_area,128,117.5163263426268,117.51632634262678,-112.81567328892169,347.8483259741753,0.0,0.0,0.0,0.0,0.0,0.0,0.0078125
5,joint_crypto_stable_stress__stable_supported__shared_keeper_capacity_central,stable_supported__joint_crypto_stable_stress,stable_supported,joint_crypto_stable_stress,26,3,STABLE,11,maximum_backlog,128,39.1721087808756,39.1721087808756,-37.605224429640565,115.94944199139175,0.0,0.0,0.0,0.0,0.0,0.0,0.0078125
5,joint_crypto_stable_stress__stable_supported__shared_keeper_capacity_central,stable_supported__joint_crypto_stable_stress,stable_supported,joint_crypto_stable_stress,26,3,STABLE,12,terminal_active_bad_debt,128,0.0,0.0,0.0,0.0,0.0,0.0,0.0,0.0,0.0,0.0,0.0
5,joint_crypto_stable_stress__stable_supported__shared_keeper_capacity_central,stable_supported__joint_crypto_stable_stress,stable_supported,joint_crypto_stable_stress,26,3,STABLE,13,realised_bad_debt,128,0.0,0.0,0.0,0.0,0.0,0.0,0.0,0.0,0.0,0.0,0.0
5,joint_crypto_stable_stress__stable_supported__shared_keeper_capacity_central,stable_supported__joint_crypto_stable_stress,stable_supported,joint_crypto_stable_stress,26,3,STABLE,14,keeper_profit_proxy,128,1.9435183475881044,1.943518347588104,-1.8657776136845794,5.752814308860788,0.0,0.0,0.0,0.0,0.0,0.0,0.0078125
5,joint_crypto_stable_stress__stable_supported__shared_keeper_capacity_central,stable_supported__joint_crypto_stable_stress,stable_supported,joint_crypto_stable_stress,26,3,STABLE,15,share_system_capacity_consumed,40,0.0020833333333333333,0.002083333333333333,-0.0019999999999999987,0.006166666666666666,0.0,0.0,0.0,0.0,0.0,0.0,0.025
5,joint_crypto_stable_stress__stable_supported__shared_keeper_capacity_central,stable_supported__joint_crypto_stable_stress,stable_supported,joint_crypto_stable_stress,26,3,STABLE,16,share_system_rejections,0,,,,,,,,,,,
5,joint_crypto_stable_stress__stable_supported__shared_keeper_capacity_central,stable_supported__joint_crypto_stable_stress,stable_supported,joint_crypto_stable_stress,26,3,STABLE,17,contribution_to_system_backlog,37,0.004631963158273981,0.004631963158273981,-0.004446684631943021,0.013710610948490982,0.0,0.0,0.0,0.0,0.0,0.0,0.02702702702702703
5,joint_crypto_stable_stress__stable_supported__shared_keeper_capacity_central,stable_supported__joint_crypto_stable_stress,stable_supported,joint_crypto_stable_stress,26,3,STABLE,18,exposure_normalised_backlog,128,0.00018802612214820292,0.00018802612214820292,-0.0001805050772622748,0.0005565573215586807,0.0,0.0,0.0,0.0,0.0,0.0,0.0078125
5,joint_crypto_stable_stress__stable_supported__shared_keeper_capacity_central,stable_supported__joint_crypto_stable_stress,stable_supported,joint_crypto_stable_stress,26,3,STABLE,19,exposure_normalised_unresolved_tab,128,0.0,0.0,0.0,0.0,0.0,0.0,0.0,0.0,0.0,0.0,0.0
5,joint_crypto_stable_stress__stable_supported__shared_keeper_capacity_central,stable_supported__joint_crypto_stable_stress,stable_supported,joint_crypto_stable_stress,26,3,STABLE,20,displaced_candidates,128,0.0,0.0,0.0,0.0,0.0,0.0,0.0,0.0,0.0,0.0,0.0
5,joint_crypto_stable_stress__stable_supported__shared_keeper_capacity_central,stable_supported__joint_crypto_stable_stress,stable_supported,joint_crypto_stable_stress,26,3,STABLE,21,cross_family_displacement_hours,128,0.0,0.0,0.0,0.0,0.0,0.0,0.0,0.0,0.0,0.0,0.0
6,joint_crypto_stable_stress__stable_supported__shared_keeper_capacity_high,stable_supported__joint_crypto_stable_stress,stable_supported,joint_crypto_stable_stress,45,1,ETH,1,initial_debt_exposure,128,1590738.9612743263,4.344517081007135e-11,1590738.9612743263,1590738.9612743263,1590738.9612743268,1590738.9612743265,1590738.9612743268,1590738.9612743268,1590738.961274327,1590738.961274327,1.0
6,joint_crypto_stable_stress__stable_supported__shared_keeper_capacity_high,stable_supported__joint_crypto_stable_stress,stable_supported,joint_crypto_stable_stress,45,1,ETH,2,eligible_liquidation_tab,128,31541.750395917108,9719.960580621768,12490.627657898443,50592.87313393578,0.0,0.0,0.0,1015.813501432451,41207.82161969194,253640.2481162553,0.3203125
6,joint_crypto_stable_stress__stable_supported__shared_keeper_capacity_high,stable_supported__joint_crypto_stable_stress,stable_supported,joint_crypto_stable_stress,45,1,ETH,3,candidate_count,128,26.1640625,6.901753398120884,12.636625839683067,39.69149916031694,0.0,0.0,0.0,6.25,64.19999999999999,203.99999999999966,0.3203125
6,joint_crypto_stable_stress__stable_supported__shared_keeper_capacity_high,stable_supported__joint_crypto_stable_stress,stable_supported,joint_crypto_stable_stress,45,1,ETH,4,profitability_filtered_count,128,14.625,4.164981614652542,6.461636035281018,22.788363964718982,0.0,0.0,0.0,6.25,40.599999999999994,64.19999999999993,0.3203125
6,joint_crypto_stable_stress__stable_supported__shared_keeper_capacity_high,stable_supported__joint_crypto_stable_stress,stable_supported,joint_crypto_stable_stress,45,1,ETH,5,selected_count,128,6.8046875,1.6466254337623183,3.577301649825856,10.032073350174144,0.0,0.0,0.0,2.0,16.599999999999994,48.499999999999915,0.3125
6,joint_crypto_stable_stress__stable_supported__shared_keeper_capacity_high,stable_supported__joint_crypto_stable_stress,stable_supported,joint_crypto_stable_stress,45,1,ETH,6,rejected_count,128,0.0,0.0,0.0,0.0,0.0,0.0,0.0,0.0,0.0,0.0,0.0
6,joint_crypto_stable_stress__stable_supported__shared_keeper_capacity_high,stable_supported__joint_crypto_stable_stress,stable_supported,joint_crypto_stable_stress,45,1,ETH,7,successful_closure_count,128,3.765625,0.8740492849010424,2.0524884015939566,5.478761598406043,0.0,0.0,0.0,2.0,13.299999999999997,22.54999999999994,0.3125
6,joint_crypto_stable_stress__stable_supported__shared_keeper_capacity_high,stable_supported__joint_crypto_stable_stress,stable_supported,joint_crypto_stable_stress,45,1,ETH,8,liquidated_debt,128,22641.45708512621,7734.835080483119,7481.1803273792975,37801.733842873124,0.0,0.0,0.0,897.3534204761786,24109.451720610003,139461.0092375669,0.3125
6,joint_crypto_stable_stress__stable_supported__shared_keeper_capacity_high,stable_supported__joint_crypto_stable_stress,stable_supported,joint_crypto_stable_stress,45,1,ETH,9,terminal_unresolved_tab,128,0.0,0.0,0.0,0.0,0.0,0.0,0.0,0.0,0.0,0.0,0.0
6,joint_crypto_stable_stress__stable_supported__shared_keeper_capacity_high,stable_supported__joint_crypto_stable_stress,stable_supported,joint_crypto_stable_stress,45,1,ETH,10,backlog_area,128,57917.98309696115,25144.146608247127,8635.455744796782,107200.51044912552,0.0,0.0,0.0,1952.0849015765657,75072.23595710844,273875.51794308424,0.2890625
6,joint_crypto_stable_stress__stable_supported__shared_keeper_capacity_high,stable_supported__joint_crypto_stable_stress,stable_supported,joint_crypto_stable_stress,45,1,ETH,11,maximum_backlog,128,18766.69214056377,7529.737812850667,4008.4060273764626,33524.97825375108,0.0,0.0,0.0,789.0418522781745,13958.553283875355,65892.27878115197,0.2890625
6,joint_crypto_stable_stress__stable_supported__shared_keeper_capacity_high,stable_supported__joint_crypto_stable_stress,stable_supported,joint_crypto_stable_stress,45,1,ETH,12,terminal_active_bad_debt,128,0.0,0.0,0.0,0.0,0.0,0.0,0.0,0.0,0.0,0.0,0.0
6,joint_crypto_stable_stress__stable_supported__shared_keeper_capacity_high,stable_supported__joint_crypto_stable_stress,stable_supported,joint_crypto_stable_stress,45,1,ETH,13,realised_bad_debt,128,0.0,0.0,0.0,0.0,0.0,0.0,0.0,0.0,0.0,0.0,0.0
6,joint_crypto_stable_stress__stable_supported__shared_keeper_capacity_high,stable_supported__joint_crypto_stable_stress,stable_supported,joint_crypto_stable_stress,45,1,ETH,14,keeper_profit_proxy,128,2864.776639965582,992.5019598809205,919.472798598978,4810.0804813321865,0.0,0.0,0.0,101.4561848900959,2933.7439532394887,17583.428563837562,0.3125
6,joint_crypto_stable_stress__stable_supported__shared_keeper_capacity_high,stable_supported__joint_crypto_stable_stress,stable_supported,joint_crypto_stable_stress,45,1,ETH,15,share_system_capacity_consumed,40,0.9516191689059867,0.013101603896149006,0.9259400252695347,0.9772983125424388,1.0,0.7732638888888889,0.9199561403508771,1.0,1.0,1.0,1.0
6,joint_crypto_stable_stress__stable_supported__shared_keeper_capacity_high,stable_supported__joint_crypto_stable_stress,stable_supported,joint_crypto_stable_stress,45,1,ETH,16,share_system_rejections,0,,,,,,,,,,,
6,joint_crypto_stable_stress__stable_supported__shared_keeper_capacity_high,stable_supported__joint_crypto_stable_stress,stable_supported,joint_crypto_stable_stress,45,1,ETH,17,contribution_to_system_backlog,37,0.9306179914232496,0.02597456814351547,0.8797078378619593,0.98152814498454,1.0,0.5208706337420369,0.9897740129334135,1.0,1.0,1.0,1.0
6,joint_crypto_stable_stress__stable_supported__shared_keeper_capacity_high,stable_supported__joint_crypto_stable_stress,stable_supported,joint_crypto_stable_stress,45,1,ETH,18,exposure_normalised_backlog,128,0.03640948295537035,0.01580658248799311,0.005428581278903857,0.06739038463183684,0.0,0.0,0.0,0.0012271560256578915,0.04719330938934742,0.17216873705267455,0.2890625
6,joint_crypto_stable_stress__stable_supported__shared_keeper_capacity_high,stable_supported__joint_crypto_stable_stress,stable_supported,joint_crypto_stable_stress,45,1,ETH,19,exposure_normalised_unresolved_tab,128,0.0,0.0,0.0,0.0,0.0,0.0,0.0,0.0,0.0,0.0,0.0
6,joint_crypto_stable_stress__stable_supported__shared_keeper_capacity_high,stable_supported__joint_crypto_stable_stress,stable_supported,joint_crypto_stable_stress,45,1,ETH,20,displaced_candidates,128,0.0,0.0,0.0,0.0,0.0,0.0,0.0,0.0,0.0,0.0,0.0
6,joint_crypto_stable_stress__stable_supported__shared_keeper_capacity_high,stable_supported__joint_crypto_stable_stress,stable_supported,joint_crypto_stable_stress,45,1,ETH,21,cross_family_displacement_hours,128,0.0,0.0,0.0,0.0,0.0,0.0,0.0,0.0,0.0,0.0,0.0
6,joint_crypto_stable_stress__stable_supported__shared_keeper_capacity_high,stable_supported__joint_crypto_stable_stress,stable_supported,joint_crypto_stable_stress,45,2,WBTC,1,initial_debt_exposure,128,284261.03872567357,5.459354813948973e-12,284261.03872567357,284261.03872567357,284261.0387256735,284261.03872567345,284261.0387256735,284261.0387256735,284261.03872567357,284261.03872567357,1.0
6,joint_crypto_stable_stress__stable_supported__shared_keeper_capacity_high,stable_supported__joint_crypto_stable_stress,stable_supported,joint_crypto_stable_stress,45,2,WBTC,2,eligible_liquidation_tab,128,3118.227843669244,1337.582221848405,496.5666888463702,5739.888998492118,0.0,0.0,0.0,0.0,1025.8149669394893,9119.06363332782,0.1171875
6,joint_crypto_stable_stress__stable_supported__shared_keeper_capacity_high,stable_supported__joint_crypto_stable_stress,stable_supported,joint_crypto_stable_stress,45,2,WBTC,3,candidate_count,128,1.2578125,0.4888327348250779,0.2997003397428474,2.2159246602571527,0.0,0.0,0.0,0.0,2.0,6.6499999999999915,0.1171875
6,joint_crypto_stable_stress__stable_supported__shared_keeper_capacity_high,stable_supported__joint_crypto_stable_stress,stable_supported,joint_crypto_stable_stress,45,2,WBTC,4,profitability_filtered_count,128,1.15625,0.4618088446063943,0.2511046645714672,2.061395335428533,0.0,0.0,0.0,0.0,2.0,6.0,0.1171875
6,joint_crypto_stable_stress__stable_supported__shared_keeper_capacity_high,stable_supported__joint_crypto_stable_stress,stable_supported,joint_crypto_stable_stress,45,2,WBTC,5,selected_count,128,0.4296875,0.13249368287849309,0.16999988155815354,0.6893751184418464,0.0,0.0,0.0,0.0,1.0,3.0,0.1171875
6,joint_crypto_stable_stress__stable_supported__shared_keeper_capacity_high,stable_supported__joint_crypto_stable_stress,stable_supported,joint_crypto_stable_stress,45,2,WBTC,6,rejected_count,128,0.0,0.0,0.0,0.0,0.0,0.0,0.0,0.0,0.0,0.0,0.0
6,joint_crypto_stable_stress__stable_supported__shared_keeper_capacity_high,stable_supported__joint_crypto_stable_stress,stable_supported,joint_crypto_stable_stress,45,2,WBTC,7,successful_closure_count,128,0.40625,0.1257054405170697,0.1598673365865434,0.6526326634134566,0.0,0.0,0.0,0.0,1.0,3.0,0.1171875
6,joint_crypto_stable_stress__stable_supported__shared_keeper_capacity_high,stable_supported__joint_crypto_stable_stress,stable_supported,joint_crypto_stable_stress,45,2,WBTC,8,liquidated_debt,128,2920.6994746662212,1302.504077974619,367.79148183596817,5473.607467496475,0.0,0.0,0.0,0.0,1025.8149669394893,6782.287549490216,0.1171875
6,joint_crypto_stable_stress__stable_supported__shared_keeper_capacity_high,stable_supported__joint_crypto_stable_stress,stable_supported,joint_crypto_stable_stress,45,2,WBTC,9,terminal_unresolved_tab,128,0.0,0.0,0.0,0.0,0.0,0.0,0.0,0.0,0.0,0.0,0.0
6,joint_crypto_stable_stress__stable_supported__shared_keeper_capacity_high,stable_supported__joint_crypto_stable_stress,stable_supported,joint_crypto_stable_stress,45,2,WBTC,10,backlog_area,128,3206.809991486146,1916.405068166357,-549.3439421199137,6962.9639250922055,0.0,0.0,0.0,0.0,0.0,6206.912204503536,0.0859375
6,joint_crypto_stable_stress__stable_supported__shared_keeper_capacity_high,stable_supported__joint_crypto_stable_stress,stable_supported,joint_crypto_stable_stress,45,2,WBTC,11,maximum_backlog,128,662.3146358527601,306.47165153440005,61.630198845336054,1262.9990728601842,0.0,0.0,0.0,0.0,0.0,2012.1395038981618,0.0859375
6,joint_crypto_stable_stress__stable_supported__shared_keeper_capacity_high,stable_supported__joint_crypto_stable_stress,stable_supported,joint_crypto_stable_stress,45,2,WBTC,12,terminal_active_bad_debt,128,0.0,0.0,0.0,0.0,0.0,0.0,0.0,0.0,0.0,0.0,0.0
6,joint_crypto_stable_stress__stable_supported__shared_keeper_capacity_high,stable_supported__joint_crypto_stable_stress,stable_supported,joint_crypto_stable_stress,45,2,WBTC,13,realised_bad_debt,128,0.0,0.0,0.0,0.0,0.0,0.0,0.0,0.0,0.0,0.0,0.0
6,joint_crypto_stable_stress__stable_supported__shared_keeper_capacity_high,stable_supported__joint_crypto_stable_stress,stable_supported,joint_crypto_stable_stress,45,2,WBTC,14,keeper_profit_proxy,128,364.6909006768942,167.48612781009496,36.4180901691081,692.9637111846803,0.0,0.0,0.0,0.0,93.76883968773042,811.3933486104066,0.1171875
6,joint_crypto_stable_stress__stable_supported__shared_keeper_capacity_high,stable_supported__joint_crypto_stable_stress,stable_supported,joint_crypto_stable_stress,45,2,WBTC,15,share_system_capacity_consumed,40,0.04629749776067989,0.013124711834441529,0.02057306256517449,0.07202193295618528,0.0,0.0,0.0,0.07680205949656752,0.13428571428571429,0.22673611111111083,0.375
6,joint_crypto_stable_stress__stable_supported__shared_keeper_capacity_high,stable_supported__joint_crypto_stable_stress,stable_supported,joint_crypto_stable_stress,45,2,WBTC,16,share_system_rejections,0,,,,,,,,,,,
6,joint_crypto_stable_stress__stable_supported__shared_keeper_capacity_high,stable_supported__joint_crypto_stable_stress,stable_supported,joint_crypto_stable_stress,45,2,WBTC,17,contribution_to_system_backlog,37,0.06475004541847643,0.02588214287951394,0.014021045374629101,0.11547904546232375,0.0,0.0,0.0,0.0014898545642261175,0.2589241164895729,0.4791293662579628,0.2972972972972973
6,joint_crypto_stable_stress__stable_supported__shared_keeper_capacity_high,stable_supported__joint_crypto_stable_stress,stable_supported,joint_crypto_stable_stress,45,2,WBTC,18,exposure_normalised_backlog,128,0.011281215342989308,0.0067417085252255956,-0.0019325333664528595,0.024494964052431477,0.0,0.0,0.0,0.0,0.0,0.021835254779651755,0.0859375
6,joint_crypto_stable_stress__stable_supported__shared_keeper_capacity_high,stable_supported__joint_crypto_stable_stress,stable_supported,joint_crypto_stable_stress,45,2,WBTC,19,exposure_normalised_unresolved_tab,128,0.0,0.0,0.0,0.0,0.0,0.0,0.0,0.0,0.0,0.0,0.0
6,joint_crypto_stable_stress__stable_supported__shared_keeper_capacity_high,stable_supported__joint_crypto_stable_stress,stable_supported,joint_crypto_stable_stress,45,2,WBTC,20,displaced_candidates,128,0.0,0.0,0.0,0.0,0.0,0.0,0.0,0.0,0.0,0.0,0.0
6,joint_crypto_stable_stress__stable_supported__shared_keeper_capacity_high,stable_supported__joint_crypto_stable_stress,stable_supported,joint_crypto_stable_stress,45,2,WBTC,21,cross_family_displacement_hours,128,0.0,0.0,0.0,0.0,0.0,0.0,0.0,0.0,0.0,0.0,0.0
6,joint_crypto_stable_stress__stable_supported__shared_keeper_capacity_high,stable_supported__joint_crypto_stable_stress,stable_supported,joint_crypto_stable_stress,45,3,STABLE,1,initial_debt_exposure,128,625000.0,8.946206413300707e-12,625000.0,625000.0,625000.0,624999.9999999999,624999.9999999999,625000.0000000001,625000.0000000001,625000.0000000001,1.0
6,joint_crypto_stable_stress__stable_supported__shared_keeper_capacity_high,stable_supported__joint_crypto_stable_stress,stable_supported,joint_crypto_stable_stress,45,3,STABLE,2,eligible_liquidation_tab,128,39.1721087808756,39.1721087808756,-37.605224429640565,115.94944199139175,0.0,0.0,0.0,0.0,0.0,0.0,0.0078125
6,joint_crypto_stable_stress__stable_supported__shared_keeper_capacity_high,stable_supported__joint_crypto_stable_stress,stable_supported,joint_crypto_stable_stress,45,3,STABLE,3,candidate_count,128,0.03125,0.03125,-0.03,0.0925,0.0,0.0,0.0,0.0,0.0,0.0,0.0078125
6,joint_crypto_stable_stress__stable_supported__shared_keeper_capacity_high,stable_supported__joint_crypto_stable_stress,stable_supported,joint_crypto_stable_stress,45,3,STABLE,4,profitability_filtered_count,128,0.03125,0.03125,-0.03,0.0925,0.0,0.0,0.0,0.0,0.0,0.0,0.0078125
6,joint_crypto_stable_stress__stable_supported__shared_keeper_capacity_high,stable_supported__joint_crypto_stable_stress,stable_supported,joint_crypto_stable_stress,45,3,STABLE,5,selected_count,128,0.0078125,0.0078125,-0.0075,0.023125,0.0,0.0,0.0,0.0,0.0,0.0,0.0078125
6,joint_crypto_stable_stress__stable_supported__shared_keeper_capacity_high,stable_supported__joint_crypto_stable_stress,stable_supported,joint_crypto_stable_stress,45,3,STABLE,6,rejected_count,128,0.0,0.0,0.0,0.0,0.0,0.0,0.0,0.0,0.0,0.0,0.0
6,joint_crypto_stable_stress__stable_supported__shared_keeper_capacity_high,stable_supported__joint_crypto_stable_stress,stable_supported,joint_crypto_stable_stress,45,3,STABLE,7,successful_closure_count,128,0.0078125,0.0078125,-0.0075,0.023125,0.0,0.0,0.0,0.0,0.0,0.0,0.0078125
6,joint_crypto_stable_stress__stable_supported__shared_keeper_capacity_high,stable_supported__joint_crypto_stable_stress,stable_supported,joint_crypto_stable_stress,45,3,STABLE,8,liquidated_debt,128,39.1721087808756,39.1721087808756,-37.605224429640565,115.94944199139175,0.0,0.0,0.0,0.0,0.0,0.0,0.0078125
6,joint_crypto_stable_stress__stable_supported__shared_keeper_capacity_high,stable_supported__joint_crypto_stable_stress,stable_supported,joint_crypto_stable_stress,45,3,STABLE,9,terminal_unresolved_tab,128,0.0,0.0,0.0,0.0,0.0,0.0,0.0,0.0,0.0,0.0,0.0
6,joint_crypto_stable_stress__stable_supported__shared_keeper_capacity_high,stable_supported__joint_crypto_stable_stress,stable_supported,joint_crypto_stable_stress,45,3,STABLE,10,backlog_area,128,117.5163263426268,117.51632634262678,-112.81567328892169,347.8483259741753,0.0,0.0,0.0,0.0,0.0,0.0,0.0078125
6,joint_crypto_stable_stress__stable_supported__shared_keeper_capacity_high,stable_supported__joint_crypto_stable_stress,stable_supported,joint_crypto_stable_stress,45,3,STABLE,11,maximum_backlog,128,39.1721087808756,39.1721087808756,-37.605224429640565,115.94944199139175,0.0,0.0,0.0,0.0,0.0,0.0,0.0078125
6,joint_crypto_stable_stress__stable_supported__shared_keeper_capacity_high,stable_supported__joint_crypto_stable_stress,stable_supported,joint_crypto_stable_stress,45,3,STABLE,12,terminal_active_bad_debt,128,0.0,0.0,0.0,0.0,0.0,0.0,0.0,0.0,0.0,0.0,0.0
6,joint_crypto_stable_stress__stable_supported__shared_keeper_capacity_high,stable_supported__joint_crypto_stable_stress,stable_supported,joint_crypto_stable_stress,45,3,STABLE,13,realised_bad_debt,128,0.0,0.0,0.0,0.0,0.0,0.0,0.0,0.0,0.0,0.0,0.0
6,joint_crypto_stable_stress__stable_supported__shared_keeper_capacity_high,stable_supported__joint_crypto_stable_stress,stable_supported,joint_crypto_stable_stress,45,3,STABLE,14,keeper_profit_proxy,128,1.9435183475881044,1.943518347588104,-1.8657776136845794,5.752814308860788,0.0,0.0,0.0,0.0,0.0,0.0,0.0078125
6,joint_crypto_stable_stress__stable_supported__shared_keeper_capacity_high,stable_supported__joint_crypto_stable_stress,stable_supported,joint_crypto_stable_stress,45,3,STABLE,15,share_system_capacity_consumed,40,0.0020833333333333333,0.002083333333333333,-0.0019999999999999987,0.006166666666666666,0.0,0.0,0.0,0.0,0.0,0.0,0.025
6,joint_crypto_stable_stress__stable_supported__shared_keeper_capacity_high,stable_supported__joint_crypto_stable_stress,stable_supported,joint_crypto_stable_stress,45,3,STABLE,16,share_system_rejections,0,,,,,,,,,,,
6,joint_crypto_stable_stress__stable_supported__shared_keeper_capacity_high,stable_supported__joint_crypto_stable_stress,stable_supported,joint_crypto_stable_stress,45,3,STABLE,17,contribution_to_system_backlog,37,0.004631963158273981,0.004631963158273981,-0.004446684631943021,0.013710610948490982,0.0,0.0,0.0,0.0,0.0,0.0,0.02702702702702703
6,joint_crypto_stable_stress__stable_supported__shared_keeper_capacity_high,stable_supported__joint_crypto_stable_stress,stable_supported,joint_crypto_stable_stress,45,3,STABLE,18,exposure_normalised_backlog,128,0.00018802612214820292,0.00018802612214820292,-0.0001805050772622748,0.0005565573215586807,0.0,0.0,0.0,0.0,0.0,0.0,0.0078125
6,joint_crypto_stable_stress__stable_supported__shared_keeper_capacity_high,stable_supported__joint_crypto_stable_stress,stable_supported,joint_crypto_stable_stress,45,3,STABLE,19,exposure_normalised_unresolved_tab,128,0.0,0.0,0.0,0.0,0.0,0.0,0.0,0.0,0.0,0.0,0.0
6,joint_crypto_stable_stress__stable_supported__shared_keeper_capacity_high,stable_supported__joint_crypto_stable_stress,stable_supported,joint_crypto_stable_stress,45,3,STABLE,20,displaced_candidates,128,0.0,0.0,0.0,0.0,0.0,0.0,0.0,0.0,0.0,0.0,0.0
6,joint_crypto_stable_stress__stable_supported__shared_keeper_capacity_high,stable_supported__joint_crypto_stable_stress,stable_supported,joint_crypto_stable_stress,45,3,STABLE,21,cross_family_displacement_hours,128,0.0,0.0,0.0,0.0,0.0,0.0,0.0,0.0,0.0,0.0,0.0
7,joint_crypto_stable_stress__stable_heavy__shared_keeper_capacity_low,stable_heavy__joint_crypto_stable_stress,stable_heavy,joint_crypto_stable_stress,14,1,ETH,1,initial_debt_exposure,128,1060492.6408495512,2.198959823460145e-11,1060492.6408495512,1060492.6408495512,1060492.640849551,1060492.6408495507,1060492.640849551,1060492.640849551,1060492.6408495512,1060492.6408495512,1.0
7,joint_crypto_stable_stress__stable_heavy__shared_keeper_capacity_low,stable_heavy__joint_crypto_stable_stress,stable_heavy,joint_crypto_stable_stress,14,1,ETH,2,eligible_liquidation_tab,128,4492.559434295628,2194.909599159725,190.53661994256709,8794.58224864869,0.0,0.0,0.0,0.0,989.0025429998486,5229.210662060126,0.1171875
7,joint_crypto_stable_stress__stable_heavy__shared_keeper_capacity_low,stable_heavy__joint_crypto_stable_stress,stable_heavy,joint_crypto_stable_stress,14,1,ETH,3,candidate_count,128,3.3671875,1.7194632948571407,-0.002960557919995832,6.737335557919996,0.0,0.0,0.0,0.0,1.5999999999999943,11.299999999999983,0.1171875
7,joint_crypto_stable_stress__stable_heavy__shared_keeper_capacity_low,stable_heavy__joint_crypto_stable_stress,stable_heavy,joint_crypto_stable_stress,14,1,ETH,4,profitability_filtered_count,128,2.6015625,1.4612085389026972,-0.2624062362492863,5.465531236249286,0.0,0.0,0.0,0.0,1.0,8.299999999999983,0.109375
7,joint_crypto_stable_stress__stable_heavy__shared_keeper_capacity_low,stable_heavy__joint_crypto_stable_stress,stable_heavy,joint_crypto_stable_stress,14,1,ETH,5,selected_count,128,0.9140625,0.37170920653275535,0.1855124551957995,1.6426125448042006,0.0,0.0,0.0,0.0,0.29999999999999716,5.299999999999983,0.1015625
7,joint_crypto_stable_stress__stable_heavy__shared_keeper_capacity_low,stable_heavy__joint_crypto_stable_stress,stable_heavy,joint_crypto_stable_stress,14,1,ETH,6,rejected_count,128,0.0,0.0,0.0,0.0,0.0,0.0,0.0,0.0,0.0,0.0,0.0
7,joint_crypto_stable_stress__stable_heavy__shared_keeper_capacity_low,stable_heavy__joint_crypto_stable_stress,stable_heavy,joint_crypto_stable_stress,14,1,ETH,7,successful_closure_count,128,0.7109375,0.3017648922026757,0.11947831128275566,1.3023966887172445,0.0,0.0,0.0,0.0,0.0,3.6499999999999915,0.09375
7,joint_crypto_stable_stress__stable_heavy__shared_keeper_capacity_low,stable_heavy__joint_crypto_stable_stress,stable_heavy,joint_crypto_stable_stress,14,1,ETH,8,liquidated_debt,128,4185.223096573948,2095.712414624831,77.62676390927936,8292.819429238618,0.0,0.0,0.0,0.0,0.0,4320.171940346951,0.09375
7,joint_crypto_stable_stress__stable_heavy__shared_keeper_capacity_low,stable_heavy__joint_crypto_stable_stress,stable_heavy,joint_crypto_stable_stress,14,1,ETH,9,terminal_unresolved_tab,128,0.0,0.0,0.0,0.0,0.0,0.0,0.0,0.0,0.0,0.0,0.0
7,joint_crypto_stable_stress__stable_heavy__shared_keeper_capacity_low,stable_heavy__joint_crypto_stable_stress,stable_heavy,joint_crypto_stable_stress,14,1,ETH,10,backlog_area,128,6910.320609663448,4409.517052009928,-1732.3328122760122,15552.974031602907,0.0,0.0,0.0,0.0,1142.3876930768893,3172.439410675991,0.109375
7,joint_crypto_stable_stress__stable_heavy__shared_keeper_capacity_low,stable_heavy__joint_crypto_stable_stress,stable_heavy,joint_crypto_stable_stress,14,1,ETH,11,maximum_backlog,128,2438.28834569504,1658.776864837398,-812.9143093862604,5689.49100077634,0.0,0.0,0.0,0.0,354.87497914586845,1543.0622106168253,0.109375
7,joint_crypto_stable_stress__stable_heavy__shared_keeper_capacity_low,stable_heavy__joint_crypto_stable_stress,stable_heavy,joint_crypto_stable_stress,14,1,ETH,12,terminal_active_bad_debt,128,0.0,0.0,0.0,0.0,0.0,0.0,0.0,0.0,0.0,0.0,0.0
7,joint_crypto_stable_stress__stable_heavy__shared_keeper_capacity_low,stable_heavy__joint_crypto_stable_stress,stable_heavy,joint_crypto_stable_stress,14,1,ETH,13,realised_bad_debt,128,0.0,0.0,0.0,0.0,0.0,0.0,0.0,0.0,0.0,0.0,0.0
7,joint_crypto_stable_stress__stable_heavy__shared_keeper_capacity_low,stable_heavy__joint_crypto_stable_stress,stable_heavy,joint_crypto_stable_stress,14,1,ETH,14,keeper_profit_proxy,128,513.8132965068412,261.5749073083171,1.1264781825396994,1026.5001148311426,0.0,0.0,0.0,0.0,0.0,444.7748399584285,0.09375
7,joint_crypto_stable_stress__stable_heavy__shared_keeper_capacity_low,stable_heavy__joint_crypto_stable_stress,stable_heavy,joint_crypto_stable_stress,14,1,ETH,15,share_system_capacity_consumed,13,0.9209196252465482,0.03468649201896295,0.8529341008893808,0.9889051496037157,1.0,0.6666666666666666,0.8717948717948718,1.0,1.0,1.0,1.0
7,joint_crypto_stable_stress__stable_heavy__shared_keeper_capacity_low,stable_heavy__joint_crypto_stable_stress,stable_heavy,joint_crypto_stable_stress,14,1,ETH,16,share_system_rejections,0,,,,,,,,,,,
7,joint_crypto_stable_stress__stable_heavy__shared_keeper_capacity_low,stable_heavy__joint_crypto_stable_stress,stable_heavy,joint_crypto_stable_stress,14,1,ETH,17,contribution_to_system_backlog,14,0.9836177966562255,0.009126671320756004,0.9657295208675437,1.0015060724449072,1.0,0.9097451411032138,1.0,1.0,1.0,1.0,1.0
7,joint_crypto_stable_stress__stable_heavy__shared_keeper_capacity_low,stable_heavy__joint_crypto_stable_stress,stable_heavy,joint_crypto_stable_stress,14,1,ETH,18,exposure_normalised_backlog,128,0.006516141973533785,0.004157989298706971,-0.0016335170519318773,0.014665800998999449,0.0,0.0,0.0,0.0,0.0010772235931422712,0.002991477063088885,0.109375
7,joint_crypto_stable_stress__stable_heavy__shared_keeper_capacity_low,stable_heavy__joint_crypto_stable_stress,stable_heavy,joint_crypto_stable_stress,14,1,ETH,19,exposure_normalised_unresolved_tab,128,0.0,0.0,0.0,0.0,0.0,0.0,0.0,0.0,0.0,0.0,0.0
7,joint_crypto_stable_stress__stable_heavy__shared_keeper_capacity_low,stable_heavy__joint_crypto_stable_stress,stable_heavy,joint_crypto_stable_stress,14,1,ETH,20,displaced_candidates,128,0.0,0.0,0.0,0.0,0.0,0.0,0.0,0.0,0.0,0.0,0.0
7,joint_crypto_stable_stress__stable_heavy__shared_keeper_capacity_low,stable_heavy__joint_crypto_stable_stress,stable_heavy,joint_crypto_stable_stress,14,1,ETH,21,cross_family_displacement_hours,128,0.0,0.0,0.0,0.0,0.0,0.0,0.0,0.0,0.0,0.0,0.0
7,joint_crypto_stable_stress__stable_heavy__shared_keeper_capacity_low,stable_heavy__joint_crypto_stable_stress,stable_heavy,joint_crypto_stable_stress,14,2,WBTC,1,initial_debt_exposure,128,189507.359150449,3.1957392900710032e-12,189507.359150449,189507.359150449,189507.35915044902,189507.359150449,189507.359150449,189507.35915044902,189507.35915044905,189507.35915044905,1.0
7,joint_crypto_stable_stress__stable_heavy__shared_keeper_capacity_low,stable_heavy__joint_crypto_stable_stress,stable_heavy,joint_crypto_stable_stress,14,2,WBTC,2,eligible_liquidation_tab,128,414.5755488195679,253.47577890651618,-82.23697783720377,911.3880754763396,0.0,0.0,0.0,0.0,0.0,0.0,0.0390625
7,joint_crypto_stable_stress__stable_heavy__shared_keeper_capacity_low,stable_heavy__joint_crypto_stable_stress,stable_heavy,joint_crypto_stable_stress,14,2,WBTC,3,candidate_count,128,0.390625,0.22493283528373423,-0.050243357156119106,0.8314933571561192,0.0,0.0,0.0,0.0,0.0,0.0,0.0390625
7,joint_crypto_stable_stress__stable_heavy__shared_keeper_capacity_low,stable_heavy__joint_crypto_stable_stress,stable_heavy,joint_crypto_stable_stress,14,2,WBTC,4,profitability_filtered_count,128,0.359375,0.2032385358046638,-0.03897253017714103,0.7577225301771411,0.0,0.0,0.0,0.0,0.0,0.0,0.0390625
7,joint_crypto_stable_stress__stable_heavy__shared_keeper_capacity_low,stable_heavy__joint_crypto_stable_stress,stable_heavy,joint_crypto_stable_stress,14,2,WBTC,5,selected_count,128,0.1171875,0.06036826549673798,-0.0011343003736064422,0.23550930037360646,0.0,0.0,0.0,0.0,0.0,0.0,0.0390625
7,joint_crypto_stable_stress__stable_heavy__shared_keeper_capacity_low,stable_heavy__joint_crypto_stable_stress,stable_heavy,joint_crypto_stable_stress,14,2,WBTC,6,rejected_count,128,0.0,0.0,0.0,0.0,0.0,0.0,0.0,0.0,0.0,0.0,0.0
7,joint_crypto_stable_stress__stable_heavy__shared_keeper_capacity_low,stable_heavy__joint_crypto_stable_stress,stable_heavy,joint_crypto_stable_stress,14,2,WBTC,7,successful_closure_count,128,0.09375,0.04631804953361513,0.002966622914114342,0.18453337708588566,0.0,0.0,0.0,0.0,0.0,0.0,0.0390625
7,joint_crypto_stable_stress__stable_heavy__shared_keeper_capacity_low,stable_heavy__joint_crypto_stable_stress,stable_heavy,joint_crypto_stable_stress,14,2,WBTC,8,liquidated_debt,128,408.9869950390927,250.27483452161283,-81.55168062326845,899.5256707014538,0.0,0.0,0.0,0.0,0.0,0.0,0.0390625
7,joint_crypto_stable_stress__stable_heavy__shared_keeper_capacity_low,stable_heavy__joint_crypto_stable_stress,stable_heavy,joint_crypto_stable_stress,14,2,WBTC,9,terminal_unresolved_tab,128,3.6408736294035573,3.6408736294035577,-3.495238684227416,10.77698594303453,0.0,0.0,0.0,0.0,0.0,0.0,0.0078125
7,joint_crypto_stable_stress__stable_heavy__shared_keeper_capacity_low,stable_heavy__joint_crypto_stable_stress,stable_heavy,joint_crypto_stable_stress,14,2,WBTC,10,backlog_area,128,621.5310974044708,426.95407639611784,-215.29889233192023,1458.3610871408619,0.0,0.0,0.0,0.0,0.0,0.0,0.0234375
7,joint_crypto_stable_stress__stable_heavy__shared_keeper_capacity_low,stable_heavy__joint_crypto_stable_stress,stable_heavy,joint_crypto_stable_stress,14,2,WBTC,11,maximum_backlog,128,191.9922322092258,150.56714619108317,-103.1193743252972,487.1038387437488,0.0,0.0,0.0,0.0,0.0,0.0,0.0234375
7,joint_crypto_stable_stress__stable_heavy__shared_keeper_capacity_low,stable_heavy__joint_crypto_stable_stress,stable_heavy,joint_crypto_stable_stress,14,2,WBTC,12,terminal_active_bad_debt,128,0.0,0.0,0.0,0.0,0.0,0.0,0.0,0.0,0.0,0.0,0.0
7,joint_crypto_stable_stress__stable_heavy__shared_keeper_capacity_low,stable_heavy__joint_crypto_stable_stress,stable_heavy,joint_crypto_stable_stress,14,2,WBTC,13,realised_bad_debt,128,0.0,0.0,0.0,0.0,0.0,0.0,0.0,0.0,0.0,0.0,0.0
7,joint_crypto_stable_stress__stable_heavy__shared_keeper_capacity_low,stable_heavy__joint_crypto_stable_stress,stable_heavy,joint_crypto_stable_stress,14,2,WBTC,14,keeper_profit_proxy,128,50.00457812892155,31.46878165427292,-11.67423391345337,111.68339017129648,0.0,0.0,0.0,0.0,0.0,0.0,0.0390625
7,joint_crypto_stable_stress__stable_heavy__shared_keeper_capacity_low,stable_heavy__joint_crypto_stable_stress,stable_heavy,joint_crypto_stable_stress,14,2,WBTC,15,share_system_capacity_consumed,13,0.07908037475345167,0.03468649201896295,0.011094850396284286,0.14706589911061907,0.0,0.0,0.0,0.1282051282051282,0.2979166666666668,0.3333333333333333,0.38461538461538464
7,joint_crypto_stable_stress__stable_heavy__shared_keeper_capacity_low,stable_heavy__joint_crypto_stable_stress,stable_heavy,joint_crypto_stable_stress,14,2,WBTC,16,share_system_rejections,0,,,,,,,,,,,
7,joint_crypto_stable_stress__stable_heavy__shared_keeper_capacity_low,stable_heavy__joint_crypto_stable_stress,stable_heavy,joint_crypto_stable_stress,14,2,WBTC,17,contribution_to_system_backlog,14,0.01638220334377433,0.009126671320756001,-0.001506072444907431,0.034270479132456094,0.0,0.0,0.0,0.0,0.07514684740458255,0.09025485889678607,0.21428571428571427
7,joint_crypto_stable_stress__stable_heavy__shared_keeper_capacity_low,stable_heavy__joint_crypto_stable_stress,stable_heavy,joint_crypto_stable_stress,14,2,WBTC,18,exposure_normalised_backlog,128,0.003279720113196448,0.0022529683190675508,-0.0011360977921759511,0.007695538018568848,0.0,0.0,0.0,0.0,0.0,0.0,0.0234375
7,joint_crypto_stable_stress__stable_heavy__shared_keeper_capacity_low,stable_heavy__joint_crypto_stable_stress,stable_heavy,joint_crypto_stable_stress,14,2,WBTC,19,exposure_normalised_unresolved_tab,128,1.9212307351679597e-05,1.9212307351679594e-05,-1.844381505761241e-05,5.68684297609716e-05,0.0,0.0,0.0,0.0,0.0,0.0,0.0078125
7,joint_crypto_stable_stress__stable_heavy__shared_keeper_capacity_low,stable_heavy__joint_crypto_stable_stress,stable_heavy,joint_crypto_stable_stress,14,2,WBTC,20,displaced_candidates,128,0.0,0.0,0.0,0.0,0.0,0.0,0.0,0.0,0.0,0.0,0.0
7,joint_crypto_stable_stress__stable_heavy__shared_keeper_capacity_low,stable_heavy__joint_crypto_stable_stress,stable_heavy,joint_crypto_stable_stress,14,2,WBTC,21,cross_family_displacement_hours,128,0.0,0.0,0.0,0.0,0.0,0.0,0.0,0.0,0.0,0.0,0.0
7,joint_crypto_stable_stress__stable_heavy__shared_keeper_capacity_low,stable_heavy__joint_crypto_stable_stress,stable_heavy,joint_crypto_stable_stress,14,3,STABLE,1,initial_debt_exposure,128,1250000.0,1.0956820423100584e-11,1250000.0,1250000.0,1250000.0,1249999.9999999998,1250000.0,1250000.0,1250000.0000000002,1250000.0000000002,1.0
7,joint_crypto_stable_stress__stable_heavy__shared_keeper_capacity_low,stable_heavy__joint_crypto_stable_stress,stable_heavy,joint_crypto_stable_stress,14,3,STABLE,2,eligible_liquidation_tab,128,0.0,0.0,0.0,0.0,0.0,0.0,0.0,0.0,0.0,0.0,0.0
7,joint_crypto_stable_stress__stable_heavy__shared_keeper_capacity_low,stable_heavy__joint_crypto_stable_stress,stable_heavy,joint_crypto_stable_stress,14,3,STABLE,3,candidate_count,128,0.0,0.0,0.0,0.0,0.0,0.0,0.0,0.0,0.0,0.0,0.0
7,joint_crypto_stable_stress__stable_heavy__shared_keeper_capacity_low,stable_heavy__joint_crypto_stable_stress,stable_heavy,joint_crypto_stable_stress,14,3,STABLE,4,profitability_filtered_count,128,0.0,0.0,0.0,0.0,0.0,0.0,0.0,0.0,0.0,0.0,0.0
7,joint_crypto_stable_stress__stable_heavy__shared_keeper_capacity_low,stable_heavy__joint_crypto_stable_stress,stable_heavy,joint_crypto_stable_stress,14,3,STABLE,5,selected_count,128,0.0,0.0,0.0,0.0,0.0,0.0,0.0,0.0,0.0,0.0,0.0
7,joint_crypto_stable_stress__stable_heavy__shared_keeper_capacity_low,stable_heavy__joint_crypto_stable_stress,stable_heavy,joint_crypto_stable_stress,14,3,STABLE,6,rejected_count,128,0.0,0.0,0.0,0.0,0.0,0.0,0.0,0.0,0.0,0.0,0.0
7,joint_crypto_stable_stress__stable_heavy__shared_keeper_capacity_low,stable_heavy__joint_crypto_stable_stress,stable_heavy,joint_crypto_stable_stress,14,3,STABLE,7,successful_closure_count,128,0.0,0.0,0.0,0.0,0.0,0.0,0.0,0.0,0.0,0.0,0.0
7,joint_crypto_stable_stress__stable_heavy__shared_keeper_capacity_low,stable_heavy__joint_crypto_stable_stress,stable_heavy,joint_crypto_stable_stress,14,3,STABLE,8,liquidated_debt,128,0.0,0.0,0.0,0.0,0.0,0.0,0.0,0.0,0.0,0.0,0.0
7,joint_crypto_stable_stress__stable_heavy__shared_keeper_capacity_low,stable_heavy__joint_crypto_stable_stress,stable_heavy,joint_crypto_stable_stress,14,3,STABLE,9,terminal_unresolved_tab,128,0.0,0.0,0.0,0.0,0.0,0.0,0.0,0.0,0.0,0.0,0.0
7,joint_crypto_stable_stress__stable_heavy__shared_keeper_capacity_low,stable_heavy__joint_crypto_stable_stress,stable_heavy,joint_crypto_stable_stress,14,3,STABLE,10,backlog_area,128,0.0,0.0,0.0,0.0,0.0,0.0,0.0,0.0,0.0,0.0,0.0
7,joint_crypto_stable_stress__stable_heavy__shared_keeper_capacity_low,stable_heavy__joint_crypto_stable_stress,stable_heavy,joint_crypto_stable_stress,14,3,STABLE,11,maximum_backlog,128,0.0,0.0,0.0,0.0,0.0,0.0,0.0,0.0,0.0,0.0,0.0
7,joint_crypto_stable_stress__stable_heavy__shared_keeper_capacity_low,stable_heavy__joint_crypto_stable_stress,stable_heavy,joint_crypto_stable_stress,14,3,STABLE,12,terminal_active_bad_debt,128,0.0,0.0,0.0,0.0,0.0,0.0,0.0,0.0,0.0,0.0,0.0
7,joint_crypto_stable_stress__stable_heavy__shared_keeper_capacity_low,stable_heavy__joint_crypto_stable_stress,stable_heavy,joint_crypto_stable_stress,14,3,STABLE,13,realised_bad_debt,128,0.0,0.0,0.0,0.0,0.0,0.0,0.0,0.0,0.0,0.0,0.0
7,joint_crypto_stable_stress__stable_heavy__shared_keeper_capacity_low,stable_heavy__joint_crypto_stable_stress,stable_heavy,joint_crypto_stable_stress,14,3,STABLE,14,keeper_profit_proxy,128,0.0,0.0,0.0,0.0,0.0,0.0,0.0,0.0,0.0,0.0,0.0
7,joint_crypto_stable_stress__stable_heavy__shared_keeper_capacity_low,stable_heavy__joint_crypto_stable_stress,stable_heavy,joint_crypto_stable_stress,14,3,STABLE,15,share_system_capacity_consumed,13,0.0,0.0,0.0,0.0,0.0,0.0,0.0,0.0,0.0,0.0,0.0
7,joint_crypto_stable_stress__stable_heavy__shared_keeper_capacity_low,stable_heavy__joint_crypto_stable_stress,stable_heavy,joint_crypto_stable_stress,14,3,STABLE,16,share_system_rejections,0,,,,,,,,,,,
7,joint_crypto_stable_stress__stable_heavy__shared_keeper_capacity_low,stable_heavy__joint_crypto_stable_stress,stable_heavy,joint_crypto_stable_stress,14,3,STABLE,17,contribution_to_system_backlog,14,0.0,0.0,0.0,0.0,0.0,0.0,0.0,0.0,0.0,0.0,0.0
7,joint_crypto_stable_stress__stable_heavy__shared_keeper_capacity_low,stable_heavy__joint_crypto_stable_stress,stable_heavy,joint_crypto_stable_stress,14,3,STABLE,18,exposure_normalised_backlog,128,0.0,0.0,0.0,0.0,0.0,0.0,0.0,0.0,0.0,0.0,0.0
7,joint_crypto_stable_stress__stable_heavy__shared_keeper_capacity_low,stable_heavy__joint_crypto_stable_stress,stable_heavy,joint_crypto_stable_stress,14,3,STABLE,19,exposure_normalised_unresolved_tab,128,0.0,0.0,0.0,0.0,0.0,0.0,0.0,0.0,0.0,0.0,0.0
7,joint_crypto_stable_stress__stable_heavy__shared_keeper_capacity_low,stable_heavy__joint_crypto_stable_stress,stable_heavy,joint_crypto_stable_stress,14,3,STABLE,20,displaced_candidates,128,0.0,0.0,0.0,0.0,0.0,0.0,0.0,0.0,0.0,0.0,0.0
7,joint_crypto_stable_stress__stable_heavy__shared_keeper_capacity_low,stable_heavy__joint_crypto_stable_stress,stable_heavy,joint_crypto_stable_stress,14,3,STABLE,21,cross_family_displacement_hours,128,0.0,0.0,0.0,0.0,0.0,0.0,0.0,0.0,0.0,0.0,0.0
8,joint_crypto_stable_stress__stable_heavy__shared_keeper_capacity_central,stable_heavy__joint_crypto_stable_stress,stable_heavy,joint_crypto_stable_stress,26,1,ETH,1,initial_debt_exposure,128,1060492.6408495512,2.198959823460145e-11,1060492.6408495512,1060492.6408495512,1060492.640849551,1060492.6408495507,1060492.640849551,1060492.640849551,1060492.6408495512,1060492.6408495512,1.0
8,joint_crypto_stable_stress__stable_heavy__shared_keeper_capacity_central,stable_heavy__joint_crypto_stable_stress,stable_heavy,joint_crypto_stable_stress,26,1,ETH,2,eligible_liquidation_tab,128,4492.559434295628,2194.909599159725,190.53661994256709,8794.58224864869,0.0,0.0,0.0,0.0,989.0025429998486,5229.210662060126,0.1171875
8,joint_crypto_stable_stress__stable_heavy__shared_keeper_capacity_central,stable_heavy__joint_crypto_stable_stress,stable_heavy,joint_crypto_stable_stress,26,1,ETH,3,candidate_count,128,3.3671875,1.7194632948571407,-0.002960557919995832,6.737335557919996,0.0,0.0,0.0,0.0,1.5999999999999943,11.299999999999983,0.1171875
8,joint_crypto_stable_stress__stable_heavy__shared_keeper_capacity_central,stable_heavy__joint_crypto_stable_stress,stable_heavy,joint_crypto_stable_stress,26,1,ETH,4,profitability_filtered_count,128,2.6015625,1.4612085389026972,-0.2624062362492863,5.465531236249286,0.0,0.0,0.0,0.0,1.0,8.299999999999983,0.109375
8,joint_crypto_stable_stress__stable_heavy__shared_keeper_capacity_central,stable_heavy__joint_crypto_stable_stress,stable_heavy,joint_crypto_stable_stress,26,1,ETH,5,selected_count,128,0.9140625,0.37170920653275535,0.1855124551957995,1.6426125448042006,0.0,0.0,0.0,0.0,0.29999999999999716,5.299999999999983,0.1015625
8,joint_crypto_stable_stress__stable_heavy__shared_keeper_capacity_central,stable_heavy__joint_crypto_stable_stress,stable_heavy,joint_crypto_stable_stress,26,1,ETH,6,rejected_count,128,0.0,0.0,0.0,0.0,0.0,0.0,0.0,0.0,0.0,0.0,0.0
8,joint_crypto_stable_stress__stable_heavy__shared_keeper_capacity_central,stable_heavy__joint_crypto_stable_stress,stable_heavy,joint_crypto_stable_stress,26,1,ETH,7,successful_closure_count,128,0.7109375,0.3017648922026757,0.11947831128275566,1.3023966887172445,0.0,0.0,0.0,0.0,0.0,3.6499999999999915,0.09375
8,joint_crypto_stable_stress__stable_heavy__shared_keeper_capacity_central,stable_heavy__joint_crypto_stable_stress,stable_heavy,joint_crypto_stable_stress,26,1,ETH,8,liquidated_debt,128,4185.223096573948,2095.712414624831,77.62676390927936,8292.819429238618,0.0,0.0,0.0,0.0,0.0,4320.171940346951,0.09375
8,joint_crypto_stable_stress__stable_heavy__shared_keeper_capacity_central,stable_heavy__joint_crypto_stable_stress,stable_heavy,joint_crypto_stable_stress,26,1,ETH,9,terminal_unresolved_tab,128,0.0,0.0,0.0,0.0,0.0,0.0,0.0,0.0,0.0,0.0,0.0
8,joint_crypto_stable_stress__stable_heavy__shared_keeper_capacity_central,stable_heavy__joint_crypto_stable_stress,stable_heavy,joint_crypto_stable_stress,26,1,ETH,10,backlog_area,128,6910.320609663448,4409.517052009928,-1732.3328122760122,15552.974031602907,0.0,0.0,0.0,0.0,1142.3876930768893,3172.439410675991,0.109375
8,joint_crypto_stable_stress__stable_heavy__shared_keeper_capacity_central,stable_heavy__joint_crypto_stable_stress,stable_heavy,joint_crypto_stable_stress,26,1,ETH,11,maximum_backlog,128,2438.28834569504,1658.776864837398,-812.9143093862604,5689.49100077634,0.0,0.0,0.0,0.0,354.87497914586845,1543.0622106168253,0.109375
8,joint_crypto_stable_stress__stable_heavy__shared_keeper_capacity_central,stable_heavy__joint_crypto_stable_stress,stable_heavy,joint_crypto_stable_stress,26,1,ETH,12,terminal_active_bad_debt,128,0.0,0.0,0.0,0.0,0.0,0.0,0.0,0.0,0.0,0.0,0.0
8,joint_crypto_stable_stress__stable_heavy__shared_keeper_capacity_central,stable_heavy__joint_crypto_stable_stress,stable_heavy,joint_crypto_stable_stress,26,1,ETH,13,realised_bad_debt,128,0.0,0.0,0.0,0.0,0.0,0.0,0.0,0.0,0.0,0.0,0.0
8,joint_crypto_stable_stress__stable_heavy__shared_keeper_capacity_central,stable_heavy__joint_crypto_stable_stress,stable_heavy,joint_crypto_stable_stress,26,1,ETH,14,keeper_profit_proxy,128,513.8132965068412,261.5749073083171,1.1264781825396994,1026.5001148311426,0.0,0.0,0.0,0.0,0.0,444.7748399584285,0.09375
8,joint_crypto_stable_stress__stable_heavy__shared_keeper_capacity_central,stable_heavy__joint_crypto_stable_stress,stable_heavy,joint_crypto_stable_stress,26,1,ETH,15,share_system_capacity_consumed,13,0.9209196252465482,0.03468649201896295,0.8529341008893808,0.9889051496037157,1.0,0.6666666666666666,0.8717948717948718,1.0,1.0,1.0,1.0
8,joint_crypto_stable_stress__stable_heavy__shared_keeper_capacity_central,stable_heavy__joint_crypto_stable_stress,stable_heavy,joint_crypto_stable_stress,26,1,ETH,16,share_system_rejections,0,,,,,,,,,,,
8,joint_crypto_stable_stress__stable_heavy__shared_keeper_capacity_central,stable_heavy__joint_crypto_stable_stress,stable_heavy,joint_crypto_stable_stress,26,1,ETH,17,contribution_to_system_backlog,14,0.9836177966562255,0.009126671320756004,0.9657295208675437,1.0015060724449072,1.0,0.9097451411032138,1.0,1.0,1.0,1.0,1.0
8,joint_crypto_stable_stress__stable_heavy__shared_keeper_capacity_central,stable_heavy__joint_crypto_stable_stress,stable_heavy,joint_crypto_stable_stress,26,1,ETH,18,exposure_normalised_backlog,128,0.006516141973533785,0.004157989298706971,-0.0016335170519318773,0.014665800998999449,0.0,0.0,0.0,0.0,0.0010772235931422712,0.002991477063088885,0.109375
8,joint_crypto_stable_stress__stable_heavy__shared_keeper_capacity_central,stable_heavy__joint_crypto_stable_stress,stable_heavy,joint_crypto_stable_stress,26,1,ETH,19,exposure_normalised_unresolved_tab,128,0.0,0.0,0.0,0.0,0.0,0.0,0.0,0.0,0.0,0.0,0.0
8,joint_crypto_stable_stress__stable_heavy__shared_keeper_capacity_central,stable_heavy__joint_crypto_stable_stress,stable_heavy,joint_crypto_stable_stress,26,1,ETH,20,displaced_candidates,128,0.0,0.0,0.0,0.0,0.0,0.0,0.0,0.0,0.0,0.0,0.0
8,joint_crypto_stable_stress__stable_heavy__shared_keeper_capacity_central,stable_heavy__joint_crypto_stable_stress,stable_heavy,joint_crypto_stable_stress,26,1,ETH,21,cross_family_displacement_hours,128,0.0,0.0,0.0,0.0,0.0,0.0,0.0,0.0,0.0,0.0,0.0
8,joint_crypto_stable_stress__stable_heavy__shared_keeper_capacity_central,stable_heavy__joint_crypto_stable_stress,stable_heavy,joint_crypto_stable_stress,26,2,WBTC,1,initial_debt_exposure,128,189507.359150449,3.1957392900710032e-12,189507.359150449,189507.359150449,189507.35915044902,189507.359150449,189507.359150449,189507.35915044902,189507.35915044905,189507.35915044905,1.0
8,joint_crypto_stable_stress__stable_heavy__shared_keeper_capacity_central,stable_heavy__joint_crypto_stable_stress,stable_heavy,joint_crypto_stable_stress,26,2,WBTC,2,eligible_liquidation_tab,128,414.5755488195679,253.47577890651618,-82.23697783720377,911.3880754763396,0.0,0.0,0.0,0.0,0.0,0.0,0.0390625
8,joint_crypto_stable_stress__stable_heavy__shared_keeper_capacity_central,stable_heavy__joint_crypto_stable_stress,stable_heavy,joint_crypto_stable_stress,26,2,WBTC,3,candidate_count,128,0.390625,0.22493283528373423,-0.050243357156119106,0.8314933571561192,0.0,0.0,0.0,0.0,0.0,0.0,0.0390625
8,joint_crypto_stable_stress__stable_heavy__shared_keeper_capacity_central,stable_heavy__joint_crypto_stable_stress,stable_heavy,joint_crypto_stable_stress,26,2,WBTC,4,profitability_filtered_count,128,0.359375,0.2032385358046638,-0.03897253017714103,0.7577225301771411,0.0,0.0,0.0,0.0,0.0,0.0,0.0390625
8,joint_crypto_stable_stress__stable_heavy__shared_keeper_capacity_central,stable_heavy__joint_crypto_stable_stress,stable_heavy,joint_crypto_stable_stress,26,2,WBTC,5,selected_count,128,0.1171875,0.06036826549673798,-0.0011343003736064422,0.23550930037360646,0.0,0.0,0.0,0.0,0.0,0.0,0.0390625
8,joint_crypto_stable_stress__stable_heavy__shared_keeper_capacity_central,stable_heavy__joint_crypto_stable_stress,stable_heavy,joint_crypto_stable_stress,26,2,WBTC,6,rejected_count,128,0.0,0.0,0.0,0.0,0.0,0.0,0.0,0.0,0.0,0.0,0.0
8,joint_crypto_stable_stress__stable_heavy__shared_keeper_capacity_central,stable_heavy__joint_crypto_stable_stress,stable_heavy,joint_crypto_stable_stress,26,2,WBTC,7,successful_closure_count,128,0.09375,0.04631804953361513,0.002966622914114342,0.18453337708588566,0.0,0.0,0.0,0.0,0.0,0.0,0.0390625
8,joint_crypto_stable_stress__stable_heavy__shared_keeper_capacity_central,stable_heavy__joint_crypto_stable_stress,stable_heavy,joint_crypto_stable_stress,26,2,WBTC,8,liquidated_debt,128,408.9869950390927,250.27483452161283,-81.55168062326845,899.5256707014538,0.0,0.0,0.0,0.0,0.0,0.0,0.0390625
8,joint_crypto_stable_stress__stable_heavy__shared_keeper_capacity_central,stable_heavy__joint_crypto_stable_stress,stable_heavy,joint_crypto_stable_stress,26,2,WBTC,9,terminal_unresolved_tab,128,3.6408736294035573,3.6408736294035577,-3.495238684227416,10.77698594303453,0.0,0.0,0.0,0.0,0.0,0.0,0.0078125
8,joint_crypto_stable_stress__stable_heavy__shared_keeper_capacity_central,stable_heavy__joint_crypto_stable_stress,stable_heavy,joint_crypto_stable_stress,26,2,WBTC,10,backlog_area,128,621.5310974044708,426.95407639611784,-215.29889233192023,1458.3610871408619,0.0,0.0,0.0,0.0,0.0,0.0,0.0234375
8,joint_crypto_stable_stress__stable_heavy__shared_keeper_capacity_central,stable_heavy__joint_crypto_stable_stress,stable_heavy,joint_crypto_stable_stress,26,2,WBTC,11,maximum_backlog,128,191.9922322092258,150.56714619108317,-103.1193743252972,487.1038387437488,0.0,0.0,0.0,0.0,0.0,0.0,0.0234375
8,joint_crypto_stable_stress__stable_heavy__shared_keeper_capacity_central,stable_heavy__joint_crypto_stable_stress,stable_heavy,joint_crypto_stable_stress,26,2,WBTC,12,terminal_active_bad_debt,128,0.0,0.0,0.0,0.0,0.0,0.0,0.0,0.0,0.0,0.0,0.0
8,joint_crypto_stable_stress__stable_heavy__shared_keeper_capacity_central,stable_heavy__joint_crypto_stable_stress,stable_heavy,joint_crypto_stable_stress,26,2,WBTC,13,realised_bad_debt,128,0.0,0.0,0.0,0.0,0.0,0.0,0.0,0.0,0.0,0.0,0.0
8,joint_crypto_stable_stress__stable_heavy__shared_keeper_capacity_central,stable_heavy__joint_crypto_stable_stress,stable_heavy,joint_crypto_stable_stress,26,2,WBTC,14,keeper_profit_proxy,128,50.00457812892155,31.46878165427292,-11.67423391345337,111.68339017129648,0.0,0.0,0.0,0.0,0.0,0.0,0.0390625
8,joint_crypto_stable_stress__stable_heavy__shared_keeper_capacity_central,stable_heavy__joint_crypto_stable_stress,stable_heavy,joint_crypto_stable_stress,26,2,WBTC,15,share_system_capacity_consumed,13,0.07908037475345167,0.03468649201896295,0.011094850396284286,0.14706589911061907,0.0,0.0,0.0,0.1282051282051282,0.2979166666666668,0.3333333333333333,0.38461538461538464
8,joint_crypto_stable_stress__stable_heavy__shared_keeper_capacity_central,stable_heavy__joint_crypto_stable_stress,stable_heavy,joint_crypto_stable_stress,26,2,WBTC,16,share_system_rejections,0,,,,,,,,,,,
8,joint_crypto_stable_stress__stable_heavy__shared_keeper_capacity_central,stable_heavy__joint_crypto_stable_stress,stable_heavy,joint_crypto_stable_stress,26,2,WBTC,17,contribution_to_system_backlog,14,0.01638220334377433,0.009126671320756001,-0.001506072444907431,0.034270479132456094,0.0,0.0,0.0,0.0,0.07514684740458255,0.09025485889678607,0.21428571428571427
8,joint_crypto_stable_stress__stable_heavy__shared_keeper_capacity_central,stable_heavy__joint_crypto_stable_stress,stable_heavy,joint_crypto_stable_stress,26,2,WBTC,18,exposure_normalised_backlog,128,0.003279720113196448,0.0022529683190675508,-0.0011360977921759511,0.007695538018568848,0.0,0.0,0.0,0.0,0.0,0.0,0.0234375
8,joint_crypto_stable_stress__stable_heavy__shared_keeper_capacity_central,stable_heavy__joint_crypto_stable_stress,stable_heavy,joint_crypto_stable_stress,26,2,WBTC,19,exposure_normalised_unresolved_tab,128,1.9212307351679597e-05,1.9212307351679594e-05,-1.844381505761241e-05,5.68684297609716e-05,0.0,0.0,0.0,0.0,0.0,0.0,0.0078125
8,joint_crypto_stable_stress__stable_heavy__shared_keeper_capacity_central,stable_heavy__joint_crypto_stable_stress,stable_heavy,joint_crypto_stable_stress,26,2,WBTC,20,displaced_candidates,128,0.0,0.0,0.0,0.0,0.0,0.0,0.0,0.0,0.0,0.0,0.0
8,joint_crypto_stable_stress__stable_heavy__shared_keeper_capacity_central,stable_heavy__joint_crypto_stable_stress,stable_heavy,joint_crypto_stable_stress,26,2,WBTC,21,cross_family_displacement_hours,128,0.0,0.0,0.0,0.0,0.0,0.0,0.0,0.0,0.0,0.0,0.0
8,joint_crypto_stable_stress__stable_heavy__shared_keeper_capacity_central,stable_heavy__joint_crypto_stable_stress,stable_heavy,joint_crypto_stable_stress,26,3,STABLE,1,initial_debt_exposure,128,1250000.0,1.0956820423100584e-11,1250000.0,1250000.0,1250000.0,1249999.9999999998,1250000.0,1250000.0,1250000.0000000002,1250000.0000000002,1.0
8,joint_crypto_stable_stress__stable_heavy__shared_keeper_capacity_central,stable_heavy__joint_crypto_stable_stress,stable_heavy,joint_crypto_stable_stress,26,3,STABLE,2,eligible_liquidation_tab,128,0.0,0.0,0.0,0.0,0.0,0.0,0.0,0.0,0.0,0.0,0.0
8,joint_crypto_stable_stress__stable_heavy__shared_keeper_capacity_central,stable_heavy__joint_crypto_stable_stress,stable_heavy,joint_crypto_stable_stress,26,3,STABLE,3,candidate_count,128,0.0,0.0,0.0,0.0,0.0,0.0,0.0,0.0,0.0,0.0,0.0
8,joint_crypto_stable_stress__stable_heavy__shared_keeper_capacity_central,stable_heavy__joint_crypto_stable_stress,stable_heavy,joint_crypto_stable_stress,26,3,STABLE,4,profitability_filtered_count,128,0.0,0.0,0.0,0.0,0.0,0.0,0.0,0.0,0.0,0.0,0.0
8,joint_crypto_stable_stress__stable_heavy__shared_keeper_capacity_central,stable_heavy__joint_crypto_stable_stress,stable_heavy,joint_crypto_stable_stress,26,3,STABLE,5,selected_count,128,0.0,0.0,0.0,0.0,0.0,0.0,0.0,0.0,0.0,0.0,0.0
8,joint_crypto_stable_stress__stable_heavy__shared_keeper_capacity_central,stable_heavy__joint_crypto_stable_stress,stable_heavy,joint_crypto_stable_stress,26,3,STABLE,6,rejected_count,128,0.0,0.0,0.0,0.0,0.0,0.0,0.0,0.0,0.0,0.0,0.0
8,joint_crypto_stable_stress__stable_heavy__shared_keeper_capacity_central,stable_heavy__joint_crypto_stable_stress,stable_heavy,joint_crypto_stable_stress,26,3,STABLE,7,successful_closure_count,128,0.0,0.0,0.0,0.0,0.0,0.0,0.0,0.0,0.0,0.0,0.0
8,joint_crypto_stable_stress__stable_heavy__shared_keeper_capacity_central,stable_heavy__joint_crypto_stable_stress,stable_heavy,joint_crypto_stable_stress,26,3,STABLE,8,liquidated_debt,128,0.0,0.0,0.0,0.0,0.0,0.0,0.0,0.0,0.0,0.0,0.0
8,joint_crypto_stable_stress__stable_heavy__shared_keeper_capacity_central,stable_heavy__joint_crypto_stable_stress,stable_heavy,joint_crypto_stable_stress,26,3,STABLE,9,terminal_unresolved_tab,128,0.0,0.0,0.0,0.0,0.0,0.0,0.0,0.0,0.0,0.0,0.0
8,joint_crypto_stable_stress__stable_heavy__shared_keeper_capacity_central,stable_heavy__joint_crypto_stable_stress,stable_heavy,joint_crypto_stable_stress,26,3,STABLE,10,backlog_area,128,0.0,0.0,0.0,0.0,0.0,0.0,0.0,0.0,0.0,0.0,0.0
8,joint_crypto_stable_stress__stable_heavy__shared_keeper_capacity_central,stable_heavy__joint_crypto_stable_stress,stable_heavy,joint_crypto_stable_stress,26,3,STABLE,11,maximum_backlog,128,0.0,0.0,0.0,0.0,0.0,0.0,0.0,0.0,0.0,0.0,0.0
8,joint_crypto_stable_stress__stable_heavy__shared_keeper_capacity_central,stable_heavy__joint_crypto_stable_stress,stable_heavy,joint_crypto_stable_stress,26,3,STABLE,12,terminal_active_bad_debt,128,0.0,0.0,0.0,0.0,0.0,0.0,0.0,0.0,0.0,0.0,0.0
8,joint_crypto_stable_stress__stable_heavy__shared_keeper_capacity_central,stable_heavy__joint_crypto_stable_stress,stable_heavy,joint_crypto_stable_stress,26,3,STABLE,13,realised_bad_debt,128,0.0,0.0,0.0,0.0,0.0,0.0,0.0,0.0,0.0,0.0,0.0
8,joint_crypto_stable_stress__stable_heavy__shared_keeper_capacity_central,stable_heavy__joint_crypto_stable_stress,stable_heavy,joint_crypto_stable_stress,26,3,STABLE,14,keeper_profit_proxy,128,0.0,0.0,0.0,0.0,0.0,0.0,0.0,0.0,0.0,0.0,0.0
8,joint_crypto_stable_stress__stable_heavy__shared_keeper_capacity_central,stable_heavy__joint_crypto_stable_stress,stable_heavy,joint_crypto_stable_stress,26,3,STABLE,15,share_system_capacity_consumed,13,0.0,0.0,0.0,0.0,0.0,0.0,0.0,0.0,0.0,0.0,0.0
8,joint_crypto_stable_stress__stable_heavy__shared_keeper_capacity_central,stable_heavy__joint_crypto_stable_stress,stable_heavy,joint_crypto_stable_stress,26,3,STABLE,16,share_system_rejections,0,,,,,,,,,,,
8,joint_crypto_stable_stress__stable_heavy__shared_keeper_capacity_central,stable_heavy__joint_crypto_stable_stress,stable_heavy,joint_crypto_stable_stress,26,3,STABLE,17,contribution_to_system_backlog,14,0.0,0.0,0.0,0.0,0.0,0.0,0.0,0.0,0.0,0.0,0.0
8,joint_crypto_stable_stress__stable_heavy__shared_keeper_capacity_central,stable_heavy__joint_crypto_stable_stress,stable_heavy,joint_crypto_stable_stress,26,3,STABLE,18,exposure_normalised_backlog,128,0.0,0.0,0.0,0.0,0.0,0.0,0.0,0.0,0.0,0.0,0.0
8,joint_crypto_stable_stress__stable_heavy__shared_keeper_capacity_central,stable_heavy__joint_crypto_stable_stress,stable_heavy,joint_crypto_stable_stress,26,3,STABLE,19,exposure_normalised_unresolved_tab,128,0.0,0.0,0.0,0.0,0.0,0.0,0.0,0.0,0.0,0.0,0.0
8,joint_crypto_stable_stress__stable_heavy__shared_keeper_capacity_central,stable_heavy__joint_crypto_stable_stress,stable_heavy,joint_crypto_stable_stress,26,3,STABLE,20,displaced_candidates,128,0.0,0.0,0.0,0.0,0.0,0.0,0.0,0.0,0.0,0.0,0.0
8,joint_crypto_stable_stress__stable_heavy__shared_keeper_capacity_central,stable_heavy__joint_crypto_stable_stress,stable_heavy,joint_crypto_stable_stress,26,3,STABLE,21,cross_family_displacement_hours,128,0.0,0.0,0.0,0.0,0.0,0.0,0.0,0.0,0.0,0.0,0.0
9,joint_crypto_stable_stress__stable_heavy__shared_keeper_capacity_high,stable_heavy__joint_crypto_stable_stress,stable_heavy,joint_crypto_stable_stress,45,1,ETH,1,initial_debt_exposure,128,1060492.6408495512,2.198959823460145e-11,1060492.6408495512,1060492.6408495512,1060492.640849551,1060492.6408495507,1060492.640849551,1060492.640849551,1060492.6408495512,1060492.6408495512,1.0
9,joint_crypto_stable_stress__stable_heavy__shared_keeper_capacity_high,stable_heavy__joint_crypto_stable_stress,stable_heavy,joint_crypto_stable_stress,45,1,ETH,2,eligible_liquidation_tab,128,4492.559434295628,2194.909599159725,190.53661994256709,8794.58224864869,0.0,0.0,0.0,0.0,989.0025429998486,5229.210662060126,0.1171875
9,joint_crypto_stable_stress__stable_heavy__shared_keeper_capacity_high,stable_heavy__joint_crypto_stable_stress,stable_heavy,joint_crypto_stable_stress,45,1,ETH,3,candidate_count,128,3.3671875,1.7194632948571407,-0.002960557919995832,6.737335557919996,0.0,0.0,0.0,0.0,1.5999999999999943,11.299999999999983,0.1171875
9,joint_crypto_stable_stress__stable_heavy__shared_keeper_capacity_high,stable_heavy__joint_crypto_stable_stress,stable_heavy,joint_crypto_stable_stress,45,1,ETH,4,profitability_filtered_count,128,2.6015625,1.4612085389026972,-0.2624062362492863,5.465531236249286,0.0,0.0,0.0,0.0,1.0,8.299999999999983,0.109375
9,joint_crypto_stable_stress__stable_heavy__shared_keeper_capacity_high,stable_heavy__joint_crypto_stable_stress,stable_heavy,joint_crypto_stable_stress,45,1,ETH,5,selected_count,128,0.9140625,0.37170920653275535,0.1855124551957995,1.6426125448042006,0.0,0.0,0.0,0.0,0.29999999999999716,5.299999999999983,0.1015625
9,joint_crypto_stable_stress__stable_heavy__shared_keeper_capacity_high,stable_heavy__joint_crypto_stable_stress,stable_heavy,joint_crypto_stable_stress,45,1,ETH,6,rejected_count,128,0.0,0.0,0.0,0.0,0.0,0.0,0.0,0.0,0.0,0.0,0.0
9,joint_crypto_stable_stress__stable_heavy__shared_keeper_capacity_high,stable_heavy__joint_crypto_stable_stress,stable_heavy,joint_crypto_stable_stress,45,1,ETH,7,successful_closure_count,128,0.7109375,0.3017648922026757,0.11947831128275566,1.3023966887172445,0.0,0.0,0.0,0.0,0.0,3.6499999999999915,0.09375
9,joint_crypto_stable_stress__stable_heavy__shared_keeper_capacity_high,stable_heavy__joint_crypto_stable_stress,stable_heavy,joint_crypto_stable_stress,45,1,ETH,8,liquidated_debt,128,4185.223096573948,2095.712414624831,77.62676390927936,8292.819429238618,0.0,0.0,0.0,0.0,0.0,4320.171940346951,0.09375
9,joint_crypto_stable_stress__stable_heavy__shared_keeper_capacity_high,stable_heavy__joint_crypto_stable_stress,stable_heavy,joint_crypto_stable_stress,45,1,ETH,9,terminal_unresolved_tab,128,0.0,0.0,0.0,0.0,0.0,0.0,0.0,0.0,0.0,0.0,0.0
9,joint_crypto_stable_stress__stable_heavy__shared_keeper_capacity_high,stable_heavy__joint_crypto_stable_stress,stable_heavy,joint_crypto_stable_stress,45,1,ETH,10,backlog_area,128,6910.320609663448,4409.517052009928,-1732.3328122760122,15552.974031602907,0.0,0.0,0.0,0.0,1142.3876930768893,3172.439410675991,0.109375
9,joint_crypto_stable_stress__stable_heavy__shared_keeper_capacity_high,stable_heavy__joint_crypto_stable_stress,stable_heavy,joint_crypto_stable_stress,45,1,ETH,11,maximum_backlog,128,2438.28834569504,1658.776864837398,-812.9143093862604,5689.49100077634,0.0,0.0,0.0,0.0,354.87497914586845,1543.0622106168253,0.109375
9,joint_crypto_stable_stress__stable_heavy__shared_keeper_capacity_high,stable_heavy__joint_crypto_stable_stress,stable_heavy,joint_crypto_stable_stress,45,1,ETH,12,terminal_active_bad_debt,128,0.0,0.0,0.0,0.0,0.0,0.0,0.0,0.0,0.0,0.0,0.0
9,joint_crypto_stable_stress__stable_heavy__shared_keeper_capacity_high,stable_heavy__joint_crypto_stable_stress,stable_heavy,joint_crypto_stable_stress,45,1,ETH,13,realised_bad_debt,128,0.0,0.0,0.0,0.0,0.0,0.0,0.0,0.0,0.0,0.0,0.0
9,joint_crypto_stable_stress__stable_heavy__shared_keeper_capacity_high,stable_heavy__joint_crypto_stable_stress,stable_heavy,joint_crypto_stable_stress,45,1,ETH,14,keeper_profit_proxy,128,513.8132965068412,261.5749073083171,1.1264781825396994,1026.5001148311426,0.0,0.0,0.0,0.0,0.0,444.7748399584285,0.09375
9,joint_crypto_stable_stress__stable_heavy__shared_keeper_capacity_high,stable_heavy__joint_crypto_stable_stress,stable_heavy,joint_crypto_stable_stress,45,1,ETH,15,share_system_capacity_consumed,13,0.9209196252465482,0.03468649201896295,0.8529341008893808,0.9889051496037157,1.0,0.6666666666666666,0.8717948717948718,1.0,1.0,1.0,1.0
9,joint_crypto_stable_stress__stable_heavy__shared_keeper_capacity_high,stable_heavy__joint_crypto_stable_stress,stable_heavy,joint_crypto_stable_stress,45,1,ETH,16,share_system_rejections,0,,,,,,,,,,,
9,joint_crypto_stable_stress__stable_heavy__shared_keeper_capacity_high,stable_heavy__joint_crypto_stable_stress,stable_heavy,joint_crypto_stable_stress,45,1,ETH,17,contribution_to_system_backlog,14,0.9836177966562255,0.009126671320756004,0.9657295208675437,1.0015060724449072,1.0,0.9097451411032138,1.0,1.0,1.0,1.0,1.0
9,joint_crypto_stable_stress__stable_heavy__shared_keeper_capacity_high,stable_heavy__joint_crypto_stable_stress,stable_heavy,joint_crypto_stable_stress,45,1,ETH,18,exposure_normalised_backlog,128,0.006516141973533785,0.004157989298706971,-0.0016335170519318773,0.014665800998999449,0.0,0.0,0.0,0.0,0.0010772235931422712,0.002991477063088885,0.109375
9,joint_crypto_stable_stress__stable_heavy__shared_keeper_capacity_high,stable_heavy__joint_crypto_stable_stress,stable_heavy,joint_crypto_stable_stress,45,1,ETH,19,exposure_normalised_unresolved_tab,128,0.0,0.0,0.0,0.0,0.0,0.0,0.0,0.0,0.0,0.0,0.0
9,joint_crypto_stable_stress__stable_heavy__shared_keeper_capacity_high,stable_heavy__joint_crypto_stable_stress,stable_heavy,joint_crypto_stable_stress,45,1,ETH,20,displaced_candidates,128,0.0,0.0,0.0,0.0,0.0,0.0,0.0,0.0,0.0,0.0,0.0
9,joint_crypto_stable_stress__stable_heavy__shared_keeper_capacity_high,stable_heavy__joint_crypto_stable_stress,stable_heavy,joint_crypto_stable_stress,45,1,ETH,21,cross_family_displacement_hours,128,0.0,0.0,0.0,0.0,0.0,0.0,0.0,0.0,0.0,0.0,0.0
9,joint_crypto_stable_stress__stable_heavy__shared_keeper_capacity_high,stable_heavy__joint_crypto_stable_stress,stable_heavy,joint_crypto_stable_stress,45,2,WBTC,1,initial_debt_exposure,128,189507.359150449,3.1957392900710032e-12,189507.359150449,189507.359150449,189507.35915044902,189507.359150449,189507.359150449,189507.35915044902,189507.35915044905,189507.35915044905,1.0
9,joint_crypto_stable_stress__stable_heavy__shared_keeper_capacity_high,stable_heavy__joint_crypto_stable_stress,stable_heavy,joint_crypto_stable_stress,45,2,WBTC,2,eligible_liquidation_tab,128,414.5755488195679,253.47577890651618,-82.23697783720377,911.3880754763396,0.0,0.0,0.0,0.0,0.0,0.0,0.0390625
9,joint_crypto_stable_stress__stable_heavy__shared_keeper_capacity_high,stable_heavy__joint_crypto_stable_stress,stable_heavy,joint_crypto_stable_stress,45,2,WBTC,3,candidate_count,128,0.390625,0.22493283528373423,-0.050243357156119106,0.8314933571561192,0.0,0.0,0.0,0.0,0.0,0.0,0.0390625
9,joint_crypto_stable_stress__stable_heavy__shared_keeper_capacity_high,stable_heavy__joint_crypto_stable_stress,stable_heavy,joint_crypto_stable_stress,45,2,WBTC,4,profitability_filtered_count,128,0.359375,0.2032385358046638,-0.03897253017714103,0.7577225301771411,0.0,0.0,0.0,0.0,0.0,0.0,0.0390625
9,joint_crypto_stable_stress__stable_heavy__shared_keeper_capacity_high,stable_heavy__joint_crypto_stable_stress,stable_heavy,joint_crypto_stable_stress,45,2,WBTC,5,selected_count,128,0.1171875,0.06036826549673798,-0.0011343003736064422,0.23550930037360646,0.0,0.0,0.0,0.0,0.0,0.0,0.0390625
9,joint_crypto_stable_stress__stable_heavy__shared_keeper_capacity_high,stable_heavy__joint_crypto_stable_stress,stable_heavy,joint_crypto_stable_stress,45,2,WBTC,6,rejected_count,128,0.0,0.0,0.0,0.0,0.0,0.0,0.0,0.0,0.0,0.0,0.0
9,joint_crypto_stable_stress__stable_heavy__shared_keeper_capacity_high,stable_heavy__joint_crypto_stable_stress,stable_heavy,joint_crypto_stable_stress,45,2,WBTC,7,successful_closure_count,128,0.09375,0.04631804953361513,0.002966622914114342,0.18453337708588566,0.0,0.0,0.0,0.0,0.0,0.0,0.0390625
9,joint_crypto_stable_stress__stable_heavy__shared_keeper_capacity_high,stable_heavy__joint_crypto_stable_stress,stable_heavy,joint_crypto_stable_stress,45,2,WBTC,8,liquidated_debt,128,408.9869950390927,250.27483452161283,-81.55168062326845,899.5256707014538,0.0,0.0,0.0,0.0,0.0,0.0,0.0390625
9,joint_crypto_stable_stress__stable_heavy__shared_keeper_capacity_high,stable_heavy__joint_crypto_stable_stress,stable_heavy,joint_crypto_stable_stress,45,2,WBTC,9,terminal_unresolved_tab,128,3.6408736294035573,3.6408736294035577,-3.495238684227416,10.77698594303453,0.0,0.0,0.0,0.0,0.0,0.0,0.0078125
9,joint_crypto_stable_stress__stable_heavy__shared_keeper_capacity_high,stable_heavy__joint_crypto_stable_stress,stable_heavy,joint_crypto_stable_stress,45,2,WBTC,10,backlog_area,128,621.5310974044708,426.95407639611784,-215.29889233192023,1458.3610871408619,0.0,0.0,0.0,0.0,0.0,0.0,0.0234375
9,joint_crypto_stable_stress__stable_heavy__shared_keeper_capacity_high,stable_heavy__joint_crypto_stable_stress,stable_heavy,joint_crypto_stable_stress,45,2,WBTC,11,maximum_backlog,128,191.9922322092258,150.56714619108317,-103.1193743252972,487.1038387437488,0.0,0.0,0.0,0.0,0.0,0.0,0.0234375
9,joint_crypto_stable_stress__stable_heavy__shared_keeper_capacity_high,stable_heavy__joint_crypto_stable_stress,stable_heavy,joint_crypto_stable_stress,45,2,WBTC,12,terminal_active_bad_debt,128,0.0,0.0,0.0,0.0,0.0,0.0,0.0,0.0,0.0,0.0,0.0
9,joint_crypto_stable_stress__stable_heavy__shared_keeper_capacity_high,stable_heavy__joint_crypto_stable_stress,stable_heavy,joint_crypto_stable_stress,45,2,WBTC,13,realised_bad_debt,128,0.0,0.0,0.0,0.0,0.0,0.0,0.0,0.0,0.0,0.0,0.0
9,joint_crypto_stable_stress__stable_heavy__shared_keeper_capacity_high,stable_heavy__joint_crypto_stable_stress,stable_heavy,joint_crypto_stable_stress,45,2,WBTC,14,keeper_profit_proxy,128,50.00457812892155,31.46878165427292,-11.67423391345337,111.68339017129648,0.0,0.0,0.0,0.0,0.0,0.0,0.0390625
9,joint_crypto_stable_stress__stable_heavy__shared_keeper_capacity_high,stable_heavy__joint_crypto_stable_stress,stable_heavy,joint_crypto_stable_stress,45,2,WBTC,15,share_system_capacity_consumed,13,0.07908037475345167,0.03468649201896295,0.011094850396284286,0.14706589911061907,0.0,0.0,0.0,0.1282051282051282,0.2979166666666668,0.3333333333333333,0.38461538461538464
9,joint_crypto_stable_stress__stable_heavy__shared_keeper_capacity_high,stable_heavy__joint_crypto_stable_stress,stable_heavy,joint_crypto_stable_stress,45,2,WBTC,16,share_system_rejections,0,,,,,,,,,,,
9,joint_crypto_stable_stress__stable_heavy__shared_keeper_capacity_high,stable_heavy__joint_crypto_stable_stress,stable_heavy,joint_crypto_stable_stress,45,2,WBTC,17,contribution_to_system_backlog,14,0.01638220334377433,0.009126671320756001,-0.001506072444907431,0.034270479132456094,0.0,0.0,0.0,0.0,0.07514684740458255,0.09025485889678607,0.21428571428571427
9,joint_crypto_stable_stress__stable_heavy__shared_keeper_capacity_high,stable_heavy__joint_crypto_stable_stress,stable_heavy,joint_crypto_stable_stress,45,2,WBTC,18,exposure_normalised_backlog,128,0.003279720113196448,0.0022529683190675508,-0.0011360977921759511,0.007695538018568848,0.0,0.0,0.0,0.0,0.0,0.0,0.0234375
9,joint_crypto_stable_stress__stable_heavy__shared_keeper_capacity_high,stable_heavy__joint_crypto_stable_stress,stable_heavy,joint_crypto_stable_stress,45,2,WBTC,19,exposure_normalised_unresolved_tab,128,1.9212307351679597e-05,1.9212307351679594e-05,-1.844381505761241e-05,5.68684297609716e-05,0.0,0.0,0.0,0.0,0.0,0.0,0.0078125
9,joint_crypto_stable_stress__stable_heavy__shared_keeper_capacity_high,stable_heavy__joint_crypto_stable_stress,stable_heavy,joint_crypto_stable_stress,45,2,WBTC,20,displaced_candidates,128,0.0,0.0,0.0,0.0,0.0,0.0,0.0,0.0,0.0,0.0,0.0
9,joint_crypto_stable_stress__stable_heavy__shared_keeper_capacity_high,stable_heavy__joint_crypto_stable_stress,stable_heavy,joint_crypto_stable_stress,45,2,WBTC,21,cross_family_displacement_hours,128,0.0,0.0,0.0,0.0,0.0,0.0,0.0,0.0,0.0,0.0,0.0
9,joint_crypto_stable_stress__stable_heavy__shared_keeper_capacity_high,stable_heavy__joint_crypto_stable_stress,stable_heavy,joint_crypto_stable_stress,45,3,STABLE,1,initial_debt_exposure,128,1250000.0,1.0956820423100584e-11,1250000.0,1250000.0,1250000.0,1249999.9999999998,1250000.0,1250000.0,1250000.0000000002,1250000.0000000002,1.0
9,joint_crypto_stable_stress__stable_heavy__shared_keeper_capacity_high,stable_heavy__joint_crypto_stable_stress,stable_heavy,joint_crypto_stable_stress,45,3,STABLE,2,eligible_liquidation_tab,128,0.0,0.0,0.0,0.0,0.0,0.0,0.0,0.0,0.0,0.0,0.0
9,joint_crypto_stable_stress__stable_heavy__shared_keeper_capacity_high,stable_heavy__joint_crypto_stable_stress,stable_heavy,joint_crypto_stable_stress,45,3,STABLE,3,candidate_count,128,0.0,0.0,0.0,0.0,0.0,0.0,0.0,0.0,0.0,0.0,0.0
9,joint_crypto_stable_stress__stable_heavy__shared_keeper_capacity_high,stable_heavy__joint_crypto_stable_stress,stable_heavy,joint_crypto_stable_stress,45,3,STABLE,4,profitability_filtered_count,128,0.0,0.0,0.0,0.0,0.0,0.0,0.0,0.0,0.0,0.0,0.0
9,joint_crypto_stable_stress__stable_heavy__shared_keeper_capacity_high,stable_heavy__joint_crypto_stable_stress,stable_heavy,joint_crypto_stable_stress,45,3,STABLE,5,selected_count,128,0.0,0.0,0.0,0.0,0.0,0.0,0.0,0.0,0.0,0.0,0.0
9,joint_crypto_stable_stress__stable_heavy__shared_keeper_capacity_high,stable_heavy__joint_crypto_stable_stress,stable_heavy,joint_crypto_stable_stress,45,3,STABLE,6,rejected_count,128,0.0,0.0,0.0,0.0,0.0,0.0,0.0,0.0,0.0,0.0,0.0
9,joint_crypto_stable_stress__stable_heavy__shared_keeper_capacity_high,stable_heavy__joint_crypto_stable_stress,stable_heavy,joint_crypto_stable_stress,45,3,STABLE,7,successful_closure_count,128,0.0,0.0,0.0,0.0,0.0,0.0,0.0,0.0,0.0,0.0,0.0
9,joint_crypto_stable_stress__stable_heavy__shared_keeper_capacity_high,stable_heavy__joint_crypto_stable_stress,stable_heavy,joint_crypto_stable_stress,45,3,STABLE,8,liquidated_debt,128,0.0,0.0,0.0,0.0,0.0,0.0,0.0,0.0,0.0,0.0,0.0
9,joint_crypto_stable_stress__stable_heavy__shared_keeper_capacity_high,stable_heavy__joint_crypto_stable_stress,stable_heavy,joint_crypto_stable_stress,45,3,STABLE,9,terminal_unresolved_tab,128,0.0,0.0,0.0,0.0,0.0,0.0,0.0,0.0,0.0,0.0,0.0
9,joint_crypto_stable_stress__stable_heavy__shared_keeper_capacity_high,stable_heavy__joint_crypto_stable_stress,stable_heavy,joint_crypto_stable_stress,45,3,STABLE,10,backlog_area,128,0.0,0.0,0.0,0.0,0.0,0.0,0.0,0.0,0.0,0.0,0.0
9,joint_crypto_stable_stress__stable_heavy__shared_keeper_capacity_high,stable_heavy__joint_crypto_stable_stress,stable_heavy,joint_crypto_stable_stress,45,3,STABLE,11,maximum_backlog,128,0.0,0.0,0.0,0.0,0.0,0.0,0.0,0.0,0.0,0.0,0.0
9,joint_crypto_stable_stress__stable_heavy__shared_keeper_capacity_high,stable_heavy__joint_crypto_stable_stress,stable_heavy,joint_crypto_stable_stress,45,3,STABLE,12,terminal_active_bad_debt,128,0.0,0.0,0.0,0.0,0.0,0.0,0.0,0.0,0.0,0.0,0.0
9,joint_crypto_stable_stress__stable_heavy__shared_keeper_capacity_high,stable_heavy__joint_crypto_stable_stress,stable_heavy,joint_crypto_stable_stress,45,3,STABLE,13,realised_bad_debt,128,0.0,0.0,0.0,0.0,0.0,0.0,0.0,0.0,0.0,0.0,0.0
9,joint_crypto_stable_stress__stable_heavy__shared_keeper_capacity_high,stable_heavy__joint_crypto_stable_stress,stable_heavy,joint_crypto_stable_stress,45,3,STABLE,14,keeper_profit_proxy,128,0.0,0.0,0.0,0.0,0.0,0.0,0.0,0.0,0.0,0.0,0.0
9,joint_crypto_stable_stress__stable_heavy__shared_keeper_capacity_high,stable_heavy__joint_crypto_stable_stress,stable_heavy,joint_crypto_stable_stress,45,3,STABLE,15,share_system_capacity_consumed,13,0.0,0.0,0.0,0.0,0.0,0.0,0.0,0.0,0.0,0.0,0.0
9,joint_crypto_stable_stress__stable_heavy__shared_keeper_capacity_high,stable_heavy__joint_crypto_stable_stress,stable_heavy,joint_crypto_stable_stress,45,3,STABLE,16,share_system_rejections,0,,,,,,,,,,,
9,joint_crypto_stable_stress__stable_heavy__shared_keeper_capacity_high,stable_heavy__joint_crypto_stable_stress,stable_heavy,joint_crypto_stable_stress,45,3,STABLE,17,contribution_to_system_backlog,14,0.0,0.0,0.0,0.0,0.0,0.0,0.0,0.0,0.0,0.0,0.0
9,joint_crypto_stable_stress__stable_heavy__shared_keeper_capacity_high,stable_heavy__joint_crypto_stable_stress,stable_heavy,joint_crypto_stable_stress,45,3,STABLE,18,exposure_normalised_backlog,128,0.0,0.0,0.0,0.0,0.0,0.0,0.0,0.0,0.0,0.0,0.0
9,joint_crypto_stable_stress__stable_heavy__shared_keeper_capacity_high,stable_heavy__joint_crypto_stable_stress,stable_heavy,joint_crypto_stable_stress,45,3,STABLE,19,exposure_normalised_unresolved_tab,128,0.0,0.0,0.0,0.0,0.0,0.0,0.0,0.0,0.0,0.0,0.0
9,joint_crypto_stable_stress__stable_heavy__shared_keeper_capacity_high,stable_heavy__joint_crypto_stable_stress,stable_heavy,joint_crypto_stable_stress,45,3,STABLE,20,displaced_candidates,128,0.0,0.0,0.0,0.0,0.0,0.0,0.0,0.0,0.0,0.0,0.0
9,joint_crypto_stable_stress__stable_heavy__shared_keeper_capacity_high,stable_heavy__joint_crypto_stable_stress,stable_heavy,joint_crypto_stable_stress,45,3,STABLE,21,cross_family_displacement_hours,128,0.0,0.0,0.0,0.0,0.0,0.0,0.0,0.0,0.0,0.0,0.0
