contrast_order,contrast_type,anchor,family,metric,left_capacity,right_capacity,contrast_label,direction_multiplier,operationality,count,mean,standard_error,ci95_lower,ci95_upper,median,p05,p25,p75,p90,p95,positive_share,discordant_positive,discordant_negative,classification
1,raw_capacity_contrast,empirical_crypto__joint_crypto_high_correlation,,backlog_area_share,14,26,capacity_14_minus_26,1,operational,128,0.000499570701749618,0.0002525123984720961,4.646400744309667e-06,0.0009944950027549262,0.0,0.0,0.0,0.0,0.0,0.0007850918004764583,0.0703125,9,0,
2,direction_normalised_capacity_relief,empirical_crypto__joint_crypto_high_correlation,,backlog_area_share,14,26,capacity_14_minus_26,1,operational,128,0.000499570701749618,0.0002525123984720961,4.646400744309667e-06,0.0009944950027549262,0.0,0.0,0.0,0.0,0.0,0.0007850918004764583,0.0703125,9,0,
3,raw_capacity_contrast,empirical_crypto__joint_crypto_high_correlation,,backlog_area_share,26,45,capacity_26_minus_45,1,operational,128,0.0,0.0,0.0,0.0,0.0,0.0,0.0,0.0,0.0,0.0,0.0,0,0,
4,direction_normalised_capacity_relief,empirical_crypto__joint_crypto_high_correlation,,backlog_area_share,26,45,capacity_26_minus_45,1,operational,128,0.0,0.0,0.0,0.0,0.0,0.0,0.0,0.0,0.0,0.0,0.0,0,0,
5,raw_capacity_contrast,empirical_crypto__joint_crypto_high_correlation,,backlog_area_share,14,45,capacity_14_minus_45,1,operational,128,0.000499570701749618,0.0002525123984720961,4.646400744309667e-06,0.0009944950027549262,0.0,0.0,0.0,0.0,0.0,0.0007850918004764583,0.0703125,9,0,
6,direction_normalised_capacity_relief,empirical_crypto__joint_crypto_high_correlation,,backlog_area_share,14,45,capacity_14_minus_45,1,operational,128,0.000499570701749618,0.0002525123984720961,4.646400744309667e-06,0.0009944950027549262,0.0,0.0,0.0,0.0,0.0,0.0007850918004764583,0.0703125,9,0,
7,monotonicity_classification,empirical_crypto__joint_crypto_high_correlation,,backlog_area_share,14,45,capacity_14_minus_45,1,operational,128,0.000499570701749618,0.0002525123984720961,4.646400744309667e-06,0.0009944950027549262,0.0,0.0,0.0,0.0,0.0,0.0007850918004764583,0.0703125,9,0,threshold_relief
8,raw_capacity_contrast,empirical_crypto__joint_crypto_high_correlation,,maximum_unresolved_tab_share,14,26,capacity_14_minus_26,1,operational,128,9.460616922055305e-07,7.24177649613379e-07,-4.733265010366923e-07,2.3654498854477533e-06,0.0,0.0,0.0,0.0,0.0,0.0,0.015625,2,0,
9,direction_normalised_capacity_relief,empirical_crypto__joint_crypto_high_correlation,,maximum_unresolved_tab_share,14,26,capacity_14_minus_26,1,operational,128,9.460616922055305e-07,7.24177649613379e-07,-4.733265010366923e-07,2.3654498854477533e-06,0.0,0.0,0.0,0.0,0.0,0.0,0.015625,2,0,
10,raw_capacity_contrast,empirical_crypto__joint_crypto_high_correlation,,maximum_unresolved_tab_share,26,45,capacity_26_minus_45,1,operational,128,0.0,0.0,0.0,0.0,0.0,0.0,0.0,0.0,0.0,0.0,0.0,0,0,
11,direction_normalised_capacity_relief,empirical_crypto__joint_crypto_high_correlation,,maximum_unresolved_tab_share,26,45,capacity_26_minus_45,1,operational,128,0.0,0.0,0.0,0.0,0.0,0.0,0.0,0.0,0.0,0.0,0.0,0,0,
12,raw_capacity_contrast,empirical_crypto__joint_crypto_high_correlation,,maximum_unresolved_tab_share,14,45,capacity_14_minus_45,1,operational,128,9.460616922055305e-07,7.24177649613379e-07,-4.733265010366923e-07,2.3654498854477533e-06,0.0,0.0,0.0,0.0,0.0,0.0,0.015625,2,0,
13,direction_normalised_capacity_relief,empirical_crypto__joint_crypto_high_correlation,,maximum_unresolved_tab_share,14,45,capacity_14_minus_45,1,operational,128,9.460616922055305e-07,7.24177649613379e-07,-4.733265010366923e-07,2.3654498854477533e-06,0.0,0.0,0.0,0.0,0.0,0.0,0.015625,2,0,
14,monotonicity_classification,empirical_crypto__joint_crypto_high_correlation,,maximum_unresolved_tab_share,14,45,capacity_14_minus_45,1,operational,128,9.460616922055305e-07,7.24177649613379e-07,-4.733265010366923e-07,2.3654498854477533e-06,0.0,0.0,0.0,0.0,0.0,0.0,0.015625,2,0,no_capacity_effect
15,raw_capacity_contrast,empirical_crypto__joint_crypto_high_correlation,,terminal_unresolved_tab_share,14,26,capacity_14_minus_26,1,operational,128,0.0,0.0,0.0,0.0,0.0,0.0,0.0,0.0,0.0,0.0,0.0,0,0,
16,direction_normalised_capacity_relief,empirical_crypto__joint_crypto_high_correlation,,terminal_unresolved_tab_share,14,26,capacity_14_minus_26,1,operational,128,0.0,0.0,0.0,0.0,0.0,0.0,0.0,0.0,0.0,0.0,0.0,0,0,
17,raw_capacity_contrast,empirical_crypto__joint_crypto_high_correlation,,terminal_unresolved_tab_share,26,45,capacity_26_minus_45,1,operational,128,0.0,0.0,0.0,0.0,0.0,0.0,0.0,0.0,0.0,0.0,0.0,0,0,
18,direction_normalised_capacity_relief,empirical_crypto__joint_crypto_high_correlation,,terminal_unresolved_tab_share,26,45,capacity_26_minus_45,1,operational,128,0.0,0.0,0.0,0.0,0.0,0.0,0.0,0.0,0.0,0.0,0.0,0,0,
19,raw_capacity_contrast,empirical_crypto__joint_crypto_high_correlation,,terminal_unresolved_tab_share,14,45,capacity_14_minus_45,1,operational,128,0.0,0.0,0.0,0.0,0.0,0.0,0.0,0.0,0.0,0.0,0.0,0,0,
20,direction_normalised_capacity_relief,empirical_crypto__joint_crypto_high_correlation,,terminal_unresolved_tab_share,14,45,capacity_14_minus_45,1,operational,128,0.0,0.0,0.0,0.0,0.0,0.0,0.0,0.0,0.0,0.0,0.0,0,0,
21,monotonicity_classification,empirical_crypto__joint_crypto_high_correlation,,terminal_unresolved_tab_share,14,45,capacity_14_minus_45,1,operational,128,0.0,0.0,0.0,0.0,0.0,0.0,0.0,0.0,0.0,0.0,0.0,0,0,no_capacity_effect
22,raw_capacity_contrast,empirical_crypto__joint_crypto_high_correlation,,liquidation_completion_ratio,14,26,capacity_14_minus_26,1,operational,78,-0.00010328249185235314,7.85727555893954e-05,-0.0002572850928075681,5.072010910286185e-05,0.0,0.0,0.0,0.0,0.0,0.0,0.02564102564102564,2,2,
23,direction_normalised_capacity_relief,empirical_crypto__joint_crypto_high_correlation,,liquidation_completion_ratio,14,26,capacity_14_minus_26,-1,operational,78,0.00010328249185235314,7.85727555893954e-05,-5.072010910286185e-05,0.0002572850928075681,0.0,-0.0,0.0,-0.0,0.0,0.0,0.02564102564102564,2,2,
24,raw_capacity_contrast,empirical_crypto__joint_crypto_high_correlation,,liquidation_completion_ratio,26,45,capacity_26_minus_45,1,operational,78,0.0,0.0,0.0,0.0,0.0,0.0,0.0,0.0,0.0,0.0,0.0,0,0,
25,direction_normalised_capacity_relief,empirical_crypto__joint_crypto_high_correlation,,liquidation_completion_ratio,26,45,capacity_26_minus_45,-1,operational,78,0.0,0.0,0.0,0.0,0.0,-0.0,0.0,-0.0,0.0,0.0,0.0,0,0,
26,raw_capacity_contrast,empirical_crypto__joint_crypto_high_correlation,,liquidation_completion_ratio,14,45,capacity_14_minus_45,1,operational,78,-0.00010328249185235314,7.85727555893954e-05,-0.0002572850928075681,5.072010910286185e-05,0.0,0.0,0.0,0.0,0.0,0.0,0.02564102564102564,2,2,
27,direction_normalised_capacity_relief,empirical_crypto__joint_crypto_high_correlation,,liquidation_completion_ratio,14,45,capacity_14_minus_45,-1,operational,78,0.00010328249185235314,7.85727555893954e-05,-5.072010910286185e-05,0.0002572850928075681,0.0,-0.0,0.0,-0.0,0.0,0.0,0.02564102564102564,2,2,
28,monotonicity_classification,empirical_crypto__joint_crypto_high_correlation,,liquidation_completion_ratio,14,45,capacity_14_minus_45,-1,operational,78,0.00010328249185235314,7.85727555893954e-05,-5.072010910286185e-05,0.0002572850928075681,0.0,-0.0,0.0,-0.0,0.0,0.0,0.02564102564102564,2,2,no_capacity_effect
29,raw_capacity_contrast,empirical_crypto__joint_crypto_high_correlation,,capacity_rejected_opportunity_count,14,26,capacity_14_minus_26,1,operational,128,0.921875,0.3658007771156122,0.2049054768534001,1.6388445231466,0.0,0.0,0.0,0.0,0.0,5.6499999999999915,0.0859375,11,0,
30,direction_normalised_capacity_relief,empirical_crypto__joint_crypto_high_correlation,,capacity_rejected_opportunity_count,14,26,capacity_14_minus_26,1,operational,128,0.921875,0.3658007771156122,0.2049054768534001,1.6388445231466,0.0,0.0,0.0,0.0,0.0,5.6499999999999915,0.0859375,11,0,
31,raw_capacity_contrast,empirical_crypto__joint_crypto_high_correlation,,capacity_rejected_opportunity_count,26,45,capacity_26_minus_45,1,operational,128,0.140625,0.0977945624857111,-0.05105234247199375,0.33230234247199375,0.0,0.0,0.0,0.0,0.0,0.0,0.0234375,3,0,
32,direction_normalised_capacity_relief,empirical_crypto__joint_crypto_high_correlation,,capacity_rejected_opportunity_count,26,45,capacity_26_minus_45,1,operational,128,0.140625,0.0977945624857111,-0.05105234247199375,0.33230234247199375,0.0,0.0,0.0,0.0,0.0,0.0,0.0234375,3,0,
33,raw_capacity_contrast,empirical_crypto__joint_crypto_high_correlation,,capacity_rejected_opportunity_count,14,45,capacity_14_minus_45,1,operational,128,1.0625,0.4483332540565259,0.18376682204920924,1.9412331779507908,0.0,0.0,0.0,0.0,0.0,5.6499999999999915,0.0859375,11,0,
34,direction_normalised_capacity_relief,empirical_crypto__joint_crypto_high_correlation,,capacity_rejected_opportunity_count,14,45,capacity_14_minus_45,1,operational,128,1.0625,0.4483332540565259,0.18376682204920924,1.9412331779507908,0.0,0.0,0.0,0.0,0.0,5.6499999999999915,0.0859375,11,0,
35,monotonicity_classification,empirical_crypto__joint_crypto_high_correlation,,capacity_rejected_opportunity_count,14,45,capacity_14_minus_45,1,operational,128,1.0625,0.4483332540565259,0.18376682204920924,1.9412331779507908,0.0,0.0,0.0,0.0,0.0,5.6499999999999915,0.0859375,11,0,threshold_relief
36,raw_capacity_contrast,empirical_crypto__joint_crypto_high_correlation,,capacity_rejection_share,14,26,capacity_14_minus_26,1,operational,78,0.011496645853904855,0.0037573979277408303,0.004132145915532827,0.018861145792276882,0.0,0.0,0.0,0.0,0.05537725225225222,0.07238002718129219,0.14102564102564102,11,0,
37,direction_normalised_capacity_relief,empirical_crypto__joint_crypto_high_correlation,,capacity_rejection_share,14,26,capacity_14_minus_26,1,operational,78,0.011496645853904855,0.0037573979277408303,0.004132145915532827,0.018861145792276882,0.0,0.0,0.0,0.0,0.05537725225225222,0.07238002718129219,0.14102564102564102,11,0,
38,raw_capacity_contrast,empirical_crypto__joint_crypto_high_correlation,,capacity_rejection_share,26,45,capacity_26_minus_45,1,operational,78,0.001096769362614433,0.0007465691376451577,-0.000366506147170076,0.002560044872398942,0.0,0.0,0.0,0.0,0.0,0.0,0.038461538461538464,3,0,
39,direction_normalised_capacity_relief,empirical_crypto__joint_crypto_high_correlation,,capacity_rejection_share,26,45,capacity_26_minus_45,1,operational,78,0.001096769362614433,0.0007465691376451577,-0.000366506147170076,0.002560044872398942,0.0,0.0,0.0,0.0,0.0,0.0,0.038461538461538464,3,0,
40,raw_capacity_contrast,empirical_crypto__joint_crypto_high_correlation,,capacity_rejection_share,14,45,capacity_14_minus_45,1,operational,78,0.012593415216519287,0.004186332863610422,0.004388202803842859,0.020798627629195716,0.0,0.0,0.0,0.0,0.05537725225225222,0.09791834813021251,0.14102564102564102,11,0,
41,direction_normalised_capacity_relief,empirical_crypto__joint_crypto_high_correlation,,capacity_rejection_share,14,45,capacity_14_minus_45,1,operational,78,0.012593415216519287,0.004186332863610422,0.004388202803842859,0.020798627629195716,0.0,0.0,0.0,0.0,0.05537725225225222,0.09791834813021251,0.14102564102564102,11,0,
42,monotonicity_classification,empirical_crypto__joint_crypto_high_correlation,,capacity_rejection_share,14,45,capacity_14_minus_45,1,operational,78,0.012593415216519287,0.004186332863610422,0.004388202803842859,0.020798627629195716,0.0,0.0,0.0,0.0,0.05537725225225222,0.09791834813021251,0.14102564102564102,11,0,threshold_relief
43,raw_capacity_contrast,empirical_crypto__joint_crypto_high_correlation,,successful_closure_count,14,26,capacity_14_minus_26,1,operational,128,-0.0703125,0.0629253183364698,-0.19364612393948083,0.053021123939480816,0.0,0.0,0.0,0.0,0.0,0.0,0.0,0,2,
44,direction_normalised_capacity_relief,empirical_crypto__joint_crypto_high_correlation,,successful_closure_count,14,26,capacity_14_minus_26,-1,operational,128,0.0703125,0.0629253183364698,-0.053021123939480816,0.19364612393948083,0.0,0.0,0.0,0.0,0.0,0.0,0.015625,2,0,
45,raw_capacity_contrast,empirical_crypto__joint_crypto_high_correlation,,successful_closure_count,26,45,capacity_26_minus_45,1,operational,128,0.0,0.0,0.0,0.0,0.0,0.0,0.0,0.0,0.0,0.0,0.0,0,0,
46,direction_normalised_capacity_relief,empirical_crypto__joint_crypto_high_correlation,,successful_closure_count,26,45,capacity_26_minus_45,-1,operational,128,0.0,0.0,0.0,0.0,0.0,0.0,0.0,0.0,0.0,0.0,0.0,0,0,
47,raw_capacity_contrast,empirical_crypto__joint_crypto_high_correlation,,successful_closure_count,14,45,capacity_14_minus_45,1,operational,128,-0.0703125,0.0629253183364698,-0.19364612393948083,0.053021123939480816,0.0,0.0,0.0,0.0,0.0,0.0,0.0,0,2,
48,direction_normalised_capacity_relief,empirical_crypto__joint_crypto_high_correlation,,successful_closure_count,14,45,capacity_14_minus_45,-1,operational,128,0.0703125,0.0629253183364698,-0.053021123939480816,0.19364612393948083,0.0,0.0,0.0,0.0,0.0,0.0,0.015625,2,0,
49,monotonicity_classification,empirical_crypto__joint_crypto_high_correlation,,successful_closure_count,14,45,capacity_14_minus_45,-1,operational,128,0.0703125,0.0629253183364698,-0.053021123939480816,0.19364612393948083,0.0,0.0,0.0,0.0,0.0,0.0,0.015625,2,0,no_capacity_effect
50,raw_capacity_contrast,empirical_crypto__joint_crypto_high_correlation,,liquidated_debt_share,14,26,capacity_14_minus_26,1,operational,128,-5.144680527166307e-06,4.201258699106647e-06,-1.3379147577415334e-05,3.0897865230827204e-06,0.0,0.0,0.0,0.0,0.0,0.0,0.015625,2,2,
51,direction_normalised_capacity_relief,empirical_crypto__joint_crypto_high_correlation,,liquidated_debt_share,14,26,capacity_14_minus_26,-1,operational,128,5.144680527166307e-06,4.201258699106647e-06,-3.0897865230827204e-06,1.3379147577415334e-05,0.0,0.0,-0.0,0.0,0.0,-0.0,0.015625,2,2,
52,raw_capacity_contrast,empirical_crypto__joint_crypto_high_correlation,,liquidated_debt_share,26,45,capacity_26_minus_45,1,operational,128,0.0,0.0,0.0,0.0,0.0,0.0,0.0,0.0,0.0,0.0,0.0,0,0,
53,direction_normalised_capacity_relief,empirical_crypto__joint_crypto_high_correlation,,liquidated_debt_share,26,45,capacity_26_minus_45,-1,operational,128,0.0,0.0,0.0,0.0,0.0,0.0,-0.0,0.0,0.0,-0.0,0.0,0,0,
54,raw_capacity_contrast,empirical_crypto__joint_crypto_high_correlation,,liquidated_debt_share,14,45,capacity_14_minus_45,1,operational,128,-5.144680527166307e-06,4.201258699106647e-06,-1.3379147577415334e-05,3.0897865230827204e-06,0.0,0.0,0.0,0.0,0.0,0.0,0.015625,2,2,
55,direction_normalised_capacity_relief,empirical_crypto__joint_crypto_high_correlation,,liquidated_debt_share,14,45,capacity_14_minus_45,-1,operational,128,5.144680527166307e-06,4.201258699106647e-06,-3.0897865230827204e-06,1.3379147577415334e-05,0.0,0.0,-0.0,0.0,0.0,-0.0,0.015625,2,2,
56,monotonicity_classification,empirical_crypto__joint_crypto_high_correlation,,liquidated_debt_share,14,45,capacity_14_minus_45,-1,operational,128,5.144680527166307e-06,4.201258699106647e-06,-3.0897865230827204e-06,1.3379147577415334e-05,0.0,0.0,-0.0,0.0,0.0,-0.0,0.015625,2,2,no_capacity_effect
57,raw_capacity_contrast,empirical_crypto__joint_crypto_high_correlation,,debt_weighted_liquidated_vault_share,14,26,capacity_14_minus_26,1,operational,128,-5.144680527167174e-06,4.201258699106624e-06,-1.3379147577416157e-05,3.089786523081809e-06,0.0,0.0,0.0,0.0,0.0,0.0,0.0,0,2,
58,direction_normalised_capacity_relief,empirical_crypto__joint_crypto_high_correlation,,debt_weighted_liquidated_vault_share,14,26,capacity_14_minus_26,-1,operational,128,5.144680527167174e-06,4.201258699106624e-06,-3.089786523081809e-06,1.3379147577416157e-05,0.0,0.0,-0.0,0.0,0.0,-0.0,0.015625,2,0,
59,raw_capacity_contrast,empirical_crypto__joint_crypto_high_correlation,,debt_weighted_liquidated_vault_share,26,45,capacity_26_minus_45,1,operational,128,0.0,0.0,0.0,0.0,0.0,0.0,0.0,0.0,0.0,0.0,0.0,0,0,
60,direction_normalised_capacity_relief,empirical_crypto__joint_crypto_high_correlation,,debt_weighted_liquidated_vault_share,26,45,capacity_26_minus_45,-1,operational,128,0.0,0.0,0.0,0.0,0.0,0.0,-0.0,0.0,0.0,-0.0,0.0,0,0,
61,raw_capacity_contrast,empirical_crypto__joint_crypto_high_correlation,,debt_weighted_liquidated_vault_share,14,45,capacity_14_minus_45,1,operational,128,-5.144680527167174e-06,4.201258699106624e-06,-1.3379147577416157e-05,3.089786523081809e-06,0.0,0.0,0.0,0.0,0.0,0.0,0.0,0,2,
62,direction_normalised_capacity_relief,empirical_crypto__joint_crypto_high_correlation,,debt_weighted_liquidated_vault_share,14,45,capacity_14_minus_45,-1,operational,128,5.144680527167174e-06,4.201258699106624e-06,-3.089786523081809e-06,1.3379147577416157e-05,0.0,0.0,-0.0,0.0,0.0,-0.0,0.015625,2,0,
63,monotonicity_classification,empirical_crypto__joint_crypto_high_correlation,,debt_weighted_liquidated_vault_share,14,45,capacity_14_minus_45,-1,operational,128,5.144680527167174e-06,4.201258699106624e-06,-3.089786523081809e-06,1.3379147577416157e-05,0.0,0.0,-0.0,0.0,0.0,-0.0,0.015625,2,0,no_capacity_effect
64,raw_capacity_contrast,empirical_crypto__joint_crypto_high_correlation,,hours_with_positive_unresolved_backlog,14,26,capacity_14_minus_26,1,operational,128,0.03125,0.03125,-0.03,0.0925,0.0,0.0,0.0,0.0,0.0,0.0,0.0078125,1,0,
65,direction_normalised_capacity_relief,empirical_crypto__joint_crypto_high_correlation,,hours_with_positive_unresolved_backlog,14,26,capacity_14_minus_26,1,operational,128,0.03125,0.03125,-0.03,0.0925,0.0,0.0,0.0,0.0,0.0,0.0,0.0078125,1,0,
66,raw_capacity_contrast,empirical_crypto__joint_crypto_high_correlation,,hours_with_positive_unresolved_backlog,26,45,capacity_26_minus_45,1,operational,128,0.0,0.0,0.0,0.0,0.0,0.0,0.0,0.0,0.0,0.0,0.0,0,0,
67,direction_normalised_capacity_relief,empirical_crypto__joint_crypto_high_correlation,,hours_with_positive_unresolved_backlog,26,45,capacity_26_minus_45,1,operational,128,0.0,0.0,0.0,0.0,0.0,0.0,0.0,0.0,0.0,0.0,0.0,0,0,
68,raw_capacity_contrast,empirical_crypto__joint_crypto_high_correlation,,hours_with_positive_unresolved_backlog,14,45,capacity_14_minus_45,1,operational,128,0.03125,0.03125,-0.03,0.0925,0.0,0.0,0.0,0.0,0.0,0.0,0.0078125,1,0,
69,direction_normalised_capacity_relief,empirical_crypto__joint_crypto_high_correlation,,hours_with_positive_unresolved_backlog,14,45,capacity_14_minus_45,1,operational,128,0.03125,0.03125,-0.03,0.0925,0.0,0.0,0.0,0.0,0.0,0.0,0.0078125,1,0,
70,monotonicity_classification,empirical_crypto__joint_crypto_high_correlation,,hours_with_positive_unresolved_backlog,14,45,capacity_14_minus_45,1,operational,128,0.03125,0.03125,-0.03,0.0925,0.0,0.0,0.0,0.0,0.0,0.0,0.0078125,1,0,no_capacity_effect
71,raw_capacity_contrast,empirical_crypto__joint_crypto_high_correlation,,capacity_binding_hours,14,26,capacity_14_minus_26,1,operational,128,0.125,0.039992617428956774,0.04661446983924472,0.20338553016075528,0.0,0.0,0.0,0.0,0.0,1.0,0.0859375,11,0,
72,direction_normalised_capacity_relief,empirical_crypto__joint_crypto_high_correlation,,capacity_binding_hours,14,26,capacity_14_minus_26,1,operational,128,0.125,0.039992617428956774,0.04661446983924472,0.20338553016075528,0.0,0.0,0.0,0.0,0.0,1.0,0.0859375,11,0,
73,raw_capacity_contrast,empirical_crypto__joint_crypto_high_correlation,,capacity_binding_hours,26,45,capacity_26_minus_45,1,operational,128,0.0234375,0.013424675715302162,-0.002874864401992236,0.049749864401992236,0.0,0.0,0.0,0.0,0.0,0.0,0.0234375,3,0,
74,direction_normalised_capacity_relief,empirical_crypto__joint_crypto_high_correlation,,capacity_binding_hours,26,45,capacity_26_minus_45,1,operational,128,0.0234375,0.013424675715302162,-0.002874864401992236,0.049749864401992236,0.0,0.0,0.0,0.0,0.0,0.0,0.0234375,3,0,
75,raw_capacity_contrast,empirical_crypto__joint_crypto_high_correlation,,capacity_binding_hours,14,45,capacity_14_minus_45,1,operational,128,0.1484375,0.04846289339454733,0.05345022894668723,0.24342477105331278,0.0,0.0,0.0,0.0,0.0,1.0,0.0859375,11,0,
76,direction_normalised_capacity_relief,empirical_crypto__joint_crypto_high_correlation,,capacity_binding_hours,14,45,capacity_14_minus_45,1,operational,128,0.1484375,0.04846289339454733,0.05345022894668723,0.24342477105331278,0.0,0.0,0.0,0.0,0.0,1.0,0.0859375,11,0,
77,monotonicity_classification,empirical_crypto__joint_crypto_high_correlation,,capacity_binding_hours,14,45,capacity_14_minus_45,1,operational,128,0.1484375,0.04846289339454733,0.05345022894668723,0.24342477105331278,0.0,0.0,0.0,0.0,0.0,1.0,0.0859375,11,0,threshold_relief
78,raw_capacity_contrast,empirical_crypto__joint_crypto_high_correlation,,mean_capacity_utilisation,14,26,capacity_14_minus_26,1,operational,128,0.0009999928456959706,0.00018737342628037556,0.0006327409301864345,0.0013672447612055067,0.00013736263736263734,0.0,0.0,0.0009844322344322342,0.0026053113553113545,0.004776404151404148,0.609375,78,0,
79,direction_normalised_capacity_relief,empirical_crypto__joint_crypto_high_correlation,,mean_capacity_utilisation,14,26,capacity_14_minus_26,1,operational,128,0.0009999928456959706,0.00018737342628037556,0.0006327409301864345,0.0013672447612055067,0.00013736263736263734,0.0,0.0,0.0009844322344322342,0.0026053113553113545,0.004776404151404148,0.609375,78,0,
80,raw_capacity_contrast,empirical_crypto__joint_crypto_high_correlation,,mean_capacity_utilisation,26,45,capacity_26_minus_45,1,operational,128,0.0005123011633428301,9.765161118347807e-05,0.0003209040054232131,0.0007036983212624471,6.766381766381767e-05,0.0,0.0,0.0004849240265906934,0.001283357075023741,0.0024280033238366573,0.609375,78,0,
81,direction_normalised_capacity_relief,empirical_crypto__joint_crypto_high_correlation,,mean_capacity_utilisation,26,45,capacity_26_minus_45,1,operational,128,0.0005123011633428301,9.765161118347807e-05,0.0003209040054232131,0.0007036983212624471,6.766381766381767e-05,0.0,0.0,0.0004849240265906934,0.001283357075023741,0.0024280033238366573,0.609375,78,0,
82,raw_capacity_contrast,empirical_crypto__joint_crypto_high_correlation,,mean_capacity_utilisation,14,45,capacity_14_minus_45,1,operational,128,0.0015122940090388005,0.0002848844372384362,0.0009539205120514655,0.0020706675060261355,0.00020502645502645502,0.0,0.0,0.0014693562610229277,0.0038886684303350958,0.007197641093474424,0.609375,78,0,
83,direction_normalised_capacity_relief,empirical_crypto__joint_crypto_high_correlation,,mean_capacity_utilisation,14,45,capacity_14_minus_45,1,operational,128,0.0015122940090388005,0.0002848844372384362,0.0009539205120514655,0.0020706675060261355,0.00020502645502645502,0.0,0.0,0.0014693562610229277,0.0038886684303350958,0.007197641093474424,0.609375,78,0,
84,monotonicity_classification,empirical_crypto__joint_crypto_high_correlation,,mean_capacity_utilisation,14,45,capacity_14_minus_45,1,operational,128,0.0015122940090388005,0.0002848844372384362,0.0009539205120514655,0.0020706675060261355,0.00020502645502645502,0.0,0.0,0.0014693562610229277,0.0038886684303350958,0.007197641093474424,0.609375,78,0,monotonic_relief
85,raw_capacity_contrast,empirical_crypto__joint_crypto_high_correlation,,maximum_capacity_utilisation,14,26,capacity_14_minus_26,1,operational,128,0.10581215659340659,0.011554186444424982,0.08316595116233363,0.12845836202447955,0.03296703296703296,0.0,0.0,0.19780219780219777,0.32967032967032966,0.3626373626373626,0.5859375,75,0,
86,direction_normalised_capacity_relief,empirical_crypto__joint_crypto_high_correlation,,maximum_capacity_utilisation,14,26,capacity_14_minus_26,1,operational,128,0.10581215659340659,0.011554186444424982,0.08316595116233363,0.12845836202447955,0.03296703296703296,0.0,0.0,0.19780219780219777,0.32967032967032966,0.3626373626373626,0.5859375,75,0,
87,raw_capacity_contrast,empirical_crypto__joint_crypto_high_correlation,,maximum_capacity_utilisation,26,45,capacity_26_minus_45,1,operational,128,0.06906383547008547,0.008263134081757514,0.052868092669840744,0.0852595782703302,0.024358974358974363,0.0,0.0,0.11367521367521366,0.21111111111111114,0.2760683760683761,0.609375,78,0,
88,direction_normalised_capacity_relief,empirical_crypto__joint_crypto_high_correlation,,maximum_capacity_utilisation,26,45,capacity_26_minus_45,1,operational,128,0.06906383547008547,0.008263134081757514,0.052868092669840744,0.0852595782703302,0.024358974358974363,0.0,0.0,0.11367521367521366,0.21111111111111114,0.2760683760683761,0.609375,78,0,
89,raw_capacity_contrast,empirical_crypto__joint_crypto_high_correlation,,maximum_capacity_utilisation,14,45,capacity_14_minus_45,1,operational,128,0.17487599206349208,0.018507601471731933,0.1386010931788975,0.21115089094808667,0.0738095238095238,0.0,0.0,0.34444444444444444,0.5412698412698412,0.6222222222222222,0.609375,78,0,
90,direction_normalised_capacity_relief,empirical_crypto__joint_crypto_high_correlation,,maximum_capacity_utilisation,14,45,capacity_14_minus_45,1,operational,128,0.17487599206349208,0.018507601471731933,0.1386010931788975,0.21115089094808667,0.0738095238095238,0.0,0.0,0.34444444444444444,0.5412698412698412,0.6222222222222222,0.609375,78,0,
91,monotonicity_classification,empirical_crypto__joint_crypto_high_correlation,,maximum_capacity_utilisation,14,45,capacity_14_minus_45,1,operational,128,0.17487599206349208,0.018507601471731933,0.1386010931788975,0.21115089094808667,0.0738095238095238,0.0,0.0,0.34444444444444444,0.5412698412698412,0.6222222222222222,0.609375,78,0,monotonic_relief
92,raw_capacity_contrast,empirical_crypto__joint_crypto_high_correlation,,mean_positive_demand_utilisation,14,26,capacity_14_minus_26,1,operational,128,0.049527087775969814,0.00448578307313641,0.04073495295262245,0.058319222599317176,0.03479853479853476,0.0,0.0,0.08300627943485084,0.11868131868131865,0.14131113984055152,0.609375,78,0,
93,direction_normalised_capacity_relief,empirical_crypto__joint_crypto_high_correlation,,mean_positive_demand_utilisation,14,26,capacity_14_minus_26,1,operational,128,0.049527087775969814,0.00448578307313641,0.04073495295262245,0.058319222599317176,0.03479853479853476,0.0,0.0,0.08300627943485084,0.11868131868131865,0.14131113984055152,0.609375,78,0,
94,raw_capacity_contrast,empirical_crypto__joint_crypto_high_correlation,,mean_positive_demand_utilisation,26,45,capacity_26_minus_45,1,operational,128,0.025721394933094034,0.0024246957688322927,0.02096899122618274,0.03047379864000533,0.017254273504273505,0.0,0.0,0.043532547699214365,0.06292735042735044,0.07652777777777772,0.609375,78,0,
95,direction_normalised_capacity_relief,empirical_crypto__joint_crypto_high_correlation,,mean_positive_demand_utilisation,26,45,capacity_26_minus_45,1,operational,128,0.025721394933094034,0.0024246957688322927,0.02096899122618274,0.03047379864000533,0.017254273504273505,0.0,0.0,0.043532547699214365,0.06292735042735044,0.07652777777777772,0.609375,78,0,
96,raw_capacity_contrast,empirical_crypto__joint_crypto_high_correlation,,mean_positive_demand_utilisation,14,45,capacity_14_minus_45,1,operational,128,0.07524848270906385,0.006790235039562375,0.061939622031521605,0.0885573433866061,0.052281746031746026,0.0,0.0,0.12798066595059074,0.18042172424525363,0.2137433862433862,0.609375,78,0,
97,direction_normalised_capacity_relief,empirical_crypto__joint_crypto_high_correlation,,mean_positive_demand_utilisation,14,45,capacity_14_minus_45,1,operational,128,0.07524848270906385,0.006790235039562375,0.061939622031521605,0.0885573433866061,0.052281746031746026,0.0,0.0,0.12798066595059074,0.18042172424525363,0.2137433862433862,0.609375,78,0,
98,monotonicity_classification,empirical_crypto__joint_crypto_high_correlation,,mean_positive_demand_utilisation,14,45,capacity_14_minus_45,1,operational,128,0.07524848270906385,0.006790235039562375,0.061939622031521605,0.0885573433866061,0.052281746031746026,0.0,0.0,0.12798066595059074,0.18042172424525363,0.2137433862433862,0.609375,78,0,monotonic_relief
99,raw_capacity_contrast,empirical_crypto__joint_crypto_high_correlation,,positive_demand_binding_share,14,26,capacity_14_minus_26,1,operational,128,0.0062934245246067996,0.002349418567885595,0.0016885641315510331,0.010898284917662565,0.0,0.0,0.0,0.0,0.0,0.0392156862745098,0.0859375,11,0,
100,direction_normalised_capacity_relief,empirical_crypto__joint_crypto_high_correlation,,positive_demand_binding_share,14,26,capacity_14_minus_26,1,operational,128,0.0062934245246067996,0.002349418567885595,0.0016885641315510331,0.010898284917662565,0.0,0.0,0.0,0.0,0.0,0.0392156862745098,0.0859375,11,0,
101,raw_capacity_contrast,empirical_crypto__joint_crypto_high_correlation,,positive_demand_binding_share,26,45,capacity_26_minus_45,1,operational,128,0.00042474376114081996,0.0002449554167062995,-5.536885560352702e-05,0.000904856377885167,0.0,0.0,0.0,0.0,0.0,0.0,0.0234375,3,0,
102,direction_normalised_capacity_relief,empirical_crypto__joint_crypto_high_correlation,,positive_demand_binding_share,26,45,capacity_26_minus_45,1,operational,128,0.00042474376114081996,0.0002449554167062995,-5.536885560352702e-05,0.000904856377885167,0.0,0.0,0.0,0.0,0.0,0.0,0.0234375,3,0,
103,raw_capacity_contrast,empirical_crypto__joint_crypto_high_correlation,,positive_demand_binding_share,14,45,capacity_14_minus_45,1,operational,128,0.00671816828574762,0.0023989842458312493,0.002016159163918372,0.011420177407576868,0.0,0.0,0.0,0.0,0.0,0.055921052631578906,0.0859375,11,0,
104,direction_normalised_capacity_relief,empirical_crypto__joint_crypto_high_correlation,,positive_demand_binding_share,14,45,capacity_14_minus_45,1,operational,128,0.00671816828574762,0.0023989842458312493,0.002016159163918372,0.011420177407576868,0.0,0.0,0.0,0.0,0.0,0.055921052631578906,0.0859375,11,0,
105,monotonicity_classification,empirical_crypto__joint_crypto_high_correlation,,positive_demand_binding_share,14,45,capacity_14_minus_45,1,operational,128,0.00671816828574762,0.0023989842458312493,0.002016159163918372,0.011420177407576868,0.0,0.0,0.0,0.0,0.0,0.055921052631578906,0.0859375,11,0,threshold_relief
106,raw_capacity_contrast,empirical_crypto__joint_crypto_high_correlation,,all_hour_binding_share,14,26,capacity_14_minus_26,1,operational,128,0.0001736111111111111,5.5545301984662195e-05,6.474231922117319e-05,0.000282479903001049,0.0,0.0,0.0,0.0,0.0,0.001388888888888889,0.0859375,11,0,
107,direction_normalised_capacity_relief,empirical_crypto__joint_crypto_high_correlation,,all_hour_binding_share,14,26,capacity_14_minus_26,1,operational,128,0.0001736111111111111,5.5545301984662195e-05,6.474231922117319e-05,0.000282479903001049,0.0,0.0,0.0,0.0,0.0,0.001388888888888889,0.0859375,11,0,
108,raw_capacity_contrast,empirical_crypto__joint_crypto_high_correlation,,all_hour_binding_share,26,45,capacity_26_minus_45,1,operational,128,3.255208333333333e-05,1.8645382937919667e-05,-3.992867224989213e-06,6.909703389165587e-05,0.0,0.0,0.0,0.0,0.0,0.0,0.0234375,3,0,
109,direction_normalised_capacity_relief,empirical_crypto__joint_crypto_high_correlation,,all_hour_binding_share,26,45,capacity_26_minus_45,1,operational,128,3.255208333333333e-05,1.8645382937919667e-05,-3.992867224989213e-06,6.909703389165587e-05,0.0,0.0,0.0,0.0,0.0,0.0,0.0234375,3,0,
110,raw_capacity_contrast,empirical_crypto__joint_crypto_high_correlation,,all_hour_binding_share,14,45,capacity_14_minus_45,1,operational,128,0.00020616319444444444,6.730957415909352e-05,7.423642909262115e-05,0.0003380899597962677,0.0,0.0,0.0,0.0,0.0,0.001388888888888889,0.0859375,11,0,
111,direction_normalised_capacity_relief,empirical_crypto__joint_crypto_high_correlation,,all_hour_binding_share,14,45,capacity_14_minus_45,1,operational,128,0.00020616319444444444,6.730957415909352e-05,7.423642909262115e-05,0.0003380899597962677,0.0,0.0,0.0,0.0,0.0,0.001388888888888889,0.0859375,11,0,
112,monotonicity_classification,empirical_crypto__joint_crypto_high_correlation,,all_hour_binding_share,14,45,capacity_14_minus_45,1,operational,128,0.00020616319444444444,6.730957415909352e-05,7.423642909262115e-05,0.0003380899597962677,0.0,0.0,0.0,0.0,0.0,0.001388888888888889,0.0859375,11,0,threshold_relief
113,raw_capacity_contrast,empirical_crypto__joint_crypto_high_correlation,,unused_capacity_positive_demand_hours,14,26,capacity_14_minus_26,1,operational,128,-93.1328125,17.538215343297413,-127.50771457286294,-58.75791042713707,-24.0,-544.9499999999999,-96.0,0.0,0.0,0.0,0.0,0,78,
114,direction_normalised_capacity_relief,empirical_crypto__joint_crypto_high_correlation,,unused_capacity_positive_demand_hours,14,26,capacity_14_minus_26,1,operational,128,-93.1328125,17.538215343297413,-127.50771457286294,-58.75791042713707,-24.0,-544.9499999999999,-96.0,0.0,0.0,0.0,0.0,0,78,
115,raw_capacity_contrast,empirical_crypto__joint_crypto_high_correlation,,unused_capacity_positive_demand_hours,26,45,capacity_26_minus_45,1,operational,128,-148.4453125,27.901528654433115,-203.1323086626889,-93.7583163373111,-38.0,-875.3999999999999,-152.0,0.0,0.0,0.0,0.0,0,78,
116,direction_normalised_capacity_relief,empirical_crypto__joint_crypto_high_correlation,,unused_capacity_positive_demand_hours,26,45,capacity_26_minus_45,1,operational,128,-148.4453125,27.901528654433115,-203.1323086626889,-93.7583163373111,-38.0,-875.3999999999999,-152.0,0.0,0.0,0.0,0.0,0,78,
117,raw_capacity_contrast,empirical_crypto__joint_crypto_high_correlation,,unused_capacity_positive_demand_hours,14,45,capacity_14_minus_45,1,operational,128,-241.578125,45.43855986505419,-330.6377023355062,-152.51854766449378,-62.0,-1420.35,-248.0,0.0,0.0,0.0,0.0,0,78,
118,direction_normalised_capacity_relief,empirical_crypto__joint_crypto_high_correlation,,unused_capacity_positive_demand_hours,14,45,capacity_14_minus_45,1,operational,128,-241.578125,45.43855986505419,-330.6377023355062,-152.51854766449378,-62.0,-1420.35,-248.0,0.0,0.0,0.0,0.0,0,78,
119,monotonicity_classification,empirical_crypto__joint_crypto_high_correlation,,unused_capacity_positive_demand_hours,14,45,capacity_14_minus_45,1,operational,128,-241.578125,45.43855986505419,-330.6377023355062,-152.51854766449378,-62.0,-1420.35,-248.0,0.0,0.0,0.0,0.0,0,78,capacity_effect_adverse
120,raw_capacity_contrast,empirical_crypto__joint_crypto_high_correlation,,realised_bad_debt_share,14,26,capacity_14_minus_26,1,degenerate,128,0.0,0.0,0.0,0.0,0.0,0.0,0.0,0.0,0.0,0.0,0.0,0,0,
121,direction_normalised_capacity_relief,empirical_crypto__joint_crypto_high_correlation,,realised_bad_debt_share,14,26,capacity_14_minus_26,1,degenerate,128,0.0,0.0,0.0,0.0,0.0,0.0,0.0,0.0,0.0,0.0,0.0,0,0,
122,raw_capacity_contrast,empirical_crypto__joint_crypto_high_correlation,,realised_bad_debt_share,26,45,capacity_26_minus_45,1,degenerate,128,0.0,0.0,0.0,0.0,0.0,0.0,0.0,0.0,0.0,0.0,0.0,0,0,
123,direction_normalised_capacity_relief,empirical_crypto__joint_crypto_high_correlation,,realised_bad_debt_share,26,45,capacity_26_minus_45,1,degenerate,128,0.0,0.0,0.0,0.0,0.0,0.0,0.0,0.0,0.0,0.0,0.0,0,0,
124,raw_capacity_contrast,empirical_crypto__joint_crypto_high_correlation,,realised_bad_debt_share,14,45,capacity_14_minus_45,1,degenerate,128,0.0,0.0,0.0,0.0,0.0,0.0,0.0,0.0,0.0,0.0,0.0,0,0,
125,direction_normalised_capacity_relief,empirical_crypto__joint_crypto_high_correlation,,realised_bad_debt_share,14,45,capacity_14_minus_45,1,degenerate,128,0.0,0.0,0.0,0.0,0.0,0.0,0.0,0.0,0.0,0.0,0.0,0,0,
126,monotonicity_classification,empirical_crypto__joint_crypto_high_correlation,,realised_bad_debt_share,14,45,capacity_14_minus_45,1,degenerate,128,0.0,0.0,0.0,0.0,0.0,0.0,0.0,0.0,0.0,0.0,0.0,0,0,not_operational
127,raw_capacity_contrast,empirical_crypto__joint_crypto_high_correlation,,positive_realised_bad_debt,14,26,capacity_14_minus_26,1,degenerate,128,0.0,0.0,0.0,0.0,0.0,0.0,0.0,0.0,0.0,0.0,0.0,0,0,
128,direction_normalised_capacity_relief,empirical_crypto__joint_crypto_high_correlation,,positive_realised_bad_debt,14,26,capacity_14_minus_26,1,degenerate,128,0.0,0.0,0.0,0.0,0.0,0.0,0.0,0.0,0.0,0.0,0.0,0,0,
129,raw_capacity_contrast,empirical_crypto__joint_crypto_high_correlation,,positive_realised_bad_debt,26,45,capacity_26_minus_45,1,degenerate,128,0.0,0.0,0.0,0.0,0.0,0.0,0.0,0.0,0.0,0.0,0.0,0,0,
130,direction_normalised_capacity_relief,empirical_crypto__joint_crypto_high_correlation,,positive_realised_bad_debt,26,45,capacity_26_minus_45,1,degenerate,128,0.0,0.0,0.0,0.0,0.0,0.0,0.0,0.0,0.0,0.0,0.0,0,0,
131,raw_capacity_contrast,empirical_crypto__joint_crypto_high_correlation,,positive_realised_bad_debt,14,45,capacity_14_minus_45,1,degenerate,128,0.0,0.0,0.0,0.0,0.0,0.0,0.0,0.0,0.0,0.0,0.0,0,0,
132,direction_normalised_capacity_relief,empirical_crypto__joint_crypto_high_correlation,,positive_realised_bad_debt,14,45,capacity_14_minus_45,1,degenerate,128,0.0,0.0,0.0,0.0,0.0,0.0,0.0,0.0,0.0,0.0,0.0,0,0,
133,monotonicity_classification,empirical_crypto__joint_crypto_high_correlation,,positive_realised_bad_debt,14,45,capacity_14_minus_45,1,degenerate,128,0.0,0.0,0.0,0.0,0.0,0.0,0.0,0.0,0.0,0.0,0.0,0,0,not_operational
134,raw_capacity_contrast,empirical_crypto__joint_crypto_high_correlation,,terminal_active_bad_debt_share,14,26,capacity_14_minus_26,1,degenerate,128,0.0,0.0,0.0,0.0,0.0,0.0,0.0,0.0,0.0,0.0,0.0,0,0,
135,direction_normalised_capacity_relief,empirical_crypto__joint_crypto_high_correlation,,terminal_active_bad_debt_share,14,26,capacity_14_minus_26,1,degenerate,128,0.0,0.0,0.0,0.0,0.0,0.0,0.0,0.0,0.0,0.0,0.0,0,0,
136,raw_capacity_contrast,empirical_crypto__joint_crypto_high_correlation,,terminal_active_bad_debt_share,26,45,capacity_26_minus_45,1,degenerate,128,0.0,0.0,0.0,0.0,0.0,0.0,0.0,0.0,0.0,0.0,0.0,0,0,
137,direction_normalised_capacity_relief,empirical_crypto__joint_crypto_high_correlation,,terminal_active_bad_debt_share,26,45,capacity_26_minus_45,1,degenerate,128,0.0,0.0,0.0,0.0,0.0,0.0,0.0,0.0,0.0,0.0,0.0,0,0,
138,raw_capacity_contrast,empirical_crypto__joint_crypto_high_correlation,,terminal_active_bad_debt_share,14,45,capacity_14_minus_45,1,degenerate,128,0.0,0.0,0.0,0.0,0.0,0.0,0.0,0.0,0.0,0.0,0.0,0,0,
139,direction_normalised_capacity_relief,empirical_crypto__joint_crypto_high_correlation,,terminal_active_bad_debt_share,14,45,capacity_14_minus_45,1,degenerate,128,0.0,0.0,0.0,0.0,0.0,0.0,0.0,0.0,0.0,0.0,0.0,0,0,
140,monotonicity_classification,empirical_crypto__joint_crypto_high_correlation,,terminal_active_bad_debt_share,14,45,capacity_14_minus_45,1,degenerate,128,0.0,0.0,0.0,0.0,0.0,0.0,0.0,0.0,0.0,0.0,0.0,0,0,not_operational
141,raw_capacity_contrast,empirical_crypto__joint_crypto_high_correlation,,below_peg_burden,14,26,capacity_14_minus_26,1,operational,128,0.0,0.0,0.0,0.0,0.0,0.0,0.0,0.0,0.0,0.0,0.0,0,0,
142,direction_normalised_capacity_relief,empirical_crypto__joint_crypto_high_correlation,,below_peg_burden,14,26,capacity_14_minus_26,1,operational,128,0.0,0.0,0.0,0.0,0.0,0.0,0.0,0.0,0.0,0.0,0.0,0,0,
143,raw_capacity_contrast,empirical_crypto__joint_crypto_high_correlation,,below_peg_burden,26,45,capacity_26_minus_45,1,operational,128,0.0,0.0,0.0,0.0,0.0,0.0,0.0,0.0,0.0,0.0,0.0,0,0,
144,direction_normalised_capacity_relief,empirical_crypto__joint_crypto_high_correlation,,below_peg_burden,26,45,capacity_26_minus_45,1,operational,128,0.0,0.0,0.0,0.0,0.0,0.0,0.0,0.0,0.0,0.0,0.0,0,0,
145,raw_capacity_contrast,empirical_crypto__joint_crypto_high_correlation,,below_peg_burden,14,45,capacity_14_minus_45,1,operational,128,0.0,0.0,0.0,0.0,0.0,0.0,0.0,0.0,0.0,0.0,0.0,0,0,
146,direction_normalised_capacity_relief,empirical_crypto__joint_crypto_high_correlation,,below_peg_burden,14,45,capacity_14_minus_45,1,operational,128,0.0,0.0,0.0,0.0,0.0,0.0,0.0,0.0,0.0,0.0,0.0,0,0,
147,monotonicity_classification,empirical_crypto__joint_crypto_high_correlation,,below_peg_burden,14,45,capacity_14_minus_45,1,operational,128,0.0,0.0,0.0,0.0,0.0,0.0,0.0,0.0,0.0,0.0,0.0,0,0,no_capacity_effect
148,raw_capacity_contrast,empirical_crypto__joint_crypto_high_correlation,,mean_absolute_peg_deviation,14,26,capacity_14_minus_26,1,operational,128,0.0,0.0,0.0,0.0,0.0,0.0,0.0,0.0,0.0,0.0,0.0,0,0,
149,direction_normalised_capacity_relief,empirical_crypto__joint_crypto_high_correlation,,mean_absolute_peg_deviation,14,26,capacity_14_minus_26,1,operational,128,0.0,0.0,0.0,0.0,0.0,0.0,0.0,0.0,0.0,0.0,0.0,0,0,
150,raw_capacity_contrast,empirical_crypto__joint_crypto_high_correlation,,mean_absolute_peg_deviation,26,45,capacity_26_minus_45,1,operational,128,0.0,0.0,0.0,0.0,0.0,0.0,0.0,0.0,0.0,0.0,0.0,0,0,
151,direction_normalised_capacity_relief,empirical_crypto__joint_crypto_high_correlation,,mean_absolute_peg_deviation,26,45,capacity_26_minus_45,1,operational,128,0.0,0.0,0.0,0.0,0.0,0.0,0.0,0.0,0.0,0.0,0.0,0,0,
152,raw_capacity_contrast,empirical_crypto__joint_crypto_high_correlation,,mean_absolute_peg_deviation,14,45,capacity_14_minus_45,1,operational,128,0.0,0.0,0.0,0.0,0.0,0.0,0.0,0.0,0.0,0.0,0.0,0,0,
153,direction_normalised_capacity_relief,empirical_crypto__joint_crypto_high_correlation,,mean_absolute_peg_deviation,14,45,capacity_14_minus_45,1,operational,128,0.0,0.0,0.0,0.0,0.0,0.0,0.0,0.0,0.0,0.0,0.0,0,0,
154,monotonicity_classification,empirical_crypto__joint_crypto_high_correlation,,mean_absolute_peg_deviation,14,45,capacity_14_minus_45,1,operational,128,0.0,0.0,0.0,0.0,0.0,0.0,0.0,0.0,0.0,0.0,0.0,0,0,no_capacity_effect
155,raw_capacity_contrast,empirical_crypto__joint_crypto_high_correlation,,minimum_dai_price,14,26,capacity_14_minus_26,1,operational,128,0.0,0.0,0.0,0.0,0.0,0.0,0.0,0.0,0.0,0.0,0.0,0,0,
156,direction_normalised_capacity_relief,empirical_crypto__joint_crypto_high_correlation,,minimum_dai_price,14,26,capacity_14_minus_26,-1,operational,128,0.0,0.0,0.0,0.0,0.0,0.0,-0.0,0.0,0.0,-0.0,0.0,0,0,
157,raw_capacity_contrast,empirical_crypto__joint_crypto_high_correlation,,minimum_dai_price,26,45,capacity_26_minus_45,1,operational,128,0.0,0.0,0.0,0.0,0.0,0.0,0.0,0.0,0.0,0.0,0.0,0,0,
158,direction_normalised_capacity_relief,empirical_crypto__joint_crypto_high_correlation,,minimum_dai_price,26,45,capacity_26_minus_45,-1,operational,128,0.0,0.0,0.0,0.0,0.0,0.0,-0.0,0.0,0.0,-0.0,0.0,0,0,
159,raw_capacity_contrast,empirical_crypto__joint_crypto_high_correlation,,minimum_dai_price,14,45,capacity_14_minus_45,1,operational,128,0.0,0.0,0.0,0.0,0.0,0.0,0.0,0.0,0.0,0.0,0.0,0,0,
160,direction_normalised_capacity_relief,empirical_crypto__joint_crypto_high_correlation,,minimum_dai_price,14,45,capacity_14_minus_45,-1,operational,128,0.0,0.0,0.0,0.0,0.0,0.0,-0.0,0.0,0.0,-0.0,0.0,0,0,
161,monotonicity_classification,empirical_crypto__joint_crypto_high_correlation,,minimum_dai_price,14,45,capacity_14_minus_45,-1,operational,128,0.0,0.0,0.0,0.0,0.0,0.0,-0.0,0.0,0.0,-0.0,0.0,0,0,no_capacity_effect
162,raw_capacity_contrast,empirical_crypto__joint_crypto_high_correlation,,restricted_mean_recovery_time,14,26,capacity_14_minus_26,1,operational,128,0.0,0.0,0.0,0.0,0.0,0.0,0.0,0.0,0.0,0.0,0.0,0,0,
163,direction_normalised_capacity_relief,empirical_crypto__joint_crypto_high_correlation,,restricted_mean_recovery_time,14,26,capacity_14_minus_26,1,operational,128,0.0,0.0,0.0,0.0,0.0,0.0,0.0,0.0,0.0,0.0,0.0,0,0,
164,raw_capacity_contrast,empirical_crypto__joint_crypto_high_correlation,,restricted_mean_recovery_time,26,45,capacity_26_minus_45,1,operational,128,0.0,0.0,0.0,0.0,0.0,0.0,0.0,0.0,0.0,0.0,0.0,0,0,
165,direction_normalised_capacity_relief,empirical_crypto__joint_crypto_high_correlation,,restricted_mean_recovery_time,26,45,capacity_26_minus_45,1,operational,128,0.0,0.0,0.0,0.0,0.0,0.0,0.0,0.0,0.0,0.0,0.0,0,0,
166,raw_capacity_contrast,empirical_crypto__joint_crypto_high_correlation,,restricted_mean_recovery_time,14,45,capacity_14_minus_45,1,operational,128,0.0,0.0,0.0,0.0,0.0,0.0,0.0,0.0,0.0,0.0,0.0,0,0,
167,direction_normalised_capacity_relief,empirical_crypto__joint_crypto_high_correlation,,restricted_mean_recovery_time,14,45,capacity_14_minus_45,1,operational,128,0.0,0.0,0.0,0.0,0.0,0.0,0.0,0.0,0.0,0.0,0.0,0,0,
168,monotonicity_classification,empirical_crypto__joint_crypto_high_correlation,,restricted_mean_recovery_time,14,45,capacity_14_minus_45,1,operational,128,0.0,0.0,0.0,0.0,0.0,0.0,0.0,0.0,0.0,0.0,0.0,0,0,no_capacity_effect
169,raw_capacity_contrast,empirical_crypto__joint_crypto_high_correlation,,recovery_probability_720h,14,26,capacity_14_minus_26,1,degenerate,128,0.0,0.0,0.0,0.0,0.0,0.0,0.0,0.0,0.0,0.0,0.0,0,0,
170,direction_normalised_capacity_relief,empirical_crypto__joint_crypto_high_correlation,,recovery_probability_720h,14,26,capacity_14_minus_26,-1,degenerate,128,0.0,0.0,0.0,0.0,0.0,0.0,0.0,0.0,0.0,0.0,0.0,0,0,
171,raw_capacity_contrast,empirical_crypto__joint_crypto_high_correlation,,recovery_probability_720h,26,45,capacity_26_minus_45,1,degenerate,128,0.0,0.0,0.0,0.0,0.0,0.0,0.0,0.0,0.0,0.0,0.0,0,0,
172,direction_normalised_capacity_relief,empirical_crypto__joint_crypto_high_correlation,,recovery_probability_720h,26,45,capacity_26_minus_45,-1,degenerate,128,0.0,0.0,0.0,0.0,0.0,0.0,0.0,0.0,0.0,0.0,0.0,0,0,
173,raw_capacity_contrast,empirical_crypto__joint_crypto_high_correlation,,recovery_probability_720h,14,45,capacity_14_minus_45,1,degenerate,128,0.0,0.0,0.0,0.0,0.0,0.0,0.0,0.0,0.0,0.0,0.0,0,0,
174,direction_normalised_capacity_relief,empirical_crypto__joint_crypto_high_correlation,,recovery_probability_720h,14,45,capacity_14_minus_45,-1,degenerate,128,0.0,0.0,0.0,0.0,0.0,0.0,0.0,0.0,0.0,0.0,0.0,0,0,
175,monotonicity_classification,empirical_crypto__joint_crypto_high_correlation,,recovery_probability_720h,14,45,capacity_14_minus_45,-1,degenerate,128,0.0,0.0,0.0,0.0,0.0,0.0,0.0,0.0,0.0,0.0,0.0,0,0,not_operational
176,collateral_capacity_contrast,empirical_crypto__joint_crypto_high_correlation,ETH,initial_debt_exposure,14,26,capacity_14_minus_26,1,operational,128,0.0,0.0,0.0,0.0,0.0,0.0,0.0,0.0,0.0,0.0,0.0,0,0,
177,collateral_capacity_contrast,empirical_crypto__joint_crypto_high_correlation,ETH,initial_debt_exposure,26,45,capacity_26_minus_45,1,operational,128,0.0,0.0,0.0,0.0,0.0,0.0,0.0,0.0,0.0,0.0,0.0,0,0,
178,collateral_capacity_contrast,empirical_crypto__joint_crypto_high_correlation,ETH,initial_debt_exposure,14,45,capacity_14_minus_45,1,operational,128,0.0,0.0,0.0,0.0,0.0,0.0,0.0,0.0,0.0,0.0,0.0,0,0,
179,collateral_capacity_contrast,empirical_crypto__joint_crypto_high_correlation,ETH,eligible_liquidation_tab,14,26,capacity_14_minus_26,1,operational,128,0.0,0.0,0.0,0.0,0.0,0.0,0.0,0.0,0.0,0.0,0.0,0,0,
180,collateral_capacity_contrast,empirical_crypto__joint_crypto_high_correlation,ETH,eligible_liquidation_tab,26,45,capacity_26_minus_45,1,operational,128,0.0,0.0,0.0,0.0,0.0,0.0,0.0,0.0,0.0,0.0,0.0,0,0,
181,collateral_capacity_contrast,empirical_crypto__joint_crypto_high_correlation,ETH,eligible_liquidation_tab,14,45,capacity_14_minus_45,1,operational,128,0.0,0.0,0.0,0.0,0.0,0.0,0.0,0.0,0.0,0.0,0.0,0,0,
182,collateral_capacity_contrast,empirical_crypto__joint_crypto_high_correlation,ETH,candidate_count,14,26,capacity_14_minus_26,1,operational,128,4.8984375,2.6732728585110648,-0.3411773026816869,10.138052302681686,0.0,0.0,0.0,0.0,0.0,9.899999999999949,0.0703125,9,0,
183,collateral_capacity_contrast,empirical_crypto__joint_crypto_high_correlation,ETH,candidate_count,26,45,capacity_26_minus_45,1,operational,128,0.0,0.0,0.0,0.0,0.0,0.0,0.0,0.0,0.0,0.0,0.0,0,0,
184,collateral_capacity_contrast,empirical_crypto__joint_crypto_high_correlation,ETH,candidate_count,14,45,capacity_14_minus_45,1,operational,128,4.8984375,2.6732728585110648,-0.3411773026816869,10.138052302681686,0.0,0.0,0.0,0.0,0.0,9.899999999999949,0.0703125,9,0,
185,collateral_capacity_contrast,empirical_crypto__joint_crypto_high_correlation,ETH,profitability_filtered_count,14,26,capacity_14_minus_26,1,operational,128,3.203125,1.6623271687663355,-0.05503625078201724,6.461286250782017,0.0,0.0,0.0,0.0,0.0,6.0,0.0625,8,0,
186,collateral_capacity_contrast,empirical_crypto__joint_crypto_high_correlation,ETH,profitability_filtered_count,26,45,capacity_26_minus_45,1,operational,128,0.0,0.0,0.0,0.0,0.0,0.0,0.0,0.0,0.0,0.0,0.0,0,0,
187,collateral_capacity_contrast,empirical_crypto__joint_crypto_high_correlation,ETH,profitability_filtered_count,14,45,capacity_14_minus_45,1,operational,128,3.203125,1.6623271687663355,-0.05503625078201724,6.461286250782017,0.0,0.0,0.0,0.0,0.0,6.0,0.0625,8,0,
188,collateral_capacity_contrast,empirical_crypto__joint_crypto_high_correlation,ETH,selected_count,14,26,capacity_14_minus_26,1,operational,128,-0.4296875,0.22340962259328406,-0.8675703602828367,0.008195360282836739,0.0,-1.6499999999999995,0.0,0.0,0.0,0.0,0.0078125,1,8,
189,collateral_capacity_contrast,empirical_crypto__joint_crypto_high_correlation,ETH,selected_count,26,45,capacity_26_minus_45,1,operational,128,-0.140625,0.0977945624857111,-0.33230234247199375,0.05105234247199375,0.0,0.0,0.0,0.0,0.0,0.0,0.0,0,3,
190,collateral_capacity_contrast,empirical_crypto__joint_crypto_high_correlation,ETH,selected_count,14,45,capacity_14_minus_45,1,operational,128,-0.5703125,0.3000335434310788,-1.1583782451249145,0.017753245124914385,0.0,-1.6499999999999995,0.0,0.0,0.0,0.0,0.0078125,1,8,
191,collateral_capacity_contrast,empirical_crypto__joint_crypto_high_correlation,ETH,rejected_count,14,26,capacity_14_minus_26,1,operational,128,0.890625,0.3453206556114608,0.21379651500153685,1.5674534849984632,0.0,0.0,0.0,0.0,0.0,5.6499999999999915,0.0859375,11,0,
192,collateral_capacity_contrast,empirical_crypto__joint_crypto_high_correlation,ETH,rejected_count,26,45,capacity_26_minus_45,1,operational,128,0.140625,0.0977945624857111,-0.05105234247199375,0.33230234247199375,0.0,0.0,0.0,0.0,0.0,0.0,0.0234375,3,0,
193,collateral_capacity_contrast,empirical_crypto__joint_crypto_high_correlation,ETH,rejected_count,14,45,capacity_14_minus_45,1,operational,128,1.03125,0.4269953017269047,0.19433920861526677,1.8681607913847333,0.0,0.0,0.0,0.0,0.0,5.6499999999999915,0.0859375,11,0,
194,collateral_capacity_contrast,empirical_crypto__joint_crypto_high_correlation,ETH,successful_closure_count,14,26,capacity_14_minus_26,1,operational,128,-0.0703125,0.0629253183364698,-0.19364612393948083,0.053021123939480816,0.0,0.0,0.0,0.0,0.0,0.0,0.0,0,2,
195,collateral_capacity_contrast,empirical_crypto__joint_crypto_high_correlation,ETH,successful_closure_count,26,45,capacity_26_minus_45,1,operational,128,0.0,0.0,0.0,0.0,0.0,0.0,0.0,0.0,0.0,0.0,0.0,0,0,
196,collateral_capacity_contrast,empirical_crypto__joint_crypto_high_correlation,ETH,successful_closure_count,14,45,capacity_14_minus_45,1,operational,128,-0.0703125,0.0629253183364698,-0.19364612393948083,0.053021123939480816,0.0,0.0,0.0,0.0,0.0,0.0,0.0,0,2,
197,collateral_capacity_contrast,empirical_crypto__joint_crypto_high_correlation,ETH,liquidated_debt,14,26,capacity_14_minus_26,1,operational,128,-12.86170131791772,10.503146747766584,-33.44786894354023,7.724466307704784,0.0,0.0,0.0,0.0,0.0,0.0,0.015625,2,4,
198,collateral_capacity_contrast,empirical_crypto__joint_crypto_high_correlation,ETH,liquidated_debt,26,45,capacity_26_minus_45,1,operational,128,0.0,0.0,0.0,0.0,0.0,0.0,0.0,0.0,0.0,0.0,0.0,0,0,
199,collateral_capacity_contrast,empirical_crypto__joint_crypto_high_correlation,ETH,liquidated_debt,14,45,capacity_14_minus_45,1,operational,128,-12.86170131791772,10.503146747766584,-33.44786894354023,7.724466307704784,0.0,0.0,0.0,0.0,0.0,0.0,0.015625,2,4,
200,collateral_capacity_contrast,empirical_crypto__joint_crypto_high_correlation,ETH,terminal_unresolved_tab,14,26,capacity_14_minus_26,1,operational,128,0.0,0.0,0.0,0.0,0.0,0.0,0.0,0.0,0.0,0.0,0.0,0,0,
201,collateral_capacity_contrast,empirical_crypto__joint_crypto_high_correlation,ETH,terminal_unresolved_tab,26,45,capacity_26_minus_45,1,operational,128,0.0,0.0,0.0,0.0,0.0,0.0,0.0,0.0,0.0,0.0,0.0,0,0,
202,collateral_capacity_contrast,empirical_crypto__joint_crypto_high_correlation,ETH,terminal_unresolved_tab,14,45,capacity_14_minus_45,1,operational,128,0.0,0.0,0.0,0.0,0.0,0.0,0.0,0.0,0.0,0.0,0.0,0,0,
203,collateral_capacity_contrast,empirical_crypto__joint_crypto_high_correlation,ETH,backlog_area,14,26,capacity_14_minus_26,1,operational,128,1189.5956319158267,591.542026962489,30.173259069348433,2349.0180047623053,0.0,0.0,0.0,0.0,0.0,1962.729501191119,0.0703125,9,0,
204,collateral_capacity_contrast,empirical_crypto__joint_crypto_high_correlation,ETH,backlog_area,26,45,capacity_26_minus_45,1,operational,128,0.0,0.0,0.0,0.0,0.0,0.0,0.0,0.0,0.0,0.0,0.0,0,0,
205,collateral_capacity_contrast,empirical_crypto__joint_crypto_high_correlation,ETH,backlog_area,14,45,capacity_14_minus_45,1,operational,128,1189.5956319158267,591.542026962489,30.173259069348433,2349.0180047623053,0.0,0.0,0.0,0.0,0.0,1962.729501191119,0.0703125,9,0,
206,collateral_capacity_contrast,empirical_crypto__joint_crypto_high_correlation,ETH,maximum_backlog,14,26,capacity_14_minus_26,1,operational,128,2.365154230513724,1.8104441240333196,-1.1833162525915824,5.913624713619031,0.0,0.0,0.0,0.0,0.0,0.0,0.015625,2,0,
207,collateral_capacity_contrast,empirical_crypto__joint_crypto_high_correlation,ETH,maximum_backlog,26,45,capacity_26_minus_45,1,operational,128,0.0,0.0,0.0,0.0,0.0,0.0,0.0,0.0,0.0,0.0,0.0,0,0,
208,collateral_capacity_contrast,empirical_crypto__joint_crypto_high_correlation,ETH,maximum_backlog,14,45,capacity_14_minus_45,1,operational,128,2.365154230513724,1.8104441240333196,-1.1833162525915824,5.913624713619031,0.0,0.0,0.0,0.0,0.0,0.0,0.015625,2,0,
209,collateral_capacity_contrast,empirical_crypto__joint_crypto_high_correlation,ETH,terminal_active_bad_debt,14,26,capacity_14_minus_26,1,operational,128,0.0,0.0,0.0,0.0,0.0,0.0,0.0,0.0,0.0,0.0,0.0,0,0,
210,collateral_capacity_contrast,empirical_crypto__joint_crypto_high_correlation,ETH,terminal_active_bad_debt,26,45,capacity_26_minus_45,1,operational,128,0.0,0.0,0.0,0.0,0.0,0.0,0.0,0.0,0.0,0.0,0.0,0,0,
211,collateral_capacity_contrast,empirical_crypto__joint_crypto_high_correlation,ETH,terminal_active_bad_debt,14,45,capacity_14_minus_45,1,operational,128,0.0,0.0,0.0,0.0,0.0,0.0,0.0,0.0,0.0,0.0,0.0,0,0,
212,collateral_capacity_contrast,empirical_crypto__joint_crypto_high_correlation,ETH,realised_bad_debt,14,26,capacity_14_minus_26,1,operational,128,0.0,0.0,0.0,0.0,0.0,0.0,0.0,0.0,0.0,0.0,0.0,0,0,
213,collateral_capacity_contrast,empirical_crypto__joint_crypto_high_correlation,ETH,realised_bad_debt,26,45,capacity_26_minus_45,1,operational,128,0.0,0.0,0.0,0.0,0.0,0.0,0.0,0.0,0.0,0.0,0.0,0,0,
214,collateral_capacity_contrast,empirical_crypto__joint_crypto_high_correlation,ETH,realised_bad_debt,14,45,capacity_14_minus_45,1,operational,128,0.0,0.0,0.0,0.0,0.0,0.0,0.0,0.0,0.0,0.0,0.0,0,0,
215,collateral_capacity_contrast,empirical_crypto__joint_crypto_high_correlation,ETH,keeper_profit_proxy,14,26,capacity_14_minus_26,1,operational,128,-0.07077923259419094,1.669588627390426,-3.3431729422794256,3.2016144770910437,0.0,0.0,0.0,0.0,0.0,0.0,0.0390625,5,4,
216,collateral_capacity_contrast,empirical_crypto__joint_crypto_high_correlation,ETH,keeper_profit_proxy,26,45,capacity_26_minus_45,1,operational,128,0.0,0.0,0.0,0.0,0.0,0.0,0.0,0.0,0.0,0.0,0.0,0,0,
217,collateral_capacity_contrast,empirical_crypto__joint_crypto_high_correlation,ETH,keeper_profit_proxy,14,45,capacity_14_minus_45,1,operational,128,-0.07077923259419094,1.669588627390426,-3.3431729422794256,3.2016144770910437,0.0,0.0,0.0,0.0,0.0,0.0,0.0390625,5,4,
218,collateral_capacity_contrast,empirical_crypto__joint_crypto_high_correlation,ETH,share_system_capacity_consumed,14,26,capacity_14_minus_26,1,operational,78,8.457124477262292e-05,0.0005309749259554689,-0.0009561396101000962,0.001125282099645342,0.0,-0.0031800138424457444,0.0,0.0,0.0,0.0,0.01282051282051282,1,7,
219,collateral_capacity_contrast,empirical_crypto__joint_crypto_high_correlation,ETH,share_system_capacity_consumed,26,45,capacity_26_minus_45,1,operational,78,-0.0001020598845906434,6.52875378529212e-05,-0.00023002345878236896,2.5903689601082156e-05,0.0,0.0,0.0,0.0,0.0,0.0,0.0,0,3,
220,collateral_capacity_contrast,empirical_crypto__joint_crypto_high_correlation,ETH,share_system_capacity_consumed,14,45,capacity_14_minus_45,1,operational,78,-1.7488639818020477e-05,0.0005362777557341244,-0.0010685930410569045,0.0010336157614208633,0.0,-0.0031800138424457444,0.0,0.0,0.0,0.0,0.01282051282051282,1,7,
221,collateral_capacity_contrast,empirical_crypto__joint_crypto_high_correlation,ETH,share_system_rejections,14,26,capacity_14_minus_26,1,operational,3,-0.03623188405797099,0.0191721109497434,-0.07380922151946806,0.001345453403526077,-0.04347826086956519,-0.06304347826086952,-0.054347826086956486,-0.021739130434782594,-0.008695652173913035,-0.004347826086956523,0.0,0,2,
222,collateral_capacity_contrast,empirical_crypto__joint_crypto_high_correlation,ETH,share_system_rejections,26,45,capacity_26_minus_45,1,not_operational,0,,,,,,,,,,,,0,0,
223,collateral_capacity_contrast,empirical_crypto__joint_crypto_high_correlation,ETH,share_system_rejections,14,45,capacity_14_minus_45,1,not_operational,0,,,,,,,,,,,,0,0,
224,collateral_capacity_contrast,empirical_crypto__joint_crypto_high_correlation,ETH,contribution_to_system_backlog,14,26,capacity_14_minus_26,1,operational,74,0.0006325625386932344,0.000521124078900337,-0.0003888406559514262,0.001653965733337895,0.0,0.0,0.0,0.0,0.00017213210607661746,0.0011392116795419082,0.10810810810810811,8,0,
225,collateral_capacity_contrast,empirical_crypto__joint_crypto_high_correlation,ETH,contribution_to_system_backlog,26,45,capacity_26_minus_45,1,operational,74,0.0,0.0,0.0,0.0,0.0,0.0,0.0,0.0,0.0,0.0,0.0,0,0,
226,collateral_capacity_contrast,empirical_crypto__joint_crypto_high_correlation,ETH,contribution_to_system_backlog,14,45,capacity_14_minus_45,1,operational,74,0.0006325625386932344,0.000521124078900337,-0.0003888406559514262,0.001653965733337895,0.0,0.0,0.0,0.0,0.00017213210607661746,0.0011392116795419082,0.10810810810810811,8,0,
227,collateral_capacity_contrast,empirical_crypto__joint_crypto_high_correlation,ETH,exposure_normalised_backlog,14,26,capacity_14_minus_26,1,operational,128,0.0005608693479300566,0.0002788996378553874,1.4226057733497232e-05,0.001107512638126616,0.0,0.0,0.0,0.0,0.0,0.0009253857243265717,0.0703125,9,0,
228,collateral_capacity_contrast,empirical_crypto__joint_crypto_high_correlation,ETH,exposure_normalised_backlog,26,45,capacity_26_minus_45,1,operational,128,0.0,0.0,0.0,0.0,0.0,0.0,0.0,0.0,0.0,0.0,0.0,0,0,
229,collateral_capacity_contrast,empirical_crypto__joint_crypto_high_correlation,ETH,exposure_normalised_backlog,14,45,capacity_14_minus_45,1,operational,128,0.0005608693479300566,0.0002788996378553874,1.4226057733497232e-05,0.001107512638126616,0.0,0.0,0.0,0.0,0.0,0.0009253857243265717,0.0703125,9,0,
230,collateral_capacity_contrast,empirical_crypto__joint_crypto_high_correlation,ETH,exposure_normalised_unresolved_tab,14,26,capacity_14_minus_26,1,operational,128,0.0,0.0,0.0,0.0,0.0,0.0,0.0,0.0,0.0,0.0,0.0,0,0,
231,collateral_capacity_contrast,empirical_crypto__joint_crypto_high_correlation,ETH,exposure_normalised_unresolved_tab,26,45,capacity_26_minus_45,1,operational,128,0.0,0.0,0.0,0.0,0.0,0.0,0.0,0.0,0.0,0.0,0.0,0,0,
232,collateral_capacity_contrast,empirical_crypto__joint_crypto_high_correlation,ETH,exposure_normalised_unresolved_tab,14,45,capacity_14_minus_45,1,operational,128,0.0,0.0,0.0,0.0,0.0,0.0,0.0,0.0,0.0,0.0,0.0,0,0,
233,collateral_capacity_contrast,empirical_crypto__joint_crypto_high_correlation,ETH,displaced_candidates,14,26,capacity_14_minus_26,1,operational,128,0.2109375,0.08348666125218687,0.047303643945713736,0.37457135605428626,0.0,0.0,0.0,0.0,0.0,1.0,0.0703125,9,0,
234,collateral_capacity_contrast,empirical_crypto__joint_crypto_high_correlation,ETH,displaced_candidates,26,45,capacity_26_minus_45,1,operational,128,0.0234375,0.013424675715302162,-0.002874864401992236,0.049749864401992236,0.0,0.0,0.0,0.0,0.0,0.0,0.0234375,3,0,
235,collateral_capacity_contrast,empirical_crypto__joint_crypto_high_correlation,ETH,displaced_candidates,14,45,capacity_14_minus_45,1,operational,128,0.234375,0.09179180308278606,0.05446306595773934,0.4142869340422607,0.0,0.0,0.0,0.0,0.0,1.0,0.078125,10,0,
236,collateral_capacity_contrast,empirical_crypto__joint_crypto_high_correlation,ETH,cross_family_displacement_hours,14,26,capacity_14_minus_26,1,operational,128,0.09375,0.034075060441538296,0.02696288153458494,0.16053711846541507,0.0,0.0,0.0,0.0,0.0,1.0,0.0703125,9,0,
237,collateral_capacity_contrast,empirical_crypto__joint_crypto_high_correlation,ETH,cross_family_displacement_hours,26,45,capacity_26_minus_45,1,operational,128,0.0234375,0.013424675715302162,-0.002874864401992236,0.049749864401992236,0.0,0.0,0.0,0.0,0.0,0.0,0.0234375,3,0,
238,collateral_capacity_contrast,empirical_crypto__joint_crypto_high_correlation,ETH,cross_family_displacement_hours,14,45,capacity_14_minus_45,1,operational,128,0.1171875,0.040936823790772674,0.036951325370085567,0.19742367462991445,0.0,0.0,0.0,0.0,0.0,1.0,0.078125,10,0,
239,collateral_capacity_contrast,empirical_crypto__joint_crypto_high_correlation,WBTC,initial_debt_exposure,14,26,capacity_14_minus_26,1,operational,128,0.0,0.0,0.0,0.0,0.0,0.0,0.0,0.0,0.0,0.0,0.0,0,0,
240,collateral_capacity_contrast,empirical_crypto__joint_crypto_high_correlation,WBTC,initial_debt_exposure,26,45,capacity_26_minus_45,1,operational,128,0.0,0.0,0.0,0.0,0.0,0.0,0.0,0.0,0.0,0.0,0.0,0,0,
241,collateral_capacity_contrast,empirical_crypto__joint_crypto_high_correlation,WBTC,initial_debt_exposure,14,45,capacity_14_minus_45,1,operational,128,0.0,0.0,0.0,0.0,0.0,0.0,0.0,0.0,0.0,0.0,0.0,0,0,
242,collateral_capacity_contrast,empirical_crypto__joint_crypto_high_correlation,WBTC,eligible_liquidation_tab,14,26,capacity_14_minus_26,1,operational,128,0.0,0.0,0.0,0.0,0.0,0.0,0.0,0.0,0.0,0.0,0.0,0,0,
243,collateral_capacity_contrast,empirical_crypto__joint_crypto_high_correlation,WBTC,eligible_liquidation_tab,26,45,capacity_26_minus_45,1,operational,128,0.0,0.0,0.0,0.0,0.0,0.0,0.0,0.0,0.0,0.0,0.0,0,0,
244,collateral_capacity_contrast,empirical_crypto__joint_crypto_high_correlation,WBTC,eligible_liquidation_tab,14,45,capacity_14_minus_45,1,operational,128,0.0,0.0,0.0,0.0,0.0,0.0,0.0,0.0,0.0,0.0,0.0,0,0,
245,collateral_capacity_contrast,empirical_crypto__joint_crypto_high_correlation,WBTC,candidate_count,14,26,capacity_14_minus_26,1,operational,128,0.1484375,0.13360621445167983,-0.11343068032529247,0.41030568032529247,0.0,0.0,0.0,0.0,0.0,0.0,0.015625,2,0,
246,collateral_capacity_contrast,empirical_crypto__joint_crypto_high_correlation,WBTC,candidate_count,26,45,capacity_26_minus_45,1,operational,128,0.0,0.0,0.0,0.0,0.0,0.0,0.0,0.0,0.0,0.0,0.0,0,0,
247,collateral_capacity_contrast,empirical_crypto__joint_crypto_high_correlation,WBTC,candidate_count,14,45,capacity_14_minus_45,1,operational,128,0.1484375,0.13360621445167983,-0.11343068032529247,0.41030568032529247,0.0,0.0,0.0,0.0,0.0,0.0,0.015625,2,0,
248,collateral_capacity_contrast,empirical_crypto__joint_crypto_high_correlation,WBTC,profitability_filtered_count,14,26,capacity_14_minus_26,1,operational,128,0.125,0.11036357238797691,-0.09131260188043475,0.3413126018804348,0.0,0.0,0.0,0.0,0.0,0.0,0.015625,2,0,
249,collateral_capacity_contrast,empirical_crypto__joint_crypto_high_correlation,WBTC,profitability_filtered_count,26,45,capacity_26_minus_45,1,operational,128,0.0,0.0,0.0,0.0,0.0,0.0,0.0,0.0,0.0,0.0,0.0,0,0,
250,collateral_capacity_contrast,empirical_crypto__joint_crypto_high_correlation,WBTC,profitability_filtered_count,14,45,capacity_14_minus_45,1,operational,128,0.125,0.11036357238797691,-0.09131260188043475,0.3413126018804348,0.0,0.0,0.0,0.0,0.0,0.0,0.015625,2,0,
251,collateral_capacity_contrast,empirical_crypto__joint_crypto_high_correlation,WBTC,selected_count,14,26,capacity_14_minus_26,1,operational,128,-0.0625,0.0625,-0.185,0.06,0.0,0.0,0.0,0.0,0.0,0.0,0.0,0,1,
252,collateral_capacity_contrast,empirical_crypto__joint_crypto_high_correlation,WBTC,selected_count,26,45,capacity_26_minus_45,1,operational,128,0.0,0.0,0.0,0.0,0.0,0.0,0.0,0.0,0.0,0.0,0.0,0,0,
253,collateral_capacity_contrast,empirical_crypto__joint_crypto_high_correlation,WBTC,selected_count,14,45,capacity_14_minus_45,1,operational,128,-0.0625,0.0625,-0.185,0.06,0.0,0.0,0.0,0.0,0.0,0.0,0.0,0,1,
254,collateral_capacity_contrast,empirical_crypto__joint_crypto_high_correlation,WBTC,rejected_count,14,26,capacity_14_minus_26,1,operational,128,0.03125,0.02464686616612797,-0.01705785768561082,0.07955785768561083,0.0,0.0,0.0,0.0,0.0,0.0,0.015625,2,0,
255,collateral_capacity_contrast,empirical_crypto__joint_crypto_high_correlation,WBTC,rejected_count,26,45,capacity_26_minus_45,1,operational,128,0.0,0.0,0.0,0.0,0.0,0.0,0.0,0.0,0.0,0.0,0.0,0,0,
256,collateral_capacity_contrast,empirical_crypto__joint_crypto_high_correlation,WBTC,rejected_count,14,45,capacity_14_minus_45,1,operational,128,0.03125,0.02464686616612797,-0.01705785768561082,0.07955785768561083,0.0,0.0,0.0,0.0,0.0,0.0,0.015625,2,0,
257,collateral_capacity_contrast,empirical_crypto__joint_crypto_high_correlation,WBTC,successful_closure_count,14,26,capacity_14_minus_26,1,operational,128,0.0,0.0,0.0,0.0,0.0,0.0,0.0,0.0,0.0,0.0,0.0,0,0,
258,collateral_capacity_contrast,empirical_crypto__joint_crypto_high_correlation,WBTC,successful_closure_count,26,45,capacity_26_minus_45,1,operational,128,0.0,0.0,0.0,0.0,0.0,0.0,0.0,0.0,0.0,0.0,0.0,0,0,
259,collateral_capacity_contrast,empirical_crypto__joint_crypto_high_correlation,WBTC,successful_closure_count,14,45,capacity_14_minus_45,1,operational,128,0.0,0.0,0.0,0.0,0.0,0.0,0.0,0.0,0.0,0.0,0.0,0,0,
260,collateral_capacity_contrast,empirical_crypto__joint_crypto_high_correlation,WBTC,liquidated_debt,14,26,capacity_14_minus_26,1,operational,128,0.0,0.0,0.0,0.0,0.0,0.0,0.0,0.0,0.0,0.0,0.0,0,0,
261,collateral_capacity_contrast,empirical_crypto__joint_crypto_high_correlation,WBTC,liquidated_debt,26,45,capacity_26_minus_45,1,operational,128,0.0,0.0,0.0,0.0,0.0,0.0,0.0,0.0,0.0,0.0,0.0,0,0,
262,collateral_capacity_contrast,empirical_crypto__joint_crypto_high_correlation,WBTC,liquidated_debt,14,45,capacity_14_minus_45,1,operational,128,0.0,0.0,0.0,0.0,0.0,0.0,0.0,0.0,0.0,0.0,0.0,0,0,
263,collateral_capacity_contrast,empirical_crypto__joint_crypto_high_correlation,WBTC,terminal_unresolved_tab,14,26,capacity_14_minus_26,1,operational,128,0.0,0.0,0.0,0.0,0.0,0.0,0.0,0.0,0.0,0.0,0.0,0,0,
264,collateral_capacity_contrast,empirical_crypto__joint_crypto_high_correlation,WBTC,terminal_unresolved_tab,26,45,capacity_26_minus_45,1,operational,128,0.0,0.0,0.0,0.0,0.0,0.0,0.0,0.0,0.0,0.0,0.0,0,0,
265,collateral_capacity_contrast,empirical_crypto__joint_crypto_high_correlation,WBTC,terminal_unresolved_tab,14,45,capacity_14_minus_45,1,operational,128,0.0,0.0,0.0,0.0,0.0,0.0,0.0,0.0,0.0,0.0,0.0,0,0,
266,collateral_capacity_contrast,empirical_crypto__joint_crypto_high_correlation,WBTC,backlog_area,14,26,capacity_14_minus_26,1,operational,128,59.33112245821442,55.98036142835465,-50.39038594136069,169.05263085778955,0.0,0.0,0.0,0.0,0.0,0.0,0.015625,2,0,
267,collateral_capacity_contrast,empirical_crypto__joint_crypto_high_correlation,WBTC,backlog_area,26,45,capacity_26_minus_45,1,operational,128,0.0,0.0,0.0,0.0,0.0,0.0,0.0,0.0,0.0,0.0,0.0,0,0,
268,collateral_capacity_contrast,empirical_crypto__joint_crypto_high_correlation,WBTC,backlog_area,14,45,capacity_14_minus_45,1,operational,128,59.33112245821442,55.98036142835465,-50.39038594136069,169.05263085778955,0.0,0.0,0.0,0.0,0.0,0.0,0.015625,2,0,
269,collateral_capacity_contrast,empirical_crypto__joint_crypto_high_correlation,WBTC,maximum_backlog,14,26,capacity_14_minus_26,1,operational,128,0.0,0.0,0.0,0.0,0.0,0.0,0.0,0.0,0.0,0.0,0.0,0,0,
270,collateral_capacity_contrast,empirical_crypto__joint_crypto_high_correlation,WBTC,maximum_backlog,26,45,capacity_26_minus_45,1,operational,128,0.0,0.0,0.0,0.0,0.0,0.0,0.0,0.0,0.0,0.0,0.0,0,0,
271,collateral_capacity_contrast,empirical_crypto__joint_crypto_high_correlation,WBTC,maximum_backlog,14,45,capacity_14_minus_45,1,operational,128,0.0,0.0,0.0,0.0,0.0,0.0,0.0,0.0,0.0,0.0,0.0,0,0,
272,collateral_capacity_contrast,empirical_crypto__joint_crypto_high_correlation,WBTC,terminal_active_bad_debt,14,26,capacity_14_minus_26,1,operational,128,0.0,0.0,0.0,0.0,0.0,0.0,0.0,0.0,0.0,0.0,0.0,0,0,
273,collateral_capacity_contrast,empirical_crypto__joint_crypto_high_correlation,WBTC,terminal_active_bad_debt,26,45,capacity_26_minus_45,1,operational,128,0.0,0.0,0.0,0.0,0.0,0.0,0.0,0.0,0.0,0.0,0.0,0,0,
274,collateral_capacity_contrast,empirical_crypto__joint_crypto_high_correlation,WBTC,terminal_active_bad_debt,14,45,capacity_14_minus_45,1,operational,128,0.0,0.0,0.0,0.0,0.0,0.0,0.0,0.0,0.0,0.0,0.0,0,0,
275,collateral_capacity_contrast,empirical_crypto__joint_crypto_high_correlation,WBTC,realised_bad_debt,14,26,capacity_14_minus_26,1,operational,128,0.0,0.0,0.0,0.0,0.0,0.0,0.0,0.0,0.0,0.0,0.0,0,0,
276,collateral_capacity_contrast,empirical_crypto__joint_crypto_high_correlation,WBTC,realised_bad_debt,26,45,capacity_26_minus_45,1,operational,128,0.0,0.0,0.0,0.0,0.0,0.0,0.0,0.0,0.0,0.0,0.0,0,0,
277,collateral_capacity_contrast,empirical_crypto__joint_crypto_high_correlation,WBTC,realised_bad_debt,14,45,capacity_14_minus_45,1,operational,128,0.0,0.0,0.0,0.0,0.0,0.0,0.0,0.0,0.0,0.0,0.0,0,0,
278,collateral_capacity_contrast,empirical_crypto__joint_crypto_high_correlation,WBTC,keeper_profit_proxy,14,26,capacity_14_minus_26,1,operational,128,0.09514629691116028,0.173595401466033,-0.24510068996226442,0.435393283784585,0.0,0.0,0.0,0.0,0.0,0.0,0.0078125,1,1,
279,collateral_capacity_contrast,empirical_crypto__joint_crypto_high_correlation,WBTC,keeper_profit_proxy,26,45,capacity_26_minus_45,1,operational,128,0.0,0.0,0.0,0.0,0.0,0.0,0.0,0.0,0.0,0.0,0.0,0,0,
280,collateral_capacity_contrast,empirical_crypto__joint_crypto_high_correlation,WBTC,keeper_profit_proxy,14,45,capacity_14_minus_45,1,operational,128,0.09514629691116028,0.173595401466033,-0.24510068996226442,0.435393283784585,0.0,0.0,0.0,0.0,0.0,0.0,0.0078125,1,1,
281,collateral_capacity_contrast,empirical_crypto__joint_crypto_high_correlation,WBTC,share_system_capacity_consumed,14,26,capacity_14_minus_26,1,operational,78,-8.457124477262532e-05,0.000530974925955469,-0.0011252820996453445,0.000956139610100094,0.0,0.0,0.0,0.0,0.0,0.003180013842445771,0.08974358974358974,7,1,
282,collateral_capacity_contrast,empirical_crypto__joint_crypto_high_correlation,WBTC,share_system_capacity_consumed,26,45,capacity_26_minus_45,1,operational,78,0.000102059884590645,6.52875378529222e-05,-2.590368960108248e-05,0.0002300234587823725,0.0,0.0,0.0,0.0,0.0,0.0,0.038461538461538464,3,0,
283,collateral_capacity_contrast,empirical_crypto__joint_crypto_high_correlation,WBTC,share_system_capacity_consumed,14,45,capacity_14_minus_45,1,operational,78,1.7488639818019677e-05,0.0005362777557341242,-0.0010336157614208637,0.0010685930410569032,0.0,0.0,0.0,0.0,0.0,0.003180013842445771,0.08974358974358974,7,1,
284,collateral_capacity_contrast,empirical_crypto__joint_crypto_high_correlation,WBTC,share_system_rejections,14,26,capacity_14_minus_26,1,operational,3,0.036231884057971016,0.01917211094974341,-0.0013454534035260701,0.0738092215194681,0.043478260869565216,0.004347826086956522,0.021739130434782608,0.05434782608695652,0.0608695652173913,0.06304347826086956,0.6666666666666666,2,0,
285,collateral_capacity_contrast,empirical_crypto__joint_crypto_high_correlation,WBTC,share_system_rejections,26,45,capacity_26_minus_45,1,not_operational,0,,,,,,,,,,,,0,0,
286,collateral_capacity_contrast,empirical_crypto__joint_crypto_high_correlation,WBTC,share_system_rejections,14,45,capacity_14_minus_45,1,not_operational,0,,,,,,,,,,,,0,0,
287,collateral_capacity_contrast,empirical_crypto__joint_crypto_high_correlation,WBTC,contribution_to_system_backlog,14,26,capacity_14_minus_26,1,operational,74,-0.0006325625386932366,0.0005211240789003355,-0.0016539657333378942,0.0003888406559514209,0.0,-0.001139211679541952,0.0,0.0,0.0,0.0,0.0,0,8,
288,collateral_capacity_contrast,empirical_crypto__joint_crypto_high_correlation,WBTC,contribution_to_system_backlog,26,45,capacity_26_minus_45,1,operational,74,0.0,0.0,0.0,0.0,0.0,0.0,0.0,0.0,0.0,0.0,0.0,0,0,
289,collateral_capacity_contrast,empirical_crypto__joint_crypto_high_correlation,WBTC,contribution_to_system_backlog,14,45,capacity_14_minus_45,1,operational,74,-0.0006325625386932366,0.0005211240789003355,-0.0016539657333378942,0.0003888406559514209,0.0,-0.001139211679541952,0.0,0.0,0.0,0.0,0.0,0,8,
290,collateral_capacity_contrast,empirical_crypto__joint_crypto_high_correlation,WBTC,exposure_normalised_backlog,14,26,capacity_14_minus_26,1,operational,128,0.00015654041807187008,0.00014769970327092234,-0.0001329510003391377,0.00044603183648287786,0.0,0.0,0.0,0.0,0.0,0.0,0.015625,2,0,
291,collateral_capacity_contrast,empirical_crypto__joint_crypto_high_correlation,WBTC,exposure_normalised_backlog,26,45,capacity_26_minus_45,1,operational,128,0.0,0.0,0.0,0.0,0.0,0.0,0.0,0.0,0.0,0.0,0.0,0,0,
292,collateral_capacity_contrast,empirical_crypto__joint_crypto_high_correlation,WBTC,exposure_normalised_backlog,14,45,capacity_14_minus_45,1,operational,128,0.00015654041807187008,0.00014769970327092234,-0.0001329510003391377,0.00044603183648287786,0.0,0.0,0.0,0.0,0.0,0.0,0.015625,2,0,
293,collateral_capacity_contrast,empirical_crypto__joint_crypto_high_correlation,WBTC,exposure_normalised_unresolved_tab,14,26,capacity_14_minus_26,1,operational,128,0.0,0.0,0.0,0.0,0.0,0.0,0.0,0.0,0.0,0.0,0.0,0,0,
294,collateral_capacity_contrast,empirical_crypto__joint_crypto_high_correlation,WBTC,exposure_normalised_unresolved_tab,26,45,capacity_26_minus_45,1,operational,128,0.0,0.0,0.0,0.0,0.0,0.0,0.0,0.0,0.0,0.0,0.0,0,0,
295,collateral_capacity_contrast,empirical_crypto__joint_crypto_high_correlation,WBTC,exposure_normalised_unresolved_tab,14,45,capacity_14_minus_45,1,operational,128,0.0,0.0,0.0,0.0,0.0,0.0,0.0,0.0,0.0,0.0,0.0,0,0,
296,collateral_capacity_contrast,empirical_crypto__joint_crypto_high_correlation,WBTC,displaced_candidates,14,26,capacity_14_minus_26,1,operational,128,0.03125,0.02464686616612797,-0.01705785768561082,0.07955785768561083,0.0,0.0,0.0,0.0,0.0,0.0,0.015625,2,0,
297,collateral_capacity_contrast,empirical_crypto__joint_crypto_high_correlation,WBTC,displaced_candidates,26,45,capacity_26_minus_45,1,operational,128,0.0,0.0,0.0,0.0,0.0,0.0,0.0,0.0,0.0,0.0,0.0,0,0,
298,collateral_capacity_contrast,empirical_crypto__joint_crypto_high_correlation,WBTC,displaced_candidates,14,45,capacity_14_minus_45,1,operational,128,0.03125,0.02464686616612797,-0.01705785768561082,0.07955785768561083,0.0,0.0,0.0,0.0,0.0,0.0,0.015625,2,0,
299,collateral_capacity_contrast,empirical_crypto__joint_crypto_high_correlation,WBTC,cross_family_displacement_hours,14,26,capacity_14_minus_26,1,operational,128,0.0234375,0.01741417279470994,-0.01069427867763148,0.05756927867763148,0.0,0.0,0.0,0.0,0.0,0.0,0.015625,2,0,
300,collateral_capacity_contrast,empirical_crypto__joint_crypto_high_correlation,WBTC,cross_family_displacement_hours,26,45,capacity_26_minus_45,1,operational,128,0.0,0.0,0.0,0.0,0.0,0.0,0.0,0.0,0.0,0.0,0.0,0,0,
301,collateral_capacity_contrast,empirical_crypto__joint_crypto_high_correlation,WBTC,cross_family_displacement_hours,14,45,capacity_14_minus_45,1,operational,128,0.0234375,0.01741417279470994,-0.01069427867763148,0.05756927867763148,0.0,0.0,0.0,0.0,0.0,0.0,0.015625,2,0,
302,collateral_capacity_contrast,empirical_crypto__joint_crypto_high_correlation,STABLE,initial_debt_exposure,14,26,capacity_14_minus_26,1,operational,128,0.0,0.0,0.0,0.0,0.0,0.0,0.0,0.0,0.0,0.0,0.0,0,0,
303,collateral_capacity_contrast,empirical_crypto__joint_crypto_high_correlation,STABLE,initial_debt_exposure,26,45,capacity_26_minus_45,1,operational,128,0.0,0.0,0.0,0.0,0.0,0.0,0.0,0.0,0.0,0.0,0.0,0,0,
304,collateral_capacity_contrast,empirical_crypto__joint_crypto_high_correlation,STABLE,initial_debt_exposure,14,45,capacity_14_minus_45,1,operational,128,0.0,0.0,0.0,0.0,0.0,0.0,0.0,0.0,0.0,0.0,0.0,0,0,
305,collateral_capacity_contrast,empirical_crypto__joint_crypto_high_correlation,STABLE,eligible_liquidation_tab,14,26,capacity_14_minus_26,1,operational,128,0.0,0.0,0.0,0.0,0.0,0.0,0.0,0.0,0.0,0.0,0.0,0,0,
306,collateral_capacity_contrast,empirical_crypto__joint_crypto_high_correlation,STABLE,eligible_liquidation_tab,26,45,capacity_26_minus_45,1,operational,128,0.0,0.0,0.0,0.0,0.0,0.0,0.0,0.0,0.0,0.0,0.0,0,0,
307,collateral_capacity_contrast,empirical_crypto__joint_crypto_high_correlation,STABLE,eligible_liquidation_tab,14,45,capacity_14_minus_45,1,operational,128,0.0,0.0,0.0,0.0,0.0,0.0,0.0,0.0,0.0,0.0,0.0,0,0,
308,collateral_capacity_contrast,empirical_crypto__joint_crypto_high_correlation,STABLE,candidate_count,14,26,capacity_14_minus_26,1,operational,128,0.0,0.0,0.0,0.0,0.0,0.0,0.0,0.0,0.0,0.0,0.0,0,0,
309,collateral_capacity_contrast,empirical_crypto__joint_crypto_high_correlation,STABLE,candidate_count,26,45,capacity_26_minus_45,1,operational,128,0.0,0.0,0.0,0.0,0.0,0.0,0.0,0.0,0.0,0.0,0.0,0,0,
310,collateral_capacity_contrast,empirical_crypto__joint_crypto_high_correlation,STABLE,candidate_count,14,45,capacity_14_minus_45,1,operational,128,0.0,0.0,0.0,0.0,0.0,0.0,0.0,0.0,0.0,0.0,0.0,0,0,
311,collateral_capacity_contrast,empirical_crypto__joint_crypto_high_correlation,STABLE,profitability_filtered_count,14,26,capacity_14_minus_26,1,operational,128,0.0,0.0,0.0,0.0,0.0,0.0,0.0,0.0,0.0,0.0,0.0,0,0,
312,collateral_capacity_contrast,empirical_crypto__joint_crypto_high_correlation,STABLE,profitability_filtered_count,26,45,capacity_26_minus_45,1,operational,128,0.0,0.0,0.0,0.0,0.0,0.0,0.0,0.0,0.0,0.0,0.0,0,0,
313,collateral_capacity_contrast,empirical_crypto__joint_crypto_high_correlation,STABLE,profitability_filtered_count,14,45,capacity_14_minus_45,1,operational,128,0.0,0.0,0.0,0.0,0.0,0.0,0.0,0.0,0.0,0.0,0.0,0,0,
314,collateral_capacity_contrast,empirical_crypto__joint_crypto_high_correlation,STABLE,selected_count,14,26,capacity_14_minus_26,1,operational,128,0.0,0.0,0.0,0.0,0.0,0.0,0.0,0.0,0.0,0.0,0.0,0,0,
315,collateral_capacity_contrast,empirical_crypto__joint_crypto_high_correlation,STABLE,selected_count,26,45,capacity_26_minus_45,1,operational,128,0.0,0.0,0.0,0.0,0.0,0.0,0.0,0.0,0.0,0.0,0.0,0,0,
316,collateral_capacity_contrast,empirical_crypto__joint_crypto_high_correlation,STABLE,selected_count,14,45,capacity_14_minus_45,1,operational,128,0.0,0.0,0.0,0.0,0.0,0.0,0.0,0.0,0.0,0.0,0.0,0,0,
317,collateral_capacity_contrast,empirical_crypto__joint_crypto_high_correlation,STABLE,rejected_count,14,26,capacity_14_minus_26,1,operational,128,0.0,0.0,0.0,0.0,0.0,0.0,0.0,0.0,0.0,0.0,0.0,0,0,
318,collateral_capacity_contrast,empirical_crypto__joint_crypto_high_correlation,STABLE,rejected_count,26,45,capacity_26_minus_45,1,operational,128,0.0,0.0,0.0,0.0,0.0,0.0,0.0,0.0,0.0,0.0,0.0,0,0,
319,collateral_capacity_contrast,empirical_crypto__joint_crypto_high_correlation,STABLE,rejected_count,14,45,capacity_14_minus_45,1,operational,128,0.0,0.0,0.0,0.0,0.0,0.0,0.0,0.0,0.0,0.0,0.0,0,0,
320,collateral_capacity_contrast,empirical_crypto__joint_crypto_high_correlation,STABLE,successful_closure_count,14,26,capacity_14_minus_26,1,operational,128,0.0,0.0,0.0,0.0,0.0,0.0,0.0,0.0,0.0,0.0,0.0,0,0,
321,collateral_capacity_contrast,empirical_crypto__joint_crypto_high_correlation,STABLE,successful_closure_count,26,45,capacity_26_minus_45,1,operational,128,0.0,0.0,0.0,0.0,0.0,0.0,0.0,0.0,0.0,0.0,0.0,0,0,
322,collateral_capacity_contrast,empirical_crypto__joint_crypto_high_correlation,STABLE,successful_closure_count,14,45,capacity_14_minus_45,1,operational,128,0.0,0.0,0.0,0.0,0.0,0.0,0.0,0.0,0.0,0.0,0.0,0,0,
323,collateral_capacity_contrast,empirical_crypto__joint_crypto_high_correlation,STABLE,liquidated_debt,14,26,capacity_14_minus_26,1,operational,128,0.0,0.0,0.0,0.0,0.0,0.0,0.0,0.0,0.0,0.0,0.0,0,0,
324,collateral_capacity_contrast,empirical_crypto__joint_crypto_high_correlation,STABLE,liquidated_debt,26,45,capacity_26_minus_45,1,operational,128,0.0,0.0,0.0,0.0,0.0,0.0,0.0,0.0,0.0,0.0,0.0,0,0,
325,collateral_capacity_contrast,empirical_crypto__joint_crypto_high_correlation,STABLE,liquidated_debt,14,45,capacity_14_minus_45,1,operational,128,0.0,0.0,0.0,0.0,0.0,0.0,0.0,0.0,0.0,0.0,0.0,0,0,
326,collateral_capacity_contrast,empirical_crypto__joint_crypto_high_correlation,STABLE,terminal_unresolved_tab,14,26,capacity_14_minus_26,1,operational,128,0.0,0.0,0.0,0.0,0.0,0.0,0.0,0.0,0.0,0.0,0.0,0,0,
327,collateral_capacity_contrast,empirical_crypto__joint_crypto_high_correlation,STABLE,terminal_unresolved_tab,26,45,capacity_26_minus_45,1,operational,128,0.0,0.0,0.0,0.0,0.0,0.0,0.0,0.0,0.0,0.0,0.0,0,0,
328,collateral_capacity_contrast,empirical_crypto__joint_crypto_high_correlation,STABLE,terminal_unresolved_tab,14,45,capacity_14_minus_45,1,operational,128,0.0,0.0,0.0,0.0,0.0,0.0,0.0,0.0,0.0,0.0,0.0,0,0,
329,collateral_capacity_contrast,empirical_crypto__joint_crypto_high_correlation,STABLE,backlog_area,14,26,capacity_14_minus_26,1,operational,128,0.0,0.0,0.0,0.0,0.0,0.0,0.0,0.0,0.0,0.0,0.0,0,0,
330,collateral_capacity_contrast,empirical_crypto__joint_crypto_high_correlation,STABLE,backlog_area,26,45,capacity_26_minus_45,1,operational,128,0.0,0.0,0.0,0.0,0.0,0.0,0.0,0.0,0.0,0.0,0.0,0,0,
331,collateral_capacity_contrast,empirical_crypto__joint_crypto_high_correlation,STABLE,backlog_area,14,45,capacity_14_minus_45,1,operational,128,0.0,0.0,0.0,0.0,0.0,0.0,0.0,0.0,0.0,0.0,0.0,0,0,
332,collateral_capacity_contrast,empirical_crypto__joint_crypto_high_correlation,STABLE,maximum_backlog,14,26,capacity_14_minus_26,1,operational,128,0.0,0.0,0.0,0.0,0.0,0.0,0.0,0.0,0.0,0.0,0.0,0,0,
333,collateral_capacity_contrast,empirical_crypto__joint_crypto_high_correlation,STABLE,maximum_backlog,26,45,capacity_26_minus_45,1,operational,128,0.0,0.0,0.0,0.0,0.0,0.0,0.0,0.0,0.0,0.0,0.0,0,0,
334,collateral_capacity_contrast,empirical_crypto__joint_crypto_high_correlation,STABLE,maximum_backlog,14,45,capacity_14_minus_45,1,operational,128,0.0,0.0,0.0,0.0,0.0,0.0,0.0,0.0,0.0,0.0,0.0,0,0,
335,collateral_capacity_contrast,empirical_crypto__joint_crypto_high_correlation,STABLE,terminal_active_bad_debt,14,26,capacity_14_minus_26,1,operational,128,0.0,0.0,0.0,0.0,0.0,0.0,0.0,0.0,0.0,0.0,0.0,0,0,
336,collateral_capacity_contrast,empirical_crypto__joint_crypto_high_correlation,STABLE,terminal_active_bad_debt,26,45,capacity_26_minus_45,1,operational,128,0.0,0.0,0.0,0.0,0.0,0.0,0.0,0.0,0.0,0.0,0.0,0,0,
337,collateral_capacity_contrast,empirical_crypto__joint_crypto_high_correlation,STABLE,terminal_active_bad_debt,14,45,capacity_14_minus_45,1,operational,128,0.0,0.0,0.0,0.0,0.0,0.0,0.0,0.0,0.0,0.0,0.0,0,0,
338,collateral_capacity_contrast,empirical_crypto__joint_crypto_high_correlation,STABLE,realised_bad_debt,14,26,capacity_14_minus_26,1,operational,128,0.0,0.0,0.0,0.0,0.0,0.0,0.0,0.0,0.0,0.0,0.0,0,0,
339,collateral_capacity_contrast,empirical_crypto__joint_crypto_high_correlation,STABLE,realised_bad_debt,26,45,capacity_26_minus_45,1,operational,128,0.0,0.0,0.0,0.0,0.0,0.0,0.0,0.0,0.0,0.0,0.0,0,0,
340,collateral_capacity_contrast,empirical_crypto__joint_crypto_high_correlation,STABLE,realised_bad_debt,14,45,capacity_14_minus_45,1,operational,128,0.0,0.0,0.0,0.0,0.0,0.0,0.0,0.0,0.0,0.0,0.0,0,0,
341,collateral_capacity_contrast,empirical_crypto__joint_crypto_high_correlation,STABLE,keeper_profit_proxy,14,26,capacity_14_minus_26,1,operational,128,0.0,0.0,0.0,0.0,0.0,0.0,0.0,0.0,0.0,0.0,0.0,0,0,
342,collateral_capacity_contrast,empirical_crypto__joint_crypto_high_correlation,STABLE,keeper_profit_proxy,26,45,capacity_26_minus_45,1,operational,128,0.0,0.0,0.0,0.0,0.0,0.0,0.0,0.0,0.0,0.0,0.0,0,0,
343,collateral_capacity_contrast,empirical_crypto__joint_crypto_high_correlation,STABLE,keeper_profit_proxy,14,45,capacity_14_minus_45,1,operational,128,0.0,0.0,0.0,0.0,0.0,0.0,0.0,0.0,0.0,0.0,0.0,0,0,
344,collateral_capacity_contrast,empirical_crypto__joint_crypto_high_correlation,STABLE,share_system_capacity_consumed,14,26,capacity_14_minus_26,1,operational,78,0.0,0.0,0.0,0.0,0.0,0.0,0.0,0.0,0.0,0.0,0.0,0,0,
345,collateral_capacity_contrast,empirical_crypto__joint_crypto_high_correlation,STABLE,share_system_capacity_consumed,26,45,capacity_26_minus_45,1,operational,78,0.0,0.0,0.0,0.0,0.0,0.0,0.0,0.0,0.0,0.0,0.0,0,0,
346,collateral_capacity_contrast,empirical_crypto__joint_crypto_high_correlation,STABLE,share_system_capacity_consumed,14,45,capacity_14_minus_45,1,operational,78,0.0,0.0,0.0,0.0,0.0,0.0,0.0,0.0,0.0,0.0,0.0,0,0,
347,collateral_capacity_contrast,empirical_crypto__joint_crypto_high_correlation,STABLE,share_system_rejections,14,26,capacity_14_minus_26,1,operational,3,0.0,0.0,0.0,0.0,0.0,0.0,0.0,0.0,0.0,0.0,0.0,0,0,
348,collateral_capacity_contrast,empirical_crypto__joint_crypto_high_correlation,STABLE,share_system_rejections,26,45,capacity_26_minus_45,1,not_operational,0,,,,,,,,,,,,0,0,
349,collateral_capacity_contrast,empirical_crypto__joint_crypto_high_correlation,STABLE,share_system_rejections,14,45,capacity_14_minus_45,1,not_operational,0,,,,,,,,,,,,0,0,
350,collateral_capacity_contrast,empirical_crypto__joint_crypto_high_correlation,STABLE,contribution_to_system_backlog,14,26,capacity_14_minus_26,1,operational,74,0.0,0.0,0.0,0.0,0.0,0.0,0.0,0.0,0.0,0.0,0.0,0,0,
351,collateral_capacity_contrast,empirical_crypto__joint_crypto_high_correlation,STABLE,contribution_to_system_backlog,26,45,capacity_26_minus_45,1,operational,74,0.0,0.0,0.0,0.0,0.0,0.0,0.0,0.0,0.0,0.0,0.0,0,0,
352,collateral_capacity_contrast,empirical_crypto__joint_crypto_high_correlation,STABLE,contribution_to_system_backlog,14,45,capacity_14_minus_45,1,operational,74,0.0,0.0,0.0,0.0,0.0,0.0,0.0,0.0,0.0,0.0,0.0,0,0,
353,collateral_capacity_contrast,empirical_crypto__joint_crypto_high_correlation,STABLE,exposure_normalised_backlog,14,26,capacity_14_minus_26,1,not_operational,0,,,,,,,,,,,,0,0,
354,collateral_capacity_contrast,empirical_crypto__joint_crypto_high_correlation,STABLE,exposure_normalised_backlog,26,45,capacity_26_minus_45,1,not_operational,0,,,,,,,,,,,,0,0,
355,collateral_capacity_contrast,empirical_crypto__joint_crypto_high_correlation,STABLE,exposure_normalised_backlog,14,45,capacity_14_minus_45,1,not_operational,0,,,,,,,,,,,,0,0,
356,collateral_capacity_contrast,empirical_crypto__joint_crypto_high_correlation,STABLE,exposure_normalised_unresolved_tab,14,26,capacity_14_minus_26,1,not_operational,0,,,,,,,,,,,,0,0,
357,collateral_capacity_contrast,empirical_crypto__joint_crypto_high_correlation,STABLE,exposure_normalised_unresolved_tab,26,45,capacity_26_minus_45,1,not_operational,0,,,,,,,,,,,,0,0,
358,collateral_capacity_contrast,empirical_crypto__joint_crypto_high_correlation,STABLE,exposure_normalised_unresolved_tab,14,45,capacity_14_minus_45,1,not_operational,0,,,,,,,,,,,,0,0,
359,collateral_capacity_contrast,empirical_crypto__joint_crypto_high_correlation,STABLE,displaced_candidates,14,26,capacity_14_minus_26,1,operational,128,0.0,0.0,0.0,0.0,0.0,0.0,0.0,0.0,0.0,0.0,0.0,0,0,
360,collateral_capacity_contrast,empirical_crypto__joint_crypto_high_correlation,STABLE,displaced_candidates,26,45,capacity_26_minus_45,1,operational,128,0.0,0.0,0.0,0.0,0.0,0.0,0.0,0.0,0.0,0.0,0.0,0,0,
361,collateral_capacity_contrast,empirical_crypto__joint_crypto_high_correlation,STABLE,displaced_candidates,14,45,capacity_14_minus_45,1,operational,128,0.0,0.0,0.0,0.0,0.0,0.0,0.0,0.0,0.0,0.0,0.0,0,0,
362,collateral_capacity_contrast,empirical_crypto__joint_crypto_high_correlation,STABLE,cross_family_displacement_hours,14,26,capacity_14_minus_26,1,operational,128,0.0,0.0,0.0,0.0,0.0,0.0,0.0,0.0,0.0,0.0,0.0,0,0,
363,collateral_capacity_contrast,empirical_crypto__joint_crypto_high_correlation,STABLE,cross_family_displacement_hours,26,45,capacity_26_minus_45,1,operational,128,0.0,0.0,0.0,0.0,0.0,0.0,0.0,0.0,0.0,0.0,0.0,0,0,
364,collateral_capacity_contrast,empirical_crypto__joint_crypto_high_correlation,STABLE,cross_family_displacement_hours,14,45,capacity_14_minus_45,1,operational,128,0.0,0.0,0.0,0.0,0.0,0.0,0.0,0.0,0.0,0.0,0.0,0,0,
365,raw_capacity_contrast,stable_supported__joint_crypto_stable_stress,,backlog_area_share,14,26,capacity_14_minus_26,1,operational,128,2.7661708976675983e-05,2.5098663651967056e-05,-2.1531671781179446e-05,7.68550897345314e-05,0.0,0.0,0.0,0.0,0.0,0.0,0.015625,2,0,
366,direction_normalised_capacity_relief,stable_supported__joint_crypto_stable_stress,,backlog_area_share,14,26,capacity_14_minus_26,1,operational,128,2.7661708976675983e-05,2.5098663651967056e-05,-2.1531671781179446e-05,7.68550897345314e-05,0.0,0.0,0.0,0.0,0.0,0.0,0.015625,2,0,
367,raw_capacity_contrast,stable_supported__joint_crypto_stable_stress,,backlog_area_share,26,45,capacity_26_minus_45,1,operational,128,0.0,0.0,0.0,0.0,0.0,0.0,0.0,0.0,0.0,0.0,0.0,0,0,
368,direction_normalised_capacity_relief,stable_supported__joint_crypto_stable_stress,,backlog_area_share,26,45,capacity_26_minus_45,1,operational,128,0.0,0.0,0.0,0.0,0.0,0.0,0.0,0.0,0.0,0.0,0.0,0,0,
369,raw_capacity_contrast,stable_supported__joint_crypto_stable_stress,,backlog_area_share,14,45,capacity_14_minus_45,1,operational,128,2.7661708976675983e-05,2.5098663651967056e-05,-2.1531671781179446e-05,7.68550897345314e-05,0.0,0.0,0.0,0.0,0.0,0.0,0.015625,2,0,
370,direction_normalised_capacity_relief,stable_supported__joint_crypto_stable_stress,,backlog_area_share,14,45,capacity_14_minus_45,1,operational,128,2.7661708976675983e-05,2.5098663651967056e-05,-2.1531671781179446e-05,7.68550897345314e-05,0.0,0.0,0.0,0.0,0.0,0.0,0.015625,2,0,
371,monotonicity_classification,stable_supported__joint_crypto_stable_stress,,backlog_area_share,14,45,capacity_14_minus_45,1,operational,128,2.7661708976675983e-05,2.5098663651967056e-05,-2.1531671781179446e-05,7.68550897345314e-05,0.0,0.0,0.0,0.0,0.0,0.0,0.015625,2,0,no_capacity_effect
372,raw_capacity_contrast,stable_supported__joint_crypto_stable_stress,,maximum_unresolved_tab_share,14,26,capacity_14_minus_26,1,operational,128,0.0,0.0,0.0,0.0,0.0,0.0,0.0,0.0,0.0,0.0,0.0,0,0,
373,direction_normalised_capacity_relief,stable_supported__joint_crypto_stable_stress,,maximum_unresolved_tab_share,14,26,capacity_14_minus_26,1,operational,128,0.0,0.0,0.0,0.0,0.0,0.0,0.0,0.0,0.0,0.0,0.0,0,0,
374,raw_capacity_contrast,stable_supported__joint_crypto_stable_stress,,maximum_unresolved_tab_share,26,45,capacity_26_minus_45,1,operational,128,0.0,0.0,0.0,0.0,0.0,0.0,0.0,0.0,0.0,0.0,0.0,0,0,
375,direction_normalised_capacity_relief,stable_supported__joint_crypto_stable_stress,,maximum_unresolved_tab_share,26,45,capacity_26_minus_45,1,operational,128,0.0,0.0,0.0,0.0,0.0,0.0,0.0,0.0,0.0,0.0,0.0,0,0,
376,raw_capacity_contrast,stable_supported__joint_crypto_stable_stress,,maximum_unresolved_tab_share,14,45,capacity_14_minus_45,1,operational,128,0.0,0.0,0.0,0.0,0.0,0.0,0.0,0.0,0.0,0.0,0.0,0,0,
377,direction_normalised_capacity_relief,stable_supported__joint_crypto_stable_stress,,maximum_unresolved_tab_share,14,45,capacity_14_minus_45,1,operational,128,0.0,0.0,0.0,0.0,0.0,0.0,0.0,0.0,0.0,0.0,0.0,0,0,
378,monotonicity_classification,stable_supported__joint_crypto_stable_stress,,maximum_unresolved_tab_share,14,45,capacity_14_minus_45,1,operational,128,0.0,0.0,0.0,0.0,0.0,0.0,0.0,0.0,0.0,0.0,0.0,0,0,no_capacity_effect
379,raw_capacity_contrast,stable_supported__joint_crypto_stable_stress,,terminal_unresolved_tab_share,14,26,capacity_14_minus_26,1,operational,128,0.0,0.0,0.0,0.0,0.0,0.0,0.0,0.0,0.0,0.0,0.0,0,0,
380,direction_normalised_capacity_relief,stable_supported__joint_crypto_stable_stress,,terminal_unresolved_tab_share,14,26,capacity_14_minus_26,1,operational,128,0.0,0.0,0.0,0.0,0.0,0.0,0.0,0.0,0.0,0.0,0.0,0,0,
381,raw_capacity_contrast,stable_supported__joint_crypto_stable_stress,,terminal_unresolved_tab_share,26,45,capacity_26_minus_45,1,operational,128,0.0,0.0,0.0,0.0,0.0,0.0,0.0,0.0,0.0,0.0,0.0,0,0,
382,direction_normalised_capacity_relief,stable_supported__joint_crypto_stable_stress,,terminal_unresolved_tab_share,26,45,capacity_26_minus_45,1,operational,128,0.0,0.0,0.0,0.0,0.0,0.0,0.0,0.0,0.0,0.0,0.0,0,0,
383,raw_capacity_contrast,stable_supported__joint_crypto_stable_stress,,terminal_unresolved_tab_share,14,45,capacity_14_minus_45,1,operational,128,0.0,0.0,0.0,0.0,0.0,0.0,0.0,0.0,0.0,0.0,0.0,0,0,
384,direction_normalised_capacity_relief,stable_supported__joint_crypto_stable_stress,,terminal_unresolved_tab_share,14,45,capacity_14_minus_45,1,operational,128,0.0,0.0,0.0,0.0,0.0,0.0,0.0,0.0,0.0,0.0,0.0,0,0,
385,monotonicity_classification,stable_supported__joint_crypto_stable_stress,,terminal_unresolved_tab_share,14,45,capacity_14_minus_45,1,operational,128,0.0,0.0,0.0,0.0,0.0,0.0,0.0,0.0,0.0,0.0,0.0,0,0,no_capacity_effect
386,raw_capacity_contrast,stable_supported__joint_crypto_stable_stress,,liquidation_completion_ratio,14,26,capacity_14_minus_26,1,operational,41,0.0,0.0,0.0,0.0,0.0,0.0,0.0,0.0,0.0,0.0,0.0,0,0,
387,direction_normalised_capacity_relief,stable_supported__joint_crypto_stable_stress,,liquidation_completion_ratio,14,26,capacity_14_minus_26,-1,operational,41,0.0,0.0,0.0,0.0,0.0,0.0,0.0,0.0,0.0,0.0,0.0,0,0,
388,raw_capacity_contrast,stable_supported__joint_crypto_stable_stress,,liquidation_completion_ratio,26,45,capacity_26_minus_45,1,operational,41,0.0,0.0,0.0,0.0,0.0,0.0,0.0,0.0,0.0,0.0,0.0,0,0,
389,direction_normalised_capacity_relief,stable_supported__joint_crypto_stable_stress,,liquidation_completion_ratio,26,45,capacity_26_minus_45,-1,operational,41,0.0,0.0,0.0,0.0,0.0,0.0,0.0,0.0,0.0,0.0,0.0,0,0,
390,raw_capacity_contrast,stable_supported__joint_crypto_stable_stress,,liquidation_completion_ratio,14,45,capacity_14_minus_45,1,operational,41,0.0,0.0,0.0,0.0,0.0,0.0,0.0,0.0,0.0,0.0,0.0,0,0,
391,direction_normalised_capacity_relief,stable_supported__joint_crypto_stable_stress,,liquidation_completion_ratio,14,45,capacity_14_minus_45,-1,operational,41,0.0,0.0,0.0,0.0,0.0,0.0,0.0,0.0,0.0,0.0,0.0,0,0,
392,monotonicity_classification,stable_supported__joint_crypto_stable_stress,,liquidation_completion_ratio,14,45,capacity_14_minus_45,-1,operational,41,0.0,0.0,0.0,0.0,0.0,0.0,0.0,0.0,0.0,0.0,0.0,0,0,no_capacity_effect
393,raw_capacity_contrast,stable_supported__joint_crypto_stable_stress,,capacity_rejected_opportunity_count,14,26,capacity_14_minus_26,1,operational,128,0.078125,0.04520482557118498,-0.010476458119522553,0.16672645811952255,0.0,0.0,0.0,0.0,0.0,0.0,0.0234375,3,0,
394,direction_normalised_capacity_relief,stable_supported__joint_crypto_stable_stress,,capacity_rejected_opportunity_count,14,26,capacity_14_minus_26,1,operational,128,0.078125,0.04520482557118498,-0.010476458119522553,0.16672645811952255,0.0,0.0,0.0,0.0,0.0,0.0,0.0234375,3,0,
395,raw_capacity_contrast,stable_supported__joint_crypto_stable_stress,,capacity_rejected_opportunity_count,26,45,capacity_26_minus_45,1,operational,128,0.0,0.0,0.0,0.0,0.0,0.0,0.0,0.0,0.0,0.0,0.0,0,0,
396,direction_normalised_capacity_relief,stable_supported__joint_crypto_stable_stress,,capacity_rejected_opportunity_count,26,45,capacity_26_minus_45,1,operational,128,0.0,0.0,0.0,0.0,0.0,0.0,0.0,0.0,0.0,0.0,0.0,0,0,
397,raw_capacity_contrast,stable_supported__joint_crypto_stable_stress,,capacity_rejected_opportunity_count,14,45,capacity_14_minus_45,1,operational,128,0.078125,0.04520482557118498,-0.010476458119522553,0.16672645811952255,0.0,0.0,0.0,0.0,0.0,0.0,0.0234375,3,0,
398,direction_normalised_capacity_relief,stable_supported__joint_crypto_stable_stress,,capacity_rejected_opportunity_count,14,45,capacity_14_minus_45,1,operational,128,0.078125,0.04520482557118498,-0.010476458119522553,0.16672645811952255,0.0,0.0,0.0,0.0,0.0,0.0,0.0234375,3,0,
399,monotonicity_classification,stable_supported__joint_crypto_stable_stress,,capacity_rejected_opportunity_count,14,45,capacity_14_minus_45,1,operational,128,0.078125,0.04520482557118498,-0.010476458119522553,0.16672645811952255,0.0,0.0,0.0,0.0,0.0,0.0,0.0234375,3,0,no_capacity_effect
400,raw_capacity_contrast,stable_supported__joint_crypto_stable_stress,,capacity_rejection_share,14,26,capacity_14_minus_26,1,operational,40,0.0037916666666666667,0.0021574322443332697,-0.00043690053222654153,0.008020233865559875,0.0,0.0,0.0,0.0,0.0,0.042083333333333306,0.075,3,0,
401,direction_normalised_capacity_relief,stable_supported__joint_crypto_stable_stress,,capacity_rejection_share,14,26,capacity_14_minus_26,1,operational,40,0.0037916666666666667,0.0021574322443332697,-0.00043690053222654153,0.008020233865559875,0.0,0.0,0.0,0.0,0.0,0.042083333333333306,0.075,3,0,
402,raw_capacity_contrast,stable_supported__joint_crypto_stable_stress,,capacity_rejection_share,26,45,capacity_26_minus_45,1,operational,40,0.0,0.0,0.0,0.0,0.0,0.0,0.0,0.0,0.0,0.0,0.0,0,0,
403,direction_normalised_capacity_relief,stable_supported__joint_crypto_stable_stress,,capacity_rejection_share,26,45,capacity_26_minus_45,1,operational,40,0.0,0.0,0.0,0.0,0.0,0.0,0.0,0.0,0.0,0.0,0.0,0,0,
404,raw_capacity_contrast,stable_supported__joint_crypto_stable_stress,,capacity_rejection_share,14,45,capacity_14_minus_45,1,operational,40,0.0037916666666666667,0.0021574322443332697,-0.00043690053222654153,0.008020233865559875,0.0,0.0,0.0,0.0,0.0,0.042083333333333306,0.075,3,0,
405,direction_normalised_capacity_relief,stable_supported__joint_crypto_stable_stress,,capacity_rejection_share,14,45,capacity_14_minus_45,1,operational,40,0.0037916666666666667,0.0021574322443332697,-0.00043690053222654153,0.008020233865559875,0.0,0.0,0.0,0.0,0.0,0.042083333333333306,0.075,3,0,
406,monotonicity_classification,stable_supported__joint_crypto_stable_stress,,capacity_rejection_share,14,45,capacity_14_minus_45,1,operational,40,0.0037916666666666667,0.0021574322443332697,-0.00043690053222654153,0.008020233865559875,0.0,0.0,0.0,0.0,0.0,0.042083333333333306,0.075,3,0,no_capacity_effect
407,raw_capacity_contrast,stable_supported__joint_crypto_stable_stress,,successful_closure_count,14,26,capacity_14_minus_26,1,operational,128,0.0,0.0,0.0,0.0,0.0,0.0,0.0,0.0,0.0,0.0,0.0,0,0,
408,direction_normalised_capacity_relief,stable_supported__joint_crypto_stable_stress,,successful_closure_count,14,26,capacity_14_minus_26,-1,operational,128,0.0,0.0,0.0,0.0,0.0,0.0,0.0,0.0,0.0,0.0,0.0,0,0,
409,raw_capacity_contrast,stable_supported__joint_crypto_stable_stress,,successful_closure_count,26,45,capacity_26_minus_45,1,operational,128,0.0,0.0,0.0,0.0,0.0,0.0,0.0,0.0,0.0,0.0,0.0,0,0,
410,direction_normalised_capacity_relief,stable_supported__joint_crypto_stable_stress,,successful_closure_count,26,45,capacity_26_minus_45,-1,operational,128,0.0,0.0,0.0,0.0,0.0,0.0,0.0,0.0,0.0,0.0,0.0,0,0,
411,raw_capacity_contrast,stable_supported__joint_crypto_stable_stress,,successful_closure_count,14,45,capacity_14_minus_45,1,operational,128,0.0,0.0,0.0,0.0,0.0,0.0,0.0,0.0,0.0,0.0,0.0,0,0,
412,direction_normalised_capacity_relief,stable_supported__joint_crypto_stable_stress,,successful_closure_count,14,45,capacity_14_minus_45,-1,operational,128,0.0,0.0,0.0,0.0,0.0,0.0,0.0,0.0,0.0,0.0,0.0,0,0,
413,monotonicity_classification,stable_supported__joint_crypto_stable_stress,,successful_closure_count,14,45,capacity_14_minus_45,-1,operational,128,0.0,0.0,0.0,0.0,0.0,0.0,0.0,0.0,0.0,0.0,0.0,0,0,no_capacity_effect
414,raw_capacity_contrast,stable_supported__joint_crypto_stable_stress,,liquidated_debt_share,14,26,capacity_14_minus_26,1,operational,128,0.0,0.0,0.0,0.0,0.0,0.0,0.0,0.0,0.0,0.0,0.0,0,0,
415,direction_normalised_capacity_relief,stable_supported__joint_crypto_stable_stress,,liquidated_debt_share,14,26,capacity_14_minus_26,-1,operational,128,0.0,0.0,0.0,0.0,0.0,0.0,-0.0,0.0,0.0,-0.0,0.0,0,0,
416,raw_capacity_contrast,stable_supported__joint_crypto_stable_stress,,liquidated_debt_share,26,45,capacity_26_minus_45,1,operational,128,0.0,0.0,0.0,0.0,0.0,0.0,0.0,0.0,0.0,0.0,0.0,0,0,
417,direction_normalised_capacity_relief,stable_supported__joint_crypto_stable_stress,,liquidated_debt_share,26,45,capacity_26_minus_45,-1,operational,128,0.0,0.0,0.0,0.0,0.0,0.0,-0.0,0.0,0.0,-0.0,0.0,0,0,
418,raw_capacity_contrast,stable_supported__joint_crypto_stable_stress,,liquidated_debt_share,14,45,capacity_14_minus_45,1,operational,128,0.0,0.0,0.0,0.0,0.0,0.0,0.0,0.0,0.0,0.0,0.0,0,0,
419,direction_normalised_capacity_relief,stable_supported__joint_crypto_stable_stress,,liquidated_debt_share,14,45,capacity_14_minus_45,-1,operational,128,0.0,0.0,0.0,0.0,0.0,0.0,-0.0,0.0,0.0,-0.0,0.0,0,0,
420,monotonicity_classification,stable_supported__joint_crypto_stable_stress,,liquidated_debt_share,14,45,capacity_14_minus_45,-1,operational,128,0.0,0.0,0.0,0.0,0.0,0.0,-0.0,0.0,0.0,-0.0,0.0,0,0,no_capacity_effect
421,raw_capacity_contrast,stable_supported__joint_crypto_stable_stress,,debt_weighted_liquidated_vault_share,14,26,capacity_14_minus_26,1,operational,128,0.0,0.0,0.0,0.0,0.0,0.0,0.0,0.0,0.0,0.0,0.0,0,0,
422,direction_normalised_capacity_relief,stable_supported__joint_crypto_stable_stress,,debt_weighted_liquidated_vault_share,14,26,capacity_14_minus_26,-1,operational,128,0.0,0.0,0.0,0.0,0.0,0.0,-0.0,0.0,0.0,-0.0,0.0,0,0,
423,raw_capacity_contrast,stable_supported__joint_crypto_stable_stress,,debt_weighted_liquidated_vault_share,26,45,capacity_26_minus_45,1,operational,128,0.0,0.0,0.0,0.0,0.0,0.0,0.0,0.0,0.0,0.0,0.0,0,0,
424,direction_normalised_capacity_relief,stable_supported__joint_crypto_stable_stress,,debt_weighted_liquidated_vault_share,26,45,capacity_26_minus_45,-1,operational,128,0.0,0.0,0.0,0.0,0.0,0.0,-0.0,0.0,0.0,-0.0,0.0,0,0,
425,raw_capacity_contrast,stable_supported__joint_crypto_stable_stress,,debt_weighted_liquidated_vault_share,14,45,capacity_14_minus_45,1,operational,128,0.0,0.0,0.0,0.0,0.0,0.0,0.0,0.0,0.0,0.0,0.0,0,0,
426,direction_normalised_capacity_relief,stable_supported__joint_crypto_stable_stress,,debt_weighted_liquidated_vault_share,14,45,capacity_14_minus_45,-1,operational,128,0.0,0.0,0.0,0.0,0.0,0.0,-0.0,0.0,0.0,-0.0,0.0,0,0,
427,monotonicity_classification,stable_supported__joint_crypto_stable_stress,,debt_weighted_liquidated_vault_share,14,45,capacity_14_minus_45,-1,operational,128,0.0,0.0,0.0,0.0,0.0,0.0,-0.0,0.0,0.0,-0.0,0.0,0,0,no_capacity_effect
428,raw_capacity_contrast,stable_supported__joint_crypto_stable_stress,,hours_with_positive_unresolved_backlog,14,26,capacity_14_minus_26,1,operational,128,0.0,0.0,0.0,0.0,0.0,0.0,0.0,0.0,0.0,0.0,0.0,0,0,
429,direction_normalised_capacity_relief,stable_supported__joint_crypto_stable_stress,,hours_with_positive_unresolved_backlog,14,26,capacity_14_minus_26,1,operational,128,0.0,0.0,0.0,0.0,0.0,0.0,0.0,0.0,0.0,0.0,0.0,0,0,
430,raw_capacity_contrast,stable_supported__joint_crypto_stable_stress,,hours_with_positive_unresolved_backlog,26,45,capacity_26_minus_45,1,operational,128,0.0,0.0,0.0,0.0,0.0,0.0,0.0,0.0,0.0,0.0,0.0,0,0,
431,direction_normalised_capacity_relief,stable_supported__joint_crypto_stable_stress,,hours_with_positive_unresolved_backlog,26,45,capacity_26_minus_45,1,operational,128,0.0,0.0,0.0,0.0,0.0,0.0,0.0,0.0,0.0,0.0,0.0,0,0,
432,raw_capacity_contrast,stable_supported__joint_crypto_stable_stress,,hours_with_positive_unresolved_backlog,14,45,capacity_14_minus_45,1,operational,128,0.0,0.0,0.0,0.0,0.0,0.0,0.0,0.0,0.0,0.0,0.0,0,0,
433,direction_normalised_capacity_relief,stable_supported__joint_crypto_stable_stress,,hours_with_positive_unresolved_backlog,14,45,capacity_14_minus_45,1,operational,128,0.0,0.0,0.0,0.0,0.0,0.0,0.0,0.0,0.0,0.0,0.0,0,0,
434,monotonicity_classification,stable_supported__joint_crypto_stable_stress,,hours_with_positive_unresolved_backlog,14,45,capacity_14_minus_45,1,operational,128,0.0,0.0,0.0,0.0,0.0,0.0,0.0,0.0,0.0,0.0,0.0,0,0,no_capacity_effect
435,raw_capacity_contrast,stable_supported__joint_crypto_stable_stress,,capacity_binding_hours,14,26,capacity_14_minus_26,1,operational,128,0.0234375,0.013424675715302162,-0.002874864401992236,0.049749864401992236,0.0,0.0,0.0,0.0,0.0,0.0,0.0234375,3,0,
436,direction_normalised_capacity_relief,stable_supported__joint_crypto_stable_stress,,capacity_binding_hours,14,26,capacity_14_minus_26,1,operational,128,0.0234375,0.013424675715302162,-0.002874864401992236,0.049749864401992236,0.0,0.0,0.0,0.0,0.0,0.0,0.0234375,3,0,
437,raw_capacity_contrast,stable_supported__joint_crypto_stable_stress,,capacity_binding_hours,26,45,capacity_26_minus_45,1,operational,128,0.0,0.0,0.0,0.0,0.0,0.0,0.0,0.0,0.0,0.0,0.0,0,0,
438,direction_normalised_capacity_relief,stable_supported__joint_crypto_stable_stress,,capacity_binding_hours,26,45,capacity_26_minus_45,1,operational,128,0.0,0.0,0.0,0.0,0.0,0.0,0.0,0.0,0.0,0.0,0.0,0,0,
439,raw_capacity_contrast,stable_supported__joint_crypto_stable_stress,,capacity_binding_hours,14,45,capacity_14_minus_45,1,operational,128,0.0234375,0.013424675715302162,-0.002874864401992236,0.049749864401992236,0.0,0.0,0.0,0.0,0.0,0.0,0.0234375,3,0,
440,direction_normalised_capacity_relief,stable_supported__joint_crypto_stable_stress,,capacity_binding_hours,14,45,capacity_14_minus_45,1,operational,128,0.0234375,0.013424675715302162,-0.002874864401992236,0.049749864401992236,0.0,0.0,0.0,0.0,0.0,0.0,0.0234375,3,0,
441,monotonicity_classification,stable_supported__joint_crypto_stable_stress,,capacity_binding_hours,14,45,capacity_14_minus_45,1,operational,128,0.0234375,0.013424675715302162,-0.002874864401992236,0.049749864401992236,0.0,0.0,0.0,0.0,0.0,0.0,0.0234375,3,0,no_capacity_effect
442,raw_capacity_contrast,stable_supported__joint_crypto_stable_stress,,mean_capacity_utilisation,14,26,capacity_14_minus_26,1,operational,128,0.00032617664453601946,7.802160957327463e-05,0.0001732542897724012,0.00047909899929963773,0.0,0.0,0.0,0.00010302197802197801,0.0007600732600732596,0.0023454670329670297,0.3125,40,0,
443,direction_normalised_capacity_relief,stable_supported__joint_crypto_stable_stress,,mean_capacity_utilisation,14,26,capacity_14_minus_26,1,operational,128,0.00032617664453601946,7.802160957327463e-05,0.0001732542897724012,0.00047909899929963773,0.0,0.0,0.0,0.00010302197802197801,0.0007600732600732596,0.0023454670329670297,0.3125,40,0,
444,raw_capacity_contrast,stable_supported__joint_crypto_stable_stress,,mean_capacity_utilisation,26,45,capacity_26_minus_45,1,operational,128,0.00016334468482905983,3.92820064364165e-05,8.63519522136835e-05,0.00024033741744443617,0.0,0.0,0.0,5.074786324786325e-05,0.00037440645773979104,0.0012506528964862276,0.3125,40,0,
445,direction_normalised_capacity_relief,stable_supported__joint_crypto_stable_stress,,mean_capacity_utilisation,26,45,capacity_26_minus_45,1,operational,128,0.00016334468482905983,3.92820064364165e-05,8.63519522136835e-05,0.00024033741744443617,0.0,0.0,0.0,5.074786324786325e-05,0.00037440645773979104,0.0012506528964862276,0.3125,40,0,
446,raw_capacity_contrast,stable_supported__joint_crypto_stable_stress,,mean_capacity_utilisation,14,45,capacity_14_minus_45,1,operational,128,0.0004895213293650794,0.000117278559318951,0.00025965535309993543,0.0007193873056302233,0.0,0.0,0.0,0.00015376984126984128,0.0011344797178130506,0.0035961199294532575,0.3125,40,0,
447,direction_normalised_capacity_relief,stable_supported__joint_crypto_stable_stress,,mean_capacity_utilisation,14,45,capacity_14_minus_45,1,operational,128,0.0004895213293650794,0.000117278559318951,0.00025965535309993543,0.0007193873056302233,0.0,0.0,0.0,0.00015376984126984128,0.0011344797178130506,0.0035961199294532575,0.3125,40,0,
448,monotonicity_classification,stable_supported__joint_crypto_stable_stress,,mean_capacity_utilisation,14,45,capacity_14_minus_45,1,operational,128,0.0004895213293650794,0.000117278559318951,0.00025965535309993543,0.0007193873056302233,0.0,0.0,0.0,0.00015376984126984128,0.0011344797178130506,0.0035961199294532575,0.3125,40,0,monotonic_relief
449,raw_capacity_contrast,stable_supported__joint_crypto_stable_stress,,maximum_capacity_utilisation,14,26,capacity_14_minus_26,1,operational,128,0.047475961538461536,0.00803703251663322,0.031723377805860424,0.06322854527106264,0.0,0.0,0.0,0.06593406593406592,0.1747252747252746,0.28516483516483493,0.3125,40,0,
450,direction_normalised_capacity_relief,stable_supported__joint_crypto_stable_stress,,maximum_capacity_utilisation,14,26,capacity_14_minus_26,1,operational,128,0.047475961538461536,0.00803703251663322,0.031723377805860424,0.06322854527106264,0.0,0.0,0.0,0.06593406593406592,0.1747252747252746,0.28516483516483493,0.3125,40,0,
451,raw_capacity_contrast,stable_supported__joint_crypto_stable_stress,,maximum_capacity_utilisation,26,45,capacity_26_minus_45,1,operational,128,0.026135149572649577,0.004923844318366202,0.01648441470865182,0.03578588443664733,0.0,0.0,0.0,0.03247863247863248,0.08606837606837604,0.14047008547008533,0.3125,40,0,
452,direction_normalised_capacity_relief,stable_supported__joint_crypto_stable_stress,,maximum_capacity_utilisation,26,45,capacity_26_minus_45,1,operational,128,0.026135149572649577,0.004923844318366202,0.01648441470865182,0.03578588443664733,0.0,0.0,0.0,0.03247863247863248,0.08606837606837604,0.14047008547008533,0.3125,40,0,
453,raw_capacity_contrast,stable_supported__joint_crypto_stable_stress,,maximum_capacity_utilisation,14,45,capacity_14_minus_45,1,operational,128,0.0736111111111111,0.01283505053624838,0.048454412060064275,0.09876781016215792,0.0,0.0,0.0,0.0984126984126984,0.26079365079365063,0.4256349206349202,0.3125,40,0,
454,direction_normalised_capacity_relief,stable_supported__joint_crypto_stable_stress,,maximum_capacity_utilisation,14,45,capacity_14_minus_45,1,operational,128,0.0736111111111111,0.01283505053624838,0.048454412060064275,0.09876781016215792,0.0,0.0,0.0,0.0984126984126984,0.26079365079365063,0.4256349206349202,0.3125,40,0,
455,monotonicity_classification,stable_supported__joint_crypto_stable_stress,,maximum_capacity_utilisation,14,45,capacity_14_minus_45,1,operational,128,0.0736111111111111,0.01283505053624838,0.048454412060064275,0.09876781016215792,0.0,0.0,0.0,0.0984126984126984,0.26079365079365063,0.4256349206349202,0.3125,40,0,monotonic_relief
456,raw_capacity_contrast,stable_supported__joint_crypto_stable_stress,,mean_positive_demand_utilisation,14,26,capacity_14_minus_26,1,operational,128,0.024369668004728458,0.0038469318361977587,0.01682968160578085,0.03190965440367607,0.0,0.0,0.0,0.04215547965547964,0.09388930907149527,0.1003296703296703,0.3125,40,0,
457,direction_normalised_capacity_relief,stable_supported__joint_crypto_stable_stress,,mean_positive_demand_utilisation,14,26,capacity_14_minus_26,1,operational,128,0.024369668004728458,0.0038469318361977587,0.01682968160578085,0.03190965440367607,0.0,0.0,0.0,0.04215547965547964,0.09388930907149527,0.1003296703296703,0.3125,40,0,
458,raw_capacity_contrast,stable_supported__joint_crypto_stable_stress,,mean_positive_demand_utilisation,26,45,capacity_26_minus_45,1,operational,128,0.012081040025000362,0.0019060912986015952,0.008345101079741235,0.01581697897025949,0.0,0.0,0.0,0.020765477015477016,0.04784352399737017,0.05010215710215712,0.3125,40,0,
459,direction_normalised_capacity_relief,stable_supported__joint_crypto_stable_stress,,mean_positive_demand_utilisation,26,45,capacity_26_minus_45,1,operational,128,0.012081040025000362,0.0019060912986015952,0.008345101079741235,0.01581697897025949,0.0,0.0,0.0,0.020765477015477016,0.04784352399737017,0.05010215710215712,0.3125,40,0,
460,raw_capacity_contrast,stable_supported__joint_crypto_stable_stress,,mean_positive_demand_utilisation,14,45,capacity_14_minus_45,1,operational,128,0.036450708029728815,0.005752520708735593,0.025175767440607053,0.04772564861885058,0.0,0.0,0.0,0.06292095667095665,0.1439168433905276,0.14975132275132272,0.3125,40,0,
461,direction_normalised_capacity_relief,stable_supported__joint_crypto_stable_stress,,mean_positive_demand_utilisation,14,45,capacity_14_minus_45,1,operational,128,0.036450708029728815,0.005752520708735593,0.025175767440607053,0.04772564861885058,0.0,0.0,0.0,0.06292095667095665,0.1439168433905276,0.14975132275132272,0.3125,40,0,
462,monotonicity_classification,stable_supported__joint_crypto_stable_stress,,mean_positive_demand_utilisation,14,45,capacity_14_minus_45,1,operational,128,0.036450708029728815,0.005752520708735593,0.025175767440607053,0.04772564861885058,0.0,0.0,0.0,0.06292095667095665,0.1439168433905276,0.14975132275132272,0.3125,40,0,monotonic_relief
463,raw_capacity_contrast,stable_supported__joint_crypto_stable_stress,,positive_demand_binding_share,14,26,capacity_14_minus_26,1,operational,128,0.0012989683014354068,0.0008004990602233558,-0.0002700098566023705,0.002867946459473184,0.0,0.0,0.0,0.0,0.0,0.0,0.0234375,3,0,
464,direction_normalised_capacity_relief,stable_supported__joint_crypto_stable_stress,,positive_demand_binding_share,14,26,capacity_14_minus_26,1,operational,128,0.0012989683014354068,0.0008004990602233558,-0.0002700098566023705,0.002867946459473184,0.0,0.0,0.0,0.0,0.0,0.0,0.0234375,3,0,
465,raw_capacity_contrast,stable_supported__joint_crypto_stable_stress,,positive_demand_binding_share,26,45,capacity_26_minus_45,1,operational,128,0.0,0.0,0.0,0.0,0.0,0.0,0.0,0.0,0.0,0.0,0.0,0,0,
466,direction_normalised_capacity_relief,stable_supported__joint_crypto_stable_stress,,positive_demand_binding_share,26,45,capacity_26_minus_45,1,operational,128,0.0,0.0,0.0,0.0,0.0,0.0,0.0,0.0,0.0,0.0,0.0,0,0,
467,raw_capacity_contrast,stable_supported__joint_crypto_stable_stress,,positive_demand_binding_share,14,45,capacity_14_minus_45,1,operational,128,0.0012989683014354068,0.0008004990602233558,-0.0002700098566023705,0.002867946459473184,0.0,0.0,0.0,0.0,0.0,0.0,0.0234375,3,0,
468,direction_normalised_capacity_relief,stable_supported__joint_crypto_stable_stress,,positive_demand_binding_share,14,45,capacity_14_minus_45,1,operational,128,0.0012989683014354068,0.0008004990602233558,-0.0002700098566023705,0.002867946459473184,0.0,0.0,0.0,0.0,0.0,0.0,0.0234375,3,0,
469,monotonicity_classification,stable_supported__joint_crypto_stable_stress,,positive_demand_binding_share,14,45,capacity_14_minus_45,1,operational,128,0.0012989683014354068,0.0008004990602233558,-0.0002700098566023705,0.002867946459473184,0.0,0.0,0.0,0.0,0.0,0.0,0.0234375,3,0,no_capacity_effect
470,raw_capacity_contrast,stable_supported__joint_crypto_stable_stress,,all_hour_binding_share,14,26,capacity_14_minus_26,1,operational,128,3.255208333333333e-05,1.8645382937919667e-05,-3.992867224989213e-06,6.909703389165587e-05,0.0,0.0,0.0,0.0,0.0,0.0,0.0234375,3,0,
471,direction_normalised_capacity_relief,stable_supported__joint_crypto_stable_stress,,all_hour_binding_share,14,26,capacity_14_minus_26,1,operational,128,3.255208333333333e-05,1.8645382937919667e-05,-3.992867224989213e-06,6.909703389165587e-05,0.0,0.0,0.0,0.0,0.0,0.0,0.0234375,3,0,
472,raw_capacity_contrast,stable_supported__joint_crypto_stable_stress,,all_hour_binding_share,26,45,capacity_26_minus_45,1,operational,128,0.0,0.0,0.0,0.0,0.0,0.0,0.0,0.0,0.0,0.0,0.0,0,0,
473,direction_normalised_capacity_relief,stable_supported__joint_crypto_stable_stress,,all_hour_binding_share,26,45,capacity_26_minus_45,1,operational,128,0.0,0.0,0.0,0.0,0.0,0.0,0.0,0.0,0.0,0.0,0.0,0,0,
474,raw_capacity_contrast,stable_supported__joint_crypto_stable_stress,,all_hour_binding_share,14,45,capacity_14_minus_45,1,operational,128,3.255208333333333e-05,1.8645382937919667e-05,-3.992867224989213e-06,6.909703389165587e-05,0.0,0.0,0.0,0.0,0.0,0.0,0.0234375,3,0,
475,direction_normalised_capacity_relief,stable_supported__joint_crypto_stable_stress,,all_hour_binding_share,14,45,capacity_14_minus_45,1,operational,128,3.255208333333333e-05,1.8645382937919667e-05,-3.992867224989213e-06,6.909703389165587e-05,0.0,0.0,0.0,0.0,0.0,0.0,0.0234375,3,0,
476,monotonicity_classification,stable_supported__joint_crypto_stable_stress,,all_hour_binding_share,14,45,capacity_14_minus_45,1,operational,128,3.255208333333333e-05,1.8645382937919667e-05,-3.992867224989213e-06,6.909703389165587e-05,0.0,0.0,0.0,0.0,0.0,0.0,0.0234375,3,0,no_capacity_effect
477,raw_capacity_contrast,stable_supported__joint_crypto_stable_stress,,unused_capacity_positive_demand_hours,14,26,capacity_14_minus_26,1,operational,128,-36.7890625,9.599437193505453,-55.60395939927069,-17.97416560072931,0.0,-221.85,-12.0,0.0,0.0,0.0,0.0,0,40,
478,direction_normalised_capacity_relief,stable_supported__joint_crypto_stable_stress,,unused_capacity_positive_demand_hours,14,26,capacity_14_minus_26,1,operational,128,-36.7890625,9.599437193505453,-55.60395939927069,-17.97416560072931,0.0,-221.85,-12.0,0.0,0.0,0.0,0.0,0,40,
479,raw_capacity_contrast,stable_supported__joint_crypto_stable_stress,,unused_capacity_positive_demand_hours,26,45,capacity_26_minus_45,1,operational,128,-58.3359375,15.219365760812327,-88.16589439119215,-28.50598060880784,0.0,-354.34999999999997,-19.0,0.0,0.0,0.0,0.0,0,40,
480,direction_normalised_capacity_relief,stable_supported__joint_crypto_stable_stress,,unused_capacity_positive_demand_hours,26,45,capacity_26_minus_45,1,operational,128,-58.3359375,15.219365760812327,-88.16589439119215,-28.50598060880784,0.0,-354.34999999999997,-19.0,0.0,0.0,0.0,0.0,0,40,
481,raw_capacity_contrast,stable_supported__joint_crypto_stable_stress,,unused_capacity_positive_demand_hours,14,45,capacity_14_minus_45,1,operational,128,-95.125,24.81875987102162,-143.76976934720238,-46.48023065279763,0.0,-576.1999999999999,-31.0,0.0,0.0,0.0,0.0,0,40,
482,direction_normalised_capacity_relief,stable_supported__joint_crypto_stable_stress,,unused_capacity_positive_demand_hours,14,45,capacity_14_minus_45,1,operational,128,-95.125,24.81875987102162,-143.76976934720238,-46.48023065279763,0.0,-576.1999999999999,-31.0,0.0,0.0,0.0,0.0,0,40,
483,monotonicity_classification,stable_supported__joint_crypto_stable_stress,,unused_capacity_positive_demand_hours,14,45,capacity_14_minus_45,1,operational,128,-95.125,24.81875987102162,-143.76976934720238,-46.48023065279763,0.0,-576.1999999999999,-31.0,0.0,0.0,0.0,0.0,0,40,capacity_effect_adverse
484,raw_capacity_contrast,stable_supported__joint_crypto_stable_stress,,realised_bad_debt_share,14,26,capacity_14_minus_26,1,degenerate,128,0.0,0.0,0.0,0.0,0.0,0.0,0.0,0.0,0.0,0.0,0.0,0,0,
485,direction_normalised_capacity_relief,stable_supported__joint_crypto_stable_stress,,realised_bad_debt_share,14,26,capacity_14_minus_26,1,degenerate,128,0.0,0.0,0.0,0.0,0.0,0.0,0.0,0.0,0.0,0.0,0.0,0,0,
486,raw_capacity_contrast,stable_supported__joint_crypto_stable_stress,,realised_bad_debt_share,26,45,capacity_26_minus_45,1,degenerate,128,0.0,0.0,0.0,0.0,0.0,0.0,0.0,0.0,0.0,0.0,0.0,0,0,
487,direction_normalised_capacity_relief,stable_supported__joint_crypto_stable_stress,,realised_bad_debt_share,26,45,capacity_26_minus_45,1,degenerate,128,0.0,0.0,0.0,0.0,0.0,0.0,0.0,0.0,0.0,0.0,0.0,0,0,
488,raw_capacity_contrast,stable_supported__joint_crypto_stable_stress,,realised_bad_debt_share,14,45,capacity_14_minus_45,1,degenerate,128,0.0,0.0,0.0,0.0,0.0,0.0,0.0,0.0,0.0,0.0,0.0,0,0,
489,direction_normalised_capacity_relief,stable_supported__joint_crypto_stable_stress,,realised_bad_debt_share,14,45,capacity_14_minus_45,1,degenerate,128,0.0,0.0,0.0,0.0,0.0,0.0,0.0,0.0,0.0,0.0,0.0,0,0,
490,monotonicity_classification,stable_supported__joint_crypto_stable_stress,,realised_bad_debt_share,14,45,capacity_14_minus_45,1,degenerate,128,0.0,0.0,0.0,0.0,0.0,0.0,0.0,0.0,0.0,0.0,0.0,0,0,not_operational
491,raw_capacity_contrast,stable_supported__joint_crypto_stable_stress,,positive_realised_bad_debt,14,26,capacity_14_minus_26,1,degenerate,128,0.0,0.0,0.0,0.0,0.0,0.0,0.0,0.0,0.0,0.0,0.0,0,0,
492,direction_normalised_capacity_relief,stable_supported__joint_crypto_stable_stress,,positive_realised_bad_debt,14,26,capacity_14_minus_26,1,degenerate,128,0.0,0.0,0.0,0.0,0.0,0.0,0.0,0.0,0.0,0.0,0.0,0,0,
493,raw_capacity_contrast,stable_supported__joint_crypto_stable_stress,,positive_realised_bad_debt,26,45,capacity_26_minus_45,1,degenerate,128,0.0,0.0,0.0,0.0,0.0,0.0,0.0,0.0,0.0,0.0,0.0,0,0,
494,direction_normalised_capacity_relief,stable_supported__joint_crypto_stable_stress,,positive_realised_bad_debt,26,45,capacity_26_minus_45,1,degenerate,128,0.0,0.0,0.0,0.0,0.0,0.0,0.0,0.0,0.0,0.0,0.0,0,0,
495,raw_capacity_contrast,stable_supported__joint_crypto_stable_stress,,positive_realised_bad_debt,14,45,capacity_14_minus_45,1,degenerate,128,0.0,0.0,0.0,0.0,0.0,0.0,0.0,0.0,0.0,0.0,0.0,0,0,
496,direction_normalised_capacity_relief,stable_supported__joint_crypto_stable_stress,,positive_realised_bad_debt,14,45,capacity_14_minus_45,1,degenerate,128,0.0,0.0,0.0,0.0,0.0,0.0,0.0,0.0,0.0,0.0,0.0,0,0,
497,monotonicity_classification,stable_supported__joint_crypto_stable_stress,,positive_realised_bad_debt,14,45,capacity_14_minus_45,1,degenerate,128,0.0,0.0,0.0,0.0,0.0,0.0,0.0,0.0,0.0,0.0,0.0,0,0,not_operational
498,raw_capacity_contrast,stable_supported__joint_crypto_stable_stress,,terminal_active_bad_debt_share,14,26,capacity_14_minus_26,1,degenerate,128,0.0,0.0,0.0,0.0,0.0,0.0,0.0,0.0,0.0,0.0,0.0,0,0,
499,direction_normalised_capacity_relief,stable_supported__joint_crypto_stable_stress,,terminal_active_bad_debt_share,14,26,capacity_14_minus_26,1,degenerate,128,0.0,0.0,0.0,0.0,0.0,0.0,0.0,0.0,0.0,0.0,0.0,0,0,
500,raw_capacity_contrast,stable_supported__joint_crypto_stable_stress,,terminal_active_bad_debt_share,26,45,capacity_26_minus_45,1,degenerate,128,0.0,0.0,0.0,0.0,0.0,0.0,0.0,0.0,0.0,0.0,0.0,0,0,
501,direction_normalised_capacity_relief,stable_supported__joint_crypto_stable_stress,,terminal_active_bad_debt_share,26,45,capacity_26_minus_45,1,degenerate,128,0.0,0.0,0.0,0.0,0.0,0.0,0.0,0.0,0.0,0.0,0.0,0,0,
502,raw_capacity_contrast,stable_supported__joint_crypto_stable_stress,,terminal_active_bad_debt_share,14,45,capacity_14_minus_45,1,degenerate,128,0.0,0.0,0.0,0.0,0.0,0.0,0.0,0.0,0.0,0.0,0.0,0,0,
503,direction_normalised_capacity_relief,stable_supported__joint_crypto_stable_stress,,terminal_active_bad_debt_share,14,45,capacity_14_minus_45,1,degenerate,128,0.0,0.0,0.0,0.0,0.0,0.0,0.0,0.0,0.0,0.0,0.0,0,0,
504,monotonicity_classification,stable_supported__joint_crypto_stable_stress,,terminal_active_bad_debt_share,14,45,capacity_14_minus_45,1,degenerate,128,0.0,0.0,0.0,0.0,0.0,0.0,0.0,0.0,0.0,0.0,0.0,0,0,not_operational
505,raw_capacity_contrast,stable_supported__joint_crypto_stable_stress,,below_peg_burden,14,26,capacity_14_minus_26,1,operational,128,0.0,0.0,0.0,0.0,0.0,0.0,0.0,0.0,0.0,0.0,0.0,0,0,
506,direction_normalised_capacity_relief,stable_supported__joint_crypto_stable_stress,,below_peg_burden,14,26,capacity_14_minus_26,1,operational,128,0.0,0.0,0.0,0.0,0.0,0.0,0.0,0.0,0.0,0.0,0.0,0,0,
507,raw_capacity_contrast,stable_supported__joint_crypto_stable_stress,,below_peg_burden,26,45,capacity_26_minus_45,1,operational,128,0.0,0.0,0.0,0.0,0.0,0.0,0.0,0.0,0.0,0.0,0.0,0,0,
508,direction_normalised_capacity_relief,stable_supported__joint_crypto_stable_stress,,below_peg_burden,26,45,capacity_26_minus_45,1,operational,128,0.0,0.0,0.0,0.0,0.0,0.0,0.0,0.0,0.0,0.0,0.0,0,0,
509,raw_capacity_contrast,stable_supported__joint_crypto_stable_stress,,below_peg_burden,14,45,capacity_14_minus_45,1,operational,128,0.0,0.0,0.0,0.0,0.0,0.0,0.0,0.0,0.0,0.0,0.0,0,0,
510,direction_normalised_capacity_relief,stable_supported__joint_crypto_stable_stress,,below_peg_burden,14,45,capacity_14_minus_45,1,operational,128,0.0,0.0,0.0,0.0,0.0,0.0,0.0,0.0,0.0,0.0,0.0,0,0,
511,monotonicity_classification,stable_supported__joint_crypto_stable_stress,,below_peg_burden,14,45,capacity_14_minus_45,1,operational,128,0.0,0.0,0.0,0.0,0.0,0.0,0.0,0.0,0.0,0.0,0.0,0,0,no_capacity_effect
512,raw_capacity_contrast,stable_supported__joint_crypto_stable_stress,,mean_absolute_peg_deviation,14,26,capacity_14_minus_26,1,operational,128,0.0,0.0,0.0,0.0,0.0,0.0,0.0,0.0,0.0,0.0,0.0,0,0,
513,direction_normalised_capacity_relief,stable_supported__joint_crypto_stable_stress,,mean_absolute_peg_deviation,14,26,capacity_14_minus_26,1,operational,128,0.0,0.0,0.0,0.0,0.0,0.0,0.0,0.0,0.0,0.0,0.0,0,0,
514,raw_capacity_contrast,stable_supported__joint_crypto_stable_stress,,mean_absolute_peg_deviation,26,45,capacity_26_minus_45,1,operational,128,0.0,0.0,0.0,0.0,0.0,0.0,0.0,0.0,0.0,0.0,0.0,0,0,
515,direction_normalised_capacity_relief,stable_supported__joint_crypto_stable_stress,,mean_absolute_peg_deviation,26,45,capacity_26_minus_45,1,operational,128,0.0,0.0,0.0,0.0,0.0,0.0,0.0,0.0,0.0,0.0,0.0,0,0,
516,raw_capacity_contrast,stable_supported__joint_crypto_stable_stress,,mean_absolute_peg_deviation,14,45,capacity_14_minus_45,1,operational,128,0.0,0.0,0.0,0.0,0.0,0.0,0.0,0.0,0.0,0.0,0.0,0,0,
517,direction_normalised_capacity_relief,stable_supported__joint_crypto_stable_stress,,mean_absolute_peg_deviation,14,45,capacity_14_minus_45,1,operational,128,0.0,0.0,0.0,0.0,0.0,0.0,0.0,0.0,0.0,0.0,0.0,0,0,
518,monotonicity_classification,stable_supported__joint_crypto_stable_stress,,mean_absolute_peg_deviation,14,45,capacity_14_minus_45,1,operational,128,0.0,0.0,0.0,0.0,0.0,0.0,0.0,0.0,0.0,0.0,0.0,0,0,no_capacity_effect
519,raw_capacity_contrast,stable_supported__joint_crypto_stable_stress,,minimum_dai_price,14,26,capacity_14_minus_26,1,operational,128,0.0,0.0,0.0,0.0,0.0,0.0,0.0,0.0,0.0,0.0,0.0,0,0,
520,direction_normalised_capacity_relief,stable_supported__joint_crypto_stable_stress,,minimum_dai_price,14,26,capacity_14_minus_26,-1,operational,128,0.0,0.0,0.0,0.0,0.0,0.0,-0.0,0.0,0.0,-0.0,0.0,0,0,
521,raw_capacity_contrast,stable_supported__joint_crypto_stable_stress,,minimum_dai_price,26,45,capacity_26_minus_45,1,operational,128,0.0,0.0,0.0,0.0,0.0,0.0,0.0,0.0,0.0,0.0,0.0,0,0,
522,direction_normalised_capacity_relief,stable_supported__joint_crypto_stable_stress,,minimum_dai_price,26,45,capacity_26_minus_45,-1,operational,128,0.0,0.0,0.0,0.0,0.0,0.0,-0.0,0.0,0.0,-0.0,0.0,0,0,
523,raw_capacity_contrast,stable_supported__joint_crypto_stable_stress,,minimum_dai_price,14,45,capacity_14_minus_45,1,operational,128,0.0,0.0,0.0,0.0,0.0,0.0,0.0,0.0,0.0,0.0,0.0,0,0,
524,direction_normalised_capacity_relief,stable_supported__joint_crypto_stable_stress,,minimum_dai_price,14,45,capacity_14_minus_45,-1,operational,128,0.0,0.0,0.0,0.0,0.0,0.0,-0.0,0.0,0.0,-0.0,0.0,0,0,
525,monotonicity_classification,stable_supported__joint_crypto_stable_stress,,minimum_dai_price,14,45,capacity_14_minus_45,-1,operational,128,0.0,0.0,0.0,0.0,0.0,0.0,-0.0,0.0,0.0,-0.0,0.0,0,0,no_capacity_effect
526,raw_capacity_contrast,stable_supported__joint_crypto_stable_stress,,restricted_mean_recovery_time,14,26,capacity_14_minus_26,1,operational,128,0.0,0.0,0.0,0.0,0.0,0.0,0.0,0.0,0.0,0.0,0.0,0,0,
527,direction_normalised_capacity_relief,stable_supported__joint_crypto_stable_stress,,restricted_mean_recovery_time,14,26,capacity_14_minus_26,1,operational,128,0.0,0.0,0.0,0.0,0.0,0.0,0.0,0.0,0.0,0.0,0.0,0,0,
528,raw_capacity_contrast,stable_supported__joint_crypto_stable_stress,,restricted_mean_recovery_time,26,45,capacity_26_minus_45,1,operational,128,0.0,0.0,0.0,0.0,0.0,0.0,0.0,0.0,0.0,0.0,0.0,0,0,
529,direction_normalised_capacity_relief,stable_supported__joint_crypto_stable_stress,,restricted_mean_recovery_time,26,45,capacity_26_minus_45,1,operational,128,0.0,0.0,0.0,0.0,0.0,0.0,0.0,0.0,0.0,0.0,0.0,0,0,
530,raw_capacity_contrast,stable_supported__joint_crypto_stable_stress,,restricted_mean_recovery_time,14,45,capacity_14_minus_45,1,operational,128,0.0,0.0,0.0,0.0,0.0,0.0,0.0,0.0,0.0,0.0,0.0,0,0,
531,direction_normalised_capacity_relief,stable_supported__joint_crypto_stable_stress,,restricted_mean_recovery_time,14,45,capacity_14_minus_45,1,operational,128,0.0,0.0,0.0,0.0,0.0,0.0,0.0,0.0,0.0,0.0,0.0,0,0,
532,monotonicity_classification,stable_supported__joint_crypto_stable_stress,,restricted_mean_recovery_time,14,45,capacity_14_minus_45,1,operational,128,0.0,0.0,0.0,0.0,0.0,0.0,0.0,0.0,0.0,0.0,0.0,0,0,no_capacity_effect
533,raw_capacity_contrast,stable_supported__joint_crypto_stable_stress,,recovery_probability_720h,14,26,capacity_14_minus_26,1,degenerate,128,0.0,0.0,0.0,0.0,0.0,0.0,0.0,0.0,0.0,0.0,0.0,0,0,
534,direction_normalised_capacity_relief,stable_supported__joint_crypto_stable_stress,,recovery_probability_720h,14,26,capacity_14_minus_26,-1,degenerate,128,0.0,0.0,0.0,0.0,0.0,0.0,0.0,0.0,0.0,0.0,0.0,0,0,
535,raw_capacity_contrast,stable_supported__joint_crypto_stable_stress,,recovery_probability_720h,26,45,capacity_26_minus_45,1,degenerate,128,0.0,0.0,0.0,0.0,0.0,0.0,0.0,0.0,0.0,0.0,0.0,0,0,
536,direction_normalised_capacity_relief,stable_supported__joint_crypto_stable_stress,,recovery_probability_720h,26,45,capacity_26_minus_45,-1,degenerate,128,0.0,0.0,0.0,0.0,0.0,0.0,0.0,0.0,0.0,0.0,0.0,0,0,
537,raw_capacity_contrast,stable_supported__joint_crypto_stable_stress,,recovery_probability_720h,14,45,capacity_14_minus_45,1,degenerate,128,0.0,0.0,0.0,0.0,0.0,0.0,0.0,0.0,0.0,0.0,0.0,0,0,
538,direction_normalised_capacity_relief,stable_supported__joint_crypto_stable_stress,,recovery_probability_720h,14,45,capacity_14_minus_45,-1,degenerate,128,0.0,0.0,0.0,0.0,0.0,0.0,0.0,0.0,0.0,0.0,0.0,0,0,
539,monotonicity_classification,stable_supported__joint_crypto_stable_stress,,recovery_probability_720h,14,45,capacity_14_minus_45,-1,degenerate,128,0.0,0.0,0.0,0.0,0.0,0.0,0.0,0.0,0.0,0.0,0.0,0,0,not_operational
540,collateral_capacity_contrast,stable_supported__joint_crypto_stable_stress,ETH,initial_debt_exposure,14,26,capacity_14_minus_26,1,operational,128,0.0,0.0,0.0,0.0,0.0,0.0,0.0,0.0,0.0,0.0,0.0,0,0,
541,collateral_capacity_contrast,stable_supported__joint_crypto_stable_stress,ETH,initial_debt_exposure,26,45,capacity_26_minus_45,1,operational,128,0.0,0.0,0.0,0.0,0.0,0.0,0.0,0.0,0.0,0.0,0.0,0,0,
542,collateral_capacity_contrast,stable_supported__joint_crypto_stable_stress,ETH,initial_debt_exposure,14,45,capacity_14_minus_45,1,operational,128,0.0,0.0,0.0,0.0,0.0,0.0,0.0,0.0,0.0,0.0,0.0,0,0,
543,collateral_capacity_contrast,stable_supported__joint_crypto_stable_stress,ETH,eligible_liquidation_tab,14,26,capacity_14_minus_26,1,operational,128,0.0,0.0,0.0,0.0,0.0,0.0,0.0,0.0,0.0,0.0,0.0,0,0,
544,collateral_capacity_contrast,stable_supported__joint_crypto_stable_stress,ETH,eligible_liquidation_tab,26,45,capacity_26_minus_45,1,operational,128,0.0,0.0,0.0,0.0,0.0,0.0,0.0,0.0,0.0,0.0,0.0,0,0,
545,collateral_capacity_contrast,stable_supported__joint_crypto_stable_stress,ETH,eligible_liquidation_tab,14,45,capacity_14_minus_45,1,operational,128,0.0,0.0,0.0,0.0,0.0,0.0,0.0,0.0,0.0,0.0,0.0,0,0,
546,collateral_capacity_contrast,stable_supported__joint_crypto_stable_stress,ETH,candidate_count,14,26,capacity_14_minus_26,1,operational,128,0.1484375,0.1210446266567437,-0.08880996824721765,0.38568496824721765,0.0,0.0,0.0,0.0,0.0,0.0,0.015625,2,0,
547,collateral_capacity_contrast,stable_supported__joint_crypto_stable_stress,ETH,candidate_count,26,45,capacity_26_minus_45,1,operational,128,0.0,0.0,0.0,0.0,0.0,0.0,0.0,0.0,0.0,0.0,0.0,0,0,
548,collateral_capacity_contrast,stable_supported__joint_crypto_stable_stress,ETH,candidate_count,14,45,capacity_14_minus_45,1,operational,128,0.1484375,0.1210446266567437,-0.08880996824721765,0.38568496824721765,0.0,0.0,0.0,0.0,0.0,0.0,0.015625,2,0,
549,collateral_capacity_contrast,stable_supported__joint_crypto_stable_stress,ETH,profitability_filtered_count,14,26,capacity_14_minus_26,1,operational,128,0.1015625,0.07671901686011287,-0.04880677304582123,0.25193177304582126,0.0,0.0,0.0,0.0,0.0,0.0,0.015625,2,0,
550,collateral_capacity_contrast,stable_supported__joint_crypto_stable_stress,ETH,profitability_filtered_count,26,45,capacity_26_minus_45,1,operational,128,0.0,0.0,0.0,0.0,0.0,0.0,0.0,0.0,0.0,0.0,0.0,0,0,
551,collateral_capacity_contrast,stable_supported__joint_crypto_stable_stress,ETH,profitability_filtered_count,14,45,capacity_14_minus_45,1,operational,128,0.1015625,0.07671901686011287,-0.04880677304582123,0.25193177304582126,0.0,0.0,0.0,0.0,0.0,0.0,0.015625,2,0,
552,collateral_capacity_contrast,stable_supported__joint_crypto_stable_stress,ETH,selected_count,14,26,capacity_14_minus_26,1,operational,128,-0.0546875,0.03891458214466775,-0.13096008100354878,0.021585081003548792,0.0,0.0,0.0,0.0,0.0,0.0,0.0,0,2,
553,collateral_capacity_contrast,stable_supported__joint_crypto_stable_stress,ETH,selected_count,26,45,capacity_26_minus_45,1,operational,128,0.0,0.0,0.0,0.0,0.0,0.0,0.0,0.0,0.0,0.0,0.0,0,0,
554,collateral_capacity_contrast,stable_supported__joint_crypto_stable_stress,ETH,selected_count,14,45,capacity_14_minus_45,1,operational,128,-0.0546875,0.03891458214466775,-0.13096008100354878,0.021585081003548792,0.0,0.0,0.0,0.0,0.0,0.0,0.0,0,2,
555,collateral_capacity_contrast,stable_supported__joint_crypto_stable_stress,ETH,rejected_count,14,26,capacity_14_minus_26,1,operational,128,0.078125,0.04520482557118498,-0.010476458119522553,0.16672645811952255,0.0,0.0,0.0,0.0,0.0,0.0,0.0234375,3,0,
556,collateral_capacity_contrast,stable_supported__joint_crypto_stable_stress,ETH,rejected_count,26,45,capacity_26_minus_45,1,operational,128,0.0,0.0,0.0,0.0,0.0,0.0,0.0,0.0,0.0,0.0,0.0,0,0,
557,collateral_capacity_contrast,stable_supported__joint_crypto_stable_stress,ETH,rejected_count,14,45,capacity_14_minus_45,1,operational,128,0.078125,0.04520482557118498,-0.010476458119522553,0.16672645811952255,0.0,0.0,0.0,0.0,0.0,0.0,0.0234375,3,0,
558,collateral_capacity_contrast,stable_supported__joint_crypto_stable_stress,ETH,successful_closure_count,14,26,capacity_14_minus_26,1,operational,128,0.0,0.0,0.0,0.0,0.0,0.0,0.0,0.0,0.0,0.0,0.0,0,0,
559,collateral_capacity_contrast,stable_supported__joint_crypto_stable_stress,ETH,successful_closure_count,26,45,capacity_26_minus_45,1,operational,128,0.0,0.0,0.0,0.0,0.0,0.0,0.0,0.0,0.0,0.0,0.0,0,0,
560,collateral_capacity_contrast,stable_supported__joint_crypto_stable_stress,ETH,successful_closure_count,14,45,capacity_14_minus_45,1,operational,128,0.0,0.0,0.0,0.0,0.0,0.0,0.0,0.0,0.0,0.0,0.0,0,0,
561,collateral_capacity_contrast,stable_supported__joint_crypto_stable_stress,ETH,liquidated_debt,14,26,capacity_14_minus_26,1,operational,128,4.547473508864641e-13,4.547473508864641e-13,-4.3655745685100554e-13,1.3460521586239338e-12,0.0,0.0,0.0,0.0,0.0,0.0,0.0078125,1,0,
562,collateral_capacity_contrast,stable_supported__joint_crypto_stable_stress,ETH,liquidated_debt,26,45,capacity_26_minus_45,1,operational,128,0.0,0.0,0.0,0.0,0.0,0.0,0.0,0.0,0.0,0.0,0.0,0,0,
563,collateral_capacity_contrast,stable_supported__joint_crypto_stable_stress,ETH,liquidated_debt,14,45,capacity_14_minus_45,1,operational,128,4.547473508864641e-13,4.547473508864641e-13,-4.3655745685100554e-13,1.3460521586239338e-12,0.0,0.0,0.0,0.0,0.0,0.0,0.0078125,1,0,
564,collateral_capacity_contrast,stable_supported__joint_crypto_stable_stress,ETH,terminal_unresolved_tab,14,26,capacity_14_minus_26,1,operational,128,0.0,0.0,0.0,0.0,0.0,0.0,0.0,0.0,0.0,0.0,0.0,0,0,
565,collateral_capacity_contrast,stable_supported__joint_crypto_stable_stress,ETH,terminal_unresolved_tab,26,45,capacity_26_minus_45,1,operational,128,0.0,0.0,0.0,0.0,0.0,0.0,0.0,0.0,0.0,0.0,0.0,0,0,
566,collateral_capacity_contrast,stable_supported__joint_crypto_stable_stress,ETH,terminal_unresolved_tab,14,45,capacity_14_minus_45,1,operational,128,0.0,0.0,0.0,0.0,0.0,0.0,0.0,0.0,0.0,0.0,0.0,0,0,
567,collateral_capacity_contrast,stable_supported__joint_crypto_stable_stress,ETH,backlog_area,14,26,capacity_14_minus_26,1,operational,128,69.1542724416895,62.746659129917404,-53.82917945294861,192.1377243363276,0.0,0.0,0.0,0.0,0.0,0.0,0.015625,2,0,
568,collateral_capacity_contrast,stable_supported__joint_crypto_stable_stress,ETH,backlog_area,26,45,capacity_26_minus_45,1,operational,128,0.0,0.0,0.0,0.0,0.0,0.0,0.0,0.0,0.0,0.0,0.0,0,0,
569,collateral_capacity_contrast,stable_supported__joint_crypto_stable_stress,ETH,backlog_area,14,45,capacity_14_minus_45,1,operational,128,69.1542724416895,62.746659129917404,-53.82917945294861,192.1377243363276,0.0,0.0,0.0,0.0,0.0,0.0,0.015625,2,0,
570,collateral_capacity_contrast,stable_supported__joint_crypto_stable_stress,ETH,maximum_backlog,14,26,capacity_14_minus_26,1,operational,128,0.0,0.0,0.0,0.0,0.0,0.0,0.0,0.0,0.0,0.0,0.0,0,0,
571,collateral_capacity_contrast,stable_supported__joint_crypto_stable_stress,ETH,maximum_backlog,26,45,capacity_26_minus_45,1,operational,128,0.0,0.0,0.0,0.0,0.0,0.0,0.0,0.0,0.0,0.0,0.0,0,0,
572,collateral_capacity_contrast,stable_supported__joint_crypto_stable_stress,ETH,maximum_backlog,14,45,capacity_14_minus_45,1,operational,128,0.0,0.0,0.0,0.0,0.0,0.0,0.0,0.0,0.0,0.0,0.0,0,0,
573,collateral_capacity_contrast,stable_supported__joint_crypto_stable_stress,ETH,terminal_active_bad_debt,14,26,capacity_14_minus_26,1,operational,128,0.0,0.0,0.0,0.0,0.0,0.0,0.0,0.0,0.0,0.0,0.0,0,0,
574,collateral_capacity_contrast,stable_supported__joint_crypto_stable_stress,ETH,terminal_active_bad_debt,26,45,capacity_26_minus_45,1,operational,128,0.0,0.0,0.0,0.0,0.0,0.0,0.0,0.0,0.0,0.0,0.0,0,0,
575,collateral_capacity_contrast,stable_supported__joint_crypto_stable_stress,ETH,terminal_active_bad_debt,14,45,capacity_14_minus_45,1,operational,128,0.0,0.0,0.0,0.0,0.0,0.0,0.0,0.0,0.0,0.0,0.0,0,0,
576,collateral_capacity_contrast,stable_supported__joint_crypto_stable_stress,ETH,realised_bad_debt,14,26,capacity_14_minus_26,1,operational,128,0.0,0.0,0.0,0.0,0.0,0.0,0.0,0.0,0.0,0.0,0.0,0,0,
577,collateral_capacity_contrast,stable_supported__joint_crypto_stable_stress,ETH,realised_bad_debt,26,45,capacity_26_minus_45,1,operational,128,0.0,0.0,0.0,0.0,0.0,0.0,0.0,0.0,0.0,0.0,0.0,0,0,
578,collateral_capacity_contrast,stable_supported__joint_crypto_stable_stress,ETH,realised_bad_debt,14,45,capacity_14_minus_45,1,operational,128,0.0,0.0,0.0,0.0,0.0,0.0,0.0,0.0,0.0,0.0,0.0,0,0,
579,collateral_capacity_contrast,stable_supported__joint_crypto_stable_stress,ETH,keeper_profit_proxy,14,26,capacity_14_minus_26,1,operational,128,-0.10270442690321602,0.13142704961422352,-0.36030144414709414,0.1548925903406621,0.0,0.0,0.0,0.0,0.0,0.0,0.0078125,1,1,
580,collateral_capacity_contrast,stable_supported__joint_crypto_stable_stress,ETH,keeper_profit_proxy,26,45,capacity_26_minus_45,1,operational,128,0.0,0.0,0.0,0.0,0.0,0.0,0.0,0.0,0.0,0.0,0.0,0,0,
581,collateral_capacity_contrast,stable_supported__joint_crypto_stable_stress,ETH,keeper_profit_proxy,14,45,capacity_14_minus_45,1,operational,128,-0.10270442690321602,0.13142704961422352,-0.36030144414709414,0.1548925903406621,0.0,0.0,0.0,0.0,0.0,0.0,0.0078125,1,1,
582,collateral_capacity_contrast,stable_supported__joint_crypto_stable_stress,ETH,share_system_capacity_consumed,14,26,capacity_14_minus_26,1,operational,40,-0.0002886632341723899,0.00020634886602677064,-0.0006931070115848603,0.00011578054324008053,0.0,-0.00022644927536232182,0.0,0.0,0.0,0.0,0.0,0,2,
583,collateral_capacity_contrast,stable_supported__joint_crypto_stable_stress,ETH,share_system_capacity_consumed,26,45,capacity_26_minus_45,1,operational,40,0.0,0.0,0.0,0.0,0.0,0.0,0.0,0.0,0.0,0.0,0.0,0,0,
584,collateral_capacity_contrast,stable_supported__joint_crypto_stable_stress,ETH,share_system_capacity_consumed,14,45,capacity_14_minus_45,1,operational,40,-0.0002886632341723899,0.00020634886602677064,-0.0006931070115848603,0.00011578054324008053,0.0,-0.00022644927536232182,0.0,0.0,0.0,0.0,0.0,0,2,
585,collateral_capacity_contrast,stable_supported__joint_crypto_stable_stress,ETH,share_system_rejections,14,26,capacity_14_minus_26,1,not_operational,0,,,,,,,,,,,,0,0,
586,collateral_capacity_contrast,stable_supported__joint_crypto_stable_stress,ETH,share_system_rejections,26,45,capacity_26_minus_45,1,not_operational,0,,,,,,,,,,,,0,0,
587,collateral_capacity_contrast,stable_supported__joint_crypto_stable_stress,ETH,share_system_rejections,14,45,capacity_14_minus_45,1,not_operational,0,,,,,,,,,,,,0,0,
588,collateral_capacity_contrast,stable_supported__joint_crypto_stable_stress,ETH,contribution_to_system_backlog,14,26,capacity_14_minus_26,1,operational,37,3.0862582792444305e-05,2.256181691184119e-05,-1.3358578354764426e-05,7.508374393965303e-05,0.0,0.0,0.0,0.0,0.0,7.917947771727105e-05,0.05405405405405406,2,0,
589,collateral_capacity_contrast,stable_supported__joint_crypto_stable_stress,ETH,contribution_to_system_backlog,26,45,capacity_26_minus_45,1,operational,37,0.0,0.0,0.0,0.0,0.0,0.0,0.0,0.0,0.0,0.0,0.0,0,0,
590,collateral_capacity_contrast,stable_supported__joint_crypto_stable_stress,ETH,contribution_to_system_backlog,14,45,capacity_14_minus_45,1,operational,37,3.0862582792444305e-05,2.256181691184119e-05,-1.3358578354764426e-05,7.508374393965303e-05,0.0,0.0,0.0,0.0,0.0,7.917947771727105e-05,0.05405405405405406,2,0,
591,collateral_capacity_contrast,stable_supported__joint_crypto_stable_stress,ETH,exposure_normalised_backlog,14,26,capacity_14_minus_26,1,operational,128,4.347304876866189e-05,3.944497535890574e-05,-3.3839102934793365e-05,0.00012078520047211714,0.0,0.0,0.0,0.0,0.0,0.0,0.015625,2,0,
592,collateral_capacity_contrast,stable_supported__joint_crypto_stable_stress,ETH,exposure_normalised_backlog,26,45,capacity_26_minus_45,1,operational,128,0.0,0.0,0.0,0.0,0.0,0.0,0.0,0.0,0.0,0.0,0.0,0,0,
593,collateral_capacity_contrast,stable_supported__joint_crypto_stable_stress,ETH,exposure_normalised_backlog,14,45,capacity_14_minus_45,1,operational,128,4.347304876866189e-05,3.944497535890574e-05,-3.3839102934793365e-05,0.00012078520047211714,0.0,0.0,0.0,0.0,0.0,0.0,0.015625,2,0,
594,collateral_capacity_contrast,stable_supported__joint_crypto_stable_stress,ETH,exposure_normalised_unresolved_tab,14,26,capacity_14_minus_26,1,operational,128,0.0,0.0,0.0,0.0,0.0,0.0,0.0,0.0,0.0,0.0,0.0,0,0,
595,collateral_capacity_contrast,stable_supported__joint_crypto_stable_stress,ETH,exposure_normalised_unresolved_tab,26,45,capacity_26_minus_45,1,operational,128,0.0,0.0,0.0,0.0,0.0,0.0,0.0,0.0,0.0,0.0,0.0,0,0,
596,collateral_capacity_contrast,stable_supported__joint_crypto_stable_stress,ETH,exposure_normalised_unresolved_tab,14,45,capacity_14_minus_45,1,operational,128,0.0,0.0,0.0,0.0,0.0,0.0,0.0,0.0,0.0,0.0,0.0,0,0,
597,collateral_capacity_contrast,stable_supported__joint_crypto_stable_stress,ETH,displaced_candidates,14,26,capacity_14_minus_26,1,operational,128,0.0390625,0.02806581425635193,-0.015946495942449783,0.09407149594244979,0.0,0.0,0.0,0.0,0.0,0.0,0.015625,2,0,
598,collateral_capacity_contrast,stable_supported__joint_crypto_stable_stress,ETH,displaced_candidates,26,45,capacity_26_minus_45,1,operational,128,0.0,0.0,0.0,0.0,0.0,0.0,0.0,0.0,0.0,0.0,0.0,0,0,
599,collateral_capacity_contrast,stable_supported__joint_crypto_stable_stress,ETH,displaced_candidates,14,45,capacity_14_minus_45,1,operational,128,0.0390625,0.02806581425635193,-0.015946495942449783,0.09407149594244979,0.0,0.0,0.0,0.0,0.0,0.0,0.015625,2,0,
600,collateral_capacity_contrast,stable_supported__joint_crypto_stable_stress,ETH,cross_family_displacement_hours,14,26,capacity_14_minus_26,1,operational,128,0.015625,0.011004959288293975,-0.005944720205056191,0.037194720205056195,0.0,0.0,0.0,0.0,0.0,0.0,0.015625,2,0,
601,collateral_capacity_contrast,stable_supported__joint_crypto_stable_stress,ETH,cross_family_displacement_hours,26,45,capacity_26_minus_45,1,operational,128,0.0,0.0,0.0,0.0,0.0,0.0,0.0,0.0,0.0,0.0,0.0,0,0,
602,collateral_capacity_contrast,stable_supported__joint_crypto_stable_stress,ETH,cross_family_displacement_hours,14,45,capacity_14_minus_45,1,operational,128,0.015625,0.011004959288293975,-0.005944720205056191,0.037194720205056195,0.0,0.0,0.0,0.0,0.0,0.0,0.015625,2,0,
603,collateral_capacity_contrast,stable_supported__joint_crypto_stable_stress,WBTC,initial_debt_exposure,14,26,capacity_14_minus_26,1,operational,128,0.0,0.0,0.0,0.0,0.0,0.0,0.0,0.0,0.0,0.0,0.0,0,0,
604,collateral_capacity_contrast,stable_supported__joint_crypto_stable_stress,WBTC,initial_debt_exposure,26,45,capacity_26_minus_45,1,operational,128,0.0,0.0,0.0,0.0,0.0,0.0,0.0,0.0,0.0,0.0,0.0,0,0,
605,collateral_capacity_contrast,stable_supported__joint_crypto_stable_stress,WBTC,initial_debt_exposure,14,45,capacity_14_minus_45,1,operational,128,0.0,0.0,0.0,0.0,0.0,0.0,0.0,0.0,0.0,0.0,0.0,0,0,
606,collateral_capacity_contrast,stable_supported__joint_crypto_stable_stress,WBTC,eligible_liquidation_tab,14,26,capacity_14_minus_26,1,operational,128,0.0,0.0,0.0,0.0,0.0,0.0,0.0,0.0,0.0,0.0,0.0,0,0,
607,collateral_capacity_contrast,stable_supported__joint_crypto_stable_stress,WBTC,eligible_liquidation_tab,26,45,capacity_26_minus_45,1,operational,128,0.0,0.0,0.0,0.0,0.0,0.0,0.0,0.0,0.0,0.0,0.0,0,0,
608,collateral_capacity_contrast,stable_supported__joint_crypto_stable_stress,WBTC,eligible_liquidation_tab,14,45,capacity_14_minus_45,1,operational,128,0.0,0.0,0.0,0.0,0.0,0.0,0.0,0.0,0.0,0.0,0.0,0,0,
609,collateral_capacity_contrast,stable_supported__joint_crypto_stable_stress,WBTC,candidate_count,14,26,capacity_14_minus_26,1,operational,128,0.0,0.0,0.0,0.0,0.0,0.0,0.0,0.0,0.0,0.0,0.0,0,0,
610,collateral_capacity_contrast,stable_supported__joint_crypto_stable_stress,WBTC,candidate_count,26,45,capacity_26_minus_45,1,operational,128,0.0,0.0,0.0,0.0,0.0,0.0,0.0,0.0,0.0,0.0,0.0,0,0,
611,collateral_capacity_contrast,stable_supported__joint_crypto_stable_stress,WBTC,candidate_count,14,45,capacity_14_minus_45,1,operational,128,0.0,0.0,0.0,0.0,0.0,0.0,0.0,0.0,0.0,0.0,0.0,0,0,
612,collateral_capacity_contrast,stable_supported__joint_crypto_stable_stress,WBTC,profitability_filtered_count,14,26,capacity_14_minus_26,1,operational,128,0.0,0.0,0.0,0.0,0.0,0.0,0.0,0.0,0.0,0.0,0.0,0,0,
613,collateral_capacity_contrast,stable_supported__joint_crypto_stable_stress,WBTC,profitability_filtered_count,26,45,capacity_26_minus_45,1,operational,128,0.0,0.0,0.0,0.0,0.0,0.0,0.0,0.0,0.0,0.0,0.0,0,0,
614,collateral_capacity_contrast,stable_supported__joint_crypto_stable_stress,WBTC,profitability_filtered_count,14,45,capacity_14_minus_45,1,operational,128,0.0,0.0,0.0,0.0,0.0,0.0,0.0,0.0,0.0,0.0,0.0,0,0,
615,collateral_capacity_contrast,stable_supported__joint_crypto_stable_stress,WBTC,selected_count,14,26,capacity_14_minus_26,1,operational,128,0.0,0.0,0.0,0.0,0.0,0.0,0.0,0.0,0.0,0.0,0.0,0,0,
616,collateral_capacity_contrast,stable_supported__joint_crypto_stable_stress,WBTC,selected_count,26,45,capacity_26_minus_45,1,operational,128,0.0,0.0,0.0,0.0,0.0,0.0,0.0,0.0,0.0,0.0,0.0,0,0,
617,collateral_capacity_contrast,stable_supported__joint_crypto_stable_stress,WBTC,selected_count,14,45,capacity_14_minus_45,1,operational,128,0.0,0.0,0.0,0.0,0.0,0.0,0.0,0.0,0.0,0.0,0.0,0,0,
618,collateral_capacity_contrast,stable_supported__joint_crypto_stable_stress,WBTC,rejected_count,14,26,capacity_14_minus_26,1,operational,128,0.0,0.0,0.0,0.0,0.0,0.0,0.0,0.0,0.0,0.0,0.0,0,0,
619,collateral_capacity_contrast,stable_supported__joint_crypto_stable_stress,WBTC,rejected_count,26,45,capacity_26_minus_45,1,operational,128,0.0,0.0,0.0,0.0,0.0,0.0,0.0,0.0,0.0,0.0,0.0,0,0,
620,collateral_capacity_contrast,stable_supported__joint_crypto_stable_stress,WBTC,rejected_count,14,45,capacity_14_minus_45,1,operational,128,0.0,0.0,0.0,0.0,0.0,0.0,0.0,0.0,0.0,0.0,0.0,0,0,
621,collateral_capacity_contrast,stable_supported__joint_crypto_stable_stress,WBTC,successful_closure_count,14,26,capacity_14_minus_26,1,operational,128,0.0,0.0,0.0,0.0,0.0,0.0,0.0,0.0,0.0,0.0,0.0,0,0,
622,collateral_capacity_contrast,stable_supported__joint_crypto_stable_stress,WBTC,successful_closure_count,26,45,capacity_26_minus_45,1,operational,128,0.0,0.0,0.0,0.0,0.0,0.0,0.0,0.0,0.0,0.0,0.0,0,0,
623,collateral_capacity_contrast,stable_supported__joint_crypto_stable_stress,WBTC,successful_closure_count,14,45,capacity_14_minus_45,1,operational,128,0.0,0.0,0.0,0.0,0.0,0.0,0.0,0.0,0.0,0.0,0.0,0,0,
624,collateral_capacity_contrast,stable_supported__joint_crypto_stable_stress,WBTC,liquidated_debt,14,26,capacity_14_minus_26,1,operational,128,0.0,0.0,0.0,0.0,0.0,0.0,0.0,0.0,0.0,0.0,0.0,0,0,
625,collateral_capacity_contrast,stable_supported__joint_crypto_stable_stress,WBTC,liquidated_debt,26,45,capacity_26_minus_45,1,operational,128,0.0,0.0,0.0,0.0,0.0,0.0,0.0,0.0,0.0,0.0,0.0,0,0,
626,collateral_capacity_contrast,stable_supported__joint_crypto_stable_stress,WBTC,liquidated_debt,14,45,capacity_14_minus_45,1,operational,128,0.0,0.0,0.0,0.0,0.0,0.0,0.0,0.0,0.0,0.0,0.0,0,0,
627,collateral_capacity_contrast,stable_supported__joint_crypto_stable_stress,WBTC,terminal_unresolved_tab,14,26,capacity_14_minus_26,1,operational,128,0.0,0.0,0.0,0.0,0.0,0.0,0.0,0.0,0.0,0.0,0.0,0,0,
628,collateral_capacity_contrast,stable_supported__joint_crypto_stable_stress,WBTC,terminal_unresolved_tab,26,45,capacity_26_minus_45,1,operational,128,0.0,0.0,0.0,0.0,0.0,0.0,0.0,0.0,0.0,0.0,0.0,0,0,
629,collateral_capacity_contrast,stable_supported__joint_crypto_stable_stress,WBTC,terminal_unresolved_tab,14,45,capacity_14_minus_45,1,operational,128,0.0,0.0,0.0,0.0,0.0,0.0,0.0,0.0,0.0,0.0,0.0,0,0,
630,collateral_capacity_contrast,stable_supported__joint_crypto_stable_stress,WBTC,backlog_area,14,26,capacity_14_minus_26,1,operational,128,0.0,0.0,0.0,0.0,0.0,0.0,0.0,0.0,0.0,0.0,0.0,0,0,
631,collateral_capacity_contrast,stable_supported__joint_crypto_stable_stress,WBTC,backlog_area,26,45,capacity_26_minus_45,1,operational,128,0.0,0.0,0.0,0.0,0.0,0.0,0.0,0.0,0.0,0.0,0.0,0,0,
632,collateral_capacity_contrast,stable_supported__joint_crypto_stable_stress,WBTC,backlog_area,14,45,capacity_14_minus_45,1,operational,128,0.0,0.0,0.0,0.0,0.0,0.0,0.0,0.0,0.0,0.0,0.0,0,0,
633,collateral_capacity_contrast,stable_supported__joint_crypto_stable_stress,WBTC,maximum_backlog,14,26,capacity_14_minus_26,1,operational,128,0.0,0.0,0.0,0.0,0.0,0.0,0.0,0.0,0.0,0.0,0.0,0,0,
634,collateral_capacity_contrast,stable_supported__joint_crypto_stable_stress,WBTC,maximum_backlog,26,45,capacity_26_minus_45,1,operational,128,0.0,0.0,0.0,0.0,0.0,0.0,0.0,0.0,0.0,0.0,0.0,0,0,
635,collateral_capacity_contrast,stable_supported__joint_crypto_stable_stress,WBTC,maximum_backlog,14,45,capacity_14_minus_45,1,operational,128,0.0,0.0,0.0,0.0,0.0,0.0,0.0,0.0,0.0,0.0,0.0,0,0,
636,collateral_capacity_contrast,stable_supported__joint_crypto_stable_stress,WBTC,terminal_active_bad_debt,14,26,capacity_14_minus_26,1,operational,128,0.0,0.0,0.0,0.0,0.0,0.0,0.0,0.0,0.0,0.0,0.0,0,0,
637,collateral_capacity_contrast,stable_supported__joint_crypto_stable_stress,WBTC,terminal_active_bad_debt,26,45,capacity_26_minus_45,1,operational,128,0.0,0.0,0.0,0.0,0.0,0.0,0.0,0.0,0.0,0.0,0.0,0,0,
638,collateral_capacity_contrast,stable_supported__joint_crypto_stable_stress,WBTC,terminal_active_bad_debt,14,45,capacity_14_minus_45,1,operational,128,0.0,0.0,0.0,0.0,0.0,0.0,0.0,0.0,0.0,0.0,0.0,0,0,
639,collateral_capacity_contrast,stable_supported__joint_crypto_stable_stress,WBTC,realised_bad_debt,14,26,capacity_14_minus_26,1,operational,128,0.0,0.0,0.0,0.0,0.0,0.0,0.0,0.0,0.0,0.0,0.0,0,0,
640,collateral_capacity_contrast,stable_supported__joint_crypto_stable_stress,WBTC,realised_bad_debt,26,45,capacity_26_minus_45,1,operational,128,0.0,0.0,0.0,0.0,0.0,0.0,0.0,0.0,0.0,0.0,0.0,0,0,
641,collateral_capacity_contrast,stable_supported__joint_crypto_stable_stress,WBTC,realised_bad_debt,14,45,capacity_14_minus_45,1,operational,128,0.0,0.0,0.0,0.0,0.0,0.0,0.0,0.0,0.0,0.0,0.0,0,0,
642,collateral_capacity_contrast,stable_supported__joint_crypto_stable_stress,WBTC,keeper_profit_proxy,14,26,capacity_14_minus_26,1,operational,128,0.0,0.0,0.0,0.0,0.0,0.0,0.0,0.0,0.0,0.0,0.0,0,0,
643,collateral_capacity_contrast,stable_supported__joint_crypto_stable_stress,WBTC,keeper_profit_proxy,26,45,capacity_26_minus_45,1,operational,128,0.0,0.0,0.0,0.0,0.0,0.0,0.0,0.0,0.0,0.0,0.0,0,0,
644,collateral_capacity_contrast,stable_supported__joint_crypto_stable_stress,WBTC,keeper_profit_proxy,14,45,capacity_14_minus_45,1,operational,128,0.0,0.0,0.0,0.0,0.0,0.0,0.0,0.0,0.0,0.0,0.0,0,0,
645,collateral_capacity_contrast,stable_supported__joint_crypto_stable_stress,WBTC,share_system_capacity_consumed,14,26,capacity_14_minus_26,1,operational,40,0.00028866323417238714,0.00020634886602676896,-0.00011578054324007999,0.0006931070115848543,0.0,0.0,0.0,0.0,0.0,0.0002264492753623056,0.05,2,0,
646,collateral_capacity_contrast,stable_supported__joint_crypto_stable_stress,WBTC,share_system_capacity_consumed,26,45,capacity_26_minus_45,1,operational,40,0.0,0.0,0.0,0.0,0.0,0.0,0.0,0.0,0.0,0.0,0.0,0,0,
647,collateral_capacity_contrast,stable_supported__joint_crypto_stable_stress,WBTC,share_system_capacity_consumed,14,45,capacity_14_minus_45,1,operational,40,0.00028866323417238714,0.00020634886602676896,-0.00011578054324007999,0.0006931070115848543,0.0,0.0,0.0,0.0,0.0,0.0002264492753623056,0.05,2,0,
648,collateral_capacity_contrast,stable_supported__joint_crypto_stable_stress,WBTC,share_system_rejections,14,26,capacity_14_minus_26,1,not_operational,0,,,,,,,,,,,,0,0,
649,collateral_capacity_contrast,stable_supported__joint_crypto_stable_stress,WBTC,share_system_rejections,26,45,capacity_26_minus_45,1,not_operational,0,,,,,,,,,,,,0,0,
650,collateral_capacity_contrast,stable_supported__joint_crypto_stable_stress,WBTC,share_system_rejections,14,45,capacity_14_minus_45,1,not_operational,0,,,,,,,,,,,,0,0,
651,collateral_capacity_contrast,stable_supported__joint_crypto_stable_stress,WBTC,contribution_to_system_backlog,14,26,capacity_14_minus_26,1,operational,37,-3.086258279244196e-05,2.2561816911839484e-05,-7.508374393964735e-05,1.335857835476343e-05,0.0,-7.917947771726648e-05,0.0,0.0,0.0,0.0,0.0,0,2,
652,collateral_capacity_contrast,stable_supported__joint_crypto_stable_stress,WBTC,contribution_to_system_backlog,26,45,capacity_26_minus_45,1,operational,37,0.0,0.0,0.0,0.0,0.0,0.0,0.0,0.0,0.0,0.0,0.0,0,0,
653,collateral_capacity_contrast,stable_supported__joint_crypto_stable_stress,WBTC,contribution_to_system_backlog,14,45,capacity_14_minus_45,1,operational,37,-3.086258279244196e-05,2.2561816911839484e-05,-7.508374393964735e-05,1.335857835476343e-05,0.0,-7.917947771726648e-05,0.0,0.0,0.0,0.0,0.0,0,2,
654,collateral_capacity_contrast,stable_supported__joint_crypto_stable_stress,WBTC,exposure_normalised_backlog,14,26,capacity_14_minus_26,1,operational,128,0.0,0.0,0.0,0.0,0.0,0.0,0.0,0.0,0.0,0.0,0.0,0,0,
655,collateral_capacity_contrast,stable_supported__joint_crypto_stable_stress,WBTC,exposure_normalised_backlog,26,45,capacity_26_minus_45,1,operational,128,0.0,0.0,0.0,0.0,0.0,0.0,0.0,0.0,0.0,0.0,0.0,0,0,
656,collateral_capacity_contrast,stable_supported__joint_crypto_stable_stress,WBTC,exposure_normalised_backlog,14,45,capacity_14_minus_45,1,operational,128,0.0,0.0,0.0,0.0,0.0,0.0,0.0,0.0,0.0,0.0,0.0,0,0,
657,collateral_capacity_contrast,stable_supported__joint_crypto_stable_stress,WBTC,exposure_normalised_unresolved_tab,14,26,capacity_14_minus_26,1,operational,128,0.0,0.0,0.0,0.0,0.0,0.0,0.0,0.0,0.0,0.0,0.0,0,0,
658,collateral_capacity_contrast,stable_supported__joint_crypto_stable_stress,WBTC,exposure_normalised_unresolved_tab,26,45,capacity_26_minus_45,1,operational,128,0.0,0.0,0.0,0.0,0.0,0.0,0.0,0.0,0.0,0.0,0.0,0,0,
659,collateral_capacity_contrast,stable_supported__joint_crypto_stable_stress,WBTC,exposure_normalised_unresolved_tab,14,45,capacity_14_minus_45,1,operational,128,0.0,0.0,0.0,0.0,0.0,0.0,0.0,0.0,0.0,0.0,0.0,0,0,
660,collateral_capacity_contrast,stable_supported__joint_crypto_stable_stress,WBTC,displaced_candidates,14,26,capacity_14_minus_26,1,operational,128,0.0,0.0,0.0,0.0,0.0,0.0,0.0,0.0,0.0,0.0,0.0,0,0,
661,collateral_capacity_contrast,stable_supported__joint_crypto_stable_stress,WBTC,displaced_candidates,26,45,capacity_26_minus_45,1,operational,128,0.0,0.0,0.0,0.0,0.0,0.0,0.0,0.0,0.0,0.0,0.0,0,0,
662,collateral_capacity_contrast,stable_supported__joint_crypto_stable_stress,WBTC,displaced_candidates,14,45,capacity_14_minus_45,1,operational,128,0.0,0.0,0.0,0.0,0.0,0.0,0.0,0.0,0.0,0.0,0.0,0,0,
663,collateral_capacity_contrast,stable_supported__joint_crypto_stable_stress,WBTC,cross_family_displacement_hours,14,26,capacity_14_minus_26,1,operational,128,0.0,0.0,0.0,0.0,0.0,0.0,0.0,0.0,0.0,0.0,0.0,0,0,
664,collateral_capacity_contrast,stable_supported__joint_crypto_stable_stress,WBTC,cross_family_displacement_hours,26,45,capacity_26_minus_45,1,operational,128,0.0,0.0,0.0,0.0,0.0,0.0,0.0,0.0,0.0,0.0,0.0,0,0,
665,collateral_capacity_contrast,stable_supported__joint_crypto_stable_stress,WBTC,cross_family_displacement_hours,14,45,capacity_14_minus_45,1,operational,128,0.0,0.0,0.0,0.0,0.0,0.0,0.0,0.0,0.0,0.0,0.0,0,0,
666,collateral_capacity_contrast,stable_supported__joint_crypto_stable_stress,STABLE,initial_debt_exposure,14,26,capacity_14_minus_26,1,operational,128,0.0,0.0,0.0,0.0,0.0,0.0,0.0,0.0,0.0,0.0,0.0,0,0,
667,collateral_capacity_contrast,stable_supported__joint_crypto_stable_stress,STABLE,initial_debt_exposure,26,45,capacity_26_minus_45,1,operational,128,0.0,0.0,0.0,0.0,0.0,0.0,0.0,0.0,0.0,0.0,0.0,0,0,
668,collateral_capacity_contrast,stable_supported__joint_crypto_stable_stress,STABLE,initial_debt_exposure,14,45,capacity_14_minus_45,1,operational,128,0.0,0.0,0.0,0.0,0.0,0.0,0.0,0.0,0.0,0.0,0.0,0,0,
669,collateral_capacity_contrast,stable_supported__joint_crypto_stable_stress,STABLE,eligible_liquidation_tab,14,26,capacity_14_minus_26,1,operational,128,0.0,0.0,0.0,0.0,0.0,0.0,0.0,0.0,0.0,0.0,0.0,0,0,
670,collateral_capacity_contrast,stable_supported__joint_crypto_stable_stress,STABLE,eligible_liquidation_tab,26,45,capacity_26_minus_45,1,operational,128,0.0,0.0,0.0,0.0,0.0,0.0,0.0,0.0,0.0,0.0,0.0,0,0,
671,collateral_capacity_contrast,stable_supported__joint_crypto_stable_stress,STABLE,eligible_liquidation_tab,14,45,capacity_14_minus_45,1,operational,128,0.0,0.0,0.0,0.0,0.0,0.0,0.0,0.0,0.0,0.0,0.0,0,0,
672,collateral_capacity_contrast,stable_supported__joint_crypto_stable_stress,STABLE,candidate_count,14,26,capacity_14_minus_26,1,operational,128,0.0,0.0,0.0,0.0,0.0,0.0,0.0,0.0,0.0,0.0,0.0,0,0,
673,collateral_capacity_contrast,stable_supported__joint_crypto_stable_stress,STABLE,candidate_count,26,45,capacity_26_minus_45,1,operational,128,0.0,0.0,0.0,0.0,0.0,0.0,0.0,0.0,0.0,0.0,0.0,0,0,
674,collateral_capacity_contrast,stable_supported__joint_crypto_stable_stress,STABLE,candidate_count,14,45,capacity_14_minus_45,1,operational,128,0.0,0.0,0.0,0.0,0.0,0.0,0.0,0.0,0.0,0.0,0.0,0,0,
675,collateral_capacity_contrast,stable_supported__joint_crypto_stable_stress,STABLE,profitability_filtered_count,14,26,capacity_14_minus_26,1,operational,128,0.0,0.0,0.0,0.0,0.0,0.0,0.0,0.0,0.0,0.0,0.0,0,0,
676,collateral_capacity_contrast,stable_supported__joint_crypto_stable_stress,STABLE,profitability_filtered_count,26,45,capacity_26_minus_45,1,operational,128,0.0,0.0,0.0,0.0,0.0,0.0,0.0,0.0,0.0,0.0,0.0,0,0,
677,collateral_capacity_contrast,stable_supported__joint_crypto_stable_stress,STABLE,profitability_filtered_count,14,45,capacity_14_minus_45,1,operational,128,0.0,0.0,0.0,0.0,0.0,0.0,0.0,0.0,0.0,0.0,0.0,0,0,
678,collateral_capacity_contrast,stable_supported__joint_crypto_stable_stress,STABLE,selected_count,14,26,capacity_14_minus_26,1,operational,128,0.0,0.0,0.0,0.0,0.0,0.0,0.0,0.0,0.0,0.0,0.0,0,0,
679,collateral_capacity_contrast,stable_supported__joint_crypto_stable_stress,STABLE,selected_count,26,45,capacity_26_minus_45,1,operational,128,0.0,0.0,0.0,0.0,0.0,0.0,0.0,0.0,0.0,0.0,0.0,0,0,
680,collateral_capacity_contrast,stable_supported__joint_crypto_stable_stress,STABLE,selected_count,14,45,capacity_14_minus_45,1,operational,128,0.0,0.0,0.0,0.0,0.0,0.0,0.0,0.0,0.0,0.0,0.0,0,0,
681,collateral_capacity_contrast,stable_supported__joint_crypto_stable_stress,STABLE,rejected_count,14,26,capacity_14_minus_26,1,operational,128,0.0,0.0,0.0,0.0,0.0,0.0,0.0,0.0,0.0,0.0,0.0,0,0,
682,collateral_capacity_contrast,stable_supported__joint_crypto_stable_stress,STABLE,rejected_count,26,45,capacity_26_minus_45,1,operational,128,0.0,0.0,0.0,0.0,0.0,0.0,0.0,0.0,0.0,0.0,0.0,0,0,
683,collateral_capacity_contrast,stable_supported__joint_crypto_stable_stress,STABLE,rejected_count,14,45,capacity_14_minus_45,1,operational,128,0.0,0.0,0.0,0.0,0.0,0.0,0.0,0.0,0.0,0.0,0.0,0,0,
684,collateral_capacity_contrast,stable_supported__joint_crypto_stable_stress,STABLE,successful_closure_count,14,26,capacity_14_minus_26,1,operational,128,0.0,0.0,0.0,0.0,0.0,0.0,0.0,0.0,0.0,0.0,0.0,0,0,
685,collateral_capacity_contrast,stable_supported__joint_crypto_stable_stress,STABLE,successful_closure_count,26,45,capacity_26_minus_45,1,operational,128,0.0,0.0,0.0,0.0,0.0,0.0,0.0,0.0,0.0,0.0,0.0,0,0,
686,collateral_capacity_contrast,stable_supported__joint_crypto_stable_stress,STABLE,successful_closure_count,14,45,capacity_14_minus_45,1,operational,128,0.0,0.0,0.0,0.0,0.0,0.0,0.0,0.0,0.0,0.0,0.0,0,0,
687,collateral_capacity_contrast,stable_supported__joint_crypto_stable_stress,STABLE,liquidated_debt,14,26,capacity_14_minus_26,1,operational,128,0.0,0.0,0.0,0.0,0.0,0.0,0.0,0.0,0.0,0.0,0.0,0,0,
688,collateral_capacity_contrast,stable_supported__joint_crypto_stable_stress,STABLE,liquidated_debt,26,45,capacity_26_minus_45,1,operational,128,0.0,0.0,0.0,0.0,0.0,0.0,0.0,0.0,0.0,0.0,0.0,0,0,
689,collateral_capacity_contrast,stable_supported__joint_crypto_stable_stress,STABLE,liquidated_debt,14,45,capacity_14_minus_45,1,operational,128,0.0,0.0,0.0,0.0,0.0,0.0,0.0,0.0,0.0,0.0,0.0,0,0,
690,collateral_capacity_contrast,stable_supported__joint_crypto_stable_stress,STABLE,terminal_unresolved_tab,14,26,capacity_14_minus_26,1,operational,128,0.0,0.0,0.0,0.0,0.0,0.0,0.0,0.0,0.0,0.0,0.0,0,0,
691,collateral_capacity_contrast,stable_supported__joint_crypto_stable_stress,STABLE,terminal_unresolved_tab,26,45,capacity_26_minus_45,1,operational,128,0.0,0.0,0.0,0.0,0.0,0.0,0.0,0.0,0.0,0.0,0.0,0,0,
692,collateral_capacity_contrast,stable_supported__joint_crypto_stable_stress,STABLE,terminal_unresolved_tab,14,45,capacity_14_minus_45,1,operational,128,0.0,0.0,0.0,0.0,0.0,0.0,0.0,0.0,0.0,0.0,0.0,0,0,
693,collateral_capacity_contrast,stable_supported__joint_crypto_stable_stress,STABLE,backlog_area,14,26,capacity_14_minus_26,1,operational,128,0.0,0.0,0.0,0.0,0.0,0.0,0.0,0.0,0.0,0.0,0.0,0,0,
694,collateral_capacity_contrast,stable_supported__joint_crypto_stable_stress,STABLE,backlog_area,26,45,capacity_26_minus_45,1,operational,128,0.0,0.0,0.0,0.0,0.0,0.0,0.0,0.0,0.0,0.0,0.0,0,0,
695,collateral_capacity_contrast,stable_supported__joint_crypto_stable_stress,STABLE,backlog_area,14,45,capacity_14_minus_45,1,operational,128,0.0,0.0,0.0,0.0,0.0,0.0,0.0,0.0,0.0,0.0,0.0,0,0,
696,collateral_capacity_contrast,stable_supported__joint_crypto_stable_stress,STABLE,maximum_backlog,14,26,capacity_14_minus_26,1,operational,128,0.0,0.0,0.0,0.0,0.0,0.0,0.0,0.0,0.0,0.0,0.0,0,0,
697,collateral_capacity_contrast,stable_supported__joint_crypto_stable_stress,STABLE,maximum_backlog,26,45,capacity_26_minus_45,1,operational,128,0.0,0.0,0.0,0.0,0.0,0.0,0.0,0.0,0.0,0.0,0.0,0,0,
698,collateral_capacity_contrast,stable_supported__joint_crypto_stable_stress,STABLE,maximum_backlog,14,45,capacity_14_minus_45,1,operational,128,0.0,0.0,0.0,0.0,0.0,0.0,0.0,0.0,0.0,0.0,0.0,0,0,
699,collateral_capacity_contrast,stable_supported__joint_crypto_stable_stress,STABLE,terminal_active_bad_debt,14,26,capacity_14_minus_26,1,operational,128,0.0,0.0,0.0,0.0,0.0,0.0,0.0,0.0,0.0,0.0,0.0,0,0,
700,collateral_capacity_contrast,stable_supported__joint_crypto_stable_stress,STABLE,terminal_active_bad_debt,26,45,capacity_26_minus_45,1,operational,128,0.0,0.0,0.0,0.0,0.0,0.0,0.0,0.0,0.0,0.0,0.0,0,0,
701,collateral_capacity_contrast,stable_supported__joint_crypto_stable_stress,STABLE,terminal_active_bad_debt,14,45,capacity_14_minus_45,1,operational,128,0.0,0.0,0.0,0.0,0.0,0.0,0.0,0.0,0.0,0.0,0.0,0,0,
702,collateral_capacity_contrast,stable_supported__joint_crypto_stable_stress,STABLE,realised_bad_debt,14,26,capacity_14_minus_26,1,operational,128,0.0,0.0,0.0,0.0,0.0,0.0,0.0,0.0,0.0,0.0,0.0,0,0,
703,collateral_capacity_contrast,stable_supported__joint_crypto_stable_stress,STABLE,realised_bad_debt,26,45,capacity_26_minus_45,1,operational,128,0.0,0.0,0.0,0.0,0.0,0.0,0.0,0.0,0.0,0.0,0.0,0,0,
704,collateral_capacity_contrast,stable_supported__joint_crypto_stable_stress,STABLE,realised_bad_debt,14,45,capacity_14_minus_45,1,operational,128,0.0,0.0,0.0,0.0,0.0,0.0,0.0,0.0,0.0,0.0,0.0,0,0,
705,collateral_capacity_contrast,stable_supported__joint_crypto_stable_stress,STABLE,keeper_profit_proxy,14,26,capacity_14_minus_26,1,operational,128,0.0,0.0,0.0,0.0,0.0,0.0,0.0,0.0,0.0,0.0,0.0,0,0,
706,collateral_capacity_contrast,stable_supported__joint_crypto_stable_stress,STABLE,keeper_profit_proxy,26,45,capacity_26_minus_45,1,operational,128,0.0,0.0,0.0,0.0,0.0,0.0,0.0,0.0,0.0,0.0,0.0,0,0,
707,collateral_capacity_contrast,stable_supported__joint_crypto_stable_stress,STABLE,keeper_profit_proxy,14,45,capacity_14_minus_45,1,operational,128,0.0,0.0,0.0,0.0,0.0,0.0,0.0,0.0,0.0,0.0,0.0,0,0,
708,collateral_capacity_contrast,stable_supported__joint_crypto_stable_stress,STABLE,share_system_capacity_consumed,14,26,capacity_14_minus_26,1,operational,40,0.0,0.0,0.0,0.0,0.0,0.0,0.0,0.0,0.0,0.0,0.0,0,0,
709,collateral_capacity_contrast,stable_supported__joint_crypto_stable_stress,STABLE,share_system_capacity_consumed,26,45,capacity_26_minus_45,1,operational,40,0.0,0.0,0.0,0.0,0.0,0.0,0.0,0.0,0.0,0.0,0.0,0,0,
710,collateral_capacity_contrast,stable_supported__joint_crypto_stable_stress,STABLE,share_system_capacity_consumed,14,45,capacity_14_minus_45,1,operational,40,0.0,0.0,0.0,0.0,0.0,0.0,0.0,0.0,0.0,0.0,0.0,0,0,
711,collateral_capacity_contrast,stable_supported__joint_crypto_stable_stress,STABLE,share_system_rejections,14,26,capacity_14_minus_26,1,not_operational,0,,,,,,,,,,,,0,0,
712,collateral_capacity_contrast,stable_supported__joint_crypto_stable_stress,STABLE,share_system_rejections,26,45,capacity_26_minus_45,1,not_operational,0,,,,,,,,,,,,0,0,
713,collateral_capacity_contrast,stable_supported__joint_crypto_stable_stress,STABLE,share_system_rejections,14,45,capacity_14_minus_45,1,not_operational,0,,,,,,,,,,,,0,0,
714,collateral_capacity_contrast,stable_supported__joint_crypto_stable_stress,STABLE,contribution_to_system_backlog,14,26,capacity_14_minus_26,1,operational,37,0.0,0.0,0.0,0.0,0.0,0.0,0.0,0.0,0.0,0.0,0.0,0,0,
715,collateral_capacity_contrast,stable_supported__joint_crypto_stable_stress,STABLE,contribution_to_system_backlog,26,45,capacity_26_minus_45,1,operational,37,0.0,0.0,0.0,0.0,0.0,0.0,0.0,0.0,0.0,0.0,0.0,0,0,
716,collateral_capacity_contrast,stable_supported__joint_crypto_stable_stress,STABLE,contribution_to_system_backlog,14,45,capacity_14_minus_45,1,operational,37,0.0,0.0,0.0,0.0,0.0,0.0,0.0,0.0,0.0,0.0,0.0,0,0,
717,collateral_capacity_contrast,stable_supported__joint_crypto_stable_stress,STABLE,exposure_normalised_backlog,14,26,capacity_14_minus_26,1,operational,128,0.0,0.0,0.0,0.0,0.0,0.0,0.0,0.0,0.0,0.0,0.0,0,0,
718,collateral_capacity_contrast,stable_supported__joint_crypto_stable_stress,STABLE,exposure_normalised_backlog,26,45,capacity_26_minus_45,1,operational,128,0.0,0.0,0.0,0.0,0.0,0.0,0.0,0.0,0.0,0.0,0.0,0,0,
719,collateral_capacity_contrast,stable_supported__joint_crypto_stable_stress,STABLE,exposure_normalised_backlog,14,45,capacity_14_minus_45,1,operational,128,0.0,0.0,0.0,0.0,0.0,0.0,0.0,0.0,0.0,0.0,0.0,0,0,
720,collateral_capacity_contrast,stable_supported__joint_crypto_stable_stress,STABLE,exposure_normalised_unresolved_tab,14,26,capacity_14_minus_26,1,operational,128,0.0,0.0,0.0,0.0,0.0,0.0,0.0,0.0,0.0,0.0,0.0,0,0,
721,collateral_capacity_contrast,stable_supported__joint_crypto_stable_stress,STABLE,exposure_normalised_unresolved_tab,26,45,capacity_26_minus_45,1,operational,128,0.0,0.0,0.0,0.0,0.0,0.0,0.0,0.0,0.0,0.0,0.0,0,0,
722,collateral_capacity_contrast,stable_supported__joint_crypto_stable_stress,STABLE,exposure_normalised_unresolved_tab,14,45,capacity_14_minus_45,1,operational,128,0.0,0.0,0.0,0.0,0.0,0.0,0.0,0.0,0.0,0.0,0.0,0,0,
723,collateral_capacity_contrast,stable_supported__joint_crypto_stable_stress,STABLE,displaced_candidates,14,26,capacity_14_minus_26,1,operational,128,0.0,0.0,0.0,0.0,0.0,0.0,0.0,0.0,0.0,0.0,0.0,0,0,
724,collateral_capacity_contrast,stable_supported__joint_crypto_stable_stress,STABLE,displaced_candidates,26,45,capacity_26_minus_45,1,operational,128,0.0,0.0,0.0,0.0,0.0,0.0,0.0,0.0,0.0,0.0,0.0,0,0,
725,collateral_capacity_contrast,stable_supported__joint_crypto_stable_stress,STABLE,displaced_candidates,14,45,capacity_14_minus_45,1,operational,128,0.0,0.0,0.0,0.0,0.0,0.0,0.0,0.0,0.0,0.0,0.0,0,0,
726,collateral_capacity_contrast,stable_supported__joint_crypto_stable_stress,STABLE,cross_family_displacement_hours,14,26,capacity_14_minus_26,1,operational,128,0.0,0.0,0.0,0.0,0.0,0.0,0.0,0.0,0.0,0.0,0.0,0,0,
727,collateral_capacity_contrast,stable_supported__joint_crypto_stable_stress,STABLE,cross_family_displacement_hours,26,45,capacity_26_minus_45,1,operational,128,0.0,0.0,0.0,0.0,0.0,0.0,0.0,0.0,0.0,0.0,0.0,0,0,
728,collateral_capacity_contrast,stable_supported__joint_crypto_stable_stress,STABLE,cross_family_displacement_hours,14,45,capacity_14_minus_45,1,operational,128,0.0,0.0,0.0,0.0,0.0,0.0,0.0,0.0,0.0,0.0,0.0,0,0,
729,raw_capacity_contrast,stable_heavy__joint_crypto_stable_stress,,backlog_area_share,14,26,capacity_14_minus_26,1,operational,128,0.0,0.0,0.0,0.0,0.0,0.0,0.0,0.0,0.0,0.0,0.0,0,0,
730,direction_normalised_capacity_relief,stable_heavy__joint_crypto_stable_stress,,backlog_area_share,14,26,capacity_14_minus_26,1,operational,128,0.0,0.0,0.0,0.0,0.0,0.0,0.0,0.0,0.0,0.0,0.0,0,0,
731,raw_capacity_contrast,stable_heavy__joint_crypto_stable_stress,,backlog_area_share,26,45,capacity_26_minus_45,1,operational,128,0.0,0.0,0.0,0.0,0.0,0.0,0.0,0.0,0.0,0.0,0.0,0,0,
732,direction_normalised_capacity_relief,stable_heavy__joint_crypto_stable_stress,,backlog_area_share,26,45,capacity_26_minus_45,1,operational,128,0.0,0.0,0.0,0.0,0.0,0.0,0.0,0.0,0.0,0.0,0.0,0,0,
733,raw_capacity_contrast,stable_heavy__joint_crypto_stable_stress,,backlog_area_share,14,45,capacity_14_minus_45,1,operational,128,0.0,0.0,0.0,0.0,0.0,0.0,0.0,0.0,0.0,0.0,0.0,0,0,
734,direction_normalised_capacity_relief,stable_heavy__joint_crypto_stable_stress,,backlog_area_share,14,45,capacity_14_minus_45,1,operational,128,0.0,0.0,0.0,0.0,0.0,0.0,0.0,0.0,0.0,0.0,0.0,0,0,
735,monotonicity_classification,stable_heavy__joint_crypto_stable_stress,,backlog_area_share,14,45,capacity_14_minus_45,1,operational,128,0.0,0.0,0.0,0.0,0.0,0.0,0.0,0.0,0.0,0.0,0.0,0,0,no_capacity_effect
736,raw_capacity_contrast,stable_heavy__joint_crypto_stable_stress,,maximum_unresolved_tab_share,14,26,capacity_14_minus_26,1,operational,128,0.0,0.0,0.0,0.0,0.0,0.0,0.0,0.0,0.0,0.0,0.0,0,0,
737,direction_normalised_capacity_relief,stable_heavy__joint_crypto_stable_stress,,maximum_unresolved_tab_share,14,26,capacity_14_minus_26,1,operational,128,0.0,0.0,0.0,0.0,0.0,0.0,0.0,0.0,0.0,0.0,0.0,0,0,
738,raw_capacity_contrast,stable_heavy__joint_crypto_stable_stress,,maximum_unresolved_tab_share,26,45,capacity_26_minus_45,1,operational,128,0.0,0.0,0.0,0.0,0.0,0.0,0.0,0.0,0.0,0.0,0.0,0,0,
739,direction_normalised_capacity_relief,stable_heavy__joint_crypto_stable_stress,,maximum_unresolved_tab_share,26,45,capacity_26_minus_45,1,operational,128,0.0,0.0,0.0,0.0,0.0,0.0,0.0,0.0,0.0,0.0,0.0,0,0,
740,raw_capacity_contrast,stable_heavy__joint_crypto_stable_stress,,maximum_unresolved_tab_share,14,45,capacity_14_minus_45,1,operational,128,0.0,0.0,0.0,0.0,0.0,0.0,0.0,0.0,0.0,0.0,0.0,0,0,
741,direction_normalised_capacity_relief,stable_heavy__joint_crypto_stable_stress,,maximum_unresolved_tab_share,14,45,capacity_14_minus_45,1,operational,128,0.0,0.0,0.0,0.0,0.0,0.0,0.0,0.0,0.0,0.0,0.0,0,0,
742,monotonicity_classification,stable_heavy__joint_crypto_stable_stress,,maximum_unresolved_tab_share,14,45,capacity_14_minus_45,1,operational,128,0.0,0.0,0.0,0.0,0.0,0.0,0.0,0.0,0.0,0.0,0.0,0,0,no_capacity_effect
743,raw_capacity_contrast,stable_heavy__joint_crypto_stable_stress,,terminal_unresolved_tab_share,14,26,capacity_14_minus_26,1,operational,128,0.0,0.0,0.0,0.0,0.0,0.0,0.0,0.0,0.0,0.0,0.0,0,0,
744,direction_normalised_capacity_relief,stable_heavy__joint_crypto_stable_stress,,terminal_unresolved_tab_share,14,26,capacity_14_minus_26,1,operational,128,0.0,0.0,0.0,0.0,0.0,0.0,0.0,0.0,0.0,0.0,0.0,0,0,
745,raw_capacity_contrast,stable_heavy__joint_crypto_stable_stress,,terminal_unresolved_tab_share,26,45,capacity_26_minus_45,1,operational,128,0.0,0.0,0.0,0.0,0.0,0.0,0.0,0.0,0.0,0.0,0.0,0,0,
746,direction_normalised_capacity_relief,stable_heavy__joint_crypto_stable_stress,,terminal_unresolved_tab_share,26,45,capacity_26_minus_45,1,operational,128,0.0,0.0,0.0,0.0,0.0,0.0,0.0,0.0,0.0,0.0,0.0,0,0,
747,raw_capacity_contrast,stable_heavy__joint_crypto_stable_stress,,terminal_unresolved_tab_share,14,45,capacity_14_minus_45,1,operational,128,0.0,0.0,0.0,0.0,0.0,0.0,0.0,0.0,0.0,0.0,0.0,0,0,
748,direction_normalised_capacity_relief,stable_heavy__joint_crypto_stable_stress,,terminal_unresolved_tab_share,14,45,capacity_14_minus_45,1,operational,128,0.0,0.0,0.0,0.0,0.0,0.0,0.0,0.0,0.0,0.0,0.0,0,0,
749,monotonicity_classification,stable_heavy__joint_crypto_stable_stress,,terminal_unresolved_tab_share,14,45,capacity_14_minus_45,1,operational,128,0.0,0.0,0.0,0.0,0.0,0.0,0.0,0.0,0.0,0.0,0.0,0,0,no_capacity_effect
750,raw_capacity_contrast,stable_heavy__joint_crypto_stable_stress,,liquidation_completion_ratio,14,26,capacity_14_minus_26,1,operational,15,0.0,0.0,0.0,0.0,0.0,0.0,0.0,0.0,0.0,0.0,0.0,0,0,
751,direction_normalised_capacity_relief,stable_heavy__joint_crypto_stable_stress,,liquidation_completion_ratio,14,26,capacity_14_minus_26,-1,operational,15,0.0,0.0,0.0,0.0,0.0,-0.0,-0.0,-0.0,-0.0,0.0,0.0,0,0,
752,raw_capacity_contrast,stable_heavy__joint_crypto_stable_stress,,liquidation_completion_ratio,26,45,capacity_26_minus_45,1,operational,15,0.0,0.0,0.0,0.0,0.0,0.0,0.0,0.0,0.0,0.0,0.0,0,0,
753,direction_normalised_capacity_relief,stable_heavy__joint_crypto_stable_stress,,liquidation_completion_ratio,26,45,capacity_26_minus_45,-1,operational,15,0.0,0.0,0.0,0.0,0.0,-0.0,-0.0,-0.0,-0.0,0.0,0.0,0,0,
754,raw_capacity_contrast,stable_heavy__joint_crypto_stable_stress,,liquidation_completion_ratio,14,45,capacity_14_minus_45,1,operational,15,0.0,0.0,0.0,0.0,0.0,0.0,0.0,0.0,0.0,0.0,0.0,0,0,
755,direction_normalised_capacity_relief,stable_heavy__joint_crypto_stable_stress,,liquidation_completion_ratio,14,45,capacity_14_minus_45,-1,operational,15,0.0,0.0,0.0,0.0,0.0,-0.0,-0.0,-0.0,-0.0,0.0,0.0,0,0,
756,monotonicity_classification,stable_heavy__joint_crypto_stable_stress,,liquidation_completion_ratio,14,45,capacity_14_minus_45,-1,operational,15,0.0,0.0,0.0,0.0,0.0,-0.0,-0.0,-0.0,-0.0,0.0,0.0,0,0,no_capacity_effect
757,raw_capacity_contrast,stable_heavy__joint_crypto_stable_stress,,capacity_rejected_opportunity_count,14,26,capacity_14_minus_26,1,operational,128,0.0,0.0,0.0,0.0,0.0,0.0,0.0,0.0,0.0,0.0,0.0,0,0,
758,direction_normalised_capacity_relief,stable_heavy__joint_crypto_stable_stress,,capacity_rejected_opportunity_count,14,26,capacity_14_minus_26,1,operational,128,0.0,0.0,0.0,0.0,0.0,0.0,0.0,0.0,0.0,0.0,0.0,0,0,
759,raw_capacity_contrast,stable_heavy__joint_crypto_stable_stress,,capacity_rejected_opportunity_count,26,45,capacity_26_minus_45,1,operational,128,0.0,0.0,0.0,0.0,0.0,0.0,0.0,0.0,0.0,0.0,0.0,0,0,
760,direction_normalised_capacity_relief,stable_heavy__joint_crypto_stable_stress,,capacity_rejected_opportunity_count,26,45,capacity_26_minus_45,1,operational,128,0.0,0.0,0.0,0.0,0.0,0.0,0.0,0.0,0.0,0.0,0.0,0,0,
761,raw_capacity_contrast,stable_heavy__joint_crypto_stable_stress,,capacity_rejected_opportunity_count,14,45,capacity_14_minus_45,1,operational,128,0.0,0.0,0.0,0.0,0.0,0.0,0.0,0.0,0.0,0.0,0.0,0,0,
762,direction_normalised_capacity_relief,stable_heavy__joint_crypto_stable_stress,,capacity_rejected_opportunity_count,14,45,capacity_14_minus_45,1,operational,128,0.0,0.0,0.0,0.0,0.0,0.0,0.0,0.0,0.0,0.0,0.0,0,0,
763,monotonicity_classification,stable_heavy__joint_crypto_stable_stress,,capacity_rejected_opportunity_count,14,45,capacity_14_minus_45,1,operational,128,0.0,0.0,0.0,0.0,0.0,0.0,0.0,0.0,0.0,0.0,0.0,0,0,no_capacity_effect
764,raw_capacity_contrast,stable_heavy__joint_crypto_stable_stress,,capacity_rejection_share,14,26,capacity_14_minus_26,1,operational,13,0.0,0.0,0.0,0.0,0.0,0.0,0.0,0.0,0.0,0.0,0.0,0,0,
765,direction_normalised_capacity_relief,stable_heavy__joint_crypto_stable_stress,,capacity_rejection_share,14,26,capacity_14_minus_26,1,operational,13,0.0,0.0,0.0,0.0,0.0,0.0,0.0,0.0,0.0,0.0,0.0,0,0,
766,raw_capacity_contrast,stable_heavy__joint_crypto_stable_stress,,capacity_rejection_share,26,45,capacity_26_minus_45,1,operational,13,0.0,0.0,0.0,0.0,0.0,0.0,0.0,0.0,0.0,0.0,0.0,0,0,
767,direction_normalised_capacity_relief,stable_heavy__joint_crypto_stable_stress,,capacity_rejection_share,26,45,capacity_26_minus_45,1,operational,13,0.0,0.0,0.0,0.0,0.0,0.0,0.0,0.0,0.0,0.0,0.0,0,0,
768,raw_capacity_contrast,stable_heavy__joint_crypto_stable_stress,,capacity_rejection_share,14,45,capacity_14_minus_45,1,operational,13,0.0,0.0,0.0,0.0,0.0,0.0,0.0,0.0,0.0,0.0,0.0,0,0,
769,direction_normalised_capacity_relief,stable_heavy__joint_crypto_stable_stress,,capacity_rejection_share,14,45,capacity_14_minus_45,1,operational,13,0.0,0.0,0.0,0.0,0.0,0.0,0.0,0.0,0.0,0.0,0.0,0,0,
770,monotonicity_classification,stable_heavy__joint_crypto_stable_stress,,capacity_rejection_share,14,45,capacity_14_minus_45,1,operational,13,0.0,0.0,0.0,0.0,0.0,0.0,0.0,0.0,0.0,0.0,0.0,0,0,no_capacity_effect
771,raw_capacity_contrast,stable_heavy__joint_crypto_stable_stress,,successful_closure_count,14,26,capacity_14_minus_26,1,operational,128,0.0,0.0,0.0,0.0,0.0,0.0,0.0,0.0,0.0,0.0,0.0,0,0,
772,direction_normalised_capacity_relief,stable_heavy__joint_crypto_stable_stress,,successful_closure_count,14,26,capacity_14_minus_26,-1,operational,128,0.0,0.0,0.0,0.0,0.0,0.0,0.0,0.0,0.0,0.0,0.0,0,0,
773,raw_capacity_contrast,stable_heavy__joint_crypto_stable_stress,,successful_closure_count,26,45,capacity_26_minus_45,1,operational,128,0.0,0.0,0.0,0.0,0.0,0.0,0.0,0.0,0.0,0.0,0.0,0,0,
774,direction_normalised_capacity_relief,stable_heavy__joint_crypto_stable_stress,,successful_closure_count,26,45,capacity_26_minus_45,-1,operational,128,0.0,0.0,0.0,0.0,0.0,0.0,0.0,0.0,0.0,0.0,0.0,0,0,
775,raw_capacity_contrast,stable_heavy__joint_crypto_stable_stress,,successful_closure_count,14,45,capacity_14_minus_45,1,operational,128,0.0,0.0,0.0,0.0,0.0,0.0,0.0,0.0,0.0,0.0,0.0,0,0,
776,direction_normalised_capacity_relief,stable_heavy__joint_crypto_stable_stress,,successful_closure_count,14,45,capacity_14_minus_45,-1,operational,128,0.0,0.0,0.0,0.0,0.0,0.0,0.0,0.0,0.0,0.0,0.0,0,0,
777,monotonicity_classification,stable_heavy__joint_crypto_stable_stress,,successful_closure_count,14,45,capacity_14_minus_45,-1,operational,128,0.0,0.0,0.0,0.0,0.0,0.0,0.0,0.0,0.0,0.0,0.0,0,0,no_capacity_effect
778,raw_capacity_contrast,stable_heavy__joint_crypto_stable_stress,,liquidated_debt_share,14,26,capacity_14_minus_26,1,operational,128,0.0,0.0,0.0,0.0,0.0,0.0,0.0,0.0,0.0,0.0,0.0,0,0,
779,direction_normalised_capacity_relief,stable_heavy__joint_crypto_stable_stress,,liquidated_debt_share,14,26,capacity_14_minus_26,-1,operational,128,0.0,0.0,0.0,0.0,0.0,0.0,-0.0,0.0,0.0,-0.0,0.0,0,0,
780,raw_capacity_contrast,stable_heavy__joint_crypto_stable_stress,,liquidated_debt_share,26,45,capacity_26_minus_45,1,operational,128,0.0,0.0,0.0,0.0,0.0,0.0,0.0,0.0,0.0,0.0,0.0,0,0,
781,direction_normalised_capacity_relief,stable_heavy__joint_crypto_stable_stress,,liquidated_debt_share,26,45,capacity_26_minus_45,-1,operational,128,0.0,0.0,0.0,0.0,0.0,0.0,-0.0,0.0,0.0,-0.0,0.0,0,0,
782,raw_capacity_contrast,stable_heavy__joint_crypto_stable_stress,,liquidated_debt_share,14,45,capacity_14_minus_45,1,operational,128,0.0,0.0,0.0,0.0,0.0,0.0,0.0,0.0,0.0,0.0,0.0,0,0,
783,direction_normalised_capacity_relief,stable_heavy__joint_crypto_stable_stress,,liquidated_debt_share,14,45,capacity_14_minus_45,-1,operational,128,0.0,0.0,0.0,0.0,0.0,0.0,-0.0,0.0,0.0,-0.0,0.0,0,0,
784,monotonicity_classification,stable_heavy__joint_crypto_stable_stress,,liquidated_debt_share,14,45,capacity_14_minus_45,-1,operational,128,0.0,0.0,0.0,0.0,0.0,0.0,-0.0,0.0,0.0,-0.0,0.0,0,0,no_capacity_effect
785,raw_capacity_contrast,stable_heavy__joint_crypto_stable_stress,,debt_weighted_liquidated_vault_share,14,26,capacity_14_minus_26,1,operational,128,0.0,0.0,0.0,0.0,0.0,0.0,0.0,0.0,0.0,0.0,0.0,0,0,
786,direction_normalised_capacity_relief,stable_heavy__joint_crypto_stable_stress,,debt_weighted_liquidated_vault_share,14,26,capacity_14_minus_26,-1,operational,128,0.0,0.0,0.0,0.0,0.0,0.0,-0.0,0.0,0.0,-0.0,0.0,0,0,
787,raw_capacity_contrast,stable_heavy__joint_crypto_stable_stress,,debt_weighted_liquidated_vault_share,26,45,capacity_26_minus_45,1,operational,128,0.0,0.0,0.0,0.0,0.0,0.0,0.0,0.0,0.0,0.0,0.0,0,0,
788,direction_normalised_capacity_relief,stable_heavy__joint_crypto_stable_stress,,debt_weighted_liquidated_vault_share,26,45,capacity_26_minus_45,-1,operational,128,0.0,0.0,0.0,0.0,0.0,0.0,-0.0,0.0,0.0,-0.0,0.0,0,0,
789,raw_capacity_contrast,stable_heavy__joint_crypto_stable_stress,,debt_weighted_liquidated_vault_share,14,45,capacity_14_minus_45,1,operational,128,0.0,0.0,0.0,0.0,0.0,0.0,0.0,0.0,0.0,0.0,0.0,0,0,
790,direction_normalised_capacity_relief,stable_heavy__joint_crypto_stable_stress,,debt_weighted_liquidated_vault_share,14,45,capacity_14_minus_45,-1,operational,128,0.0,0.0,0.0,0.0,0.0,0.0,-0.0,0.0,0.0,-0.0,0.0,0,0,
791,monotonicity_classification,stable_heavy__joint_crypto_stable_stress,,debt_weighted_liquidated_vault_share,14,45,capacity_14_minus_45,-1,operational,128,0.0,0.0,0.0,0.0,0.0,0.0,-0.0,0.0,0.0,-0.0,0.0,0,0,no_capacity_effect
792,raw_capacity_contrast,stable_heavy__joint_crypto_stable_stress,,hours_with_positive_unresolved_backlog,14,26,capacity_14_minus_26,1,operational,128,0.0,0.0,0.0,0.0,0.0,0.0,0.0,0.0,0.0,0.0,0.0,0,0,
793,direction_normalised_capacity_relief,stable_heavy__joint_crypto_stable_stress,,hours_with_positive_unresolved_backlog,14,26,capacity_14_minus_26,1,operational,128,0.0,0.0,0.0,0.0,0.0,0.0,0.0,0.0,0.0,0.0,0.0,0,0,
794,raw_capacity_contrast,stable_heavy__joint_crypto_stable_stress,,hours_with_positive_unresolved_backlog,26,45,capacity_26_minus_45,1,operational,128,0.0,0.0,0.0,0.0,0.0,0.0,0.0,0.0,0.0,0.0,0.0,0,0,
795,direction_normalised_capacity_relief,stable_heavy__joint_crypto_stable_stress,,hours_with_positive_unresolved_backlog,26,45,capacity_26_minus_45,1,operational,128,0.0,0.0,0.0,0.0,0.0,0.0,0.0,0.0,0.0,0.0,0.0,0,0,
796,raw_capacity_contrast,stable_heavy__joint_crypto_stable_stress,,hours_with_positive_unresolved_backlog,14,45,capacity_14_minus_45,1,operational,128,0.0,0.0,0.0,0.0,0.0,0.0,0.0,0.0,0.0,0.0,0.0,0,0,
797,direction_normalised_capacity_relief,stable_heavy__joint_crypto_stable_stress,,hours_with_positive_unresolved_backlog,14,45,capacity_14_minus_45,1,operational,128,0.0,0.0,0.0,0.0,0.0,0.0,0.0,0.0,0.0,0.0,0.0,0,0,
798,monotonicity_classification,stable_heavy__joint_crypto_stable_stress,,hours_with_positive_unresolved_backlog,14,45,capacity_14_minus_45,1,operational,128,0.0,0.0,0.0,0.0,0.0,0.0,0.0,0.0,0.0,0.0,0.0,0,0,no_capacity_effect
799,raw_capacity_contrast,stable_heavy__joint_crypto_stable_stress,,capacity_binding_hours,14,26,capacity_14_minus_26,1,operational,128,0.0,0.0,0.0,0.0,0.0,0.0,0.0,0.0,0.0,0.0,0.0,0,0,
800,direction_normalised_capacity_relief,stable_heavy__joint_crypto_stable_stress,,capacity_binding_hours,14,26,capacity_14_minus_26,1,operational,128,0.0,0.0,0.0,0.0,0.0,0.0,0.0,0.0,0.0,0.0,0.0,0,0,
801,raw_capacity_contrast,stable_heavy__joint_crypto_stable_stress,,capacity_binding_hours,26,45,capacity_26_minus_45,1,operational,128,0.0,0.0,0.0,0.0,0.0,0.0,0.0,0.0,0.0,0.0,0.0,0,0,
802,direction_normalised_capacity_relief,stable_heavy__joint_crypto_stable_stress,,capacity_binding_hours,26,45,capacity_26_minus_45,1,operational,128,0.0,0.0,0.0,0.0,0.0,0.0,0.0,0.0,0.0,0.0,0.0,0,0,
803,raw_capacity_contrast,stable_heavy__joint_crypto_stable_stress,,capacity_binding_hours,14,45,capacity_14_minus_45,1,operational,128,0.0,0.0,0.0,0.0,0.0,0.0,0.0,0.0,0.0,0.0,0.0,0,0,
804,direction_normalised_capacity_relief,stable_heavy__joint_crypto_stable_stress,,capacity_binding_hours,14,45,capacity_14_minus_45,1,operational,128,0.0,0.0,0.0,0.0,0.0,0.0,0.0,0.0,0.0,0.0,0.0,0,0,
805,monotonicity_classification,stable_heavy__joint_crypto_stable_stress,,capacity_binding_hours,14,45,capacity_14_minus_45,1,operational,128,0.0,0.0,0.0,0.0,0.0,0.0,0.0,0.0,0.0,0.0,0.0,0,0,no_capacity_effect
806,raw_capacity_contrast,stable_heavy__joint_crypto_stable_stress,,mean_capacity_utilisation,14,26,capacity_14_minus_26,1,operational,128,4.721840659340659e-05,1.9511448058748588e-05,8.975968398259356e-06,8.546084478855382e-05,0.0,0.0,0.0,0.0,1.3736263736263606e-05,0.00024267399267399186,0.1015625,13,0,
807,direction_normalised_capacity_relief,stable_heavy__joint_crypto_stable_stress,,mean_capacity_utilisation,14,26,capacity_14_minus_26,1,operational,128,4.721840659340659e-05,1.9511448058748588e-05,8.975968398259356e-06,8.546084478855382e-05,0.0,0.0,0.0,0.0,1.3736263736263606e-05,0.00024267399267399186,0.1015625,13,0,
808,raw_capacity_contrast,stable_heavy__joint_crypto_stable_stress,,mean_capacity_utilisation,26,45,capacity_26_minus_45,1,operational,128,2.325943732193732e-05,9.611194784494672e-06,4.421495544327761e-06,4.209737909954688e-05,0.0,0.0,0.0,0.0,6.766381766381702e-06,0.00011953941120607748,0.1015625,13,0,
809,direction_normalised_capacity_relief,stable_heavy__joint_crypto_stable_stress,,mean_capacity_utilisation,26,45,capacity_26_minus_45,1,operational,128,2.325943732193732e-05,9.611194784494672e-06,4.421495544327761e-06,4.209737909954688e-05,0.0,0.0,0.0,0.0,6.766381766381702e-06,0.00011953941120607748,0.1015625,13,0,
810,raw_capacity_contrast,stable_heavy__joint_crypto_stable_stress,,mean_capacity_utilisation,14,45,capacity_14_minus_45,1,operational,128,7.047784391534391e-05,2.912264284324326e-05,1.339746394258712e-05,0.0001275582238881007,0.0,0.0,0.0,0.0,2.050264550264531e-05,0.00036221340388006937,0.1015625,13,0,
811,direction_normalised_capacity_relief,stable_heavy__joint_crypto_stable_stress,,mean_capacity_utilisation,14,45,capacity_14_minus_45,1,operational,128,7.047784391534391e-05,2.912264284324326e-05,1.339746394258712e-05,0.0001275582238881007,0.0,0.0,0.0,0.0,2.050264550264531e-05,0.00036221340388006937,0.1015625,13,0,
812,monotonicity_classification,stable_heavy__joint_crypto_stable_stress,,mean_capacity_utilisation,14,45,capacity_14_minus_45,1,operational,128,7.047784391534391e-05,2.912264284324326e-05,1.339746394258712e-05,0.0001275582238881007,0.0,0.0,0.0,0.0,2.050264550264531e-05,0.00036221340388006937,0.1015625,13,0,monotonic_relief
813,raw_capacity_contrast,stable_heavy__joint_crypto_stable_stress,,maximum_capacity_utilisation,14,26,capacity_14_minus_26,1,operational,128,0.012877747252747252,0.0046143063945707635,0.003833706719388555,0.02192178778610595,0.0,0.0,0.0,0.0,0.009890109890109794,0.06593406593406592,0.1015625,13,0,
814,direction_normalised_capacity_relief,stable_heavy__joint_crypto_stable_stress,,maximum_capacity_utilisation,14,26,capacity_14_minus_26,1,operational,128,0.012877747252747252,0.0046143063945707635,0.003833706719388555,0.02192178778610595,0.0,0.0,0.0,0.0,0.009890109890109794,0.06593406593406592,0.1015625,13,0,
815,raw_capacity_contrast,stable_heavy__joint_crypto_stable_stress,,maximum_capacity_utilisation,26,45,capacity_26_minus_45,1,operational,128,0.006343482905982907,0.0022729731499181913,0.001888455532143252,0.010798510279822562,0.0,0.0,0.0,0.0,0.004871794871794826,0.03247863247863248,0.1015625,13,0,
816,direction_normalised_capacity_relief,stable_heavy__joint_crypto_stable_stress,,maximum_capacity_utilisation,26,45,capacity_26_minus_45,1,operational,128,0.006343482905982907,0.0022729731499181913,0.001888455532143252,0.010798510279822562,0.0,0.0,0.0,0.0,0.004871794871794826,0.03247863247863248,0.1015625,13,0,
817,raw_capacity_contrast,stable_heavy__joint_crypto_stable_stress,,maximum_capacity_utilisation,14,45,capacity_14_minus_45,1,operational,128,0.019221230158730156,0.006887279544488954,0.005722162251531805,0.03272029806592851,0.0,0.0,0.0,0.0,0.01476190476190462,0.0984126984126984,0.1015625,13,0,
818,direction_normalised_capacity_relief,stable_heavy__joint_crypto_stable_stress,,maximum_capacity_utilisation,14,45,capacity_14_minus_45,1,operational,128,0.019221230158730156,0.006887279544488954,0.005722162251531805,0.03272029806592851,0.0,0.0,0.0,0.0,0.01476190476190462,0.0984126984126984,0.1015625,13,0,
819,monotonicity_classification,stable_heavy__joint_crypto_stable_stress,,maximum_capacity_utilisation,14,45,capacity_14_minus_45,1,operational,128,0.019221230158730156,0.006887279544488954,0.005722162251531805,0.03272029806592851,0.0,0.0,0.0,0.0,0.01476190476190462,0.0984126984126984,0.1015625,13,0,monotonic_relief
820,raw_capacity_contrast,stable_heavy__joint_crypto_stable_stress,,mean_positive_demand_utilisation,14,26,capacity_14_minus_26,1,operational,128,0.0061778065684315675,0.0018432386016675882,0.0025650589091630945,0.009790554227700041,0.0,0.0,0.0,0.0,0.009890109890109794,0.044730269730269605,0.1015625,13,0,
821,direction_normalised_capacity_relief,stable_heavy__joint_crypto_stable_stress,,mean_positive_demand_utilisation,14,26,capacity_14_minus_26,1,operational,128,0.0061778065684315675,0.0018432386016675882,0.0025650589091630945,0.009790554227700041,0.0,0.0,0.0,0.0,0.009890109890109794,0.044730269730269605,0.1015625,13,0,
822,raw_capacity_contrast,stable_heavy__joint_crypto_stable_stress,,mean_positive_demand_utilisation,26,45,capacity_26_minus_45,1,operational,128,0.003043141754079254,0.0009079656815621824,0.0012635290182173766,0.004822754489941131,0.0,0.0,0.0,0.0,0.004871794871794826,0.022033799533799477,0.1015625,13,0,
823,direction_normalised_capacity_relief,stable_heavy__joint_crypto_stable_stress,,mean_positive_demand_utilisation,26,45,capacity_26_minus_45,1,operational,128,0.003043141754079254,0.0009079656815621824,0.0012635290182173766,0.004822754489941131,0.0,0.0,0.0,0.0,0.004871794871794826,0.022033799533799477,0.1015625,13,0,
824,raw_capacity_contrast,stable_heavy__joint_crypto_stable_stress,,mean_positive_demand_utilisation,14,45,capacity_14_minus_45,1,operational,128,0.009220948322510822,0.002751204283229771,0.0038285879273804706,0.014613308717641172,0.0,0.0,0.0,0.0,0.01476190476190462,0.06676406926406908,0.1015625,13,0,
825,direction_normalised_capacity_relief,stable_heavy__joint_crypto_stable_stress,,mean_positive_demand_utilisation,14,45,capacity_14_minus_45,1,operational,128,0.009220948322510822,0.002751204283229771,0.0038285879273804706,0.014613308717641172,0.0,0.0,0.0,0.0,0.01476190476190462,0.06676406926406908,0.1015625,13,0,
826,monotonicity_classification,stable_heavy__joint_crypto_stable_stress,,mean_positive_demand_utilisation,14,45,capacity_14_minus_45,1,operational,128,0.009220948322510822,0.002751204283229771,0.0038285879273804706,0.014613308717641172,0.0,0.0,0.0,0.0,0.01476190476190462,0.06676406926406908,0.1015625,13,0,monotonic_relief
827,raw_capacity_contrast,stable_heavy__joint_crypto_stable_stress,,positive_demand_binding_share,14,26,capacity_14_minus_26,1,operational,128,0.0,0.0,0.0,0.0,0.0,0.0,0.0,0.0,0.0,0.0,0.0,0,0,
828,direction_normalised_capacity_relief,stable_heavy__joint_crypto_stable_stress,,positive_demand_binding_share,14,26,capacity_14_minus_26,1,operational,128,0.0,0.0,0.0,0.0,0.0,0.0,0.0,0.0,0.0,0.0,0.0,0,0,
829,raw_capacity_contrast,stable_heavy__joint_crypto_stable_stress,,positive_demand_binding_share,26,45,capacity_26_minus_45,1,operational,128,0.0,0.0,0.0,0.0,0.0,0.0,0.0,0.0,0.0,0.0,0.0,0,0,
830,direction_normalised_capacity_relief,stable_heavy__joint_crypto_stable_stress,,positive_demand_binding_share,26,45,capacity_26_minus_45,1,operational,128,0.0,0.0,0.0,0.0,0.0,0.0,0.0,0.0,0.0,0.0,0.0,0,0,
831,raw_capacity_contrast,stable_heavy__joint_crypto_stable_stress,,positive_demand_binding_share,14,45,capacity_14_minus_45,1,operational,128,0.0,0.0,0.0,0.0,0.0,0.0,0.0,0.0,0.0,0.0,0.0,0,0,
832,direction_normalised_capacity_relief,stable_heavy__joint_crypto_stable_stress,,positive_demand_binding_share,14,45,capacity_14_minus_45,1,operational,128,0.0,0.0,0.0,0.0,0.0,0.0,0.0,0.0,0.0,0.0,0.0,0,0,
833,monotonicity_classification,stable_heavy__joint_crypto_stable_stress,,positive_demand_binding_share,14,45,capacity_14_minus_45,1,operational,128,0.0,0.0,0.0,0.0,0.0,0.0,0.0,0.0,0.0,0.0,0.0,0,0,no_capacity_effect
834,raw_capacity_contrast,stable_heavy__joint_crypto_stable_stress,,all_hour_binding_share,14,26,capacity_14_minus_26,1,operational,128,0.0,0.0,0.0,0.0,0.0,0.0,0.0,0.0,0.0,0.0,0.0,0,0,
835,direction_normalised_capacity_relief,stable_heavy__joint_crypto_stable_stress,,all_hour_binding_share,14,26,capacity_14_minus_26,1,operational,128,0.0,0.0,0.0,0.0,0.0,0.0,0.0,0.0,0.0,0.0,0.0,0,0,
836,raw_capacity_contrast,stable_heavy__joint_crypto_stable_stress,,all_hour_binding_share,26,45,capacity_26_minus_45,1,operational,128,0.0,0.0,0.0,0.0,0.0,0.0,0.0,0.0,0.0,0.0,0.0,0,0,
837,direction_normalised_capacity_relief,stable_heavy__joint_crypto_stable_stress,,all_hour_binding_share,26,45,capacity_26_minus_45,1,operational,128,0.0,0.0,0.0,0.0,0.0,0.0,0.0,0.0,0.0,0.0,0.0,0,0,
838,raw_capacity_contrast,stable_heavy__joint_crypto_stable_stress,,all_hour_binding_share,14,45,capacity_14_minus_45,1,operational,128,0.0,0.0,0.0,0.0,0.0,0.0,0.0,0.0,0.0,0.0,0.0,0,0,
839,direction_normalised_capacity_relief,stable_heavy__joint_crypto_stable_stress,,all_hour_binding_share,14,45,capacity_14_minus_45,1,operational,128,0.0,0.0,0.0,0.0,0.0,0.0,0.0,0.0,0.0,0.0,0.0,0,0,
840,monotonicity_classification,stable_heavy__joint_crypto_stable_stress,,all_hour_binding_share,14,45,capacity_14_minus_45,1,operational,128,0.0,0.0,0.0,0.0,0.0,0.0,0.0,0.0,0.0,0.0,0.0,0,0,no_capacity_effect
841,raw_capacity_contrast,stable_heavy__joint_crypto_stable_stress,,unused_capacity_positive_demand_hours,14,26,capacity_14_minus_26,1,operational,128,-5.53125,1.909941404546017,-9.274735152910193,-1.7877648470898069,0.0,-39.59999999999999,0.0,0.0,0.0,0.0,0.0,0,13,
842,direction_normalised_capacity_relief,stable_heavy__joint_crypto_stable_stress,,unused_capacity_positive_demand_hours,14,26,capacity_14_minus_26,1,operational,128,-5.53125,1.909941404546017,-9.274735152910193,-1.7877648470898069,0.0,-39.59999999999999,0.0,0.0,0.0,0.0,0.0,0,13,
843,raw_capacity_contrast,stable_heavy__joint_crypto_stable_stress,,unused_capacity_positive_demand_hours,26,45,capacity_26_minus_45,1,operational,128,-8.7578125,3.0240738905311937,-14.68499732544114,-2.83062767455886,0.0,-62.69999999999998,0.0,0.0,0.0,0.0,0.0,0,13,
844,direction_normalised_capacity_relief,stable_heavy__joint_crypto_stable_stress,,unused_capacity_positive_demand_hours,26,45,capacity_26_minus_45,1,operational,128,-8.7578125,3.0240738905311937,-14.68499732544114,-2.83062767455886,0.0,-62.69999999999998,0.0,0.0,0.0,0.0,0.0,0,13,
845,raw_capacity_contrast,stable_heavy__joint_crypto_stable_stress,,unused_capacity_positive_demand_hours,14,45,capacity_14_minus_45,1,operational,128,-14.2890625,4.93401529507721,-23.959732478351334,-4.618392521648667,0.0,-102.29999999999997,0.0,0.0,0.0,0.0,0.0,0,13,
846,direction_normalised_capacity_relief,stable_heavy__joint_crypto_stable_stress,,unused_capacity_positive_demand_hours,14,45,capacity_14_minus_45,1,operational,128,-14.2890625,4.93401529507721,-23.959732478351334,-4.618392521648667,0.0,-102.29999999999997,0.0,0.0,0.0,0.0,0.0,0,13,
847,monotonicity_classification,stable_heavy__joint_crypto_stable_stress,,unused_capacity_positive_demand_hours,14,45,capacity_14_minus_45,1,operational,128,-14.2890625,4.93401529507721,-23.959732478351334,-4.618392521648667,0.0,-102.29999999999997,0.0,0.0,0.0,0.0,0.0,0,13,capacity_effect_adverse
848,raw_capacity_contrast,stable_heavy__joint_crypto_stable_stress,,realised_bad_debt_share,14,26,capacity_14_minus_26,1,degenerate,128,0.0,0.0,0.0,0.0,0.0,0.0,0.0,0.0,0.0,0.0,0.0,0,0,
849,direction_normalised_capacity_relief,stable_heavy__joint_crypto_stable_stress,,realised_bad_debt_share,14,26,capacity_14_minus_26,1,degenerate,128,0.0,0.0,0.0,0.0,0.0,0.0,0.0,0.0,0.0,0.0,0.0,0,0,
850,raw_capacity_contrast,stable_heavy__joint_crypto_stable_stress,,realised_bad_debt_share,26,45,capacity_26_minus_45,1,degenerate,128,0.0,0.0,0.0,0.0,0.0,0.0,0.0,0.0,0.0,0.0,0.0,0,0,
851,direction_normalised_capacity_relief,stable_heavy__joint_crypto_stable_stress,,realised_bad_debt_share,26,45,capacity_26_minus_45,1,degenerate,128,0.0,0.0,0.0,0.0,0.0,0.0,0.0,0.0,0.0,0.0,0.0,0,0,
852,raw_capacity_contrast,stable_heavy__joint_crypto_stable_stress,,realised_bad_debt_share,14,45,capacity_14_minus_45,1,degenerate,128,0.0,0.0,0.0,0.0,0.0,0.0,0.0,0.0,0.0,0.0,0.0,0,0,
853,direction_normalised_capacity_relief,stable_heavy__joint_crypto_stable_stress,,realised_bad_debt_share,14,45,capacity_14_minus_45,1,degenerate,128,0.0,0.0,0.0,0.0,0.0,0.0,0.0,0.0,0.0,0.0,0.0,0,0,
854,monotonicity_classification,stable_heavy__joint_crypto_stable_stress,,realised_bad_debt_share,14,45,capacity_14_minus_45,1,degenerate,128,0.0,0.0,0.0,0.0,0.0,0.0,0.0,0.0,0.0,0.0,0.0,0,0,not_operational
855,raw_capacity_contrast,stable_heavy__joint_crypto_stable_stress,,positive_realised_bad_debt,14,26,capacity_14_minus_26,1,degenerate,128,0.0,0.0,0.0,0.0,0.0,0.0,0.0,0.0,0.0,0.0,0.0,0,0,
856,direction_normalised_capacity_relief,stable_heavy__joint_crypto_stable_stress,,positive_realised_bad_debt,14,26,capacity_14_minus_26,1,degenerate,128,0.0,0.0,0.0,0.0,0.0,0.0,0.0,0.0,0.0,0.0,0.0,0,0,
857,raw_capacity_contrast,stable_heavy__joint_crypto_stable_stress,,positive_realised_bad_debt,26,45,capacity_26_minus_45,1,degenerate,128,0.0,0.0,0.0,0.0,0.0,0.0,0.0,0.0,0.0,0.0,0.0,0,0,
858,direction_normalised_capacity_relief,stable_heavy__joint_crypto_stable_stress,,positive_realised_bad_debt,26,45,capacity_26_minus_45,1,degenerate,128,0.0,0.0,0.0,0.0,0.0,0.0,0.0,0.0,0.0,0.0,0.0,0,0,
859,raw_capacity_contrast,stable_heavy__joint_crypto_stable_stress,,positive_realised_bad_debt,14,45,capacity_14_minus_45,1,degenerate,128,0.0,0.0,0.0,0.0,0.0,0.0,0.0,0.0,0.0,0.0,0.0,0,0,
860,direction_normalised_capacity_relief,stable_heavy__joint_crypto_stable_stress,,positive_realised_bad_debt,14,45,capacity_14_minus_45,1,degenerate,128,0.0,0.0,0.0,0.0,0.0,0.0,0.0,0.0,0.0,0.0,0.0,0,0,
861,monotonicity_classification,stable_heavy__joint_crypto_stable_stress,,positive_realised_bad_debt,14,45,capacity_14_minus_45,1,degenerate,128,0.0,0.0,0.0,0.0,0.0,0.0,0.0,0.0,0.0,0.0,0.0,0,0,not_operational
862,raw_capacity_contrast,stable_heavy__joint_crypto_stable_stress,,terminal_active_bad_debt_share,14,26,capacity_14_minus_26,1,degenerate,128,0.0,0.0,0.0,0.0,0.0,0.0,0.0,0.0,0.0,0.0,0.0,0,0,
863,direction_normalised_capacity_relief,stable_heavy__joint_crypto_stable_stress,,terminal_active_bad_debt_share,14,26,capacity_14_minus_26,1,degenerate,128,0.0,0.0,0.0,0.0,0.0,0.0,0.0,0.0,0.0,0.0,0.0,0,0,
864,raw_capacity_contrast,stable_heavy__joint_crypto_stable_stress,,terminal_active_bad_debt_share,26,45,capacity_26_minus_45,1,degenerate,128,0.0,0.0,0.0,0.0,0.0,0.0,0.0,0.0,0.0,0.0,0.0,0,0,
865,direction_normalised_capacity_relief,stable_heavy__joint_crypto_stable_stress,,terminal_active_bad_debt_share,26,45,capacity_26_minus_45,1,degenerate,128,0.0,0.0,0.0,0.0,0.0,0.0,0.0,0.0,0.0,0.0,0.0,0,0,
866,raw_capacity_contrast,stable_heavy__joint_crypto_stable_stress,,terminal_active_bad_debt_share,14,45,capacity_14_minus_45,1,degenerate,128,0.0,0.0,0.0,0.0,0.0,0.0,0.0,0.0,0.0,0.0,0.0,0,0,
867,direction_normalised_capacity_relief,stable_heavy__joint_crypto_stable_stress,,terminal_active_bad_debt_share,14,45,capacity_14_minus_45,1,degenerate,128,0.0,0.0,0.0,0.0,0.0,0.0,0.0,0.0,0.0,0.0,0.0,0,0,
868,monotonicity_classification,stable_heavy__joint_crypto_stable_stress,,terminal_active_bad_debt_share,14,45,capacity_14_minus_45,1,degenerate,128,0.0,0.0,0.0,0.0,0.0,0.0,0.0,0.0,0.0,0.0,0.0,0,0,not_operational
869,raw_capacity_contrast,stable_heavy__joint_crypto_stable_stress,,below_peg_burden,14,26,capacity_14_minus_26,1,operational,128,0.0,0.0,0.0,0.0,0.0,0.0,0.0,0.0,0.0,0.0,0.0,0,0,
870,direction_normalised_capacity_relief,stable_heavy__joint_crypto_stable_stress,,below_peg_burden,14,26,capacity_14_minus_26,1,operational,128,0.0,0.0,0.0,0.0,0.0,0.0,0.0,0.0,0.0,0.0,0.0,0,0,
871,raw_capacity_contrast,stable_heavy__joint_crypto_stable_stress,,below_peg_burden,26,45,capacity_26_minus_45,1,operational,128,0.0,0.0,0.0,0.0,0.0,0.0,0.0,0.0,0.0,0.0,0.0,0,0,
872,direction_normalised_capacity_relief,stable_heavy__joint_crypto_stable_stress,,below_peg_burden,26,45,capacity_26_minus_45,1,operational,128,0.0,0.0,0.0,0.0,0.0,0.0,0.0,0.0,0.0,0.0,0.0,0,0,
873,raw_capacity_contrast,stable_heavy__joint_crypto_stable_stress,,below_peg_burden,14,45,capacity_14_minus_45,1,operational,128,0.0,0.0,0.0,0.0,0.0,0.0,0.0,0.0,0.0,0.0,0.0,0,0,
874,direction_normalised_capacity_relief,stable_heavy__joint_crypto_stable_stress,,below_peg_burden,14,45,capacity_14_minus_45,1,operational,128,0.0,0.0,0.0,0.0,0.0,0.0,0.0,0.0,0.0,0.0,0.0,0,0,
875,monotonicity_classification,stable_heavy__joint_crypto_stable_stress,,below_peg_burden,14,45,capacity_14_minus_45,1,operational,128,0.0,0.0,0.0,0.0,0.0,0.0,0.0,0.0,0.0,0.0,0.0,0,0,no_capacity_effect
876,raw_capacity_contrast,stable_heavy__joint_crypto_stable_stress,,mean_absolute_peg_deviation,14,26,capacity_14_minus_26,1,operational,128,0.0,0.0,0.0,0.0,0.0,0.0,0.0,0.0,0.0,0.0,0.0,0,0,
877,direction_normalised_capacity_relief,stable_heavy__joint_crypto_stable_stress,,mean_absolute_peg_deviation,14,26,capacity_14_minus_26,1,operational,128,0.0,0.0,0.0,0.0,0.0,0.0,0.0,0.0,0.0,0.0,0.0,0,0,
878,raw_capacity_contrast,stable_heavy__joint_crypto_stable_stress,,mean_absolute_peg_deviation,26,45,capacity_26_minus_45,1,operational,128,0.0,0.0,0.0,0.0,0.0,0.0,0.0,0.0,0.0,0.0,0.0,0,0,
879,direction_normalised_capacity_relief,stable_heavy__joint_crypto_stable_stress,,mean_absolute_peg_deviation,26,45,capacity_26_minus_45,1,operational,128,0.0,0.0,0.0,0.0,0.0,0.0,0.0,0.0,0.0,0.0,0.0,0,0,
880,raw_capacity_contrast,stable_heavy__joint_crypto_stable_stress,,mean_absolute_peg_deviation,14,45,capacity_14_minus_45,1,operational,128,0.0,0.0,0.0,0.0,0.0,0.0,0.0,0.0,0.0,0.0,0.0,0,0,
881,direction_normalised_capacity_relief,stable_heavy__joint_crypto_stable_stress,,mean_absolute_peg_deviation,14,45,capacity_14_minus_45,1,operational,128,0.0,0.0,0.0,0.0,0.0,0.0,0.0,0.0,0.0,0.0,0.0,0,0,
882,monotonicity_classification,stable_heavy__joint_crypto_stable_stress,,mean_absolute_peg_deviation,14,45,capacity_14_minus_45,1,operational,128,0.0,0.0,0.0,0.0,0.0,0.0,0.0,0.0,0.0,0.0,0.0,0,0,no_capacity_effect
883,raw_capacity_contrast,stable_heavy__joint_crypto_stable_stress,,minimum_dai_price,14,26,capacity_14_minus_26,1,operational,128,0.0,0.0,0.0,0.0,0.0,0.0,0.0,0.0,0.0,0.0,0.0,0,0,
884,direction_normalised_capacity_relief,stable_heavy__joint_crypto_stable_stress,,minimum_dai_price,14,26,capacity_14_minus_26,-1,operational,128,0.0,0.0,0.0,0.0,0.0,0.0,-0.0,0.0,0.0,-0.0,0.0,0,0,
885,raw_capacity_contrast,stable_heavy__joint_crypto_stable_stress,,minimum_dai_price,26,45,capacity_26_minus_45,1,operational,128,0.0,0.0,0.0,0.0,0.0,0.0,0.0,0.0,0.0,0.0,0.0,0,0,
886,direction_normalised_capacity_relief,stable_heavy__joint_crypto_stable_stress,,minimum_dai_price,26,45,capacity_26_minus_45,-1,operational,128,0.0,0.0,0.0,0.0,0.0,0.0,-0.0,0.0,0.0,-0.0,0.0,0,0,
887,raw_capacity_contrast,stable_heavy__joint_crypto_stable_stress,,minimum_dai_price,14,45,capacity_14_minus_45,1,operational,128,0.0,0.0,0.0,0.0,0.0,0.0,0.0,0.0,0.0,0.0,0.0,0,0,
888,direction_normalised_capacity_relief,stable_heavy__joint_crypto_stable_stress,,minimum_dai_price,14,45,capacity_14_minus_45,-1,operational,128,0.0,0.0,0.0,0.0,0.0,0.0,-0.0,0.0,0.0,-0.0,0.0,0,0,
889,monotonicity_classification,stable_heavy__joint_crypto_stable_stress,,minimum_dai_price,14,45,capacity_14_minus_45,-1,operational,128,0.0,0.0,0.0,0.0,0.0,0.0,-0.0,0.0,0.0,-0.0,0.0,0,0,no_capacity_effect
890,raw_capacity_contrast,stable_heavy__joint_crypto_stable_stress,,restricted_mean_recovery_time,14,26,capacity_14_minus_26,1,operational,128,0.0,0.0,0.0,0.0,0.0,0.0,0.0,0.0,0.0,0.0,0.0,0,0,
891,direction_normalised_capacity_relief,stable_heavy__joint_crypto_stable_stress,,restricted_mean_recovery_time,14,26,capacity_14_minus_26,1,operational,128,0.0,0.0,0.0,0.0,0.0,0.0,0.0,0.0,0.0,0.0,0.0,0,0,
892,raw_capacity_contrast,stable_heavy__joint_crypto_stable_stress,,restricted_mean_recovery_time,26,45,capacity_26_minus_45,1,operational,128,0.0,0.0,0.0,0.0,0.0,0.0,0.0,0.0,0.0,0.0,0.0,0,0,
893,direction_normalised_capacity_relief,stable_heavy__joint_crypto_stable_stress,,restricted_mean_recovery_time,26,45,capacity_26_minus_45,1,operational,128,0.0,0.0,0.0,0.0,0.0,0.0,0.0,0.0,0.0,0.0,0.0,0,0,
894,raw_capacity_contrast,stable_heavy__joint_crypto_stable_stress,,restricted_mean_recovery_time,14,45,capacity_14_minus_45,1,operational,128,0.0,0.0,0.0,0.0,0.0,0.0,0.0,0.0,0.0,0.0,0.0,0,0,
895,direction_normalised_capacity_relief,stable_heavy__joint_crypto_stable_stress,,restricted_mean_recovery_time,14,45,capacity_14_minus_45,1,operational,128,0.0,0.0,0.0,0.0,0.0,0.0,0.0,0.0,0.0,0.0,0.0,0,0,
896,monotonicity_classification,stable_heavy__joint_crypto_stable_stress,,restricted_mean_recovery_time,14,45,capacity_14_minus_45,1,operational,128,0.0,0.0,0.0,0.0,0.0,0.0,0.0,0.0,0.0,0.0,0.0,0,0,no_capacity_effect
897,raw_capacity_contrast,stable_heavy__joint_crypto_stable_stress,,recovery_probability_720h,14,26,capacity_14_minus_26,1,degenerate,128,0.0,0.0,0.0,0.0,0.0,0.0,0.0,0.0,0.0,0.0,0.0,0,0,
898,direction_normalised_capacity_relief,stable_heavy__joint_crypto_stable_stress,,recovery_probability_720h,14,26,capacity_14_minus_26,-1,degenerate,128,0.0,0.0,0.0,0.0,0.0,0.0,0.0,0.0,0.0,0.0,0.0,0,0,
899,raw_capacity_contrast,stable_heavy__joint_crypto_stable_stress,,recovery_probability_720h,26,45,capacity_26_minus_45,1,degenerate,128,0.0,0.0,0.0,0.0,0.0,0.0,0.0,0.0,0.0,0.0,0.0,0,0,
900,direction_normalised_capacity_relief,stable_heavy__joint_crypto_stable_stress,,recovery_probability_720h,26,45,capacity_26_minus_45,-1,degenerate,128,0.0,0.0,0.0,0.0,0.0,0.0,0.0,0.0,0.0,0.0,0.0,0,0,
901,raw_capacity_contrast,stable_heavy__joint_crypto_stable_stress,,recovery_probability_720h,14,45,capacity_14_minus_45,1,degenerate,128,0.0,0.0,0.0,0.0,0.0,0.0,0.0,0.0,0.0,0.0,0.0,0,0,
902,direction_normalised_capacity_relief,stable_heavy__joint_crypto_stable_stress,,recovery_probability_720h,14,45,capacity_14_minus_45,-1,degenerate,128,0.0,0.0,0.0,0.0,0.0,0.0,0.0,0.0,0.0,0.0,0.0,0,0,
903,monotonicity_classification,stable_heavy__joint_crypto_stable_stress,,recovery_probability_720h,14,45,capacity_14_minus_45,-1,degenerate,128,0.0,0.0,0.0,0.0,0.0,0.0,0.0,0.0,0.0,0.0,0.0,0,0,not_operational
904,collateral_capacity_contrast,stable_heavy__joint_crypto_stable_stress,ETH,initial_debt_exposure,14,26,capacity_14_minus_26,1,operational,128,0.0,0.0,0.0,0.0,0.0,0.0,0.0,0.0,0.0,0.0,0.0,0,0,
905,collateral_capacity_contrast,stable_heavy__joint_crypto_stable_stress,ETH,initial_debt_exposure,26,45,capacity_26_minus_45,1,operational,128,0.0,0.0,0.0,0.0,0.0,0.0,0.0,0.0,0.0,0.0,0.0,0,0,
906,collateral_capacity_contrast,stable_heavy__joint_crypto_stable_stress,ETH,initial_debt_exposure,14,45,capacity_14_minus_45,1,operational,128,0.0,0.0,0.0,0.0,0.0,0.0,0.0,0.0,0.0,0.0,0.0,0,0,
907,collateral_capacity_contrast,stable_heavy__joint_crypto_stable_stress,ETH,eligible_liquidation_tab,14,26,capacity_14_minus_26,1,operational,128,0.0,0.0,0.0,0.0,0.0,0.0,0.0,0.0,0.0,0.0,0.0,0,0,
908,collateral_capacity_contrast,stable_heavy__joint_crypto_stable_stress,ETH,eligible_liquidation_tab,26,45,capacity_26_minus_45,1,operational,128,0.0,0.0,0.0,0.0,0.0,0.0,0.0,0.0,0.0,0.0,0.0,0,0,
909,collateral_capacity_contrast,stable_heavy__joint_crypto_stable_stress,ETH,eligible_liquidation_tab,14,45,capacity_14_minus_45,1,operational,128,0.0,0.0,0.0,0.0,0.0,0.0,0.0,0.0,0.0,0.0,0.0,0,0,
910,collateral_capacity_contrast,stable_heavy__joint_crypto_stable_stress,ETH,candidate_count,14,26,capacity_14_minus_26,1,operational,128,0.0,0.0,0.0,0.0,0.0,0.0,0.0,0.0,0.0,0.0,0.0,0,0,
911,collateral_capacity_contrast,stable_heavy__joint_crypto_stable_stress,ETH,candidate_count,26,45,capacity_26_minus_45,1,operational,128,0.0,0.0,0.0,0.0,0.0,0.0,0.0,0.0,0.0,0.0,0.0,0,0,
912,collateral_capacity_contrast,stable_heavy__joint_crypto_stable_stress,ETH,candidate_count,14,45,capacity_14_minus_45,1,operational,128,0.0,0.0,0.0,0.0,0.0,0.0,0.0,0.0,0.0,0.0,0.0,0,0,
913,collateral_capacity_contrast,stable_heavy__joint_crypto_stable_stress,ETH,profitability_filtered_count,14,26,capacity_14_minus_26,1,operational,128,0.0,0.0,0.0,0.0,0.0,0.0,0.0,0.0,0.0,0.0,0.0,0,0,
914,collateral_capacity_contrast,stable_heavy__joint_crypto_stable_stress,ETH,profitability_filtered_count,26,45,capacity_26_minus_45,1,operational,128,0.0,0.0,0.0,0.0,0.0,0.0,0.0,0.0,0.0,0.0,0.0,0,0,
915,collateral_capacity_contrast,stable_heavy__joint_crypto_stable_stress,ETH,profitability_filtered_count,14,45,capacity_14_minus_45,1,operational,128,0.0,0.0,0.0,0.0,0.0,0.0,0.0,0.0,0.0,0.0,0.0,0,0,
916,collateral_capacity_contrast,stable_heavy__joint_crypto_stable_stress,ETH,selected_count,14,26,capacity_14_minus_26,1,operational,128,0.0,0.0,0.0,0.0,0.0,0.0,0.0,0.0,0.0,0.0,0.0,0,0,
917,collateral_capacity_contrast,stable_heavy__joint_crypto_stable_stress,ETH,selected_count,26,45,capacity_26_minus_45,1,operational,128,0.0,0.0,0.0,0.0,0.0,0.0,0.0,0.0,0.0,0.0,0.0,0,0,
918,collateral_capacity_contrast,stable_heavy__joint_crypto_stable_stress,ETH,selected_count,14,45,capacity_14_minus_45,1,operational,128,0.0,0.0,0.0,0.0,0.0,0.0,0.0,0.0,0.0,0.0,0.0,0,0,
919,collateral_capacity_contrast,stable_heavy__joint_crypto_stable_stress,ETH,rejected_count,14,26,capacity_14_minus_26,1,operational,128,0.0,0.0,0.0,0.0,0.0,0.0,0.0,0.0,0.0,0.0,0.0,0,0,
920,collateral_capacity_contrast,stable_heavy__joint_crypto_stable_stress,ETH,rejected_count,26,45,capacity_26_minus_45,1,operational,128,0.0,0.0,0.0,0.0,0.0,0.0,0.0,0.0,0.0,0.0,0.0,0,0,
921,collateral_capacity_contrast,stable_heavy__joint_crypto_stable_stress,ETH,rejected_count,14,45,capacity_14_minus_45,1,operational,128,0.0,0.0,0.0,0.0,0.0,0.0,0.0,0.0,0.0,0.0,0.0,0,0,
922,collateral_capacity_contrast,stable_heavy__joint_crypto_stable_stress,ETH,successful_closure_count,14,26,capacity_14_minus_26,1,operational,128,0.0,0.0,0.0,0.0,0.0,0.0,0.0,0.0,0.0,0.0,0.0,0,0,
923,collateral_capacity_contrast,stable_heavy__joint_crypto_stable_stress,ETH,successful_closure_count,26,45,capacity_26_minus_45,1,operational,128,0.0,0.0,0.0,0.0,0.0,0.0,0.0,0.0,0.0,0.0,0.0,0,0,
924,collateral_capacity_contrast,stable_heavy__joint_crypto_stable_stress,ETH,successful_closure_count,14,45,capacity_14_minus_45,1,operational,128,0.0,0.0,0.0,0.0,0.0,0.0,0.0,0.0,0.0,0.0,0.0,0,0,
925,collateral_capacity_contrast,stable_heavy__joint_crypto_stable_stress,ETH,liquidated_debt,14,26,capacity_14_minus_26,1,operational,128,0.0,0.0,0.0,0.0,0.0,0.0,0.0,0.0,0.0,0.0,0.0,0,0,
926,collateral_capacity_contrast,stable_heavy__joint_crypto_stable_stress,ETH,liquidated_debt,26,45,capacity_26_minus_45,1,operational,128,0.0,0.0,0.0,0.0,0.0,0.0,0.0,0.0,0.0,0.0,0.0,0,0,
927,collateral_capacity_contrast,stable_heavy__joint_crypto_stable_stress,ETH,liquidated_debt,14,45,capacity_14_minus_45,1,operational,128,0.0,0.0,0.0,0.0,0.0,0.0,0.0,0.0,0.0,0.0,0.0,0,0,
928,collateral_capacity_contrast,stable_heavy__joint_crypto_stable_stress,ETH,terminal_unresolved_tab,14,26,capacity_14_minus_26,1,operational,128,0.0,0.0,0.0,0.0,0.0,0.0,0.0,0.0,0.0,0.0,0.0,0,0,
929,collateral_capacity_contrast,stable_heavy__joint_crypto_stable_stress,ETH,terminal_unresolved_tab,26,45,capacity_26_minus_45,1,operational,128,0.0,0.0,0.0,0.0,0.0,0.0,0.0,0.0,0.0,0.0,0.0,0,0,
930,collateral_capacity_contrast,stable_heavy__joint_crypto_stable_stress,ETH,terminal_unresolved_tab,14,45,capacity_14_minus_45,1,operational,128,0.0,0.0,0.0,0.0,0.0,0.0,0.0,0.0,0.0,0.0,0.0,0,0,
931,collateral_capacity_contrast,stable_heavy__joint_crypto_stable_stress,ETH,backlog_area,14,26,capacity_14_minus_26,1,operational,128,0.0,0.0,0.0,0.0,0.0,0.0,0.0,0.0,0.0,0.0,0.0,0,0,
932,collateral_capacity_contrast,stable_heavy__joint_crypto_stable_stress,ETH,backlog_area,26,45,capacity_26_minus_45,1,operational,128,0.0,0.0,0.0,0.0,0.0,0.0,0.0,0.0,0.0,0.0,0.0,0,0,
933,collateral_capacity_contrast,stable_heavy__joint_crypto_stable_stress,ETH,backlog_area,14,45,capacity_14_minus_45,1,operational,128,0.0,0.0,0.0,0.0,0.0,0.0,0.0,0.0,0.0,0.0,0.0,0,0,
934,collateral_capacity_contrast,stable_heavy__joint_crypto_stable_stress,ETH,maximum_backlog,14,26,capacity_14_minus_26,1,operational,128,0.0,0.0,0.0,0.0,0.0,0.0,0.0,0.0,0.0,0.0,0.0,0,0,
935,collateral_capacity_contrast,stable_heavy__joint_crypto_stable_stress,ETH,maximum_backlog,26,45,capacity_26_minus_45,1,operational,128,0.0,0.0,0.0,0.0,0.0,0.0,0.0,0.0,0.0,0.0,0.0,0,0,
936,collateral_capacity_contrast,stable_heavy__joint_crypto_stable_stress,ETH,maximum_backlog,14,45,capacity_14_minus_45,1,operational,128,0.0,0.0,0.0,0.0,0.0,0.0,0.0,0.0,0.0,0.0,0.0,0,0,
937,collateral_capacity_contrast,stable_heavy__joint_crypto_stable_stress,ETH,terminal_active_bad_debt,14,26,capacity_14_minus_26,1,operational,128,0.0,0.0,0.0,0.0,0.0,0.0,0.0,0.0,0.0,0.0,0.0,0,0,
938,collateral_capacity_contrast,stable_heavy__joint_crypto_stable_stress,ETH,terminal_active_bad_debt,26,45,capacity_26_minus_45,1,operational,128,0.0,0.0,0.0,0.0,0.0,0.0,0.0,0.0,0.0,0.0,0.0,0,0,
939,collateral_capacity_contrast,stable_heavy__joint_crypto_stable_stress,ETH,terminal_active_bad_debt,14,45,capacity_14_minus_45,1,operational,128,0.0,0.0,0.0,0.0,0.0,0.0,0.0,0.0,0.0,0.0,0.0,0,0,
940,collateral_capacity_contrast,stable_heavy__joint_crypto_stable_stress,ETH,realised_bad_debt,14,26,capacity_14_minus_26,1,operational,128,0.0,0.0,0.0,0.0,0.0,0.0,0.0,0.0,0.0,0.0,0.0,0,0,
941,collateral_capacity_contrast,stable_heavy__joint_crypto_stable_stress,ETH,realised_bad_debt,26,45,capacity_26_minus_45,1,operational,128,0.0,0.0,0.0,0.0,0.0,0.0,0.0,0.0,0.0,0.0,0.0,0,0,
942,collateral_capacity_contrast,stable_heavy__joint_crypto_stable_stress,ETH,realised_bad_debt,14,45,capacity_14_minus_45,1,operational,128,0.0,0.0,0.0,0.0,0.0,0.0,0.0,0.0,0.0,0.0,0.0,0,0,
943,collateral_capacity_contrast,stable_heavy__joint_crypto_stable_stress,ETH,keeper_profit_proxy,14,26,capacity_14_minus_26,1,operational,128,0.0,0.0,0.0,0.0,0.0,0.0,0.0,0.0,0.0,0.0,0.0,0,0,
944,collateral_capacity_contrast,stable_heavy__joint_crypto_stable_stress,ETH,keeper_profit_proxy,26,45,capacity_26_minus_45,1,operational,128,0.0,0.0,0.0,0.0,0.0,0.0,0.0,0.0,0.0,0.0,0.0,0,0,
945,collateral_capacity_contrast,stable_heavy__joint_crypto_stable_stress,ETH,keeper_profit_proxy,14,45,capacity_14_minus_45,1,operational,128,0.0,0.0,0.0,0.0,0.0,0.0,0.0,0.0,0.0,0.0,0.0,0,0,
946,collateral_capacity_contrast,stable_heavy__joint_crypto_stable_stress,ETH,share_system_capacity_consumed,14,26,capacity_14_minus_26,1,operational,13,0.0,0.0,0.0,0.0,0.0,0.0,0.0,0.0,0.0,0.0,0.0,0,0,
947,collateral_capacity_contrast,stable_heavy__joint_crypto_stable_stress,ETH,share_system_capacity_consumed,26,45,capacity_26_minus_45,1,operational,13,0.0,0.0,0.0,0.0,0.0,0.0,0.0,0.0,0.0,0.0,0.0,0,0,
948,collateral_capacity_contrast,stable_heavy__joint_crypto_stable_stress,ETH,share_system_capacity_consumed,14,45,capacity_14_minus_45,1,operational,13,0.0,0.0,0.0,0.0,0.0,0.0,0.0,0.0,0.0,0.0,0.0,0,0,
949,collateral_capacity_contrast,stable_heavy__joint_crypto_stable_stress,ETH,share_system_rejections,14,26,capacity_14_minus_26,1,not_operational,0,,,,,,,,,,,,0,0,
950,collateral_capacity_contrast,stable_heavy__joint_crypto_stable_stress,ETH,share_system_rejections,26,45,capacity_26_minus_45,1,not_operational,0,,,,,,,,,,,,0,0,
951,collateral_capacity_contrast,stable_heavy__joint_crypto_stable_stress,ETH,share_system_rejections,14,45,capacity_14_minus_45,1,not_operational,0,,,,,,,,,,,,0,0,
952,collateral_capacity_contrast,stable_heavy__joint_crypto_stable_stress,ETH,contribution_to_system_backlog,14,26,capacity_14_minus_26,1,operational,14,0.0,0.0,0.0,0.0,0.0,0.0,0.0,0.0,0.0,0.0,0.0,0,0,
953,collateral_capacity_contrast,stable_heavy__joint_crypto_stable_stress,ETH,contribution_to_system_backlog,26,45,capacity_26_minus_45,1,operational,14,0.0,0.0,0.0,0.0,0.0,0.0,0.0,0.0,0.0,0.0,0.0,0,0,
954,collateral_capacity_contrast,stable_heavy__joint_crypto_stable_stress,ETH,contribution_to_system_backlog,14,45,capacity_14_minus_45,1,operational,14,0.0,0.0,0.0,0.0,0.0,0.0,0.0,0.0,0.0,0.0,0.0,0,0,
955,collateral_capacity_contrast,stable_heavy__joint_crypto_stable_stress,ETH,exposure_normalised_backlog,14,26,capacity_14_minus_26,1,operational,128,0.0,0.0,0.0,0.0,0.0,0.0,0.0,0.0,0.0,0.0,0.0,0,0,
956,collateral_capacity_contrast,stable_heavy__joint_crypto_stable_stress,ETH,exposure_normalised_backlog,26,45,capacity_26_minus_45,1,operational,128,0.0,0.0,0.0,0.0,0.0,0.0,0.0,0.0,0.0,0.0,0.0,0,0,
957,collateral_capacity_contrast,stable_heavy__joint_crypto_stable_stress,ETH,exposure_normalised_backlog,14,45,capacity_14_minus_45,1,operational,128,0.0,0.0,0.0,0.0,0.0,0.0,0.0,0.0,0.0,0.0,0.0,0,0,
958,collateral_capacity_contrast,stable_heavy__joint_crypto_stable_stress,ETH,exposure_normalised_unresolved_tab,14,26,capacity_14_minus_26,1,operational,128,0.0,0.0,0.0,0.0,0.0,0.0,0.0,0.0,0.0,0.0,0.0,0,0,
959,collateral_capacity_contrast,stable_heavy__joint_crypto_stable_stress,ETH,exposure_normalised_unresolved_tab,26,45,capacity_26_minus_45,1,operational,128,0.0,0.0,0.0,0.0,0.0,0.0,0.0,0.0,0.0,0.0,0.0,0,0,
960,collateral_capacity_contrast,stable_heavy__joint_crypto_stable_stress,ETH,exposure_normalised_unresolved_tab,14,45,capacity_14_minus_45,1,operational,128,0.0,0.0,0.0,0.0,0.0,0.0,0.0,0.0,0.0,0.0,0.0,0,0,
961,collateral_capacity_contrast,stable_heavy__joint_crypto_stable_stress,ETH,displaced_candidates,14,26,capacity_14_minus_26,1,operational,128,0.0,0.0,0.0,0.0,0.0,0.0,0.0,0.0,0.0,0.0,0.0,0,0,
962,collateral_capacity_contrast,stable_heavy__joint_crypto_stable_stress,ETH,displaced_candidates,26,45,capacity_26_minus_45,1,operational,128,0.0,0.0,0.0,0.0,0.0,0.0,0.0,0.0,0.0,0.0,0.0,0,0,
963,collateral_capacity_contrast,stable_heavy__joint_crypto_stable_stress,ETH,displaced_candidates,14,45,capacity_14_minus_45,1,operational,128,0.0,0.0,0.0,0.0,0.0,0.0,0.0,0.0,0.0,0.0,0.0,0,0,
964,collateral_capacity_contrast,stable_heavy__joint_crypto_stable_stress,ETH,cross_family_displacement_hours,14,26,capacity_14_minus_26,1,operational,128,0.0,0.0,0.0,0.0,0.0,0.0,0.0,0.0,0.0,0.0,0.0,0,0,
965,collateral_capacity_contrast,stable_heavy__joint_crypto_stable_stress,ETH,cross_family_displacement_hours,26,45,capacity_26_minus_45,1,operational,128,0.0,0.0,0.0,0.0,0.0,0.0,0.0,0.0,0.0,0.0,0.0,0,0,
966,collateral_capacity_contrast,stable_heavy__joint_crypto_stable_stress,ETH,cross_family_displacement_hours,14,45,capacity_14_minus_45,1,operational,128,0.0,0.0,0.0,0.0,0.0,0.0,0.0,0.0,0.0,0.0,0.0,0,0,
967,collateral_capacity_contrast,stable_heavy__joint_crypto_stable_stress,WBTC,initial_debt_exposure,14,26,capacity_14_minus_26,1,operational,128,0.0,0.0,0.0,0.0,0.0,0.0,0.0,0.0,0.0,0.0,0.0,0,0,
968,collateral_capacity_contrast,stable_heavy__joint_crypto_stable_stress,WBTC,initial_debt_exposure,26,45,capacity_26_minus_45,1,operational,128,0.0,0.0,0.0,0.0,0.0,0.0,0.0,0.0,0.0,0.0,0.0,0,0,
969,collateral_capacity_contrast,stable_heavy__joint_crypto_stable_stress,WBTC,initial_debt_exposure,14,45,capacity_14_minus_45,1,operational,128,0.0,0.0,0.0,0.0,0.0,0.0,0.0,0.0,0.0,0.0,0.0,0,0,
970,collateral_capacity_contrast,stable_heavy__joint_crypto_stable_stress,WBTC,eligible_liquidation_tab,14,26,capacity_14_minus_26,1,operational,128,0.0,0.0,0.0,0.0,0.0,0.0,0.0,0.0,0.0,0.0,0.0,0,0,
971,collateral_capacity_contrast,stable_heavy__joint_crypto_stable_stress,WBTC,eligible_liquidation_tab,26,45,capacity_26_minus_45,1,operational,128,0.0,0.0,0.0,0.0,0.0,0.0,0.0,0.0,0.0,0.0,0.0,0,0,
972,collateral_capacity_contrast,stable_heavy__joint_crypto_stable_stress,WBTC,eligible_liquidation_tab,14,45,capacity_14_minus_45,1,operational,128,0.0,0.0,0.0,0.0,0.0,0.0,0.0,0.0,0.0,0.0,0.0,0,0,
973,collateral_capacity_contrast,stable_heavy__joint_crypto_stable_stress,WBTC,candidate_count,14,26,capacity_14_minus_26,1,operational,128,0.0,0.0,0.0,0.0,0.0,0.0,0.0,0.0,0.0,0.0,0.0,0,0,
974,collateral_capacity_contrast,stable_heavy__joint_crypto_stable_stress,WBTC,candidate_count,26,45,capacity_26_minus_45,1,operational,128,0.0,0.0,0.0,0.0,0.0,0.0,0.0,0.0,0.0,0.0,0.0,0,0,
975,collateral_capacity_contrast,stable_heavy__joint_crypto_stable_stress,WBTC,candidate_count,14,45,capacity_14_minus_45,1,operational,128,0.0,0.0,0.0,0.0,0.0,0.0,0.0,0.0,0.0,0.0,0.0,0,0,
976,collateral_capacity_contrast,stable_heavy__joint_crypto_stable_stress,WBTC,profitability_filtered_count,14,26,capacity_14_minus_26,1,operational,128,0.0,0.0,0.0,0.0,0.0,0.0,0.0,0.0,0.0,0.0,0.0,0,0,
977,collateral_capacity_contrast,stable_heavy__joint_crypto_stable_stress,WBTC,profitability_filtered_count,26,45,capacity_26_minus_45,1,operational,128,0.0,0.0,0.0,0.0,0.0,0.0,0.0,0.0,0.0,0.0,0.0,0,0,
978,collateral_capacity_contrast,stable_heavy__joint_crypto_stable_stress,WBTC,profitability_filtered_count,14,45,capacity_14_minus_45,1,operational,128,0.0,0.0,0.0,0.0,0.0,0.0,0.0,0.0,0.0,0.0,0.0,0,0,
979,collateral_capacity_contrast,stable_heavy__joint_crypto_stable_stress,WBTC,selected_count,14,26,capacity_14_minus_26,1,operational,128,0.0,0.0,0.0,0.0,0.0,0.0,0.0,0.0,0.0,0.0,0.0,0,0,
980,collateral_capacity_contrast,stable_heavy__joint_crypto_stable_stress,WBTC,selected_count,26,45,capacity_26_minus_45,1,operational,128,0.0,0.0,0.0,0.0,0.0,0.0,0.0,0.0,0.0,0.0,0.0,0,0,
981,collateral_capacity_contrast,stable_heavy__joint_crypto_stable_stress,WBTC,selected_count,14,45,capacity_14_minus_45,1,operational,128,0.0,0.0,0.0,0.0,0.0,0.0,0.0,0.0,0.0,0.0,0.0,0,0,
982,collateral_capacity_contrast,stable_heavy__joint_crypto_stable_stress,WBTC,rejected_count,14,26,capacity_14_minus_26,1,operational,128,0.0,0.0,0.0,0.0,0.0,0.0,0.0,0.0,0.0,0.0,0.0,0,0,
983,collateral_capacity_contrast,stable_heavy__joint_crypto_stable_stress,WBTC,rejected_count,26,45,capacity_26_minus_45,1,operational,128,0.0,0.0,0.0,0.0,0.0,0.0,0.0,0.0,0.0,0.0,0.0,0,0,
984,collateral_capacity_contrast,stable_heavy__joint_crypto_stable_stress,WBTC,rejected_count,14,45,capacity_14_minus_45,1,operational,128,0.0,0.0,0.0,0.0,0.0,0.0,0.0,0.0,0.0,0.0,0.0,0,0,
985,collateral_capacity_contrast,stable_heavy__joint_crypto_stable_stress,WBTC,successful_closure_count,14,26,capacity_14_minus_26,1,operational,128,0.0,0.0,0.0,0.0,0.0,0.0,0.0,0.0,0.0,0.0,0.0,0,0,
986,collateral_capacity_contrast,stable_heavy__joint_crypto_stable_stress,WBTC,successful_closure_count,26,45,capacity_26_minus_45,1,operational,128,0.0,0.0,0.0,0.0,0.0,0.0,0.0,0.0,0.0,0.0,0.0,0,0,
987,collateral_capacity_contrast,stable_heavy__joint_crypto_stable_stress,WBTC,successful_closure_count,14,45,capacity_14_minus_45,1,operational,128,0.0,0.0,0.0,0.0,0.0,0.0,0.0,0.0,0.0,0.0,0.0,0,0,
988,collateral_capacity_contrast,stable_heavy__joint_crypto_stable_stress,WBTC,liquidated_debt,14,26,capacity_14_minus_26,1,operational,128,0.0,0.0,0.0,0.0,0.0,0.0,0.0,0.0,0.0,0.0,0.0,0,0,
989,collateral_capacity_contrast,stable_heavy__joint_crypto_stable_stress,WBTC,liquidated_debt,26,45,capacity_26_minus_45,1,operational,128,0.0,0.0,0.0,0.0,0.0,0.0,0.0,0.0,0.0,0.0,0.0,0,0,
990,collateral_capacity_contrast,stable_heavy__joint_crypto_stable_stress,WBTC,liquidated_debt,14,45,capacity_14_minus_45,1,operational,128,0.0,0.0,0.0,0.0,0.0,0.0,0.0,0.0,0.0,0.0,0.0,0,0,
991,collateral_capacity_contrast,stable_heavy__joint_crypto_stable_stress,WBTC,terminal_unresolved_tab,14,26,capacity_14_minus_26,1,operational,128,0.0,0.0,0.0,0.0,0.0,0.0,0.0,0.0,0.0,0.0,0.0,0,0,
992,collateral_capacity_contrast,stable_heavy__joint_crypto_stable_stress,WBTC,terminal_unresolved_tab,26,45,capacity_26_minus_45,1,operational,128,0.0,0.0,0.0,0.0,0.0,0.0,0.0,0.0,0.0,0.0,0.0,0,0,
993,collateral_capacity_contrast,stable_heavy__joint_crypto_stable_stress,WBTC,terminal_unresolved_tab,14,45,capacity_14_minus_45,1,operational,128,0.0,0.0,0.0,0.0,0.0,0.0,0.0,0.0,0.0,0.0,0.0,0,0,
994,collateral_capacity_contrast,stable_heavy__joint_crypto_stable_stress,WBTC,backlog_area,14,26,capacity_14_minus_26,1,operational,128,0.0,0.0,0.0,0.0,0.0,0.0,0.0,0.0,0.0,0.0,0.0,0,0,
995,collateral_capacity_contrast,stable_heavy__joint_crypto_stable_stress,WBTC,backlog_area,26,45,capacity_26_minus_45,1,operational,128,0.0,0.0,0.0,0.0,0.0,0.0,0.0,0.0,0.0,0.0,0.0,0,0,
996,collateral_capacity_contrast,stable_heavy__joint_crypto_stable_stress,WBTC,backlog_area,14,45,capacity_14_minus_45,1,operational,128,0.0,0.0,0.0,0.0,0.0,0.0,0.0,0.0,0.0,0.0,0.0,0,0,
997,collateral_capacity_contrast,stable_heavy__joint_crypto_stable_stress,WBTC,maximum_backlog,14,26,capacity_14_minus_26,1,operational,128,0.0,0.0,0.0,0.0,0.0,0.0,0.0,0.0,0.0,0.0,0.0,0,0,
998,collateral_capacity_contrast,stable_heavy__joint_crypto_stable_stress,WBTC,maximum_backlog,26,45,capacity_26_minus_45,1,operational,128,0.0,0.0,0.0,0.0,0.0,0.0,0.0,0.0,0.0,0.0,0.0,0,0,
999,collateral_capacity_contrast,stable_heavy__joint_crypto_stable_stress,WBTC,maximum_backlog,14,45,capacity_14_minus_45,1,operational,128,0.0,0.0,0.0,0.0,0.0,0.0,0.0,0.0,0.0,0.0,0.0,0,0,
1000,collateral_capacity_contrast,stable_heavy__joint_crypto_stable_stress,WBTC,terminal_active_bad_debt,14,26,capacity_14_minus_26,1,operational,128,0.0,0.0,0.0,0.0,0.0,0.0,0.0,0.0,0.0,0.0,0.0,0,0,
1001,collateral_capacity_contrast,stable_heavy__joint_crypto_stable_stress,WBTC,terminal_active_bad_debt,26,45,capacity_26_minus_45,1,operational,128,0.0,0.0,0.0,0.0,0.0,0.0,0.0,0.0,0.0,0.0,0.0,0,0,
1002,collateral_capacity_contrast,stable_heavy__joint_crypto_stable_stress,WBTC,terminal_active_bad_debt,14,45,capacity_14_minus_45,1,operational,128,0.0,0.0,0.0,0.0,0.0,0.0,0.0,0.0,0.0,0.0,0.0,0,0,
1003,collateral_capacity_contrast,stable_heavy__joint_crypto_stable_stress,WBTC,realised_bad_debt,14,26,capacity_14_minus_26,1,operational,128,0.0,0.0,0.0,0.0,0.0,0.0,0.0,0.0,0.0,0.0,0.0,0,0,
1004,collateral_capacity_contrast,stable_heavy__joint_crypto_stable_stress,WBTC,realised_bad_debt,26,45,capacity_26_minus_45,1,operational,128,0.0,0.0,0.0,0.0,0.0,0.0,0.0,0.0,0.0,0.0,0.0,0,0,
1005,collateral_capacity_contrast,stable_heavy__joint_crypto_stable_stress,WBTC,realised_bad_debt,14,45,capacity_14_minus_45,1,operational,128,0.0,0.0,0.0,0.0,0.0,0.0,0.0,0.0,0.0,0.0,0.0,0,0,
1006,collateral_capacity_contrast,stable_heavy__joint_crypto_stable_stress,WBTC,keeper_profit_proxy,14,26,capacity_14_minus_26,1,operational,128,0.0,0.0,0.0,0.0,0.0,0.0,0.0,0.0,0.0,0.0,0.0,0,0,
1007,collateral_capacity_contrast,stable_heavy__joint_crypto_stable_stress,WBTC,keeper_profit_proxy,26,45,capacity_26_minus_45,1,operational,128,0.0,0.0,0.0,0.0,0.0,0.0,0.0,0.0,0.0,0.0,0.0,0,0,
1008,collateral_capacity_contrast,stable_heavy__joint_crypto_stable_stress,WBTC,keeper_profit_proxy,14,45,capacity_14_minus_45,1,operational,128,0.0,0.0,0.0,0.0,0.0,0.0,0.0,0.0,0.0,0.0,0.0,0,0,
1009,collateral_capacity_contrast,stable_heavy__joint_crypto_stable_stress,WBTC,share_system_capacity_consumed,14,26,capacity_14_minus_26,1,operational,13,0.0,0.0,0.0,0.0,0.0,0.0,0.0,0.0,0.0,0.0,0.0,0,0,
1010,collateral_capacity_contrast,stable_heavy__joint_crypto_stable_stress,WBTC,share_system_capacity_consumed,26,45,capacity_26_minus_45,1,operational,13,0.0,0.0,0.0,0.0,0.0,0.0,0.0,0.0,0.0,0.0,0.0,0,0,
1011,collateral_capacity_contrast,stable_heavy__joint_crypto_stable_stress,WBTC,share_system_capacity_consumed,14,45,capacity_14_minus_45,1,operational,13,0.0,0.0,0.0,0.0,0.0,0.0,0.0,0.0,0.0,0.0,0.0,0,0,
1012,collateral_capacity_contrast,stable_heavy__joint_crypto_stable_stress,WBTC,share_system_rejections,14,26,capacity_14_minus_26,1,not_operational,0,,,,,,,,,,,,0,0,
1013,collateral_capacity_contrast,stable_heavy__joint_crypto_stable_stress,WBTC,share_system_rejections,26,45,capacity_26_minus_45,1,not_operational,0,,,,,,,,,,,,0,0,
1014,collateral_capacity_contrast,stable_heavy__joint_crypto_stable_stress,WBTC,share_system_rejections,14,45,capacity_14_minus_45,1,not_operational,0,,,,,,,,,,,,0,0,
1015,collateral_capacity_contrast,stable_heavy__joint_crypto_stable_stress,WBTC,contribution_to_system_backlog,14,26,capacity_14_minus_26,1,operational,14,0.0,0.0,0.0,0.0,0.0,0.0,0.0,0.0,0.0,0.0,0.0,0,0,
1016,collateral_capacity_contrast,stable_heavy__joint_crypto_stable_stress,WBTC,contribution_to_system_backlog,26,45,capacity_26_minus_45,1,operational,14,0.0,0.0,0.0,0.0,0.0,0.0,0.0,0.0,0.0,0.0,0.0,0,0,
1017,collateral_capacity_contrast,stable_heavy__joint_crypto_stable_stress,WBTC,contribution_to_system_backlog,14,45,capacity_14_minus_45,1,operational,14,0.0,0.0,0.0,0.0,0.0,0.0,0.0,0.0,0.0,0.0,0.0,0,0,
1018,collateral_capacity_contrast,stable_heavy__joint_crypto_stable_stress,WBTC,exposure_normalised_backlog,14,26,capacity_14_minus_26,1,operational,128,0.0,0.0,0.0,0.0,0.0,0.0,0.0,0.0,0.0,0.0,0.0,0,0,
1019,collateral_capacity_contrast,stable_heavy__joint_crypto_stable_stress,WBTC,exposure_normalised_backlog,26,45,capacity_26_minus_45,1,operational,128,0.0,0.0,0.0,0.0,0.0,0.0,0.0,0.0,0.0,0.0,0.0,0,0,
1020,collateral_capacity_contrast,stable_heavy__joint_crypto_stable_stress,WBTC,exposure_normalised_backlog,14,45,capacity_14_minus_45,1,operational,128,0.0,0.0,0.0,0.0,0.0,0.0,0.0,0.0,0.0,0.0,0.0,0,0,
1021,collateral_capacity_contrast,stable_heavy__joint_crypto_stable_stress,WBTC,exposure_normalised_unresolved_tab,14,26,capacity_14_minus_26,1,operational,128,0.0,0.0,0.0,0.0,0.0,0.0,0.0,0.0,0.0,0.0,0.0,0,0,
1022,collateral_capacity_contrast,stable_heavy__joint_crypto_stable_stress,WBTC,exposure_normalised_unresolved_tab,26,45,capacity_26_minus_45,1,operational,128,0.0,0.0,0.0,0.0,0.0,0.0,0.0,0.0,0.0,0.0,0.0,0,0,
1023,collateral_capacity_contrast,stable_heavy__joint_crypto_stable_stress,WBTC,exposure_normalised_unresolved_tab,14,45,capacity_14_minus_45,1,operational,128,0.0,0.0,0.0,0.0,0.0,0.0,0.0,0.0,0.0,0.0,0.0,0,0,
1024,collateral_capacity_contrast,stable_heavy__joint_crypto_stable_stress,WBTC,displaced_candidates,14,26,capacity_14_minus_26,1,operational,128,0.0,0.0,0.0,0.0,0.0,0.0,0.0,0.0,0.0,0.0,0.0,0,0,
1025,collateral_capacity_contrast,stable_heavy__joint_crypto_stable_stress,WBTC,displaced_candidates,26,45,capacity_26_minus_45,1,operational,128,0.0,0.0,0.0,0.0,0.0,0.0,0.0,0.0,0.0,0.0,0.0,0,0,
1026,collateral_capacity_contrast,stable_heavy__joint_crypto_stable_stress,WBTC,displaced_candidates,14,45,capacity_14_minus_45,1,operational,128,0.0,0.0,0.0,0.0,0.0,0.0,0.0,0.0,0.0,0.0,0.0,0,0,
1027,collateral_capacity_contrast,stable_heavy__joint_crypto_stable_stress,WBTC,cross_family_displacement_hours,14,26,capacity_14_minus_26,1,operational,128,0.0,0.0,0.0,0.0,0.0,0.0,0.0,0.0,0.0,0.0,0.0,0,0,
1028,collateral_capacity_contrast,stable_heavy__joint_crypto_stable_stress,WBTC,cross_family_displacement_hours,26,45,capacity_26_minus_45,1,operational,128,0.0,0.0,0.0,0.0,0.0,0.0,0.0,0.0,0.0,0.0,0.0,0,0,
1029,collateral_capacity_contrast,stable_heavy__joint_crypto_stable_stress,WBTC,cross_family_displacement_hours,14,45,capacity_14_minus_45,1,operational,128,0.0,0.0,0.0,0.0,0.0,0.0,0.0,0.0,0.0,0.0,0.0,0,0,
1030,collateral_capacity_contrast,stable_heavy__joint_crypto_stable_stress,STABLE,initial_debt_exposure,14,26,capacity_14_minus_26,1,operational,128,0.0,0.0,0.0,0.0,0.0,0.0,0.0,0.0,0.0,0.0,0.0,0,0,
1031,collateral_capacity_contrast,stable_heavy__joint_crypto_stable_stress,STABLE,initial_debt_exposure,26,45,capacity_26_minus_45,1,operational,128,0.0,0.0,0.0,0.0,0.0,0.0,0.0,0.0,0.0,0.0,0.0,0,0,
1032,collateral_capacity_contrast,stable_heavy__joint_crypto_stable_stress,STABLE,initial_debt_exposure,14,45,capacity_14_minus_45,1,operational,128,0.0,0.0,0.0,0.0,0.0,0.0,0.0,0.0,0.0,0.0,0.0,0,0,
1033,collateral_capacity_contrast,stable_heavy__joint_crypto_stable_stress,STABLE,eligible_liquidation_tab,14,26,capacity_14_minus_26,1,operational,128,0.0,0.0,0.0,0.0,0.0,0.0,0.0,0.0,0.0,0.0,0.0,0,0,
1034,collateral_capacity_contrast,stable_heavy__joint_crypto_stable_stress,STABLE,eligible_liquidation_tab,26,45,capacity_26_minus_45,1,operational,128,0.0,0.0,0.0,0.0,0.0,0.0,0.0,0.0,0.0,0.0,0.0,0,0,
1035,collateral_capacity_contrast,stable_heavy__joint_crypto_stable_stress,STABLE,eligible_liquidation_tab,14,45,capacity_14_minus_45,1,operational,128,0.0,0.0,0.0,0.0,0.0,0.0,0.0,0.0,0.0,0.0,0.0,0,0,
1036,collateral_capacity_contrast,stable_heavy__joint_crypto_stable_stress,STABLE,candidate_count,14,26,capacity_14_minus_26,1,operational,128,0.0,0.0,0.0,0.0,0.0,0.0,0.0,0.0,0.0,0.0,0.0,0,0,
1037,collateral_capacity_contrast,stable_heavy__joint_crypto_stable_stress,STABLE,candidate_count,26,45,capacity_26_minus_45,1,operational,128,0.0,0.0,0.0,0.0,0.0,0.0,0.0,0.0,0.0,0.0,0.0,0,0,
1038,collateral_capacity_contrast,stable_heavy__joint_crypto_stable_stress,STABLE,candidate_count,14,45,capacity_14_minus_45,1,operational,128,0.0,0.0,0.0,0.0,0.0,0.0,0.0,0.0,0.0,0.0,0.0,0,0,
1039,collateral_capacity_contrast,stable_heavy__joint_crypto_stable_stress,STABLE,profitability_filtered_count,14,26,capacity_14_minus_26,1,operational,128,0.0,0.0,0.0,0.0,0.0,0.0,0.0,0.0,0.0,0.0,0.0,0,0,
1040,collateral_capacity_contrast,stable_heavy__joint_crypto_stable_stress,STABLE,profitability_filtered_count,26,45,capacity_26_minus_45,1,operational,128,0.0,0.0,0.0,0.0,0.0,0.0,0.0,0.0,0.0,0.0,0.0,0,0,
1041,collateral_capacity_contrast,stable_heavy__joint_crypto_stable_stress,STABLE,profitability_filtered_count,14,45,capacity_14_minus_45,1,operational,128,0.0,0.0,0.0,0.0,0.0,0.0,0.0,0.0,0.0,0.0,0.0,0,0,
1042,collateral_capacity_contrast,stable_heavy__joint_crypto_stable_stress,STABLE,selected_count,14,26,capacity_14_minus_26,1,operational,128,0.0,0.0,0.0,0.0,0.0,0.0,0.0,0.0,0.0,0.0,0.0,0,0,
1043,collateral_capacity_contrast,stable_heavy__joint_crypto_stable_stress,STABLE,selected_count,26,45,capacity_26_minus_45,1,operational,128,0.0,0.0,0.0,0.0,0.0,0.0,0.0,0.0,0.0,0.0,0.0,0,0,
1044,collateral_capacity_contrast,stable_heavy__joint_crypto_stable_stress,STABLE,selected_count,14,45,capacity_14_minus_45,1,operational,128,0.0,0.0,0.0,0.0,0.0,0.0,0.0,0.0,0.0,0.0,0.0,0,0,
1045,collateral_capacity_contrast,stable_heavy__joint_crypto_stable_stress,STABLE,rejected_count,14,26,capacity_14_minus_26,1,operational,128,0.0,0.0,0.0,0.0,0.0,0.0,0.0,0.0,0.0,0.0,0.0,0,0,
1046,collateral_capacity_contrast,stable_heavy__joint_crypto_stable_stress,STABLE,rejected_count,26,45,capacity_26_minus_45,1,operational,128,0.0,0.0,0.0,0.0,0.0,0.0,0.0,0.0,0.0,0.0,0.0,0,0,
1047,collateral_capacity_contrast,stable_heavy__joint_crypto_stable_stress,STABLE,rejected_count,14,45,capacity_14_minus_45,1,operational,128,0.0,0.0,0.0,0.0,0.0,0.0,0.0,0.0,0.0,0.0,0.0,0,0,
1048,collateral_capacity_contrast,stable_heavy__joint_crypto_stable_stress,STABLE,successful_closure_count,14,26,capacity_14_minus_26,1,operational,128,0.0,0.0,0.0,0.0,0.0,0.0,0.0,0.0,0.0,0.0,0.0,0,0,
1049,collateral_capacity_contrast,stable_heavy__joint_crypto_stable_stress,STABLE,successful_closure_count,26,45,capacity_26_minus_45,1,operational,128,0.0,0.0,0.0,0.0,0.0,0.0,0.0,0.0,0.0,0.0,0.0,0,0,
1050,collateral_capacity_contrast,stable_heavy__joint_crypto_stable_stress,STABLE,successful_closure_count,14,45,capacity_14_minus_45,1,operational,128,0.0,0.0,0.0,0.0,0.0,0.0,0.0,0.0,0.0,0.0,0.0,0,0,
1051,collateral_capacity_contrast,stable_heavy__joint_crypto_stable_stress,STABLE,liquidated_debt,14,26,capacity_14_minus_26,1,operational,128,0.0,0.0,0.0,0.0,0.0,0.0,0.0,0.0,0.0,0.0,0.0,0,0,
1052,collateral_capacity_contrast,stable_heavy__joint_crypto_stable_stress,STABLE,liquidated_debt,26,45,capacity_26_minus_45,1,operational,128,0.0,0.0,0.0,0.0,0.0,0.0,0.0,0.0,0.0,0.0,0.0,0,0,
1053,collateral_capacity_contrast,stable_heavy__joint_crypto_stable_stress,STABLE,liquidated_debt,14,45,capacity_14_minus_45,1,operational,128,0.0,0.0,0.0,0.0,0.0,0.0,0.0,0.0,0.0,0.0,0.0,0,0,
1054,collateral_capacity_contrast,stable_heavy__joint_crypto_stable_stress,STABLE,terminal_unresolved_tab,14,26,capacity_14_minus_26,1,operational,128,0.0,0.0,0.0,0.0,0.0,0.0,0.0,0.0,0.0,0.0,0.0,0,0,
1055,collateral_capacity_contrast,stable_heavy__joint_crypto_stable_stress,STABLE,terminal_unresolved_tab,26,45,capacity_26_minus_45,1,operational,128,0.0,0.0,0.0,0.0,0.0,0.0,0.0,0.0,0.0,0.0,0.0,0,0,
1056,collateral_capacity_contrast,stable_heavy__joint_crypto_stable_stress,STABLE,terminal_unresolved_tab,14,45,capacity_14_minus_45,1,operational,128,0.0,0.0,0.0,0.0,0.0,0.0,0.0,0.0,0.0,0.0,0.0,0,0,
1057,collateral_capacity_contrast,stable_heavy__joint_crypto_stable_stress,STABLE,backlog_area,14,26,capacity_14_minus_26,1,operational,128,0.0,0.0,0.0,0.0,0.0,0.0,0.0,0.0,0.0,0.0,0.0,0,0,
1058,collateral_capacity_contrast,stable_heavy__joint_crypto_stable_stress,STABLE,backlog_area,26,45,capacity_26_minus_45,1,operational,128,0.0,0.0,0.0,0.0,0.0,0.0,0.0,0.0,0.0,0.0,0.0,0,0,
1059,collateral_capacity_contrast,stable_heavy__joint_crypto_stable_stress,STABLE,backlog_area,14,45,capacity_14_minus_45,1,operational,128,0.0,0.0,0.0,0.0,0.0,0.0,0.0,0.0,0.0,0.0,0.0,0,0,
1060,collateral_capacity_contrast,stable_heavy__joint_crypto_stable_stress,STABLE,maximum_backlog,14,26,capacity_14_minus_26,1,operational,128,0.0,0.0,0.0,0.0,0.0,0.0,0.0,0.0,0.0,0.0,0.0,0,0,
1061,collateral_capacity_contrast,stable_heavy__joint_crypto_stable_stress,STABLE,maximum_backlog,26,45,capacity_26_minus_45,1,operational,128,0.0,0.0,0.0,0.0,0.0,0.0,0.0,0.0,0.0,0.0,0.0,0,0,
1062,collateral_capacity_contrast,stable_heavy__joint_crypto_stable_stress,STABLE,maximum_backlog,14,45,capacity_14_minus_45,1,operational,128,0.0,0.0,0.0,0.0,0.0,0.0,0.0,0.0,0.0,0.0,0.0,0,0,
1063,collateral_capacity_contrast,stable_heavy__joint_crypto_stable_stress,STABLE,terminal_active_bad_debt,14,26,capacity_14_minus_26,1,operational,128,0.0,0.0,0.0,0.0,0.0,0.0,0.0,0.0,0.0,0.0,0.0,0,0,
1064,collateral_capacity_contrast,stable_heavy__joint_crypto_stable_stress,STABLE,terminal_active_bad_debt,26,45,capacity_26_minus_45,1,operational,128,0.0,0.0,0.0,0.0,0.0,0.0,0.0,0.0,0.0,0.0,0.0,0,0,
1065,collateral_capacity_contrast,stable_heavy__joint_crypto_stable_stress,STABLE,terminal_active_bad_debt,14,45,capacity_14_minus_45,1,operational,128,0.0,0.0,0.0,0.0,0.0,0.0,0.0,0.0,0.0,0.0,0.0,0,0,
1066,collateral_capacity_contrast,stable_heavy__joint_crypto_stable_stress,STABLE,realised_bad_debt,14,26,capacity_14_minus_26,1,operational,128,0.0,0.0,0.0,0.0,0.0,0.0,0.0,0.0,0.0,0.0,0.0,0,0,
1067,collateral_capacity_contrast,stable_heavy__joint_crypto_stable_stress,STABLE,realised_bad_debt,26,45,capacity_26_minus_45,1,operational,128,0.0,0.0,0.0,0.0,0.0,0.0,0.0,0.0,0.0,0.0,0.0,0,0,
1068,collateral_capacity_contrast,stable_heavy__joint_crypto_stable_stress,STABLE,realised_bad_debt,14,45,capacity_14_minus_45,1,operational,128,0.0,0.0,0.0,0.0,0.0,0.0,0.0,0.0,0.0,0.0,0.0,0,0,
1069,collateral_capacity_contrast,stable_heavy__joint_crypto_stable_stress,STABLE,keeper_profit_proxy,14,26,capacity_14_minus_26,1,operational,128,0.0,0.0,0.0,0.0,0.0,0.0,0.0,0.0,0.0,0.0,0.0,0,0,
1070,collateral_capacity_contrast,stable_heavy__joint_crypto_stable_stress,STABLE,keeper_profit_proxy,26,45,capacity_26_minus_45,1,operational,128,0.0,0.0,0.0,0.0,0.0,0.0,0.0,0.0,0.0,0.0,0.0,0,0,
1071,collateral_capacity_contrast,stable_heavy__joint_crypto_stable_stress,STABLE,keeper_profit_proxy,14,45,capacity_14_minus_45,1,operational,128,0.0,0.0,0.0,0.0,0.0,0.0,0.0,0.0,0.0,0.0,0.0,0,0,
1072,collateral_capacity_contrast,stable_heavy__joint_crypto_stable_stress,STABLE,share_system_capacity_consumed,14,26,capacity_14_minus_26,1,operational,13,0.0,0.0,0.0,0.0,0.0,0.0,0.0,0.0,0.0,0.0,0.0,0,0,
1073,collateral_capacity_contrast,stable_heavy__joint_crypto_stable_stress,STABLE,share_system_capacity_consumed,26,45,capacity_26_minus_45,1,operational,13,0.0,0.0,0.0,0.0,0.0,0.0,0.0,0.0,0.0,0.0,0.0,0,0,
1074,collateral_capacity_contrast,stable_heavy__joint_crypto_stable_stress,STABLE,share_system_capacity_consumed,14,45,capacity_14_minus_45,1,operational,13,0.0,0.0,0.0,0.0,0.0,0.0,0.0,0.0,0.0,0.0,0.0,0,0,
1075,collateral_capacity_contrast,stable_heavy__joint_crypto_stable_stress,STABLE,share_system_rejections,14,26,capacity_14_minus_26,1,not_operational,0,,,,,,,,,,,,0,0,
1076,collateral_capacity_contrast,stable_heavy__joint_crypto_stable_stress,STABLE,share_system_rejections,26,45,capacity_26_minus_45,1,not_operational,0,,,,,,,,,,,,0,0,
1077,collateral_capacity_contrast,stable_heavy__joint_crypto_stable_stress,STABLE,share_system_rejections,14,45,capacity_14_minus_45,1,not_operational,0,,,,,,,,,,,,0,0,
1078,collateral_capacity_contrast,stable_heavy__joint_crypto_stable_stress,STABLE,contribution_to_system_backlog,14,26,capacity_14_minus_26,1,operational,14,0.0,0.0,0.0,0.0,0.0,0.0,0.0,0.0,0.0,0.0,0.0,0,0,
1079,collateral_capacity_contrast,stable_heavy__joint_crypto_stable_stress,STABLE,contribution_to_system_backlog,26,45,capacity_26_minus_45,1,operational,14,0.0,0.0,0.0,0.0,0.0,0.0,0.0,0.0,0.0,0.0,0.0,0,0,
1080,collateral_capacity_contrast,stable_heavy__joint_crypto_stable_stress,STABLE,contribution_to_system_backlog,14,45,capacity_14_minus_45,1,operational,14,0.0,0.0,0.0,0.0,0.0,0.0,0.0,0.0,0.0,0.0,0.0,0,0,
1081,collateral_capacity_contrast,stable_heavy__joint_crypto_stable_stress,STABLE,exposure_normalised_backlog,14,26,capacity_14_minus_26,1,operational,128,0.0,0.0,0.0,0.0,0.0,0.0,0.0,0.0,0.0,0.0,0.0,0,0,
1082,collateral_capacity_contrast,stable_heavy__joint_crypto_stable_stress,STABLE,exposure_normalised_backlog,26,45,capacity_26_minus_45,1,operational,128,0.0,0.0,0.0,0.0,0.0,0.0,0.0,0.0,0.0,0.0,0.0,0,0,
1083,collateral_capacity_contrast,stable_heavy__joint_crypto_stable_stress,STABLE,exposure_normalised_backlog,14,45,capacity_14_minus_45,1,operational,128,0.0,0.0,0.0,0.0,0.0,0.0,0.0,0.0,0.0,0.0,0.0,0,0,
1084,collateral_capacity_contrast,stable_heavy__joint_crypto_stable_stress,STABLE,exposure_normalised_unresolved_tab,14,26,capacity_14_minus_26,1,operational,128,0.0,0.0,0.0,0.0,0.0,0.0,0.0,0.0,0.0,0.0,0.0,0,0,
1085,collateral_capacity_contrast,stable_heavy__joint_crypto_stable_stress,STABLE,exposure_normalised_unresolved_tab,26,45,capacity_26_minus_45,1,operational,128,0.0,0.0,0.0,0.0,0.0,0.0,0.0,0.0,0.0,0.0,0.0,0,0,
1086,collateral_capacity_contrast,stable_heavy__joint_crypto_stable_stress,STABLE,exposure_normalised_unresolved_tab,14,45,capacity_14_minus_45,1,operational,128,0.0,0.0,0.0,0.0,0.0,0.0,0.0,0.0,0.0,0.0,0.0,0,0,
1087,collateral_capacity_contrast,stable_heavy__joint_crypto_stable_stress,STABLE,displaced_candidates,14,26,capacity_14_minus_26,1,operational,128,0.0,0.0,0.0,0.0,0.0,0.0,0.0,0.0,0.0,0.0,0.0,0,0,
1088,collateral_capacity_contrast,stable_heavy__joint_crypto_stable_stress,STABLE,displaced_candidates,26,45,capacity_26_minus_45,1,operational,128,0.0,0.0,0.0,0.0,0.0,0.0,0.0,0.0,0.0,0.0,0.0,0,0,
1089,collateral_capacity_contrast,stable_heavy__joint_crypto_stable_stress,STABLE,displaced_candidates,14,45,capacity_14_minus_45,1,operational,128,0.0,0.0,0.0,0.0,0.0,0.0,0.0,0.0,0.0,0.0,0.0,0,0,
1090,collateral_capacity_contrast,stable_heavy__joint_crypto_stable_stress,STABLE,cross_family_displacement_hours,14,26,capacity_14_minus_26,1,operational,128,0.0,0.0,0.0,0.0,0.0,0.0,0.0,0.0,0.0,0.0,0.0,0,0,
1091,collateral_capacity_contrast,stable_heavy__joint_crypto_stable_stress,STABLE,cross_family_displacement_hours,26,45,capacity_26_minus_45,1,operational,128,0.0,0.0,0.0,0.0,0.0,0.0,0.0,0.0,0.0,0.0,0.0,0,0,
1092,collateral_capacity_contrast,stable_heavy__joint_crypto_stable_stress,STABLE,cross_family_displacement_hours,14,45,capacity_14_minus_45,1,operational,128,0.0,0.0,0.0,0.0,0.0,0.0,0.0,0.0,0.0,0.0,0.0,0,0,
