candidate_index,confidence_floor,deterioration_adjustment,panic_response,recovery_adjustment,transformed_C_min,transformed_alpha_d,transformed_alpha_r,transformed_kappa_P,z_C_min,z_alpha_d,z_alpha_r,z_kappa_P,first_six_hour_burden__simulated_mean,first_six_hour_burden__analytic_mcse,first_six_hour_burden__raw_mc_lower,first_six_hour_burden__raw_mc_upper,first_six_hour_burden__adjusted_mc_lower,first_six_hour_burden__adjusted_mc_upper,first_six_hour_burden__empirical_band_lower,first_six_hour_burden__empirical_band_upper,first_six_hour_burden__inner_pass,first_six_hour_burden__outer_pass,maximum_downside_deviation__simulated_mean,maximum_downside_deviation__analytic_mcse,maximum_downside_deviation__raw_mc_lower,maximum_downside_deviation__raw_mc_upper,maximum_downside_deviation__adjusted_mc_lower,maximum_downside_deviation__adjusted_mc_upper,maximum_downside_deviation__empirical_band_lower,maximum_downside_deviation__empirical_band_upper,maximum_downside_deviation__inner_pass,maximum_downside_deviation__outer_pass,recovery_completion_hours__simulated_mean,recovery_completion_hours__analytic_mcse,recovery_completion_hours__raw_mc_lower,recovery_completion_hours__raw_mc_upper,recovery_completion_hours__adjusted_mc_lower,recovery_completion_hours__adjusted_mc_upper,recovery_completion_hours__empirical_band_lower,recovery_completion_hours__empirical_band_upper,recovery_completion_hours__inner_pass,recovery_completion_hours__outer_pass,failed_recovery_attempts__simulated_mean,failed_recovery_attempts__analytic_mcse,failed_recovery_attempts__raw_mc_lower,failed_recovery_attempts__raw_mc_upper,failed_recovery_attempts__adjusted_mc_lower,failed_recovery_attempts__adjusted_mc_upper,failed_recovery_attempts__empirical_band_lower,failed_recovery_attempts__empirical_band_upper,failed_recovery_attempts__inner_pass,failed_recovery_attempts__outer_pass,initial_gap_q4_q1_burden_contrast__simulated_mean,initial_gap_q4_q1_burden_contrast__analytic_mcse,initial_gap_q4_q1_burden_contrast__raw_mc_lower,initial_gap_q4_q1_burden_contrast__raw_mc_upper,initial_gap_q4_q1_burden_contrast__adjusted_mc_lower,initial_gap_q4_q1_burden_contrast__adjusted_mc_upper,initial_gap_q4_q1_burden_contrast__empirical_band_lower,initial_gap_q4_q1_burden_contrast__empirical_band_upper,initial_gap_q4_q1_burden_contrast__inner_pass,initial_gap_q4_q1_burden_contrast__outer_pass,numerical_bound_pass,stage1_preservation_pass,structural_pass,active_bad_debt_occurrence,active_bad_debt_occurrence_share,confidence_floor_binding_share,failed_recovery_attempts_mean,maximum_active_bad_debt_dai,maximum_unresolved_tab_dai,price_bound_share,recovery_probability_168h,recovery_probability_48h,recovery_probability_792h,right_censoring_share,unresolved_backlog_occurrence,unresolved_backlog_occurrence_share,candidate_classification,result_checksum
0,0.028257581405341833,0.004441847093403558,0.7246945004398565,0.0037534781618436936,-3.5377289779767387,-5.4122332356128116,1.6961132669763608,-1.0299647732022907,0.028257581405341625,0.0044418470934033377,0.84502642322331667,0.26309093367308378,9.9169832725989941e-05,4.7137514348141721e-05,2.1628621623296813e-05,0.00017671104382868306,2.1628621623296813e-05,0.00017671104382868306,0.077561113011999916,0.1758450431439999,False,False,0.0070321624858553193,0.00027201925415998817,0.0065846908127621387,0.0074796341589485,0.0065846908127621387,0.0074796341589485,0.0021472894676802003,0.0043219244962797998,False,False,87.529138513513516,0.38662787487716416,86.893135659340587,88.165141367686445,86.893135659340587,88.165141367686445,29.880602871860003,68.03831604714,False,False,0.036317567567567564,0.0038698700936832583,0.029951631263458605,0.042683503871676527,0.029951631263458605,0.042683503871676527,0.52468278421999992,5.7185604590200008,False,False,9.928944489116299e-05,5.896862704475446e-05,2.2860534025419081e-06,0.00019629283637978407,2.2860534025419081e-06,0.00019629283637978407,0.45521164327499997,0.74291964327500004,False,False,False,True,True,True,0.00021114864864864866,0,0.036317567567567564,100.21340230491739,764958.03674140328,0.053079847545996171,0.92145270270270274,0.30510979729729731,0.98585304054054057,0.014146959459459459,True,0.17461993243243243,rejected,9e23dba23976273865fa33abb2684513e51af978b38036738213ea901c3def53
1,0.61283136066049337,0.96728213783353534,2.1279520791896802,0.20799184724873093,0.45922943444856934,3.3865690466239506,-1.2948852857997468,1.2226262300513759,0.61283136066049337,0.96728213783353556,0.21502707339823246,0.77252538688480854,0.70384049321066056,0.0052854698829996865,0.69514589525312609,0.71253509116819502,0.69514589525312609,0.71253509116819502,0.077561113011999916,0.1758450431439999,False,False,0.48099451013513511,0.0011453979433536201,0.47911033051831842,0.48287868975195181,0.47911033051831842,0.48287868975195181,0.0021472894676802003,0.0043219244962797998,False,False,723.42124155405406,1.6007529618432899,720.78800293182189,726.05448017628623,720.78800293182189,726.05448017628623,29.880602871860003,68.03831604714,False,False,0.22086148648648649,0.0052840090367803913,0.21216929162098275,0.22955368135199022,0.21216929162098275,0.22955368135199022,0.52468278421999992,5.7185604590200008,False,False,-0.0058252541594329132,0.014826085409049677,-0.030214164657319631,0.018563656338453804,-0.030214164657319631,0.018563656338453804,0.45521164327499997,0.74291964327500004,False,False,False,True,True,True,0.034839527027027029,0.97487331081081086,0.22086148648648649,319.36773436649145,1538684.3975445619,0.98716560488204264,0.028293918918918918,0.013302364864864864,0.028293918918918918,0.97170608108108103,True,0.4609375,rejected,ff4b320a092cd29a44b8df8a663643a625b1df5a9618dc3e4f62e9a34618d1ad
2,0.41626929957419634,0.6094713406637311,0.34493283108254946,0.44797101749117613,-0.33810734150426613,0.44509056878265862,1.0202213934930826,-1.9438693071875321,0.41626929957419628,0.6094713406637311,0.73501572199165821,0.12522338796406987,0.11188528597836123,0.002964665498744619,0.10700841123292633,0.11676216072379612,0.10700841123292633,0.11676216072379612,0.077561113011999916,0.1758450431439999,True,True,0.15678176123576285,0.0024058178314190948,0.15282419090307844,0.16073933156844725,0.15282419090307844,0.16073933156844725,0.0021472894676802003,0.0043219244962797998,False,False,276.90498310810813,3.2790374409878984,271.51096651768302,282.29899969853324,271.51096651768302,282.29899969853324,29.880602871860003,68.03831604714,False,False,0.13914695945945946,0.0065012386827273975,0.1284524218263729,0.14984149709254602,0.1284524218263729,0.14984149709254602,0.52468278421999992,5.7185604590200008,False,False,0.0067692633801295782,0.0078951149049321743,-0.0062182006384838492,0.019756727398743006,-0.0062182006384838492,0.019756727398743006,0.45521164327499997,0.74291964327500004,False,False,False,True,True,True,0.01583614864864865,0.33298141891891891,0.13914695945945946,241.52458249665119,1158624.9252501519,0.77991396169760774,0.67039695945945943,0.24324324324324326,0.68327702702702697,0.31672297297297297,True,0.23944256756756757,rejected,e70cf041d41fbe3a361c905d3cf587321e56cdaeef4bf796bd74563387c3086b
3,0.94253494683653083,0.41690855380147701,1.792345271883085,0.13592243995740558,2.7973960055409197,-0.33547712628308868,-0.72622082256218845,0.62206339875603767,0.94253494683653105,0.41690855380147696,0.32602458912879234,0.65068769082427025,0.00080423704542878244,0.00016720451683059853,0.00052918561524244786,0.001079288475615117,0.00052918561524244786,0.001079288475615117,0.077561113011999916,0.1758450431439999,False,False,0.00010593996230679018,6.3837428295609465e-06,9.5438705352162423e-05,0.00011644121926141793,9.5438705352162423e-05,0.00011644121926141793,0.0021472894676802003,0.0043219244962797998,False,False,83.600295608108112,0.30745725166328419,83.094528429122008,84.106062787094217,83.094528429122008,84.106062787094217,29.880602871860003,68.03831604714,False,False,0.078125,0.0057319007931811612,0.06869602319521699,0.08755397680478301,0.06869602319521699,0.08755397680478301,0.52468278421999992,5.7185604590200008,False,False,-5.4130246255912036e-05,0.00047691431768900156,-0.00083865429885431964,0.00073039380634249557,-0.00083865429885431964,0.00073039380634249557,0.45521164327499997,0.74291964327500004,False,False,True,True,True,True,0.00021114864864864866,0.9911317567567568,0.078125,100.21340230491739,764958.03674140328,0,0.92124155405405406,0.29919763513513514,0.99978885135135132,0.00021114864864864866,True,0.17525337837837837,rejected,a30da871c4becdbac884c17d3512e5ed7845bb66076c93fcd0c69703c5136498
4,0.65993333514779795,0.34308112040162092,1.4893072365583666,0.18745329591690094,0.66299715108196233,-0.64959361809828364,0.18606230958591069,0.16305496195751062,0.65993333514779806,0.34308112040162086,0.54638184607028961,0.54067366477102041,0.49189395919484974,0.0051602751782033936,0.48340530652670516,0.50038261186299438,0.48340530652670516,0.50038261186299438,0.077561113011999916,0.1758450431439999,False,False,0.43375211148648651,0.0020998067713168794,0.43029792934767025,0.43720629362530278,0.43029792934767025,0.43720629362530278,0.0021472894676802003,0.0043219244962797998,False,False,657.75675675675677,2.917584084868623,652.95733093714784,662.5561825763657,652.95733093714784,662.5561825763657,29.880602871860003,68.03831604714,False,False,0.2690033783783784,0.0055769592510832525,0.25982928041034647,0.27817747634641032,0.25982928041034647,0.27817747634641032,0.52468278421999992,5.7185604590200008,False,False,-0.060543719189789069,0.014215164319951488,-0.083927664496109264,-0.037159773883468875,-0.083927664496109264,-0.037159773883468875,0.45521164327499997,0.74291964327500004,False,False,False,True,True,True,0.033783783783783786,0.89083614864864868,0.2690033783783784,319.36773436649145,1538684.3975445619,0.96565083439320587,0.12373310810810811,0.051731418918918921,0.12373310810810811,0.87626689189189189,True,0.43496621621621623,rejected,6d4145a43951ce9c9f903f86305ec8e83340ca6d34b857adcec7b213c37fa5e7
5,0.19982931297272455,0.63050833903253067,0.13938560819272006,0.24752420373583633,-1.3873614966657135,0.53439820967025109,-0.43648519602148095,-2.9318341636887957,0.19982931297272441,0.63050833903253078,0.39257879462093115,0.050602136179804795,0.011418113777482712,0.0013242200629111399,0.0092397717739938871,0.013596455780971538,0.0092397717739938871,0.013596455780971538,0.077561113011999916,0.1758450431439999,False,False,0.046561411989537518,0.0016681974558361019,0.043817227174687133,0.049305596804387904,0.043817227174687133,0.049305596804387904,0.0021472894676802003,0.0043219244962797998,False,False,135.40582770270271,2.1717550698685462,131.83329061276896,138.97836479263646,131.83329061276896,138.97836479263646,29.880602871860003,68.03831604714,False,False,0.13407939189189189,0.009138514318880504,0.11904653583733346,0.14911224794645031,0.11904653583733346,0.14911224794645031,0.52468278421999992,5.7185604590200008,False,False,-0.020198955973696996,0.004203939163280262,-0.027114435897293027,-0.013283476050100964,-0.027114435897293027,-0.013283476050100964,0.45521164327499997,0.74291964327500004,False,False,False,True,True,True,0.0038006756756756759,0.093538851351351357,0.13407939189189189,225.9846433812211,764958.03674140328,0.40470234575507186,0.86444256756756754,0.29201858108108109,0.90603885135135132,0.093961148648648643,True,0.18876689189189189,rejected,82ca7189d6d628e2a9ec61bc74d9f4e3df758316d96a7efba63724470ddc7f54
6,0.77090599481016386,0.79274580255150784,2.5097032431979285,0.7421100046071829,1.2134340174801388,1.3415565717307143,2.6848386909559463,2.3273281056325192,0.77090599481016397,0.79274580255150795,0.93612605985254049,0.91111519280821085,0.68450606167002825,0.0054239312145565842,0.67558369482208269,0.69342842851797382,0.67558369482208269,0.69342842851797382,0.077561113011999916,0.1758450431439999,False,False,0.47775443412162161,0.0012621474339695161,0.47567820159274177,0.47983066665050145,0.47567820159274177,0.47983066665050145,0.0021472894676802003,0.0043219244962797998,False,False,718.90582770270271,1.7628266984226344,716.00597778379745,721.80567762160797,716.00597778379745,721.80567762160797,29.880602871860003,68.03831604714,False,False,0.2204391891891892,0.0053570311371162107,0.21162687296863303,0.22925150540974537,0.21162687296863303,0.22925150540974537,0.52468278421999992,5.7185604590200008,False,False,-0.012369763801026501,0.015169711646004953,-0.037323939458704651,0.012584411856651649,-0.037323939458704651,0.012584411856651649,0.45521164327499997,0.74291964327500004,False,False,False,True,True,True,0.034839527027027029,0.9809966216216216,0.2204391891891892,319.36773436649145,1538684.3975445619,0.98333232633538192,0.034839527027027029,0.016891891891891893,0.034839527027027029,0.96516047297297303,True,0.45967060810810811,rejected,9079aeb2ee6cb869b7c3f5d38980c38136d70a37679b5a126a9ada455289bb45
7,0.36919402796775103,0.23556083999574196,1.2012043833777311,0.00089972179903048395,-0.53567599554235201,-1.1771732167597606,-5.5638120987935586,-0.25707992311087385,0.36919402796775097,0.23556083999574184,0.0038194879889488238,0.436081662774086,0.44152113031640761,0.0048131948952213743,0.43360342471376845,0.44943883591904676,0.43360342471376845,0.44943883591904676,0.077561113011999916,0.1758450431439999,False,False,0.45873205236486492,0.0015133010012300908,0.45624267221784143,0.46122143251188841,0.45624267221784143,0.46122143251188841,0.0021472894676802003,0.0043219244962797998,False,False,692.37098817567562,2.1078197303531843,688.90362471924459,695.83835163210665,688.90362471924459,695.83835163210665,29.880602871860003,68.03831604714,False,False,0.32875844594594594,0.0060765571118733003,0.31876250949691437,0.33875438239497752,0.31876250949691437,0.33875438239497752,0.52468278421999992,5.7185604590200008,False,False,-0.086900396795897228,0.013216664155859604,-0.10864180933228627,-0.065158984259508182,-0.10864180933228627,-0.065158984259508182,0.45521164327499997,0.74291964327500004,False,False,False,True,True,True,0.034628378378378379,0.92673141891891897,0.32875844594594594,319.36773436649145,1538684.3975445619,0.96872469589394006,0.073268581081081086,0.034206081081081079,0.073268581081081086,0.92673141891891897,True,0.45249155405405406,rejected,752049b6ae02f44481af9a2da1b49abf89046364f99555e4d2f2b2c85366b274
8,0.86117926239967335,0.18508075084537284,0.17258407217200902,0.1168192892662942,1.8251192420562776,-1.4822968066402844,0.53728284939646376,-2.7054180096024529,0.86117926239967346,0.1850807508453727,0.63118011318147182,0.062654407694935813,0.00014182771800240723,6.0595717816105836e-05,4.2147762194913129e-05,0.00024150767380990134,4.2147762194913129e-05,0.00024150767380990134,0.077561113011999916,0.1758450431439999,False,False,2.9747935696688969e-05,3.1410765769081312e-06,2.4580864727675094e-05,3.4915006665702848e-05,2.4580864727675094e-05,3.4915006665702848e-05,0.0021472894676802003,0.0043219244962797998,False,False,83.168285472972968,0.30251589452945143,82.670646826472023,83.665924119473914,82.670646826472023,83.665924119473914,29.880602871860003,68.03831604714,False,False,0.024282094594594593,0.0027387379366780431,0.019776870688759211,0.028787318500429974,0.019776870688759211,0.028787318500429974,0.52468278421999992,5.7185604590200008,False,False,0.0001460409877016346,9.4261040482110364e-05,-9.0184238914369668e-06,0.00030110039929470613,-9.0184238914369668e-06,0.00030110039929470613,0.45521164327499997,0.74291964327500004,False,False,True,True,True,True,0.00021114864864864866,0.8369932432432432,0.024282094594594593,100.21340230491739,764958.03674140328,0,0.92166385135135132,0.30510979729729731,0.99978885135135132,0.00021114864864864866,True,0.17461993243243243,rejected,af32bc4ec804b5da8d4d76afbb0e16750a836043c74a83db0fe35f53794d9d4f
9,0.28001934662461292,0.85103840846568335,1.6203682292715647,0.26193203577178475,-0.94436564546692858,1.7427687631087574,-0.81052170148829306,0.35675075829445085,0.28001934662461281,0.85103840846568346,0.30777933541685343,0.58825365733355284,0.61260465589844937,0.005276524363787294,0.60392477332001926,0.62128453847687948,0.60392477332001926,0.62128453847687948,0.077561113011999916,0.1758450431439999,False,False,0.46291279560810811,0.0016353384944578957,0.46022266378472487,0.46560292743149134,0.46022266378472487,0.46560292743149134,0.0021472894676802003,0.0043219244962797998,False,False,698.27385979729729,2.2774459023748834,694.52746128789056,702.02025830670402,694.52746128789056,702.02025830670402,29.880602871860003,68.03831604714,False,False,0.24429898648648649,0.0053432085656977537,0.23550940839591367,0.25308856457705931,0.23550940839591367,0.25308856457705931,0.52468278421999992,5.7185604590200008,False,False,-0.035640313587182781,0.014607408093692466,-0.059669499901306891,-0.011611127273058675,-0.059669499901306891,-0.011611127273058675,0.45521164327499997,0.74291964327500004,False,False,False,True,True,True,0.034628378378378379,0.93517736486486491,0.24429898648648649,319.36773436649145,1538684.3975445619,0.98135342496031563,0.064822635135135129,0.029560810810810811,0.064822635135135129,0.93517736486486491,True,0.45206925675675674,rejected,958a78f04aaa1c40e79178099b0c8da8efda726d36bd2d11dff3dbda04a00269
10,0.69478243403136719,0.69635356869548548,1.2413130589482932,0.53840924216048858,0.82257389864448693,0.82999356273124503,1.2263763369276071,-0.19807467977904977,0.6947824340313673,0.69635356869548559,0.77318371925503016,0.45064259693026543,0.45800535392353736,0.0051538083584281155,0.44952733917392312,0.4664833686731516,0.44952733917392312,0.4664833686731516,0.077561113011999916,0.1758450431439999,False,False,0.41211676520270268,0.0023168753238484883,0.40830550529497189,0.41592802511043347,0.40830550529497189,0.41592802511043347,0.0021472894676802003,0.0043219244962797998,False,False,627.71579391891896,3.2166352206874809,622.42442898088802,633.0071588569499,622.42442898088802,633.0071588569499,29.880602871860003,68.03831604714,False,False,0.25295608108108109,0.0056361580012835363,0.24368460116896967,0.2622275609931925,0.24368460116896967,0.2622275609931925,0.52468278421999992,5.7185604590200008,False,False,-0.051831848997875629,0.01417518999224222,-0.075150036535114081,-0.028513661460637177,-0.075150036535114081,-0.028513661460637177,0.45521164327499997,0.74291964327500004,False,False,False,True,True,True,0.033572635135135136,0.87668918918918914,0.25295608108108109,319.36773436649145,1538684.3975445619,0.95406498795337713,0.16744087837837837,0.068834459459459457,0.16744087837837837,0.8325591216216216,True,0.42166385135135137,rejected,ba5161c4dc2d04ecdabeda873df43ba1fd44ed47b18820cf53f738e82d5945d1
11,0.1641257647424938,0.26942340750247251,2.644272485814001,0.044929861276837062,-1.6278451733485457,-0.99754992737048331,-1.6087443239070258,3.1772418932960371,0.16412576474249366,0.2694234075024724,0.16676302067935467,0.95996880996972334,0.68606602106339232,0.0050827233468555885,0.67770494115781488,0.69442710096896976,0.67770494115781488,0.69442710096896976,0.077561113011999916,0.1758450431439999,False,False,0.48527977195945943,0.00094544782110853314,0.48372451029373587,0.48683503362518299,0.48372451029373587,0.48683503362518299,0.0021472894676802003,0.0043219244962797998,False,False,729.39421452702697,1.3230213191651932,727.21784445700018,731.57058459705377,727.21784445700018,731.57058459705377,29.880602871860003,68.03831604714,False,False,0.24704391891891891,0.0053807570935865551,0.23819257349996903,0.2558952643378688,0.23819257349996903,0.2558952643378688,0.52468278421999992,5.7185604590200008,False,False,-0.011306817965704985,0.014209034529249112,-0.034680679766319777,0.012067043834909804,-0.034680679766319777,0.012067043834909804,0.45521164327499997,0.74291964327500004,False,False,False,True,True,True,0.034839527027027029,0.98036317567567566,0.24704391891891891,319.36773436649145,1538684.3975445619,0.98838962322214119,0.019636824324324325,0.0097128378378378375,0.019636824324324325,0.98036317567567566,True,0.46304898648648651,rejected,c24ae3a359b00866b5fb299dbaa244a7eb44cc93f21439ee477befca65b8f293
12,0.45209843292832369,0.47494891099631786,2.3373574601111184,0.44915670455808271,-0.19219572059337392,-0.10028832779217033,2.857299464521601,1.7232524081188414,0.45209843292832369,0.47494891099631786,0.94569477718323469,0.84854729287326336,0.65829188880735512,0.0053140878073667207,0.64955021436423688,0.66703356325047336,0.64955021436423688,0.66703356325047336,0.077561113011999916,0.1758450431439999,False,False,0.47326013513513504,0.001387845642077309,0.47097712905391786,0.47554314121635222,0.47097712905391786,0.47554314121635222,0.0021472894676802003,0.0043219244962797998,False,False,712.64400337837833,1.9368156699077821,709.45794160138007,715.83006515537659,709.45794160138007,715.83006515537659,29.880602871860003,68.03831604714,False,False,0.23395270270270271,0.0053099275699144792,0.2252178718501934,0.24268753355521203,0.2252178718501934,0.24268753355521203,0.52468278421999992,5.7185604590200008,False,False,-0.025871326066933431,0.014714628708763909,-0.050076890292850063,-0.0016657618410167996,-0.050076890292850063,-0.0016657618410167996,0.45521164327499997,0.74291964327500004,False,False,False,True,True,True,0.034839527027027029,0.95608108108108103,0.23395270270270271,319.36773436649145,1538684.3975445619,0.98528234360548406,0.043918918918918921,0.022381756756756757,0.043918918918918921,0.95608108108108103,True,0.45734797297297297,rejected,6dc72f03c4919e2c07e2d5a07124a93a9106e558dc7cb0f691867365b6fa43e2
13,0.9078043997287748,0.55924349650740623,1.0292408243261466,0.063954770116911974,2.2871165265715114,0.23809239466583793,-2.0469647615668087,-0.51657900390294997,0.90780439972877502,0.55924349650740623,0.11435943469405174,0.37365252431482077,0.00075933244695478746,0.00016091837461176662,0.00049462172071843133,0.0010240431731911436,0.00049462172071843133,0.0010240431731911436,0.077561113011999916,0.1758450431439999,False,False,0.00010183080014105272,6.2432897002572722e-06,9.1560588584129512e-05,0.00011210101169797592,9.1560588584129512e-05,0.00011210101169797592,0.0021472894676802003,0.0043219244962797998,False,False,83.581081081081081,0.30729744702706502,83.075576780721562,84.086585381440599,83.075576780721562,84.086585381440599,29.880602871860003,68.03831604714,False,False,0.074324324324324328,0.0055848210924518025,0.065137293627241119,0.083511355021407538,0.065137293627241119,0.083511355021407538,0.52468278421999992,5.7185604590200008,False,False,-5.5716808538605893e-05,0.0004527175314337838,-0.00080043714774718025,0.00068900353066996846,-0.00080043714774718025,0.00068900353066996846,0.45521164327499997,0.74291964327500004,False,False,True,True,True,True,0.00021114864864864866,0.97888513513513509,0.074324324324324328,100.21340230491739,764958.03674140328,0,0.92124155405405406,0.29940878378378377,0.99978885135135132,0.00021114864864864866,True,0.17525337837837837,rejected,ff2adde2c40485a145d0d968e893f8216aff08ecd409ee9fbd537808d2d63508
14,0.11755021847784537,0.89335691742598977,2.0059339837127923,0.52480546434683129,-2.0158362488181769,2.1254986027814318,0.35344731950233627,0.98565222640881145,0.11755021847784521,0.89335691742598999,0.58745329454541206,0.72822830080986023,0.66183062980645002,0.0053020052017888758,0.65310883124950736,0.67055242836339268,0.65310883124950736,0.67055242836339268,0.077561113011999916,0.1758450431439999,False,False,0.47231946790540535,0.001415372056587123,0.46999118087231956,0.47464775493849115,0.46999118087231956,0.47464775493849115,0.0021472894676802003,0.0043219244962797998,False,False,711.33720439189187,1.9748223572506745,708.0886216142145,714.58578716956924,708.0886216142145,714.58578716956924,29.880602871860003,68.03831604714,False,False,0.23120777027027026,0.0053085280019162726,0.22247524170711799,0.23994029883342252,0.22247524170711799,0.23994029883342252,0.52468278421999992,5.7185604590200008,False,False,-0.027335994697969768,0.014707659959359689,-0.051530095331116452,-0.0031418940648230802,-0.051530095331116452,-0.0031418940648230802,0.45521164327499997,0.74291964327500004,False,False,False,True,True,True,0.034839527027027029,0.9419341216216216,0.23120777027027026,319.36773436649145,1538684.3975445619,0.98543111883375434,0.045819256756756757,0.022170608108108107,0.045819256756756757,0.9541807432432432,True,0.45671452702702703,rejected,dfb89e7c79824d181e923681c171035e1786774733c2238fbce004db6ba4c063
15,0.52268427424132824,0.070554580539465145,0.65572471119923559,0.033413682838820041,0.090799428841500857,-2.5782014827799209,-0.10575324442980774,-1.16338726302467,0.52268427424132824,0.070554580539464951,0.47358630131930113,0.23805234674364331,0.043537262389995494,0.0023886731069482649,0.039607895129065596,0.047466629650925393,0.039607895129065596,0.047466629650925393,0.077561113011999916,0.1758450431439999,False,False,0.16755100320556579,0.0024623922743403598,0.16350036791427591,0.17160163849685567,0.16350036791427591,0.17160163849685567,0.0021472894676802003,0.0043219244962797998,False,False,290.74155405405406,3.3642373385829765,285.20738363208505,296.27572447602307,285.20738363208505,296.27572447602307,29.880602871860003,68.03831604714,False,False,0.16849662162162163,0.0064149443188649194,0.15794403821708883,0.17904920502615443,0.15794403821708883,0.17904920502615443,0.52468278421999992,5.7185604590200008,False,False,-0.040030374883316101,0.0069413464299420717,-0.051448889760570812,-0.028611860006061394,-0.051448889760570812,-0.028611860006061394,0.45521164327499997,0.74291964327500004,False,False,False,True,True,True,0.021959459459459461,0.33847128378378377,0.16849662162162163,319.36773436649145,1158624.9252501519,0.78990191707534552,0.6528716216216216,0.23733108108108109,0.66152871621621623,0.33847128378378377,True,0.24809966216216217,rejected,a64e3f7d2a7851641e7641cf083810c8c63b741a32d5f0b03830e5fea2e229ea
16,0.30009874794632208,0.11616928875446335,2.4182730318525056,0.069296941703651166,-0.84682767628149791,-2.0292170281305095,0.39097288752199305,1.9729035486640321,0.30009874794632196,0.11616928875446318,0.59651688020676374,0.87792264111340057,0.5193281111607535,0.005103385938618173,0.51093304129172656,0.52772318102978044,0.51093304129172656,0.52772318102978044,0.077561113011999916,0.1758450431439999,False,False,0.45977743196351312,0.0016471619621966336,0.45706785053569965,0.46248701339132658,0.45706785053569965,0.46248701339132658,0.0021472894676802003,0.0043219244962797998,False,False,693.8570523648649,2.2950808684798818,690.0816443362155,697.63246039351429,690.0816443362155,697.63246039351429,29.880602871860003,68.03831604714,False,False,0.30152027027027029,0.0057521131146568193,0.29205804419665982,0.31098249634388075,0.29205804419665982,0.31098249634388075,0.52468278421999992,5.7185604590200008,False,False,-0.060829628322021156,0.014208027032555257,-0.084201832790574554,-0.037457423853467758,-0.084201832790574554,-0.037457423853467758,0.45521164327499997,0.74291964327500004,False,False,False,True,True,True,0.034417229729729729,0.92884290540540537,0.30152027027027029,319.36773436649145,1538684.3975445619,0.97618452171677594,0.0711570945945946,0.032094594594594593,0.0711570945945946,0.92884290540540537,True,0.45122466216216217,rejected,139a826120a1ba2fd52840f6ccaa0af7ea8647fc07c05903008bd41f266050ed
17,0.83999836910516013,0.91799269802868344,1.0989565037847497,0.43001415115261182,1.6582159420193725,2.4153811446413713,-0.12645332576396065,-0.40979241573692465,0.83999836910516024,0.91799269802868366,0.46842872723937035,0.39896189700812101,0.19222909557339465,0.0033803022001965698,0.1866684984540713,0.19778969269271801,0.1866684984540713,0.19778969269271801,0.077561113011999916,0.1758450431439999,False,False,0.27356278122693317,0.0030871604599586795,0.26848440227030113,0.27864116018356522,0.26848440227030113,0.27864116018356522,0.0021472894676802003,0.0043219244962797998,False,False,437.51140202702703,4.2360952579670741,430.54302532767122,444.47977872638285,430.54302532767122,444.47977872638285,29.880602871860003,68.03831604714,False,False,0.54856418918918914,0.017396922343895203,0.51994625193348154,0.57718212644489675,0.51994625193348154,0.57718212644489675,0.52468278421999992,5.7185604590200008,False,True,0.018209311754305957,0.0095251224036509517,0.0025404854003001423,0.033878138108311771,0.0025404854003001423,0.033878138108311771,0.45521164327499997,0.74291964327500004,False,False,False,True,True,True,0.017103040540540539,0.96853885135135132,0.54856418918918914,319.36773436649145,1538684.3975445619,0.35608126002147544,0.4419341216216216,0.16047297297297297,0.44742398648648651,0.55257601351351349,True,0.32453547297297297,rejected,2ac533ed11848edadb26d95606a5a2218660be983aec32e65a7f512bb183bed5
18,0.13074076082557456,0.50232009589672089,1.4193336891467123,0.49605843068596861,-1.8944249621886762,0.0092804501942321815,4.3722475657434625,0.061101708616491848,0.1307407608255744,0.50232009589672089,0.98753451183438301,0.51527067646384239,0.50181668601411256,0.0051615262014454797,0.49332597541273476,0.51030739661549041,0.49332597541273476,0.51030739661549041,0.077561113011999916,0.1758450431439999,False,False,0.42706292229729731,0.0021666232596217281,0.42349882703521957,0.43062701755937505,0.42349882703521957,0.43062701755937505,0.0021472894676802003,0.0043219244962797998,False,False,648.4820523648649,3.0092091808381269,643.53190326238621,653.43220146734359,643.53190326238621,653.43220146734359,29.880602871860003,68.03831604714,False,False,0.25084459459459457,0.0053633683212765144,0.24202185370609469,0.25966733548309445,0.24202185370609469,0.25966733548309445,0.52468278421999992,5.7185604590200008,False,False,-0.062944673654176386,0.014273567227930002,-0.086424691744121235,-0.039464655564231531,-0.086424691744121235,-0.039464655564231531,0.45521164327499997,0.74291964327500004,False,False,False,True,True,True,0.033783783783783786,0.86254222972972971,0.25084459459459457,319.36773436649145,1538684.3975445619,0.96957002185018137,0.13724662162162163,0.0551097972972973,0.13724662162162163,0.8627533783783784,True,0.43010979729729731,rejected,5b4324da68893dfdc6c1009f2b7162a8df4b89b6eb45e4f4cc87a4bb2ae1a70f
19,0.72902479302138079,0.46149970777332777,0.058720403276291327,0.035270663641203549,0.98968041153113961,-0.15430661853206179,-2.4919253039667861,-3.8266703025645294,0.7290247930213809,0.46149970777332777,0.076426188461482525,0.021317680366337299,0.0001890119149368523,7.0591016231567999e-05,7.2889693235922944e-05,0.00030513413663778164,7.2889693235922944e-05,0.00030513413663778164,0.077561113011999916,0.1758450431439999,False,False,3.7277059624929664e-05,3.5249026306486391e-06,3.1478594797512654e-05,4.3075524452346673e-05,3.1478594797512654e-05,4.3075524452346673e-05,0.0021472894676802003,0.0043219244962797998,False,False,83.225929054054049,0.30394269650650713,82.72594331830085,83.725914789807248,82.72594331830085,83.725914789807248,29.880602871860003,68.03831604714,False,False,0.029138513513513514,0.0030851705261756468,0.024063407997954575,0.034213619029072453,0.024063407997954575,0.034213619029072453,0.52468278421999992,5.7185604590200008,False,False,0.00015503783978874187,0.00012187277479695339,-4.5442874752246471e-05,0.00035551855432973021,-4.5442874752246471e-05,0.00035551855432973021,0.45521164327499997,0.74291964327500004,False,False,True,True,True,True,0.00021114864864864866,0.6573057432432432,0.029138513513513514,100.21340230491739,764958.03674140328,0,0.92145270270270274,0.30384290540540543,0.99978885135135132,0.00021114864864864866,True,0.17461993243243243,rejected,2f437f7430d74a450a49a8f79ef4b9f3e8ef9449ca07966faaa1464d03eefab9
20,0.88711178768426169,0.29410496447235357,0.44720703132335143,0.23347345853195581,2.0615729458067751,-0.87552982591372108,1.3482537447102496,-1.6408259327724311,0.88711178768426191,0.29410496447235346,0.79384399019181739,0.16235270909965041,0.00022023970834031273,7.7167709057280475e-05,9.329882694108634e-05,0.0003471805897395391,9.329882694108634e-05,0.0003471805897395391,0.077561113011999916,0.1758450431439999,False,False,4.2513399424912868e-05,3.7805843911286237e-06,3.629433810150628e-05,4.8732460748319455e-05,3.629433810150628e-05,4.8732460748319455e-05,0.0021472894676802003,0.0043219244962797998,False,False,83.259501689189193,0.30423725387202599,82.759031406569704,83.759971971808682,82.759031406569704,83.759971971808682,29.880602871860003,68.03831604714,False,False,0.032939189189189186,0.0033672580144459563,0.027400049755425586,0.038478328622952786,0.027400049755425586,0.038478328622952786,0.52468278421999992,5.7185604590200008,False,False,0.00015752687432521331,0.00013121733342129409,-5.8325639152815467e-05,0.00037337938780324206,-5.8325639152815467e-05,0.00037337938780324206,0.45521164327499997,0.74291964327500004,False,False,True,True,True,True,0.00021114864864864866,0.93834459459459463,0.032939189189189186,100.21340230491739,764958.03674140328,0,0.92145270270270274,0.30320945945945948,0.99978885135135132,0.00021114864864864866,True,0.17461993243243243,rejected,2cc61ec8b3ad8b8be5ef944579673167d41829fc97bc4a0c15a112aa35747123
21,0.4716895530000329,0.74204457085579623,1.8837491831036095,0.10551596371145777,-0.11336303623027032,1.056622495159462,-1.7971671051707581,0.77161753257587673,0.4716895530000329,0.74204457085579634,0.14219626132398844,0.68387069460004568,0.66866186651196569,0.0052265755657901558,0.66006414970624083,0.67725958331769054,0.66006414970624083,0.67725958331769054,0.077561113011999916,0.1758450431439999,False,False,0.47764991554054054,0.0012607040759612992,0.47557605733558422,0.47972377374549685,0.47557605733558422,0.47972377374549685,0.0021472894676802003,0.0043219244962797998,False,False,718.79180743243239,1.7581833986918309,715.89959574158433,721.68401912328045,715.89959574158433,721.68401912328045,29.880602871860003,68.03831604714,False,False,0.23754222972972974,0.0053463862888277888,0.22874742428460804,0.24633703517485145,0.22874742428460804,0.24633703517485145,0.52468278421999992,5.7185604590200008,False,False,-0.0237183706957661,0.014521795743277308,-0.047606724693457274,0.00016998330192507377,-0.047606724693457274,0.00016998330192507377,0.45521164327499997,0.74291964327500004,False,False,False,True,True,True,0.034839527027027029,0.96494932432432434,0.23754222972972974,319.36773436649145,1538684.3975445619,0.98585628234515543,0.035050675675675678,0.015413851351351352,0.035050675675675678,0.96494932432432434,True,0.45988175675675674,rejected,64a599136c1d18919945ca02f6454faee86b6a434f33d4592e5f9b3eedb7523a
22,0.55741491448134184,0.8376349816098807,0.80534389244467053,0.57345874775848593,0.23067714230044761,1.6407354222608244,0.7750695704086521,-0.88390293224267569,0.55741491448134184,0.83763498160988081,0.6846165219321847,0.29236964881420135,0.33467871044161435,0.0046488719709845182,0.32703131604934482,0.34232610483388387,0.32703131604934482,0.34232610483388387,0.077561113011999916,0.1758450431439999,False,False,0.33978998348246642,0.0026540501060358362,0.33542407105803745,0.34415589590689538,0.33542407105803745,0.34415589590689538,0.0021472894676802003,0.0043219244962797998,False,False,527.68433277027032,3.6722464510203991,521.64348735834176,533.72517818219887,521.64348735834176,533.72517818219887,29.880602871860003,68.03831604714,False,False,0.23099662162162163,0.0055446346822159709,0.22187569756937636,0.24011754567386689,0.22187569756937636,0.24011754567386689,0.52468278421999992,5.7185604590200008,False,False,-0.043969107337840152,0.012963568496734374,-0.065294177514968202,-0.022644037160712106,-0.065294177514968202,-0.022644037160712106,0.45521164327499997,0.74291964327500004,False,False,False,True,True,True,0.03125,0.71283783783783783,0.23099662162162163,319.36773436649145,1538684.3975445619,0.92921178553499029,0.31271114864864863,0.11845439189189189,0.31355574324324326,0.6864442567567568,True,0.36993243243243246,rejected,44b44c5ca67ecf73ebe581e76c291be1d2c27cd4c6154adc2008c083b1eaf123
23,0.083676933310926141,0.12823364417999999,2.1979414189900268,0.032114438258510826,-2.3934056435535318,-1.9166675022751918,-1.0962834305141067,1.3734321829481921,0.083676933310925961,0.12823364417999983,0.25043691508471966,0.79793410841375589,0.5188428270040023,0.0050350075231595298,0.51056023962840491,0.5271254143795997,0.51056023962840491,0.5271254143795997,0.077561113011999916,0.1758450431439999,False,False,0.46646642736486493,0.0014750039369235488,0.46404004588862569,0.46889280884110418,0.46404004588862569,0.46889280884110418,0.0021472894676802003,0.0043219244962797998,False,False,703.16786317567562,2.056263922201305,699.78530902365446,706.55041732769678,699.78530902365446,706.55041732769678,29.880602871860003,68.03831604714,False,False,0.31186655405405406,0.0058234582689748347,0.30228696520159043,0.32144614290651768,0.30228696520159043,0.32144614290651768,0.52468278421999992,5.7185604590200008,False,False,-0.0665472624739194,0.014030129656278213,-0.089626825758497064,-0.043467699189341735,-0.089626825758497064,-0.043467699189341735,0.45521164327499997,0.74291964327500004,False,False,False,True,True,True,0.034839527027027029,0.71642736486486491,0.31186655405405406,319.36773436649145,1538684.3975445619,0.97695040299087932,0.057643581081081079,0.027449324324324325,0.057643581081081079,0.94235641891891897,True,0.45523648648648651,rejected,879e7a671bc2a2f81ab998029bb93ffa9fc9375f4818a525e36b307525544e11
24,0.5922637302428484,0.2031125519424678,1.9359653771946765,0.17887629860821405,0.37333145821266972,-1.3669531808552249,1.9988449138784201,0.86079682114485723,0.5922637302428484,0.20311255194246766,0.88067574799060822,0.70282710622996103,0.51747168854994019,0.0051786337707042862,0.50895283599713159,0.52599054110274879,0.50895283599713159,0.52599054110274879,0.077561113011999916,0.1758450431439999,False,False,0.44524915540540538,0.0019408551644893898,0.44205644865982036,0.44844186215099041,0.44205644865982036,0.44844186215099041,0.0021472894676802003,0.0043219244962797998,False,False,673.66722972972968,2.7011449791003161,669.22384623910966,678.11061322034971,669.22384623910966,678.11061322034971,29.880602871860003,68.03831604714,False,False,0.2795608108108108,0.0056084666738111036,0.27033488313239151,0.28878673848923009,0.27033488313239151,0.28878673848923009,0.52468278421999992,5.7185604590200008,False,False,-0.055245932912842688,0.014394085293541718,-0.078924203220718817,-0.031567662604966559,-0.078924203220718817,-0.031567662604966559,0.45521164327499997,0.74291964327500004,False,False,False,True,True,True,0.033994932432432436,0.90076013513513509,0.2795608108108108,319.36773436649145,1538684.3975445619,0.97290487302298678,0.10050675675675676,0.044341216216216214,0.10050675675675676,0.8994932432432432,True,0.4408783783783784,rejected,f98eba1c28073620ee91cc24d997f86f13347abcef169e7594eeba3038923816
25,0.047973578795790887,0.77056858688592889,0.57505392917867781,0.042661596091449872,-2.9879423701671612,1.2115245355721354,-2.8368741535543647,-1.3323805543853804,0.047973578795790686,0.770568586885929,0.055363788269460208,0.20876586623489854,0.29127463750783023,0.0044793078596071911,0.28390617607877638,0.29864309893688407,0.28390617607877638,0.29864309893688407,0.077561113011999916,0.1758450431439999,False,False,0.33592323053111894,0.0026564279721514824,0.33155340651692977,0.34029305454530812,0.33155340651692977,0.34029305454530812,0.0021472894676802003,0.0043219244962797998,False,False,522.45650337837833,3.6749386560274915,516.41122928921311,528.50177746754355,516.41122928921311,528.50177746754355,29.880602871860003,68.03831604714,False,False,0.26879222972972971,0.0062830275637589554,0.25845664938734625,0.27912781007211318,0.25845664938734625,0.27912781007211318,0.52468278421999992,5.7185604590200008,False,False,-0.058106612278606473,0.011968778781563626,-0.077795253374278645,-0.038417971182934309,-0.077795253374278645,-0.038417971182934309,0.45521164327499997,0.74291964327500004,False,False,False,True,True,True,0.032094594594594593,0.56376689189189189,0.26879222972972971,319.36773436649145,1538684.3975445619,0.92797034395685518,0.32052364864864863,0.11972128378378379,0.32136824324324326,0.6786317567567568,True,0.37141047297297297,rejected,93ddbcf72095de0e33c3ccaded852a1e2a04e93129add8dd3b219920e69218ab
26,0.97738486155867554,0.68302003480494022,2.2459321691363114,0.35495105775841335,3.7662609716647797,0.76768562207377222,0.078756032353216487,1.4851986843314304,0.97738486155867577,0.68302003480494033,0.51967883761972189,0.81535652745515108,0.00017241841998533129,6.7512186704932656e-05,6.1360872855717075e-05,0.00028347596711494552,6.1360872855717075e-05,0.00028347596711494552,0.077561113011999916,0.1758450431439999,False,False,3.3808489976665041e-05,3.3564212468710823e-06,2.8287177025562112e-05,3.932980292776797e-05,2.8287177025562112e-05,3.932980292776797e-05,0.0021472894676802003,0.0043219244962797998,False,False,83.181376689189193,0.30259076191489775,82.683614885839191,83.679138492539195,82.683614885839191,83.679138492539195,29.880602871860003,68.03831604714,False,False,0.027027027027027029,0.00289927687807329,0.022257716562596466,0.031796337491457591,0.022257716562596466,0.031796337491457591,0.52468278421999992,5.7185604590200008,False,False,0.00018379212922714811,0.00010902799483752006,4.4410777194276211e-06,0.0003631431807348686,4.4410777194276211e-06,0.0003631431807348686,0.45521164327499997,0.74291964327500004,False,False,True,True,True,True,0.00021114864864864866,0.9989442567567568,0.027027027027027029,100.21340230491739,764958.03674140328,0,0.92166385135135132,0.30447635135135137,0.99978885135135132,0.00021114864864864866,True,0.17461993243243243,rejected,0f9f7a015ef6e28f19a8c6553b35fc8deb358ee6167b9ef30b206918091faec4
27,0.38251515477895742,0.34531701356172567,0.92698734710611419,0.1434361631632084,-0.47888625322994188,-0.63968825329489931,-0.34178759364288169,-0.67879308646145031,0.38251515477895737,0.34531701356172562,0.41537531465291977,0.33653072640299797,0.34845287354913612,0.0047065383544902997,0.34071061795599955,0.35619512914227269,0.34071061795599955,0.35619512914227269,0.077561113011999916,0.1758450431439999,False,False,0.36477002454795254,0.0025402477467645372,0.3605913170045249,0.36894873209138018,0.3605913170045249,0.36894873209138018,0.0021472894676802003,0.0043219244962797998,False,False,562.08699324324323,3.5201798122112709,556.29629745215573,567.87768903433073,556.29629745215573,567.87768903433073,29.880602871860003,68.03831604714,False,False,0.26266891891891891,0.0058527322657449376,0.25304117434176848,0.27229666349606935,0.25304117434176848,0.27229666349606935,0.52468278421999992,5.7185604590200008,False,False,-0.070813747503540414,0.012922275865708056,-0.092070891302630159,-0.049556603704450662,-0.092070891302630159,-0.049556603704450662,0.45521164327499997,0.74291964327500004,False,False,False,True,True,True,0.032305743243243243,0.73690878378378377,0.26266891891891891,319.36773436649145,1538684.3975445619,0.94353977455958127,0.26288006756756754,0.10135135135135136,0.26309121621621623,0.73690878378378377,True,0.39168074324324326,rejected,7417716161778ba8cdc9270134ef4c14f61e0eb2f860364814fac45ec8f52f64
28,0.2200335916131736,0.39465504419058567,1.3219575408439523,0.27595020263707337,-1.2654706287381798,-0.42778639293369936,0.84358033527585352,-0.080365107511658346,0.22003359161317348,0.39465504419058561,0.69921873975545168,0.47991952951997519,0.46880944430110538,0.0051286688265427798,0.4603727840814425,0.47724610452076827,0.4603727840814425,0.47724610452076827,0.077561113011999916,0.1758450431439999,False,False,0.41922402871621622,0.0022376866295795951,0.41554303421055777,0.42290502322187468,0.41554303421055777,0.42290502322187468,0.0021472894676802003,0.0043219244962797998,False,False,637.59797297297303,3.107108288591657,632.48677983823973,642.70916610770632,632.48677983823973,642.70916610770632,29.880602871860003,68.03831604714,False,False,0.25929054054054052,0.0055516500614932376,0.25015807618938413,0.2684230048916969,0.25015807618938413,0.2684230048916969,0.52468278421999992,5.7185604590200008,False,False,-0.060852110614316224,0.014239131155663599,-0.084275481365382848,-0.037428739863249599,-0.084275481365382848,-0.037428739863249599,0.45521164327499997,0.74291964327500004,False,False,False,True,True,True,0.033783783783783786,0.84691722972972971,0.25929054054054052,319.36773436649145,1538684.3975445619,0.96570394127760883,0.15308277027027026,0.061021959459459457,0.15308277027027026,0.84691722972972971,True,0.42588682432432434,rejected,ed08e506f74a4179bc1a5440857f96abb1848f9e298002717dd693b2a77750e0
29,0.63887742348015297,0.57697727624326944,2.7142674129799373,0.21101677977966443,0.57049516259081157,0.31037698507012823,-0.55058773908038883,4.2106063518153194,0.63887742348015308,0.57697727624326944,0.36572805978357792,0.98537955991923809,0.72937857712404297,0.0052145034941434463,0.72080071887617703,0.73795643537190891,0.72080071887617703,0.73795643537190891,0.077561113011999916,0.1758450431439999,False,False,0.4846526604729729,0.00099495457193875367,0.48301596020213367,0.48628936074381213,0.48301596020213367,0.48628936074381213,0.0021472894676802003,0.0043219244962797998,False,False,728.53188344594594,1.3909022330170313,726.24384927263293,730.81991761925894,726.24384927263293,730.81991761925894,29.880602871860003,68.03831604714,False,False,0.21326013513513514,0.0052301633454840367,0.2046565164318139,0.22186375383845638,0.2046565164318139,0.22186375383845638,0.52468278421999992,5.7185604590200008,False,False,0.00082251243964248655,0.014730338119932872,-0.023408893767647088,0.025053918646932061,-0.023408893767647088,0.025053918646932061,0.45521164327499997,0.74291964327500004,False,False,False,True,True,True,0.034839527027027029,0.98120777027027029,0.21326013513513514,319.36773436649145,1538684.3975445619,0.98918775142450366,0.020903716216216218,0.0099239864864864857,0.020903716216216218,0.97909628378378377,True,0.46326013513513514,rejected,b8d4cd00bd2d4a954eb543676514195bf6a64df78b7faeb43c222c5d869ac148
30,0.33592816442251211,0.96944173704832759,0.27485334178073384,0.81236961263850027,-0.68149298899148036,3.4570852549048046,1.6432503335676072,-2.1996498308896428,0.33592816442251205,0.96944173704832781,0.83797672577202331,0.099781938828527941,0.097471768412839041,0.0026548839560968391,0.093104484305059743,0.10183905252061834,0.093104484305059743,0.10183905252061834,0.077561113011999916,0.1758450431439999,True,True,0.13149104674745038,0.0022470871689490844,0.12779458835452914,0.13518750514037162,0.12779458835452914,0.13518750514037162,0.0021472894676802003,0.0043219244962797998,False,False,242.71241554054055,3.0534138693929123,237.68954972538921,247.73528135569188,237.68954972538921,247.73528135569188,29.880602871860003,68.03831604714,False,False,0.11845439189189189,0.0062281608139604233,0.10820906735292699,0.12869971643085679,0.10820906735292699,0.12869971643085679,0.52468278421999992,5.7185604590200008,False,False,0.013150655524719099,0.0071943508237122152,0.0013159484197125051,0.024985362629725692,0.0013159484197125051,0.024985362629725692,0.45521164327499997,0.74291964327500004,False,False,False,True,True,True,0.012246621621621621,0.27217060810810811,0.11845439189189189,241.52458249665119,1015358.5257627395,0.7388795223102661,0.71832770270270274,0.25717905405405406,0.734375,0.265625,True,0.22212837837837837,rejected,08379a26b623dd208c5dacb7d5a22eb4a9f0f27e929827efc6124741a46e566b
31,0.80526762828230847,0.056907766498625473,1.7117777073347569,0.01286017541529001,1.4195485165022734,-2.8077322607990265,-1.2311353058272909,0.4956591827187693,0.80526762828230858,0.056907766498625278,0.22598278243094683,0.62143868207931519,0.24916790626254759,0.004300750274040718,0.2420931720617506,0.25624264046334455,0.2420931720617506,0.25624264046334455,0.077561113011999916,0.1758450431439999,False,False,0.40250139610764873,0.0021963863523009703,0.39888834055811362,0.40611445165718385,0.39888834055811362,0.40611445165718385,0.0021472894676802003,0.0043219244962797998,False,False,614.19657939189187,3.0507931393252696,609.17802467770184,619.2151341060819,609.17802467770184,619.2151341060819,29.880602871860003,68.03831604714,False,False,0.34860641891891891,0.0068672406578669555,0.33730980803672778,0.35990302980111005,0.33730980803672778,0.35990302980111005,0.52468278421999992,5.7185604590200008,False,False,-0.094016763931467878,0.011537768563723941,-0.11299639321879376,-0.075037134644141995,-0.11299639321879376,-0.075037134644141995,0.45521164327499997,0.74291964327500004,False,False,False,True,True,True,0.034206081081081079,0.83044763513513509,0.34860641891891891,319.36773436649145,1538684.3975445619,0.92750511314122774,0.18686655405405406,0.079814189189189186,0.18686655405405406,0.81313344594594594,True,0.42124155405405406,rejected,08b6186c31bad002dc97ccb44bd82c64331ddc2b0a010e275b8509c40b5e7318
32,0.71726128924638033,0.044014235958457201,2.1694685733558048,0.031715912535864602,0.93091700676476707,-3.0782298956711833,0.94735558169585277,1.3105035828649341,0.71726128924638044,0.044014235958457,0.72058305330574512,0.78759741131216288,0.2791283691514001,0.0043942784153831078,0.27189978115809488,0.28635695714470533,0.27189978115809488,0.28635695714470533,0.077561113011999916,0.1758450431439999,False,False,0.40114261857518735,0.002243293603915013,0.39745240059674714,0.40483283655362756,0.39745240059674714,0.40483283655362756,0.0021472894676802003,0.0043219244962797998,False,False,612.28695101351354,3.1158439049772024,607.16138778982599,617.41251423720109,607.16138778982599,617.41251423720109,29.880602871860003,68.03831604714,False,False,0.34058277027027029,0.0064933965450549294,0.32990113295365492,0.35126440758688565,0.32990113295365492,0.35126440758688565,0.52468278421999992,5.7185604590200008,False,False,-0.10008288037209975,0.011869488244417501,-0.11960818853416655,-0.080557572210032957,-0.11960818853416655,-0.080557572210032957,0.45521164327499997,0.74291964327500004,False,False,False,True,True,True,0.033994932432432436,0.8114442567567568,0.34058277027027029,319.36773436649145,1538684.3975445619,0.94665327607558825,0.18961148648648649,0.080658783783783786,0.18961148648648649,0.81038851351351349,True,0.41786317567567566,rejected,c8e9134d69edfc57b3ccfd0f8375972103554afa02742c1188b5891bc8b37259
33,0.17295885179191842,0.9920702464878558,0.85012572977095868,0.33774710844775868,-1.5648007344881678,4.8291719655637406,-0.66130390871194988,-0.80654551466299806,0.17295885179191828,0.99207024648785602,0.3404467673972249,0.30862711369991302,0.39638111129603532,0.0049141794057297617,0.38829728617360987,0.40446493641846076,0.38829728617360987,0.40446493641846076,0.077561113011999916,0.1758450431439999,False,False,0.37522170608108107,0.0025232642770489453,0.37107093634533556,0.37937247581682659,0.37107093634533556,0.37937247581682659,0.0021472894676802003,0.0043219244962797998,False,False,576.63788006756761,3.4970109732680426,570.8852970165417,582.39046311859352,570.8852970165417,582.39046311859352,29.880602871860003,68.03831604714,False,False,0.24007601351351351,0.0054704300540042352,0.23107715607467655,0.24907487095235048,0.23107715607467655,0.24907487095235048,0.52468278421999992,5.7185604590200008,False,False,-0.052702056287248555,0.013594842977173231,-0.075065572984698514,-0.03033853958979859,-0.075065572984698514,-0.03033853958979859,0.45521164327499997,0.74291964327500004,False,False,False,True,True,True,0.032516891891891893,0.75802364864864868,0.24007601351351351,319.36773436649145,1538684.3975445619,0.95022906444546229,0.24176520270270271,0.091638513513513514,0.24197635135135134,0.75802364864864868,True,0.39885979729729731,rejected,4ac6978f189d5d85bfe99fd4cd5e603c694049e9a4ec363aab6bd18cc4c3d3a2
34,0.85237240325659513,0.58742987178266037,1.8376226839097027,0.50484477364878211,1.7533306598601968,0.35335067259037678,1.810421748861861,0.69521069526113166,0.85237240325659525,0.58742987178266037,0.85941283870488394,0.66712506767362356,0.47994645937459324,0.0053031953043961109,0.47122270309886166,0.48867021565032481,0.47122270309886166,0.48867021565032481,0.077561113011999916,0.1758450431439999,False,False,0.4347976216958746,0.0021603610657413594,0.43124382774273007,0.43835141564901914,0.43124382774273007,0.43835141564901914,0.0021472894676802003,0.0043219244962797998,False,False,659.20565878378375,3.0034144426032556,654.2650420257014,664.14627554186609,654.2650420257014,664.14627554186609,29.880602871860003,68.03831604714,False,False,0.26858108108108109,0.0066187714932678813,0.25769320197465539,0.27946896018750678,0.25769320197465539,0.27946896018750678,0.52468278421999992,5.7185604590200008,False,False,-0.032853130235035499,0.014647710469829919,-0.056948613957905715,-0.0087576465121652833,-0.056948613957905715,-0.0087576465121652833,0.45521164327499997,0.74291964327500004,False,False,False,True,True,True,0.033572635135135136,0.98184121621621623,0.26858108108108109,319.36773436649145,1538684.3975445619,0.93500726316981231,0.12162162162162163,0.053209459459459457,0.12162162162162163,0.8783783783783784,True,0.43201013513513514,rejected,29468fcd55dd748faf1341629815ca9bbb7acfacc4820964b153d4c2d185d32b
35,0.25751426722854387,0.37837370112538343,0.47702519555870476,0.075921117630249016,-1.058928530087937,-0.49645677195002946,-1.3822296410576651,-1.5632708190453644,0.25751426722854376,0.37837370112538338,0.20065114833414555,0.17317780666053292,0.15925575538686551,0.0036178672587113591,0.15330436374628534,0.16520714702744568,0.15330436374628534,0.16520714702744568,0.077561113011999916,0.1758450431439999,True,True,0.22555430403584709,0.0027298048516663934,0.22106377505485586,0.23004483301683831,0.22106377505485586,0.23004483301683831,0.0021472894676802003,0.0043219244962797998,False,False,370.65519425675677,3.7486104038469303,364.48873014242855,376.82165837108499,364.48873014242855,376.82165837108499,29.880602871860003,68.03831604714,False,False,0.20122466216216217,0.0064881631873505959,0.19055163371897044,0.21189769060535391,0.19055163371897044,0.21189769060535391,0.52468278421999992,5.7185604590200008,False,False,-0.029536853218243425,0.00943845097421331,-0.045063105070824318,-0.014010601365662531,-0.045063105070824318,-0.014010601365662531,0.45521164327499997,0.74291964327500004,False,False,False,True,True,True,0.025337837837837839,0.45565878378378377,0.20122466216216217,319.36773436649145,1158624.9252501519,0.86365890808728074,0.53758445945945943,0.19826858108108109,0.54434121621621623,0.45565878378378377,True,0.28505067567567566,rejected,14e140383d75846e379f173739fd653387b81b60ecdb32b8894c816b93d809cd
36,0.09504556749016066,0.36602351721376186,0.0073764846893219797,0.33736180589471609,-2.2535281572217469,-0.54931427433261637,2.4655938307639502,-5.920027013601854,0.095045567490160479,0.36602351721376181,0.92169434484094381,0.0026779370382428178,0.00031228420554384444,0.0001552619187890276,5.687834913589403e-05,0.00056769006195179486,5.687834913589403e-05,0.00056769006195179486,0.077561113011999916,0.1758450431439999,False,False,5.8404520909280241e-05,6.0534466198866006e-06,4.8446601219566784e-05,6.8362440598993698e-05,4.8446601219566784e-05,6.8362440598993698e-05,0.0021472894676802003,0.0043219244962797998,False,False,83.49746621621621,0.31625469681535023,82.977227239954956,84.017705192477464,82.977227239954956,84.017705192477464,29.880602871860003,68.03831604714,False,False,0.043707770270270271,0.004916233033530496,0.035620566930112604,0.051794973610427938,0.035620566930112604,0.051794973610427938,0.52468278421999992,5.7185604590200008,False,False,-0.00039972365952370458,0.00054725321807804557,-0.0012999552032620897,0.00050050788421468039,-0.0012999552032620897,0.00050050788421468039,0.45521164327499997,0.74291964327500004,False,False,True,True,True,True,0.00021114864864864866,0.001266891891891892,0.043707770270270271,100.21340230491739,764958.03674140328,0,0.92103040540540537,0.30342060810810811,0.99957770270270274,0.00042229729729729732,True,0.17504222972972974,rejected,bbd4724c4ec72e24b69d26cc740564503f795bc8572a28f783e29b966624f275
37,0.51387879718095064,0.66820353735238303,1.4439449417252093,0.012189783168935729,0.055529453174420262,0.70007110716004428,-3.985583599750453,0.096897633710728293,0.51387879718095064,0.66820353735238314,0.018242619931697842,0.52420547232031822,0.62058511674905326,0.0049772999174016045,0.61239745838492765,0.62877277511317886,0.61239745838492765,0.62877277511317886,0.077561113011999916,0.1758450431439999,False,False,0.48235325168918924,0.0010339267483706217,0.48065244218811959,0.4840540611902589,0.48065244218811959,0.4840540611902589,0.0021472894676802003,0.0043219244962797998,False,False,725.32896959459458,1.4436193888802828,722.9542156998865,727.70372348930266,722.9542156998865,727.70372348930266,29.880602871860003,68.03831604714,False,False,0.27491554054054052,0.0054986235117649371,0.26587030486368718,0.28396077621739385,0.26587030486368718,0.28396077621739385,0.52468278421999992,5.7185604590200008,False,False,-0.031442522732148426,0.013890969606409741,-0.054293167734692449,-0.0085918777296044024,-0.054293167734692449,-0.0085918777296044024,0.45521164327499997,0.74291964327500004,False,False,False,True,True,True,0.034839527027027029,0.97466216216216217,0.27491554054054052,319.36773436649145,1538684.3975445619,0.98255382287942594,0.025548986486486486,0.012035472972972973,0.025548986486486486,0.97445101351351349,True,0.46178209459459457,rejected,a7bbc07fc17dcb9af94fe3e2a0bc3ac120cf0110c52492bbdd4c4f8baf9037ca
38,0.46093109156936413,0.75230396445840586,1.0756899130738713,0.42186746885494125,-0.1565948518566897,1.1109381190492933,0.24427671546939805,-0.44514685165866674,0.46093109156936413,0.75230396445840597,0.56076730787754059,0.39051526319235558,0.44975163131299017,0.0050975861525139931,0.44136610209210464,0.45813716053387571,0.44136610209210464,0.45813716053387571,0.077561113011999916,0.1758450431439999,False,False,0.40030616554054055,0.0023931918618600809,0.39636936492778074,0.40424296615330035,0.39636936492778074,0.40424296615330035,0.0021472894676802003,0.0043219244962797998,False,False,611.39801520270271,3.3195629104168045,605.93733421506704,616.85869619033838,605.93733421506704,616.85869619033838,29.880602871860003,68.03831604714,False,False,0.2438766891891892,0.0054684892445482905,0.23488102438190725,0.25287235399647112,0.23488102438190725,0.25287235399647112,0.52468278421999992,5.7185604590200008,False,False,-0.052848555621087812,0.014117264303640015,-0.076071455400575638,-0.029625655841599985,-0.076071455400575638,-0.029625655841599985,0.45521164327499997,0.74291964327500004,False,False,False,True,True,True,0.032728040540540543,0.8091216216216216,0.2438766891891892,319.36773436649145,1538684.3975445619,0.95883760292409415,0.19130067567567569,0.074113175675675672,0.19130067567567569,0.80869932432432434,True,0.41469594594594594,rejected,c9961dab47b113406b04cd8a28350949492f7793b67a0434e7279bc4fd7238e1
39,0.9302818728610871,0.21158090699464094,2.4682716318383431,0.080020304389536154,2.5910272716408351,-1.3154223280757558,-0.49718719442867221,2.1543437194317012,0.93028187286108732,0.2115809069946408,0.37820191588252783,0.89607398398220528,0.047512174115011234,0.0021709719217030531,0.043940925303809712,0.051083422926212756,0.043940925303809712,0.051083422926212756,0.077561113011999916,0.1758450431439999,False,False,0.0015913173701120741,3.5377131195759907e-05,0.001533121989295049,0.0016495127509290992,0.001533121989295049,0.0016495127509290992,0.0021472894676802003,0.0043219244962797998,False,False,118.23015202702703,1.244331477710221,116.18322674619372,120.27707730786034,116.18322674619372,120.27707730786034,29.880602871860003,68.03831604714,False,False,2.0466638513513513,0.052093611209375175,1.9609698609119293,2.1323578417907734,1.9609698609119293,2.1323578417907734,0.52468278421999992,5.7185604590200008,True,True,0.002109346709269079,0.0061054463180397053,-0.0079341124839062364,0.012152805902444394,-0.0079341124839062364,0.012152805902444394,0.45521164327499997,0.74291964327500004,False,False,True,True,True,True,0.0038006756756756759,0.99028716216216217,2.0466638513513513,263.92144368609718,1088455.8491699775,0,0.82601351351351349,0.21769425675675674,0.98817567567567566,0.011824324324324325,True,0.20460304054054054,rejected,59d3131275ffe2beeead6bdada9799805ce2c7e68998a4c796000c1ccffc74f8
40,0.42510524950921541,0.1446369998157026,1.6656035949611663,0.10946318840653531,-0.30185019724901463,-1.7772987864509231,1.1352865021546243,0.42498613256549722,0.42510524950921535,0.14463699981570244,0.75681318435817957,0.6046757698059082,0.42966384162849952,0.0050003997012958486,0.42143818411986783,0.43788949913713121,0.42143818411986783,0.43788949913713121,0.077561113011999916,0.1758450431439999,False,False,0.41922432477562044,0.0022223623318582664,0.41556853873971361,0.42288011081152727,0.41556853873971361,0.42288011081152727,0.0021472894676802003,0.0043219244962797998,False,False,637.53800675675677,3.0872087090843774,632.45954843031302,642.61646508320052,632.45954843031302,642.61646508320052,29.880602871860003,68.03831604714,False,False,0.28990709459459457,0.005787865056119482,0.280386056577278,0.29942813261191115,0.280386056577278,0.29942813261191115,0.52468278421999992,5.7185604590200008,False,False,-0.073271510165854925,0.013790585560435291,-0.095957023412770986,-0.050585996918938871,-0.095957023412770986,-0.050585996918938871,0.45521164327499997,0.74291964327500004,False,False,False,True,True,True,0.033572635135135136,0.84691722972972971,0.28990709459459457,319.36773436649145,1538684.3975445619,0.96338235702598707,0.15308277027027026,0.061655405405405407,0.15308277027027026,0.84691722972972971,True,0.4263091216216216,rejected,a00d4dd5c5dbc5745384ee941b49efe006c0830133d99e96335e8128d092a333
41,0.96500903554260709,0.82706038467586029,0.30471846246225803,0.15145383271319768,3.3170475947511395,1.564935219696346,-1.4953300389354776,-2.0843821826462365,0.96500903554260731,0.8270603846758604,0.18312306515872478,0.11062408331781624,0.00010374808307571597,5.0207563188568801e-05,2.1156641630520293e-05,0.00018633952452091164,2.1156641630520293e-05,0.00018633952452091164,0.077561113011999916,0.1758450431439999,False,False,2.0779570650886437e-05,2.6353480712454625e-06,1.6444423073687649e-05,2.5114718228085225e-05,1.6444423073687649e-05,2.5114718228085225e-05,0.0021472894676802003,0.0043219244962797998,False,False,83.157305743243242,0.30245226093128946,82.659771774011276,83.654839712475209,82.659771774011276,83.654839712475209,29.880602871860003,68.03831604714,False,False,0.01583614864864865,0.0021528091309074302,0.012294777628305928,0.019377519668991372,0.012294777628305928,0.019377519668991372,0.52468278421999992,5.7185604590200008,False,False,0.00011523478210259101,6.4817792843292429e-05,8.6095128753749668e-06,0.00022186005132980704,8.6095128753749668e-06,0.00022186005132980704,0.45521164327499997,0.74291964327500004,False,False,True,True,True,True,0.00021114864864864866,0.99704391891891897,0.01583614864864865,100.21340230491739,764958.03674140328,0,0.92166385135135132,0.30510979729729731,0.99978885135135132,0.00021114864864864866,True,0.17461993243243243,rejected,127fac8d9f2223c79c38c3964558be00020bb3e5d780f1139b6664ad782c7bf0
42,0.0057496353983881284,0.71929405257105816,2.6857469541660319,0.46576801135891749,-5.1528526069751193,0.94096257749106627,0.60822113603507932,3.6646115016380572,0.0057496353983879089,0.71929405257105827,0.64753491245210171,0.97502557747066021,0.73134990331281524,0.0052142846967817586,0.72277240498660922,0.73992740163902126,0.72277240498660922,0.73992740163902126,0.077561113011999916,0.1758450431439999,False,False,0.48287584459459454,0.0010723720577348137,0.48111179255962078,0.4846398966295683,0.48111179255962078,0.4846398966295683,0.0021472894676802003,0.0043219244962797998,False,False,726.04539695945948,1.4993369956988412,723.57898760153489,728.51180631738407,723.57898760153489,728.51180631738407,29.880602871860003,68.03831604714,False,False,0.20713682432432431,0.0051871618507987605,0.19860394307976034,0.21566970556888829,0.19860394307976034,0.21566970556888829,0.52468278421999992,5.7185604590200008,False,False,-0.00282228398320028,0.014773035179006345,-0.027123926852665719,0.021479358886265159,-0.027123926852665719,0.021479358886265159,0.45521164327499997,0.74291964327500004,False,False,False,True,True,True,0.034839527027027029,0.76921452702702697,0.20713682432432431,319.36773436649145,1538684.3975445619,0.99006559720406695,0.024493243243243243,0.011402027027027027,0.024493243243243243,0.9755067567567568,True,0.46283783783783783,rejected,70a6f2913b4587a598a6edf915badb76455dc8466c6d139f3ab1b713a0f88b0d
43,0.60402926430106163,0.30712051503360283,1.3667863346164115,0.089505675457076536,0.42228233881707983,-0.81361585303004247,-0.88842467304128336,-0.015224128703368537,0.60402926430106163,0.30712051503360271,0.29143502656370401,0.49619404133409267,0.47426319932177829,0.005081950104200211,0.46590339140036896,0.48262300724318763,0.46590339140036896,0.48262300724318763,0.077561113011999916,0.1758450431439999,False,False,0.43166173986486495,0.002102035209057598,0.4282038919459652,0.43511958778376469,0.4282038919459652,0.43511958778376469,0.0021472894676802003,0.0043219244962797998,False,False,654.85768581081084,2.9201402066214874,650.05405517091845,659.66131645070323,650.05405517091845,659.66131645070323,29.880602871860003,68.03831604714,False,False,0.27449324324324326,0.0056272361470062265,0.26523643978141803,0.28375004670506848,0.26523643978141803,0.28375004670506848,0.52468278421999992,5.7185604590200008,False,False,-0.063256464614340091,0.014050547924754339,-0.086369615950560974,-0.040143313278119208,-0.086369615950560974,-0.040143313278119208,0.45521164327499997,0.74291964327500004,False,False,False,True,True,True,0.033783783783783786,0.875,0.27449324324324326,319.36773436649145,1538684.3975445619,0.96496457663558199,0.12795608108108109,0.051942567567567564,0.12795608108108109,0.87204391891891897,True,0.4341216216216216,rejected,d1c09757a7fefcb256e697c9e31c254a4ae535f4e5166712b882914c47557868
44,0.76210338063538063,0.45290934760123491,0.90368430768527108,0.25864915202675531,1.1642460097225766,-0.18892252541017152,0.28627404324555172,-0.71692326528237715,0.76210338063538074,0.45290934760123491,0.57108371332287788,0.32807086035609245,0.2665850482301641,0.0041436267234094644,0.25976878227015554,0.27340131419017266,0.25976878227015554,0.27340131419017266,0.077561113011999916,0.1758450431439999,False,False,0.31543763021564075,0.0028587749576885714,0.31073494541024305,0.32014031502103846,0.31073494541024305,0.32014031502103846,0.0021472894676802003,0.0043219244962797998,False,False,494.22255067567568,3.9450464508712986,487.7329492639924,500.71215208735896,487.7329492639924,500.71215208735896,29.880602871860003,68.03831604714,False,False,0.25992398648648651,0.0076733944633608194,0.24730125259425798,0.27254672037871508,0.24730125259425798,0.27254672037871508,0.52468278421999992,5.7185604590200008,False,False,-0.0069976040221919611,0.011607216510181036,-0.026091475181439765,0.012096267137055843,-0.026091475181439765,0.012096267137055843,0.45521164327499997,0.74291964327500004,False,False,False,True,True,True,0.027660472972972971,0.84142736486486491,0.25992398648648651,319.36773436649145,1538684.3975445619,0.85877177797656157,0.36085304054054052,0.14020270270270271,0.3627533783783784,0.6372466216216216,True,0.35135135135135137,rejected,e7caec5a6db49cc59acea6a6023ff41781b445b1ff3506aeb57d1126e974060c
45,0.34668461047112947,0.52070674207061529,2.2959678745656271,0.2551188620948755,-0.63364453507028484,0.082874368602754267,-0.040216221521847118,1.6107921787212316,0.34668461047112942,0.52070674207061529,0.48994729947298771,0.83352134097367525,0.6768247526010861,0.005284687013248926,0.66813144246429157,0.68551806273788063,0.66813144246429157,0.68551806273788063,0.077561113011999916,0.1758450431439999,False,False,0.47702280405405412,0.0012800859614418001,0.47491706264748235,0.47912854546062589,0.47491706264748235,0.47912854546062589,0.0021472894676802003,0.0043219244962797998,False,False,717.89590371621625,1.7868145944673854,714.95659370831743,720.83521372411508,714.95659370831743,720.83521372411508,29.880602871860003,68.03831604714,False,False,0.23036317567567569,0.0052907680954109833,0.22165986215872463,0.23906648919262674,0.22165986215872463,0.23906648919262674,0.52468278421999992,5.7185604590200008,False,False,-0.017565401009915771,0.014653132969273527,-0.041669804744370723,0.0065390027245391807,-0.041669804744370723,0.0065390027245391807,0.45521164327499997,0.74291964327500004,False,False,False,True,True,True,0.034839527027027029,0.96368243243243246,0.23036317567567569,319.36773436649145,1538684.3975445619,0.98672860473975466,0.036317567567567564,0.017314189189189189,0.036317567567567564,0.96368243243243246,True,0.45861486486486486,rejected,202e0ebf93dad3724a264b5f79dbebe1630960f8f42c75eaa096446ece12ba2c
46,0.68240794166922558,0.93293121177703109,0.52367356188174374,0.89752518743814746,0.76485991015571964,2.6326126875299933,3.2327591992411677,-1.4492768095815707,0.68240794166922569,0.93293121177703131,0.96204862277954806,0.19011289067566395,0.16730720367697724,0.0030446776232691845,0.16229870898669943,0.17231569836725505,0.16229870898669943,0.17231569836725505,0.077561113011999916,0.1758450431439999,True,True,0.18740421707483967,0.002683200479589178,0.18299035228591548,0.19181808186376387,0.18299035228591548,0.19181808186376387,0.0021472894676802003,0.0043219244962797998,False,False,319.57263513513516,3.6560889085754655,313.55836888052852,325.5869013897418,313.55836888052852,325.5869013897418,29.880602871860003,68.03831604714,False,False,0.19657939189189189,0.0085935906550356697,0.1824429352643582,0.21071584851942557,0.1824429352643582,0.21071584851942557,0.52468278421999992,5.7185604590200008,False,False,0.043406046434379258,0.0085074971024062911,0.02941121370092091,0.057400879167837607,0.02941121370092091,0.057400879167837607,0.45521164327499997,0.74291964327500004,False,False,False,True,True,True,0.014569256756756757,0.74028716216216217,0.19657939189189189,319.36773436649145,1538684.3975445619,0.70518339753081216,0.60747466216216217,0.2204391891891892,0.62141047297297303,0.37858952702702703,True,0.25739020270270269,rejected,fe3b68abd07df902eba98bbce096a375af6d502659896de95eb122fad8d2a092
47,0.20866673439741149,0.095340787433088006,1.9606137352166508,0.0093447483539645763,-1.3329807938906675,-2.2501006031309578,-2.2194867258431041,0.90402224199939474,0.20866673439741135,0.095340787433087826,0.098014172166585922,0.71177537273615599,0.43797181517097117,0.0048601454995771337,0.42997687582416677,0.44596675451777557,0.42997687582416677,0.44596675451777557,0.077561113011999916,0.1758450431439999,False,False,0.45925486638046381,0.0015478993007691467,0.45670857203069859,0.46180116073022903,0.45670857203069859,0.46180116073022903,0.0021472894676802003,0.0043219244962797998,False,False,693.109375,2.1562336858337643,689.56237058680347,696.65637941319653,689.56237058680347,696.65637941319653,29.880602871860003,68.03831604714,False,False,0.34058277027027029,0.0061167197030226285,0.33052076635879807,0.3506447741817425,0.33052076635879807,0.3506447741817425,0.52468278421999992,5.7185604590200008,False,False,-0.090979159095544382,0.01335018619925854,-0.11294021539332469,-0.069018102797764075,-0.11294021539332469,-0.069018102797764075,0.45521164327499997,0.74291964327500004,False,False,False,True,True,True,0.034628378378378379,0.91828547297297303,0.34058277027027029,319.36773436649145,1538684.3975445619,0.97024094531016625,0.072212837837837843,0.031883445945945943,0.072212837837837843,0.92778716216216217,True,0.45354729729729731,rejected,b7b17f5df00682161f0254adba4b4c00422c1b473a98f50c47ea7e229eefe128
48,0.98618755396455515,0.093183088116347984,1.1456636092767123,0.090496947101571593,4.2682764811820553,-2.2753743212827042,3.5172105198128838,-0.33955200085406567,0.98618755396455537,0.093183088116347804,0.97117351368069638,0.41591830551624304,0.00010494998074638828,5.0543651195948958e-05,2.1805674529052241e-05,0.0001880942869637243,2.1805674529052241e-05,0.0001880942869637243,0.077561113011999916,0.1758450431439999,False,False,2.1007025903820325e-05,2.6489377354988536e-06,1.6649523328924713e-05,2.5364528478715938e-05,1.6649523328924713e-05,2.5364528478715938e-05,0.0021472894676802003,0.0043219244962797998,False,False,83.15857263513513,0.3024696428256789,82.661010072686892,83.656135197583367,82.661010072686892,83.656135197583367,29.880602871860003,68.03831604714,False,False,0.016258445945945946,0.0021734200371236814,0.01268316998487749,0.019833721907014403,0.01268316998487749,0.019833721907014403,0.52468278421999992,5.7185604590200008,False,False,0.00011727115308413156,6.5738544690569097e-05,9.1312470681453932e-06,0.00022541105910011772,9.1312470681453932e-06,0.00022541105910011772,0.45521164327499997,0.74291964327500004,False,False,True,True,True,True,0.00021114864864864866,0.99704391891891897,0.016258445945945946,100.21340230491739,764958.03674140328,0,0.92166385135135132,0.30510979729729731,0.99978885135135132,0.00021114864864864866,True,0.17461993243243243,rejected,0f3028df81651340697660dc41923d746d586a3c57fdd623ff8b031f9271051e
49,0.40502441208809625,0.88046337757259574,2.5489369958074199,0.081703276800438179,-0.38457303393374009,1.9968255460599655,-2.2799665425577653,2.5174845415452403,0.4050244120880962,0.88046337757259596,0.092795769684016691,0.92535849753767263,0.77260533715996293,0.0049029369100188121,0.76454000594298199,0.78067066837694388,0.76454000594298199,0.78067066837694388,0.077561113011999916,0.1758450431439999,False,False,0.48872888513513513,0.00078258870941485474,0.48744152670814767,0.49001624356212259,0.48744152670814767,0.49001624356212259,0.0021472894676802003,0.0043219244962797998,False,False,734.2132601351351,1.0964171527577498,732.40965391884856,736.01686635142164,732.40965391884856,736.01686635142164,29.880602871860003,68.03831604714,False,False,0.19890202702702703,0.0051055492914758261,0.19050339844254929,0.20730065561150476,0.19050339844254929,0.20730065561150476,0.52468278421999992,5.7185604590200008,False,False,-0.0008477877777460785,0.01396440233305501,-0.023819229615621568,0.022123654060129411,-0.023819229615621568,0.022123654060129411,0.45521164327499997,0.74291964327500004,False,False,False,True,True,True,0.034839527027027029,0.98733108108108103,0.19890202702702703,319.36773436649145,1538684.3975445619,0.99223916346206309,0.01266891891891892,0.0076013513513513518,0.01266891891891892,0.98733108108108103,True,0.4643158783783784,rejected,17240f3412de73a3351414d14cb4127003fb5cc7d5d71b31ed362707ac11141d
50,0.5697892839089036,0.54296215157955885,0.098807193715610184,0.33276094764063596,0.28099148904864135,0.17227340830723414,0.45935917121769793,-3.291305492502298,0.5697892839089036,0.54296215157955885,0.61286214273422956,0.035870669409632683,0.00044177072778782335,0.00013021327089119607,0.00022756989717180582,0.00065597155840384095,0.00022756989717180582,0.00065597155840384095,0.077561113011999916,0.1758450431439999,False,False,7.4490855950601914e-05,5.4036257206840964e-06,6.5601891640076576e-05,8.3379820261127253e-05,6.5601891640076576e-05,8.3379820261127253e-05,0.0021472894676802003,0.0043219244962797998,False,False,83.447001689189193,0.3065344655074182,82.942752493429495,83.951250884948891,82.942752493429495,83.951250884948891,29.880602871860003,68.03831604714,False,False,0.055532094594594593,0.0051932975208839501,0.046989120172740498,0.064075069016448688,0.046989120172740498,0.064075069016448688,0.52468278421999992,5.7185604590200008,False,False,-0.00028362153272417214,0.00037927579941601206,-0.00090753022276351199,0.00034028715731516772,-0.00090753022276351199,0.00034028715731516772,0.45521164327499997,0.74291964327500004,False,False,True,True,True,True,0.00021114864864864866,0.35853040540540543,0.055532094594594593,100.21340230491739,764958.03674140328,0,0.92124155405405406,0.3013091216216216,0.99978885135135132,0.00021114864864864866,True,0.17546452702702703,rejected,09f168ec261e58a68634c4a5c323e31d63e588c0296fba92c8f50d5f69996c96
51,0.039136079140007697,0.48540149722248321,1.546193329260517,0.2194378244062167,-3.2007880156593571,-0.058410612555009969,-0.19229079881433933,0.24654295618411731,0.039136079140007496,0.48540149722248321,0.45207488164305687,0.56132542248815298,0.54955353135136642,0.0052270238495695934,0.5409550771188244,0.55815198558390844,0.5409550771188244,0.55815198558390844,0.077561113011999916,0.1758450431439999,False,False,0.4475485641891892,0.0019124148696647851,0.44440264172859062,0.45069448664978778,0.44440264172859062,0.45069448664978778,0.0021472894676802003,0.0043219244962797998,False,False,676.90878378378375,2.6601573197354864,672.53282499281886,681.28474257474863,672.53282499281886,681.28474257474863,29.880602871860003,68.03831604714,False,False,0.25464527027027029,0.0054014973236976805,0.24575980717278761,0.26353073336775296,0.24575980717278761,0.26353073336775296,0.52468278421999992,5.7185604590200008,False,False,-0.05680832927886037,0.014556408733100259,-0.0807536216448103,-0.03286303691291044,-0.0807536216448103,-0.03286303691291044,0.45521164327499997,0.74291964327500004,False,False,False,True,True,True,0.034417229729729729,0.70924831081081086,0.25464527027027029,319.36773436649145,1538684.3975445619,0.97569158929737221,0.095861486486486486,0.040962837837837836,0.095861486486486486,0.90413851351351349,True,0.44235641891891891,rejected,1bce2b137608bd0bf88e18e0cf7ce401d3a2f6a4cf9423b37fe02b657293d636
52,0.32709205430001026,0.25460690446197998,1.7569731123293189,0.17014271311092802,-0.72136689536727827,-1.0741909196248758,0.70030990021100359,0.56602858307457349,0.3270920543000102,0.25460690446197987,0.66825647745281458,0.63784628733992577,0.51843809894953563,0.0051743378798729056,0.50992631313714465,0.52694988476192661,0.50992631313714465,0.52694988476192661,0.077561113011999916,0.1758450431439999,False,False,0.44368137668918922,0.0019631076493681022,0.44045206460597869,0.44691068877239976,0.44045206460597869,0.44691068877239976,0.0021472894676802003,0.0043219244962797998,False,False,671.50865709459458,2.730819964884712,667.01645825235926,676.00085593682991,667.01645825235926,676.00085593682991,29.880602871860003,68.03831604714,False,False,0.2768158783783784,0.0056516434450286186,0.2675189249113063,0.2861128318454505,0.2675189249113063,0.2861128318454505,0.52468278421999992,5.7185604590200008,False,False,-0.056392794080387498,0.014377652791107991,-0.080044032921760142,-0.032741555239014855,-0.080044032921760142,-0.032741555239014855,0.45521164327499997,0.74291964327500004,False,False,False,True,True,True,0.033783783783783786,0.89632601351351349,0.2768158783783784,319.36773436649145,1538684.3975445619,0.97364553417722632,0.10367398648648649,0.044974662162162164,0.10367398648648649,0.89632601351351349,True,0.44024493243243246,rejected,f09f5f2036453c18814915508b796e7384e2d09296e45109738f01612e8705e1
53,0.78279361780732859,0.71706005930900563,0.40703568644424948,0.1913169659078694,1.2820211108854396,0.92992495040433221,-1.0108811178799415,-1.7522071853111842,0.7827936178073287,0.71706005930900574,0.26680744998157024,0.14776902366429567,0.0013990612830921117,0.00026751568082392324,0.00095899798813675792,0.0018391245780474655,0.00095899798813675792,0.0018391245780474655,0.077561113011999916,0.1758450431439999,False,False,0.00013526591666593746,7.7693501338236065e-06,0.00012248533569579763,0.0001480464976360773,0.00012248533569579763,0.0001480464976360773,0.0021472894676802003,0.0043219244962797998,False,False,83.752956081081081,0.31546137758747067,83.234022114949695,84.271890047212466,83.234022114949695,84.271890047212466,29.880602871860003,68.03831604714,False,False,0.096706081081081086,0.0067333600241033425,0.085629703841431093,0.10778245832073108,0.085629703841431093,0.10778245832073108,0.52468278421999992,5.7185604590200008,False,False,-0.00038599923725423616,0.00087660377168365328,-0.0018280124416738459,0.0010560139671653736,-0.0018280124416738459,0.0010560139671653736,0.45521164327499997,0.74291964327500004,False,False,True,True,True,True,0.00021114864864864866,0.83445945945945943,0.096706081081081086,100.21340230491739,764958.03674140328,0,0.9208192567567568,0.29898648648648651,0.99957770270270274,0.00042229729729729732,True,0.17567567567567569,rejected,3eff857cd0337635427e2effc3ea6c7d40377509db3d98b99672b35f6c49ecc9
54,0.24254145938903104,0.85950675792992115,2.0671938856955987,0.6963623182248968,-1.1387961417018462,1.8111992989496846,1.4512341554637267,1.1011093850656537,0.24254145938903093,0.85950675792992126,0.81018829904496681,0.75046791322529316,0.65625537477823603,0.0053172207050286979,0.64750854671846381,0.66500220283800826,0.64750854671846381,0.66500220283800826,0.077561113011999916,0.1758450431439999,False,False,0.46949746621621619,0.0014870048414509765,0.46705134325202935,0.47194358918040302,0.46705134325202935,0.47194358918040302,0.0021472894676802003,0.0043219244962797998,False,False,707.42461993243239,2.0729452763716711,704.014624952801,710.83461491206378,704.014624952801,710.83461491206378,29.880602871860003,68.03831604714,False,False,0.22677364864864866,0.0052591739292994731,0.21812230753495102,0.2354249897623463,0.21812230753495102,0.2354249897623463,0.52468278421999992,5.7185604590200008,False,False,-0.025333661073541514,0.014742058244848682,-0.049584346886317597,-0.00108297526076543,-0.049584346886317597,-0.00108297526076543,0.45521164327499997,0.74291964327500004,False,False,False,True,True,True,0.034839527027027029,0.94847972972972971,0.22677364864864866,319.36773436649145,1538684.3975445619,0.98478018085308361,0.051520270270270271,0.024704391891891893,0.051520270270270271,0.94847972972972971,True,0.45565878378378377,rejected,f095e4b1541dc1ef7f6d65095aa355f2a9fcccdbd49c74876a17c9d63c36bbe2
55,0.64767968002706755,0.16681611537933361,0.75872134139249137,0.02099238385339712,0.60885549146722551,-1.6083622674081854,-1.9382388757032685,-0.96717502949980483,0.64767968002706766,0.16681611537933347,0.12584146205335855,0.27544393669813871,0.18892096338155628,0.0039808334961008258,0.18237249228047042,0.19546943448264215,0.18237249228047042,0.19546943448264215,0.077561113011999916,0.1758450431439999,False,False,0.31940968599348485,0.0026978711548182764,0.31497168794380881,0.32384768404316089,0.31497168794380881,0.32384768404316089,0.0021472894676802003,0.0043219244962797998,False,False,499.52956081081084,3.7311183150499652,493.39187118255364,505.66725043906803,493.39187118255364,505.66725043906803,29.880602871860003,68.03831604714,False,False,0.29624155405405406,0.0071627212352773128,0.28445887762202288,0.30802423048608524,0.28445887762202288,0.30802423048608524,0.52468278421999992,5.7185604590200008,False,False,-0.055765051162918439,0.010589603897272946,-0.073184949573932429,-0.038345152751904442,-0.073184949573932429,-0.038345152751904442,0.45521164327499997,0.74291964327500004,False,False,False,True,True,True,0.032305743243243243,0.67440878378378377,0.29624155405405406,319.36773436649145,1158624.9252501519,0.89354602473393885,0.35430743243243246,0.13745777027027026,0.35472972972972971,0.64527027027027029,True,0.36021959459459457,rejected,f0794f65cad6a420f62d76f55e2a61456486f1c19bd1f46d9ba794f6fd69871c
56,0.15324524417519586,0.22498623374849569,0.6150986835424419,0.11367557830020056,-1.7093715670249707,-1.2368415751081319,0.021023597028163928,-1.2465172908774067,0.15324524417519569,0.22498623374849558,0.50525570567697287,0.2233035946264863,0.16627061110280766,0.003754356696369786,0.16009469433727935,0.17244652786833597,0.16009469433727935,0.17244652786833597,0.077561113011999916,0.1758450431439999,True,True,0.2430086927676515,0.0027463028368831842,0.23849102460097865,0.24752636093432434,0.23849102460097865,0.24752636093432434,0.0021472894676802003,0.0043219244962797998,False,False,394.47782939189187,3.7757769786745801,388.26667626197218,400.68898252181157,388.26667626197218,400.68898252181157,29.880602871860003,68.03831604714,False,False,0.22022804054054054,0.0062900069565467306,0.20988097909702116,0.23057510198405992,0.20988097909702116,0.23057510198405992,0.52468278421999992,5.7185604590200008,False,False,-0.042925685046483225,0.0098697135896038679,-0.059161363901381589,-0.026690006191584861,-0.059161363901381589,-0.026690006191584861,0.45521164327499997,0.74291964327500004,False,False,False,True,True,True,0.027238175675675675,0.48965371621621623,0.22022804054054054,319.36773436649145,1158624.9252501519,0.87902132587428716,0.5033783783783784,0.19087837837837837,0.50907939189189189,0.49092060810810811,True,0.29983108108108109,rejected,cdf0c3946a54dd729a5a10d3c940b97f1fd4c61b120b15510ee1b42c6635ddd2
57,0.73783034086227417,0.8091491563245653,2.0628670328611132,0.34777799543541094,1.0347220595918096,1.4444910714915502,-0.28263850824461301,1.0927388046316022,0.73783034086227428,0.80914915632456541,0.42980702966451645,0.74889710545539856,0.65336994250070035,0.005425294212674416,0.64444533352085098,0.66229455148054972,0.64444533352085098,0.66229455148054972,0.077561113011999916,0.1758450431439999,False,False,0.47440983952702698,0.0013633280364776588,0.47216716490702121,0.47665251414703275,0.47216716490702121,0.47665251414703275,0.0021472894676802003,0.0043219244962797998,False,False,714.27259290540542,1.9011166720767583,711.14525597983913,717.3999298309717,711.14525597983913,717.3999298309717,29.880602871860003,68.03831604714,False,False,0.23543074324324326,0.005415432473939788,0.2265223568236123,0.24433912966287422,0.2265223568236123,0.24433912966287422,0.52468278421999992,5.7185604590200008,False,False,-0.018273730105946906,0.015065811877680111,-0.043056990644730689,0.0065095304328368769,-0.043056990644730689,0.0065095304328368769,0.45521164327499997,0.74291964327500004,False,False,False,True,True,True,0.034839527027027029,0.97233952702702697,0.23543074324324326,319.36773436649145,1538684.3975445619,0.98091441820015812,0.041596283783783786,0.020059121621621621,0.041596283783783786,0.95840371621621623,True,0.45798141891891891,rejected,896a0dbd8df30bb52dc5ed190848bbbfb3266058403771e5f2cb1857937b8a61
58,0.29126601852476608,0.64352388028055429,0.97365243704544391,0.57598773940795589,-0.88924325109923652,0.59069188408918127,2.1434234997923216,-0.60381275074047802,0.29126601852476597,0.64352388028055441,0.89505262672901154,0.35347188170999289,0.38882525260273515,0.0049031546562518522,0.38075956319320087,0.39689094201226943,0.38075956319320087,0.39689094201226943,0.077561113011999916,0.1758450431439999,False,False,0.37030941619338709,0.0025367992624637428,0.36613638140663424,0.37448245098013994,0.36613638140663424,0.37448245098013994,0.0021472894676802003,0.0043219244962797998,False,False,569.88619087837833,3.513921054887859,564.10579074308782,575.66659101366884,564.10579074308782,575.66659101366884,29.880602871860003,68.03831604714,False,False,0.23733108108108109,0.0053958607263602998,0.2284548901862184,0.24620727197594378,0.2284548901862184,0.24620727197594378,0.52468278421999992,5.7185604590200008,False,False,-0.053121868266960248,0.013623515409123928,-0.075532551114969107,-0.030711185418951386,-0.075532551114969107,-0.030711185418951386,0.45521164327499997,0.74291964327500004,False,False,False,True,True,True,0.032305743243243243,0.74809966216216217,0.23733108108108109,319.36773436649145,1538684.3975445619,0.94890293621706712,0.25147804054054052,0.094805743243243243,0.25190033783783783,0.74809966216216217,True,0.3940033783783784,rejected,258bf3819e478248429f83d50f4586f256439ae76bfe759832a0727ce627a177
59,0.81752106361091126,0.32033060025423771,2.3766381691667808,0.013126611913053657,1.4996419190089838,-0.75225291482230838,-3.1528703707107089,1.8388077790359205,0.81752106361091137,0.32033060025423765,0.040978326462209218,0.86280764453113079,0.65132171107822767,0.0053010199947344499,0.64260153318688951,0.66004188896956584,0.64260153318688951,0.66004188896956584,0.077561113011999916,0.1758450431439999,False,False,0.48695206925675671,0.00086559624474534286,0.48552816343415062,0.48837597507936281,0.48552816343415062,0.48837597507936281,0.0021472894676802003,0.0043219244962797998,False,False,731.72740709459458,1.2122198676090192,729.73330541237772,733.72150877681145,729.73330541237772,733.72150877681145,29.880602871860003,68.03831604714,False,False,0.26520270270270269,0.0057278250597625115,0.25578043047939336,0.27462497492601201,0.25578043047939336,0.27462497492601201,0.52468278421999992,5.7185604590200008,False,False,0.0051254822197366323,0.014827868402792967,-0.019266361302857797,0.029517325742331062,-0.019266361302857797,0.029517325742331062,0.45521164327499997,0.74291964327500004,False,False,False,True,True,True,0.034839527027027029,0.98859797297297303,0.26520270270270269,319.36773436649145,1538684.3975445619,0.97821622230668748,0.016258445945945946,0.0080236486486486482,0.016258445945945946,0.98374155405405406,True,0.46347128378378377,rejected,e318a0583e7d3b318e5ed3b856750906f77581665ac20ddb6720d16aff402c05
60,0.53493613004684448,0.43529518693685537,2.5834778436099546,0.35848933070827277,0.13997260578624107,-0.26027874825431674,1.5406180084486383,2.7148647934585428,0.53493613004684448,0.43529518693685532,0.82355454750359058,0.93789810407906771,0.68370202881557529,0.0053061477580945478,0.67497341575350978,0.69243064187764081,0.67497341575350978,0.69243064187764081,0.077561113011999916,0.1758450431439999,False,False,0.47764991554054054,0.0012672888645671268,0.47556522535832763,0.47973460572275345,0.47556522535832763,0.47973460572275345,0.0021472894676802003,0.0043219244962797998,False,False,718.77512668918916,1.7688186547706548,715.86542000209147,721.68483337628686,715.86542000209147,721.68483337628686,29.880602871860003,68.03831604714,False,False,0.23036317567567569,0.005321975255900108,0.22160852637972001,0.23911782497163137,0.22160852637972001,0.23911782497163137,0.52468278421999992,5.7185604590200008,False,False,-0.017699438997833661,0.01476213786690524,-0.041983155788892779,0.0065842777932254605,-0.041983155788892779,0.0065842777932254605,0.45521164327499997,0.74291964327500004,False,False,False,True,True,True,0.034839527027027029,0.96558277027027029,0.23036317567567569,319.36773436649145,1538684.3975445619,0.98695896422699114,0.035050675675675678,0.016680743243243243,0.035050675675675678,0.96494932432432434,True,0.45903716216216217,rejected,f6688341d0e6ac8c44ddc45231ab3b9a51dfe2208511991d63f91da71a124e7e
61,0.074843678623438076,0.60088097490370274,1.275377005344406,0.14446107064901234,-2.5145610659464479,0.40913718891958772,-1.1504031644801154,-0.14823455827520435,0.074843678623437881,0.60088097490370274,0.24041545111685991,0.46300907060503965,0.51718059090316915,0.0051675460619950257,0.50867997763118733,0.52568120417515096,0.50867997763118733,0.52568120417515096,0.077561113011999916,0.1758450431439999,False,False,0.4366786317567567,0.0020550680775752194,0.43329804476914546,0.44005921874436793,0.43329804476914546,0.44005921874436793,0.0021472894676802003,0.0043219244962797998,False,False,661.85536317567562,2.8546623853922335,657.15944355170541,666.55128279964583,657.15944355170541,666.55128279964583,29.880602871860003,68.03831604714,False,False,0.26013513513513514,0.0054822541130112477,0.25111682711923167,0.26915344315103862,0.25111682711923167,0.26915344315103862,0.52468278421999992,5.7185604590200008,False,False,-0.059400480996256944,0.014315260228027437,-0.082949084071362075,-0.035851877921151812,-0.082949084071362075,-0.035851877921151812,0.45521164327499997,0.74291964327500004,False,False,False,True,True,True,0.033994932432432436,0.77618243243243246,0.26013513513513514,319.36773436649145,1538684.3975445619,0.9717531041323767,0.11782094594594594,0.048564189189189186,0.11782094594594594,0.88217905405405406,True,0.43665540540540543,rejected,f637176e67949afa51008f304965a14a78e2e75d5127e813964c07429ce19591
62,0.89591881446540333,0.94645362347364403,1.5849596210078336,0.67538425620991271,2.1526785752656337,2.8721738421705698,0.91290704147144974,0.30391389725472573,0.89591881446540356,0.94645362347364426,0.71359466481953859,0.57539902161806822,0.047618700222665955,0.0021796290104966992,0.044033210500398885,0.051204189944933025,0.044033210500398885,0.051204189944933025,0.077561113011999916,0.1758450431439999,False,False,0.0014840790869575886,3.45665885846393e-05,0.0014272170487358569,0.0015409411251793204,0.0014272170487358569,0.0015409411251793204,0.0021472894676802003,0.0043219244962797998,False,False,114.87521114864865,1.1884229967937414,112.92025531892294,116.83016697837435,112.92025531892294,116.83016697837435,29.880602871860003,68.03831604714,False,False,1.9058277027027026,0.050260264107062483,1.8231495682465848,1.9885058371588205,1.8231495682465848,1.9885058371588205,0.52468278421999992,5.7185604590200008,True,True,0.0016666329742016303,0.0061314186393428404,-0.008419550687517343,0.011752816635920604,-0.008419550687517343,0.011752816635920604,0.45521164327499997,0.74291964327500004,False,False,True,True,True,True,0.0033783783783783786,0.98859797297297303,1.9058277027027026,263.92144368609718,1088455.8491699775,0,0.83614864864864868,0.22360641891891891,0.98944256756756754,0.010557432432432432,True,0.20185810810810811,rejected,d430769d71dfb318adee0ae6af3592ac318c9c7c5ca54464a248bcb6b344b6a8
63,0.49419456161558628,0.019380355253815866,0.23472403297718664,0.0068091258820327776,-0.023222797149306161,-3.9239247251656453,-0.61314706594630386,-2.3735306525551527,0.49419456161558628,0.019380355253815651,0.35134164430201059,0.085213514044880867,0.00012229431961162195,5.0793488481058981e-05,3.8739031060279927e-05,0.00020584960816296397,3.8739031060279927e-05,0.00020584960816296397,0.077561113011999916,0.1758450431439999,False,False,0.0058930521954237468,0.0004450651907812882,0.0051609199565885279,0.0066251844342589657,0.0051609199565885279,0.0066251844342589657,0.0021472894676802003,0.0043219244962797998,False,False,86.975717905405403,0.45688147205247842,86.22414788387907,87.727287926931737,86.22414788387907,87.727287926931737,29.880602871860003,68.03831604714,False,False,0.05447635135135135,0.0049174564335826626,0.046387135518107872,0.062565567184594828,0.046387135518107872,0.062565567184594828,0.52468278421999992,5.7185604590200008,False,False,7.849242714289654e-05,7.5044099218850782e-05,-4.4955116072113e-05,0.00020193997035790608,-4.4955116072113e-05,0.00020193997035790608,0.45521164327499997,0.74291964327500004,False,False,False,True,True,True,0.00021114864864864866,0.011824324324324325,0.05447635135135135,100.21340230491739,764958.03674140328,0.027468900979952141,0.92145270270270274,0.3046875,0.98817567567567566,0.011824324324324325,True,0.17483108108108109,rejected,cf790bec2badf1e700043b149c3dd142af7cb4f0cb4dc893854d7ae6262e94a8
64,0.91869967803358998,0.026270645670592993,2.029803358304612,0.014561475752256534,2.4248093000462925,-3.6126812130869941,0.21800710571019968,1.0298858634851671,0.91869967803359021,0.026270645670592781,0.55428693816065788,0.73689376749098301,0.010797465229442544,0.0011337190099967012,0.0089324974579979705,0.012662433000887117,0.0089324974579979705,0.012662433000887117,0.077561113011999916,0.1758450431439999,False,False,0.00076581836881283144,2.4092848976838268e-05,0.00072618563224593243,0.00080545110537973044,0.00072618563224593243,0.00080545110537973044,0.0021472894676802003,0.0043219244962797998,False,False,95.660684121621628,0.72766393582801281,94.463676947184553,96.857691296058704,94.463676947184553,96.857691296058704,29.880602871860003,68.03831604714,False,False,0.93665540540540537,0.032954654324173931,0.88244499904213924,0.9908658117686715,0.88244499904213924,0.9908658117686715,0.52468278421999992,5.7185604590200008,True,True,-0.0029865347000572473,0.0033813169093762159,-0.0085488010159811226,0.002575731615866628,-0.0085488010159811226,0.002575731615866628,0.45521164327499997,0.74291964327500004,False,False,True,True,True,True,0.0021114864864864866,0.82052364864864868,0.93665540540540537,216.29504216011662,898507.04548189219,0,0.89020270270270274,0.26478040540540543,0.9932432432432432,0.0067567567567567571,True,0.18728885135135134,rejected,95cfcb5b99148d51607a6845f79bb963c252679e755eeca77895c146a83993df
65,0.44126137346029282,0.93758349213749137,0.6264616766192953,0.3615811664140271,-0.23604440707167396,2.7094760226920003,-0.46562515527249104,-1.2228870540187258,0.44126137346029282,0.93758349213749159,0.38565223198384041,0.22742878179997206,0.28476223517980542,0.0043810003404234476,0.27755548961980886,0.29196898073980199,0.27755548961980886,0.29196898073980199,0.077561113011999916,0.1758450431439999,False,False,0.30571722430216791,0.0027126569470993919,0.30125490362418939,0.31017954498014644,0.30125490362418939,0.31017954498014644,0.0021472894676802003,0.0043219244962797998,False,False,480.87394425675677,3.7425770408685497,474.71740502452803,487.03048348898551,474.71740502452803,487.03048348898551,29.880602871860003,68.03831604714,False,False,0.21748310810810811,0.0055767054587669779,0.20830942762843643,0.22665678858777979,0.20830942762843643,0.22665678858777979,0.52468278421999992,5.7185604590200008,False,False,-0.04155238196532518,0.011965991930874158,-0.061236438691613174,-0.02186832523903719,-0.061236438691613174,-0.02186832523903719,0.45521164327499997,0.74291964327500004,False,False,False,True,True,True,0.029349662162162161,0.62077702702702697,0.21748310810810811,319.36773436649145,1538684.3975445619,0.91528051337442018,0.37985641891891891,0.14273648648648649,0.38239020270270269,0.61760979729729726,True,0.3471283783783784,rejected,0e46e02c8cc130563f2cf250a7344acb129e23863733dbea65d0a354ddcdae45
66,0.52546087093651295,0.60786281805485487,2.4096497155006973,0.55473320199872056,0.10193164848029322,0.43833749579648268,2.345752767107264,1.9440103191461224,0.52546087093651295,0.60786281805485487,0.9125960422679783,0.87479205802083015,0.68371139753289045,0.0053170733983224942,0.67496481179265,0.69245798327313091,0.67496481179265,0.69245798327313091,0.077561113011999916,0.1758450431439999,False,False,0.47639569256756759,0.0013035757365238605,0.47425131048098584,0.47854007465414933,0.47425131048098584,0.47854007465414933,0.0021472894676802003,0.0043219244962797998,False,False,717.01245777027032,1.8202143922302059,714.0182050950516,720.00671044548903,714.0182050950516,720.00671044548903,29.880602871860003,68.03831604714,False,False,0.22276182432432431,0.0052777776943461951,0.21407988001712483,0.2314437686315238,0.21407988001712483,0.2314437686315238,0.52468278421999992,5.7185604590200008,False,False,-0.016790311245136968,0.014800872804804835,-0.041137747009040923,0.0075571245187669861,-0.041137747009040923,0.0075571245187669861,0.45521164327499997,0.74291964327500004,False,False,False,True,True,True,0.034839527027027029,0.96304898648648651,0.22276182432432431,319.36773436649145,1538684.3975445619,0.98657906012250529,0.037584459459459457,0.018158783783783782,0.037584459459459457,0.96241554054054057,True,0.45819256756756754,rejected,ab21bdcb883884b63281522d02d7aa643a684974cac3af51f7e8173f0d70774e
67,0.11471540294587627,0.42627246771007782,0.96232137763565406,0.011241271882333601,-2.043454867806612,-0.29707586382159756,-3.6087616932197526,-0.62186111791855248,0.11471540294587611,0.42627246771007776,0.02637109532952308,0.34935828763991589,0.43882164312681549,0.0048569979084039545,0.43083188156749097,0.44681140468614,0.43083188156749097,0.44681140468614,0.077561113011999916,0.1758450431439999,False,False,0.44420396959459457,0.0017853345573713073,0.44126709424771876,0.44714084494147038,0.44126709424771876,0.44714084494147038,0.0021472894676802003,0.0043219244962797998,False,False,672.26288006756761,2.4800447153908056,668.18320651074976,676.34255362438546,668.18320651074976,676.34255362438546,29.880602871860003,68.03831604714,False,False,0.30616554054054052,0.0059435595711257328,0.2963883850460387,0.31594269603504233,0.2963883850460387,0.31594269603504233,0.52468278421999992,5.7185604590200008,False,False,-0.072890229506029025,0.013433052166677527,-0.094987600320213555,-0.050792858691844495,-0.094987600320213555,-0.050792858691844495,0.45521164327499997,0.74291964327500004,False,False,False,True,True,True,0.034206081081081079,0.81271114864864868,0.30616554054054052,319.36773436649145,1538684.3975445619,0.96535723033469834,0.10261824324324324,0.044552364864864864,0.10261824324324324,0.8973817567567568,True,0.44404560810810811,rejected,8e7918b150878a3172a1fa6b870ca8656c1194a22b06bdf32684c77ea3203ef1
68,0.26912506669759761,0.31369969435036188,1.2651909300299362,0.27254247918415558,-0.99906615172284985,-0.78287915441436384,1.8903952389329819,-0.16311611509154395,0.2691250666975975,0.31369969435036182,0.86880058888345946,0.45931114815175533,0.42998529061778673,0.0050221238998968357,0.42172389680245642,0.43824668443311704,0.42172389680245642,0.43824668443311704,0.077561113011999916,0.1758450431439999,False,False,0.40229228925887284,0.0023556875665287046,0.39841718321193309,0.40616739530581258,0.39841718321193309,0.40616739530581258,0.0021472894676802003,0.0043219244962797998,False,False,614.11845439189187,3.2678706891896323,608.74280710817493,619.49410167560882,608.74280710817493,619.49410167560882,29.880602871860003,68.03831604714,False,False,0.26034628378378377,0.0055194978095175536,0.2512667098871274,0.26942585768044014,0.2512667098871274,0.26942585768044014,0.52468278421999992,5.7185604590200008,False,False,-0.065293759910355909,0.013779614421928264,-0.087961225634427903,-0.042626294186283914,-0.087961225634427903,-0.042626294186283914,0.45521164327499997,0.74291964327500004,False,False,False,True,True,True,0.033572635135135136,0.81271114864864868,0.26034628378378377,319.36773436649145,1538684.3975445619,0.95970137316306015,0.18707770270270271,0.073690878378378372,0.18728885135135134,0.81271114864864868,True,0.41659628378378377,rejected,8c9d59831a2cb349dab709a20f942ea4726e634d25616786beb238145899e155
69,0.87200969085097291,0.65213459730148293,2.6150285375517783,0.12536069314097559,1.9188459859281743,0.62843534709697157,-1.4355763048845391,2.9308835234877781,0.87200969085097302,0.65213459730148304,0.19223131798207763,0.94935217406600703,0.64446233131565456,0.0055814004179334615,0.63528092762815402,0.65364373500315509,0.63528092762815402,0.65364373500315509,0.077561113011999916,0.1758450431439999,False,False,0.47911317567567568,0.0012273915713787297,0.47709411654075767,0.4811322348105937,0.47709411654075767,0.4811322348105937,0.0021472894676802003,0.0043219244962797998,False,False,720.80278716216219,1.7145235792859301,717.98239587423689,723.62317845008749,717.98239587423689,723.62317845008749,29.880602871860003,68.03831604714,False,False,0.24598817567567569,0.0059956609198056864,0.23612531346259533,0.25585103788875602,0.23612531346259533,0.25585103788875602,0.52468278421999992,5.7185604590200008,False,False,-0.0044289104218951936,0.015610552973442205,-0.030108270063207623,0.021250449219417235,-0.030108270063207623,0.021250449219417235,0.45521164327499997,0.74291964327500004,False,False,False,True,True,True,0.034839527027027029,0.99472128378378377,0.24598817567567569,319.36773436649145,1538684.3975445619,0.96760527699916166,0.032094594594594593,0.015202702702702704,0.032094594594594593,0.96790540540540537,True,0.45988175675675674,rejected,284ed1e0d5d597b244c1a4e6d25f6eaa69bafac0cb1363cf3f958d6471b8ad44
70,0.1613481696695091,0.80242669768631447,0.24487833880797077,0.58325709458445252,-1.6482310640289881,1.401530841948168,0.97878220123257798,-2.3271417157862615,0.16134816966950896,0.80242669768631458,0.72686651162803173,0.088899902999401093,0.073526499818878308,0.0024528269976398305,0.069491599407760785,0.077561400229995831,0.069491599407760785,0.077561400229995831,0.077561113011999916,0.1758450431439999,False,True,0.11498215851345717,0.0021806774549722055,0.11139494410002788,0.11856937292688645,0.11139494410002788,0.11856937292688645,0.0021472894676802003,0.0043219244962797998,False,False,220.68158783783784,2.9462196996085983,215.83505643198168,225.52811924369399,215.83505643198168,225.52811924369399,29.880602871860003,68.03831604714,False,False,0.1167652027027027,0.0064275632251758023,0.1061918611972885,0.12733854420811688,0.1061918611972885,0.12733854420811688,0.52468278421999992,5.7185604590200008,False,False,-0.012948826484549744,0.0067460138365379382,-0.024046019245654651,-0.0018516337234448354,-0.024046019245654651,-0.0018516337234448354,0.45521164327499997,0.74291964327500004,False,False,False,True,True,True,0.01097972972972973,0.23226351351351351,0.1167652027027027,241.52458249665119,1015358.5257627395,0.70680379927687254,0.74915540540540537,0.26456925675675674,0.76773648648648651,0.23226351351351351,True,0.21663851351351351,rejected,d80703c908333c0145b77e8d845271bffd11af71eda2ced3514d2975d3c9516c
71,0.69762388058006752,0.23374953866004958,1.5534612194719724,0.077884240655359899,0.8360084334768586,-1.1872588948052147,-0.69376852974293479,0.25726534948926338,0.69762388058006763,0.23374953866004947,0.33319527003914118,0.56396393571048975,0.47697278057884945,0.0051049649336448585,0.46857511326300366,0.48537044789469524,0.46857511326300366,0.48537044789469524,0.077561113011999916,0.1758450431439999,False,False,0.43908275506335198,0.0020076435449722925,0.43578018143187258,0.44238532869483138,0.43578018143187258,0.44238532869483138,0.0021472894676802003,0.0043219244962797998,False,False,665.14484797297303,2.7901597149481088,660.55503524188339,669.73466070406266,660.55503524188339,669.73466070406266,29.880602871860003,68.03831604714,False,False,0.28420608108108109,0.0056912608041626879,0.27484395705823345,0.29356820510392873,0.27484395705823345,0.29356820510392873,0.52468278421999992,5.7185604590200008,False,False,-0.065600903832156277,0.014099091618646198,-0.088793909544829269,-0.042407898119483284,-0.088793909544829269,-0.042407898119483284,0.45521164327499997,0.74291964327500004,False,False,False,True,True,True,0.033783783783783786,0.90202702702702697,0.28420608108108109,319.36773436649145,1538684.3975445619,0.96397687125459053,0.11296452702702703,0.048141891891891893,0.11296452702702703,0.88703547297297303,True,0.43982263513513514,rejected,9aa576ab8c4871f32db5997faf7a08c622c93ab7ace787152432caa91663e494
72,0.18899893667548909,0.16009176615625634,2.5819980536913305,0.15267323464881577,-1.4565279762539851,-1.6575454511454319,3.0243187886937375,2.7056784436895542,0.18899893667548895,0.1600917661562562,0.95366075541824091,0.93736088555306185,0.57921050133516094,0.0052309146153342425,0.57060564679293613,0.58781535587738576,0.57060564679293613,0.58781535587738576,0.077561113011999916,0.1758450431439999,False,False,0.46657094594594589,0.001540274138304828,0.46403719498843443,0.46910469690345735,0.46403719498843443,0.46910469690345735,0.0021472894676802003,0.0043219244962797998,False,False,703.33424831081084,2.147125416040105,699.80222700142485,706.86626962019682,699.80222700142485,706.86626962019682,29.880602871860003,68.03831604714,False,False,0.27871621621621623,0.0055938105970754388,0.26951439778402714,0.28791803464840532,0.26951439778402714,0.28791803464840532,0.52468278421999992,5.7185604590200008,False,False,-0.049828568965560538,0.01465064015211668,-0.073928872015792485,-0.025728265915328598,-0.073928872015792485,-0.025728265915328598,0.45521164327499997,0.74291964327500004,False,False,False,True,True,True,0.034628378378378379,0.94151182432432434,0.27871621621621623,319.36773436649145,1538684.3975445619,0.98051549182532027,0.057432432432432436,0.026604729729729729,0.057432432432432436,0.94256756756756754,True,0.45375844594594594,rejected,ad8cf580ca4b231d1467c88ea6302136eef581964128b7031f800de381867c98
73,0.67082765232771624,0.86827198695391417,1.1342979995272684,0.093227984045193835,0.71193078529947018,1.8857657250079169,-2.1178718710695015,-0.35656156413305246,0.67082765232771635,0.86827198695391428,0.10737186670303346,0.41179216839373117,0.49724997077304184,0.0052239094418915291,0.48865663974113027,0.5058433018049534,0.48865663974113027,0.5058433018049534,0.077561113011999916,0.1758450431439999,False,False,0.43688766891891889,0.0020713723942610103,0.43348026133035955,0.44029507650747823,0.43348026133035955,0.44029507650747823,0.0021472894676802003,0.0043219244962797998,False,False,662.18116554054052,2.8762681245553274,657.44970447564697,666.91262660543407,657.44970447564697,666.91262660543407,29.880602871860003,68.03831604714,False,False,0.27069256756756754,0.0057931813320562546,0.26116278427633499,0.2802223508588001,0.26116278427633499,0.2802223508588001,0.52468278421999992,5.7185604590200008,False,False,-0.049745133927926954,0.014416287131242825,-0.073459926258821404,-0.026030341597032505,-0.073459926258821404,-0.026030341597032505,0.45521164327499997,0.74291964327500004,False,False,False,True,True,True,0.033783783783783786,0.90983952702702697,0.27069256756756754,319.36773436649145,1538684.3975445619,0.96023339083413084,0.11739864864864864,0.048141891891891893,0.11739864864864864,0.88260135135135132,True,0.43665540540540543,rejected,690f8b9d3c9516792fdf24c0ea67f0d21658534dedde8eedcb376b185a5c6fca
74,0.36635252926498657,0.71042726282030333,1.5131843995991907,0.40058313022534414,-0.54789669539953501,0.89746005115207972,0.25685193812220442,0.19801229557025879,0.36635252926498652,0.71042726282030344,0.56386227160692215,0.54934195894747972,0.56362736727323282,0.0052298185450561016,0.55502431576661548,0.57223041877985015,0.55502431576661548,0.57223041877985015,0.077561113011999916,0.1758450431439999,False,False,0.44744404560810819,0.0019148161212021149,0.4442941730887307,0.45059391812748567,0.4442941730887307,0.45059391812748567,0.0021472894676802003,0.0043219244962797998,False,False,676.76097972972968,2.6636581280068121,672.3792621091585,681.14269735030086,672.3792621091585,681.14269735030086,29.880602871860003,68.03831604714,False,False,0.24577702702702703,0.0053188494742936196,0.23702751964181401,0.25452653441224005,0.23702751964181401,0.25452653441224005,0.52468278421999992,5.7185604590200008,False,False,-0.055412934201816477,0.014504887207309773,-0.079273473657841056,-0.031552394745791898,-0.079273473657841056,-0.031552394745791898,0.45521164327499997,0.74291964327500004,False,False,False,True,True,True,0.034417229729729729,0.90392736486486491,0.24577702702702703,319.36773436649145,1538684.3975445619,0.97599190747555353,0.096072635135135129,0.041385135135135136,0.096072635135135129,0.90392736486486491,True,0.4408783783783784,rejected,b1bf8a3624ccbd9af385fee3a27ebcc01bad2e1df9a24d1ec20f101acdc15e1d
75,0.77368355263024557,0.26321954559534799,0.1101408697979903,0.13060922129340335,1.229228713764543,-1.029301498833826,-0.01520511372130815,-3.178438965532016,0.77368355263024569,0.26321954559534788,0.49619879480451351,0.03998521342873574,0.00017297341949575949,6.8018087337103138e-05,6.1083665826224828e-05,0.00028486317316529417,6.1083665826224828e-05,0.00028486317316529417,0.077561113011999916,0.1758450431439999,False,False,3.5713177744088167e-05,3.4409443943484158e-06,3.0052824215385022e-05,4.1373531272791309e-05,3.0052824215385022e-05,4.1373531272791309e-05,0.0021472894676802003,0.0043219244962797998,False,False,83.219383445945951,0.30390466203638561,82.7194602768961,83.719306614995801,82.7194602768961,83.719306614995801,29.880602871860003,68.03831604714,False,False,0.028293918918918918,0.0030000427397087323,0.023358848612098054,0.033228989225739781,0.023358848612098054,0.033228989225739781,0.52468278421999992,5.7185604590200008,False,False,0.0001248457583992799,0.00011327756697975528,-6.1495839282417524e-05,0.0003111873560809773,-6.1495839282417524e-05,0.0003111873560809773,0.45521164327499997,0.74291964327500004,False,False,True,True,True,True,0.00021114864864864866,0.6630067567567568,0.028293918918918918,100.21340230491739,764958.03674140328,0,0.92145270270270274,0.30426520270270269,0.99978885135135132,0.00021114864864864866,True,0.17461993243243243,rejected,bc28fe404f124c36619ff6dd49b67689771969fc05a053efbd5868591b39654c
76,0.62366845738142729,0.49238526076078409,0.41722439895423175,0.32251987151092115,0.50514839172150461,-0.030461312137807013,0.64115845597875454,-1.7231341667489715,0.62366845738142729,0.49238526076078409,0.65501528419554234,0.15146790351718664,0.11055094147947722,0.0026966320766926015,0.10611498171331789,0.11498690124563656,0.10611498171331789,0.11498690124563656,0.077561113011999916,0.1758450431439999,True,True,0.15260138223739672,0.0025679751284587958,0.14837706315108201,0.15682570132371143,0.14837706315108201,0.15682570132371143,0.0021472894676802003,0.0043219244962797998,False,False,272.07326858108109,3.4872486419563611,266.33674456506287,277.80979259709932,266.33674456506287,277.80979259709932,29.880602871860003,68.03831604714,False,False,0.18517736486486486,0.008414508402166454,0.17133549854330105,0.19901923118642867,0.17133549854330105,0.19901923118642867,0.52468278421999992,5.7185604590200008,False,False,0.029120054721742422,0.0073049710748184036,0.017103377303666151,0.041136732139818694,0.017103377303666151,0.041136732139818694,0.45521164327499997,0.74291964327500004,False,False,False,True,True,True,0.012880067567567568,0.55616554054054057,0.18517736486486486,241.52458249665119,1158624.9252501519,0.67560572963986776,0.67546452702702697,0.24239864864864866,0.69172297297297303,0.30827702702702703,True,0.2352195945945946,rejected,ae33275205c53f5f6bd45acb841a75e106a7dda866aba17e8c592fb7474abcee
77,0.017362355254590723,0.53393753804266453,1.7254250555830073,0.15213092168998882,-4.0359360589867554,0.13595919848278004,-0.92017276348448551,0.51677427357707262,0.017362355254590508,0.53393753804266453,0.2849226938560605,0.62639317475259304,0.6028916022384827,0.0052367717972848686,0.59427711263194904,0.61150609184501636,0.59427711263194904,0.61150609184501636,0.077561113011999916,0.1758450431439999,False,False,0.46458509290540534,0.0015932316891737745,0.4619642267767145,0.46720595903409617,0.4619642267767145,0.46720595903409617,0.0021472894676802003,0.0043219244962797998,False,False,700.59649493243239,2.2192417576516821,696.94584224109542,704.24714762376937,696.94584224109542,704.24714762376937,29.880602871860003,68.03831604714,False,False,0.25570101351351349,0.0054270503655922987,0.24677351566211417,0.26462851136491283,0.24677351566211417,0.26462851136491283,0.52468278421999992,5.7185604590200008,False,False,-0.044427743543156373,0.014588174569309076,-0.068425290709669795,-0.020430196376642944,-0.068425290709669795,-0.020430196376642944,0.45521164327499997,0.74291964327500004,False,False,False,True,True,True,0.034839527027027029,0.73796452702702697,0.25570101351351349,319.36773436649145,1538684.3975445619,0.98134443012904027,0.061444256756756757,0.027871621621621621,0.061444256756756757,0.9385557432432432,True,0.45291385135135137,rejected,abf1584ec83b68347918ae318aafe051ed11530725ad1f98071a784cec5c7b5c
78,0.94536972511559692,0.88735558837652184,0.74856439836619448,0.67880361910497544,2.8509878803433857,2.0640097334532781,1.1801436016863984,-0.98572856903277051,0.94536972511559714,0.88735558837652206,0.7649736227467655,0.27175659034401178,0.0001597559106084316,6.4776483892209184e-05,5.3198594605747494e-05,0.00026631322661111573,5.3198594605747494e-05,0.00026631322661111573,0.077561113011999916,0.1758450431439999,False,False,3.183280014224716e-05,3.2531870705709408e-06,2.6481307411157964e-05,3.7184292873336357e-05,2.6481307411157964e-05,3.7184292873336357e-05,0.0021472894676802003,0.0043219244962797998,False,False,83.176520270270274,0.30255653848825875,82.678814764457087,83.67422577608346,82.678814764457087,83.67422577608346,29.880602871860003,68.03831604714,False,False,0.025548986486486486,0.0028171999403051248,0.020914692584684556,0.030183280388288415,0.020914692584684556,0.030183280388288415,0.52468278421999992,5.7185604590200008,False,False,0.00017338324364314184,0.00010205578695779554,5.5014740975681568e-06,0.00034126501318871552,5.5014740975681568e-06,0.00034126501318871552,0.45521164327499997,0.74291964327500004,False,False,True,True,True,True,0.00021114864864864866,0.99408783783783783,0.025548986486486486,100.21340230491739,764958.03674140328,0,0.92166385135135132,0.3046875,0.99978885135135132,0.00021114864864864866,True,0.17461993243243243,rejected,eab9535bc3d20ccb5e6d0d4cec465722e9dd12ca75231412d35cbab818c5e49c
79,0.41349265072494751,0.084311062470078649,2.0986896500359475,0.014669678606587527,-0.34954545777996626,-2.3851636353503753,-1.5575763026713576,1.1631358149191922,0.41349265072494745,0.084311062470078468,0.17399470694363117,0.76190204173326503,0.43210850113672394,0.0048751435003936815,0.42408889007857636,0.44012811219487152,0.42408889007857636,0.44012811219487152,0.077561113011999916,0.1758450431439999,False,False,0.45611930094931963,0.0016218601304063649,0.45345134103480117,0.45878726086383809,0.45345134103480117,0.45878726086383809,0.0021472894676802003,0.0043219244962797998,False,False,688.75485641891896,2.2582195376713994,685.0400852794495,692.46962755838842,685.0400852794495,692.46962755838842,29.880602871860003,68.03831604714,False,False,0.34184966216216217,0.0061021246232800443,0.3318116671568665,0.35188765716745785,0.3318116671568665,0.35188765716745785,0.52468278421999992,5.7185604590200008,False,False,-0.09106993252534118,0.013405970463496003,-0.1131227539377921,-0.069017111112890259,-0.1131227539377921,-0.069017111112890259,0.45521164327499997,0.74291964327500004,False,False,False,True,True,True,0.034628378378378379,0.92145270270270274,0.34184966216216217,319.36773436649145,1538684.3975445619,0.96949838046529824,0.0785472972972973,0.034628378378378379,0.0785472972972973,0.92145270270270274,True,0.45164695945945948,rejected,ed7c45e86e6db60d858ba7e38c6771e05f3589ab2b75ab9e30ebba8b2663e8e9
80,0.62804037146270264,0.10217194817960282,0.33639290962541518,0.081822531881852276,0.52381912722412993,-2.1733214104843412,1.3915004282374501,-1.9724770100817333,0.62804037146270275,0.10217194817960264,0.80083166994154464,0.12212308030575512,0.005172425430797949,0.00090003106193807037,0.0036918743339098229,0.0066529765276860751,0.0036918743339098229,0.0066529765276860751,0.077561113011999916,0.1758450431439999,False,False,0.0032520794186213231,0.00013070996130715713,0.0030370615322710495,0.0034670973049715967,0.0030370615322710495,0.0034670973049715967,0.0021472894676802003,0.0043219244962797998,True,True,132.44510135135135,2.0851625579260076,129.01500894356306,135.87519375913965,129.01500894356306,135.87519375913965,29.880602871860003,68.03831604714,False,False,0.30152027027027029,0.01673899695252816,0.27398462028336146,0.32905592025717911,0.27398462028336146,0.32905592025717911,0.52468278421999992,5.7185604590200008,False,False,-0.0063954458105970734,0.0027182024588470167,-0.010866888855400415,-0.0019240027657937307,-0.010866888855400415,-0.0019240027657937307,0.45521164327499997,0.74291964327500004,False,False,True,True,True,True,0.0023226351351351353,0.25422297297297297,0.30152027027027029,156.28435554971205,764958.03674140328,0,0.86697635135135132,0.29265202702702703,0.9106841216216216,0.089315878378378372,True,0.18602195945945946,rejected,23fdbaf302ebb8c8b47eaa2fd0cea84ca5859e26f716f130ef1078d30932bf69
81,0.23092886246740829,0.92424227669835057,1.6556254168493674,0.12406119915190147,-1.2030737633640431,2.5014338445214768,-1.8640630635873301,0.40985588275877965,0.23092886246740818,0.9242422766983508,0.13423017133027315,0.60105332173407078,0.6437229352472793,0.0052519011292990105,0.63508355788958248,0.65236231260497612,0.63508355788958248,0.65236231260497612,0.077561113011999916,0.1758450431439999,False,False,0.47179687500000006,0.0014238611282312381,0.46945462344405969,0.47413912655594043,0.46945462344405969,0.47413912655594043,0.0021472894676802003,0.0043219244962797998,False,False,710.63365709459458,1.984764416202909,707.36871962994076,713.89859455924841,707.36871962994076,713.89859455924841,29.880602871860003,68.03831604714,False,False,0.24007601351351351,0.0053335313536985278,0.23130235443667943,0.2488496725903476,0.23130235443667943,0.2488496725903476,0.52468278421999992,5.7185604590200008,False,False,-0.028922239534351135,0.014601089717831058,-0.052941032120183223,-0.0049034469485190434,-0.052941032120183223,-0.0049034469485190434,0.45521164327499997,0.74291964327500004,False,False,False,True,True,True,0.034839527027027029,0.953125,0.24007601351351351,319.36773436649145,1538684.3975445619,0.98410496166955019,0.046875,0.022381756756756757,0.046875,0.953125,True,0.45586993243243246,rejected,b3fbdfdaffb26fc6e526bef3314ef634080789394f56a8d9c0ba2896996c4213
82,0.8024328052997588,0.52738531492650509,1.335080774703082,0.34913114408521956,1.4015693669771219,0.10965099203671132,0.6722371647862535,-0.061284176406960988,0.80243280529975891,0.52738531492650509,0.66200391668826342,0.48468374926596886,0.40317572259729634,0.0050620129757063381,0.3948487112522594,0.41150273394233328,0.3948487112522594,0.41150273394233328,0.077561113011999916,0.1758450431439999,False,False,0.40124712784939426,0.0024745813065178159,0.39717644160017246,0.40531781409861606,0.39717644160017246,0.40531781409861606,0.0021472894676802003,0.0043219244962797998,False,False,612.65667229729729,3.4335259290714828,607.00852214397469,618.30482245061989,607.00852214397469,618.30482245061989,29.880602871860003,68.03831604714,False,False,0.27259290540540543,0.0068196722751668274,0.26137454451275599,0.28381126629805487,0.26137454451275599,0.28381126629805487,0.52468278421999992,5.7185604590200008,False,False,-0.03628302197211658,0.014051797583226609,-0.059398228996524353,-0.013167814947708807,-0.059398228996524353,-0.013167814947708807,0.45521164327499997,0.74291964327500004,False,False,False,True,True,True,0.032305743243243243,0.93792229729729726,0.27259290540540543,319.36773436649145,1538684.3975445619,0.92446799652338829,0.18940033783783783,0.076858108108108114,0.18940033783783783,0.81059966216216217,True,0.41047297297297297,rejected,17587f01d4a3904aae3889cceaa00093d6bf2f86032a318275504097197bbe65
83,0.33870476856827741,0.44431196525692934,2.6957780814173065,0.12175394133412794,-0.66907154499742805,-0.22368010803010241,-0.97428090539983037,3.8259481526881833,0.33870476856827736,0.44431196525692934,0.27402804978191853,0.9786672480404377,0.72137187935096103,0.0051632262529920639,0.71287837216478911,0.72986538653713295,0.71287837216478911,0.72986538653713295,0.077561113011999916,0.1758450431439999,False,False,0.4848616976351352,0.00098214986313601305,0.48324606111027646,0.48647733415999395,0.48324606111027646,0.48647733415999395,0.0021472894676802003,0.0043219244962797998,False,False,728.81524493243239,1.3738544924319636,726.55525429238185,731.07523557248294,726.55525429238185,731.07523557248294,29.880602871860003,68.03831604714,False,False,0.22128378378378377,0.0052509593056290788,0.21264595572602393,0.22992161184154361,0.21264595572602393,0.22992161184154361,0.52468278421999992,5.7185604590200008,False,False,-0.0082200613361822494,0.01457000578012416,-0.032187720844486498,0.015747598172121995,-0.032187720844486498,0.015747598172121995,0.45521164327499997,0.74291964327500004,False,False,False,True,True,True,0.034839527027027029,0.97951858108108103,0.22128378378378377,319.36773436649145,1538684.3975445619,0.98988023683567172,0.020481418918918918,0.010135135135135136,0.020481418918918918,0.97951858108108103,True,0.46347128378378377,rejected,5137315624d0796698fb1130f5134624abe1fae80d98219911cf8cdca9d0054d
84,0.058803999796509951,0.30006045754998933,2.3074593000900925,0.18584954034153991,-2.7729415308253911,-0.84700998386556114,0.4868905335389131,1.6411632130940075,0.058803999796509757,0.30006045754998922,0.61937364842742682,0.83769315388053645,0.62457805873442851,0.0052616522263391561,0.61592264082210058,0.63323347664675644,0.61592264082210058,0.63323347664675644,0.077561113011999916,0.1758450431439999,False,False,0.4712742820945946,0.001443034295968769,0.46890049067772599,0.47364807351146321,0.46890049067772599,0.47364807351146321,0.0021472894676802003,0.0043219244962797998,False,False,709.91131756756761,2.0111021742850435,706.60305449086866,713.21958064426656,706.60305449086866,713.21958064426656,29.880602871860003,68.03831604714,False,False,0.25380067567567566,0.0054459902812432834,0.24484202166303046,0.26275932968832083,0.24484202166303046,0.26275932968832083,0.52468278421999992,5.7185604590200008,False,False,-0.037916729718318387,0.014663095525146483,-0.06203752185718435,-0.013795937579452421,-0.06203752185718435,-0.013795937579452421,0.45521164327499997,0.74291964327500004,False,False,False,True,True,True,0.034839527027027029,0.74788851351351349,0.25380067567567566,319.36773436649145,1538684.3975445619,0.98361656324735447,0.047930743243243243,0.022804054054054054,0.047930743243243243,0.9520692567567568,True,0.45629222972972971,rejected,b703dfa143cacc58e7e2a4b8b5ef316a9249a0e196fe768d2593aa9ee122fd2b
85,0.58136945776641369,0.72821185458451498,0.87083304537434147,0.32375820587993143,0.3283976843600025,0.9855691292417863,-0.22254018178185758,-0.77154662184986045,0.58136945776641369,0.72821185458451509,0.44459342956542963,0.31614463590085506,0.36788860506826299,0.0048225450638214127,0.35995551843827678,0.37582169169824919,0.35995551843827678,0.37582169169824919,0.077561113011999916,0.1758450431439999,False,False,0.36706938387914634,0.0025629460111226635,0.36285333769084954,0.37128543006744313,0.36285333769084954,0.37128543006744313,0.0021472894676802003,0.0043219244962797998,False,False,565.32538006756761,3.5511876495434729,559.48367638406864,571.16708375106657,559.48367638406864,571.16708375106657,29.880602871860003,68.03831604714,False,False,0.24324324324324326,0.0055976046405563857,0.23403518360952799,0.25245130287695849,0.23403518360952799,0.25245130287695849,0.52468278421999992,5.7185604590200008,False,False,-0.053638033290585141,0.013344797995018115,-0.075590225992389945,-0.031685840588780337,-0.075590225992389945,-0.031685840588780337,0.45521164327499997,0.74291964327500004,False,False,False,True,True,True,0.032305743243243243,0.76372466216216217,0.24324324324324326,319.36773436649145,1538684.3975445619,0.93874801136564889,0.25823479729729731,0.099028716216216214,0.25844594594594594,0.74155405405405406,True,0.39294763513513514,rejected,4b868a18deff11b06354507cb7dc27c6d878e134b46c4336b2a95861f962589a
86,0.38535660877823835,0.82015291508287191,1.9490695247360874,0.80399811617483707,-0.46687308581185571,1.5173838430826869,3.9073797745722252,0.8836808228546017,0.3853566087782383,0.82015291508287202,0.98030269891023636,0.70758439693599939,0.62846918269516117,0.0052977431193446216,0.61975439526383924,0.63718397012648309,0.61975439526383924,0.63718397012648309,0.077561113011999916,0.1758450431439999,False,False,0.46259923986486484,0.001646276275086483,0.45989111539234756,0.46530736433738212,0.45989111539234756,0.46530736433738212,0.0021472894676802003,0.0043219244962797998,False,False,697.81165540540542,2.2939954764260477,694.03803284668459,701.58527796412625,694.03803284668459,701.58527796412625,29.880602871860003,68.03831604714,False,False,0.23163006756756757,0.0052475215121761476,0.22299789468003781,0.24026224045509734,0.22299789468003781,0.24026224045509734,0.52468278421999992,5.7185604590200008,False,False,-0.031533325577068005,0.014655821541879305,-0.055642152013459463,-0.0074244991406765479,-0.055642152013459463,-0.0074244991406765479,0.45521164327499997,0.74291964327500004,False,False,False,True,True,True,0.034839527027027029,0.93454391891891897,0.23163006756756757,319.36773436649145,1538684.3975445619,0.98223728022837997,0.065456081081081086,0.030616554054054054,0.065456081081081086,0.93454391891891897,True,0.4514358108108108,rejected,e6cd0d81ff36e6ded256ed6ba6c8e0a066718619f3a7f9a9c87e31a817fc0284
87,0.97460725903511014,0.15346324909478443,0.55655610112622422,0.012988578720404684,3.6475712342063464,-1.7076924969741725,-2.3809567791554955,-1.3735278332999392,0.97460725903511036,0.15346324909478426,0.084636411629617214,0.20205046981573105,0.0001056968502887395,5.0765158157758475e-05,2.2188165119226802e-05,0.00018920553545825219,2.2188165119226802e-05,0.00018920553545825219,0.077561113011999916,0.1758450431439999,False,False,2.1165853338188778e-05,2.658477375362239e-06,1.6792658055717896e-05,2.553904862065966e-05,1.6792658055717896e-05,2.553904862065966e-05,0.0021472894676802003,0.0043219244962797998,False,False,83.15857263513513,0.3024696428256789,82.661010072686892,83.656135197583367,82.661010072686892,83.656135197583367,29.880602871860003,68.03831604714,False,False,0.016469594594594593,0.0021833284343854512,0.012878019320030526,0.020061169869158658,0.012878019320030526,0.020061169869158658,0.52468278421999992,5.7185604590200008,False,False,0.00011849686397671885,6.6295683093606312e-05,9.4404652877364583e-06,0.00022755326266570122,9.4404652877364583e-06,0.00022755326266570122,0.45521164327499997,0.74291964327500004,False,False,True,True,True,True,0.00021114864864864866,0.99704391891891897,0.016469594594594593,100.21340230491739,764958.03674140328,0,0.92166385135135132,0.30510979729729731,0.99978885135135132,0.00021114864864864866,True,0.17461993243243243,rejected,d879ca28fc4a78b1c4b9d899806b239c28dae6dacd55d745bdd34c66dc13aa48
88,0.48258387763053173,0.2046753577888013,0.81844866593521115,0.14453051649392062,-0.069692684305466462,-1.3573252829392077,0.87673499733072058,-0.86101576581041717,0.48258387763053173,0.20467535778880117,0.70614517573267221,0.29712716676294804,0.23084490853578274,0.004174651249503435,0.2239776072303496,0.23771220984121588,0.2239776072303496,0.23771220984121588,0.077561113011999916,0.1758450431439999,False,False,0.30185054408297268,0.0027108292877732836,0.29739122990458561,0.30630985826135976,0.29739122990458561,0.30630985826135976,0.0021472894676802003,0.0043219244962797998,False,False,475.32664695945948,3.7428066217844074,469.16973006662414,481.48356385229482,469.16973006662414,481.48356385229482,29.880602871860003,68.03831604714,False,False,0.25633445945945948,0.0062153647873201103,0.24611018438431789,0.26655873453460105,0.24611018438431789,0.26655873453460105,0.52468278421999992,5.7185604590200008,False,False,-0.051015962799163317,0.011207507189146411,-0.069452312125309168,-0.032579613473017473,-0.069452312125309168,-0.032579613473017473,0.45521164327499997,0.74291964327500004,False,False,False,True,True,True,0.030616554054054054,0.61000844594594594,0.25633445945945948,319.36773436649145,1538684.3975445619,0.91188151158548558,0.38830236486486486,0.1501266891891892,0.39020270270270269,0.60979729729729726,True,0.34311655405405406,rejected,00989bdc9d016c612e17c122484679cf832551b9654775020598a69b76c1f3f9
89,0.87628140393644549,0.76112831942737091,2.179444134795014,0.27234929045726125,1.9576776766605342,1.1588754567524737,-0.58482510528241116,1.3322883902337985,0.87628140393644571,0.76112831942737103,0.3578230943530798,0.7912189094349743,0.53524590221033197,0.005467123257201072,0.52625248445223616,0.54423931996842778,0.52625248445223616,0.54423931996842778,0.077561113011999916,0.1758450431439999,False,False,0.4583144305793132,0.0017890487675411774,0.45537144535670798,0.46125741580191842,0.45537144535670798,0.46125741580191842,0.0021472894676802003,0.0043219244962797998,False,False,691.8258023648649,2.4941103647587828,687.72299081483675,695.92861391489305,687.72299081483675,695.92861391489305,29.880602871860003,68.03831604714,False,False,0.27364864864864863,0.0067864367170860623,0.26248496024904205,0.2848123370482552,0.26248496024904205,0.2848123370482552,0.52468278421999992,5.7185604590200008,False,False,-0.020115592993185882,0.015098279800557331,-0.044952263265102696,0.0047210772787309278,-0.044952263265102696,0.0047210772787309278,0.45521164327499997,0.74291964327500004,False,False,False,True,True,True,0.033783783783783786,0.99387668918918914,0.27364864864864863,319.36773436649145,1538684.3975445619,0.93848299856486439,0.074113175675675672,0.034417229729729729,0.074113175675675672,0.92588682432432434,True,0.44615709459459457,rejected,40d79e117f3b66e54f547504b4a231bee40536ec41c5bf2adea2507f9705afd8
90,0.086454483680427255,0.66114540025591839,0.50873337214462488,0.5391146500446804,-2.3577151256511444,0.66840267972873857,1.485655193206886,-1.4848959828790624,0.086454483680427074,0.6611454002559185,0.81542524509131908,0.18468904867768285,0.19810633941196026,0.0038332970294580591,0.19180056579850174,0.20441211302541878,0.19180056579850174,0.20441211302541878,0.077561113011999916,0.1758450431439999,False,False,0.23213632163471778,0.0026921896753810538,0.22770766961871594,0.23656497365071963,0.22770766961871594,0.23656497365071963,0.0021472894676802003,0.0043219244962797998,False,False,379.78061655405406,3.6954893828365485,373.70153651928791,385.85969658882021,373.70153651928791,385.85969658882021,29.880602871860003,68.03831604714,False,False,0.17694256756756757,0.0057500212357340782,0.167483782634785,0.18640135250035014,0.167483782634785,0.18640135250035014,0.52468278421999992,5.7185604590200008,False,False,-0.008475574737449032,0.010282346296795183,-0.025390034395677108,0.008438884920779044,-0.025390034395677108,0.008438884920779044,0.45521164327499997,0.74291964327500004,False,False,False,True,True,True,0.024070945945945946,0.40920608108108109,0.17694256756756757,319.36773436649145,1538684.3975445619,0.87682830600589889,0.52407094594594594,0.19341216216216217,0.53103885135135132,0.46896114864864863,True,0.2890625,rejected,f10dd4fe68ef57331cc85d969e1b87b8553f22378f14ecbc70c92a5d716467c1
91,0.55457342322915792,0.37493942491710186,1.8275941733310186,0.093552138257492021,0.21916678893427743,-0.51108408580451992,-1.101213055466987,0.67886059708030921,0.55457342322915792,0.3749394249171018,0.24951267335563901,0.66348434705287229,0.5944608179582348,0.0052107722998763232,0.58588909752493823,0.60303253839153137,0.58588909752493823,0.60303253839153137,0.077561113011999916,0.1758450431439999,False,False,0.46761613175675676,0.0015140456091749226,0.46512552672966401,0.47010673678384951,0.46512552672966401,0.47010673678384951,0.0021472894676802003,0.0043219244962797998,False,False,704.79940878378375,2.1101396742992637,701.32822901956149,708.270588548006,701.32822901956149,708.270588548006,29.880602871860003,68.03831604714,False,False,0.2690033783783784,0.0055356931594132,0.25989716313114369,0.27810959362561311,0.25989716313114369,0.27810959362561311,0.52468278421999992,5.7185604590200008,False,False,-0.052650870908592551,0.014512329774239089,-0.076523653387215854,-0.028778088429969248,-0.076523653387215854,-0.028778088429969248,0.45521164327499997,0.74291964327500004,False,False,False,True,True,True,0.034839527027027029,0.94552364864864868,0.2690033783783784,319.36773436649145,1538684.3975445619,0.98026784608453255,0.055320945945945943,0.025971283783783782,0.055320945945945943,0.94467905405405406,True,0.45523648648648651,rejected,5c6aac98bd3f216f10012d258d51855e4da96cf62777d8eb9e3a410929c52cfb
92,0.8291031355038283,0.38505038339644676,1.4324561533962563,0.34788200574180445,1.5792843139869497,-0.46816614853830341,2.2364050215955893,0.080181397213355765,0.82910313550382841,0.3850503833964467,0.90347139164805412,0.52003461681306362,0.37092915369552848,0.0049119040907494192,0.36284907146624568,0.37900923592481128,0.36284907146624568,0.37900923592481128,0.077561113011999916,0.1758450431439999,False,False,0.38849613805520683,0.00260843812308411,0.38420525734273347,0.39278701876768018,0.38420525734273347,0.39278701876768018,0.0021472894676802003,0.0043219244962797998,False,False,594.94045608108104,3.61877020671918,588.98757909102801,600.89333307113407,588.98757909102801,600.89333307113407,29.880602871860003,68.03831604714,False,False,0.27702702702702703,0.0072759893306581901,0.2650580245780943,0.28899602947595976,0.2650580245780943,0.28899602947595976,0.52468278421999992,5.7185604590200008,False,False,-0.02085688960099763,0.013716575486201416,-0.043420656275798955,0.0017068770738036983,-0.043420656275798955,0.0017068770738036983,0.45521164327499997,0.74291964327500004,False,False,False,True,True,True,0.03125,0.94404560810810811,0.27702702702702703,319.36773436649145,1538684.3975445619,0.9038699336090823,0.21494932432432431,0.090371621621621628,0.21516047297297297,0.78483952702702697,True,0.40054898648648651,rejected,efc32b848a8b978f58e6e6f50ef8e947ab83a3c1d1cc7b28c0a6c30ffe7482e6
93,0.31093585211783659,0.57883441355079412,0.040230384195764197,0.018285225367141961,-0.79574774193938747,0.31799037637700167,-3.4228236195764787,-4.2116703789793153,0.31093585211783648,0.57883441355079412,0.03158973436802625,0.014605118893086905,0.00064771288627151521,0.00023473504278250168,0.00026157374089429993,0.0010338520316487305,0.00026157374089429993,0.0010338520316487305,0.077561113011999916,0.1758450431439999,False,False,9.906468821436527e-05,7.1796230370988473e-06,8.7254208318337666e-05,0.00011087516811039287,8.7254208318337666e-05,0.00011087516811039287,0.0021472894676802003,0.0043219244962797998,False,False,83.563978040540547,0.30898444369008654,83.055698630670349,84.072257450410746,83.055698630670349,84.072257450410746,29.880602871860003,68.03831604714,False,False,0.0772804054054054,0.0065505254947651626,0.066504790966516708,0.088056019844294092,0.066504790966516708,0.088056019844294092,0.52468278421999992,5.7185604590200008,False,False,-0.00095447702515595394,0.0008366775372644896,-0.0023308115739560393,0.0004218575236441314,-0.0023308115739560393,0.0004218575236441314,0.45521164327499997,0.74291964327500004,False,False,True,True,True,True,0.00021114864864864866,0.024282094594594593,0.0772804054054054,100.21340230491739,764958.03674140328,0,0.92124155405405406,0.3013091216216216,0.99978885135135132,0.00021114864864864866,True,0.17546452702702703,rejected,41fcc54bc23ebfceae7e83c91d3123f4c144518bba4b1326dfa4833968b5ef10
94,0.7262481516227125,0.99889951664954391,2.4798132051233943,0.51194426165166174,0.97566972989400258,6.8109046968577838,0.050043515144780594,2.2001613851385131,0.72624815162271261,0.99889951664954413,0.51250826846808195,0.90026400238275528,0.7157804375550515,0.0053259494305116237,0.70701925074185989,0.7245416243682431,0.70701925074185989,0.7245416243682431,0.077561113011999916,0.1758450431439999,False,False,0.48183065878378373,0.0011153313680716389,0.47999593868330587,0.48366537888426159,0.47999593868330587,0.48366537888426159,0.0021472894676802003,0.0043219244962797998,False,False,724.59058277027032,1.5587431835002377,722.02645023341245,727.15471530712819,722.02645023341245,727.15471530712819,29.880602871860003,68.03831604714,False,False,0.21199324324324326,0.005283607236460177,0.20330170933926628,0.22068477714722023,0.20330170933926628,0.22068477714722023,0.52468278421999992,5.7185604590200008,False,False,0.0040363076081714189,0.015010191562197147,-0.02065545751164289,0.028728072727985728,-0.02065545751164289,0.028728072727985728,0.45521164327499997,0.74291964327500004,False,False,False,True,True,True,0.034839527027027029,0.98141891891891897,0.21199324324324326,319.36773436649145,1538684.3975445619,0.98667179607012812,0.026604729729729729,0.01266891891891892,0.026604729729729729,0.97339527027027029,True,0.46178209459459457,rejected,485986ce4812a231ff7bc68d58762b182c6c10c90240fbdf3b2d349659e60f88
95,0.13357553165406005,0.035327224992215842,1.0428047366338782,0.014961942236855822,-1.8697078386572481,-3.3071350376575821,-0.30832183259593748,-0.49559368458444036,0.13357553165405989,0.035327224992215633,0.4235244132578373,0.37857672665268177,0.031832268512498388,0.0021881452216887015,0.028232769622820474,0.035431767402176302,0.028232769622820474,0.035431767402176302,0.077561113011999916,0.1758450431439999,False,False,0.20298272772430462,0.0025158537941409316,0.19884414823294277,0.20712130721566646,0.19884414823294277,0.20712130721566646,0.0021472894676802003,0.0043219244962797998,False,False,338.46980574324323,3.4570621617748314,332.7829384871236,344.15667299936285,332.7829384871236,344.15667299936285,29.880602871860003,68.03831604714,False,False,0.18940033783783783,0.0066711156596407145,0.17842635257772885,0.20037432309794681,0.17842635257772885,0.20037432309794681,0.52468278421999992,5.7185604590200008,False,False,-0.035798851924444451,0.0063369855941493823,-0.046223193226820183,-0.025374510622068719,-0.046223193226820183,-0.025374510622068719,0.45521164327499997,0.74291964327500004,False,False,False,True,True,True,0.026182432432432432,0.2092483108108108,0.18940033783783783,319.36773436649145,1158624.9252501519,0.82693662924535172,0.58635979729729726,0.2257179054054054,0.58994932432432434,0.41005067567567566,True,0.27470439189189189,rejected,6e6aa7def823b5ec935684c480faa06ff77351efa5166352d0b6628b9d7cc1f4
96,0.35758083499968063,0.050265416502952777,0.58519805564001237,0.046692950476625271,-0.58587954716331136,-2.9388652638009738,2.5703370788876225,-1.3102288025133979,0.35758083499968057,0.050265416502952576,0.92892795335501432,0.21244855970144272,0.0085596845816630872,0.0011824488510834229,0.0066145562216308566,0.010504812941695318,0.0066145562216308566,0.010504812941695318,0.077561113011999916,0.1758450431439999,False,False,0.1026555572640402,0.0020298427592250444,0.099316465925115005,0.1059946486029654,0.099316465925115005,0.1059946486029654,0.0021472894676802003,0.0043219244962797998,False,False,203.51330236486487,2.7223944492088448,199.03496349591632,207.99164123381343,199.03496349591632,207.99164123381343,29.880602871860003,68.03831604714,False,False,0.13175675675675674,0.0069427231567643832,0.12033597716387934,0.14317753634963415,0.12033597716387934,0.14317753634963415,0.52468278421999992,5.7185604590200008,False,False,-0.014955771807269792,0.0036583874020334152,-0.020973819083614759,-0.0089377245309248243,-0.020973819083614759,-0.0089377245309248243,0.45521164327499997,0.74291964327500004,False,False,False,True,True,True,0.01245777027027027,0.20671452702702703,0.13175675675675674,241.52458249665119,1015358.5257627395,0.6706584415249206,0.77597128378378377,0.27576013513513514,0.79265202702702697,0.20734797297297297,True,0.2022804054054054,rejected,6edc4cbc0264290385dda2cc565c4345d07e9425bbb4d909303747c8c8556c06
97,0.75126728229224671,0.9780715275555848,1.904456796289365,0.0098143764589841941,1.1053825932266015,3.7977968998940899,-4.5916494076417118,0.80661786918190581,0.75126728229224682,0.97807152755558502,0.010034415870904922,0.69138832483440626,0.70416089782005387,0.0052016844785359338,0.69560412685286221,0.71271766878724552,0.69560412685286221,0.71271766878724552,0.077561113011999916,0.1758450431439999,False,False,0.48987858952702695,0.00069192087580385744,0.48874037968632961,0.4910167993677243,0.48874037968632961,0.4910167993677243,0.0021472894676802003,0.0043219244962797998,False,False,735.81608952702697,0.97054222066955109,734.21954757402557,737.41263148002838,734.21954757402557,737.41263148002838,29.880602871860003,68.03831604714,False,False,0.23965371621621623,0.0054444957099429097,0.23069752077336014,0.24860991165907231,0.23069752077336014,0.24860991165907231,0.52468278421999992,5.7185604590200008,False,False,0.011671131689711234,0.014632219290797012,-0.012398869043649851,0.035741132423072322,-0.012398869043649851,0.035741132423072322,0.45521164327499997,0.74291964327500004,False,False,False,True,True,True,0.034839527027027029,0.99176520270270274,0.23965371621621623,319.36773436649145,1538684.3975445619,0.98362917283864648,0.010346283783783784,0.0054898648648648652,0.010346283783783784,0.98965371621621623,True,0.46452702702702703,rejected,77eaa2758a3d3951a82a3fa240ae1c9fe42718c1d22d963cec461ca9a58e5105
98,0.21144238486886036,0.57024337351322174,0.91679109242219492,0.30673891385357671,-1.316252923610669,0.28284417723499566,0.15192664973856387,-0.69541705185051805,0.21144238486886022,0.57024337351322174,0.53790877386927605,0.33282910846173763,0.37800327121903077,0.0048529635197995941,0.37002014622896046,0.38598639620910108,0.37002014622896046,0.38598639620910108,0.077561113011999916,0.1758450431439999,False,False,0.37051846476491634,0.002529542812766948,0.3663573668379147,0.37467956269191799,0.3663573668379147,0.37467956269191799,0.0021472894676802003,0.0043219244962797998,False,False,570.0914273648649,3.5059160697296989,564.32419543015953,575.85865929957026,564.32419543015953,575.85865929957026,29.880602871860003,68.03831604714,False,False,0.24324324324324326,0.0054546896406534361,0.23427027878436835,0.25221620770211817,0.23427027878436835,0.25221620770211817,0.52468278421999992,5.7185604590200008,False,False,-0.056880344155259999,0.013450488943415896,-0.079006398467179148,-0.034754289843340849,-0.079006398467179148,-0.034754289843340849,0.45521164327499997,0.74291964327500004,False,False,False,True,True,True,0.032305743243243243,0.74852195945945943,0.24324324324324326,319.36773436649145,1538684.3975445619,0.94810530896528211,0.25126689189189189,0.096283783783783786,0.25147804054054052,0.74852195945945943,True,0.3950591216216216,rejected,74e8d1cbc6bfa517d52b00059f8bac1068416edd2880ce9cc7a2d3b0c31dc4c0
99,0.67957216501235951,0.40343742258846765,2.2774726837086861,0.16219603061503698,0.75180634389832002,-0.39116275452163107,-0.39699238942527093,1.563164029849675,0.67957216501235962,0.4034374225884676,0.40203516464680433,0.82680690195411444,0.65143752536696309,0.0053152672528383694,0.64269391073604398,0.66018113999788219,0.64269391073604398,0.66018113999788219,0.077561113011999916,0.1758450431439999,False,False,0.47639569256756759,0.0012900709721338011,0.47427352581840748,0.47851785931672769,0.47427352581840748,0.47851785931672769,0.0021472894676802003,0.0043219244962797998,False,False,717.01984797297303,1.8005726069668755,714.05790603451248,719.98178991143357,714.05790603451248,719.98178991143357,29.880602871860003,68.03831604714,False,False,0.24493243243243243,0.0054000559634789034,0.23604934037250963,0.25381552449235523,0.23604934037250963,0.25381552449235523,0.52468278421999992,5.7185604590200008,False,False,-0.021055267742657091,0.014732598455670921,-0.045290392202235755,0.0031798567169215725,-0.045290392202235755,0.0031798567169215725,0.45521164327499997,0.74291964327500004,False,False,False,True,True,True,0.034839527027027029,0.96875,0.24493243243243243,319.36773436649145,1538684.3975445619,0.98346234217957018,0.037584459459459457,0.018158783783783782,0.037584459459459457,0.96241554054054057,True,0.45945945945945948,rejected,74b0ac5120db127d8bbc8d0fec70bd092b65f6b21cd62411e4a6630db1a4310f
100,0.95411571674048867,0.35218823049217468,2.7472891386833038,0.26174540152772502,3.0346623146830702,-0.6094343966114808,1.0626543544775151,5.9372496726075035,0.9541157167404889,0.35218823049217463,0.74319746904075146,0.99736766889691364,0.0020760768481042492,0.00034436550416491334,0.0015095955937529668,0.0026425581024555316,0.0015095955937529668,0.0026425581024555316,0.077561113011999916,0.1758450431439999,False,False,0.00018053950352583367,8.9663397747589556e-06,0.0001657898745963552,0.00019528913245531215,0.0001657898745963552,0.00019528913245531215,0.0021472894676802003,0.0043219244962797998,False,False,84.068412162162161,0.31769943232884429,83.545796595981216,84.591027728343107,83.545796595981216,84.591027728343107,29.880602871860003,68.03831604714,False,False,0.12795608108108109,0.0076849599816160826,0.11531432191132263,0.14059784025083955,0.11531432191132263,0.14059784025083955,0.52468278421999992,5.7185604590200008,False,False,-0.00040628472826444509,0.0010969447423446275,-0.0022107588294213573,0.0013981893728924671,-0.0022107588294213573,0.0013981893728924671,0.45521164327499997,0.74291964327500004,False,False,True,True,True,True,0.00021114864864864866,0.99535472972972971,0.12795608108108109,100.21340230491739,764958.03674140328,0,0.9208192567567568,0.29391891891891891,0.99957770270270274,0.00042229729729729732,True,0.17567567567567569,rejected,4c58c9add53186313361dd3de9cd51156c41e54ba2c1448a3c7d0dec4d7d5e84
101,0.43593662418425089,0.67416134756058443,1.3106366608036122,0.21361317148155065,-0.25766973824478023,0.72706714265522554,-0.76825069769162968,-0.096837078848932001,0.43593662418425083,0.67416134756058455,0.31685763690620661,0.47580963093787426,0.52742646032217799,0.0051807015352108013,0.51890420629675627,0.53594871434759972,0.51890420629675627,0.53594871434759972,0.077561113011999916,0.1758450431439999,False,False,0.43720122466216216,0.0020486031251224579,0.43383127252133569,0.44057117680298863,0.43383127252133569,0.44057117680298863,0.0021472894676802003,0.0043219244962797998,False,False,662.57369087837833,2.8458295301785435,657.89230130123462,667.25508045552203,657.89230130123462,667.25508045552203,29.880602871860003,68.03831604714,False,False,0.25358952702702703,0.0054222234788179639,0.24466996940437147,0.26250908464968259,0.24466996940437147,0.26250908464968259,0.52468278421999992,5.7185604590200008,False,False,-0.056818038737904697,0.014353363412957336,-0.080429321552219518,-0.033206755923589876,-0.080429321552219518,-0.033206755923589876,0.45521164327499997,0.74291964327500004,False,False,False,True,True,True,0.034206081081081079,0.88323479729729726,0.25358952702702703,319.36773436649145,1538684.3975445619,0.97159689883014044,0.1167652027027027,0.048353040540540543,0.1167652027027027,0.88323479729729726,True,0.4358108108108108,rejected,313cfe585d47ee4f7b740df0910cbfe84eaa27349ceecbe60f278f45251fd290
102,0.60125070810317993,0.77753135655075301,1.6787242121477053,0.66278590565904505,0.41067912084753422,1.2513378098519974,1.7537358159691823,0.44495486119339167,0.60125070810317993,0.77753135655075312,0.85242337826639414,0.60943903960287571,0.58200606552033018,0.0052985219610234262,0.5732899968944466,0.59072213414621377,0.5732899968944466,0.59072213414621377,0.077561113011999916,0.1758450431439999,False,False,0.45277449324324326,0.0018322127752887875,0.44976050322789318,0.45578848325859334,0.44976050322789318,0.45578848325859334,0.0021472894676802003,0.0043219244962797998,False,False,684.16005067567562,2.5503663759239736,679.96469798728072,688.35540336407053,679.96469798728072,688.35540336407053,29.880602871860003,68.03831604714,False,False,0.24429898648648649,0.0053106605297592183,0.23556294991503257,0.2530350230579404,0.23556294991503257,0.2530350230579404,0.52468278421999992,5.7185604590200008,False,False,-0.042096679117907487,0.014646714129822941,-0.066190523861466233,-0.018002834374348749,-0.066190523861466233,-0.018002834374348749,0.45521164327499997,0.74291964327500004,False,False,False,True,True,True,0.034417229729729729,0.92208614864864868,0.24429898648648649,319.36773436649145,1538684.3975445619,0.97624192660646592,0.085304054054054057,0.036739864864864864,0.085304054054054057,0.91469594594594594,True,0.44510135135135137,rejected,c39c27cfd5a8f4dab19fcde1654783531e4917917b66ad7b9f85dce1f5275bb9
103,0.0085901357233526508,0.19410127680748712,0.28622651422703693,0.040492477519842189,-4.7485134993535061,-1.4235780127597963,-1.3332928894918452,-2.154506891992197,0.0085901357233524323,0.19410127680748698,0.20861520431935784,0.10391082148998977,0.023807726389737698,0.0018795270273066498,0.020715904429818258,0.026899548349657139,0.020715904429818258,0.026899548349657139,0.077561113011999916,0.1758450431439999,False,False,0.10167734435933436,0.0020999860178016168,0.098222867360050703,0.10513182135861801,0.098222867360050703,0.10513182135861801,0.0021472894676802003,0.0043219244962797998,False,False,203.62162162162161,2.8054592429367928,199.00664116699059,208.23660207625264,199.00664116699059,208.23660207625264,29.880602871860003,68.03831604714,False,False,0.15371621621621623,0.0083469978775644917,0.13998540470762263,0.16744702772480982,0.13998540470762263,0.16744702772480982,0.52468278421999992,5.7185604590200008,False,False,-0.023830289794697361,0.0053928916302824446,-0.032701596526511986,-0.014958983062882739,-0.032701596526511986,-0.014958983062882739,0.45521164327499997,0.74291964327500004,False,False,False,True,True,True,0.011402027027027027,0.084459459459459457,0.15371621621621623,241.52458249665119,1015358.5257627395,0.65238554187029452,0.77491554054054057,0.27069256756756754,0.79455236486486491,0.20544763513513514,True,0.20418074324324326,rejected,a3cbf084af8c0e1ee126b1f1d94102a71c8929705807089b5fb5160535c16c45
104,0.50304745975881815,0.13519833423197286,1.0888097401279027,0.078179290747620922,0.012189989981529007,-1.8557573497483595,0.31561948002638673,-0.42517850373493016,0.50304745975881815,0.13519833423197269,0.57825631648302078,0.39527824614197016,0.27297936154408203,0.004395646054171665,0.26574852378496966,0.28021019930319441,0.26574852378496966,0.28021019930319441,0.077561113011999916,0.1758450431439999,False,False,0.34898812259411549,0.002581309702555456,0.34474186813341179,0.35323437705481919,0.34474186813341179,0.35323437705481919,0.0021472894676802003,0.0043219244962797998,False,False,540.20629222972968,3.5759857077377597,534.32379574050105,546.08878871895831,534.32379574050105,546.08878871895831,29.880602871860003,68.03831604714,False,False,0.28990709459459457,0.006216218675245023,0.27968141487381648,0.30013277431537266,0.27968141487381648,0.30013277431537266,0.52468278421999992,5.7185604590200008,False,False,-0.078308386120675866,0.011951072817985695,-0.09796790090626234,-0.058648871335089399,-0.09796790090626234,-0.058648871335089399,0.45521164327499997,0.74291964327500004,False,False,False,True,True,True,0.032939189189189186,0.70502533783783783,0.28990709459459457,319.36773436649145,1538684.3975445619,0.9330894410126902,0.29476351351351349,0.11549831081081081,0.29497466216216217,0.70502533783783783,True,0.3794341216216216,rejected,1d32c694531809dfb8d165ffd9c9006c0cc462f60280397340c8ff1f23130332
105,0.10593893844634313,0.82862181216478337,2.4497789755623041,0.399229973818582,-2.1329111986180793,1.5758911141876859,-0.07283225181778305,2.0842251423566802,0.10593893844634295,0.82862181216478348,0.48179998155683279,0.88936046510934841,0.72260323870048271,0.0052283854865221033,0.71400254457515389,0.73120393282581153,0.71400254457515389,0.73120393282581153,0.077561113011999916,0.1758450431439999,False,False,0.48130806587837827,0.0011355914688870718,0.47944001791205904,0.4831761138446975,0.47944001791205904,0.4831761138446975,0.0021472894676802003,0.0043219244962797998,False,False,723.859375,1.5870979909347249,721.24859880491238,726.47015119508762,721.24859880491238,726.47015119508762,29.880602871860003,68.03831604714,False,False,0.21030405405405406,0.0052019433217473732,0.20174685728977962,0.2188612508183285,0.20174685728977962,0.2188612508183285,0.52468278421999992,5.7185604590200008,False,False,-0.003451569094902629,0.014781580312419258,-0.02776726870883231,0.020864130519027052,-0.02776726870883231,0.020864130519027052,0.45521164327499997,0.74291964327500004,False,False,False,True,True,True,0.034839527027027029,0.88809121621621623,0.21030405405405406,319.36773436649145,1538684.3975445619,0.98950489581215373,0.027660472972972971,0.013091216216216216,0.027660472972972971,0.97233952702702697,True,0.46135979729729731,rejected,af95bfd237532f930d3b3eb267672dcbd8aa86725321ba234a8d3f2d0880817c
106,0.92744133528321959,0.74891770817339398,0.068919295155723245,0.70342168753365775,2.5480341389451047,1.0928483672721294,2.7383316883331306,-3.6627309705991058,0.92744133528321981,0.74891770817339409,0.93925097491592158,0.025020255707204345,0.00010502384650940957,5.069183129160026e-05,2.1635784034727134e-05,0.000188411908984092,2.1635784034727134e-05,0.000188411908984092,0.077561113011999916,0.1758450431439999,False,False,2.1092880542388306e-05,2.6550172609804279e-06,1.6725377148075503e-05,2.546038393670111e-05,1.6725377148075503e-05,2.546038393670111e-05,0.0021472894676802003,0.0043219244962797998,False,False,83.15857263513513,0.3024696428256789,82.661010072686892,83.656135197583367,82.661010072686892,83.656135197583367,29.880602871860003,68.03831604714,False,False,0.016469594594594593,0.0021833284343854512,0.012878019320030526,0.020061169869158658,0.012878019320030526,0.020061169869158658,0.52468278421999992,5.7185604590200008,False,False,0.00011684305236655812,6.588433928157184e-05,8.4633142483724446e-06,0.00022522279048474379,8.4633142483724446e-06,0.00022522279048474379,0.45521164327499997,0.74291964327500004,False,False,True,True,True,True,0.00021114864864864866,0.98500844594594594,0.016469594594594593,100.21340230491739,764958.03674140328,0,0.92166385135135132,0.30510979729729731,0.99978885135135132,0.00021114864864864866,True,0.17461993243243243,rejected,92fda13dea22889e287c019cb6d14a39c1555ad93b97c883073a0094f21a2481
107,0.46370959561318154,0.28524438291788112,1.3877958117698506,0.034738890959023438,-0.14541732881613295,-0.91859439321655345,-1.9756210080036927,0.01528533505833308,0.46370959561318154,0.28524438291788101,0.1217864155769348,0.50382125936448574,0.49165293850495823,0.0050287761636473652,0.48338060171575831,0.49992527529415814,0.48338060171575831,0.49992527529415814,0.077561113011999916,0.1758450431439999,False,False,0.45037056587837848,0.001777693968809235,0.44744625929968729,0.45329487245706968,0.44744625929968729,0.45329487245706968,0.0021472894676802003,0.0043219244962797998,False,False,680.81651182432438,2.4720403823210635,676.75000539540622,684.88301825324254,676.75000539540622,684.88301825324254,29.880602871860003,68.03831604714,False,False,0.29645270270270269,0.0057462046724918456,0.2870001960164536,0.30590520938895177,0.2870001960164536,0.30590520938895177,0.52468278421999992,5.7185604590200008,False,False,-0.068005094302797442,0.013942820310656228,-0.090941033713826933,-0.045069154891767951,-0.090941033713826933,-0.045069154891767951,0.45521164327499997,0.74291964327500004,False,False,False,True,True,True,0.034417229729729729,0.90983952702702697,0.29645270270270269,319.36773436649145,1538684.3975445619,0.97148292564793159,0.090160472972972971,0.03927364864864865,0.090160472972972971,0.90983952702702697,True,0.4470016891891892,rejected,e42986e357e8d7d6c3996831bc74627b80e2e19b3081965538a14e4d551569fc
108,0.18379500228911652,0.45476391445845371,1.8507300740728339,0.35442785763386353,-1.4908445275736333,-0.18144047037623406,1.261979700559908,0.71671639550402544,0.18379500228911638,0.45476391445845371,0.77936671394854784,0.67188353557139635,0.58833574875892125,0.0052580138368260977,0.57968631599734233,0.59698518152050017,0.57968631599734233,0.59698518152050017,0.077561113011999916,0.1758450431439999,False,False,0.45789590371621625,0.0017456058352186029,0.45502438211728163,0.46076742531515086,0.45502438211728163,0.46076742531515086,0.0021472894676802003,0.0043219244962797998,False,False,691.29983108108104,2.4300831225132504,687.30234434454678,695.29731781761529,687.30234434454678,695.29731781761529,29.880602871860003,68.03831604714,False,False,0.25063344594594594,0.0053453272576858314,0.24184038260705276,0.25942650928483912,0.24184038260705276,0.25942650928483912,0.52468278421999992,5.7185604590200008,False,False,-0.050718397445278174,0.014596445186660593,-0.074729549777334842,-0.026707245113221499,-0.074729549777334842,-0.026707245113221499,0.45521164327499997,0.74291964327500004,False,False,False,True,True,True,0.034417229729729729,0.92504222972972971,0.25063344594594594,319.36773436649145,1538684.3975445619,0.97964121495748968,0.074957770270270271,0.032516891891891893,0.074957770270270271,0.92504222972972971,True,0.44805743243243246,rejected,503ee45870e1de87a87df5c30d9011ef74f2bb6b8357ca86393463e16d3dbada
109,0.7063651019707321,0.51110439840704203,0.45853052803628175,0.08156967580856532,0.87779509324893079,0.044424898496360964,-1.6612450094813631,-1.610901010957849,0.70636510197073221,0.51110439840704203,0.1595949400216341,0.16646355763077733,0.056367180612829894,0.0021644106935008365,0.052806725022021016,0.059927636203638772,0.052806725022021016,0.059927636203638772,0.077561113011999916,0.1758450431439999,False,False,0.0020209606386686549,5.3279212563617325e-05,0.0019333163340015044,0.0021086049433358053,0.0019333163340015044,0.0021086049433358053,0.0021472894676802003,0.0043219244962797998,False,False,155.6081081081081,2.3837223405748187,151.68688485786251,159.52933135835369,151.68688485786251,159.52933135835369,29.880602871860003,68.03831604714,False,False,1.3927364864864864,0.045507139037688146,1.3178772427694894,1.4675957302034834,1.3178772427694894,1.4675957302034834,0.52468278421999992,5.7185604590200008,True,True,0.0094928401373622837,0.0062102716486201132,-0.00072305672461780296,0.01970873699934237,-0.00072305672461780296,0.01970873699934237,0.45521164327499997,0.74291964327500004,False,False,True,True,True,True,0.0027449324324324326,0.70375844594594594,1.3927364864864864,241.52458249665119,1065417.8307068083,0,0.78990709459459463,0.25380067567567566,0.92736486486486491,0.072635135135135129,True,0.20798141891891891,rejected,07f12f20fd11afca9e5e1981c456693b7b44660044455cf1286e5c492f6dca23
110,0.26034999173134576,0.91134845744818416,2.2309922975044882,0.58381570675325289,-1.044150264668245,2.3302118912281036,0.57799731019999212,1.4495735935362135,0.26034999173134565,0.91134845744818438,0.64060645736753941,0.80993280094116926,0.69090134293963534,0.0053019376882781615,0.68217965544241776,0.69962303043685292,0.68217965544241776,0.69962303043685292,0.077561113011999916,0.1758450431439999,False,False,0.47691828547297294,0.0012855603383563066,0.47480353871637682,0.47903303222956906,0.47480353871637682,0.47903303222956906,0.0021472894676802003,0.0043219244962797998,False,False,717.74535472972968,1.794843364962238,714.79283739436676,720.69787206509261,714.79283739436676,720.69787206509261,29.880602871860003,68.03831604714,False,False,0.21917229729729729,0.0052509593056290788,0.21053446923953745,0.22781012535505712,0.21053446923953745,0.22781012535505712,0.52468278421999992,5.7185604590200008,False,False,-0.018917658628146095,0.014816223366293764,-0.043290346065699342,0.0054550288094071496,-0.043290346065699342,0.0054550288094071496,0.45521164327499997,0.74291964327500004,False,False,False,True,True,True,0.034839527027027029,0.96347128378378377,0.21917229729729729,319.36773436649145,1538684.3975445619,0.98734510035023726,0.036528716216216214,0.018158783783783782,0.036528716216216214,0.96347128378378377,True,0.45882601351351349,rejected,75bde08a22b648d1cd99a49586f1611bd19eb136adf8a9cf2c722c7f89bd90af
111,0.84959671553224314,0.12480100337415953,0.79396810332577705,0.037357707259465175,1.7314415350874846,-1.9477307894557268,-0.85045129626904181,-0.9039482053749146,0.84959671553224325,0.12480100337415936,0.29933819640427828,0.28823981620371342,0.00298653675729393,0.00047862483294415308,0.002199198907100798,0.0037738746074870619,0.002199198907100798,0.0037738746074870619,0.077561113011999916,0.1758450431439999,False,False,0.00021474649624161652,1.0546581870915512e-05,0.0001973973690639605,0.00023209562341927254,0.0001973973690639605,0.00023209562341927254,0.0021472894676802003,0.0043219244962797998,False,False,84.206925675675677,0.32059349623708749,83.679549374365664,84.734301976985691,83.679549374365664,84.734301976985691,29.880602871860003,68.03831604714,False,False,0.1554054054054054,0.0095891350635150564,0.13963127822592314,0.17117953258488766,0.13963127822592314,0.17117953258488766,0.52468278421999992,5.7185604590200008,False,False,-0.00056848470186732876,0.0015656507107181766,-0.0031439801209987295,0.002007010717264072,-0.0031439801209987295,0.002007010717264072,0.45521164327499997,0.74291964327500004,False,False,True,True,True,True,0.00021114864864864866,0.80088682432432434,0.1554054054054054,100.21340230491739,764958.03674140328,0,0.92039695945945943,0.29370777027027029,0.99957770270270274,0.00042229729729729732,True,0.17588682432432431,rejected,7632d58b78732f139d3fe75ff317a55397ce4daaf887c4e766158a31b2b847a4
112,0.064007572829723566,0.063483078964054765,1.6088348548939637,0.042940188458207677,-2.6826059839906224,-2.6913941927174658,0.73729326101605386,0.3394899296877355,0.064007572829723372,0.063483078964054571,0.67640368361026049,0.58406661543995142,0.26016481107620903,0.0043292090636444375,0.25304326216651396,0.26728635998590411,0.25304326216651396,0.26728635998590411,0.077561113011999916,0.1758450431439999,False,False,0.37564014928676404,0.0024166918564914545,0.37166469118283557,0.3796156073906925,0.37166469118283557,0.3796156073906925,0.0021472894676802003,0.0043219244962797998,False,False,577.02512668918916,3.3519620291622627,571.5111491512173,582.53910422716103,571.5111491512173,582.53910422716103,29.880602871860003,68.03831604714,False,False,0.32664695945945948,0.0064532753388203282,0.31603132152710006,0.33726259739181891,0.31603132152710006,0.33726259739181891,0.52468278421999992,5.7185604590200008,False,False,-0.095274817759824049,0.01164802922791764,-0.11443582583974857,-0.07611380967989953,-0.11443582583974857,-0.07611380967989953,0.45521164327499997,0.74291964327500004,False,False,False,True,True,True,0.033361486486486486,0.41870777027027029,0.32664695945945948,319.36773436649145,1538684.3975445619,0.94056825740896799,0.24113175675675674,0.099451013513513514,0.24113175675675674,0.7588682432432432,True,0.40160472972972971,rejected,6924f836582f8e716cbaa99fe85d573159f17222b67d079f0a1684fb01f9bcdc
113,0.54583236202597618,0.90229379292577483,0.20547744751945188,0.23426701155339769,0.18384552281991562,2.2229750907993493,-1.0478667247668545,-2.5181446606000408,0.54583236202597618,0.90229379292577505,0.25963495858013624,0.074595920741558061,0.017414403190371092,0.001358969727155805,0.015178897989199793,0.019649908391542393,0.015178897989199793,0.019649908391542393,0.077561113011999916,0.1758450431439999,False,False,0.00052056282514193484,2.0513843842041383e-05,0.00048681755202177677,0.0005543080982620929,0.00048681755202177677,0.0005543080982620929,0.0021472894676802003,0.0043219244962797998,False,False,90.933699324324323,0.61111003929876373,89.928423309677854,91.938975338970792,89.928423309677854,91.938975338970792,29.880602871860003,68.03831604714,False,False,0.54729729729729726,0.025451396953604526,0.50542974930861784,0.58916484528597668,0.50542974930861784,0.58916484528597668,0.52468278421999992,5.7185604590200008,False,True,-0.0049280185298975123,0.0039096386534029342,-0.01135937411474534,0.0015033370549503147,-0.01135937411474534,0.0015033370549503147,0.45521164327499997,0.74291964327500004,False,False,True,True,True,True,0.00063344594594594598,0.42398648648648651,0.54729729729729726,156.28435554971205,764958.03674140328,0,0.90076013513513509,0.28209459459459457,0.9966216216216216,0.0033783783783783786,True,0.18179898648648649,rejected,498cb472ca6bf9a7ca67037df2be1bbbcc07a6615bb0b058e2e5c5763f2fa0a2
114,0.4913587924093008,0.55232458282262087,2.6557747474414293,0.43435698158048353,-0.034568272275748255,0.21006743122746646,1.3034567131841321,3.2917458499111909,0.4913587924093008,0.55232458282262087,0.78641616739332676,0.96414455678313982,0.70773612422565424,0.0052734932263156717,0.699061227868365,0.71641102058294348,0.699061227868365,0.71641102058294348,0.077561113011999916,0.1758450431439999,False,False,0.47963576858108103,0.0011968494969042949,0.47766695115867347,0.4816045860034886,0.47766695115867347,0.4816045860034886,0.0021472894676802003,0.0043219244962797998,False,False,721.52977195945948,1.6719703033634608,718.77938081042657,724.28016310849239,718.77938081042657,724.28016310849239,29.880602871860003,68.03831604714,False,False,0.21663851351351351,0.0052294867658729781,0.20803600778365247,0.22524101924337456,0.20803600778365247,0.22524101924337456,0.52468278421999992,5.7185604590200008,False,False,-0.011289805260239372,0.014837537145497908,-0.035697553864583433,0.013117943344104689,-0.035697553864583433,0.013117943344104689,0.45521164327499997,0.74291964327500004,False,False,False,True,True,True,0.034839527027027029,0.96896114864864868,0.21663851351351351,319.36773436649145,1538684.3975445619,0.98840819766556665,0.03103885135135135,0.014569256756756757,0.03103885135135135,0.96896114864864868,True,0.45988175675675674,rejected,b1cdd199a432c29ca7493f4949dc5ac1cf18155bdea74736cb19f181a52b3829
115,0.89869445748627153,0.48379423376172781,1.2084726327403263,0.071910690221094128,2.1828019837734356,-0.064845778308422142,-1.7453157126137226,-0.2463572491542706,0.89869445748627175,0.48379423376172781,0.14863899815827608,0.43872030638158327,0.0028843050083154327,0.00044544667122984591,0.0021515452341423361,0.0036170647824885294,0.0021515452341423361,0.0036170647824885294,0.077561113011999916,0.1758450431439999,False,False,0.0002124514972312066,1.0063679335886317e-05,0.00019589674472367361,0.00022900624973873959,0.00019589674472367361,0.00022900624973873959,0.0021472894676802003,0.0043219244962797998,False,False,84.196157094594597,0.31912288217654311,83.671199953414188,84.721114235775005,83.671199953414188,84.721114235775005,29.880602871860003,68.03831604714,False,False,0.15308277027027026,0.0087641729564433574,0.13866570575692094,0.16749983478361957,0.13866570575692094,0.16749983478361957,0.52468278421999992,5.7185604590200008,False,False,-0.00062170752462657264,0.0014199348206627232,-0.0029575003046167525,0.0017140852553636072,-0.0029575003046167525,0.0017140852553636072,0.45521164327499997,0.74291964327500004,False,False,True,True,True,True,0.00021114864864864866,0.97677364864864868,0.15308277027027026,100.21340230491739,764958.03674140328,0,0.92060810810810811,0.2934966216216216,0.99957770270270274,0.00042229729729729732,True,0.17588682432432431,rejected,550bb015fe0185b2d6910b5d88c22010dedc4fe0147e4bd2891ef2eeaa0cf4ce
116,0.74866172298789013,0.27623549476265918,0.99752442830985411,0.27477186435210738,1.0914874943417021,-0.96321232665817569,5.2350212373381702,-0.56609531280800363,0.74866172298789024,0.27623549476265907,0.99470151215791702,0.36213829834014172,0.27901038628054114,0.0043967504800634235,0.2717777317408368,0.28624304082024549,0.2717777317408368,0.28624304082024549,0.077561113011999916,0.1758450431439999,False,False,0.33121973798784576,0.002761688192757043,0.32667676091076042,0.33576271506493111,0.32667676091076042,0.33576271506493111,0.0021472894676802003,0.0043219244962797998,False,False,515.81081081081084,3.8173122117892957,509.53133222241746,522.09028939920427,509.53133222241746,522.09028939920427,29.880602871860003,68.03831604714,False,False,0.25401182432432434,0.0068076242923198098,0.24281328236345825,0.26521036628519046,0.24281328236345825,0.26521036628519046,0.52468278421999992,5.7185604590200008,False,False,-0.040989205060965039,0.012167290468104344,-0.061004397880996687,-0.020974012240933392,-0.061004397880996687,-0.020974012240933392,0.45521164327499997,0.74291964327500004,False,False,False,True,True,True,0.030194256756756757,0.79032939189189189,0.25401182432432434,319.36773436649145,1538684.3975445619,0.89546807996025524,0.32960304054054052,0.1311233108108108,0.33086993243243246,0.66913006756756754,True,0.36359797297297297,rejected,2437c6a76d0205e2b3ef04771842a6e7ec119936c5d9ebec976778932261973a
117,0.14235191792249696,0.68767607770860184,2.3473777512594309,0.048303995258028885,-1.7958915676792724,0.78927704806799914,-2.5829722987731718,1.7518423820268012,0.1423519179224968,0.68767607770860195,0.070242366753518581,0.85218502953648567,0.74396554838134521,0.0049831360517382413,0.73576828957623586,0.75216280718645456,0.73576828957623586,0.75216280718645456,0.077561113011999916,0.1758450431439999,False,False,0.48799725506756753,0.00081928464640637665,0.48664953182422904,0.48934497831090601,0.48664953182422904,0.48934497831090601,0.0021472894676802003,0.0043219244962797998,False,False,733.19573479729729,1.146853140728145,731.30916138079954,735.08230821379505,731.30916138079954,735.08230821379505,29.880602871860003,68.03831604714,False,False,0.21494932432432431,0.0051716539930749227,0.20644195350571606,0.22345669514293257,0.20644195350571606,0.22345669514293257,0.52468278421999992,5.7185604590200008,False,False,-0.0035144113041096769,0.01412168516715414,-0.026744583404078238,0.019715760795858885,-0.026744583404078238,0.019715760795858885,0.45521164327499997,0.74291964327500004,False,False,False,True,True,True,0.034839527027027029,0.98585304054054057,0.21494932432432431,319.36773436649145,1538684.3975445619,0.99116230500199731,0.014146959459459459,0.0073902027027027027,0.014146959459459459,0.98585304054054057,True,0.46410472972972971,rejected,5e37b162e12d95c3731b6df10cba612c6da8b9f05288fbcf791a88679fabf5f4
118,0.82036155648529507,0.85769790783524502,0.68738832225943003,0.5188721540129525,1.5187989819110292,1.7962997412393149,0.42617154672704927,-1.1010275616131295,0.82036155648529518,0.85769790783524513,0.60495909955352545,0.24954740982502696,0.0060555693059100614,0.00076700447498486422,0.0047938469445599598,0.007317291667260163,0.0047938469445599598,0.007317291667260163,0.077561113011999916,0.1758450431439999,False,False,0.00029471929022307163,1.3192845057808133e-05,0.00027301706010297725,0.00031642152034316601,0.00027301706010297725,0.00031642152034316601,0.0021472894676802003,0.0043219244962797998,False,False,84.74767736486487,0.33572506025824989,84.195409640740053,85.299945088989688,84.195409640740053,85.299945088989688,29.880602871860003,68.03831604714,False,False,0.21663851351351351,0.011842086252660654,0.19715828162788673,0.2361187453991403,0.19715828162788673,0.2361187453991403,0.52468278421999992,5.7185604590200008,False,False,-0.00086261493443580417,0.0023807258547449924,-0.0047789089654913164,0.003053679096619708,-0.0047789089654913164,0.003053679096619708,0.45521164327499997,0.74291964327500004,False,False,True,True,True,True,0.00021114864864864866,0.93264358108108103,0.21663851351351351,100.21340230491739,764958.03674140328,0,0.91934121621621623,0.2924408783783784,0.99957770270270274,0.00042229729729729732,True,0.17630912162162163,rejected,e7b6e8d9c7f6976d0c92e5ffbacb7f42d3083c5746fd6e75cf7f1a834e4dd22f
119,0.28848746977746498,0.17649481259286418,1.9959449694980305,0.081011685540430436,-0.90274137567813217,-1.5402783632844639,-0.16435614159934298,0.96740480774683968,0.28848746977746487,0.17649481259286404,0.45900321006774902,0.72460191883146763,0.52389225766240466,0.0051235632858262301,0.51546399605722049,0.53232051926758883,0.51546399605722049,0.53232051926758883,0.077561113011999916,0.1758450431439999,False,False,0.45611908783783789,0.0017320937089984939,0.45326979368653536,0.45896838198914042,0.45326979368653536,0.45896838198914042,0.0021472894676802003,0.0043219244962797998,False,False,688.78103885135135,2.4121000451764965,684.81313427703606,692.74894342566665,684.81313427703606,692.74894342566665,29.880602871860003,68.03831604714,False,False,0.29032939189189189,0.005686595962961268,0.2809749415328206,0.29968384225096317,0.2809749415328206,0.29968384225096317,0.52468278421999992,5.7185604590200008,False,False,-0.058365597921458012,0.014237078870640619,-0.081785592663661838,-0.034945603179254194,-0.081785592663661838,-0.034945603179254194,0.45521164327499997,0.74291964327500004,False,False,False,True,True,True,0.034417229729729729,0.92145270270270274,0.29032939189189189,319.36773436649145,1538684.3975445619,0.97568325974966963,0.0785472972972973,0.035050675675675678,0.0785472972972973,0.92145270270270274,True,0.44890202702702703,rejected,6529fbec1f9efaa66b840450177cbb48f5df7f93bc5da24e23578098748692a3
120,0.79368698131293047,0.24221844878047716,2.1394828163717681,0.20146831411666363,1.3472946297387514,-1.1405551532077491,1.5981729746654103,1.246604159221931,0.79368698131293058,0.24221844878047705,0.83176287822425377,0.77671147137880314,0.54815971339619329,0.005354372795319395,0.53935177014789293,0.55696765664449366,0.53935177014789293,0.55696765664449366,0.077561113011999916,0.1758450431439999,False,False,0.45716427364864864,0.0017632478999749441,0.45426373085318988,0.46006481644410741,0.45426373085318988,0.46006481644410741,0.0021472894676802003,0.0043219244962797998,False,False,690.26984797297303,2.4549853494717926,686.2313970730919,694.30829887285415,686.2313970730919,694.30829887285415,29.880602871860003,68.03831604714,False,False,0.26942567567567566,0.0056205669396004422,0.26017984306003294,0.27867150829131837,0.26017984306003294,0.27867150829131837,0.52468278421999992,5.7185604590200008,False,False,-0.052555939703020527,0.014946571875742751,-0.077143050438617355,-0.027968828967423701,-0.077143050438617355,-0.027968828967423701,0.45521164327499997,0.74291964327500004,False,False,False,True,True,True,0.033994932432432436,0.94763513513513509,0.26942567567567566,319.36773436649145,1538684.3975445619,0.96910827422359092,0.076435810810810814,0.034628378378378379,0.076435810810810814,0.92356418918918914,True,0.44763513513513514,rejected,ba82d0a6a4dc9aca1ee2c00120e63c001b97be10082c7271a3096ac2013c8699
121,0.31626072432845836,0.78416178841143835,0.6917984878969009,0.18285219139864767,-0.77100971865095103,1.2900862552253443,-1.1904318091554404,-1.0924964973819302,0.31626072432845831,0.78416178841143847,0.23318171594291925,0.2511484632268548,0.3231228106541596,0.0045802415705047282,0.31558831327067932,0.33065730803763987,0.31558831327067932,0.33065730803763987,0.077561113011999916,0.1758450431439999,False,False,0.33832693874363007,0.0026505831554500697,0.33396672945291472,0.34268714803434541,0.33396672945291472,0.34268714803434541,0.0021472894676802003,0.0043219244962797998,False,False,525.64125844594594,3.667609772259635,519.60804037057881,531.67447652131307,519.60804037057881,531.67447652131307,29.880602871860003,68.03831604714,False,False,0.24239864864864866,0.005692255475521559,0.2330348883914157,0.25176240890588164,0.2330348883914157,0.25176240890588164,0.52468278421999992,5.7185604590200008,False,False,-0.047533953493082204,0.012594062426781096,-0.068251186185137105,-0.026816720801027299,-0.068251186185137105,-0.026816720801027299,0.45521164327499997,0.74291964327500004,False,False,False,True,True,True,0.03146114864864865,0.68369932432432434,0.24239864864864866,319.36773436649145,1538684.3975445619,0.93270675289965854,0.3158783783783784,0.12014358108108109,0.31651182432432434,0.68348817567567566,True,0.36908783783783783,rejected,c944da9b4e6be3d6e4d46f1954e0168290fb24ff7f93c062505f8b2352e1354c
122,0.65045819152146567,0.63731853570789099,1.7808456474511698,0.43959765494545794,0.62105384638400873,0.56374464645071853,0.79900354497288206,0.60374616533078607,0.65045819152146578,0.6373185357078911,0.68976128939539194,0.64651290141046058,0.59344520131055056,0.0053106914950707008,0.58470911380115931,0.60218128881994182,0.58470911380115931,0.60218128881994182,0.077561113011999916,0.1758450431439999,False,False,0.45988175675675674,0.0017015920931633022,0.45708263776350311,0.46268087575001038,0.45708263776350311,0.46268087575001038,0.0021472894676802003,0.0043219244962797998,False,False,694.03800675675677,2.3701948962085058,690.13903615249376,697.93697736101979,690.13903615249376,697.93697736101979,29.880602871860003,68.03831604714,False,False,0.24873310810810811,0.0053656109458370691,0.23990667810220614,0.25755953811401011,0.23990667810220614,0.25755953811401011,0.52468278421999992,5.7185604590200008,False,False,-0.037569498153298686,0.014674843586107404,-0.061709615852445367,-0.013429380454152005,-0.061709615852445367,-0.013429380454152005,0.45521164327499997,0.74291964327500004,False,False,False,True,True,True,0.034628378378378379,0.93961148648648651,0.24873310810810811,319.36773436649145,1538684.3975445619,0.97737217850958469,0.070945945945945943,0.032305743243243243,0.070945945945945943,0.92905405405405406,True,0.4497466216216216,rejected,4f34dd83523d69f59b39b3df0721109c913d9e3694b620995babb9bb3e7433e2
123,0.23970091436058291,0.33440555352717644,0.37777589448602916,0.12513466011357965,-1.1543199335652807,-0.68832605732122798,-0.51423911507418296,-1.8391940739407371,0.2397009143605828,0.33440555352717638,0.37420030497014517,0.13714663591235876,0.092948093141472121,0.0029369887754680801,0.088116746605827134,0.097779439677117108,0.088116746605827134,0.097779439677117108,0.077561113011999916,0.1758450431439999,True,True,0.16054760784514863,0.0024353067273451294,0.15654152827866588,0.16455368741163137,0.15654152827866588,0.16455368741163137,0.0021472894676802003,0.0043219244962797998,False,False,281.46368243243245,3.3255596396344318,275.99313682523382,286.93422803963108,275.99313682523382,286.93422803963108,29.880602871860003,68.03831604714,False,False,0.16005067567567569,0.0067463798816176888,0.14895288077041458,0.1711484705809368,0.14895288077041458,0.1711484705809368,0.52468278421999992,5.7185604590200008,False,False,-0.030217032715503508,0.0079502068160411422,-0.043295122927891186,-0.017138942503115831,-0.043295122927891186,-0.017138942503115831,0.45521164327499997,0.74291964327500004,False,False,False,True,True,True,0.017525337837837839,0.32432432432432434,0.16005067567567569,319.36773436649145,1158624.9252501519,0.79345287752252291,0.6651182432432432,0.24028716216216217,0.67567567567567566,0.32432432432432434,True,0.24324324324324326,rejected,3097f200de84b220ad01f24371312ead802f476a5b46885af007251cadffc7b5
124,0.39412823226302862,0.4099915605038405,0.17110462088160266,0.21682196546504004,-0.42999204034051797,-0.36400026567871679,0.11550804733594797,-2.7146001470539507,0.39412823226302857,0.40999156050384045,0.52884494792670012,0.062117312103509889,0.012725628299757699,0.0013628142386473024,0.010483798877182886,0.014967457722332511,0.010483798877182886,0.014967457722332511,0.077561113011999916,0.1758450431439999,False,False,0.055016704013931529,0.0017675102306484703,0.052109149684514793,0.057924258343348266,0.052109149684514793,0.057924258343348266,0.0021472894676802003,0.0043219244962797998,False,False,145.86549831081081,2.3090497326943002,142.06711150052868,149.66388512109293,142.06711150052868,149.66388512109293,29.880602871860003,68.03831604714,False,False,0.15519425675675674,0.0096412806121968092,0.139334350149693,0.17105416336382048,0.139334350149693,0.17105416336382048,0.52468278421999992,5.7185604590200008,False,False,-0.015241832342062524,0.003937431439361482,-0.021718907059812161,-0.0087647576243128876,-0.021718907059812161,-0.0087647576243128876,0.45521164327499997,0.74291964327500004,False,False,False,True,True,True,0.0042229729729729732,0.13217905405405406,0.15519425675675674,156.28435554971205,764958.03674140328,0.38131420232763763,0.85071790540540537,0.28652871621621623,0.88893581081081086,0.11106418918918919,True,0.1891891891891892,rejected,681986eae86364ae4b273adcd05d5e51c81458da8a89b28d5247ea267c923a27
125,0.99702369701117266,0.61831476911902428,1.4792895620826445,0.25177313796673673,5.814092615445178,0.48240139693445694,-0.37558367013155719,0.14841936568890829,0.99702369701117288,0.61831476911902428,0.40719250217080116,0.53703687805682421,8.9409737425217323e-05,4.5897659330250883e-05,1.3908087826954615e-05,0.00016491138702348003,1.3908087826954615e-05,0.00016491138702348003,0.077561113011999916,0.1758450431439999,False,False,1.8050644702056221e-05,2.4699177219519063e-06,1.3987630049445335e-05,2.2113659354667107e-05,1.3987630049445335e-05,2.2113659354667107e-05,0.0021472894676802003,0.0043219244962797998,False,False,83.139991554054049,0.3021567468971818,82.642943705408186,83.637039402699912,82.642943705408186,83.637039402699912,29.880602871860003,68.03831604714,False,False,0.014569256756756757,0.0020934788206166868,0.011125484096842306,0.018013029416671208,0.011125484096842306,0.018013029416671208,0.52468278421999992,5.7185604590200008,False,False,9.2774598367256842e-05,5.4338334821553038e-05,3.3880375858020943e-06,0.00018216115914871159,3.3880375858020943e-06,0.00018216115914871159,0.45521164327499997,0.74291964327500004,False,False,True,True,True,True,0.00021114864864864866,0.99978885135135132,0.014569256756756757,100.21340230491739,764958.03674140328,0,0.92166385135135132,0.30510979729729731,0.99978885135135132,0.00021114864864864866,True,0.17461993243243243,rejected,89fca3b46f951bbf2331491f878420e5f81d0db9b33fbfe0e07a6da011004ca0
126,0.036360383965075224,0.96021255664527394,1.1695381556449458,0.85179347717258957,-3.2772375530775815,3.183603304213801,2.0613400163482627,-0.30397663884470971,0.036360383965075016,0.96021255664527416,0.88708845898509026,0.42458564974367613,0.4679305889572104,0.0051222017123316492,0.45950456714042481,0.47635661077399599,0.45950456714042481,0.47635661077399599,0.077561113011999916,0.1758450431439999,False,False,0.39790223817567566,0.0024061624031615717,0.3939441010224749,0.40186037532887642,0.3939441010224749,0.40186037532887642,0.0021472894676802003,0.0043219244962797998,False,False,608.12141047297303,3.3361172756174557,602.63349755458228,613.60932339136377,602.63349755458228,613.60932339136377,29.880602871860003,68.03831604714,False,False,0.22065033783783783,0.0051952049181173783,0.21210422574753474,0.22919644992814092,0.21210422574753474,0.22919644992814092,0.52468278421999992,5.7185604590200008,False,False,-0.057706658475561501,0.014230596684497389,-0.081115990021559711,-0.03429732692956329,-0.081115990021559711,-0.03429732692956329,0.45521164327499997,0.74291964327500004,False,False,False,True,True,True,0.032728040540540543,0.63661317567567566,0.22065033783783783,319.36773436649145,1538684.3975445619,0.96138656454054516,0.1961570945945946,0.075802364864864871,0.1961570945945946,0.80384290540540537,True,0.41173986486486486,rejected,eebbc11e2507c1f8b28c6baf8e35dbfa318ef6807c52377e693165ade9ab7116
127,0.57262501586228609,0.013376828283071737,2.5196896407401002,0.00064165834346669153,0.29256926906405811,-4.3007641974572852,-2.9880667448712654,2.3729424722705819,0.57262501586228609,0.01337682828307152,0.047967898659408079,0.91474062483757745,0.036957046519433857,0.0022642107623706258,0.033232419815334174,0.04068167322353354,0.033232419815334174,0.04068167322353354,0.077561113011999916,0.1758450431439999,False,False,0.27812736001573868,0.0025186747702382432,0.27398414001869675,0.2822705800127806,0.27398414001869675,0.2822705800127806,0.0021472894676802003,0.0043219244962797998,False,False,441.35451858108109,3.4908007850891836,435.61215128960941,447.09688587255278,435.61215128960941,447.09688587255278,29.880602871860003,68.03831604714,False,False,0.23543074324324326,0.0070599229107572402,0.22381717005504759,0.24704431643143893,0.22381717005504759,0.24704431643143893,0.52468278421999992,5.7185604590200008,False,False,-0.039793945623672444,0.0065210765418852335,-0.050521116535073657,-0.029066774712271235,-0.050521116535073657,-0.029066774712271235,0.45521164327499997,0.74291964327500004,False,False,False,True,True,True,0.03103885135135135,0.56186655405405406,0.23543074324324326,319.36773436649145,1158624.9252501519,0.87645197521134932,0.43813344594594594,0.18433277027027026,0.43813344594594594,0.56186655405405406,True,0.33277027027027029,rejected,6ccc0bc8c68df1884a228530be09649c1a22dae26a780fd0cdc9f33b1added19
128,0.38891431130468851,0.011182964779436805,1.2336121889494547,0.0072002029337455489,-0.45187815277128662,-4.4821176961636802,0.59213370115154274,-0.20937394607187787,0.38891431130468845,0.011182964779436588,0.64385456591844559,0.44784689601510763,0.00052599491122653705,0.00023254977257751238,0.00014345053533652917,0.00090853928711654493,0.00014345053533652917,0.00090853928711654493,0.077561113011999916,0.1758450431439999,False,False,0.065976625591658525,0.0015303194371371822,0.063459250117567867,0.068494001065749183,0.063459250117567867,0.068494001065749183,0.0021472894676802003,0.0043219244962797998,False,False,151.33635979729729,2.0460068379509724,147.97067854886794,154.70204104572665,147.97067854886794,154.70204104572665,29.880602871860003,68.03831604714,False,False,0.0933277027027027,0.0061515030782236897,0.083208480139024737,0.10344692526638066,0.083208480139024737,0.10344692526638066,0.52468278421999992,5.7185604590200008,False,False,-0.0011221724082782463,0.00087238430513843787,-0.0025572445902309767,0.00031289977367448402,-0.0025572445902309767,0.00031289977367448402,0.45521164327499997,0.74291964327500004,False,False,False,True,True,True,0.0029560810810810812,0.1266891891891892,0.0933277027027027,100.21340230491739,764958.03674140328,0.54505623973442929,0.85451858108108103,0.29750844594594594,0.86676520270270274,0.13323479729729729,True,0.18707770270270271,rejected,ebc932bd44e8a0c27de4c4c8b0f7a882fdde6bf99ae290f89ee63061489d4e4e
129,0.97007018141448476,0.95459315460175254,2.6279342925688991,0.28170532848851004,3.4785131603001238,3.0456223602079993,-0.870717048182022,3.0328757853762092,0.97007018141448498,0.95459315460175276,0.29510512109845877,0.95403744094073772,0.00031332378486664147,9.33534483914801e-05,0.0001597573622626567,0.00046689020747062626,0.0001597573622626567,0.00046689020747062626,0.077561113011999916,0.1758450431439999,False,False,5.6235516107465995e-05,4.3792227405923914e-06,4.9031694699191509e-05,6.3439337515740481e-05,4.9031694699191509e-05,6.3439337515740481e-05,0.0021472894676802003,0.0043219244962797998,False,False,83.336782094594597,0.30473431380687527,82.835494148382281,83.838070040806912,82.835494148382281,83.838070040806912,29.880602871860003,68.03831604714,False,False,0.042440878378378379,0.0040059989542700737,0.035851010098604107,0.04903074665815265,0.035851010098604107,0.04903074665815265,0.52468278421999992,5.7185604590200008,False,False,0.00018265934168599704,0.0001810433678924156,-0.00011515699849702659,0.00048047568186902068,-0.00011515699849702659,0.00048047568186902068,0.45521164327499997,0.74291964327500004,False,False,True,True,True,True,0.00021114864864864866,0.99915540540540537,0.042440878378378379,100.21340230491739,764958.03674140328,0,0.92145270270270274,0.30194256756756754,0.99978885135135132,0.00021114864864864866,True,0.17461993243243243,rejected,3765e7b4b6efe18bb638121fad87ffb2197254427a4d8517976e328a5eaba26e
130,0.055246297270059787,0.62490335199981928,0.19306235452814077,0.47029837868642421,-2.8391229410759076,0.51041328021387267,1.1124940369968521,-2.5853263590348514,0.055246297270059593,0.62490335199981928,0.75259378459304582,0.070088782347738729,0.040915388320626113,0.0016957995572937036,0.038125798048877974,0.043704978592374252,0.038125798048877974,0.043704978592374252,0.077561113011999916,0.1758450431439999,False,False,0.08273943227728002,0.0019146182440557761,0.079589885265808263,0.085888979288751777,0.079589885265808263,0.085888979288751777,0.0021472894676802003,0.0043219244962797998,False,False,180.74239864864865,2.5152940118008944,176.60473999923619,184.8800572980611,176.60473999923619,184.8800572980611,29.880602871860003,68.03831604714,False,False,0.13133445945945946,0.0082268442301102369,0.11780130070092812,0.1448676182179908,0.11780130070092812,0.1448676182179908,0.52468278421999992,5.7185604590200008,False,False,-0.048588114357420081,0.0053081271502027514,-0.057319983519503612,-0.039856245195336551,-0.057319983519503612,-0.039856245195336551,0.45521164327499997,0.74291964327500004,False,False,False,True,True,True,0.0069679054054054054,0.10388513513513513,0.13133445945945946,241.52458249665119,859842.97732499638,0.59113289618603704,0.80342060810810811,0.2734375,0.83277027027027029,0.16722972972972974,True,0.203125,rejected,b009379b6abe9abbc5c86bd727c4833a2f45a4bfc0f874020d7925bcd96668e4
131,0.58590653538703918,0.41121661942452198,1.6293089710968733,0.077042550892976874,0.34706857264956725,-0.35893821087886441,-1.4673041422651325,0.37016760721850495,0.58590653538703918,0.41121661942452192,0.18735271692276004,0.59149947762489319,0.56991850941615696,0.0052079966007400778,0.56135135500793953,0.57848566382437439,0.56135135500793953,0.57848566382437439,0.077561113011999916,0.1758450431439999,False,False,0.46249472128378377,0.0016138852542640697,0.4598398800405194,0.46514956252704814,0.4598398800405194,0.46514956252704814,0.0021472894676802003,0.0043219244962797998,False,False,697.68623310810813,2.2471419420511296,693.98968461343406,701.38278160278219,693.98968461343406,701.38278160278219,29.880602871860003,68.03831604714,False,False,0.27217060810810811,0.0055528609111597377,0.26303615190925034,0.28130506430696589,0.26303615190925034,0.28130506430696589,0.52468278421999992,5.7185604590200008,False,False,-0.051038915969486509,0.014590110935242611,-0.0750396484579606,-0.027038183481012414,-0.0750396484579606,-0.027038183481012414,0.45521164327499997,0.74291964327500004,False,False,False,True,True,True,0.034628378378378379,0.93559966216216217,0.27217060810810811,319.36773436649145,1538684.3975445619,0.97723798707637222,0.065667229729729729,0.029560810810810811,0.065667229729729729,0.93433277027027029,True,0.45228040540540543,rejected,e78b994a3e96467ccc940b664cf6f033be7a6183546be54d82b412ddeeb09448
132,0.79793387465178967,0.32879357039928442,2.0184263968137839,0.31771447901861199,1.3734307331297404,-0.71364662612508056,3.3560934421348336,1.0086890163568154,0.79793387465178978,0.32879357039928436,0.96630380768328894,0.73276350926607858,0.54845154665689166,0.005370389111335922,0.53961725656874404,0.55728583674503929,0.53961725656874404,0.55728583674503929,0.077561113011999916,0.1758450431439999,False,False,0.45434227195945953,0.0018216299537199001,0.45134569068559027,0.45733885323332879,0.45134569068559027,0.45733885323332879,0.0021472894676802003,0.0043219244962797998,False,False,686.37563344594594,2.5345184241678367,682.20635063818986,690.54491625370201,682.20635063818986,690.54491625370201,29.880602871860003,68.03831604714,False,False,0.26076858108108109,0.0056181111823381787,0.25152678818613478,0.2700103739760274,0.25152678818613478,0.2700103739760274,0.52468278421999992,5.7185604590200008,False,False,-0.052405731264491662,0.014835953697544407,-0.076810875096952211,-0.028000587432031113,-0.076810875096952211,-0.028000587432031113,0.45521164327499997,0.74291964327500004,False,False,False,True,True,True,0.033994932432432436,0.95270270270270274,0.26076858108108109,319.36773436649145,1538684.3975445619,0.96684320351562369,0.082136824324324328,0.036106418918918921,0.082136824324324328,0.91786317567567566,True,0.44657939189189189,rejected,9410df9d2229fe30b524cd603afd71260283d01a20e13f5f369773dc9d6005b6
133,0.34222432412207132,0.63511683233082283,0.65684770754870048,0.059542611165078738,-0.65339751455319228,0.55423175612593423,-2.2686759777177166,-1.1611409192712676,0.34222432412207127,0.63511683233082294,0.093750642612576471,0.23846003599464891,0.31415114426246898,0.0045787380659491825,0.30661912014398257,0.3216831683809554,0.30661912014398257,0.3216831683809554,0.077561113011999916,0.1758450431439999,False,False,0.34647934267326436,0.0026217734571311819,0.34216652533628356,0.35079216001024516,0.34216652533628356,0.35079216001024516,0.0021472894676802003,0.0043219244962797998,False,False,536.96537162162167,3.6292246401757566,530.99529708853254,542.9354461547108,530.99529708853254,542.9354461547108,29.880602871860003,68.03831604714,False,False,0.25886824324324326,0.0059415350965138797,0.24909441800947793,0.26864206847700861,0.24909441800947793,0.26864206847700861,0.52468278421999992,5.7185604590200008,False,False,-0.064159593890651956,0.012383790211972275,-0.084530928789346343,-0.043788258991957561,-0.084530928789346343,-0.043788258991957561,0.45521164327499997,0.74291964327500004,False,False,False,True,True,True,0.031883445945945943,0.69995777027027029,0.25886824324324326,319.36773436649145,1538684.3975445619,0.9323590040678168,0.29940878378378377,0.11127533783783784,0.30004222972972971,0.69995777027027029,True,0.37795608108108109,rejected,725c2aa45973475713558fc1dcfc400d9fbe3b1cb0cbd91fe9977ab483c720f7
134,0.63253930211067189,0.78537900745868683,2.3322624984299205,0.45143422205505557,0.54312598798050626,1.2972927661821527,0.30145400850967841,1.7089314202051662,0.632539302110672,0.78537900745868694,0.57479792274534702,0.84669763315469038,0.69414909933218816,0.0053321820248503184,0.68537765990130939,0.70292053876306693,0.68537765990130939,0.70292053876306693,0.077561113011999916,0.1758450431439999,False,False,0.47859058277027028,0.0012309887960066696,0.47656560620083932,0.48061555933970124,0.47656560620083932,0.48061555933970124,0.0021472894676802003,0.0043219244962797998,False,False,720.06566722972968,1.7199112174279367,717.23641327706071,722.89492118239866,717.23641327706071,722.89492118239866,29.880602871860003,68.03831604714,False,False,0.22065033783783783,0.0052927740739078608,0.21194372448625939,0.22935695118941626,0.21194372448625939,0.22935695118941626,0.52468278421999992,5.7185604590200008,False,False,-0.0093740243440172399,0.014925581890576982,-0.033926606554016372,0.015178557865981896,-0.033926606554016372,0.015178557865981896,0.45521164327499997,0.74291964327500004,False,False,False,True,True,True,0.034839527027027029,0.97170608108108103,0.22065033783783783,319.36773436649145,1538684.3975445619,0.9865079223313139,0.033150337837837836,0.016258445945945946,0.033150337837837836,0.96684966216216217,True,0.45903716216216217,rejected,4b42e6c525621091b751fc73ae6421a59dfe3c494f8c26d5d6731c9c1fdc9485
135,0.22740930691361438,0.24881445057690152,1.0153404156193884,0.12098389542280069,-1.2229978959549617,-1.1049452507765558,-0.055048158020447421,-0.53820105730167733,0.22740930691361427,0.24881445057690141,0.48624143470078712,0.36860616132616997,0.34135278037969019,0.0046751841597861476,0.33366210243684197,0.34904345832253841,0.33366210243684197,0.34904345832253841,0.077561113011999916,0.1758450431439999,False,False,0.36602429975774159,0.0025379250962615182,0.36184941297439138,0.3701991865410918,0.36184941297439138,0.3701991865410918,0.0021472894676802003,0.0043219244962797998,False,False,563.82706925675677,3.5174016361451055,558.04094356529811,569.61319494821544,558.04094356529811,569.61319494821544,29.880602871860003,68.03831604714,False,False,0.27153716216216217,0.0057690661789861226,0.26204704829773001,0.28102727602659433,0.26204704829773001,0.28102727602659433,0.52468278421999992,5.7185604590200008,False,False,-0.073159198475865994,0.012843941969877823,-0.09428748301631501,-0.052030913935416978,-0.09428748301631501,-0.052030913935416978,0.45521164327499997,0.74291964327500004,False,False,False,True,True,True,0.032516891891891893,0.73944256756756754,0.27153716216216217,319.36773436649145,1538684.3975445619,0.94478174190034392,0.26034628378378377,0.1015625,0.26055743243243246,0.73944256756756754,True,0.39189189189189189,rejected,dd8044f13df08940603678c2ad8ac0b60bc20c699226a065300da41746d08a5d
136,0.72171392384916544,0.17429407965391888,0.36541374550346328,0.15052071193182004,0.95297919753530325,-1.5554946959566214,1.8455347446768353,-1.8776527332657,0.72171392384916555,0.17429407965391874,0.86360197793692361,0.13265871815383434,0.0023355697441045163,0.00044115318000784902,0.0016098727629916046,0.0030612667252174278,0.0016098727629916046,0.0030612667252174278,0.077561113011999916,0.1758450431439999,False,False,0.00017700224917955977,9.9449658621013209e-06,0.00016064278033640309,0.00019336171802271645,0.00016064278033640309,0.00019336171802271645,0.0021472894676802003,0.0043219244962797998,False,False,84.017525337837839,0.31860684129252215,83.493417083911638,84.54163359176404,83.493417083911638,84.54163359176404,29.880602871860003,68.03831604714,False,False,0.12309966216216216,0.0088956120317724395,0.10846638036989649,0.13773294395442781,0.10846638036989649,0.13773294395442781,0.52468278421999992,5.7185604590200008,False,False,-0.001376971095328972,0.001520034864280073,-0.0038774284470696921,0.0011234862564117481,-0.0038774284470696921,0.0011234862564117481,0.45521164327499997,0.74291964327500004,False,False,True,True,True,True,0.00021114864864864866,0.52956081081081086,0.12309966216216216,100.21340230491739,764958.03674140328,0,0.92039695945945943,0.29814189189189189,0.99978885135135132,0.00021114864864864866,True,0.17567567567567569,rejected,4c4826940b4c677fece53e05e42333f320c373bd33ee8d19e986226f2d2a0c0b
137,0.13713609892874973,0.85208689514547575,1.8012886560346368,0.16739356144924938,-1.8392831186624159,1.7510635392612421,-1.4086233547410119,0.63637899914121199,0.13713609892874956,0.85208689514547586,0.19645128026604652,0.65393447037786245,0.65427650100205059,0.0052656481530990009,0.64561450979020274,0.66293849221389844,0.64561450979020274,0.66293849221389844,0.077561113011999916,0.1758450431439999,False,False,0.47378272804054056,0.0013801403752871564,0.47151239712319321,0.47605305895788791,0.47151239712319321,0.47605305895788791,0.0021472894676802003,0.0043219244962797998,False,False,713.40371621621625,1.9241115397462867,710.23855273333356,716.56887969909894,710.23855273333356,716.56887969909894,29.880602871860003,68.03831604714,False,False,0.23690878378378377,0.0053391674802276551,0.22812585327880927,0.24569171428875827,0.22812585327880927,0.24569171428875827,0.52468278421999992,5.7185604590200008,False,False,-0.027693417491195582,0.014639987793514291,-0.051776197411526587,-0.0036106375708645742,-0.051776197411526587,-0.0036106375708645742,0.45521164327499997,0.74291964327500004,False,False,False,True,True,True,0.034839527027027029,0.95713682432432434,0.23690878378378377,319.36773436649145,1538684.3975445619,0.98505563607903968,0.042863175675675678,0.019847972972972971,0.042863175675675678,0.95713682432432434,True,0.45713682432432434,rejected,5d4355b66d7a821618e22fab0aa79a83a88db43c5b517b0daf7d3278e0d385f0
138,0.8336373632773757,0.69427114259451617,0.71699098811477457,0.50289924490789473,1.6116285273366544,0.82016395735125192,0.96617119850591415,-1.0444396280956472,0.83363736327737581,0.69427114259451628,0.72435567900538445,0.26029427349567413,0.0041887602737941667,0.00060386990028256035,0.0031953942878293548,0.0051821262597589787,0.0031953942878293548,0.0051821262597589787,0.077561113011999916,0.1758450431439999,False,False,0.0002407787851109745,1.1467301975328505e-05,0.00022191507336155912,0.00025964249686038989,0.00022191507336155912,0.00025964249686038989,0.0021472894676802003,0.0043219244962797998,False,False,84.320945945945951,0.32565083472315565,83.785250322826357,84.856641569065545,83.785250322826357,84.856641569065545,29.880602871860003,68.03831604714,False,False,0.16955236486486486,0.0098495449790892888,0.15334986337426298,0.18575486635546673,0.15334986337426298,0.18575486635546673,0.52468278421999992,5.7185604590200008,False,False,-0.00087809735038269377,0.0019216177477374584,-0.004039158545410813,0.002282963844645425,-0.004039158545410813,0.002282963844645425,0.45521164327499997,0.74291964327500004,False,False,True,True,True,True,0.00021114864864864866,0.9341216216216216,0.16955236486486486,100.21340230491739,764958.03674140328,0,0.92018581081081086,0.2934966216216216,0.99957770270270274,0.00042229729729729732,True,0.17609797297297297,rejected,9113b2a1ddb63ba25ce20a05ad61943e6b35f332e295c0af538b24ed7a4fc297
139,0.30737528484314691,0.27745177689939748,2.1116112538797962,0.09341381558470345,-0.81241888870400902,-0.95713702138875545,-0.67810279506088378,1.1891726591320764,0.3073752848431468,0.27745177689939737,0.33668487053364515,0.76659306231886148,0.60586507930445066,0.0051992855698717753,0.59731225454201153,0.61441790406688979,0.59731225454201153,0.61441790406688979,0.077561113011999916,0.1758450431439999,False,False,0.47158783783783775,0.001414330327905588,0.46926126444843308,0.47391441122724243,0.46926126444843308,0.47391441122724243,0.0021472894676802003,0.0043219244962797998,False,False,710.33994932432438,1.9712794069268615,707.09719469992967,713.58270394871909,707.09719469992967,713.58270394871909,29.880602871860003,68.03831604714,False,False,0.265625,0.0054920558361047124,0.25659056814960773,0.27465943185039227,0.25659056814960773,0.27465943185039227,0.52468278421999992,5.7185604590200008,False,False,-0.052653817740568543,0.014507195716382522,-0.076518154694017793,-0.028789480787119296,-0.076518154694017793,-0.028789480787119296,0.45521164327499997,0.74291964327500004,False,False,False,True,True,True,0.034839527027027029,0.95270270270270274,0.265625,319.36773436649145,1538684.3975445619,0.98254062297968536,0.0472972972972973,0.022381756756756757,0.0472972972972973,0.95270270270270274,True,0.45713682432432434,rejected,52b15d79b33955e9375eca1aeecdf97b1500fd932e7e2752c8e2c4fff072b8d7
140,0.089976903982460693,0.47817579843103886,2.5046056597134094,0.26635484026766454,-2.3139169644478845,-0.087352308534749706,0.22908802489703345,2.304688335341861,0.089976903982460513,0.47817579843103886,0.55702283792197704,0.9092645812779665,0.69082925219892888,0.0052763596070141416,0.68214964064539063,0.69950886375246712,0.68214964064539063,0.69950886375246712,0.077561113011999916,0.1758450431439999,False,False,0.47900865709459461,0.0012168211150701685,0.4770069863603042,0.48101032782888503,0.4770069863603042,0.48101032782888503,0.0021472894676802003,0.0043219244962797998,False,False,720.66490709459458,1.6989220248771624,717.87018036367169,723.45963382551747,717.87018036367169,723.45963382551747,29.880602871860003,68.03831604714,False,False,0.22867398648648649,0.0053110602834033948,0.21993729232028791,0.23741068065268506,0.21993729232028791,0.23741068065268506,0.52468278421999992,5.7185604590200008,False,False,-0.01339725462288277,0.014711240767851179,-0.037597245685997961,0.01080273644023242,-0.037597245685997961,0.01080273644023242,0.45521164327499997,0.74291964327500004,False,False,False,True,True,True,0.034839527027027029,0.85472972972972971,0.22867398648648649,319.36773436649145,1538684.3975445619,0.98787584429187736,0.032305743243243243,0.014991554054054054,0.032305743243243243,0.9676942567567568,True,0.46030405405405406,rejected,b33f97ccf06d3368eb304a50970e036ca5cf5420ae5e36c32084c23b48c1fdd5
141,0.550077342428267,0.55013168603181839,1.1873013631291129,0.21011595623511731,0.20098319500708084,0.20120277440475076,-0.48133232977352125,-0.2776322710036101,0.550077342428267,0.55013168603181839,0.38193756435066467,0.43103435169905419,0.47100688602529922,0.0051367317898254172,0.46255696223103643,0.47945680981956201,0.46255696223103643,0.47945680981956201,0.077561113011999916,0.1758450431439999,False,False,0.41901499155405408,0.0022408614785440796,0.41532877442184907,0.4227012086862591,0.41532877442184907,0.4227012086862591,0.0021472894676802003,0.0043219244962797998,False,False,637.28167229729729,3.1119638589972518,632.16249174924678,642.4008528453478,632.16249174924678,642.4008528453478,29.880602871860003,68.03831604714,False,False,0.25823479729729731,0.0055691498471842193,0.24907354579867927,0.26739604879591533,0.24907354579867927,0.26739604879591533,0.52468278421999992,5.7185604590200008,False,False,-0.056728163769631357,0.014220882270524244,-0.080121515104643742,-0.033334812434618971,-0.080121515104643742,-0.033334812434618971,0.45521164327499997,0.74291964327500004,False,False,False,True,True,True,0.033783783783783786,0.84987331081081086,0.25823479729729731,319.36773436649145,1538684.3975445619,0.96266236880983902,0.15350506756756757,0.0629222972972973,0.15350506756756757,0.84649493243243246,True,0.42588682432432434,rejected,6adc700a75caecd6a9bf47fef4c7532434e60783ad6253d8b1d960fe888a65b6
142,0.47906145732849836,0.90351791121065594,1.5018022612012178,0.82900608932861763,-0.083803181891561607,2.2369385513696627,2.4092697047216114,0.18133454696203011,0.47906145732849836,0.90351791121065617,0.91753143910318602,0.54520982131361961,0.54988115797072434,0.0052433643597999879,0.54125582359885338,0.55850649234259531,0.54125582359885338,0.55850649234259531,0.077561113011999916,0.1758450431439999,False,False,0.43479729729729727,0.002080893691684849,0.43137422717447571,0.43822036742011883,0.43137422717447571,0.43822036742011883,0.0021472894676802003,0.0043219244962797998,False,False,659.23416385135135,2.8905109660474078,654.47927331220342,663.98905439049929,654.47927331220342,663.98905439049929,29.880602871860003,68.03831604714,False,False,0.22804054054054054,0.0051769879230031211,0.2195243954072004,0.23655668567388069,0.2195243954072004,0.23655668567388069,0.52468278421999992,5.7185604590200008,False,False,-0.068122815205061249,0.014482867778567436,-0.091947132700804679,-0.044298497709317819,-0.091947132700804679,-0.044298497709317819,0.45521164327499997,0.74291964327500004,False,False,False,True,True,True,0.034206081081081079,0.87858952702702697,0.22804054054054054,319.36773436649145,1538684.3975445619,0.97260198620409111,0.12162162162162163,0.050253378378378379,0.12162162162162163,0.8783783783783784,True,0.4341216216216216,rejected,05e82cd92e80645f5fc496201ae02250ae21a3513d96e366499626d80c20591c
143,0.88077748473733641,0.070070721209049433,0.14051122634550609,0.0015705894707127635,1.9998133995682454,-2.5856035039217837,-3.7753846605079167,-2.9233605132457927,0.88077748473733664,0.070070721209049239,0.02241434715688229,0.051010777242481695,0.00012549667445538849,5.5397311410224218e-05,3.4368097185569644e-05,0.00021662525172520732,3.4368097185569644e-05,0.00021662525172520732,0.077561113011999916,0.1758450431439999,False,False,2.6770114104273942e-05,2.9760150784334478e-06,2.1874569300250921e-05,3.1665658908296966e-05,2.1874569300250921e-05,3.1665658908296966e-05,0.0021472894676802003,0.0043219244962797998,False,False,83.167440878378372,0.3025194689747373,82.669796351914925,83.665085404841818,82.669796351914925,83.665085404841818,29.880602871860003,68.03831604714,False,False,0.020692567567567568,0.0024436431880089414,0.016672774523292858,0.024712360611842277,0.016672774523292858,0.024712360611842277,0.52468278421999992,5.7185604590200008,False,False,0.00014983478499763718,8.3900832584785911e-05,1.1817915395664365e-05,0.00028785165459960997,1.1817915395664365e-05,0.00028785165459960997,0.45521164327499997,0.74291964327500004,False,False,True,True,True,True,0.00021114864864864866,0.84902871621621623,0.020692567567567568,100.21340230491739,764958.03674140328,0,0.92166385135135132,0.30510979729729731,0.99978885135135132,0.00021114864864864866,True,0.17461993243243243,rejected,34b29909cc693ebe88012d37d470e045db50426633ea9e10ceb2c3587aeb2c04
144,0.15782579034566893,0.11820599809288995,2.2515341290894519,0.10537341429308583,-1.6744950606930369,-2.0095296218282295,2.1055228222719435,1.4987652561833769,0.15782579034566879,0.11820599809288979,0.89143881015479565,0.81739024631679058,0.49354522129435557,0.0050997867993977678,0.48515607200934624,0.50193437057936485,0.48515607200934624,0.50193437057936485,0.077561113011999916,0.1758450431439999,False,False,0.44775777985092236,0.0018756966855681771,0.44467225880316269,0.45084330089868202,0.44467225880316269,0.45084330089868202,0.0021472894676802003,0.0043219244962797998,False,False,677.12964527027032,2.6113891505175384,672.83391011766901,681.42538042287163,672.83391011766901,681.42538042287163,29.880602871860003,68.03831604714,False,False,0.29539695945945948,0.0057234373181344403,0.28598190507112831,0.30481201384779066,0.28598190507112831,0.30481201384779066,0.52468278421999992,5.7185604590200008,False,False,-0.06650934437771,0.014128714671000027,-0.089751080011505044,-0.043267608743914956,-0.089751080011505044,-0.043267608743914956,0.45521164327499997,0.74291964327500004,False,False,False,True,True,True,0.034417229729729729,0.82833614864864868,0.29539695945945948,319.36773436649145,1538684.3975445619,0.97280128234269159,0.095439189189189186,0.042440878378378379,0.095439189189189186,0.90456081081081086,True,0.44425675675675674,rejected,58da0bdcdcc15a455e84214c2b8baf11bd90eb4c59a13db670244d18f35fb3e9
145,0.70212000235915173,0.91013211570680119,0.94542972478793963,0.040592336219845836,0.85741362002554722,2.3152491315334687,-3.064384796857373,-0.64895088338965889,0.70212000235915184,0.91013211570680141,0.044600487686693675,0.34322599228471523,0.42501684189839889,0.0050660560505654097,0.41668317969521879,0.43335050410157899,0.41668317969521879,0.43335050410157899,0.077561113011999916,0.1758450431439999,False,False,0.42507706925675676,0.0022093001193316236,0.42144277056045626,0.42871136795305725,0.42144277056045626,0.42871136795305725,0.0021472894676802003,0.0043219244962797998,False,False,645.75739020270271,3.0672279209255788,640.71180027278012,650.80298013262529,640.71180027278012,650.80298013262529,29.880602871860003,68.03831604714,False,False,0.28821790540540543,0.0063314982174611269,0.27780259083768188,0.29863321997312897,0.27780259083768188,0.29863321997312897,0.52468278421999992,5.7185604590200008,False,False,-0.034252239610471691,0.013972153172244081,-0.057236431578813203,-0.011268047642130179,-0.057236431578813203,-0.011268047642130179,0.45521164327499997,0.74291964327500004,False,False,False,True,True,True,0.033783783783783786,0.91173986486486491,0.28821790540540543,319.36773436649145,1538684.3975445619,0.94073018237092987,0.14125844594594594,0.058488175675675678,0.14125844594594594,0.85874155405405406,True,0.43053209459459457,rejected,fed14b47920a242e54134921d75eee59aebcc6d99b9767ba95bf00aecdba828e
146,0.27264744602143776,0.51330507174134254,1.9162410146498681,0.25727172919961377,-0.98123174947466496,0.05323285406211016,0.004825158093119771,0.82674591986989265,0.27264744602143764,0.51330507174134254,0.50120628718286753,0.69566643238067638,0.61887396065792155,0.0052590100403244657,0.61022288914158784,0.62752503217425526,0.61022288914158784,0.62752503217425526,0.077561113011999916,0.1758450431439999,False,False,0.46563027871621621,0.0015800078068520346,0.46303116587394461,0.46822939155848781,0.46303116587394461,0.46822939155848781,0.0021472894676802003,0.0043219244962797998,False,False,702.04624155405406,2.2015547658430323,698.42468396424226,705.66779914386586,698.42468396424226,705.66779914386586,29.880602871860003,68.03831604714,False,False,0.24662162162162163,0.0053720697431183118,0.237784566894192,0.25545867634905123,0.237784566894192,0.25545867634905123,0.52468278421999992,5.7185604590200008,False,False,-0.032983758621480175,0.014642172015561646,-0.057070131587079083,-0.0088973856558812667,-0.057070131587079083,-0.0088973856558812667,0.45521164327499997,0.74291964327500004,False,False,False,True,True,True,0.034839527027027029,0.94066722972972971,0.24662162162162163,319.36773436649145,1538684.3975445619,0.98242866242975568,0.059332770270270271,0.027449324324324325,0.059332770270270271,0.94066722972972971,True,0.45396959459459457,rejected,9226df37216cf1013ab0521bc5697b887835612f656fd403fbcef0f202218093
147,0.86751356907188881,0.4603749867528677,0.56535399315102053,0.19973281490541492,1.8791509211876314,-0.15883313243384267,-0.26616792963593316,-1.3538329958428796,0.86751356907188892,0.4603749867528677,0.43384810350835323,0.20524443034082648,0.00046558119231358315,0.00011730420507541978,0.00027261577496451761,0.00065854660966264869,0.00027261577496451761,0.00065854660966264869,0.077561113011999916,0.1758450431439999,False,False,7.4373412903907694e-05,5.1667005267904592e-06,6.5874190537337386e-05,8.2872635270478002e-05,6.5874190537337386e-05,8.2872635270478002e-05,0.0021472894676802003,0.0043219244962797998,False,False,83.433910472972968,0.3056372512753241,82.931137194625066,83.936683751320871,82.931137194625066,83.936683751320871,29.880602871860003,68.03831604714,False,False,0.059332770270270271,0.0050952124054083813,0.050951145863373487,0.067714394677167056,0.050951145863373487,0.067714394677167056,0.52468278421999992,5.7185604590200008,False,False,1.8438544021850696e-05,0.00028998320006353004,-0.00045858382008265623,0.00049546090812635762,-0.00045858382008265623,0.00049546090812635762,0.45521164327499997,0.74291964327500004,False,False,True,True,True,True,0.00021114864864864866,0.94489020270270274,0.059332770270270271,100.21340230491739,764958.03674140328,0,0.92145270270270274,0.30067567567567566,0.99978885135135132,0.00021114864864864866,True,0.17483108108108109,rejected,c0c1ce39b4724201e211589e445a1f809cee08b14d9492e47ed86df8b5a3679e
148,0.5299951396882534,0.28402020502835523,0.26294674523469108,0.20383341224810142,0.12012480036513914,-0.92460656715253053,0.93294423085142719,-2.2487261241142509,0.5299951396882534,0.28402020502835512,0.71767222415655851,0.095459403470158577,0.029708878201155295,0.0016517010827818705,0.026991829919979119,0.032425926482331474,0.026991829919979119,0.032425926482331474,0.077561113011999916,0.1758450431439999,False,False,0.080424661573313336,0.0019896554658045871,0.077151678332064794,0.083697644814561878,0.077151678332064794,0.083697644814561878,0.0021472894676802003,0.0043219244962797998,False,False,178.17440878378378,2.6284151877264952,173.85066579997368,182.49815176759387,173.85066579997368,182.49815176759387,29.880602871860003,68.03831604714,False,False,0.16511824324324326,0.00870328022495135,0.15080134727319827,0.17943513921328824,0.15080134727319827,0.17943513921328824,0.52468278421999992,5.7185604590200008,False,False,-0.019598675235138599,0.0053219946135971436,-0.028353356374505902,-0.010843994095771298,-0.028353356374505902,-0.010843994095771298,0.45521164327499997,0.74291964327500004,False,False,False,True,True,True,0.0054898648648648652,0.29328547297297297,0.16511824324324326,241.52458249665119,764958.03674140328,0.4247757992858574,0.80679898648648651,0.27259290540540543,0.83720439189189189,0.16279560810810811,True,0.19826858108108109,rejected,5961cb9067eb3e47b612655a951092c8d65377562cc9cb9b8199b828d0eb7789
149,0.11115487664937987,0.74233012553304423,1.7100636610851621,0.25779220215281062,-2.0789984919469635,1.0581148480794036,-0.63104185911234256,0.49301494979399735,0.1111548766493797,0.74233012553304434,0.34727433696389193,0.62081641983240832,0.61748532494234121,0.0052785652600902868,0.60880208508949274,0.62616856479518967,0.60880208508949274,0.62616856479518967,0.077561113011999916,0.1758450431439999,False,False,0.46458509290540545,0.0016024559390912622,0.46194905288560034,0.46722113292521056,0.46194905288560034,0.46722113292521056,0.0021472894676802003,0.0043219244962797998,False,False,700.5992398648649,2.2320985892674208,696.92743768551998,704.27104204420982,696.92743768551998,704.27104204420982,29.880602871860003,68.03831604714,False,False,0.2413429054054054,0.0053162543453805257,0.23259766700725443,0.25008814380355637,0.23259766700725443,0.25008814380355637,0.52468278421999992,5.7185604590200008,False,False,-0.034623506206930665,0.014623301823374145,-0.058678837706381132,-0.010568174707480196,-0.058678837706381132,-0.010568174707480196,0.45521164327499997,0.74291964327500004,False,False,False,True,True,True,0.034839527027027029,0.92504222972972971,0.2413429054054054,319.36773436649145,1538684.3975445619,0.98209989605070946,0.061444256756756757,0.028293918918918918,0.061444256756756757,0.9385557432432432,True,0.453125,rejected,85bf929ac8d34b05baba3304601ed3b55df95ea8f44fff4f2fe1d120e1deccee
150,0.91416540928184953,0.8342403071001171,1.3251216957358272,0.69007908754124592,2.3655894475647119,1.615982392474572,1.5658739570646327,-0.075763280220473725,0.91416540928184975,0.83424030710011721,0.82719461247324944,0.48106823489069939,0.0016224940312307415,0.00028784347051924323,0.0011489915222265864,0.0020959965402348965,0.0011489915222265864,0.0020959965402348965,0.077561113011999916,0.1758450431439999,False,False,0.00015274029485568439,8.1613100486057913e-06,0.00013931493982572785,0.00016616564988564093,0.00013931493982572785,0.00016616564988564093,0.0021472894676802003,0.0043219244962797998,False,False,83.886402027027032,0.31635763821652307,83.365993712160858,84.406810341893205,83.365993712160858,84.406810341893205,29.880602871860003,68.03831604714,False,False,0.10916385135135136,0.0069843391673953198,0.097674613420986059,0.12065308928171666,0.097674613420986059,0.12065308928171666,0.52468278421999992,5.7185604590200008,False,False,-0.0003226960214847501,0.00091380203925773467,-0.0018259003760637237,0.0011805083330942235,-0.0018259003760637237,0.0011805083330942235,0.45521164327499997,0.74291964327500004,False,False,True,True,True,True,0.00021114864864864866,0.98500844594594594,0.10916385135135136,100.21340230491739,764958.03674140328,0,0.9208192567567568,0.296875,0.99957770270270274,0.00042229729729729732,True,0.17567567567567569,rejected,e1b3291f6cec392cc9abcc0bd52d1f2123eba0e83c003b71b49e720d64db4b14
151,0.44482189975678915,0.13739117141813056,2.7301038618211999,0.03252943913160574,-0.22161498681864036,-1.8371291958865941,-1.1704971482386279,4.7160318225844327,0.44482189975678915,0.1373911714181304,0.23676513414829969,0.99112877715378989,0.60381697198286766,0.0050660199971850201,0.59548336908749833,0.61215057487823699,0.59548336908749833,0.61215057487823699,0.077561113011999916,0.1758450431439999,False,False,0.4799493243243243,0.0011479686463083262,0.47806091590114708,0.48183773274750152,0.47806091590114708,0.48183773274750152,0.0021472894676802003,0.0043219244962797998,False,False,721.96431587837833,1.6035271458765823,719.32651372341138,724.60211803334528,719.32651372341138,724.60211803334528,29.880602871860003,68.03831604714,False,False,0.29117398648648651,0.0056241541944325405,0.28192225283664496,0.30042572013632807,0.28192225283664496,0.30042572013632807,0.52468278421999992,5.7185604590200008,False,False,-0.045519003912123046,0.014274829411793869,-0.069001098294523958,-0.022036909529722131,-0.069001098294523958,-0.022036909529722131,0.45521164327499997,0.74291964327500004,False,False,False,True,True,True,0.034839527027027029,0.96959459459459463,0.29117398648648651,319.36773436649145,1538684.3975445619,0.98370541236037001,0.030405405405405407,0.014991554054054054,0.030405405405405407,0.96959459459459463,True,0.46114864864864863,rejected,7defb181880e32f8f579d119ac8fc8861970cc75efbce584212f62af07d2a95c
152,0.94986870419234015,0.18751275353133695,1.3996119689281472,0.11569608905174814,2.9416782890426489,-1.46625335549566,0.47685028619682901,0.03244669383157936,0.94986870419234037,0.18751275353133681,0.6170038403943181,0.5081109618768096,0.00027721500085652154,8.7036844266795443e-05,0.00013403939203764304,0.00042039060967540004,0.00013403939203764304,0.00042039060967540004,0.077561113011999916,0.1758450431439999,False,False,5.092486331019633e-05,4.1493621746599308e-06,4.4099162532880742e-05,5.7750564087511918e-05,4.4099162532880742e-05,5.7750564087511918e-05,0.0021472894676802003,0.0043219244962797998,False,False,83.313555743243242,0.30465468168790621,82.812398791866642,83.814712694619843,82.812398791866642,83.814712694619843,29.880602871860003,68.03831604714,False,False,0.038217905405405407,0.0037158467638882474,0.03210533747880924,0.044330473332001574,0.03210533747880924,0.044330473332001574,0.52468278421999992,5.7185604590200008,False,False,0.00018521157205266187,0.00015983577874184436,-7.771828397767211e-05,0.00044814142808299585,-7.771828397767211e-05,0.00044814142808299585,0.45521164327499997,0.74291964327500004,False,False,True,True,True,True,0.00021114864864864866,0.98247466216216217,0.038217905405405407,100.21340230491739,764958.03674140328,0,0.92145270270270274,0.30257601351351349,0.99978885135135132,0.00021114864864864866,True,0.17461993243243243,rejected,ed8e23e7d3ae453e716970c6d0ebe892055cf6424d24a218383a66ad2851543c
153,0.40997314359992754,0.77630623802542675,0.049023099313416182,0.34774017312028749,-0.36407640104784916,1.2442690965327818,-0.20898933135171269,-4.0107566622626951,0.40997314359992748,0.77630623802542686,0.44794200547039503,0.017797200009226799,0.00048510165193361727,0.00017987232227201149,0.00018921168179615838,0.00078099162207107616,0.00018921168179615838,0.00078099162207107616,0.077561113011999916,0.1758450431439999,False,False,8.3171724957623088e-05,6.0844292792434387e-06,7.3162838793267633e-05,9.3180611121978542e-05,7.3162838793267633e-05,9.3180611121978542e-05,0.0021472894676802003,0.0043219244962797998,False,False,83.47107263513513,0.30743743557055331,82.965338053621565,83.976807216648695,82.965338053621565,83.976807216648695,29.880602871860003,68.03831604714,False,False,0.060599662162162164,0.0055055047120476236,0.051543106910843822,0.069656217413480506,0.051543106910843822,0.069656217413480506,0.52468278421999992,5.7185604590200008,False,False,-0.00044752686544817689,0.00060221505739112974,-0.0014381706348565852,0.00054311690396023149,-0.0014381706348565852,0.00054311690396023149,0.45521164327499997,0.74291964327500004,False,False,True,True,True,True,0.00021114864864864866,0.091216216216216214,0.060599662162162164,100.21340230491739,764958.03674140328,0,0.92103040540540537,0.30236486486486486,0.99978885135135132,0.00021114864864864866,True,0.17525337837837837,rejected,2550cb5b62da7698b03e7094ff215f116edba500feb003de71077958fb4791de
154,0.61916947830468416,0.67635515145957459,2.423872359740864,0.65928196552799112,0.48602457770096386,0.73707154196081581,3.6536421531586023,1.9920079259857111,0.61916947830468416,0.6763551514595747,0.97475706972181797,0.87995540443807851,0.68441016275314381,0.0053484762545972873,0.67561191931433129,0.69320840619195634,0.67561191931433129,0.69320840619195634,0.077561113011999916,0.1758450431439999,False,False,0.47639569256756759,0.0013053038242223378,0.47424846777672186,0.47854291735841331,0.47424846777672186,0.47854291735841331,0.0021472894676802003,0.0043219244962797998,False,False,717.01520270270271,1.8224704276624417,714.01723884919795,720.01316655620747,714.01723884919795,720.01316655620747,29.880602871860003,68.03831604714,False,False,0.22276182432432431,0.0053066613370666071,0.21403236642484974,0.23149128222379889,0.21403236642484974,0.23149128222379889,0.52468278421999992,5.7185604590200008,False,False,-0.0097601159613628363,0.014916208384876612,-0.034297278754484864,0.014777046831759191,-0.034297278754484864,0.014777046831759191,0.45521164327499997,0.74291964327500004,False,False,False,True,True,True,0.034839527027027029,0.96621621621621623,0.22276182432432431,319.36773436649145,1538684.3975445619,0.98597920318068999,0.037584459459459457,0.018158783783783782,0.037584459459459457,0.96241554054054057,True,0.45861486486486486,rejected,80475f51d4d48a6af4cfd1d156d1dc568d32aa659141047c5e614570edd30318
155,0.020881862379610743,0.35780769214034086,1.1173962391403318,0.031917659878238025,-3.8477713535142688,-0.58489213450870603,-2.3234005423018051,-0.38195192192610916,0.020881862379610532,0.35780769214034081,0.089203392155468478,0.40565620362758636,0.45309772305175433,0.0049280000139771364,0.44499116302876196,0.4612042830747467,0.44499116302876196,0.4612042830747467,0.077561113011999916,0.1758450431439999,False,False,0.43500633445945946,0.0019907803444550701,0.43173150079283085,0.43828116812608808,0.43173150079283085,0.43828116812608808,0.0021472894676802003,0.0043219244962797998,False,False,659.54117398648646,2.7635883197939912,654.99507120042529,664.08727677254763,654.99507120042529,664.08727677254763,29.880602871860003,68.03831604714,False,False,0.2934966216216216,0.0058047746623072242,0.28394776730212623,0.30304547594111697,0.28394776730212623,0.30304547594111697,0.52468278421999992,5.7185604590200008,False,False,-0.077371212972376979,0.013552833020637067,-0.099665623291324959,-0.055076802653429,-0.099665623291324959,-0.055076802653429,0.45521164327499997,0.74291964327500004,False,False,False,True,True,True,0.033994932432432436,0.65688344594594594,0.2934966216216216,319.36773436649145,1538684.3975445619,0.96623750169020273,0.12119932432432433,0.048564189189189186,0.12119932432432433,0.87880067567567566,True,0.43855574324324326,rejected,764f5ff89f3bed7e8798b30d15ecb55e877cd3eabaa5c4282c60b1a9038e8b08
156,0.36279487516731029,0.40222014393657451,0.80850543579468537,0.32444706334098439,-0.56325402837958483,-0.39622299203786315,1.4283270262938392,-0.87836162195313205,0.36279487516731024,0.40222014393657446,0.80664051324129105,0.2935174060985446,0.29951365017446124,0.0044539103301067138,0.29218696768143571,0.30684033266748678,0.29218696768143571,0.30684033266748678,0.077561113011999916,0.1758450431439999,False,False,0.32766607959088312,0.0026625917680085393,0.32328611613250907,0.33204604304925717,0.32328611613250907,0.33204604304925717,0.0021472894676802003,0.0043219244962797998,False,False,510.9505912162162,3.6814672092852221,504.89457765694203,517.00660477549036,504.89457765694203,517.00660477549036,29.880602871860003,68.03831604714,False,False,0.2438766891891892,0.0056869692910697066,0.23452162470537954,0.25323175367299888,0.23452162470537954,0.25323175367299888,0.52468278421999992,5.7185604590200008,False,False,-0.051359982251469483,0.012298707067450704,-0.071591355377425892,-0.031128609125513074,-0.071591355377425892,-0.031128609125513074,0.45521164327499997,0.74291964327500004,False,False,False,True,True,True,0.030616554054054054,0.66195101351351349,0.2438766891891892,319.36773436649145,1538684.3975445619,0.9287551998310648,0.33699324324324326,0.12858952702702703,0.33804898648648651,0.66195101351351349,True,0.36148648648648651,rejected,763fc43041603baf778123a69e4f3c0d7ce91dccc506dd3cef746c1d002fb3dc
157,0.77822067867964484,0.56364743132144213,2.2137752460279687,0.072935964476116874,1.2553272932739077,0.25597837392650369,-1.9062744539376923,1.4094702444865204,0.77822067867964495,0.56364743132144213,0.12939997669309378,0.80368237383663654,0.67174574326452297,0.0053836667871626021,0.66288961139964053,0.6806018751294054,0.66288961139964053,0.6806018751294054,0.077561113011999916,0.1758450431439999,False,False,0.48235325168918924,0.0010918414604848125,0.48055717248669172,0.48414933089168677,0.48055717248669172,0.48414933089168677,0.0021472894676802003,0.0043219244962797998,False,False,725.3359375,1.5244665750832815,722.82818998398795,727.84368501601205,722.82818998398795,727.84368501601205,29.880602871860003,68.03831604714,False,False,0.23986486486486486,0.0055211002557714389,0.23078265494412084,0.24894707478560887,0.23078265494412084,0.24894707478560887,0.52468278421999992,5.7185604590200008,False,False,-0.0040137212938250455,0.015003742730665263,-0.028694878085769402,0.020667435498119311,-0.028694878085769402,0.020667435498119311,0.45521164327499997,0.74291964327500004,False,False,False,True,True,True,0.034839527027027029,0.98395270270270274,0.23986486486486486,319.36773436649145,1538684.3975445619,0.98150513077748447,0.025548986486486486,0.012035472972972973,0.025548986486486486,0.97445101351351349,True,0.46157094594594594,rejected,1fee477e1ed9d2ae3509e833965c5d3c85605f1304d8a46ce36ad78aec3e54ee
158,0.19255659077316536,0.98368357028812159,0.43530305658062957,0.65331212269301353,-1.4334828826209778,4.099131712477198,0.68183737754140195,-1.6729510365479954,0.19255659077316523,0.98368357028812181,0.66414865758270014,0.15803112555295229,0.18760010932422294,0.0036689721704795827,0.18156465010378403,0.19363556854466185,0.18156465010378403,0.19363556854466185,0.077561113011999916,0.1758450431439999,False,False,0.2140545995949312,0.0026317067991347451,0.20972544191035455,0.21838375727950785,0.20972544191035455,0.21838375727950785,0.0021472894676802003,0.0043219244962797998,False,False,355.02111486486484,3.6074098404129775,349.08692567738547,360.95530405234422,349.08692567738547,360.95530405234422,29.880602871860003,68.03831604714,False,False,0.15329391891891891,0.005537227017342169,0.14418518047539106,0.16240265736244677,0.14418518047539106,0.16240265736244677,0.52468278421999992,5.7185604590200008,False,False,-0.0013007240361687933,0.0099383941601661578,-0.017649382429642122,0.015047934357304536,-0.017649382429642122,0.015047934357304536,0.45521164327499997,0.74291964327500004,False,False,False,True,True,True,0.021748310810810811,0.43243243243243246,0.15329391891891891,319.36773436649145,1538684.3975445619,0.86071302330326027,0.55933277027027029,0.20333614864864866,0.56756756756756754,0.43243243243243246,True,0.2734375,rejected,1faf75d46224a93aef6f6c45bc21f5861e04106cbe6cf1266b39bd51900fe86d
159,0.66629052627831686,0.052467060275376037,1.8820377483958748,0.014213564882339883,0.69145502577430196,-2.8936761518741476,-0.990038156893701,0.7687451428319293,0.66629052627831697,0.052467060275375836,0.270904541015625,0.68324938043951988,0.27761646603044954,0.0043787132881259131,0.27041348267148241,0.28481944938941667,0.27041348267148241,0.28481944938941667,0.077561113011999916,0.1758450431439999,False,False,0.41065386438371243,0.002101493933611186,0.40719690686292204,0.41411082190450282,0.40719690686292204,0.41411082190450282,0.0021472894676802003,0.0043219244962797998,False,False,625.47508445945948,2.9207372810738854,620.67047163209293,630.27969728682604,620.67047163209293,630.27969728682604,29.880602871860003,68.03831604714,False,False,0.34881756756756754,0.0065279073678013288,0.33807915994753435,0.35955597518760074,0.33807915994753435,0.35955597518760074,0.52468278421999992,5.7185604590200008,False,False,-0.10487617820183709,0.011814465805479457,-0.1243109744518508,-0.085441381951823381,-0.1243109744518508,-0.085441381951823381,0.45521164327499997,0.74291964327500004,False,False,False,True,True,True,0.034417229729729729,0.83002533783783783,0.34881756756756754,319.36773436649145,1538684.3975445619,0.94857710821689079,0.17039695945945946,0.072001689189189186,0.17039695945945946,0.82960304054054057,True,0.42652027027027029,rejected,d121ff16cd57a05579feeb6497fa33bfb2380f9f2525ab54273b0e7b427de9d1
160,0.82486626133322705,0.034110935404896944,2.6724979891889351,0.026245332874517874,1.5496713627106069,-3.3434309684130445,1.2049890353222719,3.4835374474568592,0.82486626133322716,0.034110935404896736,0.76941111590713263,0.97021571267396212,0.28417829915965154,0.0044169753616319215,0.27691237468976704,0.29144422362953604,0.27691237468976704,0.29144422362953604,0.077561113011999916,0.1758450431439999,False,False,0.4131622881312792,0.002140571294247605,0.40964104835224191,0.41668352791031649,0.40964104835224191,0.41668352791031649,0.0021472894676802003,0.0043219244962797998,False,False,628.96537162162167,2.975465788505363,624.07073039953036,633.86001284371298,624.07073039953036,633.86001284371298,29.880602871860003,68.03831604714,False,False,0.34776182432432434,0.0065318630681012579,0.3370169095772978,0.35850673907135089,0.3370169095772978,0.35850673907135089,0.52468278421999992,5.7185604590200008,False,False,-0.099629887391928657,0.011924212725873328,-0.11924521732599028,-0.080014557457867036,-0.11924521732599028,-0.080014557457867036,0.45521164327499997,0.74291964327500004,False,False,False,True,True,True,0.033994932432432436,0.84100506756756754,0.34776182432432434,319.36773436649145,1538684.3975445619,0.9448006982365772,0.16532939189189189,0.0698902027027027,0.16532939189189189,0.83467060810810811,True,0.42694256756756754,rejected,6e3ef964830d91761be6ca438174e6b6ace6e9ad456ac9c181bc6102cffda780
161,0.28495841473340999,0.99230444431304909,1.3664198901430518,0.16921261136423749,-0.91999744580854814,4.8593869809977601,-1.5819117979778727,-0.015756292270046539,0.28495841473340988,0.99230444431304932,0.17052489519119263,0.49606100842356682,0.58203875843778263,0.0052225166860883753,0.5734477184891672,0.59062979838639806,0.5734477184891672,0.59062979838639806,0.077561113011999916,0.1758450431439999,False,False,0.45549197635135136,0.0017815426920837455,0.45256133862287362,0.45842261407982909,0.45256133862287362,0.45842261407982909,0.0021472894676802003,0.0043219244962797998,False,False,687.95122466216219,2.4798294503645204,683.8719052163126,692.03054410801178,683.8719052163126,692.03054410801178,29.880602871860003,68.03831604714,False,False,0.24936655405405406,0.0053630384444520235,0.24054435581293049,0.25818875229517763,0.24054435581293049,0.25818875229517763,0.52468278421999992,5.7185604590200008,False,False,-0.052088293913272743,0.014445309186697118,-0.075850827525389505,-0.028325760301155984,-0.075850827525389505,-0.028325760301155984,0.45521164327499997,0.74291964327500004,False,False,False,True,True,True,0.034417229729729729,0.92018581081081086,0.24936655405405406,319.36773436649145,1538684.3975445619,0.97802427492580923,0.079814189189189186,0.034417229729729729,0.079814189189189186,0.92018581081081086,True,0.44742398648648651,rejected,41f5defa1b59d33566492b5c17afc24f9aa655335c35bd3023fae6df547ff32e
162,0.74415701813995827,0.5844454187899828,1.6701101285455562,0.36644200670187282,1.0676881542600871,0.34104942713746311,0.51932955889367405,0.4318351847007364,0.74415701813995838,0.5844454187899828,0.62699098140001297,0.60631180834025145,0.55207017128780544,0.0053408203951907122,0.54328452173771669,0.5608558208378942,0.54328452173771669,0.5608558208378942,0.077561113011999916,0.1758450431439999,False,False,0.45193834459459464,0.0018589892562625163,0.44888030726804279,0.4549963819211465,0.44888030726804279,0.4549963819211465,0.0021472894676802003,0.0043219244962797998,False,False,682.99894425675677,2.5876211751669373,678.74230742360714,687.2555810899064,678.74230742360714,687.2555810899064,29.880602871860003,68.03831604714,False,False,0.25654560810810811,0.005501775783831481,0.24749518694370531,0.26559602927251091,0.24749518694370531,0.26559602927251091,0.52468278421999992,5.7185604590200008,False,False,-0.052861312460169341,0.014717963708430423,-0.077072362760537388,-0.028650262159801296,-0.077072362760537388,-0.028650262159801296,0.45521164327499997,0.74291964327500004,False,False,False,True,True,True,0.033994932432432436,0.94298986486486491,0.25654560810810811,319.36773436649145,1538684.3975445619,0.96837550190327337,0.086993243243243243,0.037795608108108107,0.086993243243243243,0.9130067567567568,True,0.44467905405405406,rejected,373c5abe06add886253548f024e0ee16da2d4d87c49ce16d76f4afe09f379469
163,0.14588097296655195,0.38725110888481146,0.3192072992658247,0.1208142896133025,-1.767279524439441,-0.45888186994253843,-0.79088256958900827,-2.0319979262399928,0.14588097296655178,0.3872511088848114,0.3119791960343718,0.11588406749069689,0.076523603676627569,0.0026899526416454644,0.072098631581120787,0.080948575772134351,0.072098631581120787,0.080948575772134351,0.077561113011999916,0.1758450431439999,False,True,0.14121301394689528,0.0023278786118492447,0.13738365363040328,0.14504237426338729,0.13738365363040328,0.14504237426338729,0.0021472894676802003,0.0043219244962797998,False,False,255.66997466216216,3.1637081607137141,250.46567473778811,260.87427458653622,250.46567473778811,260.87427458653622,29.880602871860003,68.03831604714,False,False,0.14294763513513514,0.0066478433282773572,0.13201193286011889,0.15388333741015139,0.13201193286011889,0.15388333741015139,0.52468278421999992,5.7185604590200008,False,False,-0.038584863847701587,0.0075228984646671113,-0.050960031822078984,-0.026209695873324189,-0.050960031822078984,-0.026209695873324189,0.45521164327499997,0.74291964327500004,False,False,False,True,True,True,0.014991554054054054,0.28526182432432434,0.14294763513513514,241.52458249665119,1158624.9252501519,0.75967617344349114,0.70101351351351349,0.25021114864864863,0.71473817567567566,0.28526182432432434,True,0.23331925675675674,rejected,41286d981d8c39ac1c126bb275b12838eed814584612cb4798c60ff7b1f98b6f
164,0.48780684918165212,0.36835177522152668,0.53061788000447707,0.21792288036855445,-0.048782274945531154,-0.53929424031576356,0.37065072732795529,-1.432985497924667,0.48780684918165212,0.36835177522152662,0.59161620773375034,0.19263393525034186,0.1735223345395514,0.0037346414784347015,0.16737884930752633,0.17966581977157647,0.16737884930752633,0.17966581977157647,0.077561113011999916,0.1758450431439999,False,True,0.23004736357035083,0.0027311207134185014,0.2255546699967774,0.23454005714392426,0.2255546699967774,0.23454005714392426,0.0021472894676802003,0.0043219244962797998,False,False,376.83994932432432,3.7501510636927748,370.67095082454972,383.00894782409893,370.67095082454972,383.00894782409893,29.880602871860003,68.03831604714,False,False,0.19594594594594594,0.0062842101029137714,0.18560842032665278,0.2062834715652391,0.18560842032665278,0.2062834715652391,0.52468278421999992,5.7185604590200008,False,False,-0.02453631248729593,0.0098822786113732745,-0.040792660803004963,-0.0082799641715868948,-0.040792660803004963,-0.0082799641715868948,0.45521164327499997,0.74291964327500004,False,False,False,True,True,True,0.025337837837837839,0.47951858108108109,0.19594594594594594,319.36773436649145,1158624.9252501519,0.86185475984240967,0.52871621621621623,0.19594594594594594,0.53526182432432434,0.46473817567567566,True,0.2890625,rejected,18fba8fdefb61716483e4c1b02b5f30aa6725e7ad1e710e26466dd1cfb5f0033
165,0.90322205051779725,0.65992127452045668,1.977708480337858,0.30977665909787022,2.2335492525801994,0.66294341054056571,-0.1224946727628117,0.93447062785468127,0.90322205051779747,0.65992127452045679,0.46941456664353615,0.71798139810562134,0.23715332577277265,0.0037069461860423174,0.23105539929673305,0.24325125224881225,0.23105539929673305,0.24325125224881225,0.077561113011999916,0.1758450431439999,False,False,0.34922480002995787,0.0029898534833525375,0.34430649104984296,0.35414310901007279,0.34430649104984296,0.35414310901007279,0.0021472894676802003,0.0043219244962797998,False,False,541.30447635135135,4.1269959738199056,534.51556797441765,548.09338472828506,534.51556797441765,548.09338472828506,29.880602871860003,68.03831604714,False,False,0.67504222972972971,0.018411798559799533,0.64475482109885951,0.70532963836059992,0.64475482109885951,0.70532963836059992,0.52468278421999992,5.7185604590200008,True,True,0.012411427825924942,0.01036841452995391,-0.0046446140758492384,0.029467469727699123,-0.0046446140758492384,0.029467469727699123,0.45521164327499997,0.74291964327500004,False,False,False,True,True,True,0.02364864864864865,0.99303209459459463,0.67504222972972971,319.36773436649145,1538684.3975445619,0.50590923213856032,0.2934966216216216,0.11085304054054054,0.29455236486486486,0.70544763513513509,True,0.375,rejected,73de294b2e6d031e6d5da483f10cd19602ac78ca07690c4af4474738649c4bcc
166,0.067559516057372287,0.7633212087675928,0.88261759723233069,0.72472713083893925,-2.6247963965301313,1.1709750134289736,2.9326963695895785,-0.75182917008136452,0.067559516057372093,0.76332120876759291,0.94943926949054014,0.32042286451905966,0.35927674036928137,0.0047695117376214636,0.35143089356089408,0.36712258717766866,0.35143089356089408,0.36712258717766866,0.077561113011999916,0.1758450431439999,False,False,0.3480469367096406,0.0026236593942961834,0.34373101700602338,0.35236285641325782,0.34373101700602338,0.35236285641325782,0.0021472894676802003,0.0043219244962797998,False,False,539.125,3.6304694234524173,533.15287779842072,545.09712220157928,533.15287779842072,545.09712220157928,29.880602871860003,68.03831604714,False,False,0.22529560810810811,0.0053295493228658975,0.21652849947199371,0.23406271674422252,0.21652849947199371,0.23406271674422252,0.52468278421999992,5.7185604590200008,False,False,-0.054787862183646452,0.013373654306076031,-0.07678752351714152,-0.032788200850151383,-0.07678752351714152,-0.032788200850151383,0.45521164327499997,0.74291964327500004,False,False,False,True,True,True,0.03146114864864865,0.6205658783783784,0.22529560810810811,319.36773436649145,1538684.3975445619,0.94149916811048495,0.29624155405405406,0.11064189189189189,0.296875,0.703125,True,0.3766891891891892,rejected,12b2b58526cdaf19d73c14f43b6f1c38044ef5a595e3945c35c917b30d21f601
167,0.54130476899445057,0.21029378566890969,2.2876155608371271,0.023263490090043477,0.16559645923775101,-1.3231554632694822,-2.0843854294777246,1.5890978702023935,0.54130476899445057,0.21029378566890955,0.11062376387417315,0.83048914186656475,0.61987850785046561,0.0050434826397174476,0.61158197890813037,0.62817503679280084,0.61158197890813037,0.62817503679280084,0.077561113011999916,0.1758450431439999,False,False,0.48235325168918924,0.0010527073114048949,0.4806215481619282,0.48408495521645029,0.4806215481619282,0.48408495521645029,0.0021472894676802003,0.0043219244962797998,False,False,725.32284628378375,1.470590725915224,722.90372453965324,727.74196802791425,722.90372453965324,727.74196802791425,29.880602871860003,68.03831604714,False,False,0.28188344594594594,0.0056032277400990338,0.27266613631348302,0.29110075557840887,0.27266613631348302,0.29110075557840887,0.52468278421999992,5.7185604590200008,False,False,-0.041984573882914211,0.014226656166960002,-0.065387423277563417,-0.018581724488265009,-0.065387423277563417,-0.018581724488265009,0.45521164327499997,0.74291964327500004,False,False,False,True,True,True,0.034839527027027029,0.97445101351351349,0.28188344594594594,319.36773436649145,1538684.3975445619,0.98431043078725478,0.025548986486486486,0.012880067567567568,0.025548986486486486,0.97445101351351349,True,0.46220439189189189,rejected,30b2f9e593b4ff715901ecc0571852847698f0f887e8d027056062b05f0a898c
168,0.032832293771207534,0.15223818272352235,1.8421318290359527,0.11253981494444434,-3.3829593125970643,-1.7171534344875696,1.0419969966793501,0.70259133684508057,0.032832293771207326,0.15223818272352219,0.73923514410853386,0.66876205429434787,0.47109355175355372,0.0050783144408943735,0.46273972449828249,0.47944737900882495,0.46273972449828249,0.47944737900882495,0.077561113011999916,0.1758450431439999,False,False,0.43573814112358278,0.002043427967246398,0.43237670211746243,0.43909958012970313,0.43237670211746243,0.43909958012970313,0.0021472894676802003,0.0043219244962797998,False,False,660.45396959459458,2.8412008716024073,655.78019416080861,665.12774502838056,655.78019416080861,665.12774502838056,29.880602871860003,68.03831604714,False,False,0.29180743243243246,0.0057693115093504178,0.28231691499955103,0.30129794986531389,0.28231691499955103,0.30129794986531389,0.52468278421999992,5.7185604590200008,False,False,-0.06925437687526026,0.014038055199692309,-0.092346977678754105,-0.046161776071766414,-0.092346977678754105,-0.046161776071766414,0.45521164327499997,0.74291964327500004,False,False,False,True,True,True,0.033783783783783786,0.59839527027027029,0.29180743243243246,319.36773436649145,1538684.3975445619,0.96932816539117406,0.11972128378378379,0.050253378378378379,0.11972128378378379,0.88027871621621623,True,0.43602195945945948,rejected,050e3526cb306d7587c8c0419c713032b8be6c83cddf16f45367301d4741c83b
169,0.57713067065924406,0.8135643247514962,0.49151665416559243,0.26180086274102893,0.31100548924812943,1.4733387203823589,-0.74553529469883373,-1.5269611385227628,0.57713067065924406,0.81356432475149632,0.32179491501301527,0.17843874264508486,0.19583777847689693,0.0037336214257519327,0.189695971231535,0.20197958572225885,0.189695971231535,0.20197958572225885,0.077561113011999916,0.1758450431439999,False,False,0.23757150975245189,0.0027691464597883308,0.23301626382610008,0.24212675567880371,0.23301626382610008,0.24212675567880371,0.0021472894676802003,0.0043219244962797998,False,False,387.30025337837839,3.8024782550891136,381.04517664875681,393.55533010799996,381.04517664875681,393.55533010799996,29.880602871860003,68.03831604714,False,False,0.19404560810810811,0.0067166809584690993,0.18299666793142644,0.20509454828478979,0.18299666793142644,0.20509454828478979,0.52468278421999992,5.7185604590200008,False,False,-0.0031096261965930239,0.010096562763015085,-0.01971847194175284,0.013499219548566792,-0.01971847194175284,0.013499219548566792,0.45521164327499997,0.74291964327500004,False,False,False,True,True,True,0.024704391891891893,0.61338682432432434,0.19404560810810811,319.36773436649145,1538684.3975445619,0.84784909107716733,0.51372466216216217,0.19003378378378377,0.5200591216216216,0.4799408783783784,True,0.29159628378378377,rejected,b3c6d08b551ef7b95648d8071ef6443a78daccefbe2474776d8fd0b14e4a27b6
170,0.39765632245689642,0.7338312491774559,2.1562169865753873,0.62280755450359149,-0.41524005451133461,1.014148587206761,1.7244939257271636,1.2819798057415108,0.39765632245689636,0.73383124917745601,0.84870677720755328,0.78278659470379353,0.66229481150856284,0.0053186189594560535,0.65354568332025764,0.67104393969686804,0.65354568332025764,0.67104393969686804,0.077561113011999916,0.1758450431439999,False,False,0.47190139358108113,0.0014233130091256575,0.46956004368106941,0.47424274348109285,0.46956004368106941,0.47424274348109285,0.0021472894676802003,0.0043219244962797998,False,False,710.7523226351351,1.9858740107907022,707.4855598873844,714.01908538288581,707.4855598873844,714.01908538288581,29.880602871860003,68.03831604714,False,False,0.2274070945945946,0.0052842099254834761,0.21871456926717428,0.23609961992201492,0.21871456926717428,0.23609961992201492,0.52468278421999992,5.7185604590200008,False,False,-0.025965866200473031,0.014753693036316186,-0.050235691245213154,-0.0016960411557329046,-0.050235691245213154,-0.0016960411557329046,0.45521164327499997,0.74291964327500004,False,False,False,True,True,True,0.034839527027027029,0.95333614864864868,0.2274070945945946,319.36773436649145,1538684.3975445619,0.98529632951126112,0.04666385135135135,0.02322635135135135,0.04666385135135135,0.95333614864864868,True,0.45629222972972971,rejected,c1fe8d8ca822c01471d39715e7f4b5a2504ee89d3d9a7f0b83af9431d8638326
171,0.99251804221421458,0.30225431360304367,0.84975667375573916,0.063883556319623391,4.887750697142466,-0.83658592920344832,-1.3167652715897089,-0.8071734992549866,0.9925180422142148,0.30225431360304356,0.21135697141289714,0.30849313270300627,9.250407405312406e-05,4.6838508799062318e-05,1.5454727078666552e-05,0.00016955342102758158,1.5454727078666552e-05,0.00016955342102758158,0.077561113011999916,0.1758450431439999,False,False,1.8612398115630541e-05,2.5052866508659358e-06,1.4491201574956075e-05,2.2733594656305006e-05,1.4491201574956075e-05,2.2733594656305006e-05,0.0021472894676802003,0.0043219244962797998,False,False,83.141469594594597,0.30217647954065385,82.644389285750222,83.638549903438971,82.644389285750222,83.638549903438971,29.880602871860003,68.03831604714,False,False,0.014991554054054054,0.0021139986664189914,0.011514026247794813,0.018469081860313295,0.011514026247794813,0.018469081860313295,0.52468278421999992,5.7185604590200008,False,False,9.7433158695518668e-05,5.6594408729704718e-05,4.3353563351544087e-06,0.00019053096105588294,4.3353563351544087e-06,0.00019053096105588294,0.45521164327499997,0.74291964327500004,False,False,True,True,True,True,0.00021114864864864866,0.99978885135135132,0.014991554054054054,100.21340230491739,764958.03674140328,0,0.92166385135135132,0.30510979729729731,0.99978885135135132,0.00021114864864864866,True,0.17461993243243243,rejected,976971f5894d6aed29ae3e159562c3bde3ba836137553b4ad31d84e52797b7fc
172,0.65498673450201739,0.43771595600992436,1.0546205602946879,0.40813154776721922,0.64103211575054864,-0.25043694081885914,2.6243420694437729,-0.47739981778370832,0.6549867345020175,0.43771595600992436,0.93241185788065195,0.38286630809307098,0.37443079242007532,0.0048358661896059025,0.36647579253817358,0.38238579230197706,0.36647579253817358,0.38238579230197706,0.077561113011999916,0.1758450431439999,False,False,0.37375867882037939,0.0025391539716716279,0.36958177053697955,0.37793558710377922,0.36958177053697955,0.37793558710377922,0.0021472894676802003,0.0043219244962797998,False,False,574.59163851351354,3.519192936638905,568.80256613274253,580.38071089428456,568.80256613274253,580.38071089428456,29.880602871860003,68.03831604714,False,False,0.25295608108108109,0.0057170660166532281,0.24355150748368654,0.26236065467847564,0.24355150748368654,0.26236065467847564,0.52468278421999992,5.7185604590200008,False,False,-0.053099838438259828,0.013298846571483936,-0.074976441048350911,-0.031223235828168751,-0.074976441048350911,-0.031223235828168751,0.45521164327499997,0.74291964327500004,False,False,False,True,True,True,0.032516891891891893,0.79265202702702697,0.25295608108108109,319.36773436649145,1538684.3975445619,0.93981259001277329,0.24472128378378377,0.096283783783783786,0.24493243243243243,0.75506756756756754,True,0.39759290540540543,rejected,a5e03cb77ff874712f2f34638cb96aba56fc14f5c0f4ad9d7b138a76ae1a9341
173,0.23614993598312153,0.52616808842867613,2.459916686045061,0.0039595965568278053,-1.1739045933634793,0.10476807957421662,-4.8819247773686509,2.1221851223332,0.23614993598312142,0.52616808842867613,0.007525345310568806,0.89304082933813334,0.7552757681995137,0.0048483694549647975,0.74730020044609657,0.76325133595293082,0.74730020044609657,0.76325133595293082,0.077561113011999916,0.1758450431439999,False,False,0.49186444256756745,0.00055180481563786381,0.49095672364584314,0.49277216148929176,0.49095672364584314,0.49277216148929176,0.0021472894676802003,0.0043219244962797998,False,False,738.60071790540542,0.77419117106322011,737.32717342900639,739.87426238180444,737.32717342900639,739.87426238180444,29.880602871860003,68.03831604714,False,False,0.21853885135135134,0.0051584322283236101,0.21005323033575901,0.22702447236694367,0.21005323033575901,0.22702447236694367,0.52468278421999992,5.7185604590200008,False,False,-9.9144206711088145e-07,0.0137720796457221,-0.022656062459279966,0.022654079575145744,-0.022656062459279966,0.022654079575145744,0.45521164327499997,0.74291964327500004,False,False,False,True,True,True,0.034839527027027029,0.99366554054054057,0.21853885135135134,319.36773436649145,1538684.3975445619,0.9921219019689963,0.0063344594594594598,0.0038006756756756759,0.0063344594594594598,0.99366554054054057,True,0.46579391891891891,rejected,73352774adedd7a3cdd926caaa958c321d6b13bc6dbc86426ef8c375f9c10d33
174,0.78915843833237886,0.92644397262483813,0.014323434876837441,0.50224999834461348,1.3198601508816912,2.5333061787782554,0.16890716327222866,-5.2538952361546487,0.78915843833237898,0.92644397262483835,0.54212668351829052,0.0051999371498823166,0.00013401275404854347,5.9133853347268578e-05,3.6737565292286665e-05,0.00023128794280480026,3.6737565292286665e-05,0.00023128794280480026,0.077561113011999916,0.1758450431439999,False,False,2.7377759625690941e-05,3.0137416668739633e-06,2.2420154583683272e-05,3.2335364667698614e-05,2.2420154583683272e-05,3.2335364667698614e-05,0.0021472894676802003,0.0043219244962797998,False,False,83.16638513513513,0.30250841917047355,82.668758785599707,83.664011484670553,82.668758785599707,83.664011484670553,29.880602871860003,68.03831604714,False,False,0.022170608108108107,0.002540617349068137,0.017991292568891024,0.026349923647325191,0.017991292568891024,0.026349923647325191,0.52468278421999992,5.7185604590200008,False,False,0.00015638014698046525,8.9156441403188169e-05,9.7178008722207158e-06,0.00030304249308870979,9.7178008722207158e-06,0.00030304249308870979,0.45521164327499997,0.74291964327500004,False,False,True,True,True,True,0.00021114864864864866,0.86127533783783783,0.022170608108108107,100.21340230491739,764958.03674140328,0,0.92166385135135132,0.30510979729729731,0.99978885135135132,0.00021114864864864866,True,0.17461993243243243,rejected,6a9aecfb99eb111724199dc133ebc08e6462d3a3c81bd620c9b37a1c42731969
175,0.3198117027059198,0.1077839238569142,1.4610423291726597,0.042773220442914227,-0.75463727406622261,-2.1135798230618952,-0.41863970807146589,0.1218001831208563,0.31981170270591974,0.10778392385691402,0.3968423018231988,0.53041245695203543,0.34947927804093076,0.0046936285197471291,0.34175825912594676,0.35720029695591476,0.34175825912594676,0.35720029695591476,0.077561113011999916,0.1758450431439999,False,False,0.40271050976383671,0.0022760961149882976,0.39896633165468098,0.40645468787299244,0.39896633165468098,0.40645468787299244,0.0021472894676802003,0.0043219244962797998,False,False,614.62880067567562,3.1580995285019795,609.43372695128983,619.82387440006141,609.43372695128983,619.82387440006141,29.880602871860003,68.03831604714,False,False,0.31397804054054052,0.0062399666884878878,0.30371329533797792,0.32424278574310311,0.30371329533797792,0.32424278574310311,0.52468278421999992,5.7185604590200008,False,False,-0.092371516797166264,0.012786711835806014,-0.11340565776706715,-0.071337375827265376,-0.11340565776706715,-0.071337375827265376,0.45521164327499997,0.74291964327500004,False,False,False,True,True,True,0.033361486486486486,0.8135557432432432,0.31397804054054052,319.36773436649145,1538684.3975445619,0.95357485102643758,0.18644425675675674,0.074535472972972971,0.18644425675675674,0.8135557432432432,True,0.41807432432432434,rejected,24a58dd71a3043cd9b97498e648bd3d40f12301086bab06febbb1fcaba368a12
176,0.59672221355140209,0.078691608272493066,0.98480247145392019,0.040612368315563398,0.39182608028159599,-2.4602583042277839,0.064403407919490063,-0.58614544114803113,0.59672221355140209,0.078691608272492886,0.516095289029181,0.35751975700259209,0.14689161499116576,0.003664651566530109,0.14086326316422373,0.15291996681810779,0.14086326316422373,0.15291996681810779,0.077561113011999916,0.1758450431439999,True,True,0.28324782253745778,0.0027026103265167913,0.27880202855033764,0.28769361652457792,0.27880202855033764,0.28769361652457792,0.0021472894676802003,0.0043219244962797998,False,False,449.32347972972974,3.7330550714765773,443.18260413715075,455.46435532230873,443.18260413715075,455.46435532230873,29.880602871860003,68.03831604714,False,False,0.26625844594594594,0.0066975834033262413,0.25524092124747427,0.27727597064441761,0.25524092124747427,0.27727597064441761,0.52468278421999992,5.7185604590200008,False,False,-0.075310549444266267,0.0099557496104208006,-0.09168775755340848,-0.058933341335124054,-0.09168775755340848,-0.058933341335124054,0.45521164327499997,0.74291964327500004,False,False,False,True,True,True,0.03125,0.57411317567567566,0.26625844594594594,319.36773436649145,1158624.9252501519,0.89323318635440363,0.42652027027027029,0.16891891891891891,0.42778716216216217,0.57221283783783783,True,0.33361486486486486,rejected,a4cb01846592c1746d5f269bef92e2173f583cec3e78d53d54e46b0275ac8875
177,0.012141162529587961,0.88516179192811228,2.3791087775539417,0.37085418657636476,-4.3989382691765178,2.042246192599098,-0.32701258318911675,1.8464059414898819,0.012141162529587744,0.88516179192811251,0.41896768473088741,0.8637045668438077,0.72119787324884277,0.0052377782036636617,0.71258172810381604,0.7298140183938695,0.71258172810381604,0.7298140183938695,0.077561113011999916,0.1758450431439999,False,False,0.48151710304054057,0.0011279308885310424,0.47966165672890698,0.48337254935217416,0.47966165672890698,0.48337254935217416,0.0021472894676802003,0.0043219244962797998,False,False,724.1507601351351,1.5764790030414393,721.55745217513197,726.74406809513823,721.55745217513197,726.74406809513823,29.880602871860003,68.03831604714,False,False,0.21072635135135134,0.0052160724181666068,0.20214591222346728,0.2193067904792354,0.20214591222346728,0.2193067904792354,0.52468278421999992,5.7185604590200008,False,False,-0.0054669463046237432,0.014827422459718518,-0.029858056250860705,0.018924163641613218,-0.029858056250860705,0.018924163641613218,0.45521164327499997,0.74291964327500004,False,False,False,True,True,True,0.034839527027027029,0.77956081081081086,0.21072635135135134,319.36773436649145,1538684.3975445619,0.98941331514823627,0.027238175675675675,0.013091216216216216,0.027238175675675675,0.97276182432432434,True,0.46135979729729731,rejected,a7db1cc76f93d86ceb53830f6de50a4a83ae59a26dba08ac29728bf4468e9118
178,0.95864421129226651,0.53516266401857138,0.61134609029229758,0.46908830943968699,3.1433076017473049,0.14088321628416861,1.9600103513349014,-1.2543892451784457,0.95864421129226673,0.53516266401857138,0.87653407268226147,0.22194126434624192,0.00012347891510327446,5.6150389982271136e-05,3.111152358243844e-05,0.00021584630662411049,3.111152358243844e-05,0.00021584630662411049,0.077561113011999916,0.1758450431439999,False,False,2.4974235143008043e-05,2.8826800131647981e-06,2.0232226521351951e-05,2.9716243764664136e-05,2.0232226521351951e-05,2.9716243764664136e-05,0.0021472894676802003,0.0043219244962797998,False,False,83.164695945945951,0.30249431946925803,82.667092790419019,83.662299101472883,82.667092790419019,83.662299101472883,29.880602871860003,68.03831604714,False,False,0.018792229729729729,0.0023033598215024733,0.01500320282335816,0.022581256636101298,0.01500320282335816,0.022581256636101298,0.52468278421999992,5.7185604590200008,False,False,0.00014650472470689711,8.0066122543793894e-05,1.4795953122356142e-05,0.0002782134962914381,1.4795953122356142e-05,0.0002782134962914381,0.45521164327499997,0.74291964327500004,False,False,True,True,True,True,0.00021114864864864866,0.99493243243243246,0.018792229729729729,100.21340230491739,764958.03674140328,0,0.92166385135135132,0.30510979729729731,0.99978885135135132,0.00021114864864864866,True,0.17461993243243243,rejected,8d5dfc411753c8f8ecca0df288fb63ccc7534c4c73fd898ed6c22f2ced8ab1c3
179,0.43238559737801563,0.49897379148751497,2.0476190223781199,0.029687265084612769,-0.27212454291340971,-0.0041048398137104002,-2.7604953435766193,1.0635140563732519,0.43238559737801557,0.49897379148751497,0.059496642090380192,0.74336151313036669,0.68733255433740903,0.0050213237395593854,0.67907247678583382,0.69559263188898424,0.67907247678583382,0.69559263188898424,0.077561113011999916,0.1758450431439999,False,False,0.48559332770270269,0.00092758050069468277,0.48406745777905996,0.48711919762634542,0.48406745777905996,0.48711919762634542,0.0021472894676802003,0.0043219244962797998,False,False,729.84565033783781,1.2966586408866918,727.71264687357916,731.97865380209646,727.71264687357916,731.97865380209646,29.880602871860003,68.03831604714,False,False,0.24514358108108109,0.0053430761195536998,0.23635422086441524,0.25393294129774691,0.23635422086441524,0.25393294129774691,0.52468278421999992,5.7185604590200008,False,False,-0.012465493720741461,0.014045821612632067,-0.03557087027352121,0.010639882832038289,-0.03557087027352121,0.010639882832038289,0.45521164327499997,0.74291964327500004,False,False,False,True,True,True,0.034839527027027029,0.9809966216216216,0.24514358108108109,319.36773436649145,1538684.3975445619,0.98800618845313226,0.019003378378378379,0.0095016891891891893,0.019003378378378379,0.9809966216216216,True,0.46389358108108109,rejected,24e83764d12fc00fc40c6dbce575732704a3fcf3b11092113418a736c3e77b8b
180,0.21497052349150195,0.26101790927350532,1.5786010989171266,0.21979915336924533,-1.2952203480807241,-1.0406846633095623,1.6738207969791625,0.29447218116068669,0.21497052349150181,0.26101790927350521,0.84208456799387943,0.57309064269065857,0.48341120615398847,0.0051276187302772757,0.47497627334268233,0.49184613896529461,0.47497627334268233,0.49184613896529461,0.077561113011999916,0.1758450431439999,False,False,0.42936250633251288,0.0021449817741648427,0.42583401131401172,0.43289100135101405,0.42583401131401172,0.43289100135101405,0.0021472894676802003,0.0043219244962797998,False,False,651.64231418918916,2.9805758882771771,646.73926685297317,656.54536152540516,646.73926685297317,656.54536152540516,29.880602871860003,68.03831604714,False,False,0.26879222972972971,0.0055066614522036907,0.25973377164085465,0.27785068781860478,0.25973377164085465,0.27785068781860478,0.52468278421999992,5.7185604590200008,False,False,-0.065329278706910687,0.014210792041419279,-0.088706031615045394,-0.041952525798775973,-0.088706031615045394,-0.041952525798775973,0.45521164327499997,0.74291964327500004,False,False,False,True,True,True,0.033783783783783786,0.86739864864864868,0.26879222972972971,319.36773436649145,1538684.3975445619,0.96898360808485773,0.13260135135135134,0.054054054054054057,0.13260135135135134,0.86739864864864868,True,0.4313766891891892,rejected,1d4563a249748d0b0a1229a669332a867b4d76bf006a1d3d1c98fec03054192f
181,0.67506655864417531,0.70481522753834713,0.21703821743292784,0.15638839831555604,0.73119092588213974,0.8703341722691228,-1.2547112234254991,-2.458861870603207,0.67506655864417542,0.70481522753834724,0.22188566904515025,0.078792908228933811,0.0011569511892138686,0.00025004855535432362,0.00074562131565600624,0.0015682810627717309,0.00074562131565600624,0.0015682810627717309,0.077561113011999916,0.1758450431439999,False,False,0.00011975990085101964,7.2817610102698496e-06,0.00010778140398912574,0.00013173839771291355,0.00010778140398912574,0.00013173839771291355,0.0021472894676802003,0.0043219244962797998,False,False,83.668285472972968,0.31457203788271504,83.150814470655902,84.185756475290034,83.150814470655902,84.185756475290034,29.880602871860003,68.03831604714,False,False,0.0855152027027027,0.0065262268245887692,0.074779559576254179,0.096250845829151221,0.074779559576254179,0.096250845829151221,0.52468278421999992,5.7185604590200008,False,False,-0.00041512897732395729,0.00084468589532152706,-0.0018046372751278693,0.00097437932047995468,-0.0018046372751278693,0.00097437932047995468,0.45521164327499997,0.74291964327500004,False,False,True,True,True,True,0.00021114864864864866,0.60472972972972971,0.0855152027027027,100.21340230491739,764958.03674140328,0,0.9208192567567568,0.29961993243243246,0.99978885135135132,0.00021114864864864866,True,0.17567567567567569,rejected,e18edc8382992e1c46844b470d2f25ddfaeb6d5fa4d842b74eebc731af001f3a
182,0.35405269637703901,0.87486793659627426,2.6026137677964933,0.61482790664312059,-0.60127216523885196,1.9447032585412123,0.86050682152822144,2.840876425752509,0.35405269637703896,0.87486793659627438,0.70276653300970793,0.94484515301883221,0.72896517462317556,0.005220998231473521,0.72037663253240158,0.73755371671394954,0.72037663253240158,0.73755371671394954,0.077561113011999916,0.1758450431439999,False,False,0.48109902871621613,0.0011448679644374873,0.47921572091471648,0.48298233651771577,0.47921572091471648,0.48298233651771577,0.0021472894676802003,0.0043219244962797998,False,False,723.56503378378375,1.6002862054325209,720.9325629758473,726.19750459172019,720.9325629758473,726.19750459172019,29.880602871860003,68.03831604714,False,False,0.2048141891891892,0.0051724749556950759,0.19630546788707079,0.21332291049130761,0.19630546788707079,0.21332291049130761,0.52468278421999992,5.7185604590200008,False,False,0.0003188047650480863,0.01479573434772203,-0.024020178236954653,0.024657787767050826,-0.024020178236954653,0.024657787767050826,0.45521164327499997,0.74291964327500004,False,False,False,True,True,True,0.034839527027027029,0.97191722972972971,0.2048141891891892,319.36773436649145,1538684.3975445619,0.98966848703497556,0.028082770270270271,0.013302364864864864,0.028082770270270271,0.97191722972972971,True,0.46157094594594594,rejected,85b7c68d6b8ca287af49e0ccb85082c422a60b9bc9fb4a36325fb6e1e21edcce
183,0.7557728886604308,0.16130905225873007,1.2856653797303328,0.058421224882282546,1.1296423426612543,-1.6485201765365189,-0.56596007661011538,-0.13322015358421074,0.75577288866043091,0.16130905225872993,0.36216953769326216,0.46674413140863186,0.34160332789565967,0.0047541240165397897,0.33378279388845172,0.34942386190286762,0.33378279388845172,0.34942386190286762,0.077561113011999916,0.1758450431439999,False,False,0.39142232929965404,0.0024404337749562985,0.38740781573985095,0.39543684285945713,0.38740781573985095,0.39543684285945713,0.0021472894676802003,0.0043219244962797998,False,False,599.01097972972968,3.3844443878845771,593.44356871165951,604.57839074779986,593.44356871165951,604.57839074779986,29.880602871860003,68.03831604714,False,False,0.30109797297297297,0.0065281241805741205,0.29035920869592852,0.31183673725001743,0.29035920869592852,0.31183673725001743,0.52468278421999992,5.7185604590200008,False,False,-0.07307077356964059,0.012904293964501816,-0.09429833714124608,-0.0518432099980351,-0.09429833714124608,-0.0518432099980351,0.45521164327499997,0.74291964327500004,False,False,False,True,True,True,0.033361486486486486,0.83868243243243246,0.30109797297297297,319.36773436649145,1538684.3975445619,0.93207155555993482,0.2092483108108108,0.083826013513513514,0.2092483108108108,0.79075168918918914,True,0.41110641891891891,rejected,dd3aacf4cbf82d76c73f5ca1ef5658b4ed7ccdb16d2878a03db57c176e847dbe
184,0.26390197593718778,0.2281384738162161,0.095057222268786878,0.22621844622559054,-1.0257855638005495,-1.2188523778112057,4.7691615526038138,-3.3314078884687714,0.26390197593718767,0.22813847381621599,0.99158393777906895,0.034509290941059596,0.0012630903308414754,0.00042186334990059339,0.00056912512025499929,0.0019570555414279516,0.00056912512025499929,0.0019570555414279516,0.077561113011999916,0.1758450431439999,False,False,0.011825305739807928,0.00090753909537026622,0.010332403927923841,0.013318207551692015,0.010332403927923841,0.013318207551692015,0.0021472894676802003,0.0043219244962797998,False,False,94.875211148648646,1.0652929859602474,93.122804186744034,96.627618110553257,93.122804186744034,96.627618110553257,29.880602871860003,68.03831604714,False,False,0.10050675675675676,0.0083480999761428899,0.086774132296001699,0.11423938121751182,0.086774132296001699,0.11423938121751182,0.52468278421999992,5.7185604590200008,False,False,-0.0031298274400603813,0.0015299099515443987,-0.0056465293103509177,-0.00061312556976984541,-0.0056465293103509177,-0.00061312556976984541,0.45521164327499997,0.74291964327500004,False,False,False,True,True,True,0.00042229729729729732,0.024282094594594593,0.10050675675675676,100.21340230491739,764958.03674140328,0.088271502978648428,0.91195101351351349,0.3029983108108108,0.97614020270270274,0.023859797297297296,True,0.17736486486486486,rejected,399bea8fdd9fa1a0d6d1c78bc1b0b1576e2f1cac5017821592ee8ad6e4e583d6
185,0.84506916347891081,0.80022603180259455,1.5309479303193838,0.057924447069906251,1.6964396729362319,1.3877076590905422,-2.5506160843644738,0.22409625371862502,0.84506916347891092,0.80022603180259466,0.072385107167065157,0.55579077824950218,0.44157016515294867,0.0050524611142732387,0.43325886661996921,0.44988146368592813,0.43325886661996921,0.44988146368592813,0.077561113011999916,0.1758450431439999,False,False,0.43971021896624302,0.0021207807413102524,0.43622153464678765,0.44319890328569839,0.43622153464678765,0.44319890328569839,0.0021472894676802003,0.0043219244962797998,False,False,666.03948479729729,2.9492922425286427,661.18789905833762,670.89107053625696,661.18789905833762,670.89107053625696,29.880602871860003,68.03831604714,False,False,0.31482263513513514,0.0079268840416304807,0.30178291088665299,0.3278623593836173,0.30178291088665299,0.3278623593836173,0.52468278421999992,5.7185604590200008,False,False,-0.024290404723687264,0.013890574050931415,-0.047140399037469444,-0.0014404104099050886,-0.047140399037469444,-0.0014404104099050886,0.45521164327499997,0.74291964327500004,False,False,False,True,True,True,0.033361486486486486,0.98500844594594594,0.31482263513513514,319.36773436649145,1538684.3975445619,0.90632518955562957,0.11169763513513513,0.049408783783783786,0.11169763513513513,0.88830236486486491,True,0.43517736486486486,rejected,d4395c02709a7cba8d5630ca632a365b7314e918b434938619e5f08896144c94
186,0.18024301808327448,0.65335094649344672,1.1568110321433287,0.39209597336515639,-1.5147018920310706,0.63380152712766469,0.40600980084203742,-0.32291611670709464,0.18024301808327434,0.65335094649344683,0.60013071913272142,0.41996523272246128,0.46466896333461227,0.0051319574633974458,0.45622689330732347,0.47311103336190108,0.45622689330732347,0.47311103336190108,0.077561113011999916,0.1758450431439999,False,False,0.41075802364864866,0.002302498527418745,0.40697041357104485,0.41454563372625247,0.40697041357104485,0.41454563372625247,0.0021472894676802003,0.0043219244962797998,False,False,625.84776182432438,3.196004141561799,620.59033501145518,631.10518863719358,620.59033501145518,631.10518863719358,29.880602871860003,68.03831604714,False,False,0.24683277027027026,0.0054247026868816097,0.23790913435035002,0.25575640619019052,0.23790913435035002,0.25575640619019052,0.52468278421999992,5.7185604590200008,False,False,-0.05453791529000046,0.014235667128414927,-0.077955587716243016,-0.031120242863757905,-0.077955587716243016,-0.031120242863757905,0.45521164327499997,0.74291964327500004,False,False,False,True,True,True,0.033572635135135136,0.82981418918918914,0.24683277027027026,319.36773436649145,1538684.3975445619,0.96367428592024051,0.1701858108108108,0.068623310810810814,0.1701858108108108,0.82981418918918914,True,0.421875,rejected,81018e6af88761f25167f8e042f7fc3b3a43acddd9663b12eb22dc0e8ae07582
187,0.71089265402406443,0.32029470708221203,2.5514049823912601,0.14887507575248216,0.89972338102666882,-0.75241777985784564,-0.14100699827618585,2.5305285905827337,0.71089265402406454,0.32029470708221197,0.46480654366314417,0.92625446803867817,0.6609969394728904,0.0053219436243437937,0.65224234221084487,0.66975153673493593,0.65224234221084487,0.66975153673493593,0.077561113011999916,0.1758450431439999,False,False,0.47785895270270268,0.0012495135603092216,0.47580350289599399,0.47991440250941136,0.47580350289599399,0.47991440250941136,0.0021472894676802003,0.0043219244962797998,False,False,719.07094594594594,1.7435185877883885,716.20285786903401,721.93903402285787,716.20285786903401,721.93903402285787,29.880602871860003,68.03831604714,False,False,0.24429898648648649,0.0054061463648834625,0.23540587571625318,0.25319209725671976,0.23540587571625318,0.25319209725671976,0.52468278421999992,5.7185604590200008,False,False,-0.013956523385765474,0.01473049430914279,-0.038188186524305362,0.010275139752774415,-0.038188186524305362,0.010275139752774415,0.45521164327499997,0.74291964327500004,False,False,False,True,True,True,0.034839527027027029,0.97107263513513509,0.24429898648648649,319.36773436649145,1538684.3975445619,0.98424693043572098,0.034628378378378379,0.016258445945945946,0.034628378378378379,0.9653716216216216,True,0.46009290540540543,rejected,e45d99a8e143fb602f7bc5e4b4981bb8be182193d0236f8803d87968312cd008
188,0.92293667141348101,0.42407963797450071,2.0863271778173553,0.28878825881674464,2.4829330874593376,-0.30604812775811618,0.75826293447727533,1.1385537489756512,0.92293667141348124,0.42407963797450066,0.68097647931426764,0.75741400662809599,0.020958230864462291,0.0015203568011583285,0.01845724392655684,0.023459217802367743,0.01845724392655684,0.023459217802367743,0.077561113011999916,0.1758450431439999,False,False,0.00077861542178983838,2.2928239074936776e-05,0.00074089846851156736,0.0008163323750681094,0.00074089846851156736,0.0008163323750681094,0.0021472894676802003,0.0043219244962797998,False,False,92.451435810810807,0.61710286400590664,91.436301599521087,93.466570022100527,91.436301599521087,93.466570022100527,29.880602871860003,68.03831604714,False,False,0.86402027027027029,0.027475222289342398,0.81882352960430205,0.90921701093623852,0.81882352960430205,0.90921701093623852,0.52468278421999992,5.7185604590200008,True,True,-0.00084858881094792768,0.0043199164098015009,-0.0079548513050713976,0.0062576736831755414,-0.0079548513050713976,0.0062576736831755414,0.45521164327499997,0.74291964327500004,False,False,True,True,True,True,0.0016891891891891893,0.99070945945945943,0.86402027027027029,216.29504216011662,898507.04548189219,0,0.90350506756756754,0.25717905405405406,0.99514358108108103,0.0048564189189189188,True,0.18559966216216217,rejected,14a3aa98b70f67d30ebda18054c546f3a869207198c352bdd2d1663218c78b76
189,0.46723869163542986,0.60224433057010174,0.76900707345217501,0.15302258151312792,-0.13123325306793998,0.414825306833983,-1.0769311369142112,-0.94854246622747873,0.46723869163542986,0.60224433057010174,0.25408720970153809,0.27917803823947906,0.34002456974579387,0.0046710917726783515,0.332340623779738,0.34770851571184974,0.332340623779738,0.34770851571184974,0.077561113011999916,0.1758450431439999,False,False,0.35139171536724245,0.0026082794633879519,0.34710109564996927,0.35568233508451563,0.34710109564996927,0.35568233508451563,0.0021472894676802003,0.0043219244962797998,False,False,543.67124155405406,3.6107729766027501,537.73152000754249,549.61096310056564,537.73152000754249,549.61096310056564,29.880602871860003,68.03831604714,False,False,0.24978885135135134,0.0056264186506487486,0.24053339267103416,0.25904431003166856,0.24053339267103416,0.25904431003166856,0.52468278421999992,5.7185604590200008,False,False,-0.053594461790207992,0.012896758600735738,-0.074809629688418283,-0.032379293891997701,-0.074809629688418283,-0.032379293891997701,0.45521164327499997,0.74291964327500004,False,False,False,True,True,True,0.031883445945945943,0.7109375,0.24978885135135134,319.36773436649145,1538684.3975445619,0.93600272604313206,0.28948479729729731,0.1089527027027027,0.29011824324324326,0.7098817567567568,True,0.38217905405405406,rejected,05d89367a988cb5cab33cb2c31731f912372b02154ea2d97ea06e688b4b224d4
190,0.50755212362855673,0.94417108222842183,1.750617232564855,0.7456746327624747,0.030210792066776626,2.8280154061177969,1.32351814280526,0.55605333662737477,0.50755212362855673,0.94417108222842205,0.78976643830537796,0.63553886767476797,0.60460588769857027,0.0052898854233408305,0.59590402617717464,0.61330774921996589,0.59590402617717464,0.61330774921996589,0.077561113011999916,0.1758450431439999,False,False,0.45674619932432436,0.0017599011416069696,0.45385116194638092,0.45964123670226781,0.45385116194638092,0.45964123670226781,0.0021472894676802003,0.0043219244962797998,False,False,689.68538851351354,2.450366024307566,685.65453640352757,693.71624062349952,685.65453640352757,693.71624062349952,29.880602871860003,68.03831604714,False,False,0.23479729729729729,0.0052416518372088898,0.22617478002508867,0.2434198145695059,0.22617478002508867,0.2434198145695059,0.52468278421999992,5.7185604590200008,False,False,-0.039537274652011178,0.01457482854053448,-0.063512867601190404,-0.01556168170283196,-0.063512867601190404,-0.01556168170283196,0.45521164327499997,0.74291964327500004,False,False,False,True,True,True,0.034628378378378379,0.92461993243243246,0.23479729729729729,319.36773436649145,1538684.3975445619,0.97945636403322933,0.0772804054054054,0.034628378378378379,0.0772804054054054,0.92271959459459463,True,0.44763513513513514,rejected,0211377315dce5905ec8e056ffddf80cd21f1260d42a9af7cd0abce6da974aa9
191,0.10240984242409487,0.027494831010699487,0.38935250296477275,0.0040214918985340235,-2.1707307440316042,-3.5658773668766477,-1.7642123184242724,-1.8041274671388643,0.10240984242409469,0.027494831010699279,0.14626356121152639,0.14134937338531017,0.00030794508399526333,0.00015007288540735386,6.1075187500166225e-05,0.00055481498049036039,6.1075187500166225e-05,0.00055481498049036039,0.077561113011999916,0.1758450431439999,False,False,0.025023585924011223,0.0010661616054661914,0.023269750083019337,0.026777421765003109,0.023269750083019337,0.026777421765003109,0.0021472894676802003,0.0043219244962797998,False,False,105.47149493243244,1.2658450756903179,103.38917978292186,107.55381008194301,103.38917978292186,107.55381008194301,29.880602871860003,68.03831604714,False,False,0.091849662162162157,0.0068888474555062768,0.080517508097854337,0.10318181622646998,0.080517508097854337,0.10318181622646998,0.52468278421999992,5.7185604590200008,False,False,-0.00043212358011861956,0.00054318077332887011,-0.0013256559522446109,0.00046140879200737175,-0.0013256559522446109,0.00046140879200737175,0.45521164327499997,0.74291964327500004,False,False,False,True,True,True,0.00063344594594594598,0.0092905405405405411,0.091849662162162157,100.21340230491739,764958.03674140328,0.26069461714351444,0.90857263513513509,0.30173141891891891,0.94953547297297303,0.050464527027027029,True,0.17694256756756757,rejected,398676dddaae9654a0a42e1c5f0800d453735ff2612e6f34afcb379042242c86
192,0.56097257602959871,0.020604527555406305,1.5209693007032945,0.01942921910314099,0.24511013994019698,-3.8614246805832284,2.8052474466042283,0.20943485809298484,0.56097257602959871,0.020604527555406094,0.9429587284103037,0.55216816626489162,0.021997915428797605,0.0018168563535214605,0.019009186727254802,0.024986644130340407,0.019009186727254802,0.024986644130340407,0.077561113011999916,0.1758450431439999,False,False,0.20350371344680457,0.002524236283445439,0.19935134476053681,0.20765608213307232,0.19935134476053681,0.20765608213307232,0.0021472894676802003,0.0043219244962797998,False,False,338.95291385135135,3.4700620842020995,333.24466172283888,344.66116597986382,333.24466172283888,344.66116597986382,29.880602871860003,68.03831604714,False,False,0.18813344594594594,0.0067969086144877133,0.17695253127511365,0.19931436061677824,0.17695253127511365,0.19931436061677824,0.52468278421999992,5.7185604590200008,False,False,-0.028931299219222606,0.0054830519367379217,-0.037950919655156484,-0.019911678783288724,-0.037950919655156484,-0.019911678783288724,0.45521164327499997,0.74291964327500004,False,False,False,True,True,True,0.026182432432432432,0.41110641891891891,0.18813344594594594,319.36773436649145,1158624.9252501519,0.82525277683403342,0.58635979729729726,0.2274070945945946,0.58889358108108103,0.41110641891891891,True,0.27702702702702703,rejected,b42345378e66af74fbd88f5e8d99cb0ae7436dd5b5b4197e6d99403cd29ce6a9
193,0.079139799810946182,0.95304120052605845,0.12673130001934299,0.11252951263581891,-2.4540923270099855,3.010387524842884,-2.0107953368483265,-3.0318364867262582,0.079139799810946002,0.95304120052605867,0.11807413212954997,0.046008153818547719,0.015316947562918945,0.0014351345708198879,0.01295615119392023,0.01767774393191766,0.01295615119392023,0.01767774393191766,0.077561113011999916,0.1758450431439999,False,False,0.04949481671799378,0.0017167620941240989,0.046670743073159639,0.05231889036282792,0.046670743073159639,0.05231889036282792,0.0021472894676802003,0.0043219244962797998,False,False,138.88175675675674,2.2279373015351918,135.21679989573136,142.54671361778213,135.21679989573136,142.54671361778213,29.880602871860003,68.03831604714,False,False,0.15836148648648649,0.010119762132741465,0.14171447777812679,0.17500849519484618,0.14171447777812679,0.17500849519484618,0.52468278421999992,5.7185604590200008,False,False,-0.030022502732744424,0.0047339256355207904,-0.037809810403176124,-0.022235195062312724,-0.037809810403176124,-0.022235195062312724,0.45521164327499997,0.74291964327500004,False,False,False,True,True,True,0.0044341216216216214,0.083614864864864871,0.15836148648648649,241.52458249665119,764958.03674140328,0.42705289216278225,0.85958614864864868,0.29096283783783783,0.90012668918918914,0.099873310810810814,True,0.19235641891891891,rejected,fdab5dbff1a76f11d38ec81ac480db40191c910fca66cf478f6d752d286d6ba0
194,0.8835541261360047,0.59526247438043356,2.5614357402299341,0.34675106290206859,2.0265259901760642,0.38576366956859615,0.33311835859260586,2.5850929671825447,0.88355412613600492,0.59526247438043356,0.58251792751252651,0.92989600449800502,0.58232533639713135,0.0056118065572940126,0.57309391461038273,0.59155675818387998,0.57309391461038273,0.59155675818387998,0.077561113011999916,0.1758450431439999,False,False,0.46688450168918927,0.0015966020011980615,0.46425809139721846,0.46951091198116007,0.46425809139721846,0.46951091198116007,0.0021472894676802003,0.0043219244962797998,False,False,703.78842905405406,2.2256422067729034,700.12724762391258,707.44961048419555,700.12724762391258,707.44961048419555,29.880602871860003,68.03831604714,False,False,0.26478040540540543,0.0064534398296124109,0.25416449688569304,0.27539631392511782,0.25416449688569304,0.27539631392511782,0.52468278421999992,5.7185604590200008,False,False,-0.01471708461922494,0.015614303927381419,-0.040402614579767376,0.010968445341317495,-0.040402614579767376,0.010968445341317495,0.45521164327499997,0.74291964327500004,False,False,False,True,True,True,0.034417229729729729,0.99535472972972971,0.26478040540540543,319.36773436649145,1538684.3975445619,0.95413672998234211,0.056798986486486486,0.025971283783783782,0.056798986486486486,0.94320101351351349,True,0.45164695945945948,rejected,f4d2d17bb6d4d6e983f115d029938383798af84afd732573def20f86423c7b42
195,0.47622668650001287,0.43310234416276222,1.1251050207257085,0.20682494963631556,-0.095165009883061952,-0.269204725539821,-0.089888874462695278,-0.3703569331880705,0.47622668650001287,0.43310234416276217,0.47754290048032993,0.40845477674156427,0.43464334860054754,0.0050372309502892407,0.42635710368732171,0.44292959351377337,0.42635710368732171,0.44292959351377337,0.077561113011999916,0.1758450431439999,False,False,0.40354638999577735,0.0023445486315085227,0.39968960749694582,0.40740317249460889,0.39968960749694582,0.40740317249460889,0.0021472894676802003,0.0043219244962797998,False,False,615.86824324324323,3.252691180639065,610.51756625109192,621.21892023539453,610.51756625109192,621.21892023539453,29.880602871860003,68.03831604714,False,False,0.25295608108108109,0.0054912826519572687,0.24392292111861139,0.26198924104355081,0.24392292111861139,0.26198924104355081,0.52468278421999992,5.7185604590200008,False,False,-0.059982924394991366,0.013869155897636447,-0.082797685846603325,-0.037168162943379407,-0.082797685846603325,-0.037168162943379407,0.45521164327499997,0.74291964327500004,False,False,False,True,True,True,0.033361486486486486,0.81545608108108103,0.25295608108108109,319.36773436649145,1538684.3975445619,0.95827982178944426,0.18454391891891891,0.071579391891891886,0.18475506756756757,0.81524493243243246,True,0.41765202702702703,rejected,a0881bff9dc1f6a2efa0826df6faf539770b2ac8108f7fa7cf8b824c46f34f06
196,0.12624177429825084,0.32692559622228151,0.73615609846215724,0.20804848406558174,-1.934604795795047,-0.72212326840538188,0.55968086042028919,-1.0086102348990604,0.12624177429825068,0.32692559622228146,0.6363786943256855,0.26725191809237003,0.25232780022695195,0.0042058273716314709,0.24540921420061818,0.25924638625328572,0.24540921420061818,0.25924638625328572,0.077561113011999916,0.1758450431439999,False,False,0.30258253737186092,0.002694434408596989,0.29815019276971888,0.30701488197400295,0.29815019276971888,0.30701488197400295,0.0021472894676802003,0.0043219244962797998,False,False,476.35346283783781,3.7202389342073996,470.23366979106663,482.47325588460899,470.23366979106663,482.47325588460899,29.880602871860003,68.03831604714,False,False,0.2438766891891892,0.0058959206686478981,0.23417789968926342,0.25357547868911501,0.23417789968926342,0.25357547868911501,0.52468278421999992,5.7185604590200008,False,False,-0.045503484899457158,0.011409419867994479,-0.064271980582308069,-0.026734989216606241,-0.064271980582308069,-0.026734989216606241,0.45521164327499997,0.74291964327500004,False,False,False,True,True,True,0.029983108108108107,0.59628378378378377,0.2438766891891892,319.36773436649145,1538684.3975445619,0.91701986866282192,0.38682432432432434,0.14864864864864866,0.38872466216216217,0.61127533783783783,True,0.34353885135135137,rejected,4a842de054c26b04af18b5977d5fce913bb0cf05816d212bdebb4e9004c44e4b
197,0.73254430759698141,0.64474021270871151,2.0978188085710441,0.1957170308771975,1.0075699105085332,0.59599814763689807,-0.83040462027543183,1.1613938590926798,0.73254430759698153,0.64474021270871162,0.30355952214449639,0.76158589404076338,0.65685722143886682,0.0053955538388952527,0.64798153537388414,0.6657329075038495,0.64798153537388414,0.6657329075038495,0.077561113011999916,0.1758450431439999,False,False,0.47660472972972967,0.0012967740774895685,0.47447153637225931,0.47873792308720003,0.47447153637225931,0.47873792308720003,0.0021472894676802003,0.0043219244962797998,False,False,717.31418918918916,1.809927830761827,714.33685790758591,720.29152047079242,714.33685790758591,720.29152047079242,29.880602871860003,68.03831604714,False,False,0.23733108108108109,0.0054049026471468279,0.22844001622652454,0.24622214593563763,0.22844001622652454,0.24622214593563763,0.52468278421999992,5.7185604590200008,False,False,-0.017555273599303645,0.014957322084054472,-0.04216006842757325,0.0070495212289659638,-0.04216006842757325,0.0070495212289659638,0.45521164327499997,0.74291964327500004,False,False,False,True,True,True,0.034839527027027029,0.97381756756756754,0.23733108108108109,319.36773436649145,1538684.3975445619,0.98175921004980693,0.037162162162162164,0.017736486486486486,0.037162162162162164,0.96283783783783783,True,0.4592483108108108,rejected,a454edd94077ee9bfeaa57dcbe653cec2a65e3b1cda9a160c7c7ccb90d51b343
198,0.3045977344736458,0.80694847367703904,0.42223524743847596,0.62594565492197929,-0.82549847471979998,1.4303026879686669,1.2407509497309996,-1.7090496047498998,0.30459773447364569,0.80694847367703915,0.77569470088928938,0.15328702703118324,0.17035906311259577,0.0035851922818221763,0.16446142180899828,0.17625670441619326,0.16446142180899828,0.17625670441619326,0.077561113011999916,0.1758450431439999,False,True,0.20193191140600558,0.0026169637847245257,0.19762700598013375,0.20623681683187742,0.19762700598013375,0.20623681683187742,0.0021472894676802003,0.0043219244962797998,False,False,338.45967060810813,3.5819345977960229,332.56738819473367,344.35195302148259,332.56738819473367,344.35195302148259,29.880602871860003,68.03831604714,False,False,0.15498310810810811,0.0058227898593274695,0.14540461878951444,0.16456159742670179,0.14540461878951444,0.16456159742670179,0.52468278421999992,5.7185604590200008,False,False,0.0048656711288316834,0.009608169327140351,-0.010939767414314194,0.02067110967197756,-0.010939767414314194,0.02067110967197756,0.45521164327499997,0.74291964327500004,False,False,False,True,True,True,0.020692567567567568,0.40857263513513514,0.15498310810810811,319.36773436649145,1158624.9252501519,0.84694538282159204,0.58319256756756754,0.2117820945945946,0.59206081081081086,0.4079391891891892,True,0.26689189189189189,rejected,dd01e8ecf7098020bdc12ba71904ced16a5d97d8b01fc1c83bb2b7400eca074f
199,0.8364788545295595,0.2193751521408559,1.7390733094052035,0.035818124855720536,1.6322589295318379,-1.2693113982441504,-1.6340713484340128,0.53800409004282435,0.83647885452955961,0.21937515214085579,0.16327339038252831,0.63134799618273973,0.43604256577263523,0.0051820676706436251,0.42751806445442647,0.44456706709084398,0.42751806445442647,0.44456706709084398,0.077561113011999916,0.1758450431439999,False,False,0.44723530442305814,0.0019416913544333114,0.44404122214501535,0.45042938670110094,0.44404122214501535,0.45042938670110094,0.0021472894676802003,0.0043219244962797998,False,False,676.45840371621625,2.7017972073276937,672.01394731016217,680.90286012227034,672.01394731016217,680.90286012227034,29.880602871860003,68.03831604714,False,False,0.31503378378378377,0.0067199990215540606,0.30397938539332736,0.32608818217424018,0.30397938539332736,0.32608818217424018,0.52468278421999992,5.7185604590200008,False,False,-0.0245458651237907,0.014210657003246694,-0.047922395894131511,-0.0011693343534498885,-0.047922395894131511,-0.0011693343534498885,0.45521164327499997,0.74291964327500004,False,False,False,True,True,True,0.034206081081081079,0.95819256756756754,0.31503378378378377,319.36773436649145,1538684.3975445619,0.93805780560851482,0.096494932432432429,0.044341216216216214,0.096494932432432429,0.90350506756756754,True,0.44320101351351349,rejected,be88c57d1fb95fd41a8c25f22a130dda330f808adf4119edd8e8cd21159c0868
200,0.33139390312135225,0.16803341824561371,2.3890847904974408,0.08968597901231605,-0.70188738533494988,-1.5996293961036101,0.13516116247931462,1.8775219128819431,0.3313939031213522,0.16803341824561357,0.53373894281685352,0.86732622887939226,0.57306258019723466,0.0051769621799176418,0.56454647741127018,0.58157868298319915,0.56454647741127018,0.58157868298319915,0.077561113011999916,0.1758450431439999,False,False,0.46803420608108109,0.0015010482817593798,0.46556498165758692,0.47050343050457527,0.46556498165758692,0.47050343050457527,0.0021472894676802003,0.0043219244962797998,False,False,705.38724662162167,2.0917161796873809,701.94637350603591,708.82811973720743,701.94637350603591,708.82811973720743,29.880602871860003,68.03831604714,False,False,0.28336148648648651,0.0056151502529223369,0.27412456432042925,0.29259840865254377,0.27412456432042925,0.29259840865254377,0.52468278421999992,5.7185604590200008,False,False,-0.05187307011240716,0.014582577828803241,-0.075861410640788496,-0.027884729584025828,-0.075861410640788496,-0.027884729584025828,0.45521164327499997,0.74291964327500004,False,False,False,True,True,True,0.034417229729729729,0.94552364864864868,0.28336148648648651,319.36773436649145,1538684.3975445619,0.98039606032073412,0.05447635135135135,0.025126689189189189,0.05447635135135135,0.94552364864864868,True,0.45523648648648651,rejected,f795726def925074355c813b30de5f69e44aec3478f3c2ce1739885ae19ef0c7
201,0.80882814712822426,0.86610272433608759,0.95312577703077361,0.35181091701943046,1.4424136914322419,1.866930614413258,-0.37969695916539248,-0.63658043978624645,0.80882814712822437,0.8661027243360877,0.40619998890906578,0.34601994417607784,0.2396669886438835,0.0035750618001246996,0.23378601198267837,0.24554796530508863,0.23378601198267837,0.24554796530508863,0.077561113011999916,0.1758450431439999,False,False,0.29276338147839687,0.003023649577884356,0.28778947792277709,0.29773728503401664,0.28778947792277709,0.29773728503401664,0.0021472894676802003,0.0043219244962797998,False,False,463.48458614864865,4.1601705499259323,456.64110559402047,470.32806670327682,456.64110559402047,470.32806670327682,29.880602871860003,68.03831604714,False,False,0.37542229729729731,0.012354494562495334,0.35509915374199247,0.39574544085260216,0.35509915374199247,0.39574544085260216,0.52468278421999992,5.7185604590200008,False,False,0.010723842895119851,0.010226643809023807,-0.0060989861707243104,0.027546671960964011,-0.0060989861707243104,0.027546671960964011,0.45521164327499997,0.74291964327500004,False,False,False,True,True,True,0.02322635135135135,0.94742398648648651,0.37542229729729731,319.36773436649145,1538684.3975445619,0.68545717131428829,0.40477195945945948,0.15118243243243243,0.40857263513513514,0.59142736486486491,True,0.33551520270270269,rejected,47090660679bb476b1cb98f9e8083466a677b5f328df873ec48930044d93aa5d
202,0.22456785291433343,0.71144804079085577,2.0375908812120369,0.6582248824353446,-1.2392425814200452,0.90242721618568056,2.5150530304922527,1.0445185743480934,0.22456785291433332,0.71144804079085588,0.92519037891179323,0.73972092662006617,0.63979203546011121,0.0053036777506595351,0.63106748556027625,0.64851658535994616,0.63106748556027625,0.64851658535994616,0.077561113011999916,0.1758450431439999,False,False,0.46657094594594589,0.0015552862564430247,0.46401250005409711,0.46912939183779467,0.46401250005409711,0.46912939183779467,0.0021472894676802003,0.0043219244962797998,False,False,703.35071790540542,2.1674544831136546,699.78525528068349,706.91618053012735,699.78525528068349,706.91618053012735,29.880602871860003,68.03831604714,False,False,0.23289695945945946,0.0052771072193896233,0.22421611808356354,0.24157780083535538,0.22421611808356354,0.24157780083535538,0.52468278421999992,5.7185604590200008,False,False,-0.027617535550287897,0.014663842757745653,-0.051739556886779496,-0.0034955142137962983,-0.051739556886779496,-0.0034955142137962983,0.45521164327499997,0.74291964327500004,False,False,False,True,True,True,0.034839527027027029,0.94256756756756754,0.23289695945945946,319.36773436649145,1538684.3975445619,0.98366571187464491,0.057432432432432436,0.027238175675675675,0.057432432432432436,0.94256756756756754,True,0.45460304054054052,rejected,51de4e29b1aae261e8d4f855ce1bb18474323f8984a6751599620ca1833f56e0
203,0.63531690463423729,0.25240528490394365,0.64305471838250783,0.0034773868792284572,0.55509519224231585,-1.0858249373435049,-4.2708821734177844,-1.1889170845783119,0.6353169046342374,0.25240528490394354,0.013776997104287142,0.23345267027616501,0.20379119934175446,0.0040453968143978683,0.19713652158206996,0.21044587710143897,0.19713652158206996,0.21044587710143897,0.077561113011999916,0.1758450431439999,False,False,0.36320248648880421,0.0024034918850321077,0.35924874233792642,0.367156230639682,0.35924874233792642,0.367156230639682,0.0021472894676802003,0.0043219244962797998,False,False,560.02533783783781,3.3295437240554273,554.54823841176665,565.50243726390897,554.54823841176665,565.50243726390897,29.880602871860003,68.03831604714,False,False,0.33382601351351349,0.007588166400572245,0.32134347978457212,0.34630854724245486,0.32134347978457212,0.34630854724245486,0.52468278421999992,5.7185604590200008,False,False,-0.05217305791013338,0.010910006597871062,-0.070120018763631276,-0.034226097056635485,-0.070120018763631276,-0.034226097056635485,0.45521164327499997,0.74291964327500004,False,False,False,True,True,True,0.032939189189189186,0.76034628378378377,0.33382601351351349,319.36773436649145,1538684.3975445619,0.89570631114001575,0.26625844594594594,0.10557432432432433,0.26625844594594594,0.73374155405405406,True,0.39463682432432434,rejected,905c6ee808b872cde598e3937c2be32ce3fbd956a0d1a4a39ecc22da19f8bf81
204,0.98090723343193509,0.49199004098772997,0.24989182961845824,0.42123556150240149,3.9391683422152326,-0.032042577348600665,1.7839763569145963,-2.3048754100068995,0.98090723343193531,0.49199004098772997,0.85618717130273581,0.090719985775649561,9.3274015618745394e-05,4.7077402271604011e-05,1.58316888819568e-05,0.00017071634235553399,1.58316888819568e-05,0.00017071634235553399,0.077561113011999916,0.1758450431439999,False,False,1.8757980537648232e-05,2.5141795920368164e-06,1.4622155108747669e-05,2.2893805966548796e-05,1.4622155108747669e-05,2.2893805966548796e-05,0.0021472894676802003,0.0043219244962797998,False,False,83.141469594594597,0.30217647954065385,82.644389285750222,83.638549903438971,82.644389285750222,83.638549903438971,29.880602871860003,68.03831604714,False,False,0.014991554054054054,0.0021139986664189914,0.011514026247794813,0.018469081860313295,0.011514026247794813,0.018469081860313295,0.52468278421999992,5.7185604590200008,False,False,9.8574619575185287e-05,5.7167590051294646e-05,4.5339339408055976e-06,0.00019261530520956496,4.5339339408055976e-06,0.00019261530520956496,0.45521164327499997,0.74291964327500004,False,False,True,True,True,True,0.00021114864864864866,0.99873310810810811,0.014991554054054054,100.21340230491739,764958.03674140328,0,0.92166385135135132,0.30510979729729731,0.99978885135135132,0.00021114864864864866,True,0.17461993243243243,rejected,15d26413ec66559588de537998ac6c47ea51970db62f532232eee34866b5851d
205,0.37801904045045381,0.54418729059398174,1.5671121053589507,0.11147377189400101,-0.49796491470092491,0.17721147162688339,-1.3562865558259816,0.27744496742461167,0.37801904045045376,0.54418729059398174,0.20484449714422226,0.568919712677598,0.58119135154649837,0.005215805607191067,0.57261135132266905,0.58977135177032769,0.57261135132266905,0.58977135177032769,0.077561113011999916,0.1758450431439999,False,False,0.46061338682432434,0.0016691317846877088,0.45786766503851306,0.46335910861013563,0.45786766503851306,0.46335910861013563,0.0021472894676802003,0.0043219244962797998,False,False,695.07094594594594,2.3239766686652872,691.24800432599159,698.89388756590029,691.24800432599159,698.89388756590029,29.880602871860003,68.03831604714,False,False,0.2622466216216216,0.0054284193759587349,0.25331687174816947,0.27117637149507373,0.25331687174816947,0.27117637149507373,0.52468278421999992,5.7185604590200008,False,False,-0.052557471770362629,0.014567623876591638,-0.076521213047355874,-0.028593730493369385,-0.076521213047355874,-0.028593730493369385,0.45521164327499997,0.74291964327500004,False,False,False,True,True,True,0.034839527027027029,0.93053209459459463,0.2622466216216216,319.36773436649145,1538684.3975445619,0.97907596693797716,0.0694679054054054,0.03125,0.0694679054054054,0.93053209459459463,True,0.45059121621621623,rejected,6cfd58d8eff1977d2b1c6d0062fad3923af0a2471ea53963b20fccef00cdd4c4
206,0.58874135836958885,0.87826959416270245,1.2527799980611167,0.65641466441551888,0.35876465235251764,1.9761447900289311,1.0847690009753039,-0.18127267457578472,0.58874135836958885,0.87826959416270267,0.74739541113376617,0.45480552036315203,0.49490208218259613,0.0051564849246454507,0.48641966448155438,0.50338449988363787,0.48641966448155438,0.50338449988363787,0.077561113011999916,0.1758450431439999,False,False,0.41796980574324327,0.0022456539438896255,0.41427570500554484,0.42166390648094171,0.41427570500554484,0.42166390648094171,0.0021472894676802003,0.0043219244962797998,False,False,635.890625,3.116566869679811,630.7638724993767,641.0173775006233,630.7638724993767,641.0173775006233,29.880602871860003,68.03831604714,False,False,0.23500844594594594,0.0052969173554678903,0.22629501689620127,0.24372187499569062,0.22629501689620127,0.24372187499569062,0.52468278421999992,5.7185604590200008,False,False,-0.049789827869227476,0.014283128505144729,-0.073285574260190556,-0.026294081478264397,-0.073285574260190556,-0.026294081478264397,0.45521164327499997,0.74291964327500004,False,False,False,True,True,True,0.033361486486486486,0.8559966216216216,0.23500844594594594,319.36773436649145,1538684.3975445619,0.96342522694918364,0.15561655405405406,0.061233108108108107,0.15561655405405406,0.84438344594594594,True,0.4263091216216216,rejected,7f82ef11d4ef3e176e0624792f77d7006ffc8faa14b584b3cb8d6b2e9723f1ca
207,0.052469693124294475,0.087563646957278446,2.6141550537606322,0.027378228561601124,-2.8936231935056114,-2.3437524101954432,-0.78768198412820833,2.9243079437635098,0.052469693124294274,0.087563646957278266,0.31266660895198578,0.94903506711125374,0.50499683422701036,0.0050081456011428207,0.49675843471313041,0.51323523374089031,0.49675843471313041,0.51323523374089031,0.077561113011999916,0.1758450431439999,False,False,0.46751161317567574,0.0014529735733615921,0.4651214716474959,0.46990175470385559,0.4651214716474959,0.46990175470385559,0.0021472894676802003,0.0043219244962797998,False,False,704.62373310810813,2.0257946090886727,701.29130097615723,707.95616524005902,701.29130097615723,707.95616524005902,29.880602871860003,68.03831604714,False,False,0.32453547297297297,0.0059486177433548029,0.31474999678515431,0.33432094916079164,0.31474999678515431,0.33432094916079164,0.52468278421999992,5.7185604590200008,False,False,-0.069874770550103049,0.01385042415770257,-0.092658718289523781,-0.047090822810682317,-0.092658718289523781,-0.047090822810682317,0.45521164327499997,0.74291964327500004,False,False,False,True,True,True,0.034839527027027029,0.58319256756756754,0.32453547297297297,319.36773436649145,1538684.3975445619,0.97638272876510324,0.055532094594594593,0.026182432432432432,0.055532094594594593,0.94446790540540537,True,0.45608108108108109,rejected,24000eddfabe41c78d8b7e08c0ffe7ac0ce4b900a4f18e1c6ed23a3d274866cd
208,0.76738358195871115,0.10095274634659307,0.50287927782984487,0.070001612330726104,1.1935959607458735,-2.1866830461452871,0.81610863636663422,-1.4990731847001724,0.76738358195871126,0.10095274634659289,0.69340968783944845,0.18256379570811987,0.0029605026277710416,0.0005089797705332364,0.002123230905243868,0.0037977743502982152,0.002123230905243868,0.0037977743502982152,0.077561113011999916,0.1758450431439999,False,False,0.00021804094316441735,1.1445725251873456e-05,0.00019921272512508551,0.0002368691612037492,0.00019921272512508551,0.0002368691612037492,0.0021472894676802003,0.0043219244962797998,False,False,84.807643581081081,0.37705449899313714,84.187388930237375,85.427898231924786,84.187388930237375,85.427898231924786,29.880602871860003,68.03831604714,False,False,0.16997466216216217,0.010494807017415942,0.15271070461851294,0.1872386197058114,0.15271070461851294,0.1872386197058114,0.52468278421999992,5.7185604590200008,False,False,-0.0018314023415419204,0.0017382764299248687,-0.0046908670687683292,0.0010280623856844884,-0.0046908670687683292,0.0010280623856844884,0.45521164327499997,0.74291964327500004,False,False,True,True,True,True,0.00042229729729729732,0.54624155405405406,0.16997466216216217,100.21340230491739,764958.03674140328,0,0.91828547297297303,0.29603040540540543,0.99936655405405406,0.00063344594594594598,True,0.17715371621621623,rejected,7c26ae11ae83f30b862d7568148ace7af06587bdd91ded646d27cf8d9c240882
209,0.37369010131806141,0.93513289093971219,1.809067702975161,0.34652129532545189,-0.51641844659383529,2.6683479474304739,-0.52982226082317951,0.64888232247659217,0.37369010131806135,0.93513289093971241,0.37055834382772446,0.65675855241715908,0.64478412351204983,0.0053021907944666722,0.63606201965515219,0.65350622736894748,0.63606201965515219,0.65350622736894748,0.077561113011999916,0.1758450431439999,False,False,0.46960198479729726,0.0014839114711458052,0.46716095042726241,0.4720430191673321,0.46716095042726241,0.4720430191673321,0.0021472894676802003,0.0043219244962797998,False,False,707.57664695945948,2.0682512901540728,704.17437358715608,710.97892033176288,704.17437358715608,710.97892033176288,29.880602871860003,68.03831604714,False,False,0.23711993243243243,0.0053353886176825838,0.22834321815634459,0.24589664670852027,0.22834321815634459,0.24589664670852027,0.52468278421999992,5.7185604590200008,False,False,-0.027568842542000316,0.014684901895561374,-0.051725506160198775,-0.0034121789238018563,-0.051725506160198775,-0.0034121789238018563,0.45521164327499997,0.74291964327500004,False,False,False,True,True,True,0.034839527027027029,0.9486908783783784,0.23711993243243243,319.36773436649145,1538684.3975445619,0.98387338530474977,0.051309121621621621,0.024704391891891893,0.051309121621621621,0.9486908783783784,True,0.45586993243243246,rejected,eabffcd64d85517c5370644b7455b9c6cb05c588fee735bb5cf68add09bcea42
210,0.66345574799925078,0.51948949880897999,0.83842516284165935,0.43420598535855276,0.67873250961939402,0.077997513412789585,1.6275378835800356,-0.82652956657335475,0.66345574799925089,0.51948949880897999,0.83583207428455353,0.30437937472015619,0.30166262649264886,0.0044751095807344298,0.29430107123234073,0.30902418175295698,0.29430107123234073,0.30902418175295698,0.077561113011999916,0.1758450431439999,False,False,0.33006989669365561,0.0027300224362404864,0.32557900978603999,0.33456078360127123,0.32557900978603999,0.33456078360127123,0.0021472894676802003,0.0043219244962797998,False,False,514.3101773648649,3.7724332596696226,508.10452465270839,520.51583007702141,508.10452465270839,520.51583007702141,29.880602871860003,68.03831604714,False,False,0.23479729729729729,0.0058796343109309944,0.22512529885581581,0.24446929573877876,0.22512529885581581,0.24446929573877876,0.52468278421999992,5.7185604590200008,False,False,-0.044289343216889265,0.012345065588733972,-0.064596976110356641,-0.023981710323421883,-0.064596976110356641,-0.023981710323421883,0.45521164327499997,0.74291964327500004,False,False,False,True,True,True,0.030405405405405407,0.74873310810810811,0.23479729729729729,319.36773436649145,1538684.3975445619,0.91263093067880507,0.33213682432432434,0.12880067567567569,0.33319256756756754,0.66680743243243246,True,0.36296452702702703,rejected,8a83b14468020eefca6616524b9ad5ed1f53efd409a2521032b0da9e61f9c472
211,0.19533323962241425,0.44631332159042353,2.1892281634967024,0.10225309671328875,-1.4157212082886088,-0.21557774417013276,-1.2133656341984378,1.3539268220229814,0.19533323962241411,0.44631332159042353,0.22910608258098367,0.79477087408304203,0.66878572534332226,0.0052154042973695507,0.66020638527414932,0.67736506541249519,0.66020638527414932,0.67736506541249519,0.077561113011999916,0.1758450431439999,False,False,0.47869510135135135,0.0012148958204125189,0.47669659772677275,0.48069360497592994,0.47669659772677275,0.48069360497592994,0.0021472894676802003,0.0043219244962797998,False,False,720.22909628378375,1.6958417744359024,717.43943656483668,723.01875600273081,717.43943656483668,723.01875600273081,29.880602871860003,68.03831604714,False,False,0.23859797297297297,0.0053244346866712878,0.2298392779133987,0.24735666803254724,0.2298392779133987,0.24735666803254724,0.52468278421999992,5.7185604590200008,False,False,-0.019542187326699101,0.014469954369343771,-0.043345262264269602,0.0042608876108714035,-0.043345262264269602,0.0042608876108714035,0.45521164327499997,0.74291964327500004,False,False,False,True,True,True,0.034839527027027029,0.96706081081081086,0.23859797297297297,319.36773436649145,1538684.3975445619,0.98662749898191926,0.032939189189189186,0.015202702702702704,0.032939189189189186,0.96706081081081086,True,0.46072635135135137,rejected,04c517c5edb8827ca2f3163ffe109a5801d601c8db49ad1db031e31e24ffa9ab
212,0.42080351989716297,0.30931435804814111,2.4914675852161077,0.27313864163388113,-0.3194757377193822,-0.80332668848260969,2.0215914346406758,2.2481978718268669,0.42080351989716291,0.309314358048141,0.88304546661674976,0.90449497383087862,0.64321611349974739,0.0052904604959928226,0.63451330598383915,0.65191892101565563,0.63451330598383915,0.65191892101565563,0.077561113011999916,0.1758450431439999,False,False,0.47305109797297296,0.00138996801779798,0.47076460058369529,0.47533759536225062,0.47076460058369529,0.47533759536225062,0.0021472894676802003,0.0043219244962797998,False,False,712.34586148648646,1.9400980581501537,709.1544001808295,715.53732279214341,709.1544001808295,715.53732279214341,29.880602871860003,68.03831604714,False,False,0.24746621621621623,0.0053878545070395936,0.2386031955521361,0.25632923688029635,0.2386031955521361,0.25632923688029635,0.52468278421999992,5.7185604590200008,False,False,-0.031832916959647739,0.01468608278747551,-0.05599152314504495,-0.007674310774250525,-0.05599152314504495,-0.007674310774250525,0.45521164327499997,0.74291964327500004,False,False,False,True,True,True,0.034839527027027029,0.95565878378378377,0.24746621621621623,319.36773436649145,1538684.3975445619,0.9847419167500886,0.044341216216216214,0.022804054054054054,0.044341216216216214,0.95565878378378377,True,0.45692567567567566,rejected,5e22c1a3f55c0b1f06b3a59641ebef4a39fa7a886cf733709d42513da48c2992
213,0.93897438701242186,0.72491343412548293,1.0444347723011302,0.037706677450639423,2.7334945408706468,0.96896641338914091,-2.9027980033262413,-0.49307905395315965,0.93897438701242208,0.72491343412548304,0.052015420980751514,0.37916848994791508,0.00025606551315525975,8.3652253468153209e-05,0.00011845755620014771,0.00039367347011037178,0.00011845755620014771,0.00039367347011037178,0.077561113011999916,0.1758450431439999,False,False,4.7556121561214948e-05,4.0032576358655271e-06,4.0970762750216153e-05,5.4141480372213743e-05,4.0970762750216153e-05,5.4141480372213743e-05,0.0021472894676802003,0.0043219244962797998,False,False,83.279771959459453,0.304366974667512,82.779088286131397,83.780455632787508,82.779088286131397,83.780455632787508,29.880602871860003,68.03831604714,False,False,0.036106418918918921,0.0035142138887443494,0.030325537071934465,0.041887300765903378,0.030325537071934465,0.041887300765903378,0.52468278421999992,5.7185604590200008,False,False,0.0001922456706991601,0.00014868213340395728,-5.2336438750349659e-05,0.00043682778014866982,-5.2336438750349659e-05,0.00043682778014866982,0.45521164327499997,0.74291964327500004,False,False,True,True,True,True,0.00021114864864864866,0.99176520270270274,0.036106418918918921,100.21340230491739,764958.03674140328,0,0.92145270270270274,0.30320945945945948,0.99978885135135132,0.00021114864864864866,True,0.17461993243243243,rejected,1de18c604aeeaba178f881c9a13e1798df0482f60aec318738df1acd9bf86831
214,0.023723361082375258,0.82047178130596865,1.4295442149577104,0.43093202503130423,-3.7172857254286651,1.5195471150863353,0.10098443299413859,0.075946384334588057,0.023723361082375046,0.82047178130596876,0.52522467542439699,0.51897747535258532,0.55611905063782563,0.0052285609235319308,0.54751806791861557,0.56472003335703569,0.54751806791861557,0.56472003335703569,0.077561113011999916,0.1758450431439999,False,False,0.44357685810810815,0.0019614728858416801,0.44035023521089861,0.44680348100531769,0.44035023521089861,0.44680348100531769,0.0021472894676802003,0.0043219244962797998,False,False,671.38766891891896,2.727580678101075,666.90079870344266,675.87453913439526,666.90079870344266,675.87453913439526,29.880602871860003,68.03831604714,False,False,0.2404983108108108,0.0052820667187536358,0.23180931105846106,0.24918731056316054,0.23180931105846106,0.24918731056316054,0.52468278421999992,5.7185604590200008,False,False,-0.064112944831676399,0.014474701004878701,-0.087923827984701858,-0.040302061678650934,-0.087923827984701858,-0.040302061678650934,0.45521164327499997,0.74291964327500004,False,False,False,True,True,True,0.034417229729729729,0.71304898648648651,0.2404983108108108,319.36773436649145,1538684.3975445619,0.97523479883985442,0.10388513513513513,0.043918918918918921,0.10388513513513513,0.89611486486486491,True,0.43876689189189189,rejected,52ace29eacb89b541c1fa5f313d32c0bf41dd4d6820b54e838345b306ab5027e
215,0.61639192048460245,0.14341192040592446,0.02447794593684436,0.05891479929389673,0.47426159064295126,-1.7872360974610688,-0.36062514364942477,-4.7143070720317395,0.61639192048460245,0.14341192040592429,0.41080824472010141,0.0088864006102085131,0.00015025789332998406,5.8735899138232245e-05,5.3637339247592015e-05,0.0002468784474123761,5.3637339247592015e-05,0.0002468784474123761,0.077561113011999916,0.1758450431439999,False,False,3.4636917735895801e-05,3.3655279954453685e-06,2.9100624183388169e-05,4.017321128840343e-05,2.9100624183388169e-05,4.017321128840343e-05,0.0021472894676802003,0.0043219244962797998,False,False,83.227195945945951,0.30403786835315605,82.727053652505006,83.727338239386896,82.727053652505006,83.727338239386896,29.880602871860003,68.03831604714,False,False,0.026604729729729729,0.0030005144816315642,0.021668883407445806,0.031540576052013651,0.021668883407445806,0.031540576052013651,0.52468278421999992,5.7185604590200008,False,False,6.292616516442886e-05,0.00010139034546835391,-0.00010386095313101332,0.00022971328345987104,-0.00010386095313101332,0.00022971328345987104,0.45521164327499997,0.74291964327500004,False,False,True,True,True,True,0.00021114864864864866,0.2544341216216216,0.026604729729729729,100.21340230491739,764958.03674140328,0,0.92145270270270274,0.30447635135135137,0.99978885135135132,0.00021114864864864866,True,0.17461993243243243,rejected,5d7a859ff7676bd23c9ea65db14ad7a711f1b4411871292f95f740374281c2d3
216,0.12204915657639522,0.21719934791326537,1.3550546498062088,0.1699187749248095,-1.9731667187397097,-1.2820624827255647,1.2792210362405438,-0.032262776554105366,0.12204915657639505,0.21719934791326523,0.7823171503841877,0.4919350054115057,0.41531521662178827,0.0049680168014242599,0.40714282898344539,0.42348760426013116,0.40714282898344539,0.42348760426013116,0.077561113011999916,0.1758450431439999,False,False,0.40333743953192408,0.0023320145067353372,0.39950127566834442,0.40717360339550374,0.39950127566834442,0.40717360339550374,0.0021472894676802003,0.0043219244962797998,False,False,615.50844594594594,3.2372337331555601,610.18319645490499,620.83369543698689,610.18319645490499,620.83369543698689,29.880602871860003,68.03831604714,False,False,0.2717483108108108,0.0056591514436163271,0.26243900668606196,0.28105761493555964,0.26243900668606196,0.28105761493555964,0.52468278421999992,5.7185604590200008,False,False,-0.071081815879941057,0.013624717657771904,-0.093494476426975837,-0.048669155332906278,-0.093494476426975837,-0.048669155332906278,0.45521164327499997,0.74291964327500004,False,False,False,True,True,True,0.033572635135135136,0.71368243243243246,0.2717483108108108,319.36773436649145,1538684.3975445619,0.95919047436385707,0.18517736486486486,0.073479729729729729,0.18517736486486486,0.81482263513513509,True,0.41765202702702703,rejected,68642f7fabcc2b1beff67ceadb775447c33912b1e0f72ab5427aabebb3d9ed60
217,0.51916471123695374,0.75449686683714379,2.7055594985771361,0.11524557058679591,0.076696419051182518,1.1227414160373184,-1.7132323938848817,4.0116417197833218,0.51916471123695374,0.7544968668371439,0.15274492930620909,0.9822182646021248,0.76676724823920206,0.0049912917687181847,0.75855657327966064,0.77497792319874348,0.75855657327966064,0.77497792319874348,0.077561113011999916,0.1758450431439999,False,False,0.48831081081081079,0.00080831135095540431,0.48698113863848913,0.48964048298313245,0.48698113863848913,0.48964048298313245,0.0021472894676802003,0.0043219244962797998,False,False,733.63196790540542,1.1318895463220493,731.77000960170562,735.49392620910521,731.77000960170562,735.49392620910521,29.880602871860003,68.03831604714,False,False,0.19995777027027026,0.00513795045045045,0.19150584177927926,0.20840969876126125,0.19150584177927926,0.20840969876126125,0.52468278421999992,5.7185604590200008,False,False,-0.0041108935470544061,0.014242032519379114,-0.02753903704143305,0.019317249947324238,-0.02753903704143305,0.019317249947324238,0.45521164327499997,0.74291964327500004,False,False,False,True,True,True,0.034839527027027029,0.98669763513513509,0.19995777027027026,319.36773436649145,1538684.3975445619,0.99184529162739776,0.013513513513513514,0.0078125,0.013513513513513514,0.98648648648648651,True,0.4643158783783784,rejected,0025a12440c64c8113ee03494a3dc5dfbbe1da1a1d8c65c4999ba72170bb47ec
218,0.44759949482977385,0.66697942465543736,0.33054142685249494,0.44877514839036914,-0.21037448821816507,0.69455492195361557,0.72109030809157271,-1.9924417611184562,0.44759949482977385,0.66697942465543747,0.67284706514328707,0.11999877542257309,0.10791996137594534,0.0028794340623163172,0.103183292343435,0.11265663040845568,0.103183292343435,0.11265663040845568,0.077561113011999916,0.1758450431439999,True,True,0.15145226389728464,0.0023960904508243644,0.14751069510567855,0.15539383268889073,0.14751069510567855,0.15539383268889073,0.0021472894676802003,0.0043219244962797998,False,False,269.76668074324323,3.2612787496308799,264.40187720010044,275.13148428638601,264.40187720010044,275.13148428638601,29.880602871860003,68.03831604714,False,False,0.12774493243243243,0.0061485688182514762,0.11763053672640875,0.13785932813845611,0.11763053672640875,0.13785932813845611,0.52468278421999992,5.7185604590200008,False,False,0.0061940189393563105,0.0077739398920999873,-0.0065941121831481694,0.018982150061860791,-0.0065941121831481694,0.018982150061860791,0.45521164327499997,0.74291964327500004,False,False,False,True,True,True,0.014991554054054054,0.34649493243243246,0.12774493243243243,241.52458249665119,1065417.8307068083,0.76382675258178145,0.68032094594594594,0.24641047297297297,0.69404560810810811,0.30595439189189189,True,0.23543074324324326,rejected,8d8b34a79b3dc6ab89c63f55faf99c7bc052caa99e56669d7fe2d17d80c7939e
219,0.91132396273314931,0.35943588055670267,1.6371015682968311,0.094598011061469436,2.3299087482755141,-0.57781342077633824,-1.0294813744099902,0.3818883905351913,0.91132396273314953,0.35943588055670261,0.26318466290831566,0.59432847891002893,0.0083368234208321054,0.00091901407285371363,0.0068250452709877462,0.0098486015706764646,0.0068250452709877462,0.0098486015706764646,0.077561113011999916,0.1758450431439999,False,False,0.00041189531036643005,1.5453191986946292e-05,0.00038647480954790342,0.00043731581118495669,0.00038647480954790342,0.00043731581118495669,0.0021472894676802003,0.0043219244962797998,False,False,86.191300675675677,0.41542153950719907,85.507932243186332,86.874669108165023,85.507932243186332,86.874669108165023,29.880602871860003,68.03831604714,False,False,0.34079391891891891,0.014961099399432165,0.31618291040685298,0.36540492743098485,0.31618291040685298,0.36540492743098485,0.52468278421999992,5.7185604590200008,False,False,-0.00073482976985310595,0.0027710492751035331,-0.0052932058273984176,0.0038235462876922057,-0.0052932058273984176,0.0038235462876922057,0.45521164327499997,0.74291964327500004,False,False,True,True,True,True,0.00063344594594594598,0.98416385135135132,0.34079391891891891,100.21340230491739,764958.03674140328,0,0.91765202702702697,0.28378378378378377,0.99852195945945943,0.0014780405405405406,True,0.1788429054054054,rejected,73c6e768837c5095e9a659060a484cc7674ced7b0f862af20254178f3400fa38
220,0.69122472405433655,0.38057444337755442,1.9461602183623237,0.23159840668020309,0.80585123660220848,-0.4871107226145569,0.44121940057924824,0.878581616633623,0.69122472405433666,0.38057444337755436,0.60854955110698938,0.70652821101248264,0.58673631743059185,0.0052976028217028778,0.57802176078889056,0.59545087407229313,0.57802176078889056,0.59545087407229313,0.077561113011999916,0.1758450431439999,False,False,0.46197212837837831,0.0016546810586222647,0.45925017803694468,0.46469407871981194,0.45925017803694468,0.46469407871981194,0.0021472894676802003,0.0043219244962797998,False,False,696.94341216216219,2.3053974357717553,693.1510333803177,700.73579094400668,693.1510333803177,700.73579094400668,29.880602871860003,68.03831604714,False,False,0.26013513513513514,0.0054914115235418009,0.25110176317890887,0.26916850709136142,0.25110176317890887,0.26916850709136142,0.52468278421999992,5.7185604590200008,False,False,-0.043482979371781361,0.014700480211057706,-0.067665269318971294,-0.019300689424591434,-0.067665269318971294,-0.019300689424591434,0.45521164327499997,0.74291964327500004,False,False,False,True,True,True,0.034839527027027029,0.94298986486486491,0.26013513513513514,319.36773436649145,1538684.3975445619,0.97692787085609867,0.066722972972972971,0.030827702702702704,0.066722972972972971,0.93327702702702697,True,0.45122466216216217,rejected,6e0a83f11009f2491b5ed2f47cba509ef536079b4df892674a78f7f76ad25fe5
221,0.16866284981369986,0.5930408937856555,0.54080630519354755,0.27008135858201465,-1.5951336780036165,0.376550653210044,-0.17880379567768534,-1.4093746399796419,0.16866284981369972,0.5930408937856555,0.45541776530444616,0.1963327107951045,0.21565154259423722,0.0039824463268835581,0.20910041838651378,0.22220266680196066,0.20910041838651378,0.22220266680196066,0.077561113011999916,0.1758450431439999,False,False,0.2586841244454483,0.0027203135486095053,0.25420920865798569,0.26315904023291092,0.25420920865798569,0.26315904023291092,0.0021472894676802003,0.0043219244962797998,False,False,416.06397804054052,3.7439368008387142,409.90520200316081,422.22275407792023,409.90520200316081,422.22275407792023,29.880602871860003,68.03831604714,False,False,0.20354729729729729,0.0059899336424575613,0.19369385645545459,0.21340073813913998,0.19369385645545459,0.21340073813913998,0.52468278421999992,5.7185604590200008,False,False,-0.019969217578461762,0.010751813068457211,-0.037655950076073877,-0.0022824850808496507,-0.037655950076073877,-0.0022824850808496507,0.45521164327499997,0.74291964327500004,False,False,False,True,True,True,0.027027027027027029,0.52259290540540537,0.20354729729729729,319.36773436649145,1538684.3975445619,0.89271142635105549,0.47276182432432434,0.17588682432432431,0.47740709459459457,0.52259290540540537,True,0.30975506756756754,rejected,35dfce48e6459a20f3ba69141d3d12360033225343f6fd7013ba44df1725d4f1
222,0.86473697237670422,0.98547519091516711,2.3191110378565631,0.98432837816392549,1.8552041468874112,4.2172657934162547,6.7549729850862885,1.6726075528311442,0.86473697237670433,0.98547519091516733,0.99883628450334061,0.84192316606640805,0.57718055442187399,0.0055440057352646732,0.56806066498736363,0.58630044385638436,0.56806066498736363,0.58630044385638436,0.077561113011999916,0.1758450431439999,False,False,0.45894108952702695,0.0017513577618639129,0.45606010600876079,0.4618220730452931,0.45606010600876079,0.4618220730452931,0.0021472894676802003,0.0043219244962797998,False,False,692.74619932432438,2.438686372312493,688.73456024187033,696.75783840677843,688.73456024187033,696.75783840677843,29.880602871860003,68.03831604714,False,False,0.25042229729729731,0.0061717171831461651,0.24026982253102186,0.26057477206357277,0.24026982253102186,0.26057477206357277,0.52468278421999992,5.7185604590200008,False,False,-0.019127121737422037,0.01534221877140454,-0.044365071616382507,0.0061108281415384325,-0.044365071616382507,0.0061108281415384325,0.45521164327499997,0.74291964327500004,False,False,False,True,True,True,0.034417229729729729,0.99345439189189189,0.25042229729729731,319.36773436649145,1538684.3975445619,0.95820770871035943,0.072846283783783786,0.033783783783783786,0.072846283783783786,0.92715371621621623,True,0.4486908783783784,rejected,0d255d880f9b157d03abae753001d4c1ee94057da15f62d87693e91e851e886e
223,0.27548226155340683,0.042797963134944647,0.87246044897681119,0.0028290561079967851,-0.96698300502516099,-3.1075239728226212,-2.6481587022362172,-0.76881526629506935,0.27548226155340672,0.042797963134944446,0.066102587617933736,0.31673544365912676,0.029915700627986645,0.0021404677681428272,0.026394631149391695,0.033436770106581595,0.026394631149391695,0.033436770106581595,0.077561113011999916,0.1758450431439999,False,False,0.21771855107889496,0.0024511034615296787,0.21368648588467865,0.22175061627311127,0.21368648588467865,0.22175061627311127,0.0021472894676802003,0.0043219244962797998,False,False,358.22930743243245,3.3824895172483744,352.66511217655886,363.79350268830603,352.66511217655886,363.79350268830603,29.880602871860003,68.03831604714,False,False,0.2100929054054054,0.0070767430019447828,0.19845166316720622,0.22173414764360458,0.19845166316720622,0.22173414764360458,0.52468278421999992,5.7185604590200008,False,False,-0.033943938435562607,0.0062100796752380628,-0.044159519501329222,-0.023728357369795991,-0.044159519501329222,-0.023728357369795991,0.45521164327499997,0.74291964327500004,False,False,False,True,True,True,0.028716216216216218,0.43074324324324326,0.2100929054054054,319.36773436649145,1158624.9252501519,0.83439232121130191,0.55996621621621623,0.22170608108108109,0.56017736486486491,0.43982263513513514,True,0.28505067567567566,rejected,467ac79581dfd46132e00ab37c6b7e40c4ed0929d3c3fb6e6f4a3b01dd17d6b2
224,0.24704611580818903,0.05910939350724239,0.081916023156568984,0.033550482214428815,-1.1144289602734261,-2.7674370260538286,0.27206520189840699,-3.4851214170009568,0.24704611580818892,0.059109393507242196,0.56759983859956264,0.029738549143075943,0.000165318254640284,6.5164523719980687e-05,5.812261312091577e-05,0.00027251389615965223,5.812261312091577e-05,0.00027251389615965223,0.077561113011999916,0.1758450431439999,False,False,0.0007637076902117664,0.00026038277093335353,0.00033537803202639982,0.0011920373483971329,0.00033537803202639982,0.0011920373483971329,0.0021472894676802003,0.0043219244962797998,False,False,83.822423986486484,0.35971386136634759,83.230694684538847,84.414153288434122,83.230694684538847,84.414153288434122,29.880602871860003,68.03831604714,False,False,0.03885135135135135,0.0043505829318267126,0.031694642428496407,0.046008060274206293,0.031694642428496407,0.046008060274206293,0.52468278421999992,5.7185604590200008,False,False,-2.3313011200618516e-05,0.00016200884270887487,-0.00028981755745671766,0.00024319153505548063,-0.00028981755745671766,0.00024319153505548063,0.45521164327499997,0.74291964327500004,False,False,True,True,True,True,0.00021114864864864866,0.0014780405405405406,0.03885135135135135,100.21340230491739,764958.03674140328,0.0029199515083926826,0.92124155405405406,0.30447635135135137,0.99809966216216217,0.0019003378378378379,True,0.17461993243243243,rejected,24ca8571150c2c01b8b81314c4687b685baedde2c1b93edd53a97af7211e2809
225,0.64415059145539988,0.97505376301705815,1.3880782251379453,0.48017129142838016,0.5934249047802469,3.6657696225378569,-0.030177405857442732,0.015695465694841128,0.64415059145539999,0.97505376301705837,0.49245622102171177,0.50392378587275743,0.54400223080704413,0.0052475304650596586,0.53537004319202097,0.55263441842206729,0.53537004319202097,0.55263441842206729,0.077561113011999916,0.1758450431439999,False,False,0.44138196790540546,0.0020072181200768715,0.43808009409787901,0.4446838417129319,0.43808009409787901,0.4446838417129319,0.0021472894676802003,0.0043219244962797998,False,False,668.36697635135135,2.7897346586474763,663.77786283787623,672.95608986482648,663.77786283787623,672.95608986482648,29.880602871860003,68.03831604714,False,False,0.24324324324324326,0.0053587481978204007,0.23442810245782869,0.25205838402865782,0.23442810245782869,0.25205838402865782,0.52468278421999992,5.7185604590200008,False,False,-0.056921558575574349,0.014442773712568311,-0.080679921332749219,-0.03316319581839948,-0.080679921332749219,-0.03316319581839948,0.45521164327499997,0.74291964327500004,False,False,False,True,True,True,0.034417229729729729,0.9106841216216216,0.24324324324324326,319.36773436649145,1538684.3975445619,0.96940464751829736,0.10831925675675676,0.045185810810810814,0.10831925675675676,0.8916807432432432,True,0.43728885135135137,rejected,1d8bdc5e92cdab55bcabc08497abb61aff3ff8cc4b1cacb670c36fff803f1778
226,0.32258739788085228,0.57038131728768349,1.0845554435197637,0.54632865890055538,-0.74190644316784715,0.2834070839886893,3.1229752077399238,-0.43164420521378521,0.32258739788085222,0.57038131728768349,0.95783056411892165,0.39373377896845341,0.41962556454537303,0.0050196197073284566,0.41136829012681775,0.42788283896392831,0.41136829012681775,0.42788283896392831,0.077561113011999916,0.1758450431439999,False,False,0.38692789425426205,0.0024659171936497978,0.38287146047070814,0.39098432803781596,0.38287146047070814,0.39098432803781596,0.0021472894676802003,0.0043219244962797998,False,False,592.88091216216219,3.4190067469483663,587.25664606343207,598.50517826089231,587.25664606343207,598.50517826089231,29.880602871860003,68.03831604714,False,False,0.23754222972972974,0.0053777970734459066,0.22869575354391122,0.24638870591554826,0.22869575354391122,0.24638870591554826,0.52468278421999992,5.7185604590200008,False,False,-0.057251560812047964,0.013899386474545449,-0.080116051562675233,-0.034387070061420701,-0.080116051562675233,-0.034387070061420701,0.45521164327499997,0.74291964327500004,False,False,False,True,True,True,0.032728040540540543,0.78167229729729726,0.23754222972972974,319.36773436649145,1538684.3975445619,0.95506751711926963,0.21832770270270271,0.083192567567567571,0.21832770270270271,0.78167229729729726,True,0.40413851351351349,rejected,b9352afc177ef42f476c4fbc0167ea6d03a03501c794b2bda0578a18e8f09c8a
227,0.78632270637899637,0.39343774877488619,2.4353741698640019,0.040605555229630531,1.3029003729299704,-0.43288450667479428,-2.1620876859514087,2.0321448755007774,0.78632270637899648,0.39343774877488613,0.10320706479251383,0.88413098733872164,0.67937082990094033,0.0052883563574826625,0.67067148369288132,0.68807017610899934,0.67067148369288132,0.68807017610899934,0.077561113011999916,0.1758450431439999,False,False,0.48517525337837836,0.00096550129475967827,0.48358700374849867,0.48676350300825805,0.48358700374849867,0.48676350300825805,0.0021472894676802003,0.0043219244962797998,False,False,729.25696790540542,1.3502394594341587,727.03582399463619,731.47811181617465,727.03582399463619,731.47811181617465,29.880602871860003,68.03831604714,False,False,0.2483108108108108,0.0055107081306318712,0.23924569593592138,0.25737592568570022,0.23924569593592138,0.25737592568570022,0.52468278421999992,5.7185604590200008,False,False,0.0029799625093572812,0.014801403801682668,-0.021368346744410707,0.027328271763125269,-0.021368346744410707,0.027328271763125269,0.45521164327499997,0.74291964327500004,False,False,False,True,True,True,0.034839527027027029,0.98585304054054057,0.2483108108108108,319.36773436649145,1538684.3975445619,0.98301053897111956,0.019847972972972971,0.0099239864864864857,0.019847972972972971,0.98015202702702697,True,0.46304898648648651,rejected,66a8df3abee624a00d3a0b5fcea8969168a5fb78dd2389fd33993fc3a67c882a
228,0.56623730715364218,0.35093646217137581,2.2237958244971927,0.2669839180306065,0.26651566704403051,-0.61492542540967854,1.1569367359977119,1.4326907191890754,0.56623730715364218,0.35093646217137575,0.76077565830200911,0.80732021480798721,0.62195963716164149,0.0052817413680723005,0.6132711726111626,0.63064810171212038,0.6132711726111626,0.63064810171212038,0.077561113011999916,0.1758450431439999,False,False,0.46834776182432436,0.0015130718173727671,0.46585875868474613,0.47083676496390259,0.46585875868474613,0.47083676496390259,0.0021472894676802003,0.0043219244962797998,False,False,705.81925675675677,2.109200846925352,702.34962136356455,709.28889214994899,702.34962136356455,709.28889214994899,29.880602871860003,68.03831604714,False,False,0.25084459459459457,0.0054106606197368654,0.24194405787512743,0.25974513131406174,0.24194405787512743,0.25974513131406174,0.52468278421999992,5.7185604590200008,False,False,-0.03426613208019047,0.01474340660018807,-0.058519035937499846,-0.010013228222881095,-0.058519035937499846,-0.010013228222881095,0.45521164327499997,0.74291964327500004,False,False,False,True,True,True,0.034839527027027029,0.94700168918918914,0.25084459459459457,319.36773436649145,1538684.3975445619,0.98237757416289673,0.053842905405405407,0.025548986486486486,0.053842905405405407,0.94615709459459463,True,0.45502533783783783,rejected,49bcd47479b42167b09f24a3e3be9ad7a482e3cbe53589b5da37083e5e896a4f
229,0.043663623742759436,0.68521382566541422,0.77678924500761581,0.12209534440408304,-3.0865943623489676,0.77783734711583818,-1.5286878012680589,-0.93454642401606025,0.043663623742759235,0.68521382566541433,0.17818575724959373,0.28200325462967157,0.36030948584086125,0.0047987728656553718,0.35241550447685815,0.36820346720486435,0.35241550447685815,0.36820346720486435,0.077561113011999916,0.1758450431439999,False,False,0.36466567087572532,0.0025473693513008559,0.36047524829283539,0.36885609345861525,0.36047524829283539,0.36885609345861525,0.0021472894676802003,0.0043219244962797998,False,False,562.02491554054052,3.5286440547333981,556.22029607050411,567.82953501057693,556.22029607050411,567.82953501057693,29.880602871860003,68.03831604714,False,False,0.2533783783783784,0.0057187987234718126,0.24397095447826728,0.26278580227848952,0.24397095447826728,0.26278580227848952,0.52468278421999992,5.7185604590200008,False,False,-0.049776042465843218,0.013223570963432801,-0.071528816700690168,-0.028023268230996261,-0.071528816700690168,-0.028023268230996261,0.45521164327499997,0.74291964327500004,False,False,False,True,True,True,0.032305743243243243,0.5791807432432432,0.2533783783783784,319.36773436649145,1538684.3975445619,0.94464812491046268,0.26288006756756754,0.098184121621621628,0.26330236486486486,0.73669763513513509,True,0.39252533783783783,rejected,dfa0a69970cf69d5f3f248563e4d8112634166b68b2a30ca1c1c2759476085dd
230,0.98973953071981657,0.76934345532208681,1.8720489394103359,0.50103606676002532,4.5691432307227444,1.2046077111718585,0.62454479254749173,0.75204014043051493,0.9897395307198168,0.76934345532208692,0.65125148370861996,0.67962307296693325,0.00010821730111798512,5.1533600742559833e-05,2.3444527896474189e-05,0.00019299007433949605,2.3444527896474189e-05,0.00019299007433949605,0.077561113011999916,0.1758450431439999,False,False,2.1674931830439815e-05,2.6888670666544562e-06,1.7251745505793235e-05,2.6098118155086396e-05,1.7251745505793235e-05,2.6098118155086396e-05,0.0021472894676802003,0.0043219244962797998,False,False,83.15857263513513,0.3024696428256789,82.661010072686892,83.656135197583367,82.661010072686892,83.656135197583367,29.880602871860003,68.03831604714,False,False,0.017314189189189189,0.0022212463172944117,0.013660238997239883,0.020968139381138496,0.013660238997239883,0.020968139381138496,0.52468278421999992,5.7185604590200008,False,False,0.0001225382559619109,6.8190711163258595e-05,1.0364536098350511e-05,0.00023471197582547129,1.0364536098350511e-05,0.00023471197582547129,0.45521164327499997,0.74291964327500004,False,False,True,True,True,True,0.00021114864864864866,0.99978885135135132,0.017314189189189189,100.21340230491739,764958.03674140328,0,0.92166385135135132,0.30510979729729731,0.99978885135135132,0.00021114864864864866,True,0.17461993243243243,rejected,9b4bb108b08a310c71d7c31be02eccccd23ac6a21cffb7ce163b121b1814907c
231,0.40049686748534447,0.19652401562780156,0.46696695496173612,0.056735187920116011,-0.40339525469794635,-1.4081626551827011,-0.9017382938715659,-1.5889882339849875,0.40049686748534441,0.19652401562780142,0.28869340848177671,0.16952629294246435,0.089065657170227241,0.0029707598991087544,0.084178757136193341,0.093952557204261142,0.084178757136193341,0.093952557204261142,0.077561113011999916,0.1758450431439999,True,True,0.180196728160926,0.002523296389878301,0.1760459055995762,0.18434755072227579,0.1760459055995762,0.18434755072227579,0.0021472894676802003,0.0043219244962797998,False,False,308.25105574324323,3.450940241013805,302.57425904677552,313.92785243971093,302.57425904677552,313.92785243971093,29.880602871860003,68.03831604714,False,False,0.18813344594594594,0.0067889910565881728,0.1769655556578584,0.19930133623403348,0.1769655556578584,0.19930133623403348,0.52468278421999992,5.7185604590200008,False,False,-0.054421197855592407,0.0082718624170847101,-0.068028411531696753,-0.040813984179488061,-0.068028411531696753,-0.040813984179488061,0.45521164327499997,0.74291964327500004,False,False,False,True,True,True,0.020903716216216218,0.36423141891891891,0.18813344594594594,319.36773436649145,1158624.9252501519,0.81235316086911691,0.62732263513513509,0.22951858108108109,0.63597972972972971,0.36402027027027029,True,0.25760135135135137,rejected,79abf13cb661c3cade6b85e1a2fa31e09ed45a9b46269ace09ce71293797e656
232,0.89239066839218117,0.13042649440467374,0.91253416374927399,0.118470874641744,2.1153966368020729,-1.8971930611915209,2.2934657058691514,-0.70238486076065088,0.8923906683921814,0.13042649440467358,0.90833442378789186,0.33128368575125933,0.00085176024216274365,0.00017734689789165593,0.00056002459513096957,0.0011434958891945177,0.00056002459513096957,0.0011434958891945177,0.077561113011999916,0.1758450431439999,False,False,0.00010704112662703364,6.5304347454926322e-06,9.6298561470698255e-05,0.00011778369178336903,9.6298561470698255e-05,0.00011778369178336903,0.0021472894676802003,0.0043219244962797998,False,False,83.606418918918919,0.30771909476067738,83.100221008037607,84.112616829800231,83.100221008037607,84.112616829800231,29.880602871860003,68.03831604714,False,False,0.073690878378378372,0.0055808281538556976,0.06451041606528575,0.082871340691470993,0.06451041606528575,0.082871340691470993,0.52468278421999992,5.7185604590200008,False,False,-0.00019980986770987564,0.00053519434927566526,-0.0010802045722683451,0.00068058483684859371,-0.0010802045722683451,0.00068058483684859371,0.45521164327499997,0.74291964327500004,False,False,True,True,True,True,0.00021114864864864866,0.88513513513513509,0.073690878378378372,100.21340230491739,764958.03674140328,0,0.92124155405405406,0.2985641891891892,0.99978885135135132,0.00021114864864864866,True,0.17525337837837837,rejected,dec726f5d3df79b955ecc21eaf8c140507bbc9a719aa38560784641ef2430fe3
233,0.49870017543435102,0.84325348958373059,2.2630652356841412,0.025827322916695674,-0.0051993099752338529,1.6826376950203763,-3.4547276233568973,1.5270648782499354,0.49870017543435102,0.8432534895837307,0.03062818385660648,0.82157646492123604,0.76035072811938598,0.0048703727717581968,0.75233896490984375,0.7683624913289282,0.75233896490984375,0.7683624913289282,0.077561113011999916,0.1758450431439999,False,False,0.4904011824324323,0.00066651939769889852,0.4893047580232176,0.49149760684164701,0.4893047580232176,0.49149760684164701,0.0021472894676802003,0.0043219244962797998,False,False,736.55088682432438,0.93464443284969034,735.01339673228665,738.08837691636211,735.01339673228665,738.08837691636211,29.880602871860003,68.03831604714,False,False,0.2100929054054054,0.0051157269592845087,0.20167753455738238,0.21850827625342842,0.20167753455738238,0.21850827625342842,0.52468278421999992,5.7185604590200008,False,False,-0.00086266363114273492,0.013853788519006807,-0.023652145744908933,0.021926818482623463,-0.023652145744908933,0.021926818482623463,0.45521164327499997,0.74291964327500004,False,False,False,True,True,True,0.034839527027027029,0.99070945945945943,0.2100929054054054,319.36773436649145,1538684.3975445619,0.99163479615612871,0.0092905405405405411,0.0054898648648648652,0.0092905405405405411,0.99070945945945943,True,0.4653716216216216,rejected,ad50a8e2db0a34596b404acb8a0af00d7acc03fca021630bb0768bff1d7506b1
234,0.53846427612006664,0.73545700125396241,0.59819742596710135,0.40492729966876595,0.15416169564838428,1.0224882721737558,0.20301102010971175,-1.2822479695200357,0.53846427612006664,0.73545700125396252,0.55057916231453419,0.21716781239956615,0.24494468215990764,0.0041459467894644497,0.23812459969123861,0.25176476462857666,0.23812459969123861,0.25176476462857666,0.077561113011999916,0.1758450431439999,False,False,0.27843811146919623,0.0027362968500418017,0.27393690315087749,0.28293931978751496,0.27393690315087749,0.28293931978751496,0.0021472894676802003,0.0043219244962797998,False,False,443.30025337837839,3.7699291631901208,437.09871990493065,449.50178685182613,437.09871990493065,449.50178685182613,29.880602871860003,68.03831604714,False,False,0.20671452702702703,0.0058623370657066342,0.19707098255393962,0.21635807150011444,0.19707098255393962,0.21635807150011444,0.52468278421999992,5.7185604590200008,False,False,-0.02693835407185366,0.01112706638313796,-0.045242378272115608,-0.0086343298715917151,-0.045242378272115608,-0.0086343298715917151,0.45521164327499997,0.74291964327500004,False,False,False,True,True,True,0.027871621621621621,0.61507601351351349,0.20671452702702703,319.36773436649145,1538684.3975445619,0.89329324220157147,0.43369932432432434,0.16216216216216217,0.4375,0.5625,True,0.32432432432432434,rejected,d3e02506adeae4218b0d78df41e0ed8d24a6c601e1d0a42b199bd5e8d9111e41
235,0.070338064804673375,0.29288079962134372,1.9047418417222426,0.11403739717007032,-2.5815078948690209,-0.88143355292833503,-0.44998413634728784,0.8071029017849809,0.070338064804673181,0.29288079962134361,0.38936453778296709,0.69149180687963974,0.57392440541330825,0.0052067349437478049,0.56535932643084308,0.58248948439577342,0.56535932643084308,0.58248948439577342,0.077561113011999916,0.1758450431439999,False,False,0.46218116554054051,0.0016292302207831606,0.45950108182735222,0.46486124925372879,0.45950108182735222,0.46486124925372879,0.0021472894676802003,0.0043219244962797998,False,False,697.24577702702697,2.2688325225547534,693.51354752742441,700.97800652662954,693.51354752742441,700.97800652662954,29.880602871860003,68.03831604714,False,False,0.2717483108108108,0.0055358849148962027,0.26264178012580652,0.28085484149581508,0.26264178012580652,0.28085484149581508,0.52468278421999992,5.7185604590200008,False,False,-0.056174756144968141,0.01463146655253378,-0.080243518623886206,-0.032105993666050076,-0.080243518623886206,-0.032105993666050076,0.45521164327499997,0.74291964327500004,False,False,False,True,True,True,0.034628378378378379,0.77090371621621623,0.2717483108108108,319.36773436649145,1538684.3975445619,0.97940725007045892,0.066300675675675672,0.028927364864864864,0.066300675675675672,0.93369932432432434,True,0.45206925675675674,rejected,067845309a47ac184f0f2ba51089da861cc9ee885b1fa5bb0b22f00c2cfa78f1
236,0.29579452052712452,0.46711079683154821,1.7000456992885284,0.34124242194208382,-0.8674051619662323,-0.13174704673169696,0.99735642229296695,0.47759381644390453,0.2957945205271244,0.46711079683154821,0.7305385023355484,0.61717952881008387,0.56498643545218785,0.0052355896569089393,0.5563738904665726,0.57359898043780311,0.5563738904665726,0.57359898043780311,0.077561113011999916,0.1758450431439999,False,False,0.4509976773648649,0.0018588493371040763,0.44793987020532872,0.45405548452440109,0.44793987020532872,0.45405548452440109,0.0021472894676802003,0.0043219244962797998,False,False,681.69974662162167,2.5865687404778765,677.44484104353558,685.95465219970777,677.44484104353558,685.95465219970777,29.880602871860003,68.03831604714,False,False,0.25190033783783783,0.0053470480767774968,0.24310444375153883,0.26069623192413682,0.24310444375153883,0.26069623192413682,0.52468278421999992,5.7185604590200008,False,False,-0.05477233324697961,0.014541941281936891,-0.078693826655765797,-0.030850839838193422,-0.078693826655765797,-0.030850839838193422,0.45521164327499997,0.74291964327500004,False,False,False,True,True,True,0.034417229729729729,0.91110641891891897,0.25190033783783783,319.36773436649145,1538684.3975445619,0.97712003899462652,0.088893581081081086,0.0386402027027027,0.088893581081081086,0.91110641891891897,True,0.44446790540540543,rejected,6aecdf279d359904c9b4ca135c29c3522a1ff58550eb9cdd0687194a2f7f7005
237,0.81397002935409535,0.50452078599482775,0.29466555269435107,0.16624809613950345,1.4760157531117759,0.018083636769300936,-0.71037111725719171,-2.1220245964299602,0.81397002935409546,0.50452078599482775,0.32951684202998877,0.10697450488805774,0.00032731776360915658,9.5853055597173504e-05,0.00016963948715180617,0.00048499604006650699,0.00016963948715180617,0.00048499604006650699,0.077561113011999916,0.1758450431439999,False,False,5.8226478039747498e-05,4.4744813421980096e-06,5.0865956231831769e-05,6.5586999847663219e-05,5.0865956231831769e-05,6.5586999847663219e-05,0.0021472894676802003,0.0043219244962797998,False,False,83.351984797297291,0.30480253941957558,82.850584619952087,83.853384974642495,82.850584619952087,83.853384974642495,29.880602871860003,68.03831604714,False,False,0.04666385135135135,0.0042917072282488552,0.039603992960881983,0.053723709741820717,0.039603992960881983,0.053723709741820717,0.52468278421999992,5.7185604590200008,False,False,9.7478349641317192e-05,0.00020562935928329705,-0.00024078194637970648,0.00043573864566234083,-0.00024078194637970648,0.00043573864566234083,0.45521164327499997,0.74291964327500004,False,False,True,True,True,True,0.00021114864864864866,0.85346283783783783,0.04666385135135135,100.21340230491739,764958.03674140328,0,0.92145270270270274,0.30173141891891891,0.99978885135135132,0.00021114864864864866,True,0.17461993243243243,rejected,98f5c8b5d4d9cc6764477ef35e0ff8be136b40f1e90112880f772cbaa96aaf7d
238,0.1487167421728374,0.9167763730511066,2.7400900541341486,0.80037175921835768,-1.7447014887048136,2.3993322892593492,1.9280041465015461,5.2450553970708151,0.14871674217283723,0.91677637305110682,0.87302834447473299,0.99475413467735052,0.73554386282889328,0.0052025975622250406,0.72698558983903305,0.74410213581875351,0.72698558983903305,0.74410213581875351,0.077561113011999916,0.1758450431439999,False,False,0.48183065878378373,0.0011173506313061662,0.47999261699528506,0.4836687005722824,0.47999261699528506,0.4836687005722824,0.0021472894676802003,0.0043219244962797998,False,False,724.58847128378375,1.5617695830892526,722.0193603196019,727.15758224796559,722.0193603196019,727.15758224796559,29.880602871860003,68.03831604714,False,False,0.19932432432432431,0.0051243655360446536,0.19089474301753087,0.20775390563111776,0.19089474301753087,0.20775390563111776,0.52468278421999992,5.7185604590200008,False,False,0.0037517481735092062,0.014767168834234059,-0.02054024455880582,0.028043740905824233,-0.02054024455880582,0.028043740905824233,0.45521164327499997,0.74291964327500004,False,False,False,True,True,True,0.034839527027027029,0.97339527027027029,0.19932432432432431,319.36773436649145,1538684.3975445619,0.99010006730906619,0.026604729729729729,0.012880067567567568,0.026604729729729729,0.97339527027027029,True,0.46178209459459457,rejected,12e79d2a28cdd5c240595c16bd5ac6dc34b2c8d1c0a7947387d92a4a7a9e2972
239,0.74138137511908997,0.10957430023700014,1.2934551806821299,0.020601064153857748,1.0531606834575138,-2.095096802581915,-1.4629928739248579,-0.12186211434540685,0.74138137511909008,0.10957430023699997,0.18800999969244006,0.46957211755216116,0.29767383729291746,0.0045048541116801408,0.29026335227920363,0.30508432230663129,0.29026335227920363,0.30508432230663129,0.077561113011999916,0.1758450431439999,False,False,0.3997839280823724,0.0022412438765086729,0.39609708190551562,0.40347077425922917,0.39609708190551562,0.40347077425922917,0.0021472894676802003,0.0043219244962797998,False,False,610.5703125,3.1090112827371952,605.45598893989734,615.68463606010266,605.45598893989734,615.68463606010266,29.880602871860003,68.03831604714,False,False,0.32896959459459457,0.0065945633178177854,0.31812153793678433,0.33981765125240482,0.31812153793678433,0.33981765125240482,0.52468278421999992,5.7185604590200008,False,False,-0.09036470412391906,0.012151254541376196,-0.1103535178444829,-0.070375890403355221,-0.1103535178444829,-0.070375890403355221,0.45521164327499997,0.74291964327500004,False,False,False,True,True,True,0.033994932432432436,0.82580236486486491,0.32896959459459457,319.36773436649145,1538684.3975445619,0.93331128294912613,0.19235641891891891,0.0789695945945946,0.19235641891891891,0.80764358108108103,True,0.41955236486486486,rejected,e9ec715adf972b2e4482eb4f7f1671e3403d7d9cc19a3ae5c44386cb5f306b2e
240,0.45640254113823175,0.077142209745943754,1.769779705716725,0.06317806897247491,-0.1748338218588798,-2.4818245509491925,1.5094645606389812,0.58621210227642329,0.45640254113823175,0.07714220974594356,0.81898184120655049,0.64249555487185717,0.34068781004161969,0.0046928014295224158,0.33296815169005534,0.34840746839318404,0.33296815169005534,0.34840746839318404,0.077561113011999916,0.1758450431439999,False,False,0.39947032923634757,0.0023257972655509832,0.39564439273451618,0.40329626573817895,0.39564439273451618,0.40329626573817895,0.0021472894676802003,0.0043219244962797998,False,False,610.08614864864865,3.2274758943709232,604.77695080240846,615.39534649488883,604.77695080240846,615.39534649488883,29.880602871860003,68.03831604714,False,False,0.31841216216216217,0.006266392118263295,0.30810394712761907,0.32872037719670527,0.30810394712761907,0.32872037719670527,0.52468278421999992,5.7185604590200008,False,False,-0.093721123265440298,0.012823833332666189,-0.11481632909767618,-0.072625917433204415,-0.11481632909767618,-0.072625917433204415,0.45521164327499997,0.74291964327500004,False,False,False,True,True,True,0.033572635135135136,0.80701013513513509,0.31841216216216217,319.36773436649145,1538684.3975445619,0.95269347611557842,0.19298986486486486,0.077913851351351357,0.19298986486486486,0.80701013513513509,True,0.41532939189189189,rejected,23e6106a33e254a0a4e31005cad7ec72dd8130ab74baa6184e2a8e6a8ea36532
241,0.93383285868912913,0.89458102267235495,0.37555742046050772,0.22003382436755772,2.6471134851645828,2.1384128071279243,-1.1202603667879432,-1.8460168108264439,0.93383285868912935,0.89458102267235518,0.24596299137920141,0.13634124770760536,0.0001299943834971494,5.7997423806993135e-05,3.4588621334645696e-05,0.00022540014565965313,3.4588621334645696e-05,0.00022540014565965313,0.077561113011999916,0.1758450431439999,False,False,2.639835666361474e-05,2.9633420194957308e-06,2.1523659041544262e-05,3.1273054285685217e-05,2.1523659041544262e-05,3.1273054285685217e-05,0.0021472894676802003,0.0043219244962797998,False,False,83.16934121621621,0.30252268430190415,82.671691400539572,83.666991031892849,82.671691400539572,83.666991031892849,29.880602871860003,68.03831604714,False,False,0.020270270270270271,0.0024062889079651765,0.016311925016667554,0.024228615523872989,0.016311925016667554,0.024228615523872989,0.52468278421999992,5.7185604590200008,False,False,0.0001567958956921014,8.5094366681565803e-05,1.6815662500925641e-05,0.00029677612888327716,1.6815662500925641e-05,0.00029677612888327716,0.45521164327499997,0.74291964327500004,False,False,True,True,True,True,0.00021114864864864866,0.98923141891891897,0.020270270270270271,100.21340230491739,764958.03674140328,0,0.92166385135135132,0.30510979729729731,0.99978885135135132,0.00021114864864864866,True,0.17461993243243243,rejected,0545caafb32f6dfb113b3a97d14b0db62b51c1521d0f42de8db33d8bfe7e418a
242,0.099574117921292948,0.55705058667808771,2.1431513169478809,0.39564194010118042,-2.201965583116031,0.22920048331434911,0.8965702838144044,1.2542997034556036,0.099574117921292768,0.55705058667808771,0.71024418529123068,0.77804327290505171,0.65066640130819375,0.0052971854354330189,0.64195253126690643,0.65938027134948107,0.64195253126690643,0.65938027134948107,0.077561113011999916,0.1758450431439999,False,False,0.47116976351351353,0.0014430943760860365,0.468795873264852,0.47354365376217505,0.468795873264852,0.47354365376217505,0.0021472894676802003,0.0043219244962797998,False,False,709.74282094594594,2.0126291663252811,706.43204596734085,713.05359592455102,706.43204596734085,713.05359592455102,29.880602871860003,68.03831604714,False,False,0.2360641891891892,0.0053160546676060509,0.22731927926097725,0.24480909911740115,0.22731927926097725,0.24480909911740115,0.52468278421999992,5.7185604590200008,False,False,-0.027775650480149849,0.01468824134139983,-0.051937807486752571,-0.0036134934735471309,-0.051937807486752571,-0.0036134934735471309,0.45521164327499997,0.74291964327500004,False,False,False,True,True,True,0.034839527027027029,0.86739864864864868,0.2360641891891892,319.36773436649145,1538684.3975445619,0.98488121784462512,0.048141891891891893,0.02364864864864865,0.048141891891891893,0.95185810810810811,True,0.4565033783783784,rejected,5fc07e4fe49725e031f0c89bdfac18e9bc24259d81c35678851956dec33ee0aa
243,0.51032781135290861,0.46933046262711287,0.70679436401825424,0.16601024334300599,0.041317122129124494,-0.12283235587423895,-0.60273958344055967,-1.0637550107926055,0.51032781135290861,0.46933046262711287,0.35371717065572739,0.25659252144396305,0.27910315995214369,0.0043823746083521617,0.27189415372140441,0.28631216618288297,0.27189415372140441,0.28631216618288297,0.077561113011999916,0.1758450431439999,False,False,0.31899107546933575,0.0026868051201838915,0.31457128104663323,0.32341086989203827,0.31457128104663323,0.32341086989203827,0.0021472894676802003,0.0043219244962797998,False,False,499.03990709459458,3.7122008168993044,492.93333675079521,505.14647743839396,492.93333675079521,505.14647743839396,29.880602871860003,68.03831604714,False,False,0.24936655405405406,0.0059888111631305439,0.2395149596907043,0.25921814841740382,0.2395149596907043,0.25921814841740382,0.52468278421999992,5.7185604590200008,False,False,-0.048952717626014747,0.011899948099858863,-0.068528132250282578,-0.029377303001746916,-0.068528132250282578,-0.029377303001746916,0.45521164327499997,0.74291964327500004,False,False,False,True,True,True,0.030405405405405407,0.65540540540540537,0.24936655405405406,319.36773436649145,1538684.3975445619,0.91793011453055473,0.35409628378378377,0.1345016891891892,0.35557432432432434,0.64442567567567566,True,0.35536317567567566,rejected,801f75fa0a84ffebb05197ff09a918362582877ebe4f5b83556c81cc2316ce95
244,0.85590050090104319,0.27063967287540447,1.1759806883179957,0.13758603467273925,1.7816501051866303,-0.99137957002141419,0.033497086467468094,-0.2944101751781375,0.8559005009010433,0.27063967287540436,0.50837348867207766,0.42692452762275934,0.10460534589791032,0.0027566619549388971,0.10007063698203583,0.1091400548137848,0.10007063698203583,0.1091400548137848,0.077561113011999916,0.1758450431439999,True,True,0.010308827683818127,0.0001755667815236147,0.01002002032821178,0.010597635039424473,0.01002002032821178,0.010597635039424473,0.0021472894676802003,0.0043219244962797998,False,False,324.31228885135135,4.0875582300397868,317.5882555629359,331.03632213976681,317.5882555629359,331.03632213976681,29.880602871860003,68.03831604714,False,False,1.1252111486486487,0.034659540050699024,1.0681962052652487,1.1822260920320486,1.0681962052652487,1.1822260920320486,0.52468278421999992,5.7185604590200008,True,True,0.013895065199172843,0.0078458530078206971,0.00098863700130779643,0.026801493397037891,0.00098863700130779643,0.026801493397037891,0.45521164327499997,0.74291964327500004,False,False,True,True,True,True,0.012035472972972973,0.93391047297297303,1.1252111486486487,269.08480811003778,1158624.9252501519,0,0.58994932432432434,0.19784628378378377,0.6260557432432432,0.37394425675675674,True,0.27744932432432434,rejected,d27b065ea458f71797e1f97ec76ffb9df9fc7d00a7e459b03f3577bc3614f428
245,0.2530086049810053,0.70294861681759346,2.5376276727376874,0.30062595774274464,-1.0826301657491577,0.86137866665466634,-0.29138757450114089,2.4594916863947152,0.25300860498100519,0.70294861681759357,0.42766419984400278,0.92125279456377029,0.72489025412478558,0.0052161613881353645,0.71630966864130285,0.73347083960826831,0.71630966864130285,0.73347083960826831,0.077561113011999916,0.1758450431439999,False,False,0.48298036317567555,0.0010680785017543716,0.48122337404028959,0.48473735231106152,0.48122337404028959,0.48473735231106152,0.0021472894676802003,0.0043219244962797998,False,False,726.19151182432438,1.4933374720179455,723.73497168285485,728.64805196579391,723.73497168285485,728.64805196579391,29.880602871860003,68.03831604714,False,False,0.21135979729729729,0.0052045954490323532,0.20279823778363906,0.21992135681095551,0.20279823778363906,0.21992135681095551,0.52468278421999992,5.7185604590200008,False,False,-0.0027734803786191309,0.014767343105112485,-0.02706575978652917,0.021518799029290908,-0.02706575978652917,0.021518799029290908,0.45521164327499997,0.74291964327500004,False,False,False,True,True,True,0.034839527027027029,0.97571790540540537,0.21135979729729729,319.36773436649145,1538684.3975445619,0.98975661582140895,0.024282094594594593,0.011613175675675675,0.024282094594594593,0.97571790540540537,True,0.46304898648648651,rejected,fea9957e7d5304de1882059908375ed7661878eb8ad7fb70717b9b0657a14912
246,0.71373319160193194,0.84542737901210785,0.15188468611272105,0.76078396571034623,0.91358493883446878,1.69917824881468,2.1959021408582422,-2.8411658885004858,0.71373319160193205,0.84542737901210796,0.89988091774284829,0.055139764212071889,0.00034242595653570892,0.00010164991991476788,0.00017521183827591574,0.00050964007479550205,0.00017521183827591574,0.00050964007479550205,0.077561113011999916,0.1758450431439999,False,False,5.9016977894719613e-05,4.5778800138754704e-06,5.1486365271894466e-05,6.654759051754476e-05,5.1486365271894466e-05,6.654759051754476e-05,0.0021472894676802003,0.0043219244962797998,False,False,83.333192567567565,0.30513422100085918,82.831246774021153,83.835138361113977,82.831246774021153,83.835138361113977,29.880602871860003,68.03831604714,False,False,0.047508445945945943,0.0044964063356483499,0.040111857523804403,0.054905034368087482,0.040111857523804403,0.054905034368087482,0.52468278421999992,5.7185604590200008,False,False,2.3044190966182759e-05,0.00025462909548996037,-0.00039582067111480204,0.00044190905304716756,-0.00039582067111480204,0.00044190905304716756,0.45521164327499997,0.74291964327500004,False,False,True,True,True,True,0.00021114864864864866,0.6997466216216216,0.047508445945945943,100.21340230491739,764958.03674140328,0,0.92145270270270274,0.30215371621621623,0.99978885135135132,0.00021114864864864866,True,0.17461993243243243,rejected,f3bc6176dce37cddedc38c6fb2249e0b5e55f4e4cf7e21e94efb0bf8f9e477c7
247,0.17746451403945698,0.18288000114262118,1.468748971243389,0.0064328408874159641,-1.5336209577096727,-1.4969557552065538,-3.3116051979115855,0.13303688294754734,0.17746451403945684,0.18288000114262104,0.035175201483070843,0.53321025334298611,0.46245913524356708,0.0048784548726977014,0.45443407697797938,0.47048419350915477,0.45443407697797938,0.47048419350915477,0.077561113011999916,0.1758450431439999,False,False,0.46103146114864868,0.0015066405152630992,0.45855303750104087,0.46350988479625649,0.45855303750104087,0.46350988479625649,0.0021472894676802003,0.0043219244962797998,False,False,695.60684121621625,2.0976378041193549,692.15622702843996,699.05745540399255,692.15622702843996,699.05745540399255,29.880602871860003,68.03831604714,False,False,0.328125,0.0060829008952393128,0.31811862802733132,0.33813137197266868,0.31811862802733132,0.33813137197266868,0.52468278421999992,5.7185604590200008,False,False,-0.082197371970559596,0.01343339381533069,-0.10429530479677858,-0.060099439144340613,-0.10429530479677858,-0.060099439144340613,0.45521164327499997,0.74291964327500004,False,False,False,True,True,True,0.034839527027027029,0.93137668918918914,0.328125,319.36773436649145,1538684.3975445619,0.97169496200513472,0.068623310810810814,0.03125,0.068623310810810814,0.93137668918918914,True,0.45354729729729731,rejected,37d58897e5e062e0462d98a1fefc9d9af3cbc2f1b27dc1afe008ea9ae5dcb30d
248,0.68595987744629372,0.24215685855597266,2.659440605691298,0.15932339966954157,0.78129838174910271,-1.1408907347863622,0.654104024110577,3.3309484805102132,0.68595987744629383,0.24215685855597255,0.65793469827622175,0.96547539904713631,0.6411249265294745,0.0052889022661412035,0.63242468230167226,0.64982517075727675,0.63242468230167226,0.64982517075727675,0.077561113011999916,0.1758450431439999,False,False,0.47660472972972967,0.0012822514710658407,0.47449542605982636,0.47871403339963298,0.47449542605982636,0.47871403339963298,0.0021472894676802003,0.0043219244962797998,False,False,717.30912162162167,1.7898271480595602,714.36485596306375,720.2533872801796,714.36485596306375,720.2533872801796,29.880602871860003,68.03831604714,False,False,0.25485641891891891,0.005460589512908811,0.24587374917018393,0.26383908866765393,0.24587374917018393,0.26383908866765393,0.52468278421999992,5.7185604590200008,False,False,-0.023359922923996468,0.014664088851062173,-0.047482349083993743,0.00076250323600080688,-0.047482349083993743,0.00076250323600080688,0.45521164327499997,0.74291964327500004,False,False,False,True,True,True,0.034839527027027029,0.96684966216216217,0.25485641891891891,319.36773436649145,1538684.3975445619,0.9837126886292179,0.037162162162162164,0.017947635135135136,0.037162162162162164,0.96283783783783783,True,0.45967060810810811,rejected,6154e670c3e049765f7a415c11dffd7215c3d0a261e18226d4983f302f410487
249,0.20413914881646647,0.79396303836256266,1.2234658767968976,0.22080406299517075,-1.360622497132532,1.3489813308637264,-0.95388740667655858,-0.2242818167129868,0.20413914881646633,0.79396303836256277,0.27810370549559593,0.44416340906172991,0.51911626664045796,0.0051750706542504693,0.51060327541421591,0.52762925786670001,0.51060327541421591,0.52762925786670001,0.077561113011999916,0.1758450431439999,False,False,0.43385663006756753,0.0020905789894730938,0.43041762762988428,0.43729563250525078,0.43041762762988428,0.43729563250525078,0.0021472894676802003,0.0043219244962797998,False,False,657.95333614864865,2.9030960353617141,653.17774317047861,662.72892912681868,653.17774317047861,662.72892912681868,29.880602871860003,68.03831604714,False,False,0.25105574324324326,0.0054016938430194693,0.24216995687147624,0.25994152961501027,0.24216995687147624,0.25994152961501027,0.52468278421999992,5.7185604590200008,False,False,-0.060776436814622636,0.014305262883208474,-0.084308594257500577,-0.037244279371744696,-0.084308594257500577,-0.037244279371744696,0.45521164327499997,0.74291964327500004,False,False,False,True,True,True,0.034206081081081079,0.87647804054054057,0.25105574324324326,319.36773436649145,1538684.3975445619,0.97109365762593791,0.12352195945945946,0.050042229729729729,0.12352195945945946,0.87647804054054057,True,0.43475506756756754,rejected,e3d5e8b32581e47709403ace324bb7b6c4af998236eae6ca6dcf69e99a3ff660
250,0.7585514448583125,0.62830665241926897,1.5977715452243015,0.50087554799797851,1.1447541927431859,0.52495916745695759,1.3687818019643363,0.32297957151964618,0.75855144485831261,0.62830665241926908,0.79718326404690742,0.58005022443830967,0.52689211744888109,0.0053135574059693389,0.51815131551606153,0.53563291938170066,0.51815131551606153,0.53563291938170066,0.077561113011999916,0.1758450431439999,False,False,0.44180004222972979,0.002016354422904632,0.43848313920405169,0.4451169452554079,0.43848313920405169,0.4451169452554079,0.0021472894676802003,0.0043219244962797998,False,False,668.89146959459458,2.8051136926542108,664.27705757017839,673.50588161901078,664.27705757017839,673.50588161901078,29.880602871860003,68.03831604714,False,False,0.2533783783783784,0.0055670527774198727,0.2442205765595227,0.26253618019723407,0.2442205765595227,0.26253618019723407,0.52468278421999992,5.7185604590200008,False,False,-0.053882894106814572,0.014693668410717025,-0.07805397864244408,-0.029711809571185067,-0.07805397864244408,-0.029711809571185067,0.45521164327499997,0.74291964327500004,False,False,False,True,True,True,0.033994932432432436,0.94108952702702697,0.2533783783783784,319.36773436649145,1538684.3975445619,0.96293803894968366,0.10747466216216216,0.047930743243243243,0.10747466216216216,0.89252533783783783,True,0.4375,rejected,049f971687e6e5e142f885b237a83c27d2fb623dfae9c7f1cf5bd1fada3ff8fe
251,0.35121219605207449,0.33746915403753525,0.20326161582017371,0.0465275944252522,-0.61371511680598401,-0.67459300602841366,-1.8330768558443142,-2.5298559424577003,0.35121219605207443,0.33746915403753519,0.13787213992327452,0.07379149179905653,0.021528658393819265,0.0016987028883642555,0.018734292142460064,0.024323024645178465,0.018734292142460064,0.024323024645178465,0.077561113011999916,0.1758450431439999,False,False,0.079261133049595631,0.0020040895062530353,0.075964405811809382,0.082557860287381879,0.075964405811809382,0.082557860287381879,0.0021472894676802003,0.0043219244962797998,False,False,176.89653716216216,2.6429005503966851,172.54896575675963,181.24410856756469,172.54896575675963,181.24410856756469,29.880602871860003,68.03831604714,False,False,0.15815033783783783,0.0086471977309680228,0.14392569757039542,0.17237497810528024,0.14392569757039542,0.17237497810528024,0.52468278421999992,5.7185604590200008,False,False,-0.022666731359165249,0.0049416333331022445,-0.030795718192118439,-0.014537744526212057,-0.030795718192118439,-0.014537744526212057,0.45521164327499997,0.74291964327500004,False,False,False,True,True,True,0.0084459459459459464,0.1632179054054054,0.15815033783783783,241.52458249665119,859842.97732499638,0.5463171113258114,0.80954391891891897,0.27618243243243246,0.83994932432432434,0.16005067567567569,True,0.1970016891891892,rejected,f99d5e22008ae8df1573e379649b074df27c482e0f795518f055110e8d844ab0
252,0.0012449380010368652,0.41813362576067453,0.6681709990324084,0.41141127639060326,-6.6874238350894721,-0.33043976355131133,4.1141556845627623,-1.1386363866037508,0.0012449380010366438,0.41813362576067448,0.98392296396195889,0.24257081001996997,0.23771518836368902,0.0040957952662955457,0.23097760515063284,0.24445277157674519,0.23097760515063284,0.24445277157674519,0.077561113011999916,0.1758450431439999,False,False,0.27718405857794132,0.0027052565536955864,0.27273391154711207,0.28163420560877056,0.27273391154711207,0.28163420560877056,0.0021472894676802003,0.0043219244962797998,False,False,441.5677787162162,3.7259636093430637,435.43856857884685,447.69698885358554,435.43856857884685,447.69698885358554,29.880602871860003,68.03831604714,False,False,0.21368243243243243,0.0057018203148704264,0.20430293801447058,0.22306192685039428,0.20430293801447058,0.22306192685039428,0.52468278421999992,5.7185604590200008,False,False,-0.028433440678742039,0.011104736637198444,-0.046700732446933478,-0.0101661489105506,-0.046700732446933478,-0.0101661489105506,0.45521164327499997,0.74291964327500004,False,False,False,True,True,True,0.028716216216216218,0.36127533783783783,0.21368243243243243,319.36773436649145,1538684.3975445619,0.90593420518406242,0.43623310810810811,0.16448479729729729,0.44003378378378377,0.55996621621621623,True,0.32516891891891891,rejected,cd8883d0d17c6c89945e8f657c6e0d25d5343e782cbeec199210ad0d700101d6
253,0.60755831189453602,0.61605993658304214,1.9854070004620958,0.049913592845540061,0.4370601964168086,0.47285780289446533,-2.4285592352458854,0.94831530428408384,0.60755831189453602,0.61605993658304214,0.081020676530897603,0.72077624592930079,0.68238433667925935,0.0051563797734305566,0.67390209195196604,0.69086658140655266,0.67390209195196604,0.69086658140655266,0.077561113011999916,0.1758450431439999,False,False,0.48256228885135133,0.0010697007361366061,0.48080263114040661,0.48432194656229605,0.48080263114040661,0.48432194656229605,0.0021472894676802003,0.0043219244962797998,False,False,725.61592060810813,1.4945403645044248,723.15740170849836,728.0744395077179,723.15740170849836,728.0744395077179,29.880602871860003,68.03831604714,False,False,0.23923141891891891,0.0053353886176825838,0.23045470464283108,0.24800813319500675,0.23045470464283108,0.24800813319500675,0.52468278421999992,5.7185604590200008,False,False,-0.0095525905685485135,0.014368406567214489,-0.033188619371616351,0.014083438234519321,-0.033188619371616351,0.014083438234519321,0.45521164327499997,0.74291964327500004,False,False,False,True,True,True,0.034839527027027029,0.97592905405405406,0.23923141891891891,319.36773436649145,1538684.3975445619,0.98630033885913071,0.025126689189189189,0.012035472972972973,0.025126689189189189,0.97487331081081086,True,0.46199324324324326,rejected,e320abb9fd7240bab4c92ff2b614840f5df59430488125e3281f3cc5a2b6e469
254,0.42960994690656662,0.9616627488285302,1.0039643391795829,0.59951653895826862,-0.28344273366633321,3.2222417773115892,0.50407553705590447,-0.55598818099049097,0.42960994690656656,0.96166274882853042,0.62341661844402563,0.36447622440755367,0.43083194781349421,0.0050275982193562965,0.42256154874265311,0.4391023468843353,0.42256154874265311,0.4391023468843353,0.077561113011999916,0.1758450431439999,False,False,0.38828652871621622,0.002452698460873504,0.3842518397480793,0.39232121768435313,0.3842518397480793,0.39232121768435313,0.0021472894676802003,0.0043219244962797998,False,False,594.80384290540542,3.3999530364710897,589.21092016041052,600.39676565040031,589.21092016041052,600.39676565040031,29.880602871860003,68.03831604714,False,False,0.23585304054054054,0.0053573613838376333,0.22704018106412763,0.24466590001695346,0.22704018106412763,0.24466590001695346,0.52468278421999992,5.7185604590200008,False,False,-0.059256019812182981,0.013952453841889713,-0.082207806382091561,-0.0363042332422744,-0.082207806382091561,-0.0363042332422744,0.45521164327499997,0.74291964327500004,False,False,False,True,True,True,0.032728040540540543,0.78505067567567566,0.23585304054054054,319.36773436649145,1538684.3975445619,0.95477840343874509,0.21558277027027026,0.080869932432432429,0.21558277027027026,0.78441722972972971,True,0.40709459459459457,rejected,0ca539ceb148c8cdc15ce23985c50cae42a3b591c074e2461e25c29ab9ae7db9
255,0.96147998794913281,0.0022479966282846764,2.3653131717151585,0.00099034576433595987,3.2172958516699044,-6.0954653196594375,-0.23894672705124706,1.8045034316804225,0.96147998794913303,0.0022479966282844552,0.440545929595828,0.85869625117629766,0.00011214566560445558,4.8881576928312451e-05,3.1735471557381597e-05,0.00019255585965152956,3.1735471557381597e-05,0.00019255585965152956,0.077561113011999916,0.1758450431439999,False,False,4.303445961465365e-05,3.7734507714190761e-06,3.682713309566927e-05,4.924178613363803e-05,3.682713309566927e-05,4.924178613363803e-05,0.0021472894676802003,0.0043219244962797998,False,False,83.28378378378379,0.30433469033483346,82.783153218182989,83.784414349384591,82.783153218182989,83.784414349384591,29.880602871860003,68.03831604714,False,False,0.030405405405405407,0.0032808217739330905,0.025008453587285474,0.035802357223525344,0.025008453587285474,0.035802357223525344,0.52468278421999992,5.7185604590200008,False,False,9.386641305758614e-05,6.5151126805656863e-05,-1.3307190537719405e-05,0.00020104001665289167,-1.3307190537719405e-05,0.00020104001665289167,0.45521164327499997,0.74291964327500004,False,False,True,True,True,True,0.00021114864864864866,0.10831925675675676,0.030405405405405407,100.21340230491739,764958.03674140328,0,0.92145270270270274,0.3046875,0.99978885135135132,0.00021114864864864866,True,0.17461993243243243,rejected,cb0268918d43199409155ca070218fc31ff4f2afa348a8f2a49f164c55aab41d
