candidate_moment,candidate_index,replication_count,point_contrast,analytic_mcse,replication_index_mcse,diagnostic_mcse,relative_agreement_difference,agreement_pass,empirical_scale,precision_threshold,precision_pass,convergence_slope,convergence_classification,projected_required_replications,persistent_variance_floor,sensitivity_summary
fixed_horizon_probability,0,32,0.25,0.007331720997506239,0.0074731820295666444,0.0074731820295666444,0.018929156482571114,True,0.082330569531281705,0.0082330569531281709,True,-0.49280809148751625,regular_convergence,32,False,"{""clear_recovery_adjustment_secondary_relationship"":true,""local_pairwise_differences"":[{""left_candidate_index"":0,""moment_difference"":-0.23190789473684206,""pair_index"":0,""parameter_differences"":{""confidence_floor"":0.6979905702173707,""deterioration_adjustment"":0.9944576695561403,""panic_response"":1.7551187046835377,""recovery_adjustment"":0.508190783489818},""right_candidate_index"":94},{""left_candidate_index"":171,""moment_difference"":-0.233141447368421,""pair_index"":1,""parameter_differences"":{""confidence_floor"":-0.9867684068158264,""deterioration_adjustment"":0.4170397389680145,""panic_response"":1.8359902804102928,""recovery_adjustment"":0.4018844550392941},""right_candidate_index"":42},{""left_candidate_index"":193,""moment_difference"":-0.06270559210526316,""pair_index"":2,""parameter_differences"":{""confidence_floor"":0.8749759169295425,""deterioration_adjustment"":-0.6008529700338838,""panic_response"":2.6205578386639607,""recovery_adjustment"":0.14921588889190612},""right_candidate_index"":100},{""left_candidate_index"":116,""moment_difference"":0.11081414473684204,""pair_index"":3,""parameter_differences"":{""confidence_floor"":-0.17603670712560404,""deterioration_adjustment"":-0.26285866647958744,""panic_response"":1.522165212430246,""recovery_adjustment"":-0.2741302060086407},""right_candidate_index"":127},{""left_candidate_index"":36,""moment_difference"":0.08717105263157898,""pair_index"":4,""parameter_differences"":{""confidence_floor"":-0.0938006294891238,""deterioration_adjustment"":0.05211010854691267,""panic_response"":0.6607945143430864,""recovery_adjustment"":0.07404947049588717},""right_candidate_index"":252},{""left_candidate_index"":222,""moment_difference"":-0.054893092105263164,""pair_index"":5,""parameter_differences"":{""confidence_floor"":-0.11346969008445751,""deterioration_adjustment"":-0.007403663359582313,""panic_response"":-0.4146542415671981,""recovery_adjustment"":-0.9745140017049413},""right_candidate_index"":97},{""left_candidate_index"":134,""moment_difference"":0.3090049342105263,""pair_index"":6,""parameter_differences"":{""confidence_floor"":-0.6239491663873192,""deterioration_adjustment"":-0.5912777306511997,""panic_response"":-2.0460359842028835,""recovery_adjustment"":-0.41094174453521337},""right_candidate_index"":103},{""left_candidate_index"":203,""moment_difference"":-0.05941611842105263,""pair_index"":7,""parameter_differences"":{""confidence_floor"":-0.598956520669162,""deterioration_adjustment"":0.7078072717413303,""panic_response"":0.526483437262438,""recovery_adjustment"":0.8483160902933611},""right_candidate_index"":126}],""maximum"":0.408922697368421,""minimum"":0.014597039473684213,""non_degenerate"":true,""range"":0.3943256578947368,""rank_correlations"":{""confidence_floor"":-0.2764705882352941,""deterioration_adjustment"":-0.6176470588235293,""panic_response"":-0.3911764705882353,""recovery_adjustment"":-0.4088235294117647},""recovery_adjustment_rank"":2,""sensitivity_gate_passed"":true,""standardised_univariate_slopes"":{""confidence_floor"":-0.25420839961477415,""deterioration_adjustment"":-0.7269304095757926,""panic_response"":-0.5568974028418814,""recovery_adjustment"":-0.48022128936585895},""strongest_absolute_rank_correlation"":""deterioration_adjustment""}"
fixed_horizon_probability,0,64,0.25904605263157898,0.0049287685807686121,0.005150299952866211,0.005150299952866211,0.04301329517212172,True,0.082330569531281705,0.0082330569531281709,True,-0.49280809148751625,regular_convergence,32,False,"{""clear_recovery_adjustment_secondary_relationship"":true,""local_pairwise_differences"":[{""left_candidate_index"":0,""moment_difference"":-0.23190789473684206,""pair_index"":0,""parameter_differences"":{""confidence_floor"":0.6979905702173707,""deterioration_adjustment"":0.9944576695561403,""panic_response"":1.7551187046835377,""recovery_adjustment"":0.508190783489818},""right_candidate_index"":94},{""left_candidate_index"":171,""moment_difference"":-0.233141447368421,""pair_index"":1,""parameter_differences"":{""confidence_floor"":-0.9867684068158264,""deterioration_adjustment"":0.4170397389680145,""panic_response"":1.8359902804102928,""recovery_adjustment"":0.4018844550392941},""right_candidate_index"":42},{""left_candidate_index"":193,""moment_difference"":-0.06270559210526316,""pair_index"":2,""parameter_differences"":{""confidence_floor"":0.8749759169295425,""deterioration_adjustment"":-0.6008529700338838,""panic_response"":2.6205578386639607,""recovery_adjustment"":0.14921588889190612},""right_candidate_index"":100},{""left_candidate_index"":116,""moment_difference"":0.11081414473684204,""pair_index"":3,""parameter_differences"":{""confidence_floor"":-0.17603670712560404,""deterioration_adjustment"":-0.26285866647958744,""panic_response"":1.522165212430246,""recovery_adjustment"":-0.2741302060086407},""right_candidate_index"":127},{""left_candidate_index"":36,""moment_difference"":0.08717105263157898,""pair_index"":4,""parameter_differences"":{""confidence_floor"":-0.0938006294891238,""deterioration_adjustment"":0.05211010854691267,""panic_response"":0.6607945143430864,""recovery_adjustment"":0.07404947049588717},""right_candidate_index"":252},{""left_candidate_index"":222,""moment_difference"":-0.054893092105263164,""pair_index"":5,""parameter_differences"":{""confidence_floor"":-0.11346969008445751,""deterioration_adjustment"":-0.007403663359582313,""panic_response"":-0.4146542415671981,""recovery_adjustment"":-0.9745140017049413},""right_candidate_index"":97},{""left_candidate_index"":134,""moment_difference"":0.3090049342105263,""pair_index"":6,""parameter_differences"":{""confidence_floor"":-0.6239491663873192,""deterioration_adjustment"":-0.5912777306511997,""panic_response"":-2.0460359842028835,""recovery_adjustment"":-0.41094174453521337},""right_candidate_index"":103},{""left_candidate_index"":203,""moment_difference"":-0.05941611842105263,""pair_index"":7,""parameter_differences"":{""confidence_floor"":-0.598956520669162,""deterioration_adjustment"":0.7078072717413303,""panic_response"":0.526483437262438,""recovery_adjustment"":0.8483160902933611},""right_candidate_index"":126}],""maximum"":0.408922697368421,""minimum"":0.014597039473684213,""non_degenerate"":true,""range"":0.3943256578947368,""rank_correlations"":{""confidence_floor"":-0.2764705882352941,""deterioration_adjustment"":-0.6176470588235293,""panic_response"":-0.3911764705882353,""recovery_adjustment"":-0.4088235294117647},""recovery_adjustment_rank"":2,""sensitivity_gate_passed"":true,""standardised_univariate_slopes"":{""confidence_floor"":-0.25420839961477415,""deterioration_adjustment"":-0.7269304095757926,""panic_response"":-0.5568974028418814,""recovery_adjustment"":-0.48022128936585895},""strongest_absolute_rank_correlation"":""deterioration_adjustment""}"
fixed_horizon_probability,0,128,0.25822368421052633,0.0034760163657886673,0.0038030273384197415,0.0038030273384197415,0.085987016008924055,True,0.082330569531281705,0.0082330569531281709,True,-0.49280809148751625,regular_convergence,32,False,"{""clear_recovery_adjustment_secondary_relationship"":true,""local_pairwise_differences"":[{""left_candidate_index"":0,""moment_difference"":-0.23190789473684206,""pair_index"":0,""parameter_differences"":{""confidence_floor"":0.6979905702173707,""deterioration_adjustment"":0.9944576695561403,""panic_response"":1.7551187046835377,""recovery_adjustment"":0.508190783489818},""right_candidate_index"":94},{""left_candidate_index"":171,""moment_difference"":-0.233141447368421,""pair_index"":1,""parameter_differences"":{""confidence_floor"":-0.9867684068158264,""deterioration_adjustment"":0.4170397389680145,""panic_response"":1.8359902804102928,""recovery_adjustment"":0.4018844550392941},""right_candidate_index"":42},{""left_candidate_index"":193,""moment_difference"":-0.06270559210526316,""pair_index"":2,""parameter_differences"":{""confidence_floor"":0.8749759169295425,""deterioration_adjustment"":-0.6008529700338838,""panic_response"":2.6205578386639607,""recovery_adjustment"":0.14921588889190612},""right_candidate_index"":100},{""left_candidate_index"":116,""moment_difference"":0.11081414473684204,""pair_index"":3,""parameter_differences"":{""confidence_floor"":-0.17603670712560404,""deterioration_adjustment"":-0.26285866647958744,""panic_response"":1.522165212430246,""recovery_adjustment"":-0.2741302060086407},""right_candidate_index"":127},{""left_candidate_index"":36,""moment_difference"":0.08717105263157898,""pair_index"":4,""parameter_differences"":{""confidence_floor"":-0.0938006294891238,""deterioration_adjustment"":0.05211010854691267,""panic_response"":0.6607945143430864,""recovery_adjustment"":0.07404947049588717},""right_candidate_index"":252},{""left_candidate_index"":222,""moment_difference"":-0.054893092105263164,""pair_index"":5,""parameter_differences"":{""confidence_floor"":-0.11346969008445751,""deterioration_adjustment"":-0.007403663359582313,""panic_response"":-0.4146542415671981,""recovery_adjustment"":-0.9745140017049413},""right_candidate_index"":97},{""left_candidate_index"":134,""moment_difference"":0.3090049342105263,""pair_index"":6,""parameter_differences"":{""confidence_floor"":-0.6239491663873192,""deterioration_adjustment"":-0.5912777306511997,""panic_response"":-2.0460359842028835,""recovery_adjustment"":-0.41094174453521337},""right_candidate_index"":103},{""left_candidate_index"":203,""moment_difference"":-0.05941611842105263,""pair_index"":7,""parameter_differences"":{""confidence_floor"":-0.598956520669162,""deterioration_adjustment"":0.7078072717413303,""panic_response"":0.526483437262438,""recovery_adjustment"":0.8483160902933611},""right_candidate_index"":126}],""maximum"":0.408922697368421,""minimum"":0.014597039473684213,""non_degenerate"":true,""range"":0.3943256578947368,""rank_correlations"":{""confidence_floor"":-0.2764705882352941,""deterioration_adjustment"":-0.6176470588235293,""panic_response"":-0.3911764705882353,""recovery_adjustment"":-0.4088235294117647},""recovery_adjustment_rank"":2,""sensitivity_gate_passed"":true,""standardised_univariate_slopes"":{""confidence_floor"":-0.25420839961477415,""deterioration_adjustment"":-0.7269304095757926,""panic_response"":-0.5568974028418814,""recovery_adjustment"":-0.48022128936585895},""strongest_absolute_rank_correlation"":""deterioration_adjustment""}"
fixed_horizon_probability,0,256,0.26027960526315785,0.0024926385545104984,0.0026479301657447289,0.0026479301657447289,0.058646414940688119,True,0.082330569531281705,0.0082330569531281709,True,-0.49280809148751625,regular_convergence,32,False,"{""clear_recovery_adjustment_secondary_relationship"":true,""local_pairwise_differences"":[{""left_candidate_index"":0,""moment_difference"":-0.23190789473684206,""pair_index"":0,""parameter_differences"":{""confidence_floor"":0.6979905702173707,""deterioration_adjustment"":0.9944576695561403,""panic_response"":1.7551187046835377,""recovery_adjustment"":0.508190783489818},""right_candidate_index"":94},{""left_candidate_index"":171,""moment_difference"":-0.233141447368421,""pair_index"":1,""parameter_differences"":{""confidence_floor"":-0.9867684068158264,""deterioration_adjustment"":0.4170397389680145,""panic_response"":1.8359902804102928,""recovery_adjustment"":0.4018844550392941},""right_candidate_index"":42},{""left_candidate_index"":193,""moment_difference"":-0.06270559210526316,""pair_index"":2,""parameter_differences"":{""confidence_floor"":0.8749759169295425,""deterioration_adjustment"":-0.6008529700338838,""panic_response"":2.6205578386639607,""recovery_adjustment"":0.14921588889190612},""right_candidate_index"":100},{""left_candidate_index"":116,""moment_difference"":0.11081414473684204,""pair_index"":3,""parameter_differences"":{""confidence_floor"":-0.17603670712560404,""deterioration_adjustment"":-0.26285866647958744,""panic_response"":1.522165212430246,""recovery_adjustment"":-0.2741302060086407},""right_candidate_index"":127},{""left_candidate_index"":36,""moment_difference"":0.08717105263157898,""pair_index"":4,""parameter_differences"":{""confidence_floor"":-0.0938006294891238,""deterioration_adjustment"":0.05211010854691267,""panic_response"":0.6607945143430864,""recovery_adjustment"":0.07404947049588717},""right_candidate_index"":252},{""left_candidate_index"":222,""moment_difference"":-0.054893092105263164,""pair_index"":5,""parameter_differences"":{""confidence_floor"":-0.11346969008445751,""deterioration_adjustment"":-0.007403663359582313,""panic_response"":-0.4146542415671981,""recovery_adjustment"":-0.9745140017049413},""right_candidate_index"":97},{""left_candidate_index"":134,""moment_difference"":0.3090049342105263,""pair_index"":6,""parameter_differences"":{""confidence_floor"":-0.6239491663873192,""deterioration_adjustment"":-0.5912777306511997,""panic_response"":-2.0460359842028835,""recovery_adjustment"":-0.41094174453521337},""right_candidate_index"":103},{""left_candidate_index"":203,""moment_difference"":-0.05941611842105263,""pair_index"":7,""parameter_differences"":{""confidence_floor"":-0.598956520669162,""deterioration_adjustment"":0.7078072717413303,""panic_response"":0.526483437262438,""recovery_adjustment"":0.8483160902933611},""right_candidate_index"":126}],""maximum"":0.408922697368421,""minimum"":0.014597039473684213,""non_degenerate"":true,""range"":0.3943256578947368,""rank_correlations"":{""confidence_floor"":-0.2764705882352941,""deterioration_adjustment"":-0.6176470588235293,""panic_response"":-0.3911764705882353,""recovery_adjustment"":-0.4088235294117647},""recovery_adjustment_rank"":2,""sensitivity_gate_passed"":true,""standardised_univariate_slopes"":{""confidence_floor"":-0.25420839961477415,""deterioration_adjustment"":-0.7269304095757926,""panic_response"":-0.5568974028418814,""recovery_adjustment"":-0.48022128936585895},""strongest_absolute_rank_correlation"":""deterioration_adjustment""}"
fixed_horizon_probability,36,32,0.2516447368421052,0.0078435041795306693,0.0077427269206651059,0.0078435041795306693,0.012848499415422449,True,0.082330569531281705,0.0082330569531281709,True,-0.52204301940687337,regular_convergence,32,False,"{""clear_recovery_adjustment_secondary_relationship"":true,""local_pairwise_differences"":[{""left_candidate_index"":0,""moment_difference"":-0.23190789473684206,""pair_index"":0,""parameter_differences"":{""confidence_floor"":0.6979905702173707,""deterioration_adjustment"":0.9944576695561403,""panic_response"":1.7551187046835377,""recovery_adjustment"":0.508190783489818},""right_candidate_index"":94},{""left_candidate_index"":171,""moment_difference"":-0.233141447368421,""pair_index"":1,""parameter_differences"":{""confidence_floor"":-0.9867684068158264,""deterioration_adjustment"":0.4170397389680145,""panic_response"":1.8359902804102928,""recovery_adjustment"":0.4018844550392941},""right_candidate_index"":42},{""left_candidate_index"":193,""moment_difference"":-0.06270559210526316,""pair_index"":2,""parameter_differences"":{""confidence_floor"":0.8749759169295425,""deterioration_adjustment"":-0.6008529700338838,""panic_response"":2.6205578386639607,""recovery_adjustment"":0.14921588889190612},""right_candidate_index"":100},{""left_candidate_index"":116,""moment_difference"":0.11081414473684204,""pair_index"":3,""parameter_differences"":{""confidence_floor"":-0.17603670712560404,""deterioration_adjustment"":-0.26285866647958744,""panic_response"":1.522165212430246,""recovery_adjustment"":-0.2741302060086407},""right_candidate_index"":127},{""left_candidate_index"":36,""moment_difference"":0.08717105263157898,""pair_index"":4,""parameter_differences"":{""confidence_floor"":-0.0938006294891238,""deterioration_adjustment"":0.05211010854691267,""panic_response"":0.6607945143430864,""recovery_adjustment"":0.07404947049588717},""right_candidate_index"":252},{""left_candidate_index"":222,""moment_difference"":-0.054893092105263164,""pair_index"":5,""parameter_differences"":{""confidence_floor"":-0.11346969008445751,""deterioration_adjustment"":-0.007403663359582313,""panic_response"":-0.4146542415671981,""recovery_adjustment"":-0.9745140017049413},""right_candidate_index"":97},{""left_candidate_index"":134,""moment_difference"":0.3090049342105263,""pair_index"":6,""parameter_differences"":{""confidence_floor"":-0.6239491663873192,""deterioration_adjustment"":-0.5912777306511997,""panic_response"":-2.0460359842028835,""recovery_adjustment"":-0.41094174453521337},""right_candidate_index"":103},{""left_candidate_index"":203,""moment_difference"":-0.05941611842105263,""pair_index"":7,""parameter_differences"":{""confidence_floor"":-0.598956520669162,""deterioration_adjustment"":0.7078072717413303,""panic_response"":0.526483437262438,""recovery_adjustment"":0.8483160902933611},""right_candidate_index"":126}],""maximum"":0.408922697368421,""minimum"":0.014597039473684213,""non_degenerate"":true,""range"":0.3943256578947368,""rank_correlations"":{""confidence_floor"":-0.2764705882352941,""deterioration_adjustment"":-0.6176470588235293,""panic_response"":-0.3911764705882353,""recovery_adjustment"":-0.4088235294117647},""recovery_adjustment_rank"":2,""sensitivity_gate_passed"":true,""standardised_univariate_slopes"":{""confidence_floor"":-0.25420839961477415,""deterioration_adjustment"":-0.7269304095757926,""panic_response"":-0.5568974028418814,""recovery_adjustment"":-0.48022128936585895},""strongest_absolute_rank_correlation"":""deterioration_adjustment""}"
fixed_horizon_probability,36,64,0.26151315789473684,0.005213483471379266,0.0051052908796153712,0.005213483471379266,0.020752457039107421,True,0.082330569531281705,0.0082330569531281709,True,-0.52204301940687337,regular_convergence,32,False,"{""clear_recovery_adjustment_secondary_relationship"":true,""local_pairwise_differences"":[{""left_candidate_index"":0,""moment_difference"":-0.23190789473684206,""pair_index"":0,""parameter_differences"":{""confidence_floor"":0.6979905702173707,""deterioration_adjustment"":0.9944576695561403,""panic_response"":1.7551187046835377,""recovery_adjustment"":0.508190783489818},""right_candidate_index"":94},{""left_candidate_index"":171,""moment_difference"":-0.233141447368421,""pair_index"":1,""parameter_differences"":{""confidence_floor"":-0.9867684068158264,""deterioration_adjustment"":0.4170397389680145,""panic_response"":1.8359902804102928,""recovery_adjustment"":0.4018844550392941},""right_candidate_index"":42},{""left_candidate_index"":193,""moment_difference"":-0.06270559210526316,""pair_index"":2,""parameter_differences"":{""confidence_floor"":0.8749759169295425,""deterioration_adjustment"":-0.6008529700338838,""panic_response"":2.6205578386639607,""recovery_adjustment"":0.14921588889190612},""right_candidate_index"":100},{""left_candidate_index"":116,""moment_difference"":0.11081414473684204,""pair_index"":3,""parameter_differences"":{""confidence_floor"":-0.17603670712560404,""deterioration_adjustment"":-0.26285866647958744,""panic_response"":1.522165212430246,""recovery_adjustment"":-0.2741302060086407},""right_candidate_index"":127},{""left_candidate_index"":36,""moment_difference"":0.08717105263157898,""pair_index"":4,""parameter_differences"":{""confidence_floor"":-0.0938006294891238,""deterioration_adjustment"":0.05211010854691267,""panic_response"":0.6607945143430864,""recovery_adjustment"":0.07404947049588717},""right_candidate_index"":252},{""left_candidate_index"":222,""moment_difference"":-0.054893092105263164,""pair_index"":5,""parameter_differences"":{""confidence_floor"":-0.11346969008445751,""deterioration_adjustment"":-0.007403663359582313,""panic_response"":-0.4146542415671981,""recovery_adjustment"":-0.9745140017049413},""right_candidate_index"":97},{""left_candidate_index"":134,""moment_difference"":0.3090049342105263,""pair_index"":6,""parameter_differences"":{""confidence_floor"":-0.6239491663873192,""deterioration_adjustment"":-0.5912777306511997,""panic_response"":-2.0460359842028835,""recovery_adjustment"":-0.41094174453521337},""right_candidate_index"":103},{""left_candidate_index"":203,""moment_difference"":-0.05941611842105263,""pair_index"":7,""parameter_differences"":{""confidence_floor"":-0.598956520669162,""deterioration_adjustment"":0.7078072717413303,""panic_response"":0.526483437262438,""recovery_adjustment"":0.8483160902933611},""right_candidate_index"":126}],""maximum"":0.408922697368421,""minimum"":0.014597039473684213,""non_degenerate"":true,""range"":0.3943256578947368,""rank_correlations"":{""confidence_floor"":-0.2764705882352941,""deterioration_adjustment"":-0.6176470588235293,""panic_response"":-0.3911764705882353,""recovery_adjustment"":-0.4088235294117647},""recovery_adjustment_rank"":2,""sensitivity_gate_passed"":true,""standardised_univariate_slopes"":{""confidence_floor"":-0.25420839961477415,""deterioration_adjustment"":-0.7269304095757926,""panic_response"":-0.5568974028418814,""recovery_adjustment"":-0.48022128936585895},""strongest_absolute_rank_correlation"":""deterioration_adjustment""}"
fixed_horizon_probability,36,128,0.25904605263157898,0.0036795528519948124,0.0037202121288641746,0.0037202121288641746,0.010929289906319407,True,0.082330569531281705,0.0082330569531281709,True,-0.52204301940687337,regular_convergence,32,False,"{""clear_recovery_adjustment_secondary_relationship"":true,""local_pairwise_differences"":[{""left_candidate_index"":0,""moment_difference"":-0.23190789473684206,""pair_index"":0,""parameter_differences"":{""confidence_floor"":0.6979905702173707,""deterioration_adjustment"":0.9944576695561403,""panic_response"":1.7551187046835377,""recovery_adjustment"":0.508190783489818},""right_candidate_index"":94},{""left_candidate_index"":171,""moment_difference"":-0.233141447368421,""pair_index"":1,""parameter_differences"":{""confidence_floor"":-0.9867684068158264,""deterioration_adjustment"":0.4170397389680145,""panic_response"":1.8359902804102928,""recovery_adjustment"":0.4018844550392941},""right_candidate_index"":42},{""left_candidate_index"":193,""moment_difference"":-0.06270559210526316,""pair_index"":2,""parameter_differences"":{""confidence_floor"":0.8749759169295425,""deterioration_adjustment"":-0.6008529700338838,""panic_response"":2.6205578386639607,""recovery_adjustment"":0.14921588889190612},""right_candidate_index"":100},{""left_candidate_index"":116,""moment_difference"":0.11081414473684204,""pair_index"":3,""parameter_differences"":{""confidence_floor"":-0.17603670712560404,""deterioration_adjustment"":-0.26285866647958744,""panic_response"":1.522165212430246,""recovery_adjustment"":-0.2741302060086407},""right_candidate_index"":127},{""left_candidate_index"":36,""moment_difference"":0.08717105263157898,""pair_index"":4,""parameter_differences"":{""confidence_floor"":-0.0938006294891238,""deterioration_adjustment"":0.05211010854691267,""panic_response"":0.6607945143430864,""recovery_adjustment"":0.07404947049588717},""right_candidate_index"":252},{""left_candidate_index"":222,""moment_difference"":-0.054893092105263164,""pair_index"":5,""parameter_differences"":{""confidence_floor"":-0.11346969008445751,""deterioration_adjustment"":-0.007403663359582313,""panic_response"":-0.4146542415671981,""recovery_adjustment"":-0.9745140017049413},""right_candidate_index"":97},{""left_candidate_index"":134,""moment_difference"":0.3090049342105263,""pair_index"":6,""parameter_differences"":{""confidence_floor"":-0.6239491663873192,""deterioration_adjustment"":-0.5912777306511997,""panic_response"":-2.0460359842028835,""recovery_adjustment"":-0.41094174453521337},""right_candidate_index"":103},{""left_candidate_index"":203,""moment_difference"":-0.05941611842105263,""pair_index"":7,""parameter_differences"":{""confidence_floor"":-0.598956520669162,""deterioration_adjustment"":0.7078072717413303,""panic_response"":0.526483437262438,""recovery_adjustment"":0.8483160902933611},""right_candidate_index"":126}],""maximum"":0.408922697368421,""minimum"":0.014597039473684213,""non_degenerate"":true,""range"":0.3943256578947368,""rank_correlations"":{""confidence_floor"":-0.2764705882352941,""deterioration_adjustment"":-0.6176470588235293,""panic_response"":-0.3911764705882353,""recovery_adjustment"":-0.4088235294117647},""recovery_adjustment_rank"":2,""sensitivity_gate_passed"":true,""standardised_univariate_slopes"":{""confidence_floor"":-0.25420839961477415,""deterioration_adjustment"":-0.7269304095757926,""panic_response"":-0.5568974028418814,""recovery_adjustment"":-0.48022128936585895},""strongest_absolute_rank_correlation"":""deterioration_adjustment""}"
fixed_horizon_probability,36,256,0.26130756578947367,0.0026246979848070819,0.0026274121564779308,0.0026274121564779308,0.0010330209001116,True,0.082330569531281705,0.0082330569531281709,True,-0.52204301940687337,regular_convergence,32,False,"{""clear_recovery_adjustment_secondary_relationship"":true,""local_pairwise_differences"":[{""left_candidate_index"":0,""moment_difference"":-0.23190789473684206,""pair_index"":0,""parameter_differences"":{""confidence_floor"":0.6979905702173707,""deterioration_adjustment"":0.9944576695561403,""panic_response"":1.7551187046835377,""recovery_adjustment"":0.508190783489818},""right_candidate_index"":94},{""left_candidate_index"":171,""moment_difference"":-0.233141447368421,""pair_index"":1,""parameter_differences"":{""confidence_floor"":-0.9867684068158264,""deterioration_adjustment"":0.4170397389680145,""panic_response"":1.8359902804102928,""recovery_adjustment"":0.4018844550392941},""right_candidate_index"":42},{""left_candidate_index"":193,""moment_difference"":-0.06270559210526316,""pair_index"":2,""parameter_differences"":{""confidence_floor"":0.8749759169295425,""deterioration_adjustment"":-0.6008529700338838,""panic_response"":2.6205578386639607,""recovery_adjustment"":0.14921588889190612},""right_candidate_index"":100},{""left_candidate_index"":116,""moment_difference"":0.11081414473684204,""pair_index"":3,""parameter_differences"":{""confidence_floor"":-0.17603670712560404,""deterioration_adjustment"":-0.26285866647958744,""panic_response"":1.522165212430246,""recovery_adjustment"":-0.2741302060086407},""right_candidate_index"":127},{""left_candidate_index"":36,""moment_difference"":0.08717105263157898,""pair_index"":4,""parameter_differences"":{""confidence_floor"":-0.0938006294891238,""deterioration_adjustment"":0.05211010854691267,""panic_response"":0.6607945143430864,""recovery_adjustment"":0.07404947049588717},""right_candidate_index"":252},{""left_candidate_index"":222,""moment_difference"":-0.054893092105263164,""pair_index"":5,""parameter_differences"":{""confidence_floor"":-0.11346969008445751,""deterioration_adjustment"":-0.007403663359582313,""panic_response"":-0.4146542415671981,""recovery_adjustment"":-0.9745140017049413},""right_candidate_index"":97},{""left_candidate_index"":134,""moment_difference"":0.3090049342105263,""pair_index"":6,""parameter_differences"":{""confidence_floor"":-0.6239491663873192,""deterioration_adjustment"":-0.5912777306511997,""panic_response"":-2.0460359842028835,""recovery_adjustment"":-0.41094174453521337},""right_candidate_index"":103},{""left_candidate_index"":203,""moment_difference"":-0.05941611842105263,""pair_index"":7,""parameter_differences"":{""confidence_floor"":-0.598956520669162,""deterioration_adjustment"":0.7078072717413303,""panic_response"":0.526483437262438,""recovery_adjustment"":0.8483160902933611},""right_candidate_index"":126}],""maximum"":0.408922697368421,""minimum"":0.014597039473684213,""non_degenerate"":true,""range"":0.3943256578947368,""rank_correlations"":{""confidence_floor"":-0.2764705882352941,""deterioration_adjustment"":-0.6176470588235293,""panic_response"":-0.3911764705882353,""recovery_adjustment"":-0.4088235294117647},""recovery_adjustment_rank"":2,""sensitivity_gate_passed"":true,""standardised_univariate_slopes"":{""confidence_floor"":-0.25420839961477415,""deterioration_adjustment"":-0.7269304095757926,""panic_response"":-0.5568974028418814,""recovery_adjustment"":-0.48022128936585895},""strongest_absolute_rank_correlation"":""deterioration_adjustment""}"
fixed_horizon_probability,42,32,0.026315789473684213,0.0083761336468021596,0.0074731820295666418,0.0083761336468021596,0.10780052650905907,True,0.082330569531281705,0.0082330569531281709,False,-0.47419048492980798,regular_convergence,64,False,"{""clear_recovery_adjustment_secondary_relationship"":true,""local_pairwise_differences"":[{""left_candidate_index"":0,""moment_difference"":-0.23190789473684206,""pair_index"":0,""parameter_differences"":{""confidence_floor"":0.6979905702173707,""deterioration_adjustment"":0.9944576695561403,""panic_response"":1.7551187046835377,""recovery_adjustment"":0.508190783489818},""right_candidate_index"":94},{""left_candidate_index"":171,""moment_difference"":-0.233141447368421,""pair_index"":1,""parameter_differences"":{""confidence_floor"":-0.9867684068158264,""deterioration_adjustment"":0.4170397389680145,""panic_response"":1.8359902804102928,""recovery_adjustment"":0.4018844550392941},""right_candidate_index"":42},{""left_candidate_index"":193,""moment_difference"":-0.06270559210526316,""pair_index"":2,""parameter_differences"":{""confidence_floor"":0.8749759169295425,""deterioration_adjustment"":-0.6008529700338838,""panic_response"":2.6205578386639607,""recovery_adjustment"":0.14921588889190612},""right_candidate_index"":100},{""left_candidate_index"":116,""moment_difference"":0.11081414473684204,""pair_index"":3,""parameter_differences"":{""confidence_floor"":-0.17603670712560404,""deterioration_adjustment"":-0.26285866647958744,""panic_response"":1.522165212430246,""recovery_adjustment"":-0.2741302060086407},""right_candidate_index"":127},{""left_candidate_index"":36,""moment_difference"":0.08717105263157898,""pair_index"":4,""parameter_differences"":{""confidence_floor"":-0.0938006294891238,""deterioration_adjustment"":0.05211010854691267,""panic_response"":0.6607945143430864,""recovery_adjustment"":0.07404947049588717},""right_candidate_index"":252},{""left_candidate_index"":222,""moment_difference"":-0.054893092105263164,""pair_index"":5,""parameter_differences"":{""confidence_floor"":-0.11346969008445751,""deterioration_adjustment"":-0.007403663359582313,""panic_response"":-0.4146542415671981,""recovery_adjustment"":-0.9745140017049413},""right_candidate_index"":97},{""left_candidate_index"":134,""moment_difference"":0.3090049342105263,""pair_index"":6,""parameter_differences"":{""confidence_floor"":-0.6239491663873192,""deterioration_adjustment"":-0.5912777306511997,""panic_response"":-2.0460359842028835,""recovery_adjustment"":-0.41094174453521337},""right_candidate_index"":103},{""left_candidate_index"":203,""moment_difference"":-0.05941611842105263,""pair_index"":7,""parameter_differences"":{""confidence_floor"":-0.598956520669162,""deterioration_adjustment"":0.7078072717413303,""panic_response"":0.526483437262438,""recovery_adjustment"":0.8483160902933611},""right_candidate_index"":126}],""maximum"":0.408922697368421,""minimum"":0.014597039473684213,""non_degenerate"":true,""range"":0.3943256578947368,""rank_correlations"":{""confidence_floor"":-0.2764705882352941,""deterioration_adjustment"":-0.6176470588235293,""panic_response"":-0.3911764705882353,""recovery_adjustment"":-0.4088235294117647},""recovery_adjustment_rank"":2,""sensitivity_gate_passed"":true,""standardised_univariate_slopes"":{""confidence_floor"":-0.25420839961477415,""deterioration_adjustment"":-0.7269304095757926,""panic_response"":-0.5568974028418814,""recovery_adjustment"":-0.48022128936585895},""strongest_absolute_rank_correlation"":""deterioration_adjustment""}"
fixed_horizon_probability,42,64,0.026315789473684213,0.0061818882395586203,0.0059770626655197088,0.0061818882395586203,0.033133173247650922,True,0.082330569531281705,0.0082330569531281709,True,-0.47419048492980798,regular_convergence,64,False,"{""clear_recovery_adjustment_secondary_relationship"":true,""local_pairwise_differences"":[{""left_candidate_index"":0,""moment_difference"":-0.23190789473684206,""pair_index"":0,""parameter_differences"":{""confidence_floor"":0.6979905702173707,""deterioration_adjustment"":0.9944576695561403,""panic_response"":1.7551187046835377,""recovery_adjustment"":0.508190783489818},""right_candidate_index"":94},{""left_candidate_index"":171,""moment_difference"":-0.233141447368421,""pair_index"":1,""parameter_differences"":{""confidence_floor"":-0.9867684068158264,""deterioration_adjustment"":0.4170397389680145,""panic_response"":1.8359902804102928,""recovery_adjustment"":0.4018844550392941},""right_candidate_index"":42},{""left_candidate_index"":193,""moment_difference"":-0.06270559210526316,""pair_index"":2,""parameter_differences"":{""confidence_floor"":0.8749759169295425,""deterioration_adjustment"":-0.6008529700338838,""panic_response"":2.6205578386639607,""recovery_adjustment"":0.14921588889190612},""right_candidate_index"":100},{""left_candidate_index"":116,""moment_difference"":0.11081414473684204,""pair_index"":3,""parameter_differences"":{""confidence_floor"":-0.17603670712560404,""deterioration_adjustment"":-0.26285866647958744,""panic_response"":1.522165212430246,""recovery_adjustment"":-0.2741302060086407},""right_candidate_index"":127},{""left_candidate_index"":36,""moment_difference"":0.08717105263157898,""pair_index"":4,""parameter_differences"":{""confidence_floor"":-0.0938006294891238,""deterioration_adjustment"":0.05211010854691267,""panic_response"":0.6607945143430864,""recovery_adjustment"":0.07404947049588717},""right_candidate_index"":252},{""left_candidate_index"":222,""moment_difference"":-0.054893092105263164,""pair_index"":5,""parameter_differences"":{""confidence_floor"":-0.11346969008445751,""deterioration_adjustment"":-0.007403663359582313,""panic_response"":-0.4146542415671981,""recovery_adjustment"":-0.9745140017049413},""right_candidate_index"":97},{""left_candidate_index"":134,""moment_difference"":0.3090049342105263,""pair_index"":6,""parameter_differences"":{""confidence_floor"":-0.6239491663873192,""deterioration_adjustment"":-0.5912777306511997,""panic_response"":-2.0460359842028835,""recovery_adjustment"":-0.41094174453521337},""right_candidate_index"":103},{""left_candidate_index"":203,""moment_difference"":-0.05941611842105263,""pair_index"":7,""parameter_differences"":{""confidence_floor"":-0.598956520669162,""deterioration_adjustment"":0.7078072717413303,""panic_response"":0.526483437262438,""recovery_adjustment"":0.8483160902933611},""right_candidate_index"":126}],""maximum"":0.408922697368421,""minimum"":0.014597039473684213,""non_degenerate"":true,""range"":0.3943256578947368,""rank_correlations"":{""confidence_floor"":-0.2764705882352941,""deterioration_adjustment"":-0.6176470588235293,""panic_response"":-0.3911764705882353,""recovery_adjustment"":-0.4088235294117647},""recovery_adjustment_rank"":2,""sensitivity_gate_passed"":true,""standardised_univariate_slopes"":{""confidence_floor"":-0.25420839961477415,""deterioration_adjustment"":-0.7269304095757926,""panic_response"":-0.5568974028418814,""recovery_adjustment"":-0.48022128936585895},""strongest_absolute_rank_correlation"":""deterioration_adjustment""}"
fixed_horizon_probability,42,128,0.021792763157894732,0.0044461403983284548,0.004231041366015589,0.0044461403983284548,0.048378821414126541,True,0.082330569531281705,0.0082330569531281709,True,-0.47419048492980798,regular_convergence,64,False,"{""clear_recovery_adjustment_secondary_relationship"":true,""local_pairwise_differences"":[{""left_candidate_index"":0,""moment_difference"":-0.23190789473684206,""pair_index"":0,""parameter_differences"":{""confidence_floor"":0.6979905702173707,""deterioration_adjustment"":0.9944576695561403,""panic_response"":1.7551187046835377,""recovery_adjustment"":0.508190783489818},""right_candidate_index"":94},{""left_candidate_index"":171,""moment_difference"":-0.233141447368421,""pair_index"":1,""parameter_differences"":{""confidence_floor"":-0.9867684068158264,""deterioration_adjustment"":0.4170397389680145,""panic_response"":1.8359902804102928,""recovery_adjustment"":0.4018844550392941},""right_candidate_index"":42},{""left_candidate_index"":193,""moment_difference"":-0.06270559210526316,""pair_index"":2,""parameter_differences"":{""confidence_floor"":0.8749759169295425,""deterioration_adjustment"":-0.6008529700338838,""panic_response"":2.6205578386639607,""recovery_adjustment"":0.14921588889190612},""right_candidate_index"":100},{""left_candidate_index"":116,""moment_difference"":0.11081414473684204,""pair_index"":3,""parameter_differences"":{""confidence_floor"":-0.17603670712560404,""deterioration_adjustment"":-0.26285866647958744,""panic_response"":1.522165212430246,""recovery_adjustment"":-0.2741302060086407},""right_candidate_index"":127},{""left_candidate_index"":36,""moment_difference"":0.08717105263157898,""pair_index"":4,""parameter_differences"":{""confidence_floor"":-0.0938006294891238,""deterioration_adjustment"":0.05211010854691267,""panic_response"":0.6607945143430864,""recovery_adjustment"":0.07404947049588717},""right_candidate_index"":252},{""left_candidate_index"":222,""moment_difference"":-0.054893092105263164,""pair_index"":5,""parameter_differences"":{""confidence_floor"":-0.11346969008445751,""deterioration_adjustment"":-0.007403663359582313,""panic_response"":-0.4146542415671981,""recovery_adjustment"":-0.9745140017049413},""right_candidate_index"":97},{""left_candidate_index"":134,""moment_difference"":0.3090049342105263,""pair_index"":6,""parameter_differences"":{""confidence_floor"":-0.6239491663873192,""deterioration_adjustment"":-0.5912777306511997,""panic_response"":-2.0460359842028835,""recovery_adjustment"":-0.41094174453521337},""right_candidate_index"":103},{""left_candidate_index"":203,""moment_difference"":-0.05941611842105263,""pair_index"":7,""parameter_differences"":{""confidence_floor"":-0.598956520669162,""deterioration_adjustment"":0.7078072717413303,""panic_response"":0.526483437262438,""recovery_adjustment"":0.8483160902933611},""right_candidate_index"":126}],""maximum"":0.408922697368421,""minimum"":0.014597039473684213,""non_degenerate"":true,""range"":0.3943256578947368,""rank_correlations"":{""confidence_floor"":-0.2764705882352941,""deterioration_adjustment"":-0.6176470588235293,""panic_response"":-0.3911764705882353,""recovery_adjustment"":-0.4088235294117647},""recovery_adjustment_rank"":2,""sensitivity_gate_passed"":true,""standardised_univariate_slopes"":{""confidence_floor"":-0.25420839961477415,""deterioration_adjustment"":-0.7269304095757926,""panic_response"":-0.5568974028418814,""recovery_adjustment"":-0.48022128936585895},""strongest_absolute_rank_correlation"":""deterioration_adjustment""}"
fixed_horizon_probability,42,256,0.026521381578947366,0.0031256311400978971,0.0030274660015673529,0.0031256311400978971,0.031406501321032246,True,0.082330569531281705,0.0082330569531281709,True,-0.47419048492980798,regular_convergence,64,False,"{""clear_recovery_adjustment_secondary_relationship"":true,""local_pairwise_differences"":[{""left_candidate_index"":0,""moment_difference"":-0.23190789473684206,""pair_index"":0,""parameter_differences"":{""confidence_floor"":0.6979905702173707,""deterioration_adjustment"":0.9944576695561403,""panic_response"":1.7551187046835377,""recovery_adjustment"":0.508190783489818},""right_candidate_index"":94},{""left_candidate_index"":171,""moment_difference"":-0.233141447368421,""pair_index"":1,""parameter_differences"":{""confidence_floor"":-0.9867684068158264,""deterioration_adjustment"":0.4170397389680145,""panic_response"":1.8359902804102928,""recovery_adjustment"":0.4018844550392941},""right_candidate_index"":42},{""left_candidate_index"":193,""moment_difference"":-0.06270559210526316,""pair_index"":2,""parameter_differences"":{""confidence_floor"":0.8749759169295425,""deterioration_adjustment"":-0.6008529700338838,""panic_response"":2.6205578386639607,""recovery_adjustment"":0.14921588889190612},""right_candidate_index"":100},{""left_candidate_index"":116,""moment_difference"":0.11081414473684204,""pair_index"":3,""parameter_differences"":{""confidence_floor"":-0.17603670712560404,""deterioration_adjustment"":-0.26285866647958744,""panic_response"":1.522165212430246,""recovery_adjustment"":-0.2741302060086407},""right_candidate_index"":127},{""left_candidate_index"":36,""moment_difference"":0.08717105263157898,""pair_index"":4,""parameter_differences"":{""confidence_floor"":-0.0938006294891238,""deterioration_adjustment"":0.05211010854691267,""panic_response"":0.6607945143430864,""recovery_adjustment"":0.07404947049588717},""right_candidate_index"":252},{""left_candidate_index"":222,""moment_difference"":-0.054893092105263164,""pair_index"":5,""parameter_differences"":{""confidence_floor"":-0.11346969008445751,""deterioration_adjustment"":-0.007403663359582313,""panic_response"":-0.4146542415671981,""recovery_adjustment"":-0.9745140017049413},""right_candidate_index"":97},{""left_candidate_index"":134,""moment_difference"":0.3090049342105263,""pair_index"":6,""parameter_differences"":{""confidence_floor"":-0.6239491663873192,""deterioration_adjustment"":-0.5912777306511997,""panic_response"":-2.0460359842028835,""recovery_adjustment"":-0.41094174453521337},""right_candidate_index"":103},{""left_candidate_index"":203,""moment_difference"":-0.05941611842105263,""pair_index"":7,""parameter_differences"":{""confidence_floor"":-0.598956520669162,""deterioration_adjustment"":0.7078072717413303,""panic_response"":0.526483437262438,""recovery_adjustment"":0.8483160902933611},""right_candidate_index"":126}],""maximum"":0.408922697368421,""minimum"":0.014597039473684213,""non_degenerate"":true,""range"":0.3943256578947368,""rank_correlations"":{""confidence_floor"":-0.2764705882352941,""deterioration_adjustment"":-0.6176470588235293,""panic_response"":-0.3911764705882353,""recovery_adjustment"":-0.4088235294117647},""recovery_adjustment_rank"":2,""sensitivity_gate_passed"":true,""standardised_univariate_slopes"":{""confidence_floor"":-0.25420839961477415,""deterioration_adjustment"":-0.7269304095757926,""panic_response"":-0.5568974028418814,""recovery_adjustment"":-0.48022128936585895},""strongest_absolute_rank_correlation"":""deterioration_adjustment""}"
fixed_horizon_probability,94,32,0.026315789473684213,0.0084177028035966675,0.0078379394365956645,0.0084177028035966675,0.06887429748093328,True,0.082330569531281705,0.0082330569531281709,False,-0.46008881827288961,regular_convergence,64,False,"{""clear_recovery_adjustment_secondary_relationship"":true,""local_pairwise_differences"":[{""left_candidate_index"":0,""moment_difference"":-0.23190789473684206,""pair_index"":0,""parameter_differences"":{""confidence_floor"":0.6979905702173707,""deterioration_adjustment"":0.9944576695561403,""panic_response"":1.7551187046835377,""recovery_adjustment"":0.508190783489818},""right_candidate_index"":94},{""left_candidate_index"":171,""moment_difference"":-0.233141447368421,""pair_index"":1,""parameter_differences"":{""confidence_floor"":-0.9867684068158264,""deterioration_adjustment"":0.4170397389680145,""panic_response"":1.8359902804102928,""recovery_adjustment"":0.4018844550392941},""right_candidate_index"":42},{""left_candidate_index"":193,""moment_difference"":-0.06270559210526316,""pair_index"":2,""parameter_differences"":{""confidence_floor"":0.8749759169295425,""deterioration_adjustment"":-0.6008529700338838,""panic_response"":2.6205578386639607,""recovery_adjustment"":0.14921588889190612},""right_candidate_index"":100},{""left_candidate_index"":116,""moment_difference"":0.11081414473684204,""pair_index"":3,""parameter_differences"":{""confidence_floor"":-0.17603670712560404,""deterioration_adjustment"":-0.26285866647958744,""panic_response"":1.522165212430246,""recovery_adjustment"":-0.2741302060086407},""right_candidate_index"":127},{""left_candidate_index"":36,""moment_difference"":0.08717105263157898,""pair_index"":4,""parameter_differences"":{""confidence_floor"":-0.0938006294891238,""deterioration_adjustment"":0.05211010854691267,""panic_response"":0.6607945143430864,""recovery_adjustment"":0.07404947049588717},""right_candidate_index"":252},{""left_candidate_index"":222,""moment_difference"":-0.054893092105263164,""pair_index"":5,""parameter_differences"":{""confidence_floor"":-0.11346969008445751,""deterioration_adjustment"":-0.007403663359582313,""panic_response"":-0.4146542415671981,""recovery_adjustment"":-0.9745140017049413},""right_candidate_index"":97},{""left_candidate_index"":134,""moment_difference"":0.3090049342105263,""pair_index"":6,""parameter_differences"":{""confidence_floor"":-0.6239491663873192,""deterioration_adjustment"":-0.5912777306511997,""panic_response"":-2.0460359842028835,""recovery_adjustment"":-0.41094174453521337},""right_candidate_index"":103},{""left_candidate_index"":203,""moment_difference"":-0.05941611842105263,""pair_index"":7,""parameter_differences"":{""confidence_floor"":-0.598956520669162,""deterioration_adjustment"":0.7078072717413303,""panic_response"":0.526483437262438,""recovery_adjustment"":0.8483160902933611},""right_candidate_index"":126}],""maximum"":0.408922697368421,""minimum"":0.014597039473684213,""non_degenerate"":true,""range"":0.3943256578947368,""rank_correlations"":{""confidence_floor"":-0.2764705882352941,""deterioration_adjustment"":-0.6176470588235293,""panic_response"":-0.3911764705882353,""recovery_adjustment"":-0.4088235294117647},""recovery_adjustment_rank"":2,""sensitivity_gate_passed"":true,""standardised_univariate_slopes"":{""confidence_floor"":-0.25420839961477415,""deterioration_adjustment"":-0.7269304095757926,""panic_response"":-0.5568974028418814,""recovery_adjustment"":-0.48022128936585895},""strongest_absolute_rank_correlation"":""deterioration_adjustment""}"
fixed_horizon_probability,94,64,0.024671052631578948,0.0063005665582424606,0.00597346960077329,0.0063005665582424606,0.051915483226069453,True,0.082330569531281705,0.0082330569531281709,True,-0.46008881827288961,regular_convergence,64,False,"{""clear_recovery_adjustment_secondary_relationship"":true,""local_pairwise_differences"":[{""left_candidate_index"":0,""moment_difference"":-0.23190789473684206,""pair_index"":0,""parameter_differences"":{""confidence_floor"":0.6979905702173707,""deterioration_adjustment"":0.9944576695561403,""panic_response"":1.7551187046835377,""recovery_adjustment"":0.508190783489818},""right_candidate_index"":94},{""left_candidate_index"":171,""moment_difference"":-0.233141447368421,""pair_index"":1,""parameter_differences"":{""confidence_floor"":-0.9867684068158264,""deterioration_adjustment"":0.4170397389680145,""panic_response"":1.8359902804102928,""recovery_adjustment"":0.4018844550392941},""right_candidate_index"":42},{""left_candidate_index"":193,""moment_difference"":-0.06270559210526316,""pair_index"":2,""parameter_differences"":{""confidence_floor"":0.8749759169295425,""deterioration_adjustment"":-0.6008529700338838,""panic_response"":2.6205578386639607,""recovery_adjustment"":0.14921588889190612},""right_candidate_index"":100},{""left_candidate_index"":116,""moment_difference"":0.11081414473684204,""pair_index"":3,""parameter_differences"":{""confidence_floor"":-0.17603670712560404,""deterioration_adjustment"":-0.26285866647958744,""panic_response"":1.522165212430246,""recovery_adjustment"":-0.2741302060086407},""right_candidate_index"":127},{""left_candidate_index"":36,""moment_difference"":0.08717105263157898,""pair_index"":4,""parameter_differences"":{""confidence_floor"":-0.0938006294891238,""deterioration_adjustment"":0.05211010854691267,""panic_response"":0.6607945143430864,""recovery_adjustment"":0.07404947049588717},""right_candidate_index"":252},{""left_candidate_index"":222,""moment_difference"":-0.054893092105263164,""pair_index"":5,""parameter_differences"":{""confidence_floor"":-0.11346969008445751,""deterioration_adjustment"":-0.007403663359582313,""panic_response"":-0.4146542415671981,""recovery_adjustment"":-0.9745140017049413},""right_candidate_index"":97},{""left_candidate_index"":134,""moment_difference"":0.3090049342105263,""pair_index"":6,""parameter_differences"":{""confidence_floor"":-0.6239491663873192,""deterioration_adjustment"":-0.5912777306511997,""panic_response"":-2.0460359842028835,""recovery_adjustment"":-0.41094174453521337},""right_candidate_index"":103},{""left_candidate_index"":203,""moment_difference"":-0.05941611842105263,""pair_index"":7,""parameter_differences"":{""confidence_floor"":-0.598956520669162,""deterioration_adjustment"":0.7078072717413303,""panic_response"":0.526483437262438,""recovery_adjustment"":0.8483160902933611},""right_candidate_index"":126}],""maximum"":0.408922697368421,""minimum"":0.014597039473684213,""non_degenerate"":true,""range"":0.3943256578947368,""rank_correlations"":{""confidence_floor"":-0.2764705882352941,""deterioration_adjustment"":-0.6176470588235293,""panic_response"":-0.3911764705882353,""recovery_adjustment"":-0.4088235294117647},""recovery_adjustment_rank"":2,""sensitivity_gate_passed"":true,""standardised_univariate_slopes"":{""confidence_floor"":-0.25420839961477415,""deterioration_adjustment"":-0.7269304095757926,""panic_response"":-0.5568974028418814,""recovery_adjustment"":-0.48022128936585895},""strongest_absolute_rank_correlation"":""deterioration_adjustment""}"
fixed_horizon_probability,94,128,0.022615131578947369,0.0045939926786467645,0.0043952465324636784,0.0045939926786467645,0.043262181741576054,True,0.082330569531281705,0.0082330569531281709,True,-0.46008881827288961,regular_convergence,64,False,"{""clear_recovery_adjustment_secondary_relationship"":true,""local_pairwise_differences"":[{""left_candidate_index"":0,""moment_difference"":-0.23190789473684206,""pair_index"":0,""parameter_differences"":{""confidence_floor"":0.6979905702173707,""deterioration_adjustment"":0.9944576695561403,""panic_response"":1.7551187046835377,""recovery_adjustment"":0.508190783489818},""right_candidate_index"":94},{""left_candidate_index"":171,""moment_difference"":-0.233141447368421,""pair_index"":1,""parameter_differences"":{""confidence_floor"":-0.9867684068158264,""deterioration_adjustment"":0.4170397389680145,""panic_response"":1.8359902804102928,""recovery_adjustment"":0.4018844550392941},""right_candidate_index"":42},{""left_candidate_index"":193,""moment_difference"":-0.06270559210526316,""pair_index"":2,""parameter_differences"":{""confidence_floor"":0.8749759169295425,""deterioration_adjustment"":-0.6008529700338838,""panic_response"":2.6205578386639607,""recovery_adjustment"":0.14921588889190612},""right_candidate_index"":100},{""left_candidate_index"":116,""moment_difference"":0.11081414473684204,""pair_index"":3,""parameter_differences"":{""confidence_floor"":-0.17603670712560404,""deterioration_adjustment"":-0.26285866647958744,""panic_response"":1.522165212430246,""recovery_adjustment"":-0.2741302060086407},""right_candidate_index"":127},{""left_candidate_index"":36,""moment_difference"":0.08717105263157898,""pair_index"":4,""parameter_differences"":{""confidence_floor"":-0.0938006294891238,""deterioration_adjustment"":0.05211010854691267,""panic_response"":0.6607945143430864,""recovery_adjustment"":0.07404947049588717},""right_candidate_index"":252},{""left_candidate_index"":222,""moment_difference"":-0.054893092105263164,""pair_index"":5,""parameter_differences"":{""confidence_floor"":-0.11346969008445751,""deterioration_adjustment"":-0.007403663359582313,""panic_response"":-0.4146542415671981,""recovery_adjustment"":-0.9745140017049413},""right_candidate_index"":97},{""left_candidate_index"":134,""moment_difference"":0.3090049342105263,""pair_index"":6,""parameter_differences"":{""confidence_floor"":-0.6239491663873192,""deterioration_adjustment"":-0.5912777306511997,""panic_response"":-2.0460359842028835,""recovery_adjustment"":-0.41094174453521337},""right_candidate_index"":103},{""left_candidate_index"":203,""moment_difference"":-0.05941611842105263,""pair_index"":7,""parameter_differences"":{""confidence_floor"":-0.598956520669162,""deterioration_adjustment"":0.7078072717413303,""panic_response"":0.526483437262438,""recovery_adjustment"":0.8483160902933611},""right_candidate_index"":126}],""maximum"":0.408922697368421,""minimum"":0.014597039473684213,""non_degenerate"":true,""range"":0.3943256578947368,""rank_correlations"":{""confidence_floor"":-0.2764705882352941,""deterioration_adjustment"":-0.6176470588235293,""panic_response"":-0.3911764705882353,""recovery_adjustment"":-0.4088235294117647},""recovery_adjustment_rank"":2,""sensitivity_gate_passed"":true,""standardised_univariate_slopes"":{""confidence_floor"":-0.25420839961477415,""deterioration_adjustment"":-0.7269304095757926,""panic_response"":-0.5568974028418814,""recovery_adjustment"":-0.48022128936585895},""strongest_absolute_rank_correlation"":""deterioration_adjustment""}"
fixed_horizon_probability,94,256,0.028371710526315787,0.0032303896256394909,0.0030803589702365552,0.0032303896256394909,0.046443516971497047,True,0.082330569531281705,0.0082330569531281709,True,-0.46008881827288961,regular_convergence,64,False,"{""clear_recovery_adjustment_secondary_relationship"":true,""local_pairwise_differences"":[{""left_candidate_index"":0,""moment_difference"":-0.23190789473684206,""pair_index"":0,""parameter_differences"":{""confidence_floor"":0.6979905702173707,""deterioration_adjustment"":0.9944576695561403,""panic_response"":1.7551187046835377,""recovery_adjustment"":0.508190783489818},""right_candidate_index"":94},{""left_candidate_index"":171,""moment_difference"":-0.233141447368421,""pair_index"":1,""parameter_differences"":{""confidence_floor"":-0.9867684068158264,""deterioration_adjustment"":0.4170397389680145,""panic_response"":1.8359902804102928,""recovery_adjustment"":0.4018844550392941},""right_candidate_index"":42},{""left_candidate_index"":193,""moment_difference"":-0.06270559210526316,""pair_index"":2,""parameter_differences"":{""confidence_floor"":0.8749759169295425,""deterioration_adjustment"":-0.6008529700338838,""panic_response"":2.6205578386639607,""recovery_adjustment"":0.14921588889190612},""right_candidate_index"":100},{""left_candidate_index"":116,""moment_difference"":0.11081414473684204,""pair_index"":3,""parameter_differences"":{""confidence_floor"":-0.17603670712560404,""deterioration_adjustment"":-0.26285866647958744,""panic_response"":1.522165212430246,""recovery_adjustment"":-0.2741302060086407},""right_candidate_index"":127},{""left_candidate_index"":36,""moment_difference"":0.08717105263157898,""pair_index"":4,""parameter_differences"":{""confidence_floor"":-0.0938006294891238,""deterioration_adjustment"":0.05211010854691267,""panic_response"":0.6607945143430864,""recovery_adjustment"":0.07404947049588717},""right_candidate_index"":252},{""left_candidate_index"":222,""moment_difference"":-0.054893092105263164,""pair_index"":5,""parameter_differences"":{""confidence_floor"":-0.11346969008445751,""deterioration_adjustment"":-0.007403663359582313,""panic_response"":-0.4146542415671981,""recovery_adjustment"":-0.9745140017049413},""right_candidate_index"":97},{""left_candidate_index"":134,""moment_difference"":0.3090049342105263,""pair_index"":6,""parameter_differences"":{""confidence_floor"":-0.6239491663873192,""deterioration_adjustment"":-0.5912777306511997,""panic_response"":-2.0460359842028835,""recovery_adjustment"":-0.41094174453521337},""right_candidate_index"":103},{""left_candidate_index"":203,""moment_difference"":-0.05941611842105263,""pair_index"":7,""parameter_differences"":{""confidence_floor"":-0.598956520669162,""deterioration_adjustment"":0.7078072717413303,""panic_response"":0.526483437262438,""recovery_adjustment"":0.8483160902933611},""right_candidate_index"":126}],""maximum"":0.408922697368421,""minimum"":0.014597039473684213,""non_degenerate"":true,""range"":0.3943256578947368,""rank_correlations"":{""confidence_floor"":-0.2764705882352941,""deterioration_adjustment"":-0.6176470588235293,""panic_response"":-0.3911764705882353,""recovery_adjustment"":-0.4088235294117647},""recovery_adjustment_rank"":2,""sensitivity_gate_passed"":true,""standardised_univariate_slopes"":{""confidence_floor"":-0.25420839961477415,""deterioration_adjustment"":-0.7269304095757926,""panic_response"":-0.5568974028418814,""recovery_adjustment"":-0.48022128936585895},""strongest_absolute_rank_correlation"":""deterioration_adjustment""}"
fixed_horizon_probability,97,32,0.0098684210526315784,0.0050478564907751686,0.0043815413459385765,0.0050478564907751686,0.13199962123611605,True,0.082330569531281705,0.0082330569531281709,True,-0.4210342544260845,regular_convergence,32,False,"{""clear_recovery_adjustment_secondary_relationship"":true,""local_pairwise_differences"":[{""left_candidate_index"":0,""moment_difference"":-0.23190789473684206,""pair_index"":0,""parameter_differences"":{""confidence_floor"":0.6979905702173707,""deterioration_adjustment"":0.9944576695561403,""panic_response"":1.7551187046835377,""recovery_adjustment"":0.508190783489818},""right_candidate_index"":94},{""left_candidate_index"":171,""moment_difference"":-0.233141447368421,""pair_index"":1,""parameter_differences"":{""confidence_floor"":-0.9867684068158264,""deterioration_adjustment"":0.4170397389680145,""panic_response"":1.8359902804102928,""recovery_adjustment"":0.4018844550392941},""right_candidate_index"":42},{""left_candidate_index"":193,""moment_difference"":-0.06270559210526316,""pair_index"":2,""parameter_differences"":{""confidence_floor"":0.8749759169295425,""deterioration_adjustment"":-0.6008529700338838,""panic_response"":2.6205578386639607,""recovery_adjustment"":0.14921588889190612},""right_candidate_index"":100},{""left_candidate_index"":116,""moment_difference"":0.11081414473684204,""pair_index"":3,""parameter_differences"":{""confidence_floor"":-0.17603670712560404,""deterioration_adjustment"":-0.26285866647958744,""panic_response"":1.522165212430246,""recovery_adjustment"":-0.2741302060086407},""right_candidate_index"":127},{""left_candidate_index"":36,""moment_difference"":0.08717105263157898,""pair_index"":4,""parameter_differences"":{""confidence_floor"":-0.0938006294891238,""deterioration_adjustment"":0.05211010854691267,""panic_response"":0.6607945143430864,""recovery_adjustment"":0.07404947049588717},""right_candidate_index"":252},{""left_candidate_index"":222,""moment_difference"":-0.054893092105263164,""pair_index"":5,""parameter_differences"":{""confidence_floor"":-0.11346969008445751,""deterioration_adjustment"":-0.007403663359582313,""panic_response"":-0.4146542415671981,""recovery_adjustment"":-0.9745140017049413},""right_candidate_index"":97},{""left_candidate_index"":134,""moment_difference"":0.3090049342105263,""pair_index"":6,""parameter_differences"":{""confidence_floor"":-0.6239491663873192,""deterioration_adjustment"":-0.5912777306511997,""panic_response"":-2.0460359842028835,""recovery_adjustment"":-0.41094174453521337},""right_candidate_index"":103},{""left_candidate_index"":203,""moment_difference"":-0.05941611842105263,""pair_index"":7,""parameter_differences"":{""confidence_floor"":-0.598956520669162,""deterioration_adjustment"":0.7078072717413303,""panic_response"":0.526483437262438,""recovery_adjustment"":0.8483160902933611},""right_candidate_index"":126}],""maximum"":0.408922697368421,""minimum"":0.014597039473684213,""non_degenerate"":true,""range"":0.3943256578947368,""rank_correlations"":{""confidence_floor"":-0.2764705882352941,""deterioration_adjustment"":-0.6176470588235293,""panic_response"":-0.3911764705882353,""recovery_adjustment"":-0.4088235294117647},""recovery_adjustment_rank"":2,""sensitivity_gate_passed"":true,""standardised_univariate_slopes"":{""confidence_floor"":-0.25420839961477415,""deterioration_adjustment"":-0.7269304095757926,""panic_response"":-0.5568974028418814,""recovery_adjustment"":-0.48022128936585895},""strongest_absolute_rank_correlation"":""deterioration_adjustment""}"
fixed_horizon_probability,97,64,0.016447368421052631,0.0041443472917678421,0.0040394100746327152,0.0041443472917678421,0.025320565519103545,True,0.082330569531281705,0.0082330569531281709,True,-0.4210342544260845,regular_convergence,32,False,"{""clear_recovery_adjustment_secondary_relationship"":true,""local_pairwise_differences"":[{""left_candidate_index"":0,""moment_difference"":-0.23190789473684206,""pair_index"":0,""parameter_differences"":{""confidence_floor"":0.6979905702173707,""deterioration_adjustment"":0.9944576695561403,""panic_response"":1.7551187046835377,""recovery_adjustment"":0.508190783489818},""right_candidate_index"":94},{""left_candidate_index"":171,""moment_difference"":-0.233141447368421,""pair_index"":1,""parameter_differences"":{""confidence_floor"":-0.9867684068158264,""deterioration_adjustment"":0.4170397389680145,""panic_response"":1.8359902804102928,""recovery_adjustment"":0.4018844550392941},""right_candidate_index"":42},{""left_candidate_index"":193,""moment_difference"":-0.06270559210526316,""pair_index"":2,""parameter_differences"":{""confidence_floor"":0.8749759169295425,""deterioration_adjustment"":-0.6008529700338838,""panic_response"":2.6205578386639607,""recovery_adjustment"":0.14921588889190612},""right_candidate_index"":100},{""left_candidate_index"":116,""moment_difference"":0.11081414473684204,""pair_index"":3,""parameter_differences"":{""confidence_floor"":-0.17603670712560404,""deterioration_adjustment"":-0.26285866647958744,""panic_response"":1.522165212430246,""recovery_adjustment"":-0.2741302060086407},""right_candidate_index"":127},{""left_candidate_index"":36,""moment_difference"":0.08717105263157898,""pair_index"":4,""parameter_differences"":{""confidence_floor"":-0.0938006294891238,""deterioration_adjustment"":0.05211010854691267,""panic_response"":0.6607945143430864,""recovery_adjustment"":0.07404947049588717},""right_candidate_index"":252},{""left_candidate_index"":222,""moment_difference"":-0.054893092105263164,""pair_index"":5,""parameter_differences"":{""confidence_floor"":-0.11346969008445751,""deterioration_adjustment"":-0.007403663359582313,""panic_response"":-0.4146542415671981,""recovery_adjustment"":-0.9745140017049413},""right_candidate_index"":97},{""left_candidate_index"":134,""moment_difference"":0.3090049342105263,""pair_index"":6,""parameter_differences"":{""confidence_floor"":-0.6239491663873192,""deterioration_adjustment"":-0.5912777306511997,""panic_response"":-2.0460359842028835,""recovery_adjustment"":-0.41094174453521337},""right_candidate_index"":103},{""left_candidate_index"":203,""moment_difference"":-0.05941611842105263,""pair_index"":7,""parameter_differences"":{""confidence_floor"":-0.598956520669162,""deterioration_adjustment"":0.7078072717413303,""panic_response"":0.526483437262438,""recovery_adjustment"":0.8483160902933611},""right_candidate_index"":126}],""maximum"":0.408922697368421,""minimum"":0.014597039473684213,""non_degenerate"":true,""range"":0.3943256578947368,""rank_correlations"":{""confidence_floor"":-0.2764705882352941,""deterioration_adjustment"":-0.6176470588235293,""panic_response"":-0.3911764705882353,""recovery_adjustment"":-0.4088235294117647},""recovery_adjustment_rank"":2,""sensitivity_gate_passed"":true,""standardised_univariate_slopes"":{""confidence_floor"":-0.25420839961477415,""deterioration_adjustment"":-0.7269304095757926,""panic_response"":-0.5568974028418814,""recovery_adjustment"":-0.48022128936585895},""strongest_absolute_rank_correlation"":""deterioration_adjustment""}"
fixed_horizon_probability,97,128,0.012746710526315791,0.0028902900912059905,0.0029040753367828957,0.0029040753367828957,0.0047468622464100453,True,0.082330569531281705,0.0082330569531281709,True,-0.4210342544260845,regular_convergence,32,False,"{""clear_recovery_adjustment_secondary_relationship"":true,""local_pairwise_differences"":[{""left_candidate_index"":0,""moment_difference"":-0.23190789473684206,""pair_index"":0,""parameter_differences"":{""confidence_floor"":0.6979905702173707,""deterioration_adjustment"":0.9944576695561403,""panic_response"":1.7551187046835377,""recovery_adjustment"":0.508190783489818},""right_candidate_index"":94},{""left_candidate_index"":171,""moment_difference"":-0.233141447368421,""pair_index"":1,""parameter_differences"":{""confidence_floor"":-0.9867684068158264,""deterioration_adjustment"":0.4170397389680145,""panic_response"":1.8359902804102928,""recovery_adjustment"":0.4018844550392941},""right_candidate_index"":42},{""left_candidate_index"":193,""moment_difference"":-0.06270559210526316,""pair_index"":2,""parameter_differences"":{""confidence_floor"":0.8749759169295425,""deterioration_adjustment"":-0.6008529700338838,""panic_response"":2.6205578386639607,""recovery_adjustment"":0.14921588889190612},""right_candidate_index"":100},{""left_candidate_index"":116,""moment_difference"":0.11081414473684204,""pair_index"":3,""parameter_differences"":{""confidence_floor"":-0.17603670712560404,""deterioration_adjustment"":-0.26285866647958744,""panic_response"":1.522165212430246,""recovery_adjustment"":-0.2741302060086407},""right_candidate_index"":127},{""left_candidate_index"":36,""moment_difference"":0.08717105263157898,""pair_index"":4,""parameter_differences"":{""confidence_floor"":-0.0938006294891238,""deterioration_adjustment"":0.05211010854691267,""panic_response"":0.6607945143430864,""recovery_adjustment"":0.07404947049588717},""right_candidate_index"":252},{""left_candidate_index"":222,""moment_difference"":-0.054893092105263164,""pair_index"":5,""parameter_differences"":{""confidence_floor"":-0.11346969008445751,""deterioration_adjustment"":-0.007403663359582313,""panic_response"":-0.4146542415671981,""recovery_adjustment"":-0.9745140017049413},""right_candidate_index"":97},{""left_candidate_index"":134,""moment_difference"":0.3090049342105263,""pair_index"":6,""parameter_differences"":{""confidence_floor"":-0.6239491663873192,""deterioration_adjustment"":-0.5912777306511997,""panic_response"":-2.0460359842028835,""recovery_adjustment"":-0.41094174453521337},""right_candidate_index"":103},{""left_candidate_index"":203,""moment_difference"":-0.05941611842105263,""pair_index"":7,""parameter_differences"":{""confidence_floor"":-0.598956520669162,""deterioration_adjustment"":0.7078072717413303,""panic_response"":0.526483437262438,""recovery_adjustment"":0.8483160902933611},""right_candidate_index"":126}],""maximum"":0.408922697368421,""minimum"":0.014597039473684213,""non_degenerate"":true,""range"":0.3943256578947368,""rank_correlations"":{""confidence_floor"":-0.2764705882352941,""deterioration_adjustment"":-0.6176470588235293,""panic_response"":-0.3911764705882353,""recovery_adjustment"":-0.4088235294117647},""recovery_adjustment_rank"":2,""sensitivity_gate_passed"":true,""standardised_univariate_slopes"":{""confidence_floor"":-0.25420839961477415,""deterioration_adjustment"":-0.7269304095757926,""panic_response"":-0.5568974028418814,""recovery_adjustment"":-0.48022128936585895},""strongest_absolute_rank_correlation"":""deterioration_adjustment""}"
fixed_horizon_probability,97,256,0.014597039473684213,0.0021483743304678247,0.0021338976147693102,0.0021483743304678247,0.0067384512527489436,True,0.082330569531281705,0.0082330569531281709,True,-0.4210342544260845,regular_convergence,32,False,"{""clear_recovery_adjustment_secondary_relationship"":true,""local_pairwise_differences"":[{""left_candidate_index"":0,""moment_difference"":-0.23190789473684206,""pair_index"":0,""parameter_differences"":{""confidence_floor"":0.6979905702173707,""deterioration_adjustment"":0.9944576695561403,""panic_response"":1.7551187046835377,""recovery_adjustment"":0.508190783489818},""right_candidate_index"":94},{""left_candidate_index"":171,""moment_difference"":-0.233141447368421,""pair_index"":1,""parameter_differences"":{""confidence_floor"":-0.9867684068158264,""deterioration_adjustment"":0.4170397389680145,""panic_response"":1.8359902804102928,""recovery_adjustment"":0.4018844550392941},""right_candidate_index"":42},{""left_candidate_index"":193,""moment_difference"":-0.06270559210526316,""pair_index"":2,""parameter_differences"":{""confidence_floor"":0.8749759169295425,""deterioration_adjustment"":-0.6008529700338838,""panic_response"":2.6205578386639607,""recovery_adjustment"":0.14921588889190612},""right_candidate_index"":100},{""left_candidate_index"":116,""moment_difference"":0.11081414473684204,""pair_index"":3,""parameter_differences"":{""confidence_floor"":-0.17603670712560404,""deterioration_adjustment"":-0.26285866647958744,""panic_response"":1.522165212430246,""recovery_adjustment"":-0.2741302060086407},""right_candidate_index"":127},{""left_candidate_index"":36,""moment_difference"":0.08717105263157898,""pair_index"":4,""parameter_differences"":{""confidence_floor"":-0.0938006294891238,""deterioration_adjustment"":0.05211010854691267,""panic_response"":0.6607945143430864,""recovery_adjustment"":0.07404947049588717},""right_candidate_index"":252},{""left_candidate_index"":222,""moment_difference"":-0.054893092105263164,""pair_index"":5,""parameter_differences"":{""confidence_floor"":-0.11346969008445751,""deterioration_adjustment"":-0.007403663359582313,""panic_response"":-0.4146542415671981,""recovery_adjustment"":-0.9745140017049413},""right_candidate_index"":97},{""left_candidate_index"":134,""moment_difference"":0.3090049342105263,""pair_index"":6,""parameter_differences"":{""confidence_floor"":-0.6239491663873192,""deterioration_adjustment"":-0.5912777306511997,""panic_response"":-2.0460359842028835,""recovery_adjustment"":-0.41094174453521337},""right_candidate_index"":103},{""left_candidate_index"":203,""moment_difference"":-0.05941611842105263,""pair_index"":7,""parameter_differences"":{""confidence_floor"":-0.598956520669162,""deterioration_adjustment"":0.7078072717413303,""panic_response"":0.526483437262438,""recovery_adjustment"":0.8483160902933611},""right_candidate_index"":126}],""maximum"":0.408922697368421,""minimum"":0.014597039473684213,""non_degenerate"":true,""range"":0.3943256578947368,""rank_correlations"":{""confidence_floor"":-0.2764705882352941,""deterioration_adjustment"":-0.6176470588235293,""panic_response"":-0.3911764705882353,""recovery_adjustment"":-0.4088235294117647},""recovery_adjustment_rank"":2,""sensitivity_gate_passed"":true,""standardised_univariate_slopes"":{""confidence_floor"":-0.25420839961477415,""deterioration_adjustment"":-0.7269304095757926,""panic_response"":-0.5568974028418814,""recovery_adjustment"":-0.48022128936585895},""strongest_absolute_rank_correlation"":""deterioration_adjustment""}"
fixed_horizon_probability,100,32,0.25,0.0076691198018114621,0.0074731820295666444,0.0076691198018114621,0.025548925731807823,True,0.082330569531281705,0.0082330569531281709,True,-0.50056117513570908,regular_convergence,32,False,"{""clear_recovery_adjustment_secondary_relationship"":true,""local_pairwise_differences"":[{""left_candidate_index"":0,""moment_difference"":-0.23190789473684206,""pair_index"":0,""parameter_differences"":{""confidence_floor"":0.6979905702173707,""deterioration_adjustment"":0.9944576695561403,""panic_response"":1.7551187046835377,""recovery_adjustment"":0.508190783489818},""right_candidate_index"":94},{""left_candidate_index"":171,""moment_difference"":-0.233141447368421,""pair_index"":1,""parameter_differences"":{""confidence_floor"":-0.9867684068158264,""deterioration_adjustment"":0.4170397389680145,""panic_response"":1.8359902804102928,""recovery_adjustment"":0.4018844550392941},""right_candidate_index"":42},{""left_candidate_index"":193,""moment_difference"":-0.06270559210526316,""pair_index"":2,""parameter_differences"":{""confidence_floor"":0.8749759169295425,""deterioration_adjustment"":-0.6008529700338838,""panic_response"":2.6205578386639607,""recovery_adjustment"":0.14921588889190612},""right_candidate_index"":100},{""left_candidate_index"":116,""moment_difference"":0.11081414473684204,""pair_index"":3,""parameter_differences"":{""confidence_floor"":-0.17603670712560404,""deterioration_adjustment"":-0.26285866647958744,""panic_response"":1.522165212430246,""recovery_adjustment"":-0.2741302060086407},""right_candidate_index"":127},{""left_candidate_index"":36,""moment_difference"":0.08717105263157898,""pair_index"":4,""parameter_differences"":{""confidence_floor"":-0.0938006294891238,""deterioration_adjustment"":0.05211010854691267,""panic_response"":0.6607945143430864,""recovery_adjustment"":0.07404947049588717},""right_candidate_index"":252},{""left_candidate_index"":222,""moment_difference"":-0.054893092105263164,""pair_index"":5,""parameter_differences"":{""confidence_floor"":-0.11346969008445751,""deterioration_adjustment"":-0.007403663359582313,""panic_response"":-0.4146542415671981,""recovery_adjustment"":-0.9745140017049413},""right_candidate_index"":97},{""left_candidate_index"":134,""moment_difference"":0.3090049342105263,""pair_index"":6,""parameter_differences"":{""confidence_floor"":-0.6239491663873192,""deterioration_adjustment"":-0.5912777306511997,""panic_response"":-2.0460359842028835,""recovery_adjustment"":-0.41094174453521337},""right_candidate_index"":103},{""left_candidate_index"":203,""moment_difference"":-0.05941611842105263,""pair_index"":7,""parameter_differences"":{""confidence_floor"":-0.598956520669162,""deterioration_adjustment"":0.7078072717413303,""panic_response"":0.526483437262438,""recovery_adjustment"":0.8483160902933611},""right_candidate_index"":126}],""maximum"":0.408922697368421,""minimum"":0.014597039473684213,""non_degenerate"":true,""range"":0.3943256578947368,""rank_correlations"":{""confidence_floor"":-0.2764705882352941,""deterioration_adjustment"":-0.6176470588235293,""panic_response"":-0.3911764705882353,""recovery_adjustment"":-0.4088235294117647},""recovery_adjustment_rank"":2,""sensitivity_gate_passed"":true,""standardised_univariate_slopes"":{""confidence_floor"":-0.25420839961477415,""deterioration_adjustment"":-0.7269304095757926,""panic_response"":-0.5568974028418814,""recovery_adjustment"":-0.48022128936585895},""strongest_absolute_rank_correlation"":""deterioration_adjustment""}"
fixed_horizon_probability,100,64,0.26069078947368418,0.005235058724248118,0.0050322258088502797,0.005235058724248118,0.038745107950430874,True,0.082330569531281705,0.0082330569531281709,True,-0.50056117513570908,regular_convergence,32,False,"{""clear_recovery_adjustment_secondary_relationship"":true,""local_pairwise_differences"":[{""left_candidate_index"":0,""moment_difference"":-0.23190789473684206,""pair_index"":0,""parameter_differences"":{""confidence_floor"":0.6979905702173707,""deterioration_adjustment"":0.9944576695561403,""panic_response"":1.7551187046835377,""recovery_adjustment"":0.508190783489818},""right_candidate_index"":94},{""left_candidate_index"":171,""moment_difference"":-0.233141447368421,""pair_index"":1,""parameter_differences"":{""confidence_floor"":-0.9867684068158264,""deterioration_adjustment"":0.4170397389680145,""panic_response"":1.8359902804102928,""recovery_adjustment"":0.4018844550392941},""right_candidate_index"":42},{""left_candidate_index"":193,""moment_difference"":-0.06270559210526316,""pair_index"":2,""parameter_differences"":{""confidence_floor"":0.8749759169295425,""deterioration_adjustment"":-0.6008529700338838,""panic_response"":2.6205578386639607,""recovery_adjustment"":0.14921588889190612},""right_candidate_index"":100},{""left_candidate_index"":116,""moment_difference"":0.11081414473684204,""pair_index"":3,""parameter_differences"":{""confidence_floor"":-0.17603670712560404,""deterioration_adjustment"":-0.26285866647958744,""panic_response"":1.522165212430246,""recovery_adjustment"":-0.2741302060086407},""right_candidate_index"":127},{""left_candidate_index"":36,""moment_difference"":0.08717105263157898,""pair_index"":4,""parameter_differences"":{""confidence_floor"":-0.0938006294891238,""deterioration_adjustment"":0.05211010854691267,""panic_response"":0.6607945143430864,""recovery_adjustment"":0.07404947049588717},""right_candidate_index"":252},{""left_candidate_index"":222,""moment_difference"":-0.054893092105263164,""pair_index"":5,""parameter_differences"":{""confidence_floor"":-0.11346969008445751,""deterioration_adjustment"":-0.007403663359582313,""panic_response"":-0.4146542415671981,""recovery_adjustment"":-0.9745140017049413},""right_candidate_index"":97},{""left_candidate_index"":134,""moment_difference"":0.3090049342105263,""pair_index"":6,""parameter_differences"":{""confidence_floor"":-0.6239491663873192,""deterioration_adjustment"":-0.5912777306511997,""panic_response"":-2.0460359842028835,""recovery_adjustment"":-0.41094174453521337},""right_candidate_index"":103},{""left_candidate_index"":203,""moment_difference"":-0.05941611842105263,""pair_index"":7,""parameter_differences"":{""confidence_floor"":-0.598956520669162,""deterioration_adjustment"":0.7078072717413303,""panic_response"":0.526483437262438,""recovery_adjustment"":0.8483160902933611},""right_candidate_index"":126}],""maximum"":0.408922697368421,""minimum"":0.014597039473684213,""non_degenerate"":true,""range"":0.3943256578947368,""rank_correlations"":{""confidence_floor"":-0.2764705882352941,""deterioration_adjustment"":-0.6176470588235293,""panic_response"":-0.3911764705882353,""recovery_adjustment"":-0.4088235294117647},""recovery_adjustment_rank"":2,""sensitivity_gate_passed"":true,""standardised_univariate_slopes"":{""confidence_floor"":-0.25420839961477415,""deterioration_adjustment"":-0.7269304095757926,""panic_response"":-0.5568974028418814,""recovery_adjustment"":-0.48022128936585895},""strongest_absolute_rank_correlation"":""deterioration_adjustment""}"
fixed_horizon_probability,100,128,0.26110197368421051,0.0037715670436543466,0.0037107169775627987,0.0037715670436543466,0.016133894847216893,True,0.082330569531281705,0.0082330569531281709,True,-0.50056117513570908,regular_convergence,32,False,"{""clear_recovery_adjustment_secondary_relationship"":true,""local_pairwise_differences"":[{""left_candidate_index"":0,""moment_difference"":-0.23190789473684206,""pair_index"":0,""parameter_differences"":{""confidence_floor"":0.6979905702173707,""deterioration_adjustment"":0.9944576695561403,""panic_response"":1.7551187046835377,""recovery_adjustment"":0.508190783489818},""right_candidate_index"":94},{""left_candidate_index"":171,""moment_difference"":-0.233141447368421,""pair_index"":1,""parameter_differences"":{""confidence_floor"":-0.9867684068158264,""deterioration_adjustment"":0.4170397389680145,""panic_response"":1.8359902804102928,""recovery_adjustment"":0.4018844550392941},""right_candidate_index"":42},{""left_candidate_index"":193,""moment_difference"":-0.06270559210526316,""pair_index"":2,""parameter_differences"":{""confidence_floor"":0.8749759169295425,""deterioration_adjustment"":-0.6008529700338838,""panic_response"":2.6205578386639607,""recovery_adjustment"":0.14921588889190612},""right_candidate_index"":100},{""left_candidate_index"":116,""moment_difference"":0.11081414473684204,""pair_index"":3,""parameter_differences"":{""confidence_floor"":-0.17603670712560404,""deterioration_adjustment"":-0.26285866647958744,""panic_response"":1.522165212430246,""recovery_adjustment"":-0.2741302060086407},""right_candidate_index"":127},{""left_candidate_index"":36,""moment_difference"":0.08717105263157898,""pair_index"":4,""parameter_differences"":{""confidence_floor"":-0.0938006294891238,""deterioration_adjustment"":0.05211010854691267,""panic_response"":0.6607945143430864,""recovery_adjustment"":0.07404947049588717},""right_candidate_index"":252},{""left_candidate_index"":222,""moment_difference"":-0.054893092105263164,""pair_index"":5,""parameter_differences"":{""confidence_floor"":-0.11346969008445751,""deterioration_adjustment"":-0.007403663359582313,""panic_response"":-0.4146542415671981,""recovery_adjustment"":-0.9745140017049413},""right_candidate_index"":97},{""left_candidate_index"":134,""moment_difference"":0.3090049342105263,""pair_index"":6,""parameter_differences"":{""confidence_floor"":-0.6239491663873192,""deterioration_adjustment"":-0.5912777306511997,""panic_response"":-2.0460359842028835,""recovery_adjustment"":-0.41094174453521337},""right_candidate_index"":103},{""left_candidate_index"":203,""moment_difference"":-0.05941611842105263,""pair_index"":7,""parameter_differences"":{""confidence_floor"":-0.598956520669162,""deterioration_adjustment"":0.7078072717413303,""panic_response"":0.526483437262438,""recovery_adjustment"":0.8483160902933611},""right_candidate_index"":126}],""maximum"":0.408922697368421,""minimum"":0.014597039473684213,""non_degenerate"":true,""range"":0.3943256578947368,""rank_correlations"":{""confidence_floor"":-0.2764705882352941,""deterioration_adjustment"":-0.6176470588235293,""panic_response"":-0.3911764705882353,""recovery_adjustment"":-0.4088235294117647},""recovery_adjustment_rank"":2,""sensitivity_gate_passed"":true,""standardised_univariate_slopes"":{""confidence_floor"":-0.25420839961477415,""deterioration_adjustment"":-0.7269304095757926,""panic_response"":-0.5568974028418814,""recovery_adjustment"":-0.48022128936585895},""strongest_absolute_rank_correlation"":""deterioration_adjustment""}"
fixed_horizon_probability,100,256,0.26171875,0.0026911154897580206,0.0026764159056884289,0.0026911154897580206,0.005462264301006812,True,0.082330569531281705,0.0082330569531281709,True,-0.50056117513570908,regular_convergence,32,False,"{""clear_recovery_adjustment_secondary_relationship"":true,""local_pairwise_differences"":[{""left_candidate_index"":0,""moment_difference"":-0.23190789473684206,""pair_index"":0,""parameter_differences"":{""confidence_floor"":0.6979905702173707,""deterioration_adjustment"":0.9944576695561403,""panic_response"":1.7551187046835377,""recovery_adjustment"":0.508190783489818},""right_candidate_index"":94},{""left_candidate_index"":171,""moment_difference"":-0.233141447368421,""pair_index"":1,""parameter_differences"":{""confidence_floor"":-0.9867684068158264,""deterioration_adjustment"":0.4170397389680145,""panic_response"":1.8359902804102928,""recovery_adjustment"":0.4018844550392941},""right_candidate_index"":42},{""left_candidate_index"":193,""moment_difference"":-0.06270559210526316,""pair_index"":2,""parameter_differences"":{""confidence_floor"":0.8749759169295425,""deterioration_adjustment"":-0.6008529700338838,""panic_response"":2.6205578386639607,""recovery_adjustment"":0.14921588889190612},""right_candidate_index"":100},{""left_candidate_index"":116,""moment_difference"":0.11081414473684204,""pair_index"":3,""parameter_differences"":{""confidence_floor"":-0.17603670712560404,""deterioration_adjustment"":-0.26285866647958744,""panic_response"":1.522165212430246,""recovery_adjustment"":-0.2741302060086407},""right_candidate_index"":127},{""left_candidate_index"":36,""moment_difference"":0.08717105263157898,""pair_index"":4,""parameter_differences"":{""confidence_floor"":-0.0938006294891238,""deterioration_adjustment"":0.05211010854691267,""panic_response"":0.6607945143430864,""recovery_adjustment"":0.07404947049588717},""right_candidate_index"":252},{""left_candidate_index"":222,""moment_difference"":-0.054893092105263164,""pair_index"":5,""parameter_differences"":{""confidence_floor"":-0.11346969008445751,""deterioration_adjustment"":-0.007403663359582313,""panic_response"":-0.4146542415671981,""recovery_adjustment"":-0.9745140017049413},""right_candidate_index"":97},{""left_candidate_index"":134,""moment_difference"":0.3090049342105263,""pair_index"":6,""parameter_differences"":{""confidence_floor"":-0.6239491663873192,""deterioration_adjustment"":-0.5912777306511997,""panic_response"":-2.0460359842028835,""recovery_adjustment"":-0.41094174453521337},""right_candidate_index"":103},{""left_candidate_index"":203,""moment_difference"":-0.05941611842105263,""pair_index"":7,""parameter_differences"":{""confidence_floor"":-0.598956520669162,""deterioration_adjustment"":0.7078072717413303,""panic_response"":0.526483437262438,""recovery_adjustment"":0.8483160902933611},""right_candidate_index"":126}],""maximum"":0.408922697368421,""minimum"":0.014597039473684213,""non_degenerate"":true,""range"":0.3943256578947368,""rank_correlations"":{""confidence_floor"":-0.2764705882352941,""deterioration_adjustment"":-0.6176470588235293,""panic_response"":-0.3911764705882353,""recovery_adjustment"":-0.4088235294117647},""recovery_adjustment_rank"":2,""sensitivity_gate_passed"":true,""standardised_univariate_slopes"":{""confidence_floor"":-0.25420839961477415,""deterioration_adjustment"":-0.7269304095757926,""panic_response"":-0.5568974028418814,""recovery_adjustment"":-0.48022128936585895},""strongest_absolute_rank_correlation"":""deterioration_adjustment""}"
fixed_horizon_probability,103,32,0.34375,0.015667526570561349,0.015129156630502624,0.015667526570561349,0.0343621526750943,True,0.082330569531281705,0.0082330569531281709,False,-0.50446560645370575,regular_convergence,128,False,"{""clear_recovery_adjustment_secondary_relationship"":true,""local_pairwise_differences"":[{""left_candidate_index"":0,""moment_difference"":-0.23190789473684206,""pair_index"":0,""parameter_differences"":{""confidence_floor"":0.6979905702173707,""deterioration_adjustment"":0.9944576695561403,""panic_response"":1.7551187046835377,""recovery_adjustment"":0.508190783489818},""right_candidate_index"":94},{""left_candidate_index"":171,""moment_difference"":-0.233141447368421,""pair_index"":1,""parameter_differences"":{""confidence_floor"":-0.9867684068158264,""deterioration_adjustment"":0.4170397389680145,""panic_response"":1.8359902804102928,""recovery_adjustment"":0.4018844550392941},""right_candidate_index"":42},{""left_candidate_index"":193,""moment_difference"":-0.06270559210526316,""pair_index"":2,""parameter_differences"":{""confidence_floor"":0.8749759169295425,""deterioration_adjustment"":-0.6008529700338838,""panic_response"":2.6205578386639607,""recovery_adjustment"":0.14921588889190612},""right_candidate_index"":100},{""left_candidate_index"":116,""moment_difference"":0.11081414473684204,""pair_index"":3,""parameter_differences"":{""confidence_floor"":-0.17603670712560404,""deterioration_adjustment"":-0.26285866647958744,""panic_response"":1.522165212430246,""recovery_adjustment"":-0.2741302060086407},""right_candidate_index"":127},{""left_candidate_index"":36,""moment_difference"":0.08717105263157898,""pair_index"":4,""parameter_differences"":{""confidence_floor"":-0.0938006294891238,""deterioration_adjustment"":0.05211010854691267,""panic_response"":0.6607945143430864,""recovery_adjustment"":0.07404947049588717},""right_candidate_index"":252},{""left_candidate_index"":222,""moment_difference"":-0.054893092105263164,""pair_index"":5,""parameter_differences"":{""confidence_floor"":-0.11346969008445751,""deterioration_adjustment"":-0.007403663359582313,""panic_response"":-0.4146542415671981,""recovery_adjustment"":-0.9745140017049413},""right_candidate_index"":97},{""left_candidate_index"":134,""moment_difference"":0.3090049342105263,""pair_index"":6,""parameter_differences"":{""confidence_floor"":-0.6239491663873192,""deterioration_adjustment"":-0.5912777306511997,""panic_response"":-2.0460359842028835,""recovery_adjustment"":-0.41094174453521337},""right_candidate_index"":103},{""left_candidate_index"":203,""moment_difference"":-0.05941611842105263,""pair_index"":7,""parameter_differences"":{""confidence_floor"":-0.598956520669162,""deterioration_adjustment"":0.7078072717413303,""panic_response"":0.526483437262438,""recovery_adjustment"":0.8483160902933611},""right_candidate_index"":126}],""maximum"":0.408922697368421,""minimum"":0.014597039473684213,""non_degenerate"":true,""range"":0.3943256578947368,""rank_correlations"":{""confidence_floor"":-0.2764705882352941,""deterioration_adjustment"":-0.6176470588235293,""panic_response"":-0.3911764705882353,""recovery_adjustment"":-0.4088235294117647},""recovery_adjustment_rank"":2,""sensitivity_gate_passed"":true,""standardised_univariate_slopes"":{""confidence_floor"":-0.25420839961477415,""deterioration_adjustment"":-0.7269304095757926,""panic_response"":-0.5568974028418814,""recovery_adjustment"":-0.48022128936585895},""strongest_absolute_rank_correlation"":""deterioration_adjustment""}"
fixed_horizon_probability,103,64,0.34868421052631582,0.010826983365203673,0.009630592825149999,0.010826983365203673,0.11050082000667856,True,0.082330569531281705,0.0082330569531281709,False,-0.50446560645370575,regular_convergence,128,False,"{""clear_recovery_adjustment_secondary_relationship"":true,""local_pairwise_differences"":[{""left_candidate_index"":0,""moment_difference"":-0.23190789473684206,""pair_index"":0,""parameter_differences"":{""confidence_floor"":0.6979905702173707,""deterioration_adjustment"":0.9944576695561403,""panic_response"":1.7551187046835377,""recovery_adjustment"":0.508190783489818},""right_candidate_index"":94},{""left_candidate_index"":171,""moment_difference"":-0.233141447368421,""pair_index"":1,""parameter_differences"":{""confidence_floor"":-0.9867684068158264,""deterioration_adjustment"":0.4170397389680145,""panic_response"":1.8359902804102928,""recovery_adjustment"":0.4018844550392941},""right_candidate_index"":42},{""left_candidate_index"":193,""moment_difference"":-0.06270559210526316,""pair_index"":2,""parameter_differences"":{""confidence_floor"":0.8749759169295425,""deterioration_adjustment"":-0.6008529700338838,""panic_response"":2.6205578386639607,""recovery_adjustment"":0.14921588889190612},""right_candidate_index"":100},{""left_candidate_index"":116,""moment_difference"":0.11081414473684204,""pair_index"":3,""parameter_differences"":{""confidence_floor"":-0.17603670712560404,""deterioration_adjustment"":-0.26285866647958744,""panic_response"":1.522165212430246,""recovery_adjustment"":-0.2741302060086407},""right_candidate_index"":127},{""left_candidate_index"":36,""moment_difference"":0.08717105263157898,""pair_index"":4,""parameter_differences"":{""confidence_floor"":-0.0938006294891238,""deterioration_adjustment"":0.05211010854691267,""panic_response"":0.6607945143430864,""recovery_adjustment"":0.07404947049588717},""right_candidate_index"":252},{""left_candidate_index"":222,""moment_difference"":-0.054893092105263164,""pair_index"":5,""parameter_differences"":{""confidence_floor"":-0.11346969008445751,""deterioration_adjustment"":-0.007403663359582313,""panic_response"":-0.4146542415671981,""recovery_adjustment"":-0.9745140017049413},""right_candidate_index"":97},{""left_candidate_index"":134,""moment_difference"":0.3090049342105263,""pair_index"":6,""parameter_differences"":{""confidence_floor"":-0.6239491663873192,""deterioration_adjustment"":-0.5912777306511997,""panic_response"":-2.0460359842028835,""recovery_adjustment"":-0.41094174453521337},""right_candidate_index"":103},{""left_candidate_index"":203,""moment_difference"":-0.05941611842105263,""pair_index"":7,""parameter_differences"":{""confidence_floor"":-0.598956520669162,""deterioration_adjustment"":0.7078072717413303,""panic_response"":0.526483437262438,""recovery_adjustment"":0.8483160902933611},""right_candidate_index"":126}],""maximum"":0.408922697368421,""minimum"":0.014597039473684213,""non_degenerate"":true,""range"":0.3943256578947368,""rank_correlations"":{""confidence_floor"":-0.2764705882352941,""deterioration_adjustment"":-0.6176470588235293,""panic_response"":-0.3911764705882353,""recovery_adjustment"":-0.4088235294117647},""recovery_adjustment_rank"":2,""sensitivity_gate_passed"":true,""standardised_univariate_slopes"":{""confidence_floor"":-0.25420839961477415,""deterioration_adjustment"":-0.7269304095757926,""panic_response"":-0.5568974028418814,""recovery_adjustment"":-0.48022128936585895},""strongest_absolute_rank_correlation"":""deterioration_adjustment""}"
fixed_horizon_probability,103,128,0.34498355263157898,0.0075977362566507561,0.0074260068130941187,0.0075977362566507561,0.022602711880964844,True,0.082330569531281705,0.0082330569531281709,True,-0.50446560645370575,regular_convergence,128,False,"{""clear_recovery_adjustment_secondary_relationship"":true,""local_pairwise_differences"":[{""left_candidate_index"":0,""moment_difference"":-0.23190789473684206,""pair_index"":0,""parameter_differences"":{""confidence_floor"":0.6979905702173707,""deterioration_adjustment"":0.9944576695561403,""panic_response"":1.7551187046835377,""recovery_adjustment"":0.508190783489818},""right_candidate_index"":94},{""left_candidate_index"":171,""moment_difference"":-0.233141447368421,""pair_index"":1,""parameter_differences"":{""confidence_floor"":-0.9867684068158264,""deterioration_adjustment"":0.4170397389680145,""panic_response"":1.8359902804102928,""recovery_adjustment"":0.4018844550392941},""right_candidate_index"":42},{""left_candidate_index"":193,""moment_difference"":-0.06270559210526316,""pair_index"":2,""parameter_differences"":{""confidence_floor"":0.8749759169295425,""deterioration_adjustment"":-0.6008529700338838,""panic_response"":2.6205578386639607,""recovery_adjustment"":0.14921588889190612},""right_candidate_index"":100},{""left_candidate_index"":116,""moment_difference"":0.11081414473684204,""pair_index"":3,""parameter_differences"":{""confidence_floor"":-0.17603670712560404,""deterioration_adjustment"":-0.26285866647958744,""panic_response"":1.522165212430246,""recovery_adjustment"":-0.2741302060086407},""right_candidate_index"":127},{""left_candidate_index"":36,""moment_difference"":0.08717105263157898,""pair_index"":4,""parameter_differences"":{""confidence_floor"":-0.0938006294891238,""deterioration_adjustment"":0.05211010854691267,""panic_response"":0.6607945143430864,""recovery_adjustment"":0.07404947049588717},""right_candidate_index"":252},{""left_candidate_index"":222,""moment_difference"":-0.054893092105263164,""pair_index"":5,""parameter_differences"":{""confidence_floor"":-0.11346969008445751,""deterioration_adjustment"":-0.007403663359582313,""panic_response"":-0.4146542415671981,""recovery_adjustment"":-0.9745140017049413},""right_candidate_index"":97},{""left_candidate_index"":134,""moment_difference"":0.3090049342105263,""pair_index"":6,""parameter_differences"":{""confidence_floor"":-0.6239491663873192,""deterioration_adjustment"":-0.5912777306511997,""panic_response"":-2.0460359842028835,""recovery_adjustment"":-0.41094174453521337},""right_candidate_index"":103},{""left_candidate_index"":203,""moment_difference"":-0.05941611842105263,""pair_index"":7,""parameter_differences"":{""confidence_floor"":-0.598956520669162,""deterioration_adjustment"":0.7078072717413303,""panic_response"":0.526483437262438,""recovery_adjustment"":0.8483160902933611},""right_candidate_index"":126}],""maximum"":0.408922697368421,""minimum"":0.014597039473684213,""non_degenerate"":true,""range"":0.3943256578947368,""rank_correlations"":{""confidence_floor"":-0.2764705882352941,""deterioration_adjustment"":-0.6176470588235293,""panic_response"":-0.3911764705882353,""recovery_adjustment"":-0.4088235294117647},""recovery_adjustment_rank"":2,""sensitivity_gate_passed"":true,""standardised_univariate_slopes"":{""confidence_floor"":-0.25420839961477415,""deterioration_adjustment"":-0.7269304095757926,""panic_response"":-0.5568974028418814,""recovery_adjustment"":-0.48022128936585895},""strongest_absolute_rank_correlation"":""deterioration_adjustment""}"
fixed_horizon_probability,103,256,0.34292763157894735,0.0053995112308397493,0.0054963864560696922,0.0054963864560696922,0.01762525724932661,True,0.082330569531281705,0.0082330569531281709,True,-0.50446560645370575,regular_convergence,128,False,"{""clear_recovery_adjustment_secondary_relationship"":true,""local_pairwise_differences"":[{""left_candidate_index"":0,""moment_difference"":-0.23190789473684206,""pair_index"":0,""parameter_differences"":{""confidence_floor"":0.6979905702173707,""deterioration_adjustment"":0.9944576695561403,""panic_response"":1.7551187046835377,""recovery_adjustment"":0.508190783489818},""right_candidate_index"":94},{""left_candidate_index"":171,""moment_difference"":-0.233141447368421,""pair_index"":1,""parameter_differences"":{""confidence_floor"":-0.9867684068158264,""deterioration_adjustment"":0.4170397389680145,""panic_response"":1.8359902804102928,""recovery_adjustment"":0.4018844550392941},""right_candidate_index"":42},{""left_candidate_index"":193,""moment_difference"":-0.06270559210526316,""pair_index"":2,""parameter_differences"":{""confidence_floor"":0.8749759169295425,""deterioration_adjustment"":-0.6008529700338838,""panic_response"":2.6205578386639607,""recovery_adjustment"":0.14921588889190612},""right_candidate_index"":100},{""left_candidate_index"":116,""moment_difference"":0.11081414473684204,""pair_index"":3,""parameter_differences"":{""confidence_floor"":-0.17603670712560404,""deterioration_adjustment"":-0.26285866647958744,""panic_response"":1.522165212430246,""recovery_adjustment"":-0.2741302060086407},""right_candidate_index"":127},{""left_candidate_index"":36,""moment_difference"":0.08717105263157898,""pair_index"":4,""parameter_differences"":{""confidence_floor"":-0.0938006294891238,""deterioration_adjustment"":0.05211010854691267,""panic_response"":0.6607945143430864,""recovery_adjustment"":0.07404947049588717},""right_candidate_index"":252},{""left_candidate_index"":222,""moment_difference"":-0.054893092105263164,""pair_index"":5,""parameter_differences"":{""confidence_floor"":-0.11346969008445751,""deterioration_adjustment"":-0.007403663359582313,""panic_response"":-0.4146542415671981,""recovery_adjustment"":-0.9745140017049413},""right_candidate_index"":97},{""left_candidate_index"":134,""moment_difference"":0.3090049342105263,""pair_index"":6,""parameter_differences"":{""confidence_floor"":-0.6239491663873192,""deterioration_adjustment"":-0.5912777306511997,""panic_response"":-2.0460359842028835,""recovery_adjustment"":-0.41094174453521337},""right_candidate_index"":103},{""left_candidate_index"":203,""moment_difference"":-0.05941611842105263,""pair_index"":7,""parameter_differences"":{""confidence_floor"":-0.598956520669162,""deterioration_adjustment"":0.7078072717413303,""panic_response"":0.526483437262438,""recovery_adjustment"":0.8483160902933611},""right_candidate_index"":126}],""maximum"":0.408922697368421,""minimum"":0.014597039473684213,""non_degenerate"":true,""range"":0.3943256578947368,""rank_correlations"":{""confidence_floor"":-0.2764705882352941,""deterioration_adjustment"":-0.6176470588235293,""panic_response"":-0.3911764705882353,""recovery_adjustment"":-0.4088235294117647},""recovery_adjustment_rank"":2,""sensitivity_gate_passed"":true,""standardised_univariate_slopes"":{""confidence_floor"":-0.25420839961477415,""deterioration_adjustment"":-0.7269304095757926,""panic_response"":-0.5568974028418814,""recovery_adjustment"":-0.48022128936585895},""strongest_absolute_rank_correlation"":""deterioration_adjustment""}"
fixed_horizon_probability,116,32,0.2976973684210526,0.020994438220603359,0.022619110430969879,0.022619110430969879,0.071827414049936894,True,0.082330569531281705,0.0082330569531281709,False,-0.49925805365320647,regular_convergence,256,False,"{""clear_recovery_adjustment_secondary_relationship"":true,""local_pairwise_differences"":[{""left_candidate_index"":0,""moment_difference"":-0.23190789473684206,""pair_index"":0,""parameter_differences"":{""confidence_floor"":0.6979905702173707,""deterioration_adjustment"":0.9944576695561403,""panic_response"":1.7551187046835377,""recovery_adjustment"":0.508190783489818},""right_candidate_index"":94},{""left_candidate_index"":171,""moment_difference"":-0.233141447368421,""pair_index"":1,""parameter_differences"":{""confidence_floor"":-0.9867684068158264,""deterioration_adjustment"":0.4170397389680145,""panic_response"":1.8359902804102928,""recovery_adjustment"":0.4018844550392941},""right_candidate_index"":42},{""left_candidate_index"":193,""moment_difference"":-0.06270559210526316,""pair_index"":2,""parameter_differences"":{""confidence_floor"":0.8749759169295425,""deterioration_adjustment"":-0.6008529700338838,""panic_response"":2.6205578386639607,""recovery_adjustment"":0.14921588889190612},""right_candidate_index"":100},{""left_candidate_index"":116,""moment_difference"":0.11081414473684204,""pair_index"":3,""parameter_differences"":{""confidence_floor"":-0.17603670712560404,""deterioration_adjustment"":-0.26285866647958744,""panic_response"":1.522165212430246,""recovery_adjustment"":-0.2741302060086407},""right_candidate_index"":127},{""left_candidate_index"":36,""moment_difference"":0.08717105263157898,""pair_index"":4,""parameter_differences"":{""confidence_floor"":-0.0938006294891238,""deterioration_adjustment"":0.05211010854691267,""panic_response"":0.6607945143430864,""recovery_adjustment"":0.07404947049588717},""right_candidate_index"":252},{""left_candidate_index"":222,""moment_difference"":-0.054893092105263164,""pair_index"":5,""parameter_differences"":{""confidence_floor"":-0.11346969008445751,""deterioration_adjustment"":-0.007403663359582313,""panic_response"":-0.4146542415671981,""recovery_adjustment"":-0.9745140017049413},""right_candidate_index"":97},{""left_candidate_index"":134,""moment_difference"":0.3090049342105263,""pair_index"":6,""parameter_differences"":{""confidence_floor"":-0.6239491663873192,""deterioration_adjustment"":-0.5912777306511997,""panic_response"":-2.0460359842028835,""recovery_adjustment"":-0.41094174453521337},""right_candidate_index"":103},{""left_candidate_index"":203,""moment_difference"":-0.05941611842105263,""pair_index"":7,""parameter_differences"":{""confidence_floor"":-0.598956520669162,""deterioration_adjustment"":0.7078072717413303,""panic_response"":0.526483437262438,""recovery_adjustment"":0.8483160902933611},""right_candidate_index"":126}],""maximum"":0.408922697368421,""minimum"":0.014597039473684213,""non_degenerate"":true,""range"":0.3943256578947368,""rank_correlations"":{""confidence_floor"":-0.2764705882352941,""deterioration_adjustment"":-0.6176470588235293,""panic_response"":-0.3911764705882353,""recovery_adjustment"":-0.4088235294117647},""recovery_adjustment_rank"":2,""sensitivity_gate_passed"":true,""standardised_univariate_slopes"":{""confidence_floor"":-0.25420839961477415,""deterioration_adjustment"":-0.7269304095757926,""panic_response"":-0.5568974028418814,""recovery_adjustment"":-0.48022128936585895},""strongest_absolute_rank_correlation"":""deterioration_adjustment""}"
fixed_horizon_probability,116,64,0.28042763157894735,0.014934392813707219,0.014922168304456317,0.014934392813707219,0.00081854745642432616,True,0.082330569531281705,0.0082330569531281709,False,-0.49925805365320647,regular_convergence,256,False,"{""clear_recovery_adjustment_secondary_relationship"":true,""local_pairwise_differences"":[{""left_candidate_index"":0,""moment_difference"":-0.23190789473684206,""pair_index"":0,""parameter_differences"":{""confidence_floor"":0.6979905702173707,""deterioration_adjustment"":0.9944576695561403,""panic_response"":1.7551187046835377,""recovery_adjustment"":0.508190783489818},""right_candidate_index"":94},{""left_candidate_index"":171,""moment_difference"":-0.233141447368421,""pair_index"":1,""parameter_differences"":{""confidence_floor"":-0.9867684068158264,""deterioration_adjustment"":0.4170397389680145,""panic_response"":1.8359902804102928,""recovery_adjustment"":0.4018844550392941},""right_candidate_index"":42},{""left_candidate_index"":193,""moment_difference"":-0.06270559210526316,""pair_index"":2,""parameter_differences"":{""confidence_floor"":0.8749759169295425,""deterioration_adjustment"":-0.6008529700338838,""panic_response"":2.6205578386639607,""recovery_adjustment"":0.14921588889190612},""right_candidate_index"":100},{""left_candidate_index"":116,""moment_difference"":0.11081414473684204,""pair_index"":3,""parameter_differences"":{""confidence_floor"":-0.17603670712560404,""deterioration_adjustment"":-0.26285866647958744,""panic_response"":1.522165212430246,""recovery_adjustment"":-0.2741302060086407},""right_candidate_index"":127},{""left_candidate_index"":36,""moment_difference"":0.08717105263157898,""pair_index"":4,""parameter_differences"":{""confidence_floor"":-0.0938006294891238,""deterioration_adjustment"":0.05211010854691267,""panic_response"":0.6607945143430864,""recovery_adjustment"":0.07404947049588717},""right_candidate_index"":252},{""left_candidate_index"":222,""moment_difference"":-0.054893092105263164,""pair_index"":5,""parameter_differences"":{""confidence_floor"":-0.11346969008445751,""deterioration_adjustment"":-0.007403663359582313,""panic_response"":-0.4146542415671981,""recovery_adjustment"":-0.9745140017049413},""right_candidate_index"":97},{""left_candidate_index"":134,""moment_difference"":0.3090049342105263,""pair_index"":6,""parameter_differences"":{""confidence_floor"":-0.6239491663873192,""deterioration_adjustment"":-0.5912777306511997,""panic_response"":-2.0460359842028835,""recovery_adjustment"":-0.41094174453521337},""right_candidate_index"":103},{""left_candidate_index"":203,""moment_difference"":-0.05941611842105263,""pair_index"":7,""parameter_differences"":{""confidence_floor"":-0.598956520669162,""deterioration_adjustment"":0.7078072717413303,""panic_response"":0.526483437262438,""recovery_adjustment"":0.8483160902933611},""right_candidate_index"":126}],""maximum"":0.408922697368421,""minimum"":0.014597039473684213,""non_degenerate"":true,""range"":0.3943256578947368,""rank_correlations"":{""confidence_floor"":-0.2764705882352941,""deterioration_adjustment"":-0.6176470588235293,""panic_response"":-0.3911764705882353,""recovery_adjustment"":-0.4088235294117647},""recovery_adjustment_rank"":2,""sensitivity_gate_passed"":true,""standardised_univariate_slopes"":{""confidence_floor"":-0.25420839961477415,""deterioration_adjustment"":-0.7269304095757926,""panic_response"":-0.5568974028418814,""recovery_adjustment"":-0.48022128936585895},""strongest_absolute_rank_correlation"":""deterioration_adjustment""}"
fixed_horizon_probability,116,128,0.28618421052631576,0.01057182808892154,0.011495568530547456,0.011495568530547456,0.080356220675057308,True,0.082330569531281705,0.0082330569531281709,False,-0.49925805365320647,regular_convergence,256,False,"{""clear_recovery_adjustment_secondary_relationship"":true,""local_pairwise_differences"":[{""left_candidate_index"":0,""moment_difference"":-0.23190789473684206,""pair_index"":0,""parameter_differences"":{""confidence_floor"":0.6979905702173707,""deterioration_adjustment"":0.9944576695561403,""panic_response"":1.7551187046835377,""recovery_adjustment"":0.508190783489818},""right_candidate_index"":94},{""left_candidate_index"":171,""moment_difference"":-0.233141447368421,""pair_index"":1,""parameter_differences"":{""confidence_floor"":-0.9867684068158264,""deterioration_adjustment"":0.4170397389680145,""panic_response"":1.8359902804102928,""recovery_adjustment"":0.4018844550392941},""right_candidate_index"":42},{""left_candidate_index"":193,""moment_difference"":-0.06270559210526316,""pair_index"":2,""parameter_differences"":{""confidence_floor"":0.8749759169295425,""deterioration_adjustment"":-0.6008529700338838,""panic_response"":2.6205578386639607,""recovery_adjustment"":0.14921588889190612},""right_candidate_index"":100},{""left_candidate_index"":116,""moment_difference"":0.11081414473684204,""pair_index"":3,""parameter_differences"":{""confidence_floor"":-0.17603670712560404,""deterioration_adjustment"":-0.26285866647958744,""panic_response"":1.522165212430246,""recovery_adjustment"":-0.2741302060086407},""right_candidate_index"":127},{""left_candidate_index"":36,""moment_difference"":0.08717105263157898,""pair_index"":4,""parameter_differences"":{""confidence_floor"":-0.0938006294891238,""deterioration_adjustment"":0.05211010854691267,""panic_response"":0.6607945143430864,""recovery_adjustment"":0.07404947049588717},""right_candidate_index"":252},{""left_candidate_index"":222,""moment_difference"":-0.054893092105263164,""pair_index"":5,""parameter_differences"":{""confidence_floor"":-0.11346969008445751,""deterioration_adjustment"":-0.007403663359582313,""panic_response"":-0.4146542415671981,""recovery_adjustment"":-0.9745140017049413},""right_candidate_index"":97},{""left_candidate_index"":134,""moment_difference"":0.3090049342105263,""pair_index"":6,""parameter_differences"":{""confidence_floor"":-0.6239491663873192,""deterioration_adjustment"":-0.5912777306511997,""panic_response"":-2.0460359842028835,""recovery_adjustment"":-0.41094174453521337},""right_candidate_index"":103},{""left_candidate_index"":203,""moment_difference"":-0.05941611842105263,""pair_index"":7,""parameter_differences"":{""confidence_floor"":-0.598956520669162,""deterioration_adjustment"":0.7078072717413303,""panic_response"":0.526483437262438,""recovery_adjustment"":0.8483160902933611},""right_candidate_index"":126}],""maximum"":0.408922697368421,""minimum"":0.014597039473684213,""non_degenerate"":true,""range"":0.3943256578947368,""rank_correlations"":{""confidence_floor"":-0.2764705882352941,""deterioration_adjustment"":-0.6176470588235293,""panic_response"":-0.3911764705882353,""recovery_adjustment"":-0.4088235294117647},""recovery_adjustment_rank"":2,""sensitivity_gate_passed"":true,""standardised_univariate_slopes"":{""confidence_floor"":-0.25420839961477415,""deterioration_adjustment"":-0.7269304095757926,""panic_response"":-0.5568974028418814,""recovery_adjustment"":-0.48022128936585895},""strongest_absolute_rank_correlation"":""deterioration_adjustment""}"
fixed_horizon_probability,116,256,0.29810855263157898,0.0074694433585749138,0.0077873386302855776,0.0077873386302855776,0.040822068591488229,True,0.082330569531281705,0.0082330569531281709,True,-0.49925805365320647,regular_convergence,256,False,"{""clear_recovery_adjustment_secondary_relationship"":true,""local_pairwise_differences"":[{""left_candidate_index"":0,""moment_difference"":-0.23190789473684206,""pair_index"":0,""parameter_differences"":{""confidence_floor"":0.6979905702173707,""deterioration_adjustment"":0.9944576695561403,""panic_response"":1.7551187046835377,""recovery_adjustment"":0.508190783489818},""right_candidate_index"":94},{""left_candidate_index"":171,""moment_difference"":-0.233141447368421,""pair_index"":1,""parameter_differences"":{""confidence_floor"":-0.9867684068158264,""deterioration_adjustment"":0.4170397389680145,""panic_response"":1.8359902804102928,""recovery_adjustment"":0.4018844550392941},""right_candidate_index"":42},{""left_candidate_index"":193,""moment_difference"":-0.06270559210526316,""pair_index"":2,""parameter_differences"":{""confidence_floor"":0.8749759169295425,""deterioration_adjustment"":-0.6008529700338838,""panic_response"":2.6205578386639607,""recovery_adjustment"":0.14921588889190612},""right_candidate_index"":100},{""left_candidate_index"":116,""moment_difference"":0.11081414473684204,""pair_index"":3,""parameter_differences"":{""confidence_floor"":-0.17603670712560404,""deterioration_adjustment"":-0.26285866647958744,""panic_response"":1.522165212430246,""recovery_adjustment"":-0.2741302060086407},""right_candidate_index"":127},{""left_candidate_index"":36,""moment_difference"":0.08717105263157898,""pair_index"":4,""parameter_differences"":{""confidence_floor"":-0.0938006294891238,""deterioration_adjustment"":0.05211010854691267,""panic_response"":0.6607945143430864,""recovery_adjustment"":0.07404947049588717},""right_candidate_index"":252},{""left_candidate_index"":222,""moment_difference"":-0.054893092105263164,""pair_index"":5,""parameter_differences"":{""confidence_floor"":-0.11346969008445751,""deterioration_adjustment"":-0.007403663359582313,""panic_response"":-0.4146542415671981,""recovery_adjustment"":-0.9745140017049413},""right_candidate_index"":97},{""left_candidate_index"":134,""moment_difference"":0.3090049342105263,""pair_index"":6,""parameter_differences"":{""confidence_floor"":-0.6239491663873192,""deterioration_adjustment"":-0.5912777306511997,""panic_response"":-2.0460359842028835,""recovery_adjustment"":-0.41094174453521337},""right_candidate_index"":103},{""left_candidate_index"":203,""moment_difference"":-0.05941611842105263,""pair_index"":7,""parameter_differences"":{""confidence_floor"":-0.598956520669162,""deterioration_adjustment"":0.7078072717413303,""panic_response"":0.526483437262438,""recovery_adjustment"":0.8483160902933611},""right_candidate_index"":126}],""maximum"":0.408922697368421,""minimum"":0.014597039473684213,""non_degenerate"":true,""range"":0.3943256578947368,""rank_correlations"":{""confidence_floor"":-0.2764705882352941,""deterioration_adjustment"":-0.6176470588235293,""panic_response"":-0.3911764705882353,""recovery_adjustment"":-0.4088235294117647},""recovery_adjustment_rank"":2,""sensitivity_gate_passed"":true,""standardised_univariate_slopes"":{""confidence_floor"":-0.25420839961477415,""deterioration_adjustment"":-0.7269304095757926,""panic_response"":-0.5568974028418814,""recovery_adjustment"":-0.48022128936585895},""strongest_absolute_rank_correlation"":""deterioration_adjustment""}"
fixed_horizon_probability,126,32,0.16118421052631576,0.018152296078389724,0.01933482763887124,0.01933482763887124,0.061160698329894791,True,0.082330569531281705,0.0082330569531281709,False,-0.52583569748124548,regular_convergence,256,False,"{""clear_recovery_adjustment_secondary_relationship"":true,""local_pairwise_differences"":[{""left_candidate_index"":0,""moment_difference"":-0.23190789473684206,""pair_index"":0,""parameter_differences"":{""confidence_floor"":0.6979905702173707,""deterioration_adjustment"":0.9944576695561403,""panic_response"":1.7551187046835377,""recovery_adjustment"":0.508190783489818},""right_candidate_index"":94},{""left_candidate_index"":171,""moment_difference"":-0.233141447368421,""pair_index"":1,""parameter_differences"":{""confidence_floor"":-0.9867684068158264,""deterioration_adjustment"":0.4170397389680145,""panic_response"":1.8359902804102928,""recovery_adjustment"":0.4018844550392941},""right_candidate_index"":42},{""left_candidate_index"":193,""moment_difference"":-0.06270559210526316,""pair_index"":2,""parameter_differences"":{""confidence_floor"":0.8749759169295425,""deterioration_adjustment"":-0.6008529700338838,""panic_response"":2.6205578386639607,""recovery_adjustment"":0.14921588889190612},""right_candidate_index"":100},{""left_candidate_index"":116,""moment_difference"":0.11081414473684204,""pair_index"":3,""parameter_differences"":{""confidence_floor"":-0.17603670712560404,""deterioration_adjustment"":-0.26285866647958744,""panic_response"":1.522165212430246,""recovery_adjustment"":-0.2741302060086407},""right_candidate_index"":127},{""left_candidate_index"":36,""moment_difference"":0.08717105263157898,""pair_index"":4,""parameter_differences"":{""confidence_floor"":-0.0938006294891238,""deterioration_adjustment"":0.05211010854691267,""panic_response"":0.6607945143430864,""recovery_adjustment"":0.07404947049588717},""right_candidate_index"":252},{""left_candidate_index"":222,""moment_difference"":-0.054893092105263164,""pair_index"":5,""parameter_differences"":{""confidence_floor"":-0.11346969008445751,""deterioration_adjustment"":-0.007403663359582313,""panic_response"":-0.4146542415671981,""recovery_adjustment"":-0.9745140017049413},""right_candidate_index"":97},{""left_candidate_index"":134,""moment_difference"":0.3090049342105263,""pair_index"":6,""parameter_differences"":{""confidence_floor"":-0.6239491663873192,""deterioration_adjustment"":-0.5912777306511997,""panic_response"":-2.0460359842028835,""recovery_adjustment"":-0.41094174453521337},""right_candidate_index"":103},{""left_candidate_index"":203,""moment_difference"":-0.05941611842105263,""pair_index"":7,""parameter_differences"":{""confidence_floor"":-0.598956520669162,""deterioration_adjustment"":0.7078072717413303,""panic_response"":0.526483437262438,""recovery_adjustment"":0.8483160902933611},""right_candidate_index"":126}],""maximum"":0.408922697368421,""minimum"":0.014597039473684213,""non_degenerate"":true,""range"":0.3943256578947368,""rank_correlations"":{""confidence_floor"":-0.2764705882352941,""deterioration_adjustment"":-0.6176470588235293,""panic_response"":-0.3911764705882353,""recovery_adjustment"":-0.4088235294117647},""recovery_adjustment_rank"":2,""sensitivity_gate_passed"":true,""standardised_univariate_slopes"":{""confidence_floor"":-0.25420839961477415,""deterioration_adjustment"":-0.7269304095757926,""panic_response"":-0.5568974028418814,""recovery_adjustment"":-0.48022128936585895},""strongest_absolute_rank_correlation"":""deterioration_adjustment""}"
fixed_horizon_probability,126,64,0.14638157894736842,0.013108852841504036,0.013693603288705581,0.013693603288705581,0.042702452734543907,True,0.082330569531281705,0.0082330569531281709,False,-0.52583569748124548,regular_convergence,256,False,"{""clear_recovery_adjustment_secondary_relationship"":true,""local_pairwise_differences"":[{""left_candidate_index"":0,""moment_difference"":-0.23190789473684206,""pair_index"":0,""parameter_differences"":{""confidence_floor"":0.6979905702173707,""deterioration_adjustment"":0.9944576695561403,""panic_response"":1.7551187046835377,""recovery_adjustment"":0.508190783489818},""right_candidate_index"":94},{""left_candidate_index"":171,""moment_difference"":-0.233141447368421,""pair_index"":1,""parameter_differences"":{""confidence_floor"":-0.9867684068158264,""deterioration_adjustment"":0.4170397389680145,""panic_response"":1.8359902804102928,""recovery_adjustment"":0.4018844550392941},""right_candidate_index"":42},{""left_candidate_index"":193,""moment_difference"":-0.06270559210526316,""pair_index"":2,""parameter_differences"":{""confidence_floor"":0.8749759169295425,""deterioration_adjustment"":-0.6008529700338838,""panic_response"":2.6205578386639607,""recovery_adjustment"":0.14921588889190612},""right_candidate_index"":100},{""left_candidate_index"":116,""moment_difference"":0.11081414473684204,""pair_index"":3,""parameter_differences"":{""confidence_floor"":-0.17603670712560404,""deterioration_adjustment"":-0.26285866647958744,""panic_response"":1.522165212430246,""recovery_adjustment"":-0.2741302060086407},""right_candidate_index"":127},{""left_candidate_index"":36,""moment_difference"":0.08717105263157898,""pair_index"":4,""parameter_differences"":{""confidence_floor"":-0.0938006294891238,""deterioration_adjustment"":0.05211010854691267,""panic_response"":0.6607945143430864,""recovery_adjustment"":0.07404947049588717},""right_candidate_index"":252},{""left_candidate_index"":222,""moment_difference"":-0.054893092105263164,""pair_index"":5,""parameter_differences"":{""confidence_floor"":-0.11346969008445751,""deterioration_adjustment"":-0.007403663359582313,""panic_response"":-0.4146542415671981,""recovery_adjustment"":-0.9745140017049413},""right_candidate_index"":97},{""left_candidate_index"":134,""moment_difference"":0.3090049342105263,""pair_index"":6,""parameter_differences"":{""confidence_floor"":-0.6239491663873192,""deterioration_adjustment"":-0.5912777306511997,""panic_response"":-2.0460359842028835,""recovery_adjustment"":-0.41094174453521337},""right_candidate_index"":103},{""left_candidate_index"":203,""moment_difference"":-0.05941611842105263,""pair_index"":7,""parameter_differences"":{""confidence_floor"":-0.598956520669162,""deterioration_adjustment"":0.7078072717413303,""panic_response"":0.526483437262438,""recovery_adjustment"":0.8483160902933611},""right_candidate_index"":126}],""maximum"":0.408922697368421,""minimum"":0.014597039473684213,""non_degenerate"":true,""range"":0.3943256578947368,""rank_correlations"":{""confidence_floor"":-0.2764705882352941,""deterioration_adjustment"":-0.6176470588235293,""panic_response"":-0.3911764705882353,""recovery_adjustment"":-0.4088235294117647},""recovery_adjustment_rank"":2,""sensitivity_gate_passed"":true,""standardised_univariate_slopes"":{""confidence_floor"":-0.25420839961477415,""deterioration_adjustment"":-0.7269304095757926,""panic_response"":-0.5568974028418814,""recovery_adjustment"":-0.48022128936585895},""strongest_absolute_rank_correlation"":""deterioration_adjustment""}"
fixed_horizon_probability,126,128,0.15830592105263158,0.0092990988106355418,0.009239639578177309,0.0092990988106355418,0.0063940854559183958,True,0.082330569531281705,0.0082330569531281709,False,-0.52583569748124548,regular_convergence,256,False,"{""clear_recovery_adjustment_secondary_relationship"":true,""local_pairwise_differences"":[{""left_candidate_index"":0,""moment_difference"":-0.23190789473684206,""pair_index"":0,""parameter_differences"":{""confidence_floor"":0.6979905702173707,""deterioration_adjustment"":0.9944576695561403,""panic_response"":1.7551187046835377,""recovery_adjustment"":0.508190783489818},""right_candidate_index"":94},{""left_candidate_index"":171,""moment_difference"":-0.233141447368421,""pair_index"":1,""parameter_differences"":{""confidence_floor"":-0.9867684068158264,""deterioration_adjustment"":0.4170397389680145,""panic_response"":1.8359902804102928,""recovery_adjustment"":0.4018844550392941},""right_candidate_index"":42},{""left_candidate_index"":193,""moment_difference"":-0.06270559210526316,""pair_index"":2,""parameter_differences"":{""confidence_floor"":0.8749759169295425,""deterioration_adjustment"":-0.6008529700338838,""panic_response"":2.6205578386639607,""recovery_adjustment"":0.14921588889190612},""right_candidate_index"":100},{""left_candidate_index"":116,""moment_difference"":0.11081414473684204,""pair_index"":3,""parameter_differences"":{""confidence_floor"":-0.17603670712560404,""deterioration_adjustment"":-0.26285866647958744,""panic_response"":1.522165212430246,""recovery_adjustment"":-0.2741302060086407},""right_candidate_index"":127},{""left_candidate_index"":36,""moment_difference"":0.08717105263157898,""pair_index"":4,""parameter_differences"":{""confidence_floor"":-0.0938006294891238,""deterioration_adjustment"":0.05211010854691267,""panic_response"":0.6607945143430864,""recovery_adjustment"":0.07404947049588717},""right_candidate_index"":252},{""left_candidate_index"":222,""moment_difference"":-0.054893092105263164,""pair_index"":5,""parameter_differences"":{""confidence_floor"":-0.11346969008445751,""deterioration_adjustment"":-0.007403663359582313,""panic_response"":-0.4146542415671981,""recovery_adjustment"":-0.9745140017049413},""right_candidate_index"":97},{""left_candidate_index"":134,""moment_difference"":0.3090049342105263,""pair_index"":6,""parameter_differences"":{""confidence_floor"":-0.6239491663873192,""deterioration_adjustment"":-0.5912777306511997,""panic_response"":-2.0460359842028835,""recovery_adjustment"":-0.41094174453521337},""right_candidate_index"":103},{""left_candidate_index"":203,""moment_difference"":-0.05941611842105263,""pair_index"":7,""parameter_differences"":{""confidence_floor"":-0.598956520669162,""deterioration_adjustment"":0.7078072717413303,""panic_response"":0.526483437262438,""recovery_adjustment"":0.8483160902933611},""right_candidate_index"":126}],""maximum"":0.408922697368421,""minimum"":0.014597039473684213,""non_degenerate"":true,""range"":0.3943256578947368,""rank_correlations"":{""confidence_floor"":-0.2764705882352941,""deterioration_adjustment"":-0.6176470588235293,""panic_response"":-0.3911764705882353,""recovery_adjustment"":-0.4088235294117647},""recovery_adjustment_rank"":2,""sensitivity_gate_passed"":true,""standardised_univariate_slopes"":{""confidence_floor"":-0.25420839961477415,""deterioration_adjustment"":-0.7269304095757926,""panic_response"":-0.5568974028418814,""recovery_adjustment"":-0.48022128936585895},""strongest_absolute_rank_correlation"":""deterioration_adjustment""}"
fixed_horizon_probability,126,256,0.17064144736842105,0.0065271692221196735,0.0063591521515458946,0.0065271692221196735,0.025741185015456979,True,0.082330569531281705,0.0082330569531281709,True,-0.52583569748124548,regular_convergence,256,False,"{""clear_recovery_adjustment_secondary_relationship"":true,""local_pairwise_differences"":[{""left_candidate_index"":0,""moment_difference"":-0.23190789473684206,""pair_index"":0,""parameter_differences"":{""confidence_floor"":0.6979905702173707,""deterioration_adjustment"":0.9944576695561403,""panic_response"":1.7551187046835377,""recovery_adjustment"":0.508190783489818},""right_candidate_index"":94},{""left_candidate_index"":171,""moment_difference"":-0.233141447368421,""pair_index"":1,""parameter_differences"":{""confidence_floor"":-0.9867684068158264,""deterioration_adjustment"":0.4170397389680145,""panic_response"":1.8359902804102928,""recovery_adjustment"":0.4018844550392941},""right_candidate_index"":42},{""left_candidate_index"":193,""moment_difference"":-0.06270559210526316,""pair_index"":2,""parameter_differences"":{""confidence_floor"":0.8749759169295425,""deterioration_adjustment"":-0.6008529700338838,""panic_response"":2.6205578386639607,""recovery_adjustment"":0.14921588889190612},""right_candidate_index"":100},{""left_candidate_index"":116,""moment_difference"":0.11081414473684204,""pair_index"":3,""parameter_differences"":{""confidence_floor"":-0.17603670712560404,""deterioration_adjustment"":-0.26285866647958744,""panic_response"":1.522165212430246,""recovery_adjustment"":-0.2741302060086407},""right_candidate_index"":127},{""left_candidate_index"":36,""moment_difference"":0.08717105263157898,""pair_index"":4,""parameter_differences"":{""confidence_floor"":-0.0938006294891238,""deterioration_adjustment"":0.05211010854691267,""panic_response"":0.6607945143430864,""recovery_adjustment"":0.07404947049588717},""right_candidate_index"":252},{""left_candidate_index"":222,""moment_difference"":-0.054893092105263164,""pair_index"":5,""parameter_differences"":{""confidence_floor"":-0.11346969008445751,""deterioration_adjustment"":-0.007403663359582313,""panic_response"":-0.4146542415671981,""recovery_adjustment"":-0.9745140017049413},""right_candidate_index"":97},{""left_candidate_index"":134,""moment_difference"":0.3090049342105263,""pair_index"":6,""parameter_differences"":{""confidence_floor"":-0.6239491663873192,""deterioration_adjustment"":-0.5912777306511997,""panic_response"":-2.0460359842028835,""recovery_adjustment"":-0.41094174453521337},""right_candidate_index"":103},{""left_candidate_index"":203,""moment_difference"":-0.05941611842105263,""pair_index"":7,""parameter_differences"":{""confidence_floor"":-0.598956520669162,""deterioration_adjustment"":0.7078072717413303,""panic_response"":0.526483437262438,""recovery_adjustment"":0.8483160902933611},""right_candidate_index"":126}],""maximum"":0.408922697368421,""minimum"":0.014597039473684213,""non_degenerate"":true,""range"":0.3943256578947368,""rank_correlations"":{""confidence_floor"":-0.2764705882352941,""deterioration_adjustment"":-0.6176470588235293,""panic_response"":-0.3911764705882353,""recovery_adjustment"":-0.4088235294117647},""recovery_adjustment_rank"":2,""sensitivity_gate_passed"":true,""standardised_univariate_slopes"":{""confidence_floor"":-0.25420839961477415,""deterioration_adjustment"":-0.7269304095757926,""panic_response"":-0.5568974028418814,""recovery_adjustment"":-0.48022128936585895},""strongest_absolute_rank_correlation"":""deterioration_adjustment""}"
fixed_horizon_probability,127,32,0.41611842105263153,0.019128371817556011,0.022834133120761161,0.022834133120761161,0.1622904308916292,False,0.082330569531281705,0.0082330569531281709,False,-0.55628207954103137,regular_convergence,256,False,"{""clear_recovery_adjustment_secondary_relationship"":true,""local_pairwise_differences"":[{""left_candidate_index"":0,""moment_difference"":-0.23190789473684206,""pair_index"":0,""parameter_differences"":{""confidence_floor"":0.6979905702173707,""deterioration_adjustment"":0.9944576695561403,""panic_response"":1.7551187046835377,""recovery_adjustment"":0.508190783489818},""right_candidate_index"":94},{""left_candidate_index"":171,""moment_difference"":-0.233141447368421,""pair_index"":1,""parameter_differences"":{""confidence_floor"":-0.9867684068158264,""deterioration_adjustment"":0.4170397389680145,""panic_response"":1.8359902804102928,""recovery_adjustment"":0.4018844550392941},""right_candidate_index"":42},{""left_candidate_index"":193,""moment_difference"":-0.06270559210526316,""pair_index"":2,""parameter_differences"":{""confidence_floor"":0.8749759169295425,""deterioration_adjustment"":-0.6008529700338838,""panic_response"":2.6205578386639607,""recovery_adjustment"":0.14921588889190612},""right_candidate_index"":100},{""left_candidate_index"":116,""moment_difference"":0.11081414473684204,""pair_index"":3,""parameter_differences"":{""confidence_floor"":-0.17603670712560404,""deterioration_adjustment"":-0.26285866647958744,""panic_response"":1.522165212430246,""recovery_adjustment"":-0.2741302060086407},""right_candidate_index"":127},{""left_candidate_index"":36,""moment_difference"":0.08717105263157898,""pair_index"":4,""parameter_differences"":{""confidence_floor"":-0.0938006294891238,""deterioration_adjustment"":0.05211010854691267,""panic_response"":0.6607945143430864,""recovery_adjustment"":0.07404947049588717},""right_candidate_index"":252},{""left_candidate_index"":222,""moment_difference"":-0.054893092105263164,""pair_index"":5,""parameter_differences"":{""confidence_floor"":-0.11346969008445751,""deterioration_adjustment"":-0.007403663359582313,""panic_response"":-0.4146542415671981,""recovery_adjustment"":-0.9745140017049413},""right_candidate_index"":97},{""left_candidate_index"":134,""moment_difference"":0.3090049342105263,""pair_index"":6,""parameter_differences"":{""confidence_floor"":-0.6239491663873192,""deterioration_adjustment"":-0.5912777306511997,""panic_response"":-2.0460359842028835,""recovery_adjustment"":-0.41094174453521337},""right_candidate_index"":103},{""left_candidate_index"":203,""moment_difference"":-0.05941611842105263,""pair_index"":7,""parameter_differences"":{""confidence_floor"":-0.598956520669162,""deterioration_adjustment"":0.7078072717413303,""panic_response"":0.526483437262438,""recovery_adjustment"":0.8483160902933611},""right_candidate_index"":126}],""maximum"":0.408922697368421,""minimum"":0.014597039473684213,""non_degenerate"":true,""range"":0.3943256578947368,""rank_correlations"":{""confidence_floor"":-0.2764705882352941,""deterioration_adjustment"":-0.6176470588235293,""panic_response"":-0.3911764705882353,""recovery_adjustment"":-0.4088235294117647},""recovery_adjustment_rank"":2,""sensitivity_gate_passed"":true,""standardised_univariate_slopes"":{""confidence_floor"":-0.25420839961477415,""deterioration_adjustment"":-0.7269304095757926,""panic_response"":-0.5568974028418814,""recovery_adjustment"":-0.48022128936585895},""strongest_absolute_rank_correlation"":""deterioration_adjustment""}"
fixed_horizon_probability,127,64,0.40378289473684215,0.013393601398804817,0.013872347509736836,0.013872347509736836,0.034510821661293656,True,0.082330569531281705,0.0082330569531281709,False,-0.55628207954103137,regular_convergence,256,False,"{""clear_recovery_adjustment_secondary_relationship"":true,""local_pairwise_differences"":[{""left_candidate_index"":0,""moment_difference"":-0.23190789473684206,""pair_index"":0,""parameter_differences"":{""confidence_floor"":0.6979905702173707,""deterioration_adjustment"":0.9944576695561403,""panic_response"":1.7551187046835377,""recovery_adjustment"":0.508190783489818},""right_candidate_index"":94},{""left_candidate_index"":171,""moment_difference"":-0.233141447368421,""pair_index"":1,""parameter_differences"":{""confidence_floor"":-0.9867684068158264,""deterioration_adjustment"":0.4170397389680145,""panic_response"":1.8359902804102928,""recovery_adjustment"":0.4018844550392941},""right_candidate_index"":42},{""left_candidate_index"":193,""moment_difference"":-0.06270559210526316,""pair_index"":2,""parameter_differences"":{""confidence_floor"":0.8749759169295425,""deterioration_adjustment"":-0.6008529700338838,""panic_response"":2.6205578386639607,""recovery_adjustment"":0.14921588889190612},""right_candidate_index"":100},{""left_candidate_index"":116,""moment_difference"":0.11081414473684204,""pair_index"":3,""parameter_differences"":{""confidence_floor"":-0.17603670712560404,""deterioration_adjustment"":-0.26285866647958744,""panic_response"":1.522165212430246,""recovery_adjustment"":-0.2741302060086407},""right_candidate_index"":127},{""left_candidate_index"":36,""moment_difference"":0.08717105263157898,""pair_index"":4,""parameter_differences"":{""confidence_floor"":-0.0938006294891238,""deterioration_adjustment"":0.05211010854691267,""panic_response"":0.6607945143430864,""recovery_adjustment"":0.07404947049588717},""right_candidate_index"":252},{""left_candidate_index"":222,""moment_difference"":-0.054893092105263164,""pair_index"":5,""parameter_differences"":{""confidence_floor"":-0.11346969008445751,""deterioration_adjustment"":-0.007403663359582313,""panic_response"":-0.4146542415671981,""recovery_adjustment"":-0.9745140017049413},""right_candidate_index"":97},{""left_candidate_index"":134,""moment_difference"":0.3090049342105263,""pair_index"":6,""parameter_differences"":{""confidence_floor"":-0.6239491663873192,""deterioration_adjustment"":-0.5912777306511997,""panic_response"":-2.0460359842028835,""recovery_adjustment"":-0.41094174453521337},""right_candidate_index"":103},{""left_candidate_index"":203,""moment_difference"":-0.05941611842105263,""pair_index"":7,""parameter_differences"":{""confidence_floor"":-0.598956520669162,""deterioration_adjustment"":0.7078072717413303,""panic_response"":0.526483437262438,""recovery_adjustment"":0.8483160902933611},""right_candidate_index"":126}],""maximum"":0.408922697368421,""minimum"":0.014597039473684213,""non_degenerate"":true,""range"":0.3943256578947368,""rank_correlations"":{""confidence_floor"":-0.2764705882352941,""deterioration_adjustment"":-0.6176470588235293,""panic_response"":-0.3911764705882353,""recovery_adjustment"":-0.4088235294117647},""recovery_adjustment_rank"":2,""sensitivity_gate_passed"":true,""standardised_univariate_slopes"":{""confidence_floor"":-0.25420839961477415,""deterioration_adjustment"":-0.7269304095757926,""panic_response"":-0.5568974028418814,""recovery_adjustment"":-0.48022128936585895},""strongest_absolute_rank_correlation"":""deterioration_adjustment""}"
fixed_horizon_probability,127,128,0.41447368421052627,0.0094025309001622356,0.010475686364079879,0.010475686364079879,0.10244249652198352,True,0.082330569531281705,0.0082330569531281709,False,-0.55628207954103137,regular_convergence,256,False,"{""clear_recovery_adjustment_secondary_relationship"":true,""local_pairwise_differences"":[{""left_candidate_index"":0,""moment_difference"":-0.23190789473684206,""pair_index"":0,""parameter_differences"":{""confidence_floor"":0.6979905702173707,""deterioration_adjustment"":0.9944576695561403,""panic_response"":1.7551187046835377,""recovery_adjustment"":0.508190783489818},""right_candidate_index"":94},{""left_candidate_index"":171,""moment_difference"":-0.233141447368421,""pair_index"":1,""parameter_differences"":{""confidence_floor"":-0.9867684068158264,""deterioration_adjustment"":0.4170397389680145,""panic_response"":1.8359902804102928,""recovery_adjustment"":0.4018844550392941},""right_candidate_index"":42},{""left_candidate_index"":193,""moment_difference"":-0.06270559210526316,""pair_index"":2,""parameter_differences"":{""confidence_floor"":0.8749759169295425,""deterioration_adjustment"":-0.6008529700338838,""panic_response"":2.6205578386639607,""recovery_adjustment"":0.14921588889190612},""right_candidate_index"":100},{""left_candidate_index"":116,""moment_difference"":0.11081414473684204,""pair_index"":3,""parameter_differences"":{""confidence_floor"":-0.17603670712560404,""deterioration_adjustment"":-0.26285866647958744,""panic_response"":1.522165212430246,""recovery_adjustment"":-0.2741302060086407},""right_candidate_index"":127},{""left_candidate_index"":36,""moment_difference"":0.08717105263157898,""pair_index"":4,""parameter_differences"":{""confidence_floor"":-0.0938006294891238,""deterioration_adjustment"":0.05211010854691267,""panic_response"":0.6607945143430864,""recovery_adjustment"":0.07404947049588717},""right_candidate_index"":252},{""left_candidate_index"":222,""moment_difference"":-0.054893092105263164,""pair_index"":5,""parameter_differences"":{""confidence_floor"":-0.11346969008445751,""deterioration_adjustment"":-0.007403663359582313,""panic_response"":-0.4146542415671981,""recovery_adjustment"":-0.9745140017049413},""right_candidate_index"":97},{""left_candidate_index"":134,""moment_difference"":0.3090049342105263,""pair_index"":6,""parameter_differences"":{""confidence_floor"":-0.6239491663873192,""deterioration_adjustment"":-0.5912777306511997,""panic_response"":-2.0460359842028835,""recovery_adjustment"":-0.41094174453521337},""right_candidate_index"":103},{""left_candidate_index"":203,""moment_difference"":-0.05941611842105263,""pair_index"":7,""parameter_differences"":{""confidence_floor"":-0.598956520669162,""deterioration_adjustment"":0.7078072717413303,""panic_response"":0.526483437262438,""recovery_adjustment"":0.8483160902933611},""right_candidate_index"":126}],""maximum"":0.408922697368421,""minimum"":0.014597039473684213,""non_degenerate"":true,""range"":0.3943256578947368,""rank_correlations"":{""confidence_floor"":-0.2764705882352941,""deterioration_adjustment"":-0.6176470588235293,""panic_response"":-0.3911764705882353,""recovery_adjustment"":-0.4088235294117647},""recovery_adjustment_rank"":2,""sensitivity_gate_passed"":true,""standardised_univariate_slopes"":{""confidence_floor"":-0.25420839961477415,""deterioration_adjustment"":-0.7269304095757926,""panic_response"":-0.5568974028418814,""recovery_adjustment"":-0.48022128936585895},""strongest_absolute_rank_correlation"":""deterioration_adjustment""}"
fixed_horizon_probability,127,256,0.40892269736842102,0.0066778133784356816,0.0069350305629114544,0.0069350305629114544,0.03708955312343834,True,0.082330569531281705,0.0082330569531281709,True,-0.55628207954103137,regular_convergence,256,False,"{""clear_recovery_adjustment_secondary_relationship"":true,""local_pairwise_differences"":[{""left_candidate_index"":0,""moment_difference"":-0.23190789473684206,""pair_index"":0,""parameter_differences"":{""confidence_floor"":0.6979905702173707,""deterioration_adjustment"":0.9944576695561403,""panic_response"":1.7551187046835377,""recovery_adjustment"":0.508190783489818},""right_candidate_index"":94},{""left_candidate_index"":171,""moment_difference"":-0.233141447368421,""pair_index"":1,""parameter_differences"":{""confidence_floor"":-0.9867684068158264,""deterioration_adjustment"":0.4170397389680145,""panic_response"":1.8359902804102928,""recovery_adjustment"":0.4018844550392941},""right_candidate_index"":42},{""left_candidate_index"":193,""moment_difference"":-0.06270559210526316,""pair_index"":2,""parameter_differences"":{""confidence_floor"":0.8749759169295425,""deterioration_adjustment"":-0.6008529700338838,""panic_response"":2.6205578386639607,""recovery_adjustment"":0.14921588889190612},""right_candidate_index"":100},{""left_candidate_index"":116,""moment_difference"":0.11081414473684204,""pair_index"":3,""parameter_differences"":{""confidence_floor"":-0.17603670712560404,""deterioration_adjustment"":-0.26285866647958744,""panic_response"":1.522165212430246,""recovery_adjustment"":-0.2741302060086407},""right_candidate_index"":127},{""left_candidate_index"":36,""moment_difference"":0.08717105263157898,""pair_index"":4,""parameter_differences"":{""confidence_floor"":-0.0938006294891238,""deterioration_adjustment"":0.05211010854691267,""panic_response"":0.6607945143430864,""recovery_adjustment"":0.07404947049588717},""right_candidate_index"":252},{""left_candidate_index"":222,""moment_difference"":-0.054893092105263164,""pair_index"":5,""parameter_differences"":{""confidence_floor"":-0.11346969008445751,""deterioration_adjustment"":-0.007403663359582313,""panic_response"":-0.4146542415671981,""recovery_adjustment"":-0.9745140017049413},""right_candidate_index"":97},{""left_candidate_index"":134,""moment_difference"":0.3090049342105263,""pair_index"":6,""parameter_differences"":{""confidence_floor"":-0.6239491663873192,""deterioration_adjustment"":-0.5912777306511997,""panic_response"":-2.0460359842028835,""recovery_adjustment"":-0.41094174453521337},""right_candidate_index"":103},{""left_candidate_index"":203,""moment_difference"":-0.05941611842105263,""pair_index"":7,""parameter_differences"":{""confidence_floor"":-0.598956520669162,""deterioration_adjustment"":0.7078072717413303,""panic_response"":0.526483437262438,""recovery_adjustment"":0.8483160902933611},""right_candidate_index"":126}],""maximum"":0.408922697368421,""minimum"":0.014597039473684213,""non_degenerate"":true,""range"":0.3943256578947368,""rank_correlations"":{""confidence_floor"":-0.2764705882352941,""deterioration_adjustment"":-0.6176470588235293,""panic_response"":-0.3911764705882353,""recovery_adjustment"":-0.4088235294117647},""recovery_adjustment_rank"":2,""sensitivity_gate_passed"":true,""standardised_univariate_slopes"":{""confidence_floor"":-0.25420839961477415,""deterioration_adjustment"":-0.7269304095757926,""panic_response"":-0.5568974028418814,""recovery_adjustment"":-0.48022128936585895},""strongest_absolute_rank_correlation"":""deterioration_adjustment""}"
fixed_horizon_probability,134,32,0.032894736842105261,0.0091812991284456955,0.0090761480391948618,0.0091812991284456955,0.011452746259519236,True,0.082330569531281705,0.0082330569531281709,False,-0.44978549187162919,regular_convergence,64,False,"{""clear_recovery_adjustment_secondary_relationship"":true,""local_pairwise_differences"":[{""left_candidate_index"":0,""moment_difference"":-0.23190789473684206,""pair_index"":0,""parameter_differences"":{""confidence_floor"":0.6979905702173707,""deterioration_adjustment"":0.9944576695561403,""panic_response"":1.7551187046835377,""recovery_adjustment"":0.508190783489818},""right_candidate_index"":94},{""left_candidate_index"":171,""moment_difference"":-0.233141447368421,""pair_index"":1,""parameter_differences"":{""confidence_floor"":-0.9867684068158264,""deterioration_adjustment"":0.4170397389680145,""panic_response"":1.8359902804102928,""recovery_adjustment"":0.4018844550392941},""right_candidate_index"":42},{""left_candidate_index"":193,""moment_difference"":-0.06270559210526316,""pair_index"":2,""parameter_differences"":{""confidence_floor"":0.8749759169295425,""deterioration_adjustment"":-0.6008529700338838,""panic_response"":2.6205578386639607,""recovery_adjustment"":0.14921588889190612},""right_candidate_index"":100},{""left_candidate_index"":116,""moment_difference"":0.11081414473684204,""pair_index"":3,""parameter_differences"":{""confidence_floor"":-0.17603670712560404,""deterioration_adjustment"":-0.26285866647958744,""panic_response"":1.522165212430246,""recovery_adjustment"":-0.2741302060086407},""right_candidate_index"":127},{""left_candidate_index"":36,""moment_difference"":0.08717105263157898,""pair_index"":4,""parameter_differences"":{""confidence_floor"":-0.0938006294891238,""deterioration_adjustment"":0.05211010854691267,""panic_response"":0.6607945143430864,""recovery_adjustment"":0.07404947049588717},""right_candidate_index"":252},{""left_candidate_index"":222,""moment_difference"":-0.054893092105263164,""pair_index"":5,""parameter_differences"":{""confidence_floor"":-0.11346969008445751,""deterioration_adjustment"":-0.007403663359582313,""panic_response"":-0.4146542415671981,""recovery_adjustment"":-0.9745140017049413},""right_candidate_index"":97},{""left_candidate_index"":134,""moment_difference"":0.3090049342105263,""pair_index"":6,""parameter_differences"":{""confidence_floor"":-0.6239491663873192,""deterioration_adjustment"":-0.5912777306511997,""panic_response"":-2.0460359842028835,""recovery_adjustment"":-0.41094174453521337},""right_candidate_index"":103},{""left_candidate_index"":203,""moment_difference"":-0.05941611842105263,""pair_index"":7,""parameter_differences"":{""confidence_floor"":-0.598956520669162,""deterioration_adjustment"":0.7078072717413303,""panic_response"":0.526483437262438,""recovery_adjustment"":0.8483160902933611},""right_candidate_index"":126}],""maximum"":0.408922697368421,""minimum"":0.014597039473684213,""non_degenerate"":true,""range"":0.3943256578947368,""rank_correlations"":{""confidence_floor"":-0.2764705882352941,""deterioration_adjustment"":-0.6176470588235293,""panic_response"":-0.3911764705882353,""recovery_adjustment"":-0.4088235294117647},""recovery_adjustment_rank"":2,""sensitivity_gate_passed"":true,""standardised_univariate_slopes"":{""confidence_floor"":-0.25420839961477415,""deterioration_adjustment"":-0.7269304095757926,""panic_response"":-0.5568974028418814,""recovery_adjustment"":-0.48022128936585895},""strongest_absolute_rank_correlation"":""deterioration_adjustment""}"
fixed_horizon_probability,134,64,0.031249999999999997,0.0070025980411206491,0.0068067040515750613,0.0070025980411206491,0.027974472959215891,True,0.082330569531281705,0.0082330569531281709,True,-0.44978549187162919,regular_convergence,64,False,"{""clear_recovery_adjustment_secondary_relationship"":true,""local_pairwise_differences"":[{""left_candidate_index"":0,""moment_difference"":-0.23190789473684206,""pair_index"":0,""parameter_differences"":{""confidence_floor"":0.6979905702173707,""deterioration_adjustment"":0.9944576695561403,""panic_response"":1.7551187046835377,""recovery_adjustment"":0.508190783489818},""right_candidate_index"":94},{""left_candidate_index"":171,""moment_difference"":-0.233141447368421,""pair_index"":1,""parameter_differences"":{""confidence_floor"":-0.9867684068158264,""deterioration_adjustment"":0.4170397389680145,""panic_response"":1.8359902804102928,""recovery_adjustment"":0.4018844550392941},""right_candidate_index"":42},{""left_candidate_index"":193,""moment_difference"":-0.06270559210526316,""pair_index"":2,""parameter_differences"":{""confidence_floor"":0.8749759169295425,""deterioration_adjustment"":-0.6008529700338838,""panic_response"":2.6205578386639607,""recovery_adjustment"":0.14921588889190612},""right_candidate_index"":100},{""left_candidate_index"":116,""moment_difference"":0.11081414473684204,""pair_index"":3,""parameter_differences"":{""confidence_floor"":-0.17603670712560404,""deterioration_adjustment"":-0.26285866647958744,""panic_response"":1.522165212430246,""recovery_adjustment"":-0.2741302060086407},""right_candidate_index"":127},{""left_candidate_index"":36,""moment_difference"":0.08717105263157898,""pair_index"":4,""parameter_differences"":{""confidence_floor"":-0.0938006294891238,""deterioration_adjustment"":0.05211010854691267,""panic_response"":0.6607945143430864,""recovery_adjustment"":0.07404947049588717},""right_candidate_index"":252},{""left_candidate_index"":222,""moment_difference"":-0.054893092105263164,""pair_index"":5,""parameter_differences"":{""confidence_floor"":-0.11346969008445751,""deterioration_adjustment"":-0.007403663359582313,""panic_response"":-0.4146542415671981,""recovery_adjustment"":-0.9745140017049413},""right_candidate_index"":97},{""left_candidate_index"":134,""moment_difference"":0.3090049342105263,""pair_index"":6,""parameter_differences"":{""confidence_floor"":-0.6239491663873192,""deterioration_adjustment"":-0.5912777306511997,""panic_response"":-2.0460359842028835,""recovery_adjustment"":-0.41094174453521337},""right_candidate_index"":103},{""left_candidate_index"":203,""moment_difference"":-0.05941611842105263,""pair_index"":7,""parameter_differences"":{""confidence_floor"":-0.598956520669162,""deterioration_adjustment"":0.7078072717413303,""panic_response"":0.526483437262438,""recovery_adjustment"":0.8483160902933611},""right_candidate_index"":126}],""maximum"":0.408922697368421,""minimum"":0.014597039473684213,""non_degenerate"":true,""range"":0.3943256578947368,""rank_correlations"":{""confidence_floor"":-0.2764705882352941,""deterioration_adjustment"":-0.6176470588235293,""panic_response"":-0.3911764705882353,""recovery_adjustment"":-0.4088235294117647},""recovery_adjustment_rank"":2,""sensitivity_gate_passed"":true,""standardised_univariate_slopes"":{""confidence_floor"":-0.25420839961477415,""deterioration_adjustment"":-0.7269304095757926,""panic_response"":-0.5568974028418814,""recovery_adjustment"":-0.48022128936585895},""strongest_absolute_rank_correlation"":""deterioration_adjustment""}"
fixed_horizon_probability,134,128,0.02713815789473684,0.0050935222121581726,0.004883768797312703,0.0050935222121581726,0.041180426060534479,True,0.082330569531281705,0.0082330569531281709,True,-0.44978549187162919,regular_convergence,64,False,"{""clear_recovery_adjustment_secondary_relationship"":true,""local_pairwise_differences"":[{""left_candidate_index"":0,""moment_difference"":-0.23190789473684206,""pair_index"":0,""parameter_differences"":{""confidence_floor"":0.6979905702173707,""deterioration_adjustment"":0.9944576695561403,""panic_response"":1.7551187046835377,""recovery_adjustment"":0.508190783489818},""right_candidate_index"":94},{""left_candidate_index"":171,""moment_difference"":-0.233141447368421,""pair_index"":1,""parameter_differences"":{""confidence_floor"":-0.9867684068158264,""deterioration_adjustment"":0.4170397389680145,""panic_response"":1.8359902804102928,""recovery_adjustment"":0.4018844550392941},""right_candidate_index"":42},{""left_candidate_index"":193,""moment_difference"":-0.06270559210526316,""pair_index"":2,""parameter_differences"":{""confidence_floor"":0.8749759169295425,""deterioration_adjustment"":-0.6008529700338838,""panic_response"":2.6205578386639607,""recovery_adjustment"":0.14921588889190612},""right_candidate_index"":100},{""left_candidate_index"":116,""moment_difference"":0.11081414473684204,""pair_index"":3,""parameter_differences"":{""confidence_floor"":-0.17603670712560404,""deterioration_adjustment"":-0.26285866647958744,""panic_response"":1.522165212430246,""recovery_adjustment"":-0.2741302060086407},""right_candidate_index"":127},{""left_candidate_index"":36,""moment_difference"":0.08717105263157898,""pair_index"":4,""parameter_differences"":{""confidence_floor"":-0.0938006294891238,""deterioration_adjustment"":0.05211010854691267,""panic_response"":0.6607945143430864,""recovery_adjustment"":0.07404947049588717},""right_candidate_index"":252},{""left_candidate_index"":222,""moment_difference"":-0.054893092105263164,""pair_index"":5,""parameter_differences"":{""confidence_floor"":-0.11346969008445751,""deterioration_adjustment"":-0.007403663359582313,""panic_response"":-0.4146542415671981,""recovery_adjustment"":-0.9745140017049413},""right_candidate_index"":97},{""left_candidate_index"":134,""moment_difference"":0.3090049342105263,""pair_index"":6,""parameter_differences"":{""confidence_floor"":-0.6239491663873192,""deterioration_adjustment"":-0.5912777306511997,""panic_response"":-2.0460359842028835,""recovery_adjustment"":-0.41094174453521337},""right_candidate_index"":103},{""left_candidate_index"":203,""moment_difference"":-0.05941611842105263,""pair_index"":7,""parameter_differences"":{""confidence_floor"":-0.598956520669162,""deterioration_adjustment"":0.7078072717413303,""panic_response"":0.526483437262438,""recovery_adjustment"":0.8483160902933611},""right_candidate_index"":126}],""maximum"":0.408922697368421,""minimum"":0.014597039473684213,""non_degenerate"":true,""range"":0.3943256578947368,""rank_correlations"":{""confidence_floor"":-0.2764705882352941,""deterioration_adjustment"":-0.6176470588235293,""panic_response"":-0.3911764705882353,""recovery_adjustment"":-0.4088235294117647},""recovery_adjustment_rank"":2,""sensitivity_gate_passed"":true,""standardised_univariate_slopes"":{""confidence_floor"":-0.25420839961477415,""deterioration_adjustment"":-0.7269304095757926,""panic_response"":-0.5568974028418814,""recovery_adjustment"":-0.48022128936585895},""strongest_absolute_rank_correlation"":""deterioration_adjustment""}"
fixed_horizon_probability,134,256,0.033922697368421045,0.003611226421954578,0.003487659471966924,0.003611226421954578,0.034217447357059734,True,0.082330569531281705,0.0082330569531281709,True,-0.44978549187162919,regular_convergence,64,False,"{""clear_recovery_adjustment_secondary_relationship"":true,""local_pairwise_differences"":[{""left_candidate_index"":0,""moment_difference"":-0.23190789473684206,""pair_index"":0,""parameter_differences"":{""confidence_floor"":0.6979905702173707,""deterioration_adjustment"":0.9944576695561403,""panic_response"":1.7551187046835377,""recovery_adjustment"":0.508190783489818},""right_candidate_index"":94},{""left_candidate_index"":171,""moment_difference"":-0.233141447368421,""pair_index"":1,""parameter_differences"":{""confidence_floor"":-0.9867684068158264,""deterioration_adjustment"":0.4170397389680145,""panic_response"":1.8359902804102928,""recovery_adjustment"":0.4018844550392941},""right_candidate_index"":42},{""left_candidate_index"":193,""moment_difference"":-0.06270559210526316,""pair_index"":2,""parameter_differences"":{""confidence_floor"":0.8749759169295425,""deterioration_adjustment"":-0.6008529700338838,""panic_response"":2.6205578386639607,""recovery_adjustment"":0.14921588889190612},""right_candidate_index"":100},{""left_candidate_index"":116,""moment_difference"":0.11081414473684204,""pair_index"":3,""parameter_differences"":{""confidence_floor"":-0.17603670712560404,""deterioration_adjustment"":-0.26285866647958744,""panic_response"":1.522165212430246,""recovery_adjustment"":-0.2741302060086407},""right_candidate_index"":127},{""left_candidate_index"":36,""moment_difference"":0.08717105263157898,""pair_index"":4,""parameter_differences"":{""confidence_floor"":-0.0938006294891238,""deterioration_adjustment"":0.05211010854691267,""panic_response"":0.6607945143430864,""recovery_adjustment"":0.07404947049588717},""right_candidate_index"":252},{""left_candidate_index"":222,""moment_difference"":-0.054893092105263164,""pair_index"":5,""parameter_differences"":{""confidence_floor"":-0.11346969008445751,""deterioration_adjustment"":-0.007403663359582313,""panic_response"":-0.4146542415671981,""recovery_adjustment"":-0.9745140017049413},""right_candidate_index"":97},{""left_candidate_index"":134,""moment_difference"":0.3090049342105263,""pair_index"":6,""parameter_differences"":{""confidence_floor"":-0.6239491663873192,""deterioration_adjustment"":-0.5912777306511997,""panic_response"":-2.0460359842028835,""recovery_adjustment"":-0.41094174453521337},""right_candidate_index"":103},{""left_candidate_index"":203,""moment_difference"":-0.05941611842105263,""pair_index"":7,""parameter_differences"":{""confidence_floor"":-0.598956520669162,""deterioration_adjustment"":0.7078072717413303,""panic_response"":0.526483437262438,""recovery_adjustment"":0.8483160902933611},""right_candidate_index"":126}],""maximum"":0.408922697368421,""minimum"":0.014597039473684213,""non_degenerate"":true,""range"":0.3943256578947368,""rank_correlations"":{""confidence_floor"":-0.2764705882352941,""deterioration_adjustment"":-0.6176470588235293,""panic_response"":-0.3911764705882353,""recovery_adjustment"":-0.4088235294117647},""recovery_adjustment_rank"":2,""sensitivity_gate_passed"":true,""standardised_univariate_slopes"":{""confidence_floor"":-0.25420839961477415,""deterioration_adjustment"":-0.7269304095757926,""panic_response"":-0.5568974028418814,""recovery_adjustment"":-0.48022128936585895},""strongest_absolute_rank_correlation"":""deterioration_adjustment""}"
fixed_horizon_probability,171,32,0.25,0.007331720997506239,0.0074731820295666444,0.0074731820295666444,0.018929156482571114,True,0.082330569531281705,0.0082330569531281709,True,-0.4923218942433123,regular_convergence,32,False,"{""clear_recovery_adjustment_secondary_relationship"":true,""local_pairwise_differences"":[{""left_candidate_index"":0,""moment_difference"":-0.23190789473684206,""pair_index"":0,""parameter_differences"":{""confidence_floor"":0.6979905702173707,""deterioration_adjustment"":0.9944576695561403,""panic_response"":1.7551187046835377,""recovery_adjustment"":0.508190783489818},""right_candidate_index"":94},{""left_candidate_index"":171,""moment_difference"":-0.233141447368421,""pair_index"":1,""parameter_differences"":{""confidence_floor"":-0.9867684068158264,""deterioration_adjustment"":0.4170397389680145,""panic_response"":1.8359902804102928,""recovery_adjustment"":0.4018844550392941},""right_candidate_index"":42},{""left_candidate_index"":193,""moment_difference"":-0.06270559210526316,""pair_index"":2,""parameter_differences"":{""confidence_floor"":0.8749759169295425,""deterioration_adjustment"":-0.6008529700338838,""panic_response"":2.6205578386639607,""recovery_adjustment"":0.14921588889190612},""right_candidate_index"":100},{""left_candidate_index"":116,""moment_difference"":0.11081414473684204,""pair_index"":3,""parameter_differences"":{""confidence_floor"":-0.17603670712560404,""deterioration_adjustment"":-0.26285866647958744,""panic_response"":1.522165212430246,""recovery_adjustment"":-0.2741302060086407},""right_candidate_index"":127},{""left_candidate_index"":36,""moment_difference"":0.08717105263157898,""pair_index"":4,""parameter_differences"":{""confidence_floor"":-0.0938006294891238,""deterioration_adjustment"":0.05211010854691267,""panic_response"":0.6607945143430864,""recovery_adjustment"":0.07404947049588717},""right_candidate_index"":252},{""left_candidate_index"":222,""moment_difference"":-0.054893092105263164,""pair_index"":5,""parameter_differences"":{""confidence_floor"":-0.11346969008445751,""deterioration_adjustment"":-0.007403663359582313,""panic_response"":-0.4146542415671981,""recovery_adjustment"":-0.9745140017049413},""right_candidate_index"":97},{""left_candidate_index"":134,""moment_difference"":0.3090049342105263,""pair_index"":6,""parameter_differences"":{""confidence_floor"":-0.6239491663873192,""deterioration_adjustment"":-0.5912777306511997,""panic_response"":-2.0460359842028835,""recovery_adjustment"":-0.41094174453521337},""right_candidate_index"":103},{""left_candidate_index"":203,""moment_difference"":-0.05941611842105263,""pair_index"":7,""parameter_differences"":{""confidence_floor"":-0.598956520669162,""deterioration_adjustment"":0.7078072717413303,""panic_response"":0.526483437262438,""recovery_adjustment"":0.8483160902933611},""right_candidate_index"":126}],""maximum"":0.408922697368421,""minimum"":0.014597039473684213,""non_degenerate"":true,""range"":0.3943256578947368,""rank_correlations"":{""confidence_floor"":-0.2764705882352941,""deterioration_adjustment"":-0.6176470588235293,""panic_response"":-0.3911764705882353,""recovery_adjustment"":-0.4088235294117647},""recovery_adjustment_rank"":2,""sensitivity_gate_passed"":true,""standardised_univariate_slopes"":{""confidence_floor"":-0.25420839961477415,""deterioration_adjustment"":-0.7269304095757926,""panic_response"":-0.5568974028418814,""recovery_adjustment"":-0.48022128936585895},""strongest_absolute_rank_correlation"":""deterioration_adjustment""}"
fixed_horizon_probability,171,64,0.25904605263157898,0.0049287685807686121,0.005150299952866211,0.005150299952866211,0.04301329517212172,True,0.082330569531281705,0.0082330569531281709,True,-0.4923218942433123,regular_convergence,32,False,"{""clear_recovery_adjustment_secondary_relationship"":true,""local_pairwise_differences"":[{""left_candidate_index"":0,""moment_difference"":-0.23190789473684206,""pair_index"":0,""parameter_differences"":{""confidence_floor"":0.6979905702173707,""deterioration_adjustment"":0.9944576695561403,""panic_response"":1.7551187046835377,""recovery_adjustment"":0.508190783489818},""right_candidate_index"":94},{""left_candidate_index"":171,""moment_difference"":-0.233141447368421,""pair_index"":1,""parameter_differences"":{""confidence_floor"":-0.9867684068158264,""deterioration_adjustment"":0.4170397389680145,""panic_response"":1.8359902804102928,""recovery_adjustment"":0.4018844550392941},""right_candidate_index"":42},{""left_candidate_index"":193,""moment_difference"":-0.06270559210526316,""pair_index"":2,""parameter_differences"":{""confidence_floor"":0.8749759169295425,""deterioration_adjustment"":-0.6008529700338838,""panic_response"":2.6205578386639607,""recovery_adjustment"":0.14921588889190612},""right_candidate_index"":100},{""left_candidate_index"":116,""moment_difference"":0.11081414473684204,""pair_index"":3,""parameter_differences"":{""confidence_floor"":-0.17603670712560404,""deterioration_adjustment"":-0.26285866647958744,""panic_response"":1.522165212430246,""recovery_adjustment"":-0.2741302060086407},""right_candidate_index"":127},{""left_candidate_index"":36,""moment_difference"":0.08717105263157898,""pair_index"":4,""parameter_differences"":{""confidence_floor"":-0.0938006294891238,""deterioration_adjustment"":0.05211010854691267,""panic_response"":0.6607945143430864,""recovery_adjustment"":0.07404947049588717},""right_candidate_index"":252},{""left_candidate_index"":222,""moment_difference"":-0.054893092105263164,""pair_index"":5,""parameter_differences"":{""confidence_floor"":-0.11346969008445751,""deterioration_adjustment"":-0.007403663359582313,""panic_response"":-0.4146542415671981,""recovery_adjustment"":-0.9745140017049413},""right_candidate_index"":97},{""left_candidate_index"":134,""moment_difference"":0.3090049342105263,""pair_index"":6,""parameter_differences"":{""confidence_floor"":-0.6239491663873192,""deterioration_adjustment"":-0.5912777306511997,""panic_response"":-2.0460359842028835,""recovery_adjustment"":-0.41094174453521337},""right_candidate_index"":103},{""left_candidate_index"":203,""moment_difference"":-0.05941611842105263,""pair_index"":7,""parameter_differences"":{""confidence_floor"":-0.598956520669162,""deterioration_adjustment"":0.7078072717413303,""panic_response"":0.526483437262438,""recovery_adjustment"":0.8483160902933611},""right_candidate_index"":126}],""maximum"":0.408922697368421,""minimum"":0.014597039473684213,""non_degenerate"":true,""range"":0.3943256578947368,""rank_correlations"":{""confidence_floor"":-0.2764705882352941,""deterioration_adjustment"":-0.6176470588235293,""panic_response"":-0.3911764705882353,""recovery_adjustment"":-0.4088235294117647},""recovery_adjustment_rank"":2,""sensitivity_gate_passed"":true,""standardised_univariate_slopes"":{""confidence_floor"":-0.25420839961477415,""deterioration_adjustment"":-0.7269304095757926,""panic_response"":-0.5568974028418814,""recovery_adjustment"":-0.48022128936585895},""strongest_absolute_rank_correlation"":""deterioration_adjustment""}"
fixed_horizon_probability,171,128,0.25740131578947367,0.0034737176662983454,0.0037939149199429523,0.0037939149199429523,0.084397584131755299,True,0.082330569531281705,0.0082330569531281709,True,-0.4923218942433123,regular_convergence,32,False,"{""clear_recovery_adjustment_secondary_relationship"":true,""local_pairwise_differences"":[{""left_candidate_index"":0,""moment_difference"":-0.23190789473684206,""pair_index"":0,""parameter_differences"":{""confidence_floor"":0.6979905702173707,""deterioration_adjustment"":0.9944576695561403,""panic_response"":1.7551187046835377,""recovery_adjustment"":0.508190783489818},""right_candidate_index"":94},{""left_candidate_index"":171,""moment_difference"":-0.233141447368421,""pair_index"":1,""parameter_differences"":{""confidence_floor"":-0.9867684068158264,""deterioration_adjustment"":0.4170397389680145,""panic_response"":1.8359902804102928,""recovery_adjustment"":0.4018844550392941},""right_candidate_index"":42},{""left_candidate_index"":193,""moment_difference"":-0.06270559210526316,""pair_index"":2,""parameter_differences"":{""confidence_floor"":0.8749759169295425,""deterioration_adjustment"":-0.6008529700338838,""panic_response"":2.6205578386639607,""recovery_adjustment"":0.14921588889190612},""right_candidate_index"":100},{""left_candidate_index"":116,""moment_difference"":0.11081414473684204,""pair_index"":3,""parameter_differences"":{""confidence_floor"":-0.17603670712560404,""deterioration_adjustment"":-0.26285866647958744,""panic_response"":1.522165212430246,""recovery_adjustment"":-0.2741302060086407},""right_candidate_index"":127},{""left_candidate_index"":36,""moment_difference"":0.08717105263157898,""pair_index"":4,""parameter_differences"":{""confidence_floor"":-0.0938006294891238,""deterioration_adjustment"":0.05211010854691267,""panic_response"":0.6607945143430864,""recovery_adjustment"":0.07404947049588717},""right_candidate_index"":252},{""left_candidate_index"":222,""moment_difference"":-0.054893092105263164,""pair_index"":5,""parameter_differences"":{""confidence_floor"":-0.11346969008445751,""deterioration_adjustment"":-0.007403663359582313,""panic_response"":-0.4146542415671981,""recovery_adjustment"":-0.9745140017049413},""right_candidate_index"":97},{""left_candidate_index"":134,""moment_difference"":0.3090049342105263,""pair_index"":6,""parameter_differences"":{""confidence_floor"":-0.6239491663873192,""deterioration_adjustment"":-0.5912777306511997,""panic_response"":-2.0460359842028835,""recovery_adjustment"":-0.41094174453521337},""right_candidate_index"":103},{""left_candidate_index"":203,""moment_difference"":-0.05941611842105263,""pair_index"":7,""parameter_differences"":{""confidence_floor"":-0.598956520669162,""deterioration_adjustment"":0.7078072717413303,""panic_response"":0.526483437262438,""recovery_adjustment"":0.8483160902933611},""right_candidate_index"":126}],""maximum"":0.408922697368421,""minimum"":0.014597039473684213,""non_degenerate"":true,""range"":0.3943256578947368,""rank_correlations"":{""confidence_floor"":-0.2764705882352941,""deterioration_adjustment"":-0.6176470588235293,""panic_response"":-0.3911764705882353,""recovery_adjustment"":-0.4088235294117647},""recovery_adjustment_rank"":2,""sensitivity_gate_passed"":true,""standardised_univariate_slopes"":{""confidence_floor"":-0.25420839961477415,""deterioration_adjustment"":-0.7269304095757926,""panic_response"":-0.5568974028418814,""recovery_adjustment"":-0.48022128936585895},""strongest_absolute_rank_correlation"":""deterioration_adjustment""}"
fixed_horizon_probability,171,256,0.25966282894736836,0.0024848126681627021,0.0026530270643167079,0.0026530270643167079,0.063404704164723505,True,0.082330569531281705,0.0082330569531281709,True,-0.4923218942433123,regular_convergence,32,False,"{""clear_recovery_adjustment_secondary_relationship"":true,""local_pairwise_differences"":[{""left_candidate_index"":0,""moment_difference"":-0.23190789473684206,""pair_index"":0,""parameter_differences"":{""confidence_floor"":0.6979905702173707,""deterioration_adjustment"":0.9944576695561403,""panic_response"":1.7551187046835377,""recovery_adjustment"":0.508190783489818},""right_candidate_index"":94},{""left_candidate_index"":171,""moment_difference"":-0.233141447368421,""pair_index"":1,""parameter_differences"":{""confidence_floor"":-0.9867684068158264,""deterioration_adjustment"":0.4170397389680145,""panic_response"":1.8359902804102928,""recovery_adjustment"":0.4018844550392941},""right_candidate_index"":42},{""left_candidate_index"":193,""moment_difference"":-0.06270559210526316,""pair_index"":2,""parameter_differences"":{""confidence_floor"":0.8749759169295425,""deterioration_adjustment"":-0.6008529700338838,""panic_response"":2.6205578386639607,""recovery_adjustment"":0.14921588889190612},""right_candidate_index"":100},{""left_candidate_index"":116,""moment_difference"":0.11081414473684204,""pair_index"":3,""parameter_differences"":{""confidence_floor"":-0.17603670712560404,""deterioration_adjustment"":-0.26285866647958744,""panic_response"":1.522165212430246,""recovery_adjustment"":-0.2741302060086407},""right_candidate_index"":127},{""left_candidate_index"":36,""moment_difference"":0.08717105263157898,""pair_index"":4,""parameter_differences"":{""confidence_floor"":-0.0938006294891238,""deterioration_adjustment"":0.05211010854691267,""panic_response"":0.6607945143430864,""recovery_adjustment"":0.07404947049588717},""right_candidate_index"":252},{""left_candidate_index"":222,""moment_difference"":-0.054893092105263164,""pair_index"":5,""parameter_differences"":{""confidence_floor"":-0.11346969008445751,""deterioration_adjustment"":-0.007403663359582313,""panic_response"":-0.4146542415671981,""recovery_adjustment"":-0.9745140017049413},""right_candidate_index"":97},{""left_candidate_index"":134,""moment_difference"":0.3090049342105263,""pair_index"":6,""parameter_differences"":{""confidence_floor"":-0.6239491663873192,""deterioration_adjustment"":-0.5912777306511997,""panic_response"":-2.0460359842028835,""recovery_adjustment"":-0.41094174453521337},""right_candidate_index"":103},{""left_candidate_index"":203,""moment_difference"":-0.05941611842105263,""pair_index"":7,""parameter_differences"":{""confidence_floor"":-0.598956520669162,""deterioration_adjustment"":0.7078072717413303,""panic_response"":0.526483437262438,""recovery_adjustment"":0.8483160902933611},""right_candidate_index"":126}],""maximum"":0.408922697368421,""minimum"":0.014597039473684213,""non_degenerate"":true,""range"":0.3943256578947368,""rank_correlations"":{""confidence_floor"":-0.2764705882352941,""deterioration_adjustment"":-0.6176470588235293,""panic_response"":-0.3911764705882353,""recovery_adjustment"":-0.4088235294117647},""recovery_adjustment_rank"":2,""sensitivity_gate_passed"":true,""standardised_univariate_slopes"":{""confidence_floor"":-0.25420839961477415,""deterioration_adjustment"":-0.7269304095757926,""panic_response"":-0.5568974028418814,""recovery_adjustment"":-0.48022128936585895},""strongest_absolute_rank_correlation"":""deterioration_adjustment""}"
fixed_horizon_probability,193,32,0.33552631578947367,0.013786197996731206,0.012889885092580829,0.013786197996731206,0.065015235118696182,True,0.082330569531281705,0.0082330569531281709,False,-0.50393502666211976,regular_convergence,128,False,"{""clear_recovery_adjustment_secondary_relationship"":true,""local_pairwise_differences"":[{""left_candidate_index"":0,""moment_difference"":-0.23190789473684206,""pair_index"":0,""parameter_differences"":{""confidence_floor"":0.6979905702173707,""deterioration_adjustment"":0.9944576695561403,""panic_response"":1.7551187046835377,""recovery_adjustment"":0.508190783489818},""right_candidate_index"":94},{""left_candidate_index"":171,""moment_difference"":-0.233141447368421,""pair_index"":1,""parameter_differences"":{""confidence_floor"":-0.9867684068158264,""deterioration_adjustment"":0.4170397389680145,""panic_response"":1.8359902804102928,""recovery_adjustment"":0.4018844550392941},""right_candidate_index"":42},{""left_candidate_index"":193,""moment_difference"":-0.06270559210526316,""pair_index"":2,""parameter_differences"":{""confidence_floor"":0.8749759169295425,""deterioration_adjustment"":-0.6008529700338838,""panic_response"":2.6205578386639607,""recovery_adjustment"":0.14921588889190612},""right_candidate_index"":100},{""left_candidate_index"":116,""moment_difference"":0.11081414473684204,""pair_index"":3,""parameter_differences"":{""confidence_floor"":-0.17603670712560404,""deterioration_adjustment"":-0.26285866647958744,""panic_response"":1.522165212430246,""recovery_adjustment"":-0.2741302060086407},""right_candidate_index"":127},{""left_candidate_index"":36,""moment_difference"":0.08717105263157898,""pair_index"":4,""parameter_differences"":{""confidence_floor"":-0.0938006294891238,""deterioration_adjustment"":0.05211010854691267,""panic_response"":0.6607945143430864,""recovery_adjustment"":0.07404947049588717},""right_candidate_index"":252},{""left_candidate_index"":222,""moment_difference"":-0.054893092105263164,""pair_index"":5,""parameter_differences"":{""confidence_floor"":-0.11346969008445751,""deterioration_adjustment"":-0.007403663359582313,""panic_response"":-0.4146542415671981,""recovery_adjustment"":-0.9745140017049413},""right_candidate_index"":97},{""left_candidate_index"":134,""moment_difference"":0.3090049342105263,""pair_index"":6,""parameter_differences"":{""confidence_floor"":-0.6239491663873192,""deterioration_adjustment"":-0.5912777306511997,""panic_response"":-2.0460359842028835,""recovery_adjustment"":-0.41094174453521337},""right_candidate_index"":103},{""left_candidate_index"":203,""moment_difference"":-0.05941611842105263,""pair_index"":7,""parameter_differences"":{""confidence_floor"":-0.598956520669162,""deterioration_adjustment"":0.7078072717413303,""panic_response"":0.526483437262438,""recovery_adjustment"":0.8483160902933611},""right_candidate_index"":126}],""maximum"":0.408922697368421,""minimum"":0.014597039473684213,""non_degenerate"":true,""range"":0.3943256578947368,""rank_correlations"":{""confidence_floor"":-0.2764705882352941,""deterioration_adjustment"":-0.6176470588235293,""panic_response"":-0.3911764705882353,""recovery_adjustment"":-0.4088235294117647},""recovery_adjustment_rank"":2,""sensitivity_gate_passed"":true,""standardised_univariate_slopes"":{""confidence_floor"":-0.25420839961477415,""deterioration_adjustment"":-0.7269304095757926,""panic_response"":-0.5568974028418814,""recovery_adjustment"":-0.48022128936585895},""strongest_absolute_rank_correlation"":""deterioration_adjustment""}"
fixed_horizon_probability,193,64,0.33963815789473684,0.0095404413921634425,0.0092246644905657829,0.0095404413921634425,0.033098772752489215,True,0.082330569531281705,0.0082330569531281709,False,-0.50393502666211976,regular_convergence,128,False,"{""clear_recovery_adjustment_secondary_relationship"":true,""local_pairwise_differences"":[{""left_candidate_index"":0,""moment_difference"":-0.23190789473684206,""pair_index"":0,""parameter_differences"":{""confidence_floor"":0.6979905702173707,""deterioration_adjustment"":0.9944576695561403,""panic_response"":1.7551187046835377,""recovery_adjustment"":0.508190783489818},""right_candidate_index"":94},{""left_candidate_index"":171,""moment_difference"":-0.233141447368421,""pair_index"":1,""parameter_differences"":{""confidence_floor"":-0.9867684068158264,""deterioration_adjustment"":0.4170397389680145,""panic_response"":1.8359902804102928,""recovery_adjustment"":0.4018844550392941},""right_candidate_index"":42},{""left_candidate_index"":193,""moment_difference"":-0.06270559210526316,""pair_index"":2,""parameter_differences"":{""confidence_floor"":0.8749759169295425,""deterioration_adjustment"":-0.6008529700338838,""panic_response"":2.6205578386639607,""recovery_adjustment"":0.14921588889190612},""right_candidate_index"":100},{""left_candidate_index"":116,""moment_difference"":0.11081414473684204,""pair_index"":3,""parameter_differences"":{""confidence_floor"":-0.17603670712560404,""deterioration_adjustment"":-0.26285866647958744,""panic_response"":1.522165212430246,""recovery_adjustment"":-0.2741302060086407},""right_candidate_index"":127},{""left_candidate_index"":36,""moment_difference"":0.08717105263157898,""pair_index"":4,""parameter_differences"":{""confidence_floor"":-0.0938006294891238,""deterioration_adjustment"":0.05211010854691267,""panic_response"":0.6607945143430864,""recovery_adjustment"":0.07404947049588717},""right_candidate_index"":252},{""left_candidate_index"":222,""moment_difference"":-0.054893092105263164,""pair_index"":5,""parameter_differences"":{""confidence_floor"":-0.11346969008445751,""deterioration_adjustment"":-0.007403663359582313,""panic_response"":-0.4146542415671981,""recovery_adjustment"":-0.9745140017049413},""right_candidate_index"":97},{""left_candidate_index"":134,""moment_difference"":0.3090049342105263,""pair_index"":6,""parameter_differences"":{""confidence_floor"":-0.6239491663873192,""deterioration_adjustment"":-0.5912777306511997,""panic_response"":-2.0460359842028835,""recovery_adjustment"":-0.41094174453521337},""right_candidate_index"":103},{""left_candidate_index"":203,""moment_difference"":-0.05941611842105263,""pair_index"":7,""parameter_differences"":{""confidence_floor"":-0.598956520669162,""deterioration_adjustment"":0.7078072717413303,""panic_response"":0.526483437262438,""recovery_adjustment"":0.8483160902933611},""right_candidate_index"":126}],""maximum"":0.408922697368421,""minimum"":0.014597039473684213,""non_degenerate"":true,""range"":0.3943256578947368,""rank_correlations"":{""confidence_floor"":-0.2764705882352941,""deterioration_adjustment"":-0.6176470588235293,""panic_response"":-0.3911764705882353,""recovery_adjustment"":-0.4088235294117647},""recovery_adjustment_rank"":2,""sensitivity_gate_passed"":true,""standardised_univariate_slopes"":{""confidence_floor"":-0.25420839961477415,""deterioration_adjustment"":-0.7269304095757926,""panic_response"":-0.5568974028418814,""recovery_adjustment"":-0.48022128936585895},""strongest_absolute_rank_correlation"":""deterioration_adjustment""}"
fixed_horizon_probability,193,128,0.32976973684210531,0.0068072876726296928,0.0069194020104386238,0.0069194020104386238,0.016202894070874194,True,0.082330569531281705,0.0082330569531281709,True,-0.50393502666211976,regular_convergence,128,False,"{""clear_recovery_adjustment_secondary_relationship"":true,""local_pairwise_differences"":[{""left_candidate_index"":0,""moment_difference"":-0.23190789473684206,""pair_index"":0,""parameter_differences"":{""confidence_floor"":0.6979905702173707,""deterioration_adjustment"":0.9944576695561403,""panic_response"":1.7551187046835377,""recovery_adjustment"":0.508190783489818},""right_candidate_index"":94},{""left_candidate_index"":171,""moment_difference"":-0.233141447368421,""pair_index"":1,""parameter_differences"":{""confidence_floor"":-0.9867684068158264,""deterioration_adjustment"":0.4170397389680145,""panic_response"":1.8359902804102928,""recovery_adjustment"":0.4018844550392941},""right_candidate_index"":42},{""left_candidate_index"":193,""moment_difference"":-0.06270559210526316,""pair_index"":2,""parameter_differences"":{""confidence_floor"":0.8749759169295425,""deterioration_adjustment"":-0.6008529700338838,""panic_response"":2.6205578386639607,""recovery_adjustment"":0.14921588889190612},""right_candidate_index"":100},{""left_candidate_index"":116,""moment_difference"":0.11081414473684204,""pair_index"":3,""parameter_differences"":{""confidence_floor"":-0.17603670712560404,""deterioration_adjustment"":-0.26285866647958744,""panic_response"":1.522165212430246,""recovery_adjustment"":-0.2741302060086407},""right_candidate_index"":127},{""left_candidate_index"":36,""moment_difference"":0.08717105263157898,""pair_index"":4,""parameter_differences"":{""confidence_floor"":-0.0938006294891238,""deterioration_adjustment"":0.05211010854691267,""panic_response"":0.6607945143430864,""recovery_adjustment"":0.07404947049588717},""right_candidate_index"":252},{""left_candidate_index"":222,""moment_difference"":-0.054893092105263164,""pair_index"":5,""parameter_differences"":{""confidence_floor"":-0.11346969008445751,""deterioration_adjustment"":-0.007403663359582313,""panic_response"":-0.4146542415671981,""recovery_adjustment"":-0.9745140017049413},""right_candidate_index"":97},{""left_candidate_index"":134,""moment_difference"":0.3090049342105263,""pair_index"":6,""parameter_differences"":{""confidence_floor"":-0.6239491663873192,""deterioration_adjustment"":-0.5912777306511997,""panic_response"":-2.0460359842028835,""recovery_adjustment"":-0.41094174453521337},""right_candidate_index"":103},{""left_candidate_index"":203,""moment_difference"":-0.05941611842105263,""pair_index"":7,""parameter_differences"":{""confidence_floor"":-0.598956520669162,""deterioration_adjustment"":0.7078072717413303,""panic_response"":0.526483437262438,""recovery_adjustment"":0.8483160902933611},""right_candidate_index"":126}],""maximum"":0.408922697368421,""minimum"":0.014597039473684213,""non_degenerate"":true,""range"":0.3943256578947368,""rank_correlations"":{""confidence_floor"":-0.2764705882352941,""deterioration_adjustment"":-0.6176470588235293,""panic_response"":-0.3911764705882353,""recovery_adjustment"":-0.4088235294117647},""recovery_adjustment_rank"":2,""sensitivity_gate_passed"":true,""standardised_univariate_slopes"":{""confidence_floor"":-0.25420839961477415,""deterioration_adjustment"":-0.7269304095757926,""panic_response"":-0.5568974028418814,""recovery_adjustment"":-0.48022128936585895},""strongest_absolute_rank_correlation"":""deterioration_adjustment""}"
fixed_horizon_probability,193,256,0.32442434210526316,0.0047893798578058314,0.0047473178464303529,0.0047893798578058314,0.008782350246645183,True,0.082330569531281705,0.0082330569531281709,True,-0.50393502666211976,regular_convergence,128,False,"{""clear_recovery_adjustment_secondary_relationship"":true,""local_pairwise_differences"":[{""left_candidate_index"":0,""moment_difference"":-0.23190789473684206,""pair_index"":0,""parameter_differences"":{""confidence_floor"":0.6979905702173707,""deterioration_adjustment"":0.9944576695561403,""panic_response"":1.7551187046835377,""recovery_adjustment"":0.508190783489818},""right_candidate_index"":94},{""left_candidate_index"":171,""moment_difference"":-0.233141447368421,""pair_index"":1,""parameter_differences"":{""confidence_floor"":-0.9867684068158264,""deterioration_adjustment"":0.4170397389680145,""panic_response"":1.8359902804102928,""recovery_adjustment"":0.4018844550392941},""right_candidate_index"":42},{""left_candidate_index"":193,""moment_difference"":-0.06270559210526316,""pair_index"":2,""parameter_differences"":{""confidence_floor"":0.8749759169295425,""deterioration_adjustment"":-0.6008529700338838,""panic_response"":2.6205578386639607,""recovery_adjustment"":0.14921588889190612},""right_candidate_index"":100},{""left_candidate_index"":116,""moment_difference"":0.11081414473684204,""pair_index"":3,""parameter_differences"":{""confidence_floor"":-0.17603670712560404,""deterioration_adjustment"":-0.26285866647958744,""panic_response"":1.522165212430246,""recovery_adjustment"":-0.2741302060086407},""right_candidate_index"":127},{""left_candidate_index"":36,""moment_difference"":0.08717105263157898,""pair_index"":4,""parameter_differences"":{""confidence_floor"":-0.0938006294891238,""deterioration_adjustment"":0.05211010854691267,""panic_response"":0.6607945143430864,""recovery_adjustment"":0.07404947049588717},""right_candidate_index"":252},{""left_candidate_index"":222,""moment_difference"":-0.054893092105263164,""pair_index"":5,""parameter_differences"":{""confidence_floor"":-0.11346969008445751,""deterioration_adjustment"":-0.007403663359582313,""panic_response"":-0.4146542415671981,""recovery_adjustment"":-0.9745140017049413},""right_candidate_index"":97},{""left_candidate_index"":134,""moment_difference"":0.3090049342105263,""pair_index"":6,""parameter_differences"":{""confidence_floor"":-0.6239491663873192,""deterioration_adjustment"":-0.5912777306511997,""panic_response"":-2.0460359842028835,""recovery_adjustment"":-0.41094174453521337},""right_candidate_index"":103},{""left_candidate_index"":203,""moment_difference"":-0.05941611842105263,""pair_index"":7,""parameter_differences"":{""confidence_floor"":-0.598956520669162,""deterioration_adjustment"":0.7078072717413303,""panic_response"":0.526483437262438,""recovery_adjustment"":0.8483160902933611},""right_candidate_index"":126}],""maximum"":0.408922697368421,""minimum"":0.014597039473684213,""non_degenerate"":true,""range"":0.3943256578947368,""rank_correlations"":{""confidence_floor"":-0.2764705882352941,""deterioration_adjustment"":-0.6176470588235293,""panic_response"":-0.3911764705882353,""recovery_adjustment"":-0.4088235294117647},""recovery_adjustment_rank"":2,""sensitivity_gate_passed"":true,""standardised_univariate_slopes"":{""confidence_floor"":-0.25420839961477415,""deterioration_adjustment"":-0.7269304095757926,""panic_response"":-0.5568974028418814,""recovery_adjustment"":-0.48022128936585895},""strongest_absolute_rank_correlation"":""deterioration_adjustment""}"
fixed_horizon_probability,203,32,0.25328947368421051,0.017709431104616168,0.020525758013404557,0.020525758013404557,0.13720939840317509,True,0.082330569531281705,0.0082330569531281709,False,-0.49708050794965219,regular_convergence,256,False,"{""clear_recovery_adjustment_secondary_relationship"":true,""local_pairwise_differences"":[{""left_candidate_index"":0,""moment_difference"":-0.23190789473684206,""pair_index"":0,""parameter_differences"":{""confidence_floor"":0.6979905702173707,""deterioration_adjustment"":0.9944576695561403,""panic_response"":1.7551187046835377,""recovery_adjustment"":0.508190783489818},""right_candidate_index"":94},{""left_candidate_index"":171,""moment_difference"":-0.233141447368421,""pair_index"":1,""parameter_differences"":{""confidence_floor"":-0.9867684068158264,""deterioration_adjustment"":0.4170397389680145,""panic_response"":1.8359902804102928,""recovery_adjustment"":0.4018844550392941},""right_candidate_index"":42},{""left_candidate_index"":193,""moment_difference"":-0.06270559210526316,""pair_index"":2,""parameter_differences"":{""confidence_floor"":0.8749759169295425,""deterioration_adjustment"":-0.6008529700338838,""panic_response"":2.6205578386639607,""recovery_adjustment"":0.14921588889190612},""right_candidate_index"":100},{""left_candidate_index"":116,""moment_difference"":0.11081414473684204,""pair_index"":3,""parameter_differences"":{""confidence_floor"":-0.17603670712560404,""deterioration_adjustment"":-0.26285866647958744,""panic_response"":1.522165212430246,""recovery_adjustment"":-0.2741302060086407},""right_candidate_index"":127},{""left_candidate_index"":36,""moment_difference"":0.08717105263157898,""pair_index"":4,""parameter_differences"":{""confidence_floor"":-0.0938006294891238,""deterioration_adjustment"":0.05211010854691267,""panic_response"":0.6607945143430864,""recovery_adjustment"":0.07404947049588717},""right_candidate_index"":252},{""left_candidate_index"":222,""moment_difference"":-0.054893092105263164,""pair_index"":5,""parameter_differences"":{""confidence_floor"":-0.11346969008445751,""deterioration_adjustment"":-0.007403663359582313,""panic_response"":-0.4146542415671981,""recovery_adjustment"":-0.9745140017049413},""right_candidate_index"":97},{""left_candidate_index"":134,""moment_difference"":0.3090049342105263,""pair_index"":6,""parameter_differences"":{""confidence_floor"":-0.6239491663873192,""deterioration_adjustment"":-0.5912777306511997,""panic_response"":-2.0460359842028835,""recovery_adjustment"":-0.41094174453521337},""right_candidate_index"":103},{""left_candidate_index"":203,""moment_difference"":-0.05941611842105263,""pair_index"":7,""parameter_differences"":{""confidence_floor"":-0.598956520669162,""deterioration_adjustment"":0.7078072717413303,""panic_response"":0.526483437262438,""recovery_adjustment"":0.8483160902933611},""right_candidate_index"":126}],""maximum"":0.408922697368421,""minimum"":0.014597039473684213,""non_degenerate"":true,""range"":0.3943256578947368,""rank_correlations"":{""confidence_floor"":-0.2764705882352941,""deterioration_adjustment"":-0.6176470588235293,""panic_response"":-0.3911764705882353,""recovery_adjustment"":-0.4088235294117647},""recovery_adjustment_rank"":2,""sensitivity_gate_passed"":true,""standardised_univariate_slopes"":{""confidence_floor"":-0.25420839961477415,""deterioration_adjustment"":-0.7269304095757926,""panic_response"":-0.5568974028418814,""recovery_adjustment"":-0.48022128936585895},""strongest_absolute_rank_correlation"":""deterioration_adjustment""}"
fixed_horizon_probability,203,64,0.21710526315789477,0.01293076203910724,0.013844849494977664,0.013844849494977664,0.066023647003314617,True,0.082330569531281705,0.0082330569531281709,False,-0.49708050794965219,regular_convergence,256,False,"{""clear_recovery_adjustment_secondary_relationship"":true,""local_pairwise_differences"":[{""left_candidate_index"":0,""moment_difference"":-0.23190789473684206,""pair_index"":0,""parameter_differences"":{""confidence_floor"":0.6979905702173707,""deterioration_adjustment"":0.9944576695561403,""panic_response"":1.7551187046835377,""recovery_adjustment"":0.508190783489818},""right_candidate_index"":94},{""left_candidate_index"":171,""moment_difference"":-0.233141447368421,""pair_index"":1,""parameter_differences"":{""confidence_floor"":-0.9867684068158264,""deterioration_adjustment"":0.4170397389680145,""panic_response"":1.8359902804102928,""recovery_adjustment"":0.4018844550392941},""right_candidate_index"":42},{""left_candidate_index"":193,""moment_difference"":-0.06270559210526316,""pair_index"":2,""parameter_differences"":{""confidence_floor"":0.8749759169295425,""deterioration_adjustment"":-0.6008529700338838,""panic_response"":2.6205578386639607,""recovery_adjustment"":0.14921588889190612},""right_candidate_index"":100},{""left_candidate_index"":116,""moment_difference"":0.11081414473684204,""pair_index"":3,""parameter_differences"":{""confidence_floor"":-0.17603670712560404,""deterioration_adjustment"":-0.26285866647958744,""panic_response"":1.522165212430246,""recovery_adjustment"":-0.2741302060086407},""right_candidate_index"":127},{""left_candidate_index"":36,""moment_difference"":0.08717105263157898,""pair_index"":4,""parameter_differences"":{""confidence_floor"":-0.0938006294891238,""deterioration_adjustment"":0.05211010854691267,""panic_response"":0.6607945143430864,""recovery_adjustment"":0.07404947049588717},""right_candidate_index"":252},{""left_candidate_index"":222,""moment_difference"":-0.054893092105263164,""pair_index"":5,""parameter_differences"":{""confidence_floor"":-0.11346969008445751,""deterioration_adjustment"":-0.007403663359582313,""panic_response"":-0.4146542415671981,""recovery_adjustment"":-0.9745140017049413},""right_candidate_index"":97},{""left_candidate_index"":134,""moment_difference"":0.3090049342105263,""pair_index"":6,""parameter_differences"":{""confidence_floor"":-0.6239491663873192,""deterioration_adjustment"":-0.5912777306511997,""panic_response"":-2.0460359842028835,""recovery_adjustment"":-0.41094174453521337},""right_candidate_index"":103},{""left_candidate_index"":203,""moment_difference"":-0.05941611842105263,""pair_index"":7,""parameter_differences"":{""confidence_floor"":-0.598956520669162,""deterioration_adjustment"":0.7078072717413303,""panic_response"":0.526483437262438,""recovery_adjustment"":0.8483160902933611},""right_candidate_index"":126}],""maximum"":0.408922697368421,""minimum"":0.014597039473684213,""non_degenerate"":true,""range"":0.3943256578947368,""rank_correlations"":{""confidence_floor"":-0.2764705882352941,""deterioration_adjustment"":-0.6176470588235293,""panic_response"":-0.3911764705882353,""recovery_adjustment"":-0.4088235294117647},""recovery_adjustment_rank"":2,""sensitivity_gate_passed"":true,""standardised_univariate_slopes"":{""confidence_floor"":-0.25420839961477415,""deterioration_adjustment"":-0.7269304095757926,""panic_response"":-0.5568974028418814,""recovery_adjustment"":-0.48022128936585895},""strongest_absolute_rank_correlation"":""deterioration_adjustment""}"
fixed_horizon_probability,203,128,0.22203947368421051,0.009240576073160759,0.010889430586953627,0.010889430586953627,0.1514178818283044,False,0.082330569531281705,0.0082330569531281709,False,-0.49708050794965219,regular_convergence,256,False,"{""clear_recovery_adjustment_secondary_relationship"":true,""local_pairwise_differences"":[{""left_candidate_index"":0,""moment_difference"":-0.23190789473684206,""pair_index"":0,""parameter_differences"":{""confidence_floor"":0.6979905702173707,""deterioration_adjustment"":0.9944576695561403,""panic_response"":1.7551187046835377,""recovery_adjustment"":0.508190783489818},""right_candidate_index"":94},{""left_candidate_index"":171,""moment_difference"":-0.233141447368421,""pair_index"":1,""parameter_differences"":{""confidence_floor"":-0.9867684068158264,""deterioration_adjustment"":0.4170397389680145,""panic_response"":1.8359902804102928,""recovery_adjustment"":0.4018844550392941},""right_candidate_index"":42},{""left_candidate_index"":193,""moment_difference"":-0.06270559210526316,""pair_index"":2,""parameter_differences"":{""confidence_floor"":0.8749759169295425,""deterioration_adjustment"":-0.6008529700338838,""panic_response"":2.6205578386639607,""recovery_adjustment"":0.14921588889190612},""right_candidate_index"":100},{""left_candidate_index"":116,""moment_difference"":0.11081414473684204,""pair_index"":3,""parameter_differences"":{""confidence_floor"":-0.17603670712560404,""deterioration_adjustment"":-0.26285866647958744,""panic_response"":1.522165212430246,""recovery_adjustment"":-0.2741302060086407},""right_candidate_index"":127},{""left_candidate_index"":36,""moment_difference"":0.08717105263157898,""pair_index"":4,""parameter_differences"":{""confidence_floor"":-0.0938006294891238,""deterioration_adjustment"":0.05211010854691267,""panic_response"":0.6607945143430864,""recovery_adjustment"":0.07404947049588717},""right_candidate_index"":252},{""left_candidate_index"":222,""moment_difference"":-0.054893092105263164,""pair_index"":5,""parameter_differences"":{""confidence_floor"":-0.11346969008445751,""deterioration_adjustment"":-0.007403663359582313,""panic_response"":-0.4146542415671981,""recovery_adjustment"":-0.9745140017049413},""right_candidate_index"":97},{""left_candidate_index"":134,""moment_difference"":0.3090049342105263,""pair_index"":6,""parameter_differences"":{""confidence_floor"":-0.6239491663873192,""deterioration_adjustment"":-0.5912777306511997,""panic_response"":-2.0460359842028835,""recovery_adjustment"":-0.41094174453521337},""right_candidate_index"":103},{""left_candidate_index"":203,""moment_difference"":-0.05941611842105263,""pair_index"":7,""parameter_differences"":{""confidence_floor"":-0.598956520669162,""deterioration_adjustment"":0.7078072717413303,""panic_response"":0.526483437262438,""recovery_adjustment"":0.8483160902933611},""right_candidate_index"":126}],""maximum"":0.408922697368421,""minimum"":0.014597039473684213,""non_degenerate"":true,""range"":0.3943256578947368,""rank_correlations"":{""confidence_floor"":-0.2764705882352941,""deterioration_adjustment"":-0.6176470588235293,""panic_response"":-0.3911764705882353,""recovery_adjustment"":-0.4088235294117647},""recovery_adjustment_rank"":2,""sensitivity_gate_passed"":true,""standardised_univariate_slopes"":{""confidence_floor"":-0.25420839961477415,""deterioration_adjustment"":-0.7269304095757926,""panic_response"":-0.5568974028418814,""recovery_adjustment"":-0.48022128936585895},""strongest_absolute_rank_correlation"":""deterioration_adjustment""}"
fixed_horizon_probability,203,256,0.23005756578947367,0.0065406020398902191,0.0070513631768470445,0.0070513631768470445,0.07243438242323065,True,0.082330569531281705,0.0082330569531281709,True,-0.49708050794965219,regular_convergence,256,False,"{""clear_recovery_adjustment_secondary_relationship"":true,""local_pairwise_differences"":[{""left_candidate_index"":0,""moment_difference"":-0.23190789473684206,""pair_index"":0,""parameter_differences"":{""confidence_floor"":0.6979905702173707,""deterioration_adjustment"":0.9944576695561403,""panic_response"":1.7551187046835377,""recovery_adjustment"":0.508190783489818},""right_candidate_index"":94},{""left_candidate_index"":171,""moment_difference"":-0.233141447368421,""pair_index"":1,""parameter_differences"":{""confidence_floor"":-0.9867684068158264,""deterioration_adjustment"":0.4170397389680145,""panic_response"":1.8359902804102928,""recovery_adjustment"":0.4018844550392941},""right_candidate_index"":42},{""left_candidate_index"":193,""moment_difference"":-0.06270559210526316,""pair_index"":2,""parameter_differences"":{""confidence_floor"":0.8749759169295425,""deterioration_adjustment"":-0.6008529700338838,""panic_response"":2.6205578386639607,""recovery_adjustment"":0.14921588889190612},""right_candidate_index"":100},{""left_candidate_index"":116,""moment_difference"":0.11081414473684204,""pair_index"":3,""parameter_differences"":{""confidence_floor"":-0.17603670712560404,""deterioration_adjustment"":-0.26285866647958744,""panic_response"":1.522165212430246,""recovery_adjustment"":-0.2741302060086407},""right_candidate_index"":127},{""left_candidate_index"":36,""moment_difference"":0.08717105263157898,""pair_index"":4,""parameter_differences"":{""confidence_floor"":-0.0938006294891238,""deterioration_adjustment"":0.05211010854691267,""panic_response"":0.6607945143430864,""recovery_adjustment"":0.07404947049588717},""right_candidate_index"":252},{""left_candidate_index"":222,""moment_difference"":-0.054893092105263164,""pair_index"":5,""parameter_differences"":{""confidence_floor"":-0.11346969008445751,""deterioration_adjustment"":-0.007403663359582313,""panic_response"":-0.4146542415671981,""recovery_adjustment"":-0.9745140017049413},""right_candidate_index"":97},{""left_candidate_index"":134,""moment_difference"":0.3090049342105263,""pair_index"":6,""parameter_differences"":{""confidence_floor"":-0.6239491663873192,""deterioration_adjustment"":-0.5912777306511997,""panic_response"":-2.0460359842028835,""recovery_adjustment"":-0.41094174453521337},""right_candidate_index"":103},{""left_candidate_index"":203,""moment_difference"":-0.05941611842105263,""pair_index"":7,""parameter_differences"":{""confidence_floor"":-0.598956520669162,""deterioration_adjustment"":0.7078072717413303,""panic_response"":0.526483437262438,""recovery_adjustment"":0.8483160902933611},""right_candidate_index"":126}],""maximum"":0.408922697368421,""minimum"":0.014597039473684213,""non_degenerate"":true,""range"":0.3943256578947368,""rank_correlations"":{""confidence_floor"":-0.2764705882352941,""deterioration_adjustment"":-0.6176470588235293,""panic_response"":-0.3911764705882353,""recovery_adjustment"":-0.4088235294117647},""recovery_adjustment_rank"":2,""sensitivity_gate_passed"":true,""standardised_univariate_slopes"":{""confidence_floor"":-0.25420839961477415,""deterioration_adjustment"":-0.7269304095757926,""panic_response"":-0.5568974028418814,""recovery_adjustment"":-0.48022128936585895},""strongest_absolute_rank_correlation"":""deterioration_adjustment""}"
fixed_horizon_probability,222,32,0.074013157894736836,0.01389024625015701,0.013128016799298196,0.01389024625015701,0.054875157512070567,True,0.082330569531281705,0.0082330569531281709,False,-0.48613050307042849,regular_convergence,128,False,"{""clear_recovery_adjustment_secondary_relationship"":true,""local_pairwise_differences"":[{""left_candidate_index"":0,""moment_difference"":-0.23190789473684206,""pair_index"":0,""parameter_differences"":{""confidence_floor"":0.6979905702173707,""deterioration_adjustment"":0.9944576695561403,""panic_response"":1.7551187046835377,""recovery_adjustment"":0.508190783489818},""right_candidate_index"":94},{""left_candidate_index"":171,""moment_difference"":-0.233141447368421,""pair_index"":1,""parameter_differences"":{""confidence_floor"":-0.9867684068158264,""deterioration_adjustment"":0.4170397389680145,""panic_response"":1.8359902804102928,""recovery_adjustment"":0.4018844550392941},""right_candidate_index"":42},{""left_candidate_index"":193,""moment_difference"":-0.06270559210526316,""pair_index"":2,""parameter_differences"":{""confidence_floor"":0.8749759169295425,""deterioration_adjustment"":-0.6008529700338838,""panic_response"":2.6205578386639607,""recovery_adjustment"":0.14921588889190612},""right_candidate_index"":100},{""left_candidate_index"":116,""moment_difference"":0.11081414473684204,""pair_index"":3,""parameter_differences"":{""confidence_floor"":-0.17603670712560404,""deterioration_adjustment"":-0.26285866647958744,""panic_response"":1.522165212430246,""recovery_adjustment"":-0.2741302060086407},""right_candidate_index"":127},{""left_candidate_index"":36,""moment_difference"":0.08717105263157898,""pair_index"":4,""parameter_differences"":{""confidence_floor"":-0.0938006294891238,""deterioration_adjustment"":0.05211010854691267,""panic_response"":0.6607945143430864,""recovery_adjustment"":0.07404947049588717},""right_candidate_index"":252},{""left_candidate_index"":222,""moment_difference"":-0.054893092105263164,""pair_index"":5,""parameter_differences"":{""confidence_floor"":-0.11346969008445751,""deterioration_adjustment"":-0.007403663359582313,""panic_response"":-0.4146542415671981,""recovery_adjustment"":-0.9745140017049413},""right_candidate_index"":97},{""left_candidate_index"":134,""moment_difference"":0.3090049342105263,""pair_index"":6,""parameter_differences"":{""confidence_floor"":-0.6239491663873192,""deterioration_adjustment"":-0.5912777306511997,""panic_response"":-2.0460359842028835,""recovery_adjustment"":-0.41094174453521337},""right_candidate_index"":103},{""left_candidate_index"":203,""moment_difference"":-0.05941611842105263,""pair_index"":7,""parameter_differences"":{""confidence_floor"":-0.598956520669162,""deterioration_adjustment"":0.7078072717413303,""panic_response"":0.526483437262438,""recovery_adjustment"":0.8483160902933611},""right_candidate_index"":126}],""maximum"":0.408922697368421,""minimum"":0.014597039473684213,""non_degenerate"":true,""range"":0.3943256578947368,""rank_correlations"":{""confidence_floor"":-0.2764705882352941,""deterioration_adjustment"":-0.6176470588235293,""panic_response"":-0.3911764705882353,""recovery_adjustment"":-0.4088235294117647},""recovery_adjustment_rank"":2,""sensitivity_gate_passed"":true,""standardised_univariate_slopes"":{""confidence_floor"":-0.25420839961477415,""deterioration_adjustment"":-0.7269304095757926,""panic_response"":-0.5568974028418814,""recovery_adjustment"":-0.48022128936585895},""strongest_absolute_rank_correlation"":""deterioration_adjustment""}"
fixed_horizon_probability,222,64,0.065789473684210537,0.010148363330824348,0.009666195877532275,0.010148363330824348,0.047511843789387304,True,0.082330569531281705,0.0082330569531281709,False,-0.48613050307042849,regular_convergence,128,False,"{""clear_recovery_adjustment_secondary_relationship"":true,""local_pairwise_differences"":[{""left_candidate_index"":0,""moment_difference"":-0.23190789473684206,""pair_index"":0,""parameter_differences"":{""confidence_floor"":0.6979905702173707,""deterioration_adjustment"":0.9944576695561403,""panic_response"":1.7551187046835377,""recovery_adjustment"":0.508190783489818},""right_candidate_index"":94},{""left_candidate_index"":171,""moment_difference"":-0.233141447368421,""pair_index"":1,""parameter_differences"":{""confidence_floor"":-0.9867684068158264,""deterioration_adjustment"":0.4170397389680145,""panic_response"":1.8359902804102928,""recovery_adjustment"":0.4018844550392941},""right_candidate_index"":42},{""left_candidate_index"":193,""moment_difference"":-0.06270559210526316,""pair_index"":2,""parameter_differences"":{""confidence_floor"":0.8749759169295425,""deterioration_adjustment"":-0.6008529700338838,""panic_response"":2.6205578386639607,""recovery_adjustment"":0.14921588889190612},""right_candidate_index"":100},{""left_candidate_index"":116,""moment_difference"":0.11081414473684204,""pair_index"":3,""parameter_differences"":{""confidence_floor"":-0.17603670712560404,""deterioration_adjustment"":-0.26285866647958744,""panic_response"":1.522165212430246,""recovery_adjustment"":-0.2741302060086407},""right_candidate_index"":127},{""left_candidate_index"":36,""moment_difference"":0.08717105263157898,""pair_index"":4,""parameter_differences"":{""confidence_floor"":-0.0938006294891238,""deterioration_adjustment"":0.05211010854691267,""panic_response"":0.6607945143430864,""recovery_adjustment"":0.07404947049588717},""right_candidate_index"":252},{""left_candidate_index"":222,""moment_difference"":-0.054893092105263164,""pair_index"":5,""parameter_differences"":{""confidence_floor"":-0.11346969008445751,""deterioration_adjustment"":-0.007403663359582313,""panic_response"":-0.4146542415671981,""recovery_adjustment"":-0.9745140017049413},""right_candidate_index"":97},{""left_candidate_index"":134,""moment_difference"":0.3090049342105263,""pair_index"":6,""parameter_differences"":{""confidence_floor"":-0.6239491663873192,""deterioration_adjustment"":-0.5912777306511997,""panic_response"":-2.0460359842028835,""recovery_adjustment"":-0.41094174453521337},""right_candidate_index"":103},{""left_candidate_index"":203,""moment_difference"":-0.05941611842105263,""pair_index"":7,""parameter_differences"":{""confidence_floor"":-0.598956520669162,""deterioration_adjustment"":0.7078072717413303,""panic_response"":0.526483437262438,""recovery_adjustment"":0.8483160902933611},""right_candidate_index"":126}],""maximum"":0.408922697368421,""minimum"":0.014597039473684213,""non_degenerate"":true,""range"":0.3943256578947368,""rank_correlations"":{""confidence_floor"":-0.2764705882352941,""deterioration_adjustment"":-0.6176470588235293,""panic_response"":-0.3911764705882353,""recovery_adjustment"":-0.4088235294117647},""recovery_adjustment_rank"":2,""sensitivity_gate_passed"":true,""standardised_univariate_slopes"":{""confidence_floor"":-0.25420839961477415,""deterioration_adjustment"":-0.7269304095757926,""panic_response"":-0.5568974028418814,""recovery_adjustment"":-0.48022128936585895},""strongest_absolute_rank_correlation"":""deterioration_adjustment""}"
fixed_horizon_probability,222,128,0.055921052631578948,0.0071539986393203848,0.0068018095992347129,0.0071539986393203848,0.049229676694365315,True,0.082330569531281705,0.0082330569531281709,True,-0.48613050307042849,regular_convergence,128,False,"{""clear_recovery_adjustment_secondary_relationship"":true,""local_pairwise_differences"":[{""left_candidate_index"":0,""moment_difference"":-0.23190789473684206,""pair_index"":0,""parameter_differences"":{""confidence_floor"":0.6979905702173707,""deterioration_adjustment"":0.9944576695561403,""panic_response"":1.7551187046835377,""recovery_adjustment"":0.508190783489818},""right_candidate_index"":94},{""left_candidate_index"":171,""moment_difference"":-0.233141447368421,""pair_index"":1,""parameter_differences"":{""confidence_floor"":-0.9867684068158264,""deterioration_adjustment"":0.4170397389680145,""panic_response"":1.8359902804102928,""recovery_adjustment"":0.4018844550392941},""right_candidate_index"":42},{""left_candidate_index"":193,""moment_difference"":-0.06270559210526316,""pair_index"":2,""parameter_differences"":{""confidence_floor"":0.8749759169295425,""deterioration_adjustment"":-0.6008529700338838,""panic_response"":2.6205578386639607,""recovery_adjustment"":0.14921588889190612},""right_candidate_index"":100},{""left_candidate_index"":116,""moment_difference"":0.11081414473684204,""pair_index"":3,""parameter_differences"":{""confidence_floor"":-0.17603670712560404,""deterioration_adjustment"":-0.26285866647958744,""panic_response"":1.522165212430246,""recovery_adjustment"":-0.2741302060086407},""right_candidate_index"":127},{""left_candidate_index"":36,""moment_difference"":0.08717105263157898,""pair_index"":4,""parameter_differences"":{""confidence_floor"":-0.0938006294891238,""deterioration_adjustment"":0.05211010854691267,""panic_response"":0.6607945143430864,""recovery_adjustment"":0.07404947049588717},""right_candidate_index"":252},{""left_candidate_index"":222,""moment_difference"":-0.054893092105263164,""pair_index"":5,""parameter_differences"":{""confidence_floor"":-0.11346969008445751,""deterioration_adjustment"":-0.007403663359582313,""panic_response"":-0.4146542415671981,""recovery_adjustment"":-0.9745140017049413},""right_candidate_index"":97},{""left_candidate_index"":134,""moment_difference"":0.3090049342105263,""pair_index"":6,""parameter_differences"":{""confidence_floor"":-0.6239491663873192,""deterioration_adjustment"":-0.5912777306511997,""panic_response"":-2.0460359842028835,""recovery_adjustment"":-0.41094174453521337},""right_candidate_index"":103},{""left_candidate_index"":203,""moment_difference"":-0.05941611842105263,""pair_index"":7,""parameter_differences"":{""confidence_floor"":-0.598956520669162,""deterioration_adjustment"":0.7078072717413303,""panic_response"":0.526483437262438,""recovery_adjustment"":0.8483160902933611},""right_candidate_index"":126}],""maximum"":0.408922697368421,""minimum"":0.014597039473684213,""non_degenerate"":true,""range"":0.3943256578947368,""rank_correlations"":{""confidence_floor"":-0.2764705882352941,""deterioration_adjustment"":-0.6176470588235293,""panic_response"":-0.3911764705882353,""recovery_adjustment"":-0.4088235294117647},""recovery_adjustment_rank"":2,""sensitivity_gate_passed"":true,""standardised_univariate_slopes"":{""confidence_floor"":-0.25420839961477415,""deterioration_adjustment"":-0.7269304095757926,""panic_response"":-0.5568974028418814,""recovery_adjustment"":-0.48022128936585895},""strongest_absolute_rank_correlation"":""deterioration_adjustment""}"
fixed_horizon_probability,222,256,0.069490131578947373,0.0050760526617906147,0.0049341433388958508,0.0050760526617906147,0.027956629363396771,True,0.082330569531281705,0.0082330569531281709,True,-0.48613050307042849,regular_convergence,128,False,"{""clear_recovery_adjustment_secondary_relationship"":true,""local_pairwise_differences"":[{""left_candidate_index"":0,""moment_difference"":-0.23190789473684206,""pair_index"":0,""parameter_differences"":{""confidence_floor"":0.6979905702173707,""deterioration_adjustment"":0.9944576695561403,""panic_response"":1.7551187046835377,""recovery_adjustment"":0.508190783489818},""right_candidate_index"":94},{""left_candidate_index"":171,""moment_difference"":-0.233141447368421,""pair_index"":1,""parameter_differences"":{""confidence_floor"":-0.9867684068158264,""deterioration_adjustment"":0.4170397389680145,""panic_response"":1.8359902804102928,""recovery_adjustment"":0.4018844550392941},""right_candidate_index"":42},{""left_candidate_index"":193,""moment_difference"":-0.06270559210526316,""pair_index"":2,""parameter_differences"":{""confidence_floor"":0.8749759169295425,""deterioration_adjustment"":-0.6008529700338838,""panic_response"":2.6205578386639607,""recovery_adjustment"":0.14921588889190612},""right_candidate_index"":100},{""left_candidate_index"":116,""moment_difference"":0.11081414473684204,""pair_index"":3,""parameter_differences"":{""confidence_floor"":-0.17603670712560404,""deterioration_adjustment"":-0.26285866647958744,""panic_response"":1.522165212430246,""recovery_adjustment"":-0.2741302060086407},""right_candidate_index"":127},{""left_candidate_index"":36,""moment_difference"":0.08717105263157898,""pair_index"":4,""parameter_differences"":{""confidence_floor"":-0.0938006294891238,""deterioration_adjustment"":0.05211010854691267,""panic_response"":0.6607945143430864,""recovery_adjustment"":0.07404947049588717},""right_candidate_index"":252},{""left_candidate_index"":222,""moment_difference"":-0.054893092105263164,""pair_index"":5,""parameter_differences"":{""confidence_floor"":-0.11346969008445751,""deterioration_adjustment"":-0.007403663359582313,""panic_response"":-0.4146542415671981,""recovery_adjustment"":-0.9745140017049413},""right_candidate_index"":97},{""left_candidate_index"":134,""moment_difference"":0.3090049342105263,""pair_index"":6,""parameter_differences"":{""confidence_floor"":-0.6239491663873192,""deterioration_adjustment"":-0.5912777306511997,""panic_response"":-2.0460359842028835,""recovery_adjustment"":-0.41094174453521337},""right_candidate_index"":103},{""left_candidate_index"":203,""moment_difference"":-0.05941611842105263,""pair_index"":7,""parameter_differences"":{""confidence_floor"":-0.598956520669162,""deterioration_adjustment"":0.7078072717413303,""panic_response"":0.526483437262438,""recovery_adjustment"":0.8483160902933611},""right_candidate_index"":126}],""maximum"":0.408922697368421,""minimum"":0.014597039473684213,""non_degenerate"":true,""range"":0.3943256578947368,""rank_correlations"":{""confidence_floor"":-0.2764705882352941,""deterioration_adjustment"":-0.6176470588235293,""panic_response"":-0.3911764705882353,""recovery_adjustment"":-0.4088235294117647},""recovery_adjustment_rank"":2,""sensitivity_gate_passed"":true,""standardised_univariate_slopes"":{""confidence_floor"":-0.25420839961477415,""deterioration_adjustment"":-0.7269304095757926,""panic_response"":-0.5568974028418814,""recovery_adjustment"":-0.48022128936585895},""strongest_absolute_rank_correlation"":""deterioration_adjustment""}"
fixed_horizon_probability,252,32,0.375,0.019842670435493721,0.021627084079781572,0.021627084079781572,0.082508286262965927,True,0.082330569531281705,0.0082330569531281709,False,-0.5137483998314154,regular_convergence,256,False,"{""clear_recovery_adjustment_secondary_relationship"":true,""local_pairwise_differences"":[{""left_candidate_index"":0,""moment_difference"":-0.23190789473684206,""pair_index"":0,""parameter_differences"":{""confidence_floor"":0.6979905702173707,""deterioration_adjustment"":0.9944576695561403,""panic_response"":1.7551187046835377,""recovery_adjustment"":0.508190783489818},""right_candidate_index"":94},{""left_candidate_index"":171,""moment_difference"":-0.233141447368421,""pair_index"":1,""parameter_differences"":{""confidence_floor"":-0.9867684068158264,""deterioration_adjustment"":0.4170397389680145,""panic_response"":1.8359902804102928,""recovery_adjustment"":0.4018844550392941},""right_candidate_index"":42},{""left_candidate_index"":193,""moment_difference"":-0.06270559210526316,""pair_index"":2,""parameter_differences"":{""confidence_floor"":0.8749759169295425,""deterioration_adjustment"":-0.6008529700338838,""panic_response"":2.6205578386639607,""recovery_adjustment"":0.14921588889190612},""right_candidate_index"":100},{""left_candidate_index"":116,""moment_difference"":0.11081414473684204,""pair_index"":3,""parameter_differences"":{""confidence_floor"":-0.17603670712560404,""deterioration_adjustment"":-0.26285866647958744,""panic_response"":1.522165212430246,""recovery_adjustment"":-0.2741302060086407},""right_candidate_index"":127},{""left_candidate_index"":36,""moment_difference"":0.08717105263157898,""pair_index"":4,""parameter_differences"":{""confidence_floor"":-0.0938006294891238,""deterioration_adjustment"":0.05211010854691267,""panic_response"":0.6607945143430864,""recovery_adjustment"":0.07404947049588717},""right_candidate_index"":252},{""left_candidate_index"":222,""moment_difference"":-0.054893092105263164,""pair_index"":5,""parameter_differences"":{""confidence_floor"":-0.11346969008445751,""deterioration_adjustment"":-0.007403663359582313,""panic_response"":-0.4146542415671981,""recovery_adjustment"":-0.9745140017049413},""right_candidate_index"":97},{""left_candidate_index"":134,""moment_difference"":0.3090049342105263,""pair_index"":6,""parameter_differences"":{""confidence_floor"":-0.6239491663873192,""deterioration_adjustment"":-0.5912777306511997,""panic_response"":-2.0460359842028835,""recovery_adjustment"":-0.41094174453521337},""right_candidate_index"":103},{""left_candidate_index"":203,""moment_difference"":-0.05941611842105263,""pair_index"":7,""parameter_differences"":{""confidence_floor"":-0.598956520669162,""deterioration_adjustment"":0.7078072717413303,""panic_response"":0.526483437262438,""recovery_adjustment"":0.8483160902933611},""right_candidate_index"":126}],""maximum"":0.408922697368421,""minimum"":0.014597039473684213,""non_degenerate"":true,""range"":0.3943256578947368,""rank_correlations"":{""confidence_floor"":-0.2764705882352941,""deterioration_adjustment"":-0.6176470588235293,""panic_response"":-0.3911764705882353,""recovery_adjustment"":-0.4088235294117647},""recovery_adjustment_rank"":2,""sensitivity_gate_passed"":true,""standardised_univariate_slopes"":{""confidence_floor"":-0.25420839961477415,""deterioration_adjustment"":-0.7269304095757926,""panic_response"":-0.5568974028418814,""recovery_adjustment"":-0.48022128936585895},""strongest_absolute_rank_correlation"":""deterioration_adjustment""}"
fixed_horizon_probability,252,64,0.34786184210526316,0.014218569447284349,0.015176108043493871,0.015176108043493871,0.063095135687309956,True,0.082330569531281705,0.0082330569531281709,False,-0.5137483998314154,regular_convergence,256,False,"{""clear_recovery_adjustment_secondary_relationship"":true,""local_pairwise_differences"":[{""left_candidate_index"":0,""moment_difference"":-0.23190789473684206,""pair_index"":0,""parameter_differences"":{""confidence_floor"":0.6979905702173707,""deterioration_adjustment"":0.9944576695561403,""panic_response"":1.7551187046835377,""recovery_adjustment"":0.508190783489818},""right_candidate_index"":94},{""left_candidate_index"":171,""moment_difference"":-0.233141447368421,""pair_index"":1,""parameter_differences"":{""confidence_floor"":-0.9867684068158264,""deterioration_adjustment"":0.4170397389680145,""panic_response"":1.8359902804102928,""recovery_adjustment"":0.4018844550392941},""right_candidate_index"":42},{""left_candidate_index"":193,""moment_difference"":-0.06270559210526316,""pair_index"":2,""parameter_differences"":{""confidence_floor"":0.8749759169295425,""deterioration_adjustment"":-0.6008529700338838,""panic_response"":2.6205578386639607,""recovery_adjustment"":0.14921588889190612},""right_candidate_index"":100},{""left_candidate_index"":116,""moment_difference"":0.11081414473684204,""pair_index"":3,""parameter_differences"":{""confidence_floor"":-0.17603670712560404,""deterioration_adjustment"":-0.26285866647958744,""panic_response"":1.522165212430246,""recovery_adjustment"":-0.2741302060086407},""right_candidate_index"":127},{""left_candidate_index"":36,""moment_difference"":0.08717105263157898,""pair_index"":4,""parameter_differences"":{""confidence_floor"":-0.0938006294891238,""deterioration_adjustment"":0.05211010854691267,""panic_response"":0.6607945143430864,""recovery_adjustment"":0.07404947049588717},""right_candidate_index"":252},{""left_candidate_index"":222,""moment_difference"":-0.054893092105263164,""pair_index"":5,""parameter_differences"":{""confidence_floor"":-0.11346969008445751,""deterioration_adjustment"":-0.007403663359582313,""panic_response"":-0.4146542415671981,""recovery_adjustment"":-0.9745140017049413},""right_candidate_index"":97},{""left_candidate_index"":134,""moment_difference"":0.3090049342105263,""pair_index"":6,""parameter_differences"":{""confidence_floor"":-0.6239491663873192,""deterioration_adjustment"":-0.5912777306511997,""panic_response"":-2.0460359842028835,""recovery_adjustment"":-0.41094174453521337},""right_candidate_index"":103},{""left_candidate_index"":203,""moment_difference"":-0.05941611842105263,""pair_index"":7,""parameter_differences"":{""confidence_floor"":-0.598956520669162,""deterioration_adjustment"":0.7078072717413303,""panic_response"":0.526483437262438,""recovery_adjustment"":0.8483160902933611},""right_candidate_index"":126}],""maximum"":0.408922697368421,""minimum"":0.014597039473684213,""non_degenerate"":true,""range"":0.3943256578947368,""rank_correlations"":{""confidence_floor"":-0.2764705882352941,""deterioration_adjustment"":-0.6176470588235293,""panic_response"":-0.3911764705882353,""recovery_adjustment"":-0.4088235294117647},""recovery_adjustment_rank"":2,""sensitivity_gate_passed"":true,""standardised_univariate_slopes"":{""confidence_floor"":-0.25420839961477415,""deterioration_adjustment"":-0.7269304095757926,""panic_response"":-0.5568974028418814,""recovery_adjustment"":-0.48022128936585895},""strongest_absolute_rank_correlation"":""deterioration_adjustment""}"
fixed_horizon_probability,252,128,0.34703947368421051,0.010186521676686787,0.011205634815065644,0.011205634815065644,0.090946488547769724,True,0.082330569531281705,0.0082330569531281709,False,-0.5137483998314154,regular_convergence,256,False,"{""clear_recovery_adjustment_secondary_relationship"":true,""local_pairwise_differences"":[{""left_candidate_index"":0,""moment_difference"":-0.23190789473684206,""pair_index"":0,""parameter_differences"":{""confidence_floor"":0.6979905702173707,""deterioration_adjustment"":0.9944576695561403,""panic_response"":1.7551187046835377,""recovery_adjustment"":0.508190783489818},""right_candidate_index"":94},{""left_candidate_index"":171,""moment_difference"":-0.233141447368421,""pair_index"":1,""parameter_differences"":{""confidence_floor"":-0.9867684068158264,""deterioration_adjustment"":0.4170397389680145,""panic_response"":1.8359902804102928,""recovery_adjustment"":0.4018844550392941},""right_candidate_index"":42},{""left_candidate_index"":193,""moment_difference"":-0.06270559210526316,""pair_index"":2,""parameter_differences"":{""confidence_floor"":0.8749759169295425,""deterioration_adjustment"":-0.6008529700338838,""panic_response"":2.6205578386639607,""recovery_adjustment"":0.14921588889190612},""right_candidate_index"":100},{""left_candidate_index"":116,""moment_difference"":0.11081414473684204,""pair_index"":3,""parameter_differences"":{""confidence_floor"":-0.17603670712560404,""deterioration_adjustment"":-0.26285866647958744,""panic_response"":1.522165212430246,""recovery_adjustment"":-0.2741302060086407},""right_candidate_index"":127},{""left_candidate_index"":36,""moment_difference"":0.08717105263157898,""pair_index"":4,""parameter_differences"":{""confidence_floor"":-0.0938006294891238,""deterioration_adjustment"":0.05211010854691267,""panic_response"":0.6607945143430864,""recovery_adjustment"":0.07404947049588717},""right_candidate_index"":252},{""left_candidate_index"":222,""moment_difference"":-0.054893092105263164,""pair_index"":5,""parameter_differences"":{""confidence_floor"":-0.11346969008445751,""deterioration_adjustment"":-0.007403663359582313,""panic_response"":-0.4146542415671981,""recovery_adjustment"":-0.9745140017049413},""right_candidate_index"":97},{""left_candidate_index"":134,""moment_difference"":0.3090049342105263,""pair_index"":6,""parameter_differences"":{""confidence_floor"":-0.6239491663873192,""deterioration_adjustment"":-0.5912777306511997,""panic_response"":-2.0460359842028835,""recovery_adjustment"":-0.41094174453521337},""right_candidate_index"":103},{""left_candidate_index"":203,""moment_difference"":-0.05941611842105263,""pair_index"":7,""parameter_differences"":{""confidence_floor"":-0.598956520669162,""deterioration_adjustment"":0.7078072717413303,""panic_response"":0.526483437262438,""recovery_adjustment"":0.8483160902933611},""right_candidate_index"":126}],""maximum"":0.408922697368421,""minimum"":0.014597039473684213,""non_degenerate"":true,""range"":0.3943256578947368,""rank_correlations"":{""confidence_floor"":-0.2764705882352941,""deterioration_adjustment"":-0.6176470588235293,""panic_response"":-0.3911764705882353,""recovery_adjustment"":-0.4088235294117647},""recovery_adjustment_rank"":2,""sensitivity_gate_passed"":true,""standardised_univariate_slopes"":{""confidence_floor"":-0.25420839961477415,""deterioration_adjustment"":-0.7269304095757926,""panic_response"":-0.5568974028418814,""recovery_adjustment"":-0.48022128936585895},""strongest_absolute_rank_correlation"":""deterioration_adjustment""}"
fixed_horizon_probability,252,256,0.34847861842105265,0.007205714168877041,0.007301190639612919,0.007301190639612919,0.013076835744825826,True,0.082330569531281705,0.0082330569531281709,True,-0.5137483998314154,regular_convergence,256,False,"{""clear_recovery_adjustment_secondary_relationship"":true,""local_pairwise_differences"":[{""left_candidate_index"":0,""moment_difference"":-0.23190789473684206,""pair_index"":0,""parameter_differences"":{""confidence_floor"":0.6979905702173707,""deterioration_adjustment"":0.9944576695561403,""panic_response"":1.7551187046835377,""recovery_adjustment"":0.508190783489818},""right_candidate_index"":94},{""left_candidate_index"":171,""moment_difference"":-0.233141447368421,""pair_index"":1,""parameter_differences"":{""confidence_floor"":-0.9867684068158264,""deterioration_adjustment"":0.4170397389680145,""panic_response"":1.8359902804102928,""recovery_adjustment"":0.4018844550392941},""right_candidate_index"":42},{""left_candidate_index"":193,""moment_difference"":-0.06270559210526316,""pair_index"":2,""parameter_differences"":{""confidence_floor"":0.8749759169295425,""deterioration_adjustment"":-0.6008529700338838,""panic_response"":2.6205578386639607,""recovery_adjustment"":0.14921588889190612},""right_candidate_index"":100},{""left_candidate_index"":116,""moment_difference"":0.11081414473684204,""pair_index"":3,""parameter_differences"":{""confidence_floor"":-0.17603670712560404,""deterioration_adjustment"":-0.26285866647958744,""panic_response"":1.522165212430246,""recovery_adjustment"":-0.2741302060086407},""right_candidate_index"":127},{""left_candidate_index"":36,""moment_difference"":0.08717105263157898,""pair_index"":4,""parameter_differences"":{""confidence_floor"":-0.0938006294891238,""deterioration_adjustment"":0.05211010854691267,""panic_response"":0.6607945143430864,""recovery_adjustment"":0.07404947049588717},""right_candidate_index"":252},{""left_candidate_index"":222,""moment_difference"":-0.054893092105263164,""pair_index"":5,""parameter_differences"":{""confidence_floor"":-0.11346969008445751,""deterioration_adjustment"":-0.007403663359582313,""panic_response"":-0.4146542415671981,""recovery_adjustment"":-0.9745140017049413},""right_candidate_index"":97},{""left_candidate_index"":134,""moment_difference"":0.3090049342105263,""pair_index"":6,""parameter_differences"":{""confidence_floor"":-0.6239491663873192,""deterioration_adjustment"":-0.5912777306511997,""panic_response"":-2.0460359842028835,""recovery_adjustment"":-0.41094174453521337},""right_candidate_index"":103},{""left_candidate_index"":203,""moment_difference"":-0.05941611842105263,""pair_index"":7,""parameter_differences"":{""confidence_floor"":-0.598956520669162,""deterioration_adjustment"":0.7078072717413303,""panic_response"":0.526483437262438,""recovery_adjustment"":0.8483160902933611},""right_candidate_index"":126}],""maximum"":0.408922697368421,""minimum"":0.014597039473684213,""non_degenerate"":true,""range"":0.3943256578947368,""rank_correlations"":{""confidence_floor"":-0.2764705882352941,""deterioration_adjustment"":-0.6176470588235293,""panic_response"":-0.3911764705882353,""recovery_adjustment"":-0.4088235294117647},""recovery_adjustment_rank"":2,""sensitivity_gate_passed"":true,""standardised_univariate_slopes"":{""confidence_floor"":-0.25420839961477415,""deterioration_adjustment"":-0.7269304095757926,""panic_response"":-0.5568974028418814,""recovery_adjustment"":-0.48022128936585895},""strongest_absolute_rank_correlation"":""deterioration_adjustment""}"
restricted_mean_recovery_time,0,32,-31.101973684210527,0.95292054756842526,0.95998815511068636,0.95998815511068636,0.0073621820275961711,True,7.4645104861890914,0.74645104861890921,False,-0.49282767457087784,regular_convergence,64,False,"{""clear_recovery_adjustment_secondary_relationship"":true,""local_pairwise_differences"":[{""left_candidate_index"":0,""moment_difference"":27.55777138157893,""pair_index"":0,""parameter_differences"":{""confidence_floor"":0.6979905702173707,""deterioration_adjustment"":0.9944576695561403,""panic_response"":1.7551187046835377,""recovery_adjustment"":0.508190783489818},""right_candidate_index"":94},{""left_candidate_index"":171,""moment_difference"":27.75349506578945,""pair_index"":1,""parameter_differences"":{""confidence_floor"":-0.9867684068158264,""deterioration_adjustment"":0.4170397389680145,""panic_response"":1.8359902804102928,""recovery_adjustment"":0.4018844550392941},""right_candidate_index"":42},{""left_candidate_index"":193,""moment_difference"":13.207648026315788,""pair_index"":2,""parameter_differences"":{""confidence_floor"":0.8749759169295425,""deterioration_adjustment"":-0.6008529700338838,""panic_response"":2.6205578386639607,""recovery_adjustment"":0.14921588889190612},""right_candidate_index"":100},{""left_candidate_index"":116,""moment_difference"":-18.98129111842104,""pair_index"":3,""parameter_differences"":{""confidence_floor"":-0.17603670712560404,""deterioration_adjustment"":-0.26285866647958744,""panic_response"":1.522165212430246,""recovery_adjustment"":-0.2741302060086407},""right_candidate_index"":127},{""left_candidate_index"":36,""moment_difference"":-24.25246710526318,""pair_index"":4,""parameter_differences"":{""confidence_floor"":-0.0938006294891238,""deterioration_adjustment"":0.05211010854691267,""panic_response"":0.6607945143430864,""recovery_adjustment"":0.07404947049588717},""right_candidate_index"":252},{""left_candidate_index"":222,""moment_difference"":9.237664473684191,""pair_index"":5,""parameter_differences"":{""confidence_floor"":-0.11346969008445751,""deterioration_adjustment"":-0.007403663359582313,""panic_response"":-0.4146542415671981,""recovery_adjustment"":-0.9745140017049413},""right_candidate_index"":97},{""left_candidate_index"":134,""moment_difference"":-46.14782072368422,""pair_index"":6,""parameter_differences"":{""confidence_floor"":-0.6239491663873192,""deterioration_adjustment"":-0.5912777306511997,""panic_response"":-2.0460359842028835,""recovery_adjustment"":-0.41094174453521337},""right_candidate_index"":103},{""left_candidate_index"":203,""moment_difference"":9.883223684210535,""pair_index"":7,""parameter_differences"":{""confidence_floor"":-0.598956520669162,""deterioration_adjustment"":0.7078072717413303,""panic_response"":0.526483437262438,""recovery_adjustment"":0.8483160902933611},""right_candidate_index"":126}],""maximum"":-2.453125,""minimum"":-68.33470394736841,""non_degenerate"":true,""range"":65.88157894736841,""rank_correlations"":{""confidence_floor"":0.28823529411764703,""deterioration_adjustment"":0.6529411764705881,""panic_response"":0.4588235294117647,""recovery_adjustment"":0.45294117647058824},""recovery_adjustment_rank"":3,""sensitivity_gate_passed"":true,""standardised_univariate_slopes"":{""confidence_floor"":0.2521780895352076,""deterioration_adjustment"":0.6871348621852033,""panic_response"":0.4958551060249906,""recovery_adjustment"":0.4242237547046213},""strongest_absolute_rank_correlation"":""deterioration_adjustment""}"
restricted_mean_recovery_time,0,64,-32.08552631578948,0.67835364977226786,0.6905696431852435,0.6905696431852435,0.017689734168779159,True,7.4645104861890914,0.74645104861890921,True,-0.49282767457087784,regular_convergence,64,False,"{""clear_recovery_adjustment_secondary_relationship"":true,""local_pairwise_differences"":[{""left_candidate_index"":0,""moment_difference"":27.55777138157893,""pair_index"":0,""parameter_differences"":{""confidence_floor"":0.6979905702173707,""deterioration_adjustment"":0.9944576695561403,""panic_response"":1.7551187046835377,""recovery_adjustment"":0.508190783489818},""right_candidate_index"":94},{""left_candidate_index"":171,""moment_difference"":27.75349506578945,""pair_index"":1,""parameter_differences"":{""confidence_floor"":-0.9867684068158264,""deterioration_adjustment"":0.4170397389680145,""panic_response"":1.8359902804102928,""recovery_adjustment"":0.4018844550392941},""right_candidate_index"":42},{""left_candidate_index"":193,""moment_difference"":13.207648026315788,""pair_index"":2,""parameter_differences"":{""confidence_floor"":0.8749759169295425,""deterioration_adjustment"":-0.6008529700338838,""panic_response"":2.6205578386639607,""recovery_adjustment"":0.14921588889190612},""right_candidate_index"":100},{""left_candidate_index"":116,""moment_difference"":-18.98129111842104,""pair_index"":3,""parameter_differences"":{""confidence_floor"":-0.17603670712560404,""deterioration_adjustment"":-0.26285866647958744,""panic_response"":1.522165212430246,""recovery_adjustment"":-0.2741302060086407},""right_candidate_index"":127},{""left_candidate_index"":36,""moment_difference"":-24.25246710526318,""pair_index"":4,""parameter_differences"":{""confidence_floor"":-0.0938006294891238,""deterioration_adjustment"":0.05211010854691267,""panic_response"":0.6607945143430864,""recovery_adjustment"":0.07404947049588717},""right_candidate_index"":252},{""left_candidate_index"":222,""moment_difference"":9.237664473684191,""pair_index"":5,""parameter_differences"":{""confidence_floor"":-0.11346969008445751,""deterioration_adjustment"":-0.007403663359582313,""panic_response"":-0.4146542415671981,""recovery_adjustment"":-0.9745140017049413},""right_candidate_index"":97},{""left_candidate_index"":134,""moment_difference"":-46.14782072368422,""pair_index"":6,""parameter_differences"":{""confidence_floor"":-0.6239491663873192,""deterioration_adjustment"":-0.5912777306511997,""panic_response"":-2.0460359842028835,""recovery_adjustment"":-0.41094174453521337},""right_candidate_index"":103},{""left_candidate_index"":203,""moment_difference"":9.883223684210535,""pair_index"":7,""parameter_differences"":{""confidence_floor"":-0.598956520669162,""deterioration_adjustment"":0.7078072717413303,""panic_response"":0.526483437262438,""recovery_adjustment"":0.8483160902933611},""right_candidate_index"":126}],""maximum"":-2.453125,""minimum"":-68.33470394736841,""non_degenerate"":true,""range"":65.88157894736841,""rank_correlations"":{""confidence_floor"":0.28823529411764703,""deterioration_adjustment"":0.6529411764705881,""panic_response"":0.4588235294117647,""recovery_adjustment"":0.45294117647058824},""recovery_adjustment_rank"":3,""sensitivity_gate_passed"":true,""standardised_univariate_slopes"":{""confidence_floor"":0.2521780895352076,""deterioration_adjustment"":0.6871348621852033,""panic_response"":0.4958551060249906,""recovery_adjustment"":0.4242237547046213},""strongest_absolute_rank_correlation"":""deterioration_adjustment""}"
restricted_mean_recovery_time,0,128,-32.046463815789473,0.46641454857375531,0.49393039779832715,0.49393039779832715,0.055707948624386189,True,7.4645104861890914,0.74645104861890921,True,-0.49282767457087784,regular_convergence,64,False,"{""clear_recovery_adjustment_secondary_relationship"":true,""local_pairwise_differences"":[{""left_candidate_index"":0,""moment_difference"":27.55777138157893,""pair_index"":0,""parameter_differences"":{""confidence_floor"":0.6979905702173707,""deterioration_adjustment"":0.9944576695561403,""panic_response"":1.7551187046835377,""recovery_adjustment"":0.508190783489818},""right_candidate_index"":94},{""left_candidate_index"":171,""moment_difference"":27.75349506578945,""pair_index"":1,""parameter_differences"":{""confidence_floor"":-0.9867684068158264,""deterioration_adjustment"":0.4170397389680145,""panic_response"":1.8359902804102928,""recovery_adjustment"":0.4018844550392941},""right_candidate_index"":42},{""left_candidate_index"":193,""moment_difference"":13.207648026315788,""pair_index"":2,""parameter_differences"":{""confidence_floor"":0.8749759169295425,""deterioration_adjustment"":-0.6008529700338838,""panic_response"":2.6205578386639607,""recovery_adjustment"":0.14921588889190612},""right_candidate_index"":100},{""left_candidate_index"":116,""moment_difference"":-18.98129111842104,""pair_index"":3,""parameter_differences"":{""confidence_floor"":-0.17603670712560404,""deterioration_adjustment"":-0.26285866647958744,""panic_response"":1.522165212430246,""recovery_adjustment"":-0.2741302060086407},""right_candidate_index"":127},{""left_candidate_index"":36,""moment_difference"":-24.25246710526318,""pair_index"":4,""parameter_differences"":{""confidence_floor"":-0.0938006294891238,""deterioration_adjustment"":0.05211010854691267,""panic_response"":0.6607945143430864,""recovery_adjustment"":0.07404947049588717},""right_candidate_index"":252},{""left_candidate_index"":222,""moment_difference"":9.237664473684191,""pair_index"":5,""parameter_differences"":{""confidence_floor"":-0.11346969008445751,""deterioration_adjustment"":-0.007403663359582313,""panic_response"":-0.4146542415671981,""recovery_adjustment"":-0.9745140017049413},""right_candidate_index"":97},{""left_candidate_index"":134,""moment_difference"":-46.14782072368422,""pair_index"":6,""parameter_differences"":{""confidence_floor"":-0.6239491663873192,""deterioration_adjustment"":-0.5912777306511997,""panic_response"":-2.0460359842028835,""recovery_adjustment"":-0.41094174453521337},""right_candidate_index"":103},{""left_candidate_index"":203,""moment_difference"":9.883223684210535,""pair_index"":7,""parameter_differences"":{""confidence_floor"":-0.598956520669162,""deterioration_adjustment"":0.7078072717413303,""panic_response"":0.526483437262438,""recovery_adjustment"":0.8483160902933611},""right_candidate_index"":126}],""maximum"":-2.453125,""minimum"":-68.33470394736841,""non_degenerate"":true,""range"":65.88157894736841,""rank_correlations"":{""confidence_floor"":0.28823529411764703,""deterioration_adjustment"":0.6529411764705881,""panic_response"":0.4588235294117647,""recovery_adjustment"":0.45294117647058824},""recovery_adjustment_rank"":3,""sensitivity_gate_passed"":true,""standardised_univariate_slopes"":{""confidence_floor"":0.2521780895352076,""deterioration_adjustment"":0.6871348621852033,""panic_response"":0.4958551060249906,""recovery_adjustment"":0.4242237547046213},""strongest_absolute_rank_correlation"":""deterioration_adjustment""}"
restricted_mean_recovery_time,0,256,-32.3359375,0.3295973149852095,0.34376374733492232,0.34376374733492232,0.041209791490638893,True,7.4645104861890914,0.74645104861890921,True,-0.49282767457087784,regular_convergence,64,False,"{""clear_recovery_adjustment_secondary_relationship"":true,""local_pairwise_differences"":[{""left_candidate_index"":0,""moment_difference"":27.55777138157893,""pair_index"":0,""parameter_differences"":{""confidence_floor"":0.6979905702173707,""deterioration_adjustment"":0.9944576695561403,""panic_response"":1.7551187046835377,""recovery_adjustment"":0.508190783489818},""right_candidate_index"":94},{""left_candidate_index"":171,""moment_difference"":27.75349506578945,""pair_index"":1,""parameter_differences"":{""confidence_floor"":-0.9867684068158264,""deterioration_adjustment"":0.4170397389680145,""panic_response"":1.8359902804102928,""recovery_adjustment"":0.4018844550392941},""right_candidate_index"":42},{""left_candidate_index"":193,""moment_difference"":13.207648026315788,""pair_index"":2,""parameter_differences"":{""confidence_floor"":0.8749759169295425,""deterioration_adjustment"":-0.6008529700338838,""panic_response"":2.6205578386639607,""recovery_adjustment"":0.14921588889190612},""right_candidate_index"":100},{""left_candidate_index"":116,""moment_difference"":-18.98129111842104,""pair_index"":3,""parameter_differences"":{""confidence_floor"":-0.17603670712560404,""deterioration_adjustment"":-0.26285866647958744,""panic_response"":1.522165212430246,""recovery_adjustment"":-0.2741302060086407},""right_candidate_index"":127},{""left_candidate_index"":36,""moment_difference"":-24.25246710526318,""pair_index"":4,""parameter_differences"":{""confidence_floor"":-0.0938006294891238,""deterioration_adjustment"":0.05211010854691267,""panic_response"":0.6607945143430864,""recovery_adjustment"":0.07404947049588717},""right_candidate_index"":252},{""left_candidate_index"":222,""moment_difference"":9.237664473684191,""pair_index"":5,""parameter_differences"":{""confidence_floor"":-0.11346969008445751,""deterioration_adjustment"":-0.007403663359582313,""panic_response"":-0.4146542415671981,""recovery_adjustment"":-0.9745140017049413},""right_candidate_index"":97},{""left_candidate_index"":134,""moment_difference"":-46.14782072368422,""pair_index"":6,""parameter_differences"":{""confidence_floor"":-0.6239491663873192,""deterioration_adjustment"":-0.5912777306511997,""panic_response"":-2.0460359842028835,""recovery_adjustment"":-0.41094174453521337},""right_candidate_index"":103},{""left_candidate_index"":203,""moment_difference"":9.883223684210535,""pair_index"":7,""parameter_differences"":{""confidence_floor"":-0.598956520669162,""deterioration_adjustment"":0.7078072717413303,""panic_response"":0.526483437262438,""recovery_adjustment"":0.8483160902933611},""right_candidate_index"":126}],""maximum"":-2.453125,""minimum"":-68.33470394736841,""non_degenerate"":true,""range"":65.88157894736841,""rank_correlations"":{""confidence_floor"":0.28823529411764703,""deterioration_adjustment"":0.6529411764705881,""panic_response"":0.4588235294117647,""recovery_adjustment"":0.45294117647058824},""recovery_adjustment_rank"":3,""sensitivity_gate_passed"":true,""standardised_univariate_slopes"":{""confidence_floor"":0.2521780895352076,""deterioration_adjustment"":0.6871348621852033,""panic_response"":0.4958551060249906,""recovery_adjustment"":0.4242237547046213},""strongest_absolute_rank_correlation"":""deterioration_adjustment""}"
restricted_mean_recovery_time,36,32,-31.35361842105263,0.97478929074531584,0.97276672454786817,0.97478929074531584,0.0020748752747388466,True,7.4645104861890914,0.74645104861890921,False,-0.49958763655831312,regular_convergence,64,False,"{""clear_recovery_adjustment_secondary_relationship"":true,""local_pairwise_differences"":[{""left_candidate_index"":0,""moment_difference"":27.55777138157893,""pair_index"":0,""parameter_differences"":{""confidence_floor"":0.6979905702173707,""deterioration_adjustment"":0.9944576695561403,""panic_response"":1.7551187046835377,""recovery_adjustment"":0.508190783489818},""right_candidate_index"":94},{""left_candidate_index"":171,""moment_difference"":27.75349506578945,""pair_index"":1,""parameter_differences"":{""confidence_floor"":-0.9867684068158264,""deterioration_adjustment"":0.4170397389680145,""panic_response"":1.8359902804102928,""recovery_adjustment"":0.4018844550392941},""right_candidate_index"":42},{""left_candidate_index"":193,""moment_difference"":13.207648026315788,""pair_index"":2,""parameter_differences"":{""confidence_floor"":0.8749759169295425,""deterioration_adjustment"":-0.6008529700338838,""panic_response"":2.6205578386639607,""recovery_adjustment"":0.14921588889190612},""right_candidate_index"":100},{""left_candidate_index"":116,""moment_difference"":-18.98129111842104,""pair_index"":3,""parameter_differences"":{""confidence_floor"":-0.17603670712560404,""deterioration_adjustment"":-0.26285866647958744,""panic_response"":1.522165212430246,""recovery_adjustment"":-0.2741302060086407},""right_candidate_index"":127},{""left_candidate_index"":36,""moment_difference"":-24.25246710526318,""pair_index"":4,""parameter_differences"":{""confidence_floor"":-0.0938006294891238,""deterioration_adjustment"":0.05211010854691267,""panic_response"":0.6607945143430864,""recovery_adjustment"":0.07404947049588717},""right_candidate_index"":252},{""left_candidate_index"":222,""moment_difference"":9.237664473684191,""pair_index"":5,""parameter_differences"":{""confidence_floor"":-0.11346969008445751,""deterioration_adjustment"":-0.007403663359582313,""panic_response"":-0.4146542415671981,""recovery_adjustment"":-0.9745140017049413},""right_candidate_index"":97},{""left_candidate_index"":134,""moment_difference"":-46.14782072368422,""pair_index"":6,""parameter_differences"":{""confidence_floor"":-0.6239491663873192,""deterioration_adjustment"":-0.5912777306511997,""panic_response"":-2.0460359842028835,""recovery_adjustment"":-0.41094174453521337},""right_candidate_index"":103},{""left_candidate_index"":203,""moment_difference"":9.883223684210535,""pair_index"":7,""parameter_differences"":{""confidence_floor"":-0.598956520669162,""deterioration_adjustment"":0.7078072717413303,""panic_response"":0.526483437262438,""recovery_adjustment"":0.8483160902933611},""right_candidate_index"":126}],""maximum"":-2.453125,""minimum"":-68.33470394736841,""non_degenerate"":true,""range"":65.88157894736841,""rank_correlations"":{""confidence_floor"":0.28823529411764703,""deterioration_adjustment"":0.6529411764705881,""panic_response"":0.4588235294117647,""recovery_adjustment"":0.45294117647058824},""recovery_adjustment_rank"":3,""sensitivity_gate_passed"":true,""standardised_univariate_slopes"":{""confidence_floor"":0.2521780895352076,""deterioration_adjustment"":0.6871348621852033,""panic_response"":0.4958551060249906,""recovery_adjustment"":0.4242237547046213},""strongest_absolute_rank_correlation"":""deterioration_adjustment""}"
restricted_mean_recovery_time,36,64,-32.340460526315788,0.68848696746343929,0.69351460401141796,0.69351460401141796,0.0072495034984092271,True,7.4645104861890914,0.74645104861890921,True,-0.49958763655831312,regular_convergence,64,False,"{""clear_recovery_adjustment_secondary_relationship"":true,""local_pairwise_differences"":[{""left_candidate_index"":0,""moment_difference"":27.55777138157893,""pair_index"":0,""parameter_differences"":{""confidence_floor"":0.6979905702173707,""deterioration_adjustment"":0.9944576695561403,""panic_response"":1.7551187046835377,""recovery_adjustment"":0.508190783489818},""right_candidate_index"":94},{""left_candidate_index"":171,""moment_difference"":27.75349506578945,""pair_index"":1,""parameter_differences"":{""confidence_floor"":-0.9867684068158264,""deterioration_adjustment"":0.4170397389680145,""panic_response"":1.8359902804102928,""recovery_adjustment"":0.4018844550392941},""right_candidate_index"":42},{""left_candidate_index"":193,""moment_difference"":13.207648026315788,""pair_index"":2,""parameter_differences"":{""confidence_floor"":0.8749759169295425,""deterioration_adjustment"":-0.6008529700338838,""panic_response"":2.6205578386639607,""recovery_adjustment"":0.14921588889190612},""right_candidate_index"":100},{""left_candidate_index"":116,""moment_difference"":-18.98129111842104,""pair_index"":3,""parameter_differences"":{""confidence_floor"":-0.17603670712560404,""deterioration_adjustment"":-0.26285866647958744,""panic_response"":1.522165212430246,""recovery_adjustment"":-0.2741302060086407},""right_candidate_index"":127},{""left_candidate_index"":36,""moment_difference"":-24.25246710526318,""pair_index"":4,""parameter_differences"":{""confidence_floor"":-0.0938006294891238,""deterioration_adjustment"":0.05211010854691267,""panic_response"":0.6607945143430864,""recovery_adjustment"":0.07404947049588717},""right_candidate_index"":252},{""left_candidate_index"":222,""moment_difference"":9.237664473684191,""pair_index"":5,""parameter_differences"":{""confidence_floor"":-0.11346969008445751,""deterioration_adjustment"":-0.007403663359582313,""panic_response"":-0.4146542415671981,""recovery_adjustment"":-0.9745140017049413},""right_candidate_index"":97},{""left_candidate_index"":134,""moment_difference"":-46.14782072368422,""pair_index"":6,""parameter_differences"":{""confidence_floor"":-0.6239491663873192,""deterioration_adjustment"":-0.5912777306511997,""panic_response"":-2.0460359842028835,""recovery_adjustment"":-0.41094174453521337},""right_candidate_index"":103},{""left_candidate_index"":203,""moment_difference"":9.883223684210535,""pair_index"":7,""parameter_differences"":{""confidence_floor"":-0.598956520669162,""deterioration_adjustment"":0.7078072717413303,""panic_response"":0.526483437262438,""recovery_adjustment"":0.8483160902933611},""right_candidate_index"":126}],""maximum"":-2.453125,""minimum"":-68.33470394736841,""non_degenerate"":true,""range"":65.88157894736841,""rank_correlations"":{""confidence_floor"":0.28823529411764703,""deterioration_adjustment"":0.6529411764705881,""panic_response"":0.4588235294117647,""recovery_adjustment"":0.45294117647058824},""recovery_adjustment_rank"":3,""sensitivity_gate_passed"":true,""standardised_univariate_slopes"":{""confidence_floor"":0.2521780895352076,""deterioration_adjustment"":0.6871348621852033,""panic_response"":0.4958551060249906,""recovery_adjustment"":0.4242237547046213},""strongest_absolute_rank_correlation"":""deterioration_adjustment""}"
restricted_mean_recovery_time,36,128,-32.26973684210526,0.47231170925538768,0.49486423838762933,0.49486423838762933,0.045573164077732681,True,7.4645104861890914,0.74645104861890921,True,-0.49958763655831312,regular_convergence,64,False,"{""clear_recovery_adjustment_secondary_relationship"":true,""local_pairwise_differences"":[{""left_candidate_index"":0,""moment_difference"":27.55777138157893,""pair_index"":0,""parameter_differences"":{""confidence_floor"":0.6979905702173707,""deterioration_adjustment"":0.9944576695561403,""panic_response"":1.7551187046835377,""recovery_adjustment"":0.508190783489818},""right_candidate_index"":94},{""left_candidate_index"":171,""moment_difference"":27.75349506578945,""pair_index"":1,""parameter_differences"":{""confidence_floor"":-0.9867684068158264,""deterioration_adjustment"":0.4170397389680145,""panic_response"":1.8359902804102928,""recovery_adjustment"":0.4018844550392941},""right_candidate_index"":42},{""left_candidate_index"":193,""moment_difference"":13.207648026315788,""pair_index"":2,""parameter_differences"":{""confidence_floor"":0.8749759169295425,""deterioration_adjustment"":-0.6008529700338838,""panic_response"":2.6205578386639607,""recovery_adjustment"":0.14921588889190612},""right_candidate_index"":100},{""left_candidate_index"":116,""moment_difference"":-18.98129111842104,""pair_index"":3,""parameter_differences"":{""confidence_floor"":-0.17603670712560404,""deterioration_adjustment"":-0.26285866647958744,""panic_response"":1.522165212430246,""recovery_adjustment"":-0.2741302060086407},""right_candidate_index"":127},{""left_candidate_index"":36,""moment_difference"":-24.25246710526318,""pair_index"":4,""parameter_differences"":{""confidence_floor"":-0.0938006294891238,""deterioration_adjustment"":0.05211010854691267,""panic_response"":0.6607945143430864,""recovery_adjustment"":0.07404947049588717},""right_candidate_index"":252},{""left_candidate_index"":222,""moment_difference"":9.237664473684191,""pair_index"":5,""parameter_differences"":{""confidence_floor"":-0.11346969008445751,""deterioration_adjustment"":-0.007403663359582313,""panic_response"":-0.4146542415671981,""recovery_adjustment"":-0.9745140017049413},""right_candidate_index"":97},{""left_candidate_index"":134,""moment_difference"":-46.14782072368422,""pair_index"":6,""parameter_differences"":{""confidence_floor"":-0.6239491663873192,""deterioration_adjustment"":-0.5912777306511997,""panic_response"":-2.0460359842028835,""recovery_adjustment"":-0.41094174453521337},""right_candidate_index"":103},{""left_candidate_index"":203,""moment_difference"":9.883223684210535,""pair_index"":7,""parameter_differences"":{""confidence_floor"":-0.598956520669162,""deterioration_adjustment"":0.7078072717413303,""panic_response"":0.526483437262438,""recovery_adjustment"":0.8483160902933611},""right_candidate_index"":126}],""maximum"":-2.453125,""minimum"":-68.33470394736841,""non_degenerate"":true,""range"":65.88157894736841,""rank_correlations"":{""confidence_floor"":0.28823529411764703,""deterioration_adjustment"":0.6529411764705881,""panic_response"":0.4588235294117647,""recovery_adjustment"":0.45294117647058824},""recovery_adjustment_rank"":3,""sensitivity_gate_passed"":true,""standardised_univariate_slopes"":{""confidence_floor"":0.2521780895352076,""deterioration_adjustment"":0.6871348621852033,""panic_response"":0.4958551060249906,""recovery_adjustment"":0.4242237547046213},""strongest_absolute_rank_correlation"":""deterioration_adjustment""}"
restricted_mean_recovery_time,36,256,-32.56661184210526,0.33893618603603959,0.34392550412208778,0.34392550412208778,0.014506973243476193,True,7.4645104861890914,0.74645104861890921,True,-0.49958763655831312,regular_convergence,64,False,"{""clear_recovery_adjustment_secondary_relationship"":true,""local_pairwise_differences"":[{""left_candidate_index"":0,""moment_difference"":27.55777138157893,""pair_index"":0,""parameter_differences"":{""confidence_floor"":0.6979905702173707,""deterioration_adjustment"":0.9944576695561403,""panic_response"":1.7551187046835377,""recovery_adjustment"":0.508190783489818},""right_candidate_index"":94},{""left_candidate_index"":171,""moment_difference"":27.75349506578945,""pair_index"":1,""parameter_differences"":{""confidence_floor"":-0.9867684068158264,""deterioration_adjustment"":0.4170397389680145,""panic_response"":1.8359902804102928,""recovery_adjustment"":0.4018844550392941},""right_candidate_index"":42},{""left_candidate_index"":193,""moment_difference"":13.207648026315788,""pair_index"":2,""parameter_differences"":{""confidence_floor"":0.8749759169295425,""deterioration_adjustment"":-0.6008529700338838,""panic_response"":2.6205578386639607,""recovery_adjustment"":0.14921588889190612},""right_candidate_index"":100},{""left_candidate_index"":116,""moment_difference"":-18.98129111842104,""pair_index"":3,""parameter_differences"":{""confidence_floor"":-0.17603670712560404,""deterioration_adjustment"":-0.26285866647958744,""panic_response"":1.522165212430246,""recovery_adjustment"":-0.2741302060086407},""right_candidate_index"":127},{""left_candidate_index"":36,""moment_difference"":-24.25246710526318,""pair_index"":4,""parameter_differences"":{""confidence_floor"":-0.0938006294891238,""deterioration_adjustment"":0.05211010854691267,""panic_response"":0.6607945143430864,""recovery_adjustment"":0.07404947049588717},""right_candidate_index"":252},{""left_candidate_index"":222,""moment_difference"":9.237664473684191,""pair_index"":5,""parameter_differences"":{""confidence_floor"":-0.11346969008445751,""deterioration_adjustment"":-0.007403663359582313,""panic_response"":-0.4146542415671981,""recovery_adjustment"":-0.9745140017049413},""right_candidate_index"":97},{""left_candidate_index"":134,""moment_difference"":-46.14782072368422,""pair_index"":6,""parameter_differences"":{""confidence_floor"":-0.6239491663873192,""deterioration_adjustment"":-0.5912777306511997,""panic_response"":-2.0460359842028835,""recovery_adjustment"":-0.41094174453521337},""right_candidate_index"":103},{""left_candidate_index"":203,""moment_difference"":9.883223684210535,""pair_index"":7,""parameter_differences"":{""confidence_floor"":-0.598956520669162,""deterioration_adjustment"":0.7078072717413303,""panic_response"":0.526483437262438,""recovery_adjustment"":0.8483160902933611},""right_candidate_index"":126}],""maximum"":-2.453125,""minimum"":-68.33470394736841,""non_degenerate"":true,""range"":65.88157894736841,""rank_correlations"":{""confidence_floor"":0.28823529411764703,""deterioration_adjustment"":0.6529411764705881,""panic_response"":0.4588235294117647,""recovery_adjustment"":0.45294117647058824},""recovery_adjustment_rank"":3,""sensitivity_gate_passed"":true,""standardised_univariate_slopes"":{""confidence_floor"":0.2521780895352076,""deterioration_adjustment"":0.6871348621852033,""panic_response"":0.4958551060249906,""recovery_adjustment"":0.4242237547046213},""strongest_absolute_rank_correlation"":""deterioration_adjustment""}"
restricted_mean_recovery_time,42,32,-4.4539473684210407,1.393834848242353,1.2404508591351164,1.393834848242353,0.11004459337536018,True,7.4645104861890914,0.74645104861890921,False,-0.47311188951503247,regular_convergence,128,False,"{""clear_recovery_adjustment_secondary_relationship"":true,""local_pairwise_differences"":[{""left_candidate_index"":0,""moment_difference"":27.55777138157893,""pair_index"":0,""parameter_differences"":{""confidence_floor"":0.6979905702173707,""deterioration_adjustment"":0.9944576695561403,""panic_response"":1.7551187046835377,""recovery_adjustment"":0.508190783489818},""right_candidate_index"":94},{""left_candidate_index"":171,""moment_difference"":27.75349506578945,""pair_index"":1,""parameter_differences"":{""confidence_floor"":-0.9867684068158264,""deterioration_adjustment"":0.4170397389680145,""panic_response"":1.8359902804102928,""recovery_adjustment"":0.4018844550392941},""right_candidate_index"":42},{""left_candidate_index"":193,""moment_difference"":13.207648026315788,""pair_index"":2,""parameter_differences"":{""confidence_floor"":0.8749759169295425,""deterioration_adjustment"":-0.6008529700338838,""panic_response"":2.6205578386639607,""recovery_adjustment"":0.14921588889190612},""right_candidate_index"":100},{""left_candidate_index"":116,""moment_difference"":-18.98129111842104,""pair_index"":3,""parameter_differences"":{""confidence_floor"":-0.17603670712560404,""deterioration_adjustment"":-0.26285866647958744,""panic_response"":1.522165212430246,""recovery_adjustment"":-0.2741302060086407},""right_candidate_index"":127},{""left_candidate_index"":36,""moment_difference"":-24.25246710526318,""pair_index"":4,""parameter_differences"":{""confidence_floor"":-0.0938006294891238,""deterioration_adjustment"":0.05211010854691267,""panic_response"":0.6607945143430864,""recovery_adjustment"":0.07404947049588717},""right_candidate_index"":252},{""left_candidate_index"":222,""moment_difference"":9.237664473684191,""pair_index"":5,""parameter_differences"":{""confidence_floor"":-0.11346969008445751,""deterioration_adjustment"":-0.007403663359582313,""panic_response"":-0.4146542415671981,""recovery_adjustment"":-0.9745140017049413},""right_candidate_index"":97},{""left_candidate_index"":134,""moment_difference"":-46.14782072368422,""pair_index"":6,""parameter_differences"":{""confidence_floor"":-0.6239491663873192,""deterioration_adjustment"":-0.5912777306511997,""panic_response"":-2.0460359842028835,""recovery_adjustment"":-0.41094174453521337},""right_candidate_index"":103},{""left_candidate_index"":203,""moment_difference"":9.883223684210535,""pair_index"":7,""parameter_differences"":{""confidence_floor"":-0.598956520669162,""deterioration_adjustment"":0.7078072717413303,""panic_response"":0.526483437262438,""recovery_adjustment"":0.8483160902933611},""right_candidate_index"":126}],""maximum"":-2.453125,""minimum"":-68.33470394736841,""non_degenerate"":true,""range"":65.88157894736841,""rank_correlations"":{""confidence_floor"":0.28823529411764703,""deterioration_adjustment"":0.6529411764705881,""panic_response"":0.4588235294117647,""recovery_adjustment"":0.45294117647058824},""recovery_adjustment_rank"":3,""sensitivity_gate_passed"":true,""standardised_univariate_slopes"":{""confidence_floor"":0.2521780895352076,""deterioration_adjustment"":0.6871348621852033,""panic_response"":0.4958551060249906,""recovery_adjustment"":0.4242237547046213},""strongest_absolute_rank_correlation"":""deterioration_adjustment""}"
restricted_mean_recovery_time,42,64,-4.4366776315789593,1.0275329676828073,0.98897755563979539,1.0275329676828073,0.037522311454354952,True,7.4645104861890914,0.74645104861890921,False,-0.47311188951503247,regular_convergence,128,False,"{""clear_recovery_adjustment_secondary_relationship"":true,""local_pairwise_differences"":[{""left_candidate_index"":0,""moment_difference"":27.55777138157893,""pair_index"":0,""parameter_differences"":{""confidence_floor"":0.6979905702173707,""deterioration_adjustment"":0.9944576695561403,""panic_response"":1.7551187046835377,""recovery_adjustment"":0.508190783489818},""right_candidate_index"":94},{""left_candidate_index"":171,""moment_difference"":27.75349506578945,""pair_index"":1,""parameter_differences"":{""confidence_floor"":-0.9867684068158264,""deterioration_adjustment"":0.4170397389680145,""panic_response"":1.8359902804102928,""recovery_adjustment"":0.4018844550392941},""right_candidate_index"":42},{""left_candidate_index"":193,""moment_difference"":13.207648026315788,""pair_index"":2,""parameter_differences"":{""confidence_floor"":0.8749759169295425,""deterioration_adjustment"":-0.6008529700338838,""panic_response"":2.6205578386639607,""recovery_adjustment"":0.14921588889190612},""right_candidate_index"":100},{""left_candidate_index"":116,""moment_difference"":-18.98129111842104,""pair_index"":3,""parameter_differences"":{""confidence_floor"":-0.17603670712560404,""deterioration_adjustment"":-0.26285866647958744,""panic_response"":1.522165212430246,""recovery_adjustment"":-0.2741302060086407},""right_candidate_index"":127},{""left_candidate_index"":36,""moment_difference"":-24.25246710526318,""pair_index"":4,""parameter_differences"":{""confidence_floor"":-0.0938006294891238,""deterioration_adjustment"":0.05211010854691267,""panic_response"":0.6607945143430864,""recovery_adjustment"":0.07404947049588717},""right_candidate_index"":252},{""left_candidate_index"":222,""moment_difference"":9.237664473684191,""pair_index"":5,""parameter_differences"":{""confidence_floor"":-0.11346969008445751,""deterioration_adjustment"":-0.007403663359582313,""panic_response"":-0.4146542415671981,""recovery_adjustment"":-0.9745140017049413},""right_candidate_index"":97},{""left_candidate_index"":134,""moment_difference"":-46.14782072368422,""pair_index"":6,""parameter_differences"":{""confidence_floor"":-0.6239491663873192,""deterioration_adjustment"":-0.5912777306511997,""panic_response"":-2.0460359842028835,""recovery_adjustment"":-0.41094174453521337},""right_candidate_index"":103},{""left_candidate_index"":203,""moment_difference"":9.883223684210535,""pair_index"":7,""parameter_differences"":{""confidence_floor"":-0.598956520669162,""deterioration_adjustment"":0.7078072717413303,""panic_response"":0.526483437262438,""recovery_adjustment"":0.8483160902933611},""right_candidate_index"":126}],""maximum"":-2.453125,""minimum"":-68.33470394736841,""non_degenerate"":true,""range"":65.88157894736841,""rank_correlations"":{""confidence_floor"":0.28823529411764703,""deterioration_adjustment"":0.6529411764705881,""panic_response"":0.4588235294117647,""recovery_adjustment"":0.45294117647058824},""recovery_adjustment_rank"":3,""sensitivity_gate_passed"":true,""standardised_univariate_slopes"":{""confidence_floor"":0.2521780895352076,""deterioration_adjustment"":0.6871348621852033,""panic_response"":0.4958551060249906,""recovery_adjustment"":0.4242237547046213},""strongest_absolute_rank_correlation"":""deterioration_adjustment""}"
restricted_mean_recovery_time,42,128,-3.6842105263157805,0.73914556938559473,0.70088993499957331,0.73914556938559473,0.051756563213685942,True,7.4645104861890914,0.74645104861890921,True,-0.47311188951503247,regular_convergence,128,False,"{""clear_recovery_adjustment_secondary_relationship"":true,""local_pairwise_differences"":[{""left_candidate_index"":0,""moment_difference"":27.55777138157893,""pair_index"":0,""parameter_differences"":{""confidence_floor"":0.6979905702173707,""deterioration_adjustment"":0.9944576695561403,""panic_response"":1.7551187046835377,""recovery_adjustment"":0.508190783489818},""right_candidate_index"":94},{""left_candidate_index"":171,""moment_difference"":27.75349506578945,""pair_index"":1,""parameter_differences"":{""confidence_floor"":-0.9867684068158264,""deterioration_adjustment"":0.4170397389680145,""panic_response"":1.8359902804102928,""recovery_adjustment"":0.4018844550392941},""right_candidate_index"":42},{""left_candidate_index"":193,""moment_difference"":13.207648026315788,""pair_index"":2,""parameter_differences"":{""confidence_floor"":0.8749759169295425,""deterioration_adjustment"":-0.6008529700338838,""panic_response"":2.6205578386639607,""recovery_adjustment"":0.14921588889190612},""right_candidate_index"":100},{""left_candidate_index"":116,""moment_difference"":-18.98129111842104,""pair_index"":3,""parameter_differences"":{""confidence_floor"":-0.17603670712560404,""deterioration_adjustment"":-0.26285866647958744,""panic_response"":1.522165212430246,""recovery_adjustment"":-0.2741302060086407},""right_candidate_index"":127},{""left_candidate_index"":36,""moment_difference"":-24.25246710526318,""pair_index"":4,""parameter_differences"":{""confidence_floor"":-0.0938006294891238,""deterioration_adjustment"":0.05211010854691267,""panic_response"":0.6607945143430864,""recovery_adjustment"":0.07404947049588717},""right_candidate_index"":252},{""left_candidate_index"":222,""moment_difference"":9.237664473684191,""pair_index"":5,""parameter_differences"":{""confidence_floor"":-0.11346969008445751,""deterioration_adjustment"":-0.007403663359582313,""panic_response"":-0.4146542415671981,""recovery_adjustment"":-0.9745140017049413},""right_candidate_index"":97},{""left_candidate_index"":134,""moment_difference"":-46.14782072368422,""pair_index"":6,""parameter_differences"":{""confidence_floor"":-0.6239491663873192,""deterioration_adjustment"":-0.5912777306511997,""panic_response"":-2.0460359842028835,""recovery_adjustment"":-0.41094174453521337},""right_candidate_index"":103},{""left_candidate_index"":203,""moment_difference"":9.883223684210535,""pair_index"":7,""parameter_differences"":{""confidence_floor"":-0.598956520669162,""deterioration_adjustment"":0.7078072717413303,""panic_response"":0.526483437262438,""recovery_adjustment"":0.8483160902933611},""right_candidate_index"":126}],""maximum"":-2.453125,""minimum"":-68.33470394736841,""non_degenerate"":true,""range"":65.88157894736841,""rank_correlations"":{""confidence_floor"":0.28823529411764703,""deterioration_adjustment"":0.6529411764705881,""panic_response"":0.4588235294117647,""recovery_adjustment"":0.45294117647058824},""recovery_adjustment_rank"":3,""sensitivity_gate_passed"":true,""standardised_univariate_slopes"":{""confidence_floor"":0.2521780895352076,""deterioration_adjustment"":0.6871348621852033,""panic_response"":0.4958551060249906,""recovery_adjustment"":0.4242237547046213},""strongest_absolute_rank_correlation"":""deterioration_adjustment""}"
restricted_mean_recovery_time,42,256,-4.4613486842105488,0.52139118034218579,0.50406888972178154,0.52139118034218579,0.033223213728003097,True,7.4645104861890914,0.74645104861890921,True,-0.47311188951503247,regular_convergence,128,False,"{""clear_recovery_adjustment_secondary_relationship"":true,""local_pairwise_differences"":[{""left_candidate_index"":0,""moment_difference"":27.55777138157893,""pair_index"":0,""parameter_differences"":{""confidence_floor"":0.6979905702173707,""deterioration_adjustment"":0.9944576695561403,""panic_response"":1.7551187046835377,""recovery_adjustment"":0.508190783489818},""right_candidate_index"":94},{""left_candidate_index"":171,""moment_difference"":27.75349506578945,""pair_index"":1,""parameter_differences"":{""confidence_floor"":-0.9867684068158264,""deterioration_adjustment"":0.4170397389680145,""panic_response"":1.8359902804102928,""recovery_adjustment"":0.4018844550392941},""right_candidate_index"":42},{""left_candidate_index"":193,""moment_difference"":13.207648026315788,""pair_index"":2,""parameter_differences"":{""confidence_floor"":0.8749759169295425,""deterioration_adjustment"":-0.6008529700338838,""panic_response"":2.6205578386639607,""recovery_adjustment"":0.14921588889190612},""right_candidate_index"":100},{""left_candidate_index"":116,""moment_difference"":-18.98129111842104,""pair_index"":3,""parameter_differences"":{""confidence_floor"":-0.17603670712560404,""deterioration_adjustment"":-0.26285866647958744,""panic_response"":1.522165212430246,""recovery_adjustment"":-0.2741302060086407},""right_candidate_index"":127},{""left_candidate_index"":36,""moment_difference"":-24.25246710526318,""pair_index"":4,""parameter_differences"":{""confidence_floor"":-0.0938006294891238,""deterioration_adjustment"":0.05211010854691267,""panic_response"":0.6607945143430864,""recovery_adjustment"":0.07404947049588717},""right_candidate_index"":252},{""left_candidate_index"":222,""moment_difference"":9.237664473684191,""pair_index"":5,""parameter_differences"":{""confidence_floor"":-0.11346969008445751,""deterioration_adjustment"":-0.007403663359582313,""panic_response"":-0.4146542415671981,""recovery_adjustment"":-0.9745140017049413},""right_candidate_index"":97},{""left_candidate_index"":134,""moment_difference"":-46.14782072368422,""pair_index"":6,""parameter_differences"":{""confidence_floor"":-0.6239491663873192,""deterioration_adjustment"":-0.5912777306511997,""panic_response"":-2.0460359842028835,""recovery_adjustment"":-0.41094174453521337},""right_candidate_index"":103},{""left_candidate_index"":203,""moment_difference"":9.883223684210535,""pair_index"":7,""parameter_differences"":{""confidence_floor"":-0.598956520669162,""deterioration_adjustment"":0.7078072717413303,""panic_response"":0.526483437262438,""recovery_adjustment"":0.8483160902933611},""right_candidate_index"":126}],""maximum"":-2.453125,""minimum"":-68.33470394736841,""non_degenerate"":true,""range"":65.88157894736841,""rank_correlations"":{""confidence_floor"":0.28823529411764703,""deterioration_adjustment"":0.6529411764705881,""panic_response"":0.4588235294117647,""recovery_adjustment"":0.45294117647058824},""recovery_adjustment_rank"":3,""sensitivity_gate_passed"":true,""standardised_univariate_slopes"":{""confidence_floor"":0.2521780895352076,""deterioration_adjustment"":0.6871348621852033,""panic_response"":0.4958551060249906,""recovery_adjustment"":0.4242237547046213},""strongest_absolute_rank_correlation"":""deterioration_adjustment""}"
restricted_mean_recovery_time,94,32,-4.4539473684210407,1.400885047821647,1.3017175155557781,1.400885047821647,0.070789200313096934,True,7.4645104861890914,0.74645104861890921,False,-0.45943704573582028,regular_convergence,256,False,"{""clear_recovery_adjustment_secondary_relationship"":true,""local_pairwise_differences"":[{""left_candidate_index"":0,""moment_difference"":27.55777138157893,""pair_index"":0,""parameter_differences"":{""confidence_floor"":0.6979905702173707,""deterioration_adjustment"":0.9944576695561403,""panic_response"":1.7551187046835377,""recovery_adjustment"":0.508190783489818},""right_candidate_index"":94},{""left_candidate_index"":171,""moment_difference"":27.75349506578945,""pair_index"":1,""parameter_differences"":{""confidence_floor"":-0.9867684068158264,""deterioration_adjustment"":0.4170397389680145,""panic_response"":1.8359902804102928,""recovery_adjustment"":0.4018844550392941},""right_candidate_index"":42},{""left_candidate_index"":193,""moment_difference"":13.207648026315788,""pair_index"":2,""parameter_differences"":{""confidence_floor"":0.8749759169295425,""deterioration_adjustment"":-0.6008529700338838,""panic_response"":2.6205578386639607,""recovery_adjustment"":0.14921588889190612},""right_candidate_index"":100},{""left_candidate_index"":116,""moment_difference"":-18.98129111842104,""pair_index"":3,""parameter_differences"":{""confidence_floor"":-0.17603670712560404,""deterioration_adjustment"":-0.26285866647958744,""panic_response"":1.522165212430246,""recovery_adjustment"":-0.2741302060086407},""right_candidate_index"":127},{""left_candidate_index"":36,""moment_difference"":-24.25246710526318,""pair_index"":4,""parameter_differences"":{""confidence_floor"":-0.0938006294891238,""deterioration_adjustment"":0.05211010854691267,""panic_response"":0.6607945143430864,""recovery_adjustment"":0.07404947049588717},""right_candidate_index"":252},{""left_candidate_index"":222,""moment_difference"":9.237664473684191,""pair_index"":5,""parameter_differences"":{""confidence_floor"":-0.11346969008445751,""deterioration_adjustment"":-0.007403663359582313,""panic_response"":-0.4146542415671981,""recovery_adjustment"":-0.9745140017049413},""right_candidate_index"":97},{""left_candidate_index"":134,""moment_difference"":-46.14782072368422,""pair_index"":6,""parameter_differences"":{""confidence_floor"":-0.6239491663873192,""deterioration_adjustment"":-0.5912777306511997,""panic_response"":-2.0460359842028835,""recovery_adjustment"":-0.41094174453521337},""right_candidate_index"":103},{""left_candidate_index"":203,""moment_difference"":9.883223684210535,""pair_index"":7,""parameter_differences"":{""confidence_floor"":-0.598956520669162,""deterioration_adjustment"":0.7078072717413303,""panic_response"":0.526483437262438,""recovery_adjustment"":0.8483160902933611},""right_candidate_index"":126}],""maximum"":-2.453125,""minimum"":-68.33470394736841,""non_degenerate"":true,""range"":65.88157894736841,""rank_correlations"":{""confidence_floor"":0.28823529411764703,""deterioration_adjustment"":0.6529411764705881,""panic_response"":0.4588235294117647,""recovery_adjustment"":0.45294117647058824},""recovery_adjustment_rank"":3,""sensitivity_gate_passed"":true,""standardised_univariate_slopes"":{""confidence_floor"":0.2521780895352076,""deterioration_adjustment"":0.6871348621852033,""panic_response"":0.4958551060249906,""recovery_adjustment"":0.4242237547046213},""strongest_absolute_rank_correlation"":""deterioration_adjustment""}"
restricted_mean_recovery_time,94,64,-4.1628289473684106,1.0471886617638642,0.98942069040214276,1.0471886617638642,0.055164817449816696,True,7.4645104861890914,0.74645104861890921,False,-0.45943704573582028,regular_convergence,256,False,"{""clear_recovery_adjustment_secondary_relationship"":true,""local_pairwise_differences"":[{""left_candidate_index"":0,""moment_difference"":27.55777138157893,""pair_index"":0,""parameter_differences"":{""confidence_floor"":0.6979905702173707,""deterioration_adjustment"":0.9944576695561403,""panic_response"":1.7551187046835377,""recovery_adjustment"":0.508190783489818},""right_candidate_index"":94},{""left_candidate_index"":171,""moment_difference"":27.75349506578945,""pair_index"":1,""parameter_differences"":{""confidence_floor"":-0.9867684068158264,""deterioration_adjustment"":0.4170397389680145,""panic_response"":1.8359902804102928,""recovery_adjustment"":0.4018844550392941},""right_candidate_index"":42},{""left_candidate_index"":193,""moment_difference"":13.207648026315788,""pair_index"":2,""parameter_differences"":{""confidence_floor"":0.8749759169295425,""deterioration_adjustment"":-0.6008529700338838,""panic_response"":2.6205578386639607,""recovery_adjustment"":0.14921588889190612},""right_candidate_index"":100},{""left_candidate_index"":116,""moment_difference"":-18.98129111842104,""pair_index"":3,""parameter_differences"":{""confidence_floor"":-0.17603670712560404,""deterioration_adjustment"":-0.26285866647958744,""panic_response"":1.522165212430246,""recovery_adjustment"":-0.2741302060086407},""right_candidate_index"":127},{""left_candidate_index"":36,""moment_difference"":-24.25246710526318,""pair_index"":4,""parameter_differences"":{""confidence_floor"":-0.0938006294891238,""deterioration_adjustment"":0.05211010854691267,""panic_response"":0.6607945143430864,""recovery_adjustment"":0.07404947049588717},""right_candidate_index"":252},{""left_candidate_index"":222,""moment_difference"":9.237664473684191,""pair_index"":5,""parameter_differences"":{""confidence_floor"":-0.11346969008445751,""deterioration_adjustment"":-0.007403663359582313,""panic_response"":-0.4146542415671981,""recovery_adjustment"":-0.9745140017049413},""right_candidate_index"":97},{""left_candidate_index"":134,""moment_difference"":-46.14782072368422,""pair_index"":6,""parameter_differences"":{""confidence_floor"":-0.6239491663873192,""deterioration_adjustment"":-0.5912777306511997,""panic_response"":-2.0460359842028835,""recovery_adjustment"":-0.41094174453521337},""right_candidate_index"":103},{""left_candidate_index"":203,""moment_difference"":9.883223684210535,""pair_index"":7,""parameter_differences"":{""confidence_floor"":-0.598956520669162,""deterioration_adjustment"":0.7078072717413303,""panic_response"":0.526483437262438,""recovery_adjustment"":0.8483160902933611},""right_candidate_index"":126}],""maximum"":-2.453125,""minimum"":-68.33470394736841,""non_degenerate"":true,""range"":65.88157894736841,""rank_correlations"":{""confidence_floor"":0.28823529411764703,""deterioration_adjustment"":0.6529411764705881,""panic_response"":0.4588235294117647,""recovery_adjustment"":0.45294117647058824},""recovery_adjustment_rank"":3,""sensitivity_gate_passed"":true,""standardised_univariate_slopes"":{""confidence_floor"":0.2521780895352076,""deterioration_adjustment"":0.6871348621852033,""panic_response"":0.4958551060249906,""recovery_adjustment"":0.4242237547046213},""strongest_absolute_rank_correlation"":""deterioration_adjustment""}"
restricted_mean_recovery_time,94,128,-3.8347039473684106,0.76296755840026986,0.72844166151339651,0.76296755840026986,0.045252116563467691,True,7.4645104861890914,0.74645104861890921,False,-0.45943704573582028,regular_convergence,256,False,"{""clear_recovery_adjustment_secondary_relationship"":true,""local_pairwise_differences"":[{""left_candidate_index"":0,""moment_difference"":27.55777138157893,""pair_index"":0,""parameter_differences"":{""confidence_floor"":0.6979905702173707,""deterioration_adjustment"":0.9944576695561403,""panic_response"":1.7551187046835377,""recovery_adjustment"":0.508190783489818},""right_candidate_index"":94},{""left_candidate_index"":171,""moment_difference"":27.75349506578945,""pair_index"":1,""parameter_differences"":{""confidence_floor"":-0.9867684068158264,""deterioration_adjustment"":0.4170397389680145,""panic_response"":1.8359902804102928,""recovery_adjustment"":0.4018844550392941},""right_candidate_index"":42},{""left_candidate_index"":193,""moment_difference"":13.207648026315788,""pair_index"":2,""parameter_differences"":{""confidence_floor"":0.8749759169295425,""deterioration_adjustment"":-0.6008529700338838,""panic_response"":2.6205578386639607,""recovery_adjustment"":0.14921588889190612},""right_candidate_index"":100},{""left_candidate_index"":116,""moment_difference"":-18.98129111842104,""pair_index"":3,""parameter_differences"":{""confidence_floor"":-0.17603670712560404,""deterioration_adjustment"":-0.26285866647958744,""panic_response"":1.522165212430246,""recovery_adjustment"":-0.2741302060086407},""right_candidate_index"":127},{""left_candidate_index"":36,""moment_difference"":-24.25246710526318,""pair_index"":4,""parameter_differences"":{""confidence_floor"":-0.0938006294891238,""deterioration_adjustment"":0.05211010854691267,""panic_response"":0.6607945143430864,""recovery_adjustment"":0.07404947049588717},""right_candidate_index"":252},{""left_candidate_index"":222,""moment_difference"":9.237664473684191,""pair_index"":5,""parameter_differences"":{""confidence_floor"":-0.11346969008445751,""deterioration_adjustment"":-0.007403663359582313,""panic_response"":-0.4146542415671981,""recovery_adjustment"":-0.9745140017049413},""right_candidate_index"":97},{""left_candidate_index"":134,""moment_difference"":-46.14782072368422,""pair_index"":6,""parameter_differences"":{""confidence_floor"":-0.6239491663873192,""deterioration_adjustment"":-0.5912777306511997,""panic_response"":-2.0460359842028835,""recovery_adjustment"":-0.41094174453521337},""right_candidate_index"":103},{""left_candidate_index"":203,""moment_difference"":9.883223684210535,""pair_index"":7,""parameter_differences"":{""confidence_floor"":-0.598956520669162,""deterioration_adjustment"":0.7078072717413303,""panic_response"":0.526483437262438,""recovery_adjustment"":0.8483160902933611},""right_candidate_index"":126}],""maximum"":-2.453125,""minimum"":-68.33470394736841,""non_degenerate"":true,""range"":65.88157894736841,""rank_correlations"":{""confidence_floor"":0.28823529411764703,""deterioration_adjustment"":0.6529411764705881,""panic_response"":0.4588235294117647,""recovery_adjustment"":0.45294117647058824},""recovery_adjustment_rank"":3,""sensitivity_gate_passed"":true,""standardised_univariate_slopes"":{""confidence_floor"":0.2521780895352076,""deterioration_adjustment"":0.6871348621852033,""panic_response"":0.4958551060249906,""recovery_adjustment"":0.4242237547046213},""strongest_absolute_rank_correlation"":""deterioration_adjustment""}"
restricted_mean_recovery_time,94,256,-4.7781661184210691,0.53855204590587147,0.51279488163893416,0.53855204590587147,0.047826694676486592,True,7.4645104861890914,0.74645104861890921,True,-0.45943704573582028,regular_convergence,256,False,"{""clear_recovery_adjustment_secondary_relationship"":true,""local_pairwise_differences"":[{""left_candidate_index"":0,""moment_difference"":27.55777138157893,""pair_index"":0,""parameter_differences"":{""confidence_floor"":0.6979905702173707,""deterioration_adjustment"":0.9944576695561403,""panic_response"":1.7551187046835377,""recovery_adjustment"":0.508190783489818},""right_candidate_index"":94},{""left_candidate_index"":171,""moment_difference"":27.75349506578945,""pair_index"":1,""parameter_differences"":{""confidence_floor"":-0.9867684068158264,""deterioration_adjustment"":0.4170397389680145,""panic_response"":1.8359902804102928,""recovery_adjustment"":0.4018844550392941},""right_candidate_index"":42},{""left_candidate_index"":193,""moment_difference"":13.207648026315788,""pair_index"":2,""parameter_differences"":{""confidence_floor"":0.8749759169295425,""deterioration_adjustment"":-0.6008529700338838,""panic_response"":2.6205578386639607,""recovery_adjustment"":0.14921588889190612},""right_candidate_index"":100},{""left_candidate_index"":116,""moment_difference"":-18.98129111842104,""pair_index"":3,""parameter_differences"":{""confidence_floor"":-0.17603670712560404,""deterioration_adjustment"":-0.26285866647958744,""panic_response"":1.522165212430246,""recovery_adjustment"":-0.2741302060086407},""right_candidate_index"":127},{""left_candidate_index"":36,""moment_difference"":-24.25246710526318,""pair_index"":4,""parameter_differences"":{""confidence_floor"":-0.0938006294891238,""deterioration_adjustment"":0.05211010854691267,""panic_response"":0.6607945143430864,""recovery_adjustment"":0.07404947049588717},""right_candidate_index"":252},{""left_candidate_index"":222,""moment_difference"":9.237664473684191,""pair_index"":5,""parameter_differences"":{""confidence_floor"":-0.11346969008445751,""deterioration_adjustment"":-0.007403663359582313,""panic_response"":-0.4146542415671981,""recovery_adjustment"":-0.9745140017049413},""right_candidate_index"":97},{""left_candidate_index"":134,""moment_difference"":-46.14782072368422,""pair_index"":6,""parameter_differences"":{""confidence_floor"":-0.6239491663873192,""deterioration_adjustment"":-0.5912777306511997,""panic_response"":-2.0460359842028835,""recovery_adjustment"":-0.41094174453521337},""right_candidate_index"":103},{""left_candidate_index"":203,""moment_difference"":9.883223684210535,""pair_index"":7,""parameter_differences"":{""confidence_floor"":-0.598956520669162,""deterioration_adjustment"":0.7078072717413303,""panic_response"":0.526483437262438,""recovery_adjustment"":0.8483160902933611},""right_candidate_index"":126}],""maximum"":-2.453125,""minimum"":-68.33470394736841,""non_degenerate"":true,""range"":65.88157894736841,""rank_correlations"":{""confidence_floor"":0.28823529411764703,""deterioration_adjustment"":0.6529411764705881,""panic_response"":0.4588235294117647,""recovery_adjustment"":0.45294117647058824},""recovery_adjustment_rank"":3,""sensitivity_gate_passed"":true,""standardised_univariate_slopes"":{""confidence_floor"":0.2521780895352076,""deterioration_adjustment"":0.6871348621852033,""panic_response"":0.4958551060249906,""recovery_adjustment"":0.4242237547046213},""strongest_absolute_rank_correlation"":""deterioration_adjustment""}"
restricted_mean_recovery_time,97,32,-1.6578947368420813,0.84398168754465985,0.73166230547071043,0.84398168754465985,0.13308272410591371,True,7.4645104861890914,0.74645104861890921,False,-0.42122693194781258,regular_convergence,64,False,"{""clear_recovery_adjustment_secondary_relationship"":true,""local_pairwise_differences"":[{""left_candidate_index"":0,""moment_difference"":27.55777138157893,""pair_index"":0,""parameter_differences"":{""confidence_floor"":0.6979905702173707,""deterioration_adjustment"":0.9944576695561403,""panic_response"":1.7551187046835377,""recovery_adjustment"":0.508190783489818},""right_candidate_index"":94},{""left_candidate_index"":171,""moment_difference"":27.75349506578945,""pair_index"":1,""parameter_differences"":{""confidence_floor"":-0.9867684068158264,""deterioration_adjustment"":0.4170397389680145,""panic_response"":1.8359902804102928,""recovery_adjustment"":0.4018844550392941},""right_candidate_index"":42},{""left_candidate_index"":193,""moment_difference"":13.207648026315788,""pair_index"":2,""parameter_differences"":{""confidence_floor"":0.8749759169295425,""deterioration_adjustment"":-0.6008529700338838,""panic_response"":2.6205578386639607,""recovery_adjustment"":0.14921588889190612},""right_candidate_index"":100},{""left_candidate_index"":116,""moment_difference"":-18.98129111842104,""pair_index"":3,""parameter_differences"":{""confidence_floor"":-0.17603670712560404,""deterioration_adjustment"":-0.26285866647958744,""panic_response"":1.522165212430246,""recovery_adjustment"":-0.2741302060086407},""right_candidate_index"":127},{""left_candidate_index"":36,""moment_difference"":-24.25246710526318,""pair_index"":4,""parameter_differences"":{""confidence_floor"":-0.0938006294891238,""deterioration_adjustment"":0.05211010854691267,""panic_response"":0.6607945143430864,""recovery_adjustment"":0.07404947049588717},""right_candidate_index"":252},{""left_candidate_index"":222,""moment_difference"":9.237664473684191,""pair_index"":5,""parameter_differences"":{""confidence_floor"":-0.11346969008445751,""deterioration_adjustment"":-0.007403663359582313,""panic_response"":-0.4146542415671981,""recovery_adjustment"":-0.9745140017049413},""right_candidate_index"":97},{""left_candidate_index"":134,""moment_difference"":-46.14782072368422,""pair_index"":6,""parameter_differences"":{""confidence_floor"":-0.6239491663873192,""deterioration_adjustment"":-0.5912777306511997,""panic_response"":-2.0460359842028835,""recovery_adjustment"":-0.41094174453521337},""right_candidate_index"":103},{""left_candidate_index"":203,""moment_difference"":9.883223684210535,""pair_index"":7,""parameter_differences"":{""confidence_floor"":-0.598956520669162,""deterioration_adjustment"":0.7078072717413303,""panic_response"":0.526483437262438,""recovery_adjustment"":0.8483160902933611},""right_candidate_index"":126}],""maximum"":-2.453125,""minimum"":-68.33470394736841,""non_degenerate"":true,""range"":65.88157894736841,""rank_correlations"":{""confidence_floor"":0.28823529411764703,""deterioration_adjustment"":0.6529411764705881,""panic_response"":0.4588235294117647,""recovery_adjustment"":0.45294117647058824},""recovery_adjustment_rank"":3,""sensitivity_gate_passed"":true,""standardised_univariate_slopes"":{""confidence_floor"":0.2521780895352076,""deterioration_adjustment"":0.6871348621852033,""panic_response"":0.4958551060249906,""recovery_adjustment"":0.4242237547046213},""strongest_absolute_rank_correlation"":""deterioration_adjustment""}"
restricted_mean_recovery_time,97,64,-2.756578947368439,0.69393322506570942,0.67616496193859232,0.69393322506570942,0.025605148284166105,True,7.4645104861890914,0.74645104861890921,True,-0.42122693194781258,regular_convergence,64,False,"{""clear_recovery_adjustment_secondary_relationship"":true,""local_pairwise_differences"":[{""left_candidate_index"":0,""moment_difference"":27.55777138157893,""pair_index"":0,""parameter_differences"":{""confidence_floor"":0.6979905702173707,""deterioration_adjustment"":0.9944576695561403,""panic_response"":1.7551187046835377,""recovery_adjustment"":0.508190783489818},""right_candidate_index"":94},{""left_candidate_index"":171,""moment_difference"":27.75349506578945,""pair_index"":1,""parameter_differences"":{""confidence_floor"":-0.9867684068158264,""deterioration_adjustment"":0.4170397389680145,""panic_response"":1.8359902804102928,""recovery_adjustment"":0.4018844550392941},""right_candidate_index"":42},{""left_candidate_index"":193,""moment_difference"":13.207648026315788,""pair_index"":2,""parameter_differences"":{""confidence_floor"":0.8749759169295425,""deterioration_adjustment"":-0.6008529700338838,""panic_response"":2.6205578386639607,""recovery_adjustment"":0.14921588889190612},""right_candidate_index"":100},{""left_candidate_index"":116,""moment_difference"":-18.98129111842104,""pair_index"":3,""parameter_differences"":{""confidence_floor"":-0.17603670712560404,""deterioration_adjustment"":-0.26285866647958744,""panic_response"":1.522165212430246,""recovery_adjustment"":-0.2741302060086407},""right_candidate_index"":127},{""left_candidate_index"":36,""moment_difference"":-24.25246710526318,""pair_index"":4,""parameter_differences"":{""confidence_floor"":-0.0938006294891238,""deterioration_adjustment"":0.05211010854691267,""panic_response"":0.6607945143430864,""recovery_adjustment"":0.07404947049588717},""right_candidate_index"":252},{""left_candidate_index"":222,""moment_difference"":9.237664473684191,""pair_index"":5,""parameter_differences"":{""confidence_floor"":-0.11346969008445751,""deterioration_adjustment"":-0.007403663359582313,""panic_response"":-0.4146542415671981,""recovery_adjustment"":-0.9745140017049413},""right_candidate_index"":97},{""left_candidate_index"":134,""moment_difference"":-46.14782072368422,""pair_index"":6,""parameter_differences"":{""confidence_floor"":-0.6239491663873192,""deterioration_adjustment"":-0.5912777306511997,""panic_response"":-2.0460359842028835,""recovery_adjustment"":-0.41094174453521337},""right_candidate_index"":103},{""left_candidate_index"":203,""moment_difference"":9.883223684210535,""pair_index"":7,""parameter_differences"":{""confidence_floor"":-0.598956520669162,""deterioration_adjustment"":0.7078072717413303,""panic_response"":0.526483437262438,""recovery_adjustment"":0.8483160902933611},""right_candidate_index"":126}],""maximum"":-2.453125,""minimum"":-68.33470394736841,""non_degenerate"":true,""range"":65.88157894736841,""rank_correlations"":{""confidence_floor"":0.28823529411764703,""deterioration_adjustment"":0.6529411764705881,""panic_response"":0.4588235294117647,""recovery_adjustment"":0.45294117647058824},""recovery_adjustment_rank"":3,""sensitivity_gate_passed"":true,""standardised_univariate_slopes"":{""confidence_floor"":0.2521780895352076,""deterioration_adjustment"":0.6871348621852033,""panic_response"":0.4958551060249906,""recovery_adjustment"":0.4242237547046213},""strongest_absolute_rank_correlation"":""deterioration_adjustment""}"
restricted_mean_recovery_time,97,128,-2.1463815789473699,0.4831396742236731,0.4851218534729454,0.4851218534729454,0.0040859409550034658,True,7.4645104861890914,0.74645104861890921,True,-0.42122693194781258,regular_convergence,64,False,"{""clear_recovery_adjustment_secondary_relationship"":true,""local_pairwise_differences"":[{""left_candidate_index"":0,""moment_difference"":27.55777138157893,""pair_index"":0,""parameter_differences"":{""confidence_floor"":0.6979905702173707,""deterioration_adjustment"":0.9944576695561403,""panic_response"":1.7551187046835377,""recovery_adjustment"":0.508190783489818},""right_candidate_index"":94},{""left_candidate_index"":171,""moment_difference"":27.75349506578945,""pair_index"":1,""parameter_differences"":{""confidence_floor"":-0.9867684068158264,""deterioration_adjustment"":0.4170397389680145,""panic_response"":1.8359902804102928,""recovery_adjustment"":0.4018844550392941},""right_candidate_index"":42},{""left_candidate_index"":193,""moment_difference"":13.207648026315788,""pair_index"":2,""parameter_differences"":{""confidence_floor"":0.8749759169295425,""deterioration_adjustment"":-0.6008529700338838,""panic_response"":2.6205578386639607,""recovery_adjustment"":0.14921588889190612},""right_candidate_index"":100},{""left_candidate_index"":116,""moment_difference"":-18.98129111842104,""pair_index"":3,""parameter_differences"":{""confidence_floor"":-0.17603670712560404,""deterioration_adjustment"":-0.26285866647958744,""panic_response"":1.522165212430246,""recovery_adjustment"":-0.2741302060086407},""right_candidate_index"":127},{""left_candidate_index"":36,""moment_difference"":-24.25246710526318,""pair_index"":4,""parameter_differences"":{""confidence_floor"":-0.0938006294891238,""deterioration_adjustment"":0.05211010854691267,""panic_response"":0.6607945143430864,""recovery_adjustment"":0.07404947049588717},""right_candidate_index"":252},{""left_candidate_index"":222,""moment_difference"":9.237664473684191,""pair_index"":5,""parameter_differences"":{""confidence_floor"":-0.11346969008445751,""deterioration_adjustment"":-0.007403663359582313,""panic_response"":-0.4146542415671981,""recovery_adjustment"":-0.9745140017049413},""right_candidate_index"":97},{""left_candidate_index"":134,""moment_difference"":-46.14782072368422,""pair_index"":6,""parameter_differences"":{""confidence_floor"":-0.6239491663873192,""deterioration_adjustment"":-0.5912777306511997,""panic_response"":-2.0460359842028835,""recovery_adjustment"":-0.41094174453521337},""right_candidate_index"":103},{""left_candidate_index"":203,""moment_difference"":9.883223684210535,""pair_index"":7,""parameter_differences"":{""confidence_floor"":-0.598956520669162,""deterioration_adjustment"":0.7078072717413303,""panic_response"":0.526483437262438,""recovery_adjustment"":0.8483160902933611},""right_candidate_index"":126}],""maximum"":-2.453125,""minimum"":-68.33470394736841,""non_degenerate"":true,""range"":65.88157894736841,""rank_correlations"":{""confidence_floor"":0.28823529411764703,""deterioration_adjustment"":0.6529411764705881,""panic_response"":0.4588235294117647,""recovery_adjustment"":0.45294117647058824},""recovery_adjustment_rank"":3,""sensitivity_gate_passed"":true,""standardised_univariate_slopes"":{""confidence_floor"":0.2521780895352076,""deterioration_adjustment"":0.6871348621852033,""panic_response"":0.4958551060249906,""recovery_adjustment"":0.4242237547046213},""strongest_absolute_rank_correlation"":""deterioration_adjustment""}"
restricted_mean_recovery_time,97,256,-2.453125,0.35932064132872549,0.35694874331092757,0.35932064132872549,0.0066010625190551621,True,7.4645104861890914,0.74645104861890921,True,-0.42122693194781258,regular_convergence,64,False,"{""clear_recovery_adjustment_secondary_relationship"":true,""local_pairwise_differences"":[{""left_candidate_index"":0,""moment_difference"":27.55777138157893,""pair_index"":0,""parameter_differences"":{""confidence_floor"":0.6979905702173707,""deterioration_adjustment"":0.9944576695561403,""panic_response"":1.7551187046835377,""recovery_adjustment"":0.508190783489818},""right_candidate_index"":94},{""left_candidate_index"":171,""moment_difference"":27.75349506578945,""pair_index"":1,""parameter_differences"":{""confidence_floor"":-0.9867684068158264,""deterioration_adjustment"":0.4170397389680145,""panic_response"":1.8359902804102928,""recovery_adjustment"":0.4018844550392941},""right_candidate_index"":42},{""left_candidate_index"":193,""moment_difference"":13.207648026315788,""pair_index"":2,""parameter_differences"":{""confidence_floor"":0.8749759169295425,""deterioration_adjustment"":-0.6008529700338838,""panic_response"":2.6205578386639607,""recovery_adjustment"":0.14921588889190612},""right_candidate_index"":100},{""left_candidate_index"":116,""moment_difference"":-18.98129111842104,""pair_index"":3,""parameter_differences"":{""confidence_floor"":-0.17603670712560404,""deterioration_adjustment"":-0.26285866647958744,""panic_response"":1.522165212430246,""recovery_adjustment"":-0.2741302060086407},""right_candidate_index"":127},{""left_candidate_index"":36,""moment_difference"":-24.25246710526318,""pair_index"":4,""parameter_differences"":{""confidence_floor"":-0.0938006294891238,""deterioration_adjustment"":0.05211010854691267,""panic_response"":0.6607945143430864,""recovery_adjustment"":0.07404947049588717},""right_candidate_index"":252},{""left_candidate_index"":222,""moment_difference"":9.237664473684191,""pair_index"":5,""parameter_differences"":{""confidence_floor"":-0.11346969008445751,""deterioration_adjustment"":-0.007403663359582313,""panic_response"":-0.4146542415671981,""recovery_adjustment"":-0.9745140017049413},""right_candidate_index"":97},{""left_candidate_index"":134,""moment_difference"":-46.14782072368422,""pair_index"":6,""parameter_differences"":{""confidence_floor"":-0.6239491663873192,""deterioration_adjustment"":-0.5912777306511997,""panic_response"":-2.0460359842028835,""recovery_adjustment"":-0.41094174453521337},""right_candidate_index"":103},{""left_candidate_index"":203,""moment_difference"":9.883223684210535,""pair_index"":7,""parameter_differences"":{""confidence_floor"":-0.598956520669162,""deterioration_adjustment"":0.7078072717413303,""panic_response"":0.526483437262438,""recovery_adjustment"":0.8483160902933611},""right_candidate_index"":126}],""maximum"":-2.453125,""minimum"":-68.33470394736841,""non_degenerate"":true,""range"":65.88157894736841,""rank_correlations"":{""confidence_floor"":0.28823529411764703,""deterioration_adjustment"":0.6529411764705881,""panic_response"":0.4588235294117647,""recovery_adjustment"":0.45294117647058824},""recovery_adjustment_rank"":3,""sensitivity_gate_passed"":true,""standardised_univariate_slopes"":{""confidence_floor"":0.2521780895352076,""deterioration_adjustment"":0.6871348621852033,""panic_response"":0.4958551060249906,""recovery_adjustment"":0.4242237547046213},""strongest_absolute_rank_correlation"":""deterioration_adjustment""}"
restricted_mean_recovery_time,100,32,-31.348684210526315,0.99402820049373886,1.0053214622777669,1.0053214622777669,0.011233483226788726,True,7.4645104861890914,0.74645104861890921,False,-0.50798467493438004,regular_convergence,64,False,"{""clear_recovery_adjustment_secondary_relationship"":true,""local_pairwise_differences"":[{""left_candidate_index"":0,""moment_difference"":27.55777138157893,""pair_index"":0,""parameter_differences"":{""confidence_floor"":0.6979905702173707,""deterioration_adjustment"":0.9944576695561403,""panic_response"":1.7551187046835377,""recovery_adjustment"":0.508190783489818},""right_candidate_index"":94},{""left_candidate_index"":171,""moment_difference"":27.75349506578945,""pair_index"":1,""parameter_differences"":{""confidence_floor"":-0.9867684068158264,""deterioration_adjustment"":0.4170397389680145,""panic_response"":1.8359902804102928,""recovery_adjustment"":0.4018844550392941},""right_candidate_index"":42},{""left_candidate_index"":193,""moment_difference"":13.207648026315788,""pair_index"":2,""parameter_differences"":{""confidence_floor"":0.8749759169295425,""deterioration_adjustment"":-0.6008529700338838,""panic_response"":2.6205578386639607,""recovery_adjustment"":0.14921588889190612},""right_candidate_index"":100},{""left_candidate_index"":116,""moment_difference"":-18.98129111842104,""pair_index"":3,""parameter_differences"":{""confidence_floor"":-0.17603670712560404,""deterioration_adjustment"":-0.26285866647958744,""panic_response"":1.522165212430246,""recovery_adjustment"":-0.2741302060086407},""right_candidate_index"":127},{""left_candidate_index"":36,""moment_difference"":-24.25246710526318,""pair_index"":4,""parameter_differences"":{""confidence_floor"":-0.0938006294891238,""deterioration_adjustment"":0.05211010854691267,""panic_response"":0.6607945143430864,""recovery_adjustment"":0.07404947049588717},""right_candidate_index"":252},{""left_candidate_index"":222,""moment_difference"":9.237664473684191,""pair_index"":5,""parameter_differences"":{""confidence_floor"":-0.11346969008445751,""deterioration_adjustment"":-0.007403663359582313,""panic_response"":-0.4146542415671981,""recovery_adjustment"":-0.9745140017049413},""right_candidate_index"":97},{""left_candidate_index"":134,""moment_difference"":-46.14782072368422,""pair_index"":6,""parameter_differences"":{""confidence_floor"":-0.6239491663873192,""deterioration_adjustment"":-0.5912777306511997,""panic_response"":-2.0460359842028835,""recovery_adjustment"":-0.41094174453521337},""right_candidate_index"":103},{""left_candidate_index"":203,""moment_difference"":9.883223684210535,""pair_index"":7,""parameter_differences"":{""confidence_floor"":-0.598956520669162,""deterioration_adjustment"":0.7078072717413303,""panic_response"":0.526483437262438,""recovery_adjustment"":0.8483160902933611},""right_candidate_index"":126}],""maximum"":-2.453125,""minimum"":-68.33470394736841,""non_degenerate"":true,""range"":65.88157894736841,""rank_correlations"":{""confidence_floor"":0.28823529411764703,""deterioration_adjustment"":0.6529411764705881,""panic_response"":0.4588235294117647,""recovery_adjustment"":0.45294117647058824},""recovery_adjustment_rank"":3,""sensitivity_gate_passed"":true,""standardised_univariate_slopes"":{""confidence_floor"":0.2521780895352076,""deterioration_adjustment"":0.6871348621852033,""panic_response"":0.4958551060249906,""recovery_adjustment"":0.4242237547046213},""strongest_absolute_rank_correlation"":""deterioration_adjustment""}"
restricted_mean_recovery_time,100,64,-32.33963815789474,0.70532983853697495,0.70223875992525586,0.70532983853697495,0.0043824583093361475,True,7.4645104861890914,0.74645104861890921,True,-0.50798467493438004,regular_convergence,64,False,"{""clear_recovery_adjustment_secondary_relationship"":true,""local_pairwise_differences"":[{""left_candidate_index"":0,""moment_difference"":27.55777138157893,""pair_index"":0,""parameter_differences"":{""confidence_floor"":0.6979905702173707,""deterioration_adjustment"":0.9944576695561403,""panic_response"":1.7551187046835377,""recovery_adjustment"":0.508190783489818},""right_candidate_index"":94},{""left_candidate_index"":171,""moment_difference"":27.75349506578945,""pair_index"":1,""parameter_differences"":{""confidence_floor"":-0.9867684068158264,""deterioration_adjustment"":0.4170397389680145,""panic_response"":1.8359902804102928,""recovery_adjustment"":0.4018844550392941},""right_candidate_index"":42},{""left_candidate_index"":193,""moment_difference"":13.207648026315788,""pair_index"":2,""parameter_differences"":{""confidence_floor"":0.8749759169295425,""deterioration_adjustment"":-0.6008529700338838,""panic_response"":2.6205578386639607,""recovery_adjustment"":0.14921588889190612},""right_candidate_index"":100},{""left_candidate_index"":116,""moment_difference"":-18.98129111842104,""pair_index"":3,""parameter_differences"":{""confidence_floor"":-0.17603670712560404,""deterioration_adjustment"":-0.26285866647958744,""panic_response"":1.522165212430246,""recovery_adjustment"":-0.2741302060086407},""right_candidate_index"":127},{""left_candidate_index"":36,""moment_difference"":-24.25246710526318,""pair_index"":4,""parameter_differences"":{""confidence_floor"":-0.0938006294891238,""deterioration_adjustment"":0.05211010854691267,""panic_response"":0.6607945143430864,""recovery_adjustment"":0.07404947049588717},""right_candidate_index"":252},{""left_candidate_index"":222,""moment_difference"":9.237664473684191,""pair_index"":5,""parameter_differences"":{""confidence_floor"":-0.11346969008445751,""deterioration_adjustment"":-0.007403663359582313,""panic_response"":-0.4146542415671981,""recovery_adjustment"":-0.9745140017049413},""right_candidate_index"":97},{""left_candidate_index"":134,""moment_difference"":-46.14782072368422,""pair_index"":6,""parameter_differences"":{""confidence_floor"":-0.6239491663873192,""deterioration_adjustment"":-0.5912777306511997,""panic_response"":-2.0460359842028835,""recovery_adjustment"":-0.41094174453521337},""right_candidate_index"":103},{""left_candidate_index"":203,""moment_difference"":9.883223684210535,""pair_index"":7,""parameter_differences"":{""confidence_floor"":-0.598956520669162,""deterioration_adjustment"":0.7078072717413303,""panic_response"":0.526483437262438,""recovery_adjustment"":0.8483160902933611},""right_candidate_index"":126}],""maximum"":-2.453125,""minimum"":-68.33470394736841,""non_degenerate"":true,""range"":65.88157894736841,""rank_correlations"":{""confidence_floor"":0.28823529411764703,""deterioration_adjustment"":0.6529411764705881,""panic_response"":0.4588235294117647,""recovery_adjustment"":0.45294117647058824},""recovery_adjustment_rank"":3,""sensitivity_gate_passed"":true,""standardised_univariate_slopes"":{""confidence_floor"":0.2521780895352076,""deterioration_adjustment"":0.6871348621852033,""panic_response"":0.4958551060249906,""recovery_adjustment"":0.4242237547046213},""strongest_absolute_rank_correlation"":""deterioration_adjustment""}"
restricted_mean_recovery_time,100,128,-32.252467105263158,0.487590075284767,0.49957427270602522,0.49957427270602522,0.023988820233563815,True,7.4645104861890914,0.74645104861890921,True,-0.50798467493438004,regular_convergence,64,False,"{""clear_recovery_adjustment_secondary_relationship"":true,""local_pairwise_differences"":[{""left_candidate_index"":0,""moment_difference"":27.55777138157893,""pair_index"":0,""parameter_differences"":{""confidence_floor"":0.6979905702173707,""deterioration_adjustment"":0.9944576695561403,""panic_response"":1.7551187046835377,""recovery_adjustment"":0.508190783489818},""right_candidate_index"":94},{""left_candidate_index"":171,""moment_difference"":27.75349506578945,""pair_index"":1,""parameter_differences"":{""confidence_floor"":-0.9867684068158264,""deterioration_adjustment"":0.4170397389680145,""panic_response"":1.8359902804102928,""recovery_adjustment"":0.4018844550392941},""right_candidate_index"":42},{""left_candidate_index"":193,""moment_difference"":13.207648026315788,""pair_index"":2,""parameter_differences"":{""confidence_floor"":0.8749759169295425,""deterioration_adjustment"":-0.6008529700338838,""panic_response"":2.6205578386639607,""recovery_adjustment"":0.14921588889190612},""right_candidate_index"":100},{""left_candidate_index"":116,""moment_difference"":-18.98129111842104,""pair_index"":3,""parameter_differences"":{""confidence_floor"":-0.17603670712560404,""deterioration_adjustment"":-0.26285866647958744,""panic_response"":1.522165212430246,""recovery_adjustment"":-0.2741302060086407},""right_candidate_index"":127},{""left_candidate_index"":36,""moment_difference"":-24.25246710526318,""pair_index"":4,""parameter_differences"":{""confidence_floor"":-0.0938006294891238,""deterioration_adjustment"":0.05211010854691267,""panic_response"":0.6607945143430864,""recovery_adjustment"":0.07404947049588717},""right_candidate_index"":252},{""left_candidate_index"":222,""moment_difference"":9.237664473684191,""pair_index"":5,""parameter_differences"":{""confidence_floor"":-0.11346969008445751,""deterioration_adjustment"":-0.007403663359582313,""panic_response"":-0.4146542415671981,""recovery_adjustment"":-0.9745140017049413},""right_candidate_index"":97},{""left_candidate_index"":134,""moment_difference"":-46.14782072368422,""pair_index"":6,""parameter_differences"":{""confidence_floor"":-0.6239491663873192,""deterioration_adjustment"":-0.5912777306511997,""panic_response"":-2.0460359842028835,""recovery_adjustment"":-0.41094174453521337},""right_candidate_index"":103},{""left_candidate_index"":203,""moment_difference"":9.883223684210535,""pair_index"":7,""parameter_differences"":{""confidence_floor"":-0.598956520669162,""deterioration_adjustment"":0.7078072717413303,""panic_response"":0.526483437262438,""recovery_adjustment"":0.8483160902933611},""right_candidate_index"":126}],""maximum"":-2.453125,""minimum"":-68.33470394736841,""non_degenerate"":true,""range"":65.88157894736841,""rank_correlations"":{""confidence_floor"":0.28823529411764703,""deterioration_adjustment"":0.6529411764705881,""panic_response"":0.4588235294117647,""recovery_adjustment"":0.45294117647058824},""recovery_adjustment_rank"":3,""sensitivity_gate_passed"":true,""standardised_univariate_slopes"":{""confidence_floor"":0.2521780895352076,""deterioration_adjustment"":0.6871348621852033,""panic_response"":0.4958551060249906,""recovery_adjustment"":0.4242237547046213},""strongest_absolute_rank_correlation"":""deterioration_adjustment""}"
restricted_mean_recovery_time,100,256,-32.440172697368425,0.34398999573182054,0.34874415428792727,0.34874415428792727,0.013632224361764171,True,7.4645104861890914,0.74645104861890921,True,-0.50798467493438004,regular_convergence,64,False,"{""clear_recovery_adjustment_secondary_relationship"":true,""local_pairwise_differences"":[{""left_candidate_index"":0,""moment_difference"":27.55777138157893,""pair_index"":0,""parameter_differences"":{""confidence_floor"":0.6979905702173707,""deterioration_adjustment"":0.9944576695561403,""panic_response"":1.7551187046835377,""recovery_adjustment"":0.508190783489818},""right_candidate_index"":94},{""left_candidate_index"":171,""moment_difference"":27.75349506578945,""pair_index"":1,""parameter_differences"":{""confidence_floor"":-0.9867684068158264,""deterioration_adjustment"":0.4170397389680145,""panic_response"":1.8359902804102928,""recovery_adjustment"":0.4018844550392941},""right_candidate_index"":42},{""left_candidate_index"":193,""moment_difference"":13.207648026315788,""pair_index"":2,""parameter_differences"":{""confidence_floor"":0.8749759169295425,""deterioration_adjustment"":-0.6008529700338838,""panic_response"":2.6205578386639607,""recovery_adjustment"":0.14921588889190612},""right_candidate_index"":100},{""left_candidate_index"":116,""moment_difference"":-18.98129111842104,""pair_index"":3,""parameter_differences"":{""confidence_floor"":-0.17603670712560404,""deterioration_adjustment"":-0.26285866647958744,""panic_response"":1.522165212430246,""recovery_adjustment"":-0.2741302060086407},""right_candidate_index"":127},{""left_candidate_index"":36,""moment_difference"":-24.25246710526318,""pair_index"":4,""parameter_differences"":{""confidence_floor"":-0.0938006294891238,""deterioration_adjustment"":0.05211010854691267,""panic_response"":0.6607945143430864,""recovery_adjustment"":0.07404947049588717},""right_candidate_index"":252},{""left_candidate_index"":222,""moment_difference"":9.237664473684191,""pair_index"":5,""parameter_differences"":{""confidence_floor"":-0.11346969008445751,""deterioration_adjustment"":-0.007403663359582313,""panic_response"":-0.4146542415671981,""recovery_adjustment"":-0.9745140017049413},""right_candidate_index"":97},{""left_candidate_index"":134,""moment_difference"":-46.14782072368422,""pair_index"":6,""parameter_differences"":{""confidence_floor"":-0.6239491663873192,""deterioration_adjustment"":-0.5912777306511997,""panic_response"":-2.0460359842028835,""recovery_adjustment"":-0.41094174453521337},""right_candidate_index"":103},{""left_candidate_index"":203,""moment_difference"":9.883223684210535,""pair_index"":7,""parameter_differences"":{""confidence_floor"":-0.598956520669162,""deterioration_adjustment"":0.7078072717413303,""panic_response"":0.526483437262438,""recovery_adjustment"":0.8483160902933611},""right_candidate_index"":126}],""maximum"":-2.453125,""minimum"":-68.33470394736841,""non_degenerate"":true,""range"":65.88157894736841,""rank_correlations"":{""confidence_floor"":0.28823529411764703,""deterioration_adjustment"":0.6529411764705881,""panic_response"":0.4588235294117647,""recovery_adjustment"":0.45294117647058824},""recovery_adjustment_rank"":3,""sensitivity_gate_passed"":true,""standardised_univariate_slopes"":{""confidence_floor"":0.2521780895352076,""deterioration_adjustment"":0.6871348621852033,""panic_response"":0.4958551060249906,""recovery_adjustment"":0.4242237547046213},""strongest_absolute_rank_correlation"":""deterioration_adjustment""}"
restricted_mean_recovery_time,103,32,-51.871710526315795,2.5661624372502114,2.4918764198207088,2.5661624372502114,0.028948291172519954,True,7.4645104861890914,0.74645104861890921,False,-0.5062148860729857,regular_convergence,512,False,"{""clear_recovery_adjustment_secondary_relationship"":true,""local_pairwise_differences"":[{""left_candidate_index"":0,""moment_difference"":27.55777138157893,""pair_index"":0,""parameter_differences"":{""confidence_floor"":0.6979905702173707,""deterioration_adjustment"":0.9944576695561403,""panic_response"":1.7551187046835377,""recovery_adjustment"":0.508190783489818},""right_candidate_index"":94},{""left_candidate_index"":171,""moment_difference"":27.75349506578945,""pair_index"":1,""parameter_differences"":{""confidence_floor"":-0.9867684068158264,""deterioration_adjustment"":0.4170397389680145,""panic_response"":1.8359902804102928,""recovery_adjustment"":0.4018844550392941},""right_candidate_index"":42},{""left_candidate_index"":193,""moment_difference"":13.207648026315788,""pair_index"":2,""parameter_differences"":{""confidence_floor"":0.8749759169295425,""deterioration_adjustment"":-0.6008529700338838,""panic_response"":2.6205578386639607,""recovery_adjustment"":0.14921588889190612},""right_candidate_index"":100},{""left_candidate_index"":116,""moment_difference"":-18.98129111842104,""pair_index"":3,""parameter_differences"":{""confidence_floor"":-0.17603670712560404,""deterioration_adjustment"":-0.26285866647958744,""panic_response"":1.522165212430246,""recovery_adjustment"":-0.2741302060086407},""right_candidate_index"":127},{""left_candidate_index"":36,""moment_difference"":-24.25246710526318,""pair_index"":4,""parameter_differences"":{""confidence_floor"":-0.0938006294891238,""deterioration_adjustment"":0.05211010854691267,""panic_response"":0.6607945143430864,""recovery_adjustment"":0.07404947049588717},""right_candidate_index"":252},{""left_candidate_index"":222,""moment_difference"":9.237664473684191,""pair_index"":5,""parameter_differences"":{""confidence_floor"":-0.11346969008445751,""deterioration_adjustment"":-0.007403663359582313,""panic_response"":-0.4146542415671981,""recovery_adjustment"":-0.9745140017049413},""right_candidate_index"":97},{""left_candidate_index"":134,""moment_difference"":-46.14782072368422,""pair_index"":6,""parameter_differences"":{""confidence_floor"":-0.6239491663873192,""deterioration_adjustment"":-0.5912777306511997,""panic_response"":-2.0460359842028835,""recovery_adjustment"":-0.41094174453521337},""right_candidate_index"":103},{""left_candidate_index"":203,""moment_difference"":9.883223684210535,""pair_index"":7,""parameter_differences"":{""confidence_floor"":-0.598956520669162,""deterioration_adjustment"":0.7078072717413303,""panic_response"":0.526483437262438,""recovery_adjustment"":0.8483160902933611},""right_candidate_index"":126}],""maximum"":-2.453125,""minimum"":-68.33470394736841,""non_degenerate"":true,""range"":65.88157894736841,""rank_correlations"":{""confidence_floor"":0.28823529411764703,""deterioration_adjustment"":0.6529411764705881,""panic_response"":0.4588235294117647,""recovery_adjustment"":0.45294117647058824},""recovery_adjustment_rank"":3,""sensitivity_gate_passed"":true,""standardised_univariate_slopes"":{""confidence_floor"":0.2521780895352076,""deterioration_adjustment"":0.6871348621852033,""panic_response"":0.4958551060249906,""recovery_adjustment"":0.4242237547046213},""strongest_absolute_rank_correlation"":""deterioration_adjustment""}"
restricted_mean_recovery_time,103,64,-52.761513157894733,1.7746246571725244,1.5529377382956748,1.7746246571725244,0.12492045457660837,True,7.4645104861890914,0.74645104861890921,False,-0.5062148860729857,regular_convergence,512,False,"{""clear_recovery_adjustment_secondary_relationship"":true,""local_pairwise_differences"":[{""left_candidate_index"":0,""moment_difference"":27.55777138157893,""pair_index"":0,""parameter_differences"":{""confidence_floor"":0.6979905702173707,""deterioration_adjustment"":0.9944576695561403,""panic_response"":1.7551187046835377,""recovery_adjustment"":0.508190783489818},""right_candidate_index"":94},{""left_candidate_index"":171,""moment_difference"":27.75349506578945,""pair_index"":1,""parameter_differences"":{""confidence_floor"":-0.9867684068158264,""deterioration_adjustment"":0.4170397389680145,""panic_response"":1.8359902804102928,""recovery_adjustment"":0.4018844550392941},""right_candidate_index"":42},{""left_candidate_index"":193,""moment_difference"":13.207648026315788,""pair_index"":2,""parameter_differences"":{""confidence_floor"":0.8749759169295425,""deterioration_adjustment"":-0.6008529700338838,""panic_response"":2.6205578386639607,""recovery_adjustment"":0.14921588889190612},""right_candidate_index"":100},{""left_candidate_index"":116,""moment_difference"":-18.98129111842104,""pair_index"":3,""parameter_differences"":{""confidence_floor"":-0.17603670712560404,""deterioration_adjustment"":-0.26285866647958744,""panic_response"":1.522165212430246,""recovery_adjustment"":-0.2741302060086407},""right_candidate_index"":127},{""left_candidate_index"":36,""moment_difference"":-24.25246710526318,""pair_index"":4,""parameter_differences"":{""confidence_floor"":-0.0938006294891238,""deterioration_adjustment"":0.05211010854691267,""panic_response"":0.6607945143430864,""recovery_adjustment"":0.07404947049588717},""right_candidate_index"":252},{""left_candidate_index"":222,""moment_difference"":9.237664473684191,""pair_index"":5,""parameter_differences"":{""confidence_floor"":-0.11346969008445751,""deterioration_adjustment"":-0.007403663359582313,""panic_response"":-0.4146542415671981,""recovery_adjustment"":-0.9745140017049413},""right_candidate_index"":97},{""left_candidate_index"":134,""moment_difference"":-46.14782072368422,""pair_index"":6,""parameter_differences"":{""confidence_floor"":-0.6239491663873192,""deterioration_adjustment"":-0.5912777306511997,""panic_response"":-2.0460359842028835,""recovery_adjustment"":-0.41094174453521337},""right_candidate_index"":103},{""left_candidate_index"":203,""moment_difference"":9.883223684210535,""pair_index"":7,""parameter_differences"":{""confidence_floor"":-0.598956520669162,""deterioration_adjustment"":0.7078072717413303,""panic_response"":0.526483437262438,""recovery_adjustment"":0.8483160902933611},""right_candidate_index"":126}],""maximum"":-2.453125,""minimum"":-68.33470394736841,""non_degenerate"":true,""range"":65.88157894736841,""rank_correlations"":{""confidence_floor"":0.28823529411764703,""deterioration_adjustment"":0.6529411764705881,""panic_response"":0.4588235294117647,""recovery_adjustment"":0.45294117647058824},""recovery_adjustment_rank"":3,""sensitivity_gate_passed"":true,""standardised_univariate_slopes"":{""confidence_floor"":0.2521780895352076,""deterioration_adjustment"":0.6871348621852033,""panic_response"":0.4958551060249906,""recovery_adjustment"":0.4242237547046213},""strongest_absolute_rank_correlation"":""deterioration_adjustment""}"
restricted_mean_recovery_time,103,128,-52.278782894736835,1.2395745400876053,1.2103654575210878,1.2395745400876053,0.023563796788253759,True,7.4645104861890914,0.74645104861890921,False,-0.5062148860729857,regular_convergence,512,False,"{""clear_recovery_adjustment_secondary_relationship"":true,""local_pairwise_differences"":[{""left_candidate_index"":0,""moment_difference"":27.55777138157893,""pair_index"":0,""parameter_differences"":{""confidence_floor"":0.6979905702173707,""deterioration_adjustment"":0.9944576695561403,""panic_response"":1.7551187046835377,""recovery_adjustment"":0.508190783489818},""right_candidate_index"":94},{""left_candidate_index"":171,""moment_difference"":27.75349506578945,""pair_index"":1,""parameter_differences"":{""confidence_floor"":-0.9867684068158264,""deterioration_adjustment"":0.4170397389680145,""panic_response"":1.8359902804102928,""recovery_adjustment"":0.4018844550392941},""right_candidate_index"":42},{""left_candidate_index"":193,""moment_difference"":13.207648026315788,""pair_index"":2,""parameter_differences"":{""confidence_floor"":0.8749759169295425,""deterioration_adjustment"":-0.6008529700338838,""panic_response"":2.6205578386639607,""recovery_adjustment"":0.14921588889190612},""right_candidate_index"":100},{""left_candidate_index"":116,""moment_difference"":-18.98129111842104,""pair_index"":3,""parameter_differences"":{""confidence_floor"":-0.17603670712560404,""deterioration_adjustment"":-0.26285866647958744,""panic_response"":1.522165212430246,""recovery_adjustment"":-0.2741302060086407},""right_candidate_index"":127},{""left_candidate_index"":36,""moment_difference"":-24.25246710526318,""pair_index"":4,""parameter_differences"":{""confidence_floor"":-0.0938006294891238,""deterioration_adjustment"":0.05211010854691267,""panic_response"":0.6607945143430864,""recovery_adjustment"":0.07404947049588717},""right_candidate_index"":252},{""left_candidate_index"":222,""moment_difference"":9.237664473684191,""pair_index"":5,""parameter_differences"":{""confidence_floor"":-0.11346969008445751,""deterioration_adjustment"":-0.007403663359582313,""panic_response"":-0.4146542415671981,""recovery_adjustment"":-0.9745140017049413},""right_candidate_index"":97},{""left_candidate_index"":134,""moment_difference"":-46.14782072368422,""pair_index"":6,""parameter_differences"":{""confidence_floor"":-0.6239491663873192,""deterioration_adjustment"":-0.5912777306511997,""panic_response"":-2.0460359842028835,""recovery_adjustment"":-0.41094174453521337},""right_candidate_index"":103},{""left_candidate_index"":203,""moment_difference"":9.883223684210535,""pair_index"":7,""parameter_differences"":{""confidence_floor"":-0.598956520669162,""deterioration_adjustment"":0.7078072717413303,""panic_response"":0.526483437262438,""recovery_adjustment"":0.8483160902933611},""right_candidate_index"":126}],""maximum"":-2.453125,""minimum"":-68.33470394736841,""non_degenerate"":true,""range"":65.88157894736841,""rank_correlations"":{""confidence_floor"":0.28823529411764703,""deterioration_adjustment"":0.6529411764705881,""panic_response"":0.4588235294117647,""recovery_adjustment"":0.45294117647058824},""recovery_adjustment_rank"":3,""sensitivity_gate_passed"":true,""standardised_univariate_slopes"":{""confidence_floor"":0.2521780895352076,""deterioration_adjustment"":0.6871348621852033,""panic_response"":0.4958551060249906,""recovery_adjustment"":0.4242237547046213},""strongest_absolute_rank_correlation"":""deterioration_adjustment""}"
restricted_mean_recovery_time,103,256,-51.86307565789474,0.88291037824896867,0.89799905924944601,0.89799905924944601,0.016802557692085513,True,7.4645104861890914,0.74645104861890921,False,-0.5062148860729857,regular_convergence,512,False,"{""clear_recovery_adjustment_secondary_relationship"":true,""local_pairwise_differences"":[{""left_candidate_index"":0,""moment_difference"":27.55777138157893,""pair_index"":0,""parameter_differences"":{""confidence_floor"":0.6979905702173707,""deterioration_adjustment"":0.9944576695561403,""panic_response"":1.7551187046835377,""recovery_adjustment"":0.508190783489818},""right_candidate_index"":94},{""left_candidate_index"":171,""moment_difference"":27.75349506578945,""pair_index"":1,""parameter_differences"":{""confidence_floor"":-0.9867684068158264,""deterioration_adjustment"":0.4170397389680145,""panic_response"":1.8359902804102928,""recovery_adjustment"":0.4018844550392941},""right_candidate_index"":42},{""left_candidate_index"":193,""moment_difference"":13.207648026315788,""pair_index"":2,""parameter_differences"":{""confidence_floor"":0.8749759169295425,""deterioration_adjustment"":-0.6008529700338838,""panic_response"":2.6205578386639607,""recovery_adjustment"":0.14921588889190612},""right_candidate_index"":100},{""left_candidate_index"":116,""moment_difference"":-18.98129111842104,""pair_index"":3,""parameter_differences"":{""confidence_floor"":-0.17603670712560404,""deterioration_adjustment"":-0.26285866647958744,""panic_response"":1.522165212430246,""recovery_adjustment"":-0.2741302060086407},""right_candidate_index"":127},{""left_candidate_index"":36,""moment_difference"":-24.25246710526318,""pair_index"":4,""parameter_differences"":{""confidence_floor"":-0.0938006294891238,""deterioration_adjustment"":0.05211010854691267,""panic_response"":0.6607945143430864,""recovery_adjustment"":0.07404947049588717},""right_candidate_index"":252},{""left_candidate_index"":222,""moment_difference"":9.237664473684191,""pair_index"":5,""parameter_differences"":{""confidence_floor"":-0.11346969008445751,""deterioration_adjustment"":-0.007403663359582313,""panic_response"":-0.4146542415671981,""recovery_adjustment"":-0.9745140017049413},""right_candidate_index"":97},{""left_candidate_index"":134,""moment_difference"":-46.14782072368422,""pair_index"":6,""parameter_differences"":{""confidence_floor"":-0.6239491663873192,""deterioration_adjustment"":-0.5912777306511997,""panic_response"":-2.0460359842028835,""recovery_adjustment"":-0.41094174453521337},""right_candidate_index"":103},{""left_candidate_index"":203,""moment_difference"":9.883223684210535,""pair_index"":7,""parameter_differences"":{""confidence_floor"":-0.598956520669162,""deterioration_adjustment"":0.7078072717413303,""panic_response"":0.526483437262438,""recovery_adjustment"":0.8483160902933611},""right_candidate_index"":126}],""maximum"":-2.453125,""minimum"":-68.33470394736841,""non_degenerate"":true,""range"":65.88157894736841,""rank_correlations"":{""confidence_floor"":0.28823529411764703,""deterioration_adjustment"":0.6529411764705881,""panic_response"":0.4588235294117647,""recovery_adjustment"":0.45294117647058824},""recovery_adjustment_rank"":3,""sensitivity_gate_passed"":true,""standardised_univariate_slopes"":{""confidence_floor"":0.2521780895352076,""deterioration_adjustment"":0.6871348621852033,""panic_response"":0.4958551060249906,""recovery_adjustment"":0.4242237547046213},""strongest_absolute_rank_correlation"":""deterioration_adjustment""}"
restricted_mean_recovery_time,116,32,-49.348684210526315,3.4734545195723485,3.8345455184345001,3.8345455184345001,0.09416787390479886,True,7.4645104861890914,0.74645104861890921,False,-0.51053849220306324,regular_convergence,1024,False,"{""clear_recovery_adjustment_secondary_relationship"":true,""local_pairwise_differences"":[{""left_candidate_index"":0,""moment_difference"":27.55777138157893,""pair_index"":0,""parameter_differences"":{""confidence_floor"":0.6979905702173707,""deterioration_adjustment"":0.9944576695561403,""panic_response"":1.7551187046835377,""recovery_adjustment"":0.508190783489818},""right_candidate_index"":94},{""left_candidate_index"":171,""moment_difference"":27.75349506578945,""pair_index"":1,""parameter_differences"":{""confidence_floor"":-0.9867684068158264,""deterioration_adjustment"":0.4170397389680145,""panic_response"":1.8359902804102928,""recovery_adjustment"":0.4018844550392941},""right_candidate_index"":42},{""left_candidate_index"":193,""moment_difference"":13.207648026315788,""pair_index"":2,""parameter_differences"":{""confidence_floor"":0.8749759169295425,""deterioration_adjustment"":-0.6008529700338838,""panic_response"":2.6205578386639607,""recovery_adjustment"":0.14921588889190612},""right_candidate_index"":100},{""left_candidate_index"":116,""moment_difference"":-18.98129111842104,""pair_index"":3,""parameter_differences"":{""confidence_floor"":-0.17603670712560404,""deterioration_adjustment"":-0.26285866647958744,""panic_response"":1.522165212430246,""recovery_adjustment"":-0.2741302060086407},""right_candidate_index"":127},{""left_candidate_index"":36,""moment_difference"":-24.25246710526318,""pair_index"":4,""parameter_differences"":{""confidence_floor"":-0.0938006294891238,""deterioration_adjustment"":0.05211010854691267,""panic_response"":0.6607945143430864,""recovery_adjustment"":0.07404947049588717},""right_candidate_index"":252},{""left_candidate_index"":222,""moment_difference"":9.237664473684191,""pair_index"":5,""parameter_differences"":{""confidence_floor"":-0.11346969008445751,""deterioration_adjustment"":-0.007403663359582313,""panic_response"":-0.4146542415671981,""recovery_adjustment"":-0.9745140017049413},""right_candidate_index"":97},{""left_candidate_index"":134,""moment_difference"":-46.14782072368422,""pair_index"":6,""parameter_differences"":{""confidence_floor"":-0.6239491663873192,""deterioration_adjustment"":-0.5912777306511997,""panic_response"":-2.0460359842028835,""recovery_adjustment"":-0.41094174453521337},""right_candidate_index"":103},{""left_candidate_index"":203,""moment_difference"":9.883223684210535,""pair_index"":7,""parameter_differences"":{""confidence_floor"":-0.598956520669162,""deterioration_adjustment"":0.7078072717413303,""panic_response"":0.526483437262438,""recovery_adjustment"":0.8483160902933611},""right_candidate_index"":126}],""maximum"":-2.453125,""minimum"":-68.33470394736841,""non_degenerate"":true,""range"":65.88157894736841,""rank_correlations"":{""confidence_floor"":0.28823529411764703,""deterioration_adjustment"":0.6529411764705881,""panic_response"":0.4588235294117647,""recovery_adjustment"":0.45294117647058824},""recovery_adjustment_rank"":3,""sensitivity_gate_passed"":true,""standardised_univariate_slopes"":{""confidence_floor"":0.2521780895352076,""deterioration_adjustment"":0.6871348621852033,""panic_response"":0.4958551060249906,""recovery_adjustment"":0.4242237547046213},""strongest_absolute_rank_correlation"":""deterioration_adjustment""}"
restricted_mean_recovery_time,116,64,-46.739309210526315,2.4697226851902778,2.4880210386425015,2.4880210386425015,0.0073545814798284303,True,7.4645104861890914,0.74645104861890921,False,-0.51053849220306324,regular_convergence,1024,False,"{""clear_recovery_adjustment_secondary_relationship"":true,""local_pairwise_differences"":[{""left_candidate_index"":0,""moment_difference"":27.55777138157893,""pair_index"":0,""parameter_differences"":{""confidence_floor"":0.6979905702173707,""deterioration_adjustment"":0.9944576695561403,""panic_response"":1.7551187046835377,""recovery_adjustment"":0.508190783489818},""right_candidate_index"":94},{""left_candidate_index"":171,""moment_difference"":27.75349506578945,""pair_index"":1,""parameter_differences"":{""confidence_floor"":-0.9867684068158264,""deterioration_adjustment"":0.4170397389680145,""panic_response"":1.8359902804102928,""recovery_adjustment"":0.4018844550392941},""right_candidate_index"":42},{""left_candidate_index"":193,""moment_difference"":13.207648026315788,""pair_index"":2,""parameter_differences"":{""confidence_floor"":0.8749759169295425,""deterioration_adjustment"":-0.6008529700338838,""panic_response"":2.6205578386639607,""recovery_adjustment"":0.14921588889190612},""right_candidate_index"":100},{""left_candidate_index"":116,""moment_difference"":-18.98129111842104,""pair_index"":3,""parameter_differences"":{""confidence_floor"":-0.17603670712560404,""deterioration_adjustment"":-0.26285866647958744,""panic_response"":1.522165212430246,""recovery_adjustment"":-0.2741302060086407},""right_candidate_index"":127},{""left_candidate_index"":36,""moment_difference"":-24.25246710526318,""pair_index"":4,""parameter_differences"":{""confidence_floor"":-0.0938006294891238,""deterioration_adjustment"":0.05211010854691267,""panic_response"":0.6607945143430864,""recovery_adjustment"":0.07404947049588717},""right_candidate_index"":252},{""left_candidate_index"":222,""moment_difference"":9.237664473684191,""pair_index"":5,""parameter_differences"":{""confidence_floor"":-0.11346969008445751,""deterioration_adjustment"":-0.007403663359582313,""panic_response"":-0.4146542415671981,""recovery_adjustment"":-0.9745140017049413},""right_candidate_index"":97},{""left_candidate_index"":134,""moment_difference"":-46.14782072368422,""pair_index"":6,""parameter_differences"":{""confidence_floor"":-0.6239491663873192,""deterioration_adjustment"":-0.5912777306511997,""panic_response"":-2.0460359842028835,""recovery_adjustment"":-0.41094174453521337},""right_candidate_index"":103},{""left_candidate_index"":203,""moment_difference"":9.883223684210535,""pair_index"":7,""parameter_differences"":{""confidence_floor"":-0.598956520669162,""deterioration_adjustment"":0.7078072717413303,""panic_response"":0.526483437262438,""recovery_adjustment"":0.8483160902933611},""right_candidate_index"":126}],""maximum"":-2.453125,""minimum"":-68.33470394736841,""non_degenerate"":true,""range"":65.88157894736841,""rank_correlations"":{""confidence_floor"":0.28823529411764703,""deterioration_adjustment"":0.6529411764705881,""panic_response"":0.4588235294117647,""recovery_adjustment"":0.45294117647058824},""recovery_adjustment_rank"":3,""sensitivity_gate_passed"":true,""standardised_univariate_slopes"":{""confidence_floor"":0.2521780895352076,""deterioration_adjustment"":0.6871348621852033,""panic_response"":0.4958551060249906,""recovery_adjustment"":0.4242237547046213},""strongest_absolute_rank_correlation"":""deterioration_adjustment""}"
restricted_mean_recovery_time,116,128,-47.419819078947384,1.7522673424184239,1.9178303949641979,1.9178303949641979,0.086328307748436126,True,7.4645104861890914,0.74645104861890921,False,-0.51053849220306324,regular_convergence,1024,False,"{""clear_recovery_adjustment_secondary_relationship"":true,""local_pairwise_differences"":[{""left_candidate_index"":0,""moment_difference"":27.55777138157893,""pair_index"":0,""parameter_differences"":{""confidence_floor"":0.6979905702173707,""deterioration_adjustment"":0.9944576695561403,""panic_response"":1.7551187046835377,""recovery_adjustment"":0.508190783489818},""right_candidate_index"":94},{""left_candidate_index"":171,""moment_difference"":27.75349506578945,""pair_index"":1,""parameter_differences"":{""confidence_floor"":-0.9867684068158264,""deterioration_adjustment"":0.4170397389680145,""panic_response"":1.8359902804102928,""recovery_adjustment"":0.4018844550392941},""right_candidate_index"":42},{""left_candidate_index"":193,""moment_difference"":13.207648026315788,""pair_index"":2,""parameter_differences"":{""confidence_floor"":0.8749759169295425,""deterioration_adjustment"":-0.6008529700338838,""panic_response"":2.6205578386639607,""recovery_adjustment"":0.14921588889190612},""right_candidate_index"":100},{""left_candidate_index"":116,""moment_difference"":-18.98129111842104,""pair_index"":3,""parameter_differences"":{""confidence_floor"":-0.17603670712560404,""deterioration_adjustment"":-0.26285866647958744,""panic_response"":1.522165212430246,""recovery_adjustment"":-0.2741302060086407},""right_candidate_index"":127},{""left_candidate_index"":36,""moment_difference"":-24.25246710526318,""pair_index"":4,""parameter_differences"":{""confidence_floor"":-0.0938006294891238,""deterioration_adjustment"":0.05211010854691267,""panic_response"":0.6607945143430864,""recovery_adjustment"":0.07404947049588717},""right_candidate_index"":252},{""left_candidate_index"":222,""moment_difference"":9.237664473684191,""pair_index"":5,""parameter_differences"":{""confidence_floor"":-0.11346969008445751,""deterioration_adjustment"":-0.007403663359582313,""panic_response"":-0.4146542415671981,""recovery_adjustment"":-0.9745140017049413},""right_candidate_index"":97},{""left_candidate_index"":134,""moment_difference"":-46.14782072368422,""pair_index"":6,""parameter_differences"":{""confidence_floor"":-0.6239491663873192,""deterioration_adjustment"":-0.5912777306511997,""panic_response"":-2.0460359842028835,""recovery_adjustment"":-0.41094174453521337},""right_candidate_index"":103},{""left_candidate_index"":203,""moment_difference"":9.883223684210535,""pair_index"":7,""parameter_differences"":{""confidence_floor"":-0.598956520669162,""deterioration_adjustment"":0.7078072717413303,""panic_response"":0.526483437262438,""recovery_adjustment"":0.8483160902933611},""right_candidate_index"":126}],""maximum"":-2.453125,""minimum"":-68.33470394736841,""non_degenerate"":true,""range"":65.88157894736841,""rank_correlations"":{""confidence_floor"":0.28823529411764703,""deterioration_adjustment"":0.6529411764705881,""panic_response"":0.4588235294117647,""recovery_adjustment"":0.45294117647058824},""recovery_adjustment_rank"":3,""sensitivity_gate_passed"":true,""standardised_univariate_slopes"":{""confidence_floor"":0.2521780895352076,""deterioration_adjustment"":0.6871348621852033,""panic_response"":0.4958551060249906,""recovery_adjustment"":0.4242237547046213},""strongest_absolute_rank_correlation"":""deterioration_adjustment""}"
restricted_mean_recovery_time,116,256,-49.35341282894737,1.2380143156601346,1.2855940315916283,1.2855940315916283,0.037009907297553074,True,7.4645104861890914,0.74645104861890921,False,-0.51053849220306324,regular_convergence,1024,False,"{""clear_recovery_adjustment_secondary_relationship"":true,""local_pairwise_differences"":[{""left_candidate_index"":0,""moment_difference"":27.55777138157893,""pair_index"":0,""parameter_differences"":{""confidence_floor"":0.6979905702173707,""deterioration_adjustment"":0.9944576695561403,""panic_response"":1.7551187046835377,""recovery_adjustment"":0.508190783489818},""right_candidate_index"":94},{""left_candidate_index"":171,""moment_difference"":27.75349506578945,""pair_index"":1,""parameter_differences"":{""confidence_floor"":-0.9867684068158264,""deterioration_adjustment"":0.4170397389680145,""panic_response"":1.8359902804102928,""recovery_adjustment"":0.4018844550392941},""right_candidate_index"":42},{""left_candidate_index"":193,""moment_difference"":13.207648026315788,""pair_index"":2,""parameter_differences"":{""confidence_floor"":0.8749759169295425,""deterioration_adjustment"":-0.6008529700338838,""panic_response"":2.6205578386639607,""recovery_adjustment"":0.14921588889190612},""right_candidate_index"":100},{""left_candidate_index"":116,""moment_difference"":-18.98129111842104,""pair_index"":3,""parameter_differences"":{""confidence_floor"":-0.17603670712560404,""deterioration_adjustment"":-0.26285866647958744,""panic_response"":1.522165212430246,""recovery_adjustment"":-0.2741302060086407},""right_candidate_index"":127},{""left_candidate_index"":36,""moment_difference"":-24.25246710526318,""pair_index"":4,""parameter_differences"":{""confidence_floor"":-0.0938006294891238,""deterioration_adjustment"":0.05211010854691267,""panic_response"":0.6607945143430864,""recovery_adjustment"":0.07404947049588717},""right_candidate_index"":252},{""left_candidate_index"":222,""moment_difference"":9.237664473684191,""pair_index"":5,""parameter_differences"":{""confidence_floor"":-0.11346969008445751,""deterioration_adjustment"":-0.007403663359582313,""panic_response"":-0.4146542415671981,""recovery_adjustment"":-0.9745140017049413},""right_candidate_index"":97},{""left_candidate_index"":134,""moment_difference"":-46.14782072368422,""pair_index"":6,""parameter_differences"":{""confidence_floor"":-0.6239491663873192,""deterioration_adjustment"":-0.5912777306511997,""panic_response"":-2.0460359842028835,""recovery_adjustment"":-0.41094174453521337},""right_candidate_index"":103},{""left_candidate_index"":203,""moment_difference"":9.883223684210535,""pair_index"":7,""parameter_differences"":{""confidence_floor"":-0.598956520669162,""deterioration_adjustment"":0.7078072717413303,""panic_response"":0.526483437262438,""recovery_adjustment"":0.8483160902933611},""right_candidate_index"":126}],""maximum"":-2.453125,""minimum"":-68.33470394736841,""non_degenerate"":true,""range"":65.88157894736841,""rank_correlations"":{""confidence_floor"":0.28823529411764703,""deterioration_adjustment"":0.6529411764705881,""panic_response"":0.4588235294117647,""recovery_adjustment"":0.45294117647058824},""recovery_adjustment_rank"":3,""sensitivity_gate_passed"":true,""standardised_univariate_slopes"":{""confidence_floor"":0.2521780895352076,""deterioration_adjustment"":0.6871348621852033,""panic_response"":0.4958551060249906,""recovery_adjustment"":0.4242237547046213},""strongest_absolute_rank_correlation"":""deterioration_adjustment""}"
restricted_mean_recovery_time,126,32,-27.256578947368425,3.0165113011241429,3.2145514842971523,3.2145514842971523,0.061607407484503253,True,7.4645104861890914,0.74645104861890921,False,-0.52639843321655377,regular_convergence,1024,False,"{""clear_recovery_adjustment_secondary_relationship"":true,""local_pairwise_differences"":[{""left_candidate_index"":0,""moment_difference"":27.55777138157893,""pair_index"":0,""parameter_differences"":{""confidence_floor"":0.6979905702173707,""deterioration_adjustment"":0.9944576695561403,""panic_response"":1.7551187046835377,""recovery_adjustment"":0.508190783489818},""right_candidate_index"":94},{""left_candidate_index"":171,""moment_difference"":27.75349506578945,""pair_index"":1,""parameter_differences"":{""confidence_floor"":-0.9867684068158264,""deterioration_adjustment"":0.4170397389680145,""panic_response"":1.8359902804102928,""recovery_adjustment"":0.4018844550392941},""right_candidate_index"":42},{""left_candidate_index"":193,""moment_difference"":13.207648026315788,""pair_index"":2,""parameter_differences"":{""confidence_floor"":0.8749759169295425,""deterioration_adjustment"":-0.6008529700338838,""panic_response"":2.6205578386639607,""recovery_adjustment"":0.14921588889190612},""right_candidate_index"":100},{""left_candidate_index"":116,""moment_difference"":-18.98129111842104,""pair_index"":3,""parameter_differences"":{""confidence_floor"":-0.17603670712560404,""deterioration_adjustment"":-0.26285866647958744,""panic_response"":1.522165212430246,""recovery_adjustment"":-0.2741302060086407},""right_candidate_index"":127},{""left_candidate_index"":36,""moment_difference"":-24.25246710526318,""pair_index"":4,""parameter_differences"":{""confidence_floor"":-0.0938006294891238,""deterioration_adjustment"":0.05211010854691267,""panic_response"":0.6607945143430864,""recovery_adjustment"":0.07404947049588717},""right_candidate_index"":252},{""left_candidate_index"":222,""moment_difference"":9.237664473684191,""pair_index"":5,""parameter_differences"":{""confidence_floor"":-0.11346969008445751,""deterioration_adjustment"":-0.007403663359582313,""panic_response"":-0.4146542415671981,""recovery_adjustment"":-0.9745140017049413},""right_candidate_index"":97},{""left_candidate_index"":134,""moment_difference"":-46.14782072368422,""pair_index"":6,""parameter_differences"":{""confidence_floor"":-0.6239491663873192,""deterioration_adjustment"":-0.5912777306511997,""panic_response"":-2.0460359842028835,""recovery_adjustment"":-0.41094174453521337},""right_candidate_index"":103},{""left_candidate_index"":203,""moment_difference"":9.883223684210535,""pair_index"":7,""parameter_differences"":{""confidence_floor"":-0.598956520669162,""deterioration_adjustment"":0.7078072717413303,""panic_response"":0.526483437262438,""recovery_adjustment"":0.8483160902933611},""right_candidate_index"":126}],""maximum"":-2.453125,""minimum"":-68.33470394736841,""non_degenerate"":true,""range"":65.88157894736841,""rank_correlations"":{""confidence_floor"":0.28823529411764703,""deterioration_adjustment"":0.6529411764705881,""panic_response"":0.4588235294117647,""recovery_adjustment"":0.45294117647058824},""recovery_adjustment_rank"":3,""sensitivity_gate_passed"":true,""standardised_univariate_slopes"":{""confidence_floor"":0.2521780895352076,""deterioration_adjustment"":0.6871348621852033,""panic_response"":0.4958551060249906,""recovery_adjustment"":0.4242237547046213},""strongest_absolute_rank_correlation"":""deterioration_adjustment""}"
restricted_mean_recovery_time,126,64,-24.837171052631575,2.1745720345680493,2.271517535102459,2.271517535102459,0.042678737467917865,True,7.4645104861890914,0.74645104861890921,False,-0.52639843321655377,regular_convergence,1024,False,"{""clear_recovery_adjustment_secondary_relationship"":true,""local_pairwise_differences"":[{""left_candidate_index"":0,""moment_difference"":27.55777138157893,""pair_index"":0,""parameter_differences"":{""confidence_floor"":0.6979905702173707,""deterioration_adjustment"":0.9944576695561403,""panic_response"":1.7551187046835377,""recovery_adjustment"":0.508190783489818},""right_candidate_index"":94},{""left_candidate_index"":171,""moment_difference"":27.75349506578945,""pair_index"":1,""parameter_differences"":{""confidence_floor"":-0.9867684068158264,""deterioration_adjustment"":0.4170397389680145,""panic_response"":1.8359902804102928,""recovery_adjustment"":0.4018844550392941},""right_candidate_index"":42},{""left_candidate_index"":193,""moment_difference"":13.207648026315788,""pair_index"":2,""parameter_differences"":{""confidence_floor"":0.8749759169295425,""deterioration_adjustment"":-0.6008529700338838,""panic_response"":2.6205578386639607,""recovery_adjustment"":0.14921588889190612},""right_candidate_index"":100},{""left_candidate_index"":116,""moment_difference"":-18.98129111842104,""pair_index"":3,""parameter_differences"":{""confidence_floor"":-0.17603670712560404,""deterioration_adjustment"":-0.26285866647958744,""panic_response"":1.522165212430246,""recovery_adjustment"":-0.2741302060086407},""right_candidate_index"":127},{""left_candidate_index"":36,""moment_difference"":-24.25246710526318,""pair_index"":4,""parameter_differences"":{""confidence_floor"":-0.0938006294891238,""deterioration_adjustment"":0.05211010854691267,""panic_response"":0.6607945143430864,""recovery_adjustment"":0.07404947049588717},""right_candidate_index"":252},{""left_candidate_index"":222,""moment_difference"":9.237664473684191,""pair_index"":5,""parameter_differences"":{""confidence_floor"":-0.11346969008445751,""deterioration_adjustment"":-0.007403663359582313,""panic_response"":-0.4146542415671981,""recovery_adjustment"":-0.9745140017049413},""right_candidate_index"":97},{""left_candidate_index"":134,""moment_difference"":-46.14782072368422,""pair_index"":6,""parameter_differences"":{""confidence_floor"":-0.6239491663873192,""deterioration_adjustment"":-0.5912777306511997,""panic_response"":-2.0460359842028835,""recovery_adjustment"":-0.41094174453521337},""right_candidate_index"":103},{""left_candidate_index"":203,""moment_difference"":9.883223684210535,""pair_index"":7,""parameter_differences"":{""confidence_floor"":-0.598956520669162,""deterioration_adjustment"":0.7078072717413303,""panic_response"":0.526483437262438,""recovery_adjustment"":0.8483160902933611},""right_candidate_index"":126}],""maximum"":-2.453125,""minimum"":-68.33470394736841,""non_degenerate"":true,""range"":65.88157894736841,""rank_correlations"":{""confidence_floor"":0.28823529411764703,""deterioration_adjustment"":0.6529411764705881,""panic_response"":0.4588235294117647,""recovery_adjustment"":0.45294117647058824},""recovery_adjustment_rank"":3,""sensitivity_gate_passed"":true,""standardised_univariate_slopes"":{""confidence_floor"":0.2521780895352076,""deterioration_adjustment"":0.6871348621852033,""panic_response"":0.4958551060249906,""recovery_adjustment"":0.4242237547046213},""strongest_absolute_rank_correlation"":""deterioration_adjustment""}"
restricted_mean_recovery_time,126,128,-26.688733552631589,1.5436442789208571,1.5186043877096123,1.5436442789208571,0.016221283331383781,True,7.4645104861890914,0.74645104861890921,False,-0.52639843321655377,regular_convergence,1024,False,"{""clear_recovery_adjustment_secondary_relationship"":true,""local_pairwise_differences"":[{""left_candidate_index"":0,""moment_difference"":27.55777138157893,""pair_index"":0,""parameter_differences"":{""confidence_floor"":0.6979905702173707,""deterioration_adjustment"":0.9944576695561403,""panic_response"":1.7551187046835377,""recovery_adjustment"":0.508190783489818},""right_candidate_index"":94},{""left_candidate_index"":171,""moment_difference"":27.75349506578945,""pair_index"":1,""parameter_differences"":{""confidence_floor"":-0.9867684068158264,""deterioration_adjustment"":0.4170397389680145,""panic_response"":1.8359902804102928,""recovery_adjustment"":0.4018844550392941},""right_candidate_index"":42},{""left_candidate_index"":193,""moment_difference"":13.207648026315788,""pair_index"":2,""parameter_differences"":{""confidence_floor"":0.8749759169295425,""deterioration_adjustment"":-0.6008529700338838,""panic_response"":2.6205578386639607,""recovery_adjustment"":0.14921588889190612},""right_candidate_index"":100},{""left_candidate_index"":116,""moment_difference"":-18.98129111842104,""pair_index"":3,""parameter_differences"":{""confidence_floor"":-0.17603670712560404,""deterioration_adjustment"":-0.26285866647958744,""panic_response"":1.522165212430246,""recovery_adjustment"":-0.2741302060086407},""right_candidate_index"":127},{""left_candidate_index"":36,""moment_difference"":-24.25246710526318,""pair_index"":4,""parameter_differences"":{""confidence_floor"":-0.0938006294891238,""deterioration_adjustment"":0.05211010854691267,""panic_response"":0.6607945143430864,""recovery_adjustment"":0.07404947049588717},""right_candidate_index"":252},{""left_candidate_index"":222,""moment_difference"":9.237664473684191,""pair_index"":5,""parameter_differences"":{""confidence_floor"":-0.11346969008445751,""deterioration_adjustment"":-0.007403663359582313,""panic_response"":-0.4146542415671981,""recovery_adjustment"":-0.9745140017049413},""right_candidate_index"":97},{""left_candidate_index"":134,""moment_difference"":-46.14782072368422,""pair_index"":6,""parameter_differences"":{""confidence_floor"":-0.6239491663873192,""deterioration_adjustment"":-0.5912777306511997,""panic_response"":-2.0460359842028835,""recovery_adjustment"":-0.41094174453521337},""right_candidate_index"":103},{""left_candidate_index"":203,""moment_difference"":9.883223684210535,""pair_index"":7,""parameter_differences"":{""confidence_floor"":-0.598956520669162,""deterioration_adjustment"":0.7078072717413303,""panic_response"":0.526483437262438,""recovery_adjustment"":0.8483160902933611},""right_candidate_index"":126}],""maximum"":-2.453125,""minimum"":-68.33470394736841,""non_degenerate"":true,""range"":65.88157894736841,""rank_correlations"":{""confidence_floor"":0.28823529411764703,""deterioration_adjustment"":0.6529411764705881,""panic_response"":0.4588235294117647,""recovery_adjustment"":0.45294117647058824},""recovery_adjustment_rank"":3,""sensitivity_gate_passed"":true,""standardised_univariate_slopes"":{""confidence_floor"":0.2521780895352076,""deterioration_adjustment"":0.6871348621852033,""panic_response"":0.4958551060249906,""recovery_adjustment"":0.4242237547046213},""strongest_absolute_rank_correlation"":""deterioration_adjustment""}"
restricted_mean_recovery_time,126,256,-28.684621710526301,1.0835217019742254,1.0523919760920057,1.0835217019742254,0.028730136023579281,True,7.4645104861890914,0.74645104861890921,False,-0.52639843321655377,regular_convergence,1024,False,"{""clear_recovery_adjustment_secondary_relationship"":true,""local_pairwise_differences"":[{""left_candidate_index"":0,""moment_difference"":27.55777138157893,""pair_index"":0,""parameter_differences"":{""confidence_floor"":0.6979905702173707,""deterioration_adjustment"":0.9944576695561403,""panic_response"":1.7551187046835377,""recovery_adjustment"":0.508190783489818},""right_candidate_index"":94},{""left_candidate_index"":171,""moment_difference"":27.75349506578945,""pair_index"":1,""parameter_differences"":{""confidence_floor"":-0.9867684068158264,""deterioration_adjustment"":0.4170397389680145,""panic_response"":1.8359902804102928,""recovery_adjustment"":0.4018844550392941},""right_candidate_index"":42},{""left_candidate_index"":193,""moment_difference"":13.207648026315788,""pair_index"":2,""parameter_differences"":{""confidence_floor"":0.8749759169295425,""deterioration_adjustment"":-0.6008529700338838,""panic_response"":2.6205578386639607,""recovery_adjustment"":0.14921588889190612},""right_candidate_index"":100},{""left_candidate_index"":116,""moment_difference"":-18.98129111842104,""pair_index"":3,""parameter_differences"":{""confidence_floor"":-0.17603670712560404,""deterioration_adjustment"":-0.26285866647958744,""panic_response"":1.522165212430246,""recovery_adjustment"":-0.2741302060086407},""right_candidate_index"":127},{""left_candidate_index"":36,""moment_difference"":-24.25246710526318,""pair_index"":4,""parameter_differences"":{""confidence_floor"":-0.0938006294891238,""deterioration_adjustment"":0.05211010854691267,""panic_response"":0.6607945143430864,""recovery_adjustment"":0.07404947049588717},""right_candidate_index"":252},{""left_candidate_index"":222,""moment_difference"":9.237664473684191,""pair_index"":5,""parameter_differences"":{""confidence_floor"":-0.11346969008445751,""deterioration_adjustment"":-0.007403663359582313,""panic_response"":-0.4146542415671981,""recovery_adjustment"":-0.9745140017049413},""right_candidate_index"":97},{""left_candidate_index"":134,""moment_difference"":-46.14782072368422,""pair_index"":6,""parameter_differences"":{""confidence_floor"":-0.6239491663873192,""deterioration_adjustment"":-0.5912777306511997,""panic_response"":-2.0460359842028835,""recovery_adjustment"":-0.41094174453521337},""right_candidate_index"":103},{""left_candidate_index"":203,""moment_difference"":9.883223684210535,""pair_index"":7,""parameter_differences"":{""confidence_floor"":-0.598956520669162,""deterioration_adjustment"":0.7078072717413303,""panic_response"":0.526483437262438,""recovery_adjustment"":0.8483160902933611},""right_candidate_index"":126}],""maximum"":-2.453125,""minimum"":-68.33470394736841,""non_degenerate"":true,""range"":65.88157894736841,""rank_correlations"":{""confidence_floor"":0.28823529411764703,""deterioration_adjustment"":0.6529411764705881,""panic_response"":0.4588235294117647,""recovery_adjustment"":0.45294117647058824},""recovery_adjustment_rank"":3,""sensitivity_gate_passed"":true,""standardised_univariate_slopes"":{""confidence_floor"":0.2521780895352076,""deterioration_adjustment"":0.6871348621852033,""panic_response"":0.4958551060249906,""recovery_adjustment"":0.4242237547046213},""strongest_absolute_rank_correlation"":""deterioration_adjustment""}"
restricted_mean_recovery_time,127,32,-69.46546052631578,3.1414383822172116,3.7378075325255042,3.7378075325255042,0.15955052396861832,False,7.4645104861890914,0.74645104861890921,False,-0.55334781048664783,regular_convergence,1024,False,"{""clear_recovery_adjustment_secondary_relationship"":true,""local_pairwise_differences"":[{""left_candidate_index"":0,""moment_difference"":27.55777138157893,""pair_index"":0,""parameter_differences"":{""confidence_floor"":0.6979905702173707,""deterioration_adjustment"":0.9944576695561403,""panic_response"":1.7551187046835377,""recovery_adjustment"":0.508190783489818},""right_candidate_index"":94},{""left_candidate_index"":171,""moment_difference"":27.75349506578945,""pair_index"":1,""parameter_differences"":{""confidence_floor"":-0.9867684068158264,""deterioration_adjustment"":0.4170397389680145,""panic_response"":1.8359902804102928,""recovery_adjustment"":0.4018844550392941},""right_candidate_index"":42},{""left_candidate_index"":193,""moment_difference"":13.207648026315788,""pair_index"":2,""parameter_differences"":{""confidence_floor"":0.8749759169295425,""deterioration_adjustment"":-0.6008529700338838,""panic_response"":2.6205578386639607,""recovery_adjustment"":0.14921588889190612},""right_candidate_index"":100},{""left_candidate_index"":116,""moment_difference"":-18.98129111842104,""pair_index"":3,""parameter_differences"":{""confidence_floor"":-0.17603670712560404,""deterioration_adjustment"":-0.26285866647958744,""panic_response"":1.522165212430246,""recovery_adjustment"":-0.2741302060086407},""right_candidate_index"":127},{""left_candidate_index"":36,""moment_difference"":-24.25246710526318,""pair_index"":4,""parameter_differences"":{""confidence_floor"":-0.0938006294891238,""deterioration_adjustment"":0.05211010854691267,""panic_response"":0.6607945143430864,""recovery_adjustment"":0.07404947049588717},""right_candidate_index"":252},{""left_candidate_index"":222,""moment_difference"":9.237664473684191,""pair_index"":5,""parameter_differences"":{""confidence_floor"":-0.11346969008445751,""deterioration_adjustment"":-0.007403663359582313,""panic_response"":-0.4146542415671981,""recovery_adjustment"":-0.9745140017049413},""right_candidate_index"":97},{""left_candidate_index"":134,""moment_difference"":-46.14782072368422,""pair_index"":6,""parameter_differences"":{""confidence_floor"":-0.6239491663873192,""deterioration_adjustment"":-0.5912777306511997,""panic_response"":-2.0460359842028835,""recovery_adjustment"":-0.41094174453521337},""right_candidate_index"":103},{""left_candidate_index"":203,""moment_difference"":9.883223684210535,""pair_index"":7,""parameter_differences"":{""confidence_floor"":-0.598956520669162,""deterioration_adjustment"":0.7078072717413303,""panic_response"":0.526483437262438,""recovery_adjustment"":0.8483160902933611},""right_candidate_index"":126}],""maximum"":-2.453125,""minimum"":-68.33470394736841,""non_degenerate"":true,""range"":65.88157894736841,""rank_correlations"":{""confidence_floor"":0.28823529411764703,""deterioration_adjustment"":0.6529411764705881,""panic_response"":0.4588235294117647,""recovery_adjustment"":0.45294117647058824},""recovery_adjustment_rank"":3,""sensitivity_gate_passed"":true,""standardised_univariate_slopes"":{""confidence_floor"":0.2521780895352076,""deterioration_adjustment"":0.6871348621852033,""panic_response"":0.4958551060249906,""recovery_adjustment"":0.4242237547046213},""strongest_absolute_rank_correlation"":""deterioration_adjustment""}"
restricted_mean_recovery_time,127,64,-67.40625,2.1998890302404353,2.2763388687163322,2.2763388687163322,0.033584559630617891,True,7.4645104861890914,0.74645104861890921,False,-0.55334781048664783,regular_convergence,1024,False,"{""clear_recovery_adjustment_secondary_relationship"":true,""local_pairwise_differences"":[{""left_candidate_index"":0,""moment_difference"":27.55777138157893,""pair_index"":0,""parameter_differences"":{""confidence_floor"":0.6979905702173707,""deterioration_adjustment"":0.9944576695561403,""panic_response"":1.7551187046835377,""recovery_adjustment"":0.508190783489818},""right_candidate_index"":94},{""left_candidate_index"":171,""moment_difference"":27.75349506578945,""pair_index"":1,""parameter_differences"":{""confidence_floor"":-0.9867684068158264,""deterioration_adjustment"":0.4170397389680145,""panic_response"":1.8359902804102928,""recovery_adjustment"":0.4018844550392941},""right_candidate_index"":42},{""left_candidate_index"":193,""moment_difference"":13.207648026315788,""pair_index"":2,""parameter_differences"":{""confidence_floor"":0.8749759169295425,""deterioration_adjustment"":-0.6008529700338838,""panic_response"":2.6205578386639607,""recovery_adjustment"":0.14921588889190612},""right_candidate_index"":100},{""left_candidate_index"":116,""moment_difference"":-18.98129111842104,""pair_index"":3,""parameter_differences"":{""confidence_floor"":-0.17603670712560404,""deterioration_adjustment"":-0.26285866647958744,""panic_response"":1.522165212430246,""recovery_adjustment"":-0.2741302060086407},""right_candidate_index"":127},{""left_candidate_index"":36,""moment_difference"":-24.25246710526318,""pair_index"":4,""parameter_differences"":{""confidence_floor"":-0.0938006294891238,""deterioration_adjustment"":0.05211010854691267,""panic_response"":0.6607945143430864,""recovery_adjustment"":0.07404947049588717},""right_candidate_index"":252},{""left_candidate_index"":222,""moment_difference"":9.237664473684191,""pair_index"":5,""parameter_differences"":{""confidence_floor"":-0.11346969008445751,""deterioration_adjustment"":-0.007403663359582313,""panic_response"":-0.4146542415671981,""recovery_adjustment"":-0.9745140017049413},""right_candidate_index"":97},{""left_candidate_index"":134,""moment_difference"":-46.14782072368422,""pair_index"":6,""parameter_differences"":{""confidence_floor"":-0.6239491663873192,""deterioration_adjustment"":-0.5912777306511997,""panic_response"":-2.0460359842028835,""recovery_adjustment"":-0.41094174453521337},""right_candidate_index"":103},{""left_candidate_index"":203,""moment_difference"":9.883223684210535,""pair_index"":7,""parameter_differences"":{""confidence_floor"":-0.598956520669162,""deterioration_adjustment"":0.7078072717413303,""panic_response"":0.526483437262438,""recovery_adjustment"":0.8483160902933611},""right_candidate_index"":126}],""maximum"":-2.453125,""minimum"":-68.33470394736841,""non_degenerate"":true,""range"":65.88157894736841,""rank_correlations"":{""confidence_floor"":0.28823529411764703,""deterioration_adjustment"":0.6529411764705881,""panic_response"":0.4588235294117647,""recovery_adjustment"":0.45294117647058824},""recovery_adjustment_rank"":3,""sensitivity_gate_passed"":true,""standardised_univariate_slopes"":{""confidence_floor"":0.2521780895352076,""deterioration_adjustment"":0.6871348621852033,""panic_response"":0.4958551060249906,""recovery_adjustment"":0.4242237547046213},""strongest_absolute_rank_correlation"":""deterioration_adjustment""}"
restricted_mean_recovery_time,127,128,-69.229440789473671,1.545580517403417,1.7276304164800866,1.7276304164800866,0.10537548849572947,True,7.4645104861890914,0.74645104861890921,False,-0.55334781048664783,regular_convergence,1024,False,"{""clear_recovery_adjustment_secondary_relationship"":true,""local_pairwise_differences"":[{""left_candidate_index"":0,""moment_difference"":27.55777138157893,""pair_index"":0,""parameter_differences"":{""confidence_floor"":0.6979905702173707,""deterioration_adjustment"":0.9944576695561403,""panic_response"":1.7551187046835377,""recovery_adjustment"":0.508190783489818},""right_candidate_index"":94},{""left_candidate_index"":171,""moment_difference"":27.75349506578945,""pair_index"":1,""parameter_differences"":{""confidence_floor"":-0.9867684068158264,""deterioration_adjustment"":0.4170397389680145,""panic_response"":1.8359902804102928,""recovery_adjustment"":0.4018844550392941},""right_candidate_index"":42},{""left_candidate_index"":193,""moment_difference"":13.207648026315788,""pair_index"":2,""parameter_differences"":{""confidence_floor"":0.8749759169295425,""deterioration_adjustment"":-0.6008529700338838,""panic_response"":2.6205578386639607,""recovery_adjustment"":0.14921588889190612},""right_candidate_index"":100},{""left_candidate_index"":116,""moment_difference"":-18.98129111842104,""pair_index"":3,""parameter_differences"":{""confidence_floor"":-0.17603670712560404,""deterioration_adjustment"":-0.26285866647958744,""panic_response"":1.522165212430246,""recovery_adjustment"":-0.2741302060086407},""right_candidate_index"":127},{""left_candidate_index"":36,""moment_difference"":-24.25246710526318,""pair_index"":4,""parameter_differences"":{""confidence_floor"":-0.0938006294891238,""deterioration_adjustment"":0.05211010854691267,""panic_response"":0.6607945143430864,""recovery_adjustment"":0.07404947049588717},""right_candidate_index"":252},{""left_candidate_index"":222,""moment_difference"":9.237664473684191,""pair_index"":5,""parameter_differences"":{""confidence_floor"":-0.11346969008445751,""deterioration_adjustment"":-0.007403663359582313,""panic_response"":-0.4146542415671981,""recovery_adjustment"":-0.9745140017049413},""right_candidate_index"":97},{""left_candidate_index"":134,""moment_difference"":-46.14782072368422,""pair_index"":6,""parameter_differences"":{""confidence_floor"":-0.6239491663873192,""deterioration_adjustment"":-0.5912777306511997,""panic_response"":-2.0460359842028835,""recovery_adjustment"":-0.41094174453521337},""right_candidate_index"":103},{""left_candidate_index"":203,""moment_difference"":9.883223684210535,""pair_index"":7,""parameter_differences"":{""confidence_floor"":-0.598956520669162,""deterioration_adjustment"":0.7078072717413303,""panic_response"":0.526483437262438,""recovery_adjustment"":0.8483160902933611},""right_candidate_index"":126}],""maximum"":-2.453125,""minimum"":-68.33470394736841,""non_degenerate"":true,""range"":65.88157894736841,""rank_correlations"":{""confidence_floor"":0.28823529411764703,""deterioration_adjustment"":0.6529411764705881,""panic_response"":0.4588235294117647,""recovery_adjustment"":0.45294117647058824},""recovery_adjustment_rank"":3,""sensitivity_gate_passed"":true,""standardised_univariate_slopes"":{""confidence_floor"":0.2521780895352076,""deterioration_adjustment"":0.6871348621852033,""panic_response"":0.4958551060249906,""recovery_adjustment"":0.4242237547046213},""strongest_absolute_rank_correlation"":""deterioration_adjustment""}"
restricted_mean_recovery_time,127,256,-68.334703947368411,1.0984144539409761,1.1410324504978007,1.1410324504978007,0.037350380822413487,True,7.4645104861890914,0.74645104861890921,False,-0.55334781048664783,regular_convergence,1024,False,"{""clear_recovery_adjustment_secondary_relationship"":true,""local_pairwise_differences"":[{""left_candidate_index"":0,""moment_difference"":27.55777138157893,""pair_index"":0,""parameter_differences"":{""confidence_floor"":0.6979905702173707,""deterioration_adjustment"":0.9944576695561403,""panic_response"":1.7551187046835377,""recovery_adjustment"":0.508190783489818},""right_candidate_index"":94},{""left_candidate_index"":171,""moment_difference"":27.75349506578945,""pair_index"":1,""parameter_differences"":{""confidence_floor"":-0.9867684068158264,""deterioration_adjustment"":0.4170397389680145,""panic_response"":1.8359902804102928,""recovery_adjustment"":0.4018844550392941},""right_candidate_index"":42},{""left_candidate_index"":193,""moment_difference"":13.207648026315788,""pair_index"":2,""parameter_differences"":{""confidence_floor"":0.8749759169295425,""deterioration_adjustment"":-0.6008529700338838,""panic_response"":2.6205578386639607,""recovery_adjustment"":0.14921588889190612},""right_candidate_index"":100},{""left_candidate_index"":116,""moment_difference"":-18.98129111842104,""pair_index"":3,""parameter_differences"":{""confidence_floor"":-0.17603670712560404,""deterioration_adjustment"":-0.26285866647958744,""panic_response"":1.522165212430246,""recovery_adjustment"":-0.2741302060086407},""right_candidate_index"":127},{""left_candidate_index"":36,""moment_difference"":-24.25246710526318,""pair_index"":4,""parameter_differences"":{""confidence_floor"":-0.0938006294891238,""deterioration_adjustment"":0.05211010854691267,""panic_response"":0.6607945143430864,""recovery_adjustment"":0.07404947049588717},""right_candidate_index"":252},{""left_candidate_index"":222,""moment_difference"":9.237664473684191,""pair_index"":5,""parameter_differences"":{""confidence_floor"":-0.11346969008445751,""deterioration_adjustment"":-0.007403663359582313,""panic_response"":-0.4146542415671981,""recovery_adjustment"":-0.9745140017049413},""right_candidate_index"":97},{""left_candidate_index"":134,""moment_difference"":-46.14782072368422,""pair_index"":6,""parameter_differences"":{""confidence_floor"":-0.6239491663873192,""deterioration_adjustment"":-0.5912777306511997,""panic_response"":-2.0460359842028835,""recovery_adjustment"":-0.41094174453521337},""right_candidate_index"":103},{""left_candidate_index"":203,""moment_difference"":9.883223684210535,""pair_index"":7,""parameter_differences"":{""confidence_floor"":-0.598956520669162,""deterioration_adjustment"":0.7078072717413303,""panic_response"":0.526483437262438,""recovery_adjustment"":0.8483160902933611},""right_candidate_index"":126}],""maximum"":-2.453125,""minimum"":-68.33470394736841,""non_degenerate"":true,""range"":65.88157894736841,""rank_correlations"":{""confidence_floor"":0.28823529411764703,""deterioration_adjustment"":0.6529411764705881,""panic_response"":0.4588235294117647,""recovery_adjustment"":0.45294117647058824},""recovery_adjustment_rank"":3,""sensitivity_gate_passed"":true,""standardised_univariate_slopes"":{""confidence_floor"":0.2521780895352076,""deterioration_adjustment"":0.6871348621852033,""panic_response"":0.4958551060249906,""recovery_adjustment"":0.4242237547046213},""strongest_absolute_rank_correlation"":""deterioration_adjustment""}"
restricted_mean_recovery_time,134,32,-5.5592105263158089,1.530283659372716,1.5113441369978746,1.530283659372716,0.012376478216205347,True,7.4645104861890914,0.74645104861890921,False,-0.44975867778587358,regular_convergence,256,False,"{""clear_recovery_adjustment_secondary_relationship"":true,""local_pairwise_differences"":[{""left_candidate_index"":0,""moment_difference"":27.55777138157893,""pair_index"":0,""parameter_differences"":{""confidence_floor"":0.6979905702173707,""deterioration_adjustment"":0.9944576695561403,""panic_response"":1.7551187046835377,""recovery_adjustment"":0.508190783489818},""right_candidate_index"":94},{""left_candidate_index"":171,""moment_difference"":27.75349506578945,""pair_index"":1,""parameter_differences"":{""confidence_floor"":-0.9867684068158264,""deterioration_adjustment"":0.4170397389680145,""panic_response"":1.8359902804102928,""recovery_adjustment"":0.4018844550392941},""right_candidate_index"":42},{""left_candidate_index"":193,""moment_difference"":13.207648026315788,""pair_index"":2,""parameter_differences"":{""confidence_floor"":0.8749759169295425,""deterioration_adjustment"":-0.6008529700338838,""panic_response"":2.6205578386639607,""recovery_adjustment"":0.14921588889190612},""right_candidate_index"":100},{""left_candidate_index"":116,""moment_difference"":-18.98129111842104,""pair_index"":3,""parameter_differences"":{""confidence_floor"":-0.17603670712560404,""deterioration_adjustment"":-0.26285866647958744,""panic_response"":1.522165212430246,""recovery_adjustment"":-0.2741302060086407},""right_candidate_index"":127},{""left_candidate_index"":36,""moment_difference"":-24.25246710526318,""pair_index"":4,""parameter_differences"":{""confidence_floor"":-0.0938006294891238,""deterioration_adjustment"":0.05211010854691267,""panic_response"":0.6607945143430864,""recovery_adjustment"":0.07404947049588717},""right_candidate_index"":252},{""left_candidate_index"":222,""moment_difference"":9.237664473684191,""pair_index"":5,""parameter_differences"":{""confidence_floor"":-0.11346969008445751,""deterioration_adjustment"":-0.007403663359582313,""panic_response"":-0.4146542415671981,""recovery_adjustment"":-0.9745140017049413},""right_candidate_index"":97},{""left_candidate_index"":134,""moment_difference"":-46.14782072368422,""pair_index"":6,""parameter_differences"":{""confidence_floor"":-0.6239491663873192,""deterioration_adjustment"":-0.5912777306511997,""panic_response"":-2.0460359842028835,""recovery_adjustment"":-0.41094174453521337},""right_candidate_index"":103},{""left_candidate_index"":203,""moment_difference"":9.883223684210535,""pair_index"":7,""parameter_differences"":{""confidence_floor"":-0.598956520669162,""deterioration_adjustment"":0.7078072717413303,""panic_response"":0.526483437262438,""recovery_adjustment"":0.8483160902933611},""right_candidate_index"":126}],""maximum"":-2.453125,""minimum"":-68.33470394736841,""non_degenerate"":true,""range"":65.88157894736841,""rank_correlations"":{""confidence_floor"":0.28823529411764703,""deterioration_adjustment"":0.6529411764705881,""panic_response"":0.4588235294117647,""recovery_adjustment"":0.45294117647058824},""recovery_adjustment_rank"":3,""sensitivity_gate_passed"":true,""standardised_univariate_slopes"":{""confidence_floor"":0.2521780895352076,""deterioration_adjustment"":0.6871348621852033,""panic_response"":0.4958551060249906,""recovery_adjustment"":0.4242237547046213},""strongest_absolute_rank_correlation"":""deterioration_adjustment""}"
restricted_mean_recovery_time,134,64,-5.2697368421052602,1.1656260412193593,1.1298378539707472,1.1656260412193593,0.030702975039210812,True,7.4645104861890914,0.74645104861890921,False,-0.44975867778587358,regular_convergence,256,False,"{""clear_recovery_adjustment_secondary_relationship"":true,""local_pairwise_differences"":[{""left_candidate_index"":0,""moment_difference"":27.55777138157893,""pair_index"":0,""parameter_differences"":{""confidence_floor"":0.6979905702173707,""deterioration_adjustment"":0.9944576695561403,""panic_response"":1.7551187046835377,""recovery_adjustment"":0.508190783489818},""right_candidate_index"":94},{""left_candidate_index"":171,""moment_difference"":27.75349506578945,""pair_index"":1,""parameter_differences"":{""confidence_floor"":-0.9867684068158264,""deterioration_adjustment"":0.4170397389680145,""panic_response"":1.8359902804102928,""recovery_adjustment"":0.4018844550392941},""right_candidate_index"":42},{""left_candidate_index"":193,""moment_difference"":13.207648026315788,""pair_index"":2,""parameter_differences"":{""confidence_floor"":0.8749759169295425,""deterioration_adjustment"":-0.6008529700338838,""panic_response"":2.6205578386639607,""recovery_adjustment"":0.14921588889190612},""right_candidate_index"":100},{""left_candidate_index"":116,""moment_difference"":-18.98129111842104,""pair_index"":3,""parameter_differences"":{""confidence_floor"":-0.17603670712560404,""deterioration_adjustment"":-0.26285866647958744,""panic_response"":1.522165212430246,""recovery_adjustment"":-0.2741302060086407},""right_candidate_index"":127},{""left_candidate_index"":36,""moment_difference"":-24.25246710526318,""pair_index"":4,""parameter_differences"":{""confidence_floor"":-0.0938006294891238,""deterioration_adjustment"":0.05211010854691267,""panic_response"":0.6607945143430864,""recovery_adjustment"":0.07404947049588717},""right_candidate_index"":252},{""left_candidate_index"":222,""moment_difference"":9.237664473684191,""pair_index"":5,""parameter_differences"":{""confidence_floor"":-0.11346969008445751,""deterioration_adjustment"":-0.007403663359582313,""panic_response"":-0.4146542415671981,""recovery_adjustment"":-0.9745140017049413},""right_candidate_index"":97},{""left_candidate_index"":134,""moment_difference"":-46.14782072368422,""pair_index"":6,""parameter_differences"":{""confidence_floor"":-0.6239491663873192,""deterioration_adjustment"":-0.5912777306511997,""panic_response"":-2.0460359842028835,""recovery_adjustment"":-0.41094174453521337},""right_candidate_index"":103},{""left_candidate_index"":203,""moment_difference"":9.883223684210535,""pair_index"":7,""parameter_differences"":{""confidence_floor"":-0.598956520669162,""deterioration_adjustment"":0.7078072717413303,""panic_response"":0.526483437262438,""recovery_adjustment"":0.8483160902933611},""right_candidate_index"":126}],""maximum"":-2.453125,""minimum"":-68.33470394736841,""non_degenerate"":true,""range"":65.88157894736841,""rank_correlations"":{""confidence_floor"":0.28823529411764703,""deterioration_adjustment"":0.6529411764705881,""panic_response"":0.4588235294117647,""recovery_adjustment"":0.45294117647058824},""recovery_adjustment_rank"":3,""sensitivity_gate_passed"":true,""standardised_univariate_slopes"":{""confidence_floor"":0.2521780895352076,""deterioration_adjustment"":0.6871348621852033,""panic_response"":0.4958551060249906,""recovery_adjustment"":0.4242237547046213},""strongest_absolute_rank_correlation"":""deterioration_adjustment""}"
restricted_mean_recovery_time,134,128,-4.6052631578947114,0.846674347588809,0.81035758613718245,0.846674347588809,0.042893423610920516,True,7.4645104861890914,0.74645104861890921,False,-0.44975867778587358,regular_convergence,256,False,"{""clear_recovery_adjustment_secondary_relationship"":true,""local_pairwise_differences"":[{""left_candidate_index"":0,""moment_difference"":27.55777138157893,""pair_index"":0,""parameter_differences"":{""confidence_floor"":0.6979905702173707,""deterioration_adjustment"":0.9944576695561403,""panic_response"":1.7551187046835377,""recovery_adjustment"":0.508190783489818},""right_candidate_index"":94},{""left_candidate_index"":171,""moment_difference"":27.75349506578945,""pair_index"":1,""parameter_differences"":{""confidence_floor"":-0.9867684068158264,""deterioration_adjustment"":0.4170397389680145,""panic_response"":1.8359902804102928,""recovery_adjustment"":0.4018844550392941},""right_candidate_index"":42},{""left_candidate_index"":193,""moment_difference"":13.207648026315788,""pair_index"":2,""parameter_differences"":{""confidence_floor"":0.8749759169295425,""deterioration_adjustment"":-0.6008529700338838,""panic_response"":2.6205578386639607,""recovery_adjustment"":0.14921588889190612},""right_candidate_index"":100},{""left_candidate_index"":116,""moment_difference"":-18.98129111842104,""pair_index"":3,""parameter_differences"":{""confidence_floor"":-0.17603670712560404,""deterioration_adjustment"":-0.26285866647958744,""panic_response"":1.522165212430246,""recovery_adjustment"":-0.2741302060086407},""right_candidate_index"":127},{""left_candidate_index"":36,""moment_difference"":-24.25246710526318,""pair_index"":4,""parameter_differences"":{""confidence_floor"":-0.0938006294891238,""deterioration_adjustment"":0.05211010854691267,""panic_response"":0.6607945143430864,""recovery_adjustment"":0.07404947049588717},""right_candidate_index"":252},{""left_candidate_index"":222,""moment_difference"":9.237664473684191,""pair_index"":5,""parameter_differences"":{""confidence_floor"":-0.11346969008445751,""deterioration_adjustment"":-0.007403663359582313,""panic_response"":-0.4146542415671981,""recovery_adjustment"":-0.9745140017049413},""right_candidate_index"":97},{""left_candidate_index"":134,""moment_difference"":-46.14782072368422,""pair_index"":6,""parameter_differences"":{""confidence_floor"":-0.6239491663873192,""deterioration_adjustment"":-0.5912777306511997,""panic_response"":-2.0460359842028835,""recovery_adjustment"":-0.41094174453521337},""right_candidate_index"":103},{""left_candidate_index"":203,""moment_difference"":9.883223684210535,""pair_index"":7,""parameter_differences"":{""confidence_floor"":-0.598956520669162,""deterioration_adjustment"":0.7078072717413303,""panic_response"":0.526483437262438,""recovery_adjustment"":0.8483160902933611},""right_candidate_index"":126}],""maximum"":-2.453125,""minimum"":-68.33470394736841,""non_degenerate"":true,""range"":65.88157894736841,""rank_correlations"":{""confidence_floor"":0.28823529411764703,""deterioration_adjustment"":0.6529411764705881,""panic_response"":0.4588235294117647,""recovery_adjustment"":0.45294117647058824},""recovery_adjustment_rank"":3,""sensitivity_gate_passed"":true,""standardised_univariate_slopes"":{""confidence_floor"":0.2521780895352076,""deterioration_adjustment"":0.6871348621852033,""panic_response"":0.4958551060249906,""recovery_adjustment"":0.4242237547046213},""strongest_absolute_rank_correlation"":""deterioration_adjustment""}"
restricted_mean_recovery_time,134,256,-5.7152549342105203,0.60221288656762162,0.58074849758963309,0.60221288656762162,0.035642526848482375,True,7.4645104861890914,0.74645104861890921,True,-0.44975867778587358,regular_convergence,256,False,"{""clear_recovery_adjustment_secondary_relationship"":true,""local_pairwise_differences"":[{""left_candidate_index"":0,""moment_difference"":27.55777138157893,""pair_index"":0,""parameter_differences"":{""confidence_floor"":0.6979905702173707,""deterioration_adjustment"":0.9944576695561403,""panic_response"":1.7551187046835377,""recovery_adjustment"":0.508190783489818},""right_candidate_index"":94},{""left_candidate_index"":171,""moment_difference"":27.75349506578945,""pair_index"":1,""parameter_differences"":{""confidence_floor"":-0.9867684068158264,""deterioration_adjustment"":0.4170397389680145,""panic_response"":1.8359902804102928,""recovery_adjustment"":0.4018844550392941},""right_candidate_index"":42},{""left_candidate_index"":193,""moment_difference"":13.207648026315788,""pair_index"":2,""parameter_differences"":{""confidence_floor"":0.8749759169295425,""deterioration_adjustment"":-0.6008529700338838,""panic_response"":2.6205578386639607,""recovery_adjustment"":0.14921588889190612},""right_candidate_index"":100},{""left_candidate_index"":116,""moment_difference"":-18.98129111842104,""pair_index"":3,""parameter_differences"":{""confidence_floor"":-0.17603670712560404,""deterioration_adjustment"":-0.26285866647958744,""panic_response"":1.522165212430246,""recovery_adjustment"":-0.2741302060086407},""right_candidate_index"":127},{""left_candidate_index"":36,""moment_difference"":-24.25246710526318,""pair_index"":4,""parameter_differences"":{""confidence_floor"":-0.0938006294891238,""deterioration_adjustment"":0.05211010854691267,""panic_response"":0.6607945143430864,""recovery_adjustment"":0.07404947049588717},""right_candidate_index"":252},{""left_candidate_index"":222,""moment_difference"":9.237664473684191,""pair_index"":5,""parameter_differences"":{""confidence_floor"":-0.11346969008445751,""deterioration_adjustment"":-0.007403663359582313,""panic_response"":-0.4146542415671981,""recovery_adjustment"":-0.9745140017049413},""right_candidate_index"":97},{""left_candidate_index"":134,""moment_difference"":-46.14782072368422,""pair_index"":6,""parameter_differences"":{""confidence_floor"":-0.6239491663873192,""deterioration_adjustment"":-0.5912777306511997,""panic_response"":-2.0460359842028835,""recovery_adjustment"":-0.41094174453521337},""right_candidate_index"":103},{""left_candidate_index"":203,""moment_difference"":9.883223684210535,""pair_index"":7,""parameter_differences"":{""confidence_floor"":-0.598956520669162,""deterioration_adjustment"":0.7078072717413303,""panic_response"":0.526483437262438,""recovery_adjustment"":0.8483160902933611},""right_candidate_index"":126}],""maximum"":-2.453125,""minimum"":-68.33470394736841,""non_degenerate"":true,""range"":65.88157894736841,""rank_correlations"":{""confidence_floor"":0.28823529411764703,""deterioration_adjustment"":0.6529411764705881,""panic_response"":0.4588235294117647,""recovery_adjustment"":0.45294117647058824},""recovery_adjustment_rank"":3,""sensitivity_gate_passed"":true,""standardised_univariate_slopes"":{""confidence_floor"":0.2521780895352076,""deterioration_adjustment"":0.6871348621852033,""panic_response"":0.4958551060249906,""recovery_adjustment"":0.4242237547046213},""strongest_absolute_rank_correlation"":""deterioration_adjustment""}"
restricted_mean_recovery_time,171,32,-30.981907894736842,0.94654002561364903,0.9719493371001956,0.9719493371001956,0.026142629576100213,True,7.4645104861890914,0.74645104861890921,False,-0.49446057462460502,regular_convergence,64,False,"{""clear_recovery_adjustment_secondary_relationship"":true,""local_pairwise_differences"":[{""left_candidate_index"":0,""moment_difference"":27.55777138157893,""pair_index"":0,""parameter_differences"":{""confidence_floor"":0.6979905702173707,""deterioration_adjustment"":0.9944576695561403,""panic_response"":1.7551187046835377,""recovery_adjustment"":0.508190783489818},""right_candidate_index"":94},{""left_candidate_index"":171,""moment_difference"":27.75349506578945,""pair_index"":1,""parameter_differences"":{""confidence_floor"":-0.9867684068158264,""deterioration_adjustment"":0.4170397389680145,""panic_response"":1.8359902804102928,""recovery_adjustment"":0.4018844550392941},""right_candidate_index"":42},{""left_candidate_index"":193,""moment_difference"":13.207648026315788,""pair_index"":2,""parameter_differences"":{""confidence_floor"":0.8749759169295425,""deterioration_adjustment"":-0.6008529700338838,""panic_response"":2.6205578386639607,""recovery_adjustment"":0.14921588889190612},""right_candidate_index"":100},{""left_candidate_index"":116,""moment_difference"":-18.98129111842104,""pair_index"":3,""parameter_differences"":{""confidence_floor"":-0.17603670712560404,""deterioration_adjustment"":-0.26285866647958744,""panic_response"":1.522165212430246,""recovery_adjustment"":-0.2741302060086407},""right_candidate_index"":127},{""left_candidate_index"":36,""moment_difference"":-24.25246710526318,""pair_index"":4,""parameter_differences"":{""confidence_floor"":-0.0938006294891238,""deterioration_adjustment"":0.05211010854691267,""panic_response"":0.6607945143430864,""recovery_adjustment"":0.07404947049588717},""right_candidate_index"":252},{""left_candidate_index"":222,""moment_difference"":9.237664473684191,""pair_index"":5,""parameter_differences"":{""confidence_floor"":-0.11346969008445751,""deterioration_adjustment"":-0.007403663359582313,""panic_response"":-0.4146542415671981,""recovery_adjustment"":-0.9745140017049413},""right_candidate_index"":97},{""left_candidate_index"":134,""moment_difference"":-46.14782072368422,""pair_index"":6,""parameter_differences"":{""confidence_floor"":-0.6239491663873192,""deterioration_adjustment"":-0.5912777306511997,""panic_response"":-2.0460359842028835,""recovery_adjustment"":-0.41094174453521337},""right_candidate_index"":103},{""left_candidate_index"":203,""moment_difference"":9.883223684210535,""pair_index"":7,""parameter_differences"":{""confidence_floor"":-0.598956520669162,""deterioration_adjustment"":0.7078072717413303,""panic_response"":0.526483437262438,""recovery_adjustment"":0.8483160902933611},""right_candidate_index"":126}],""maximum"":-2.453125,""minimum"":-68.33470394736841,""non_degenerate"":true,""range"":65.88157894736841,""rank_correlations"":{""confidence_floor"":0.28823529411764703,""deterioration_adjustment"":0.6529411764705881,""panic_response"":0.4588235294117647,""recovery_adjustment"":0.45294117647058824},""recovery_adjustment_rank"":3,""sensitivity_gate_passed"":true,""standardised_univariate_slopes"":{""confidence_floor"":0.2521780895352076,""deterioration_adjustment"":0.6871348621852033,""panic_response"":0.4958551060249906,""recovery_adjustment"":0.4242237547046213},""strongest_absolute_rank_correlation"":""deterioration_adjustment""}"
restricted_mean_recovery_time,171,64,-31.984374999999996,0.67521585882423929,0.69285522737507765,0.69285522737507765,0.025458952828668318,True,7.4645104861890914,0.74645104861890921,True,-0.49446057462460502,regular_convergence,64,False,"{""clear_recovery_adjustment_secondary_relationship"":true,""local_pairwise_differences"":[{""left_candidate_index"":0,""moment_difference"":27.55777138157893,""pair_index"":0,""parameter_differences"":{""confidence_floor"":0.6979905702173707,""deterioration_adjustment"":0.9944576695561403,""panic_response"":1.7551187046835377,""recovery_adjustment"":0.508190783489818},""right_candidate_index"":94},{""left_candidate_index"":171,""moment_difference"":27.75349506578945,""pair_index"":1,""parameter_differences"":{""confidence_floor"":-0.9867684068158264,""deterioration_adjustment"":0.4170397389680145,""panic_response"":1.8359902804102928,""recovery_adjustment"":0.4018844550392941},""right_candidate_index"":42},{""left_candidate_index"":193,""moment_difference"":13.207648026315788,""pair_index"":2,""parameter_differences"":{""confidence_floor"":0.8749759169295425,""deterioration_adjustment"":-0.6008529700338838,""panic_response"":2.6205578386639607,""recovery_adjustment"":0.14921588889190612},""right_candidate_index"":100},{""left_candidate_index"":116,""moment_difference"":-18.98129111842104,""pair_index"":3,""parameter_differences"":{""confidence_floor"":-0.17603670712560404,""deterioration_adjustment"":-0.26285866647958744,""panic_response"":1.522165212430246,""recovery_adjustment"":-0.2741302060086407},""right_candidate_index"":127},{""left_candidate_index"":36,""moment_difference"":-24.25246710526318,""pair_index"":4,""parameter_differences"":{""confidence_floor"":-0.0938006294891238,""deterioration_adjustment"":0.05211010854691267,""panic_response"":0.6607945143430864,""recovery_adjustment"":0.07404947049588717},""right_candidate_index"":252},{""left_candidate_index"":222,""moment_difference"":9.237664473684191,""pair_index"":5,""parameter_differences"":{""confidence_floor"":-0.11346969008445751,""deterioration_adjustment"":-0.007403663359582313,""panic_response"":-0.4146542415671981,""recovery_adjustment"":-0.9745140017049413},""right_candidate_index"":97},{""left_candidate_index"":134,""moment_difference"":-46.14782072368422,""pair_index"":6,""parameter_differences"":{""confidence_floor"":-0.6239491663873192,""deterioration_adjustment"":-0.5912777306511997,""panic_response"":-2.0460359842028835,""recovery_adjustment"":-0.41094174453521337},""right_candidate_index"":103},{""left_candidate_index"":203,""moment_difference"":9.883223684210535,""pair_index"":7,""parameter_differences"":{""confidence_floor"":-0.598956520669162,""deterioration_adjustment"":0.7078072717413303,""panic_response"":0.526483437262438,""recovery_adjustment"":0.8483160902933611},""right_candidate_index"":126}],""maximum"":-2.453125,""minimum"":-68.33470394736841,""non_degenerate"":true,""range"":65.88157894736841,""rank_correlations"":{""confidence_floor"":0.28823529411764703,""deterioration_adjustment"":0.6529411764705881,""panic_response"":0.4588235294117647,""recovery_adjustment"":0.45294117647058824},""recovery_adjustment_rank"":3,""sensitivity_gate_passed"":true,""standardised_univariate_slopes"":{""confidence_floor"":0.2521780895352076,""deterioration_adjustment"":0.6871348621852033,""panic_response"":0.4958551060249906,""recovery_adjustment"":0.4242237547046213},""strongest_absolute_rank_correlation"":""deterioration_adjustment""}"
restricted_mean_recovery_time,171,128,-31.870065789473681,0.46618669686455466,0.49649166729112543,0.49649166729112543,0.061038225660292877,True,7.4645104861890914,0.74645104861890921,True,-0.49446057462460502,regular_convergence,64,False,"{""clear_recovery_adjustment_secondary_relationship"":true,""local_pairwise_differences"":[{""left_candidate_index"":0,""moment_difference"":27.55777138157893,""pair_index"":0,""parameter_differences"":{""confidence_floor"":0.6979905702173707,""deterioration_adjustment"":0.9944576695561403,""panic_response"":1.7551187046835377,""recovery_adjustment"":0.508190783489818},""right_candidate_index"":94},{""left_candidate_index"":171,""moment_difference"":27.75349506578945,""pair_index"":1,""parameter_differences"":{""confidence_floor"":-0.9867684068158264,""deterioration_adjustment"":0.4170397389680145,""panic_response"":1.8359902804102928,""recovery_adjustment"":0.4018844550392941},""right_candidate_index"":42},{""left_candidate_index"":193,""moment_difference"":13.207648026315788,""pair_index"":2,""parameter_differences"":{""confidence_floor"":0.8749759169295425,""deterioration_adjustment"":-0.6008529700338838,""panic_response"":2.6205578386639607,""recovery_adjustment"":0.14921588889190612},""right_candidate_index"":100},{""left_candidate_index"":116,""moment_difference"":-18.98129111842104,""pair_index"":3,""parameter_differences"":{""confidence_floor"":-0.17603670712560404,""deterioration_adjustment"":-0.26285866647958744,""panic_response"":1.522165212430246,""recovery_adjustment"":-0.2741302060086407},""right_candidate_index"":127},{""left_candidate_index"":36,""moment_difference"":-24.25246710526318,""pair_index"":4,""parameter_differences"":{""confidence_floor"":-0.0938006294891238,""deterioration_adjustment"":0.05211010854691267,""panic_response"":0.6607945143430864,""recovery_adjustment"":0.07404947049588717},""right_candidate_index"":252},{""left_candidate_index"":222,""moment_difference"":9.237664473684191,""pair_index"":5,""parameter_differences"":{""confidence_floor"":-0.11346969008445751,""deterioration_adjustment"":-0.007403663359582313,""panic_response"":-0.4146542415671981,""recovery_adjustment"":-0.9745140017049413},""right_candidate_index"":97},{""left_candidate_index"":134,""moment_difference"":-46.14782072368422,""pair_index"":6,""parameter_differences"":{""confidence_floor"":-0.6239491663873192,""deterioration_adjustment"":-0.5912777306511997,""panic_response"":-2.0460359842028835,""recovery_adjustment"":-0.41094174453521337},""right_candidate_index"":103},{""left_candidate_index"":203,""moment_difference"":9.883223684210535,""pair_index"":7,""parameter_differences"":{""confidence_floor"":-0.598956520669162,""deterioration_adjustment"":0.7078072717413303,""panic_response"":0.526483437262438,""recovery_adjustment"":0.8483160902933611},""right_candidate_index"":126}],""maximum"":-2.453125,""minimum"":-68.33470394736841,""non_degenerate"":true,""range"":65.88157894736841,""rank_correlations"":{""confidence_floor"":0.28823529411764703,""deterioration_adjustment"":0.6529411764705881,""panic_response"":0.4588235294117647,""recovery_adjustment"":0.45294117647058824},""recovery_adjustment_rank"":3,""sensitivity_gate_passed"":true,""standardised_univariate_slopes"":{""confidence_floor"":0.2521780895352076,""deterioration_adjustment"":0.6871348621852033,""panic_response"":0.4958551060249906,""recovery_adjustment"":0.4242237547046213},""strongest_absolute_rank_correlation"":""deterioration_adjustment""}"
restricted_mean_recovery_time,171,256,-32.21484375,0.32920487881847693,0.346520493108399,0.346520493108399,0.049969957431941471,True,7.4645104861890914,0.74645104861890921,True,-0.49446057462460502,regular_convergence,64,False,"{""clear_recovery_adjustment_secondary_relationship"":true,""local_pairwise_differences"":[{""left_candidate_index"":0,""moment_difference"":27.55777138157893,""pair_index"":0,""parameter_differences"":{""confidence_floor"":0.6979905702173707,""deterioration_adjustment"":0.9944576695561403,""panic_response"":1.7551187046835377,""recovery_adjustment"":0.508190783489818},""right_candidate_index"":94},{""left_candidate_index"":171,""moment_difference"":27.75349506578945,""pair_index"":1,""parameter_differences"":{""confidence_floor"":-0.9867684068158264,""deterioration_adjustment"":0.4170397389680145,""panic_response"":1.8359902804102928,""recovery_adjustment"":0.4018844550392941},""right_candidate_index"":42},{""left_candidate_index"":193,""moment_difference"":13.207648026315788,""pair_index"":2,""parameter_differences"":{""confidence_floor"":0.8749759169295425,""deterioration_adjustment"":-0.6008529700338838,""panic_response"":2.6205578386639607,""recovery_adjustment"":0.14921588889190612},""right_candidate_index"":100},{""left_candidate_index"":116,""moment_difference"":-18.98129111842104,""pair_index"":3,""parameter_differences"":{""confidence_floor"":-0.17603670712560404,""deterioration_adjustment"":-0.26285866647958744,""panic_response"":1.522165212430246,""recovery_adjustment"":-0.2741302060086407},""right_candidate_index"":127},{""left_candidate_index"":36,""moment_difference"":-24.25246710526318,""pair_index"":4,""parameter_differences"":{""confidence_floor"":-0.0938006294891238,""deterioration_adjustment"":0.05211010854691267,""panic_response"":0.6607945143430864,""recovery_adjustment"":0.07404947049588717},""right_candidate_index"":252},{""left_candidate_index"":222,""moment_difference"":9.237664473684191,""pair_index"":5,""parameter_differences"":{""confidence_floor"":-0.11346969008445751,""deterioration_adjustment"":-0.007403663359582313,""panic_response"":-0.4146542415671981,""recovery_adjustment"":-0.9745140017049413},""right_candidate_index"":97},{""left_candidate_index"":134,""moment_difference"":-46.14782072368422,""pair_index"":6,""parameter_differences"":{""confidence_floor"":-0.6239491663873192,""deterioration_adjustment"":-0.5912777306511997,""panic_response"":-2.0460359842028835,""recovery_adjustment"":-0.41094174453521337},""right_candidate_index"":103},{""left_candidate_index"":203,""moment_difference"":9.883223684210535,""pair_index"":7,""parameter_differences"":{""confidence_floor"":-0.598956520669162,""deterioration_adjustment"":0.7078072717413303,""panic_response"":0.526483437262438,""recovery_adjustment"":0.8483160902933611},""right_candidate_index"":126}],""maximum"":-2.453125,""minimum"":-68.33470394736841,""non_degenerate"":true,""range"":65.88157894736841,""rank_correlations"":{""confidence_floor"":0.28823529411764703,""deterioration_adjustment"":0.6529411764705881,""panic_response"":0.4588235294117647,""recovery_adjustment"":0.45294117647058824},""recovery_adjustment_rank"":3,""sensitivity_gate_passed"":true,""standardised_univariate_slopes"":{""confidence_floor"":0.2521780895352076,""deterioration_adjustment"":0.6871348621852033,""panic_response"":0.4958551060249906,""recovery_adjustment"":0.4242237547046213},""strongest_absolute_rank_correlation"":""deterioration_adjustment""}"
restricted_mean_recovery_time,193,32,-47.391447368421055,2.2125599447681989,2.1639926593282346,2.2125599447681989,0.021950720727276187,True,7.4645104861890914,0.74645104861890921,False,-0.50307462847211992,regular_convergence,512,False,"{""clear_recovery_adjustment_secondary_relationship"":true,""local_pairwise_differences"":[{""left_candidate_index"":0,""moment_difference"":27.55777138157893,""pair_index"":0,""parameter_differences"":{""confidence_floor"":0.6979905702173707,""deterioration_adjustment"":0.9944576695561403,""panic_response"":1.7551187046835377,""recovery_adjustment"":0.508190783489818},""right_candidate_index"":94},{""left_candidate_index"":171,""moment_difference"":27.75349506578945,""pair_index"":1,""parameter_differences"":{""confidence_floor"":-0.9867684068158264,""deterioration_adjustment"":0.4170397389680145,""panic_response"":1.8359902804102928,""recovery_adjustment"":0.4018844550392941},""right_candidate_index"":42},{""left_candidate_index"":193,""moment_difference"":13.207648026315788,""pair_index"":2,""parameter_differences"":{""confidence_floor"":0.8749759169295425,""deterioration_adjustment"":-0.6008529700338838,""panic_response"":2.6205578386639607,""recovery_adjustment"":0.14921588889190612},""right_candidate_index"":100},{""left_candidate_index"":116,""moment_difference"":-18.98129111842104,""pair_index"":3,""parameter_differences"":{""confidence_floor"":-0.17603670712560404,""deterioration_adjustment"":-0.26285866647958744,""panic_response"":1.522165212430246,""recovery_adjustment"":-0.2741302060086407},""right_candidate_index"":127},{""left_candidate_index"":36,""moment_difference"":-24.25246710526318,""pair_index"":4,""parameter_differences"":{""confidence_floor"":-0.0938006294891238,""deterioration_adjustment"":0.05211010854691267,""panic_response"":0.6607945143430864,""recovery_adjustment"":0.07404947049588717},""right_candidate_index"":252},{""left_candidate_index"":222,""moment_difference"":9.237664473684191,""pair_index"":5,""parameter_differences"":{""confidence_floor"":-0.11346969008445751,""deterioration_adjustment"":-0.007403663359582313,""panic_response"":-0.4146542415671981,""recovery_adjustment"":-0.9745140017049413},""right_candidate_index"":97},{""left_candidate_index"":134,""moment_difference"":-46.14782072368422,""pair_index"":6,""parameter_differences"":{""confidence_floor"":-0.6239491663873192,""deterioration_adjustment"":-0.5912777306511997,""panic_response"":-2.0460359842028835,""recovery_adjustment"":-0.41094174453521337},""right_candidate_index"":103},{""left_candidate_index"":203,""moment_difference"":9.883223684210535,""pair_index"":7,""parameter_differences"":{""confidence_floor"":-0.598956520669162,""deterioration_adjustment"":0.7078072717413303,""panic_response"":0.526483437262438,""recovery_adjustment"":0.8483160902933611},""right_candidate_index"":126}],""maximum"":-2.453125,""minimum"":-68.33470394736841,""non_degenerate"":true,""range"":65.88157894736841,""rank_correlations"":{""confidence_floor"":0.28823529411764703,""deterioration_adjustment"":0.6529411764705881,""panic_response"":0.4588235294117647,""recovery_adjustment"":0.45294117647058824},""recovery_adjustment_rank"":3,""sensitivity_gate_passed"":true,""standardised_univariate_slopes"":{""confidence_floor"":0.2521780895352076,""deterioration_adjustment"":0.6871348621852033,""panic_response"":0.4958551060249906,""recovery_adjustment"":0.4242237547046213},""strongest_absolute_rank_correlation"":""deterioration_adjustment""}"
restricted_mean_recovery_time,193,64,-47.615953947368418,1.5463318429388289,1.5092425460908407,1.5463318429388289,0.023985341191383153,True,7.4645104861890914,0.74645104861890921,False,-0.50307462847211992,regular_convergence,512,False,"{""clear_recovery_adjustment_secondary_relationship"":true,""local_pairwise_differences"":[{""left_candidate_index"":0,""moment_difference"":27.55777138157893,""pair_index"":0,""parameter_differences"":{""confidence_floor"":0.6979905702173707,""deterioration_adjustment"":0.9944576695561403,""panic_response"":1.7551187046835377,""recovery_adjustment"":0.508190783489818},""right_candidate_index"":94},{""left_candidate_index"":171,""moment_difference"":27.75349506578945,""pair_index"":1,""parameter_differences"":{""confidence_floor"":-0.9867684068158264,""deterioration_adjustment"":0.4170397389680145,""panic_response"":1.8359902804102928,""recovery_adjustment"":0.4018844550392941},""right_candidate_index"":42},{""left_candidate_index"":193,""moment_difference"":13.207648026315788,""pair_index"":2,""parameter_differences"":{""confidence_floor"":0.8749759169295425,""deterioration_adjustment"":-0.6008529700338838,""panic_response"":2.6205578386639607,""recovery_adjustment"":0.14921588889190612},""right_candidate_index"":100},{""left_candidate_index"":116,""moment_difference"":-18.98129111842104,""pair_index"":3,""parameter_differences"":{""confidence_floor"":-0.17603670712560404,""deterioration_adjustment"":-0.26285866647958744,""panic_response"":1.522165212430246,""recovery_adjustment"":-0.2741302060086407},""right_candidate_index"":127},{""left_candidate_index"":36,""moment_difference"":-24.25246710526318,""pair_index"":4,""parameter_differences"":{""confidence_floor"":-0.0938006294891238,""deterioration_adjustment"":0.05211010854691267,""panic_response"":0.6607945143430864,""recovery_adjustment"":0.07404947049588717},""right_candidate_index"":252},{""left_candidate_index"":222,""moment_difference"":9.237664473684191,""pair_index"":5,""parameter_differences"":{""confidence_floor"":-0.11346969008445751,""deterioration_adjustment"":-0.007403663359582313,""panic_response"":-0.4146542415671981,""recovery_adjustment"":-0.9745140017049413},""right_candidate_index"":97},{""left_candidate_index"":134,""moment_difference"":-46.14782072368422,""pair_index"":6,""parameter_differences"":{""confidence_floor"":-0.6239491663873192,""deterioration_adjustment"":-0.5912777306511997,""panic_response"":-2.0460359842028835,""recovery_adjustment"":-0.41094174453521337},""right_candidate_index"":103},{""left_candidate_index"":203,""moment_difference"":9.883223684210535,""pair_index"":7,""parameter_differences"":{""confidence_floor"":-0.598956520669162,""deterioration_adjustment"":0.7078072717413303,""panic_response"":0.526483437262438,""recovery_adjustment"":0.8483160902933611},""right_candidate_index"":126}],""maximum"":-2.453125,""minimum"":-68.33470394736841,""non_degenerate"":true,""range"":65.88157894736841,""rank_correlations"":{""confidence_floor"":0.28823529411764703,""deterioration_adjustment"":0.6529411764705881,""panic_response"":0.4588235294117647,""recovery_adjustment"":0.45294117647058824},""recovery_adjustment_rank"":3,""sensitivity_gate_passed"":true,""standardised_univariate_slopes"":{""confidence_floor"":0.2521780895352076,""deterioration_adjustment"":0.6871348621852033,""panic_response"":0.4958551060249906,""recovery_adjustment"":0.4242237547046213},""strongest_absolute_rank_correlation"":""deterioration_adjustment""}"
restricted_mean_recovery_time,193,128,-46.452713815789473,1.0877997217087245,1.1140087111571462,1.1140087111571462,0.023526736537991498,True,7.4645104861890914,0.74645104861890921,False,-0.50307462847211992,regular_convergence,512,False,"{""clear_recovery_adjustment_secondary_relationship"":true,""local_pairwise_differences"":[{""left_candidate_index"":0,""moment_difference"":27.55777138157893,""pair_index"":0,""parameter_differences"":{""confidence_floor"":0.6979905702173707,""deterioration_adjustment"":0.9944576695561403,""panic_response"":1.7551187046835377,""recovery_adjustment"":0.508190783489818},""right_candidate_index"":94},{""left_candidate_index"":171,""moment_difference"":27.75349506578945,""pair_index"":1,""parameter_differences"":{""confidence_floor"":-0.9867684068158264,""deterioration_adjustment"":0.4170397389680145,""panic_response"":1.8359902804102928,""recovery_adjustment"":0.4018844550392941},""right_candidate_index"":42},{""left_candidate_index"":193,""moment_difference"":13.207648026315788,""pair_index"":2,""parameter_differences"":{""confidence_floor"":0.8749759169295425,""deterioration_adjustment"":-0.6008529700338838,""panic_response"":2.6205578386639607,""recovery_adjustment"":0.14921588889190612},""right_candidate_index"":100},{""left_candidate_index"":116,""moment_difference"":-18.98129111842104,""pair_index"":3,""parameter_differences"":{""confidence_floor"":-0.17603670712560404,""deterioration_adjustment"":-0.26285866647958744,""panic_response"":1.522165212430246,""recovery_adjustment"":-0.2741302060086407},""right_candidate_index"":127},{""left_candidate_index"":36,""moment_difference"":-24.25246710526318,""pair_index"":4,""parameter_differences"":{""confidence_floor"":-0.0938006294891238,""deterioration_adjustment"":0.05211010854691267,""panic_response"":0.6607945143430864,""recovery_adjustment"":0.07404947049588717},""right_candidate_index"":252},{""left_candidate_index"":222,""moment_difference"":9.237664473684191,""pair_index"":5,""parameter_differences"":{""confidence_floor"":-0.11346969008445751,""deterioration_adjustment"":-0.007403663359582313,""panic_response"":-0.4146542415671981,""recovery_adjustment"":-0.9745140017049413},""right_candidate_index"":97},{""left_candidate_index"":134,""moment_difference"":-46.14782072368422,""pair_index"":6,""parameter_differences"":{""confidence_floor"":-0.6239491663873192,""deterioration_adjustment"":-0.5912777306511997,""panic_response"":-2.0460359842028835,""recovery_adjustment"":-0.41094174453521337},""right_candidate_index"":103},{""left_candidate_index"":203,""moment_difference"":9.883223684210535,""pair_index"":7,""parameter_differences"":{""confidence_floor"":-0.598956520669162,""deterioration_adjustment"":0.7078072717413303,""panic_response"":0.526483437262438,""recovery_adjustment"":0.8483160902933611},""right_candidate_index"":126}],""maximum"":-2.453125,""minimum"":-68.33470394736841,""non_degenerate"":true,""range"":65.88157894736841,""rank_correlations"":{""confidence_floor"":0.28823529411764703,""deterioration_adjustment"":0.6529411764705881,""panic_response"":0.4588235294117647,""recovery_adjustment"":0.45294117647058824},""recovery_adjustment_rank"":3,""sensitivity_gate_passed"":true,""standardised_univariate_slopes"":{""confidence_floor"":0.2521780895352076,""deterioration_adjustment"":0.6871348621852033,""panic_response"":0.4958551060249906,""recovery_adjustment"":0.4242237547046213},""strongest_absolute_rank_correlation"":""deterioration_adjustment""}"
restricted_mean_recovery_time,193,256,-45.647820723684212,0.7659264169761032,0.77190627697324321,0.77190627697324321,0.0077468731315256485,True,7.4645104861890914,0.74645104861890921,False,-0.50307462847211992,regular_convergence,512,False,"{""clear_recovery_adjustment_secondary_relationship"":true,""local_pairwise_differences"":[{""left_candidate_index"":0,""moment_difference"":27.55777138157893,""pair_index"":0,""parameter_differences"":{""confidence_floor"":0.6979905702173707,""deterioration_adjustment"":0.9944576695561403,""panic_response"":1.7551187046835377,""recovery_adjustment"":0.508190783489818},""right_candidate_index"":94},{""left_candidate_index"":171,""moment_difference"":27.75349506578945,""pair_index"":1,""parameter_differences"":{""confidence_floor"":-0.9867684068158264,""deterioration_adjustment"":0.4170397389680145,""panic_response"":1.8359902804102928,""recovery_adjustment"":0.4018844550392941},""right_candidate_index"":42},{""left_candidate_index"":193,""moment_difference"":13.207648026315788,""pair_index"":2,""parameter_differences"":{""confidence_floor"":0.8749759169295425,""deterioration_adjustment"":-0.6008529700338838,""panic_response"":2.6205578386639607,""recovery_adjustment"":0.14921588889190612},""right_candidate_index"":100},{""left_candidate_index"":116,""moment_difference"":-18.98129111842104,""pair_index"":3,""parameter_differences"":{""confidence_floor"":-0.17603670712560404,""deterioration_adjustment"":-0.26285866647958744,""panic_response"":1.522165212430246,""recovery_adjustment"":-0.2741302060086407},""right_candidate_index"":127},{""left_candidate_index"":36,""moment_difference"":-24.25246710526318,""pair_index"":4,""parameter_differences"":{""confidence_floor"":-0.0938006294891238,""deterioration_adjustment"":0.05211010854691267,""panic_response"":0.6607945143430864,""recovery_adjustment"":0.07404947049588717},""right_candidate_index"":252},{""left_candidate_index"":222,""moment_difference"":9.237664473684191,""pair_index"":5,""parameter_differences"":{""confidence_floor"":-0.11346969008445751,""deterioration_adjustment"":-0.007403663359582313,""panic_response"":-0.4146542415671981,""recovery_adjustment"":-0.9745140017049413},""right_candidate_index"":97},{""left_candidate_index"":134,""moment_difference"":-46.14782072368422,""pair_index"":6,""parameter_differences"":{""confidence_floor"":-0.6239491663873192,""deterioration_adjustment"":-0.5912777306511997,""panic_response"":-2.0460359842028835,""recovery_adjustment"":-0.41094174453521337},""right_candidate_index"":103},{""left_candidate_index"":203,""moment_difference"":9.883223684210535,""pair_index"":7,""parameter_differences"":{""confidence_floor"":-0.598956520669162,""deterioration_adjustment"":0.7078072717413303,""panic_response"":0.526483437262438,""recovery_adjustment"":0.8483160902933611},""right_candidate_index"":126}],""maximum"":-2.453125,""minimum"":-68.33470394736841,""non_degenerate"":true,""range"":65.88157894736841,""rank_correlations"":{""confidence_floor"":0.28823529411764703,""deterioration_adjustment"":0.6529411764705881,""panic_response"":0.4588235294117647,""recovery_adjustment"":0.45294117647058824},""recovery_adjustment_rank"":3,""sensitivity_gate_passed"":true,""standardised_univariate_slopes"":{""confidence_floor"":0.2521780895352076,""deterioration_adjustment"":0.6871348621852033,""panic_response"":0.4958551060249906,""recovery_adjustment"":0.4242237547046213},""strongest_absolute_rank_correlation"":""deterioration_adjustment""}"
restricted_mean_recovery_time,203,32,-42.452302631578945,2.9284527740567174,3.3985644734113323,3.3985644734113323,0.1383265502339395,True,7.4645104861890914,0.74645104861890921,False,-0.49852365421825601,regular_convergence,1024,False,"{""clear_recovery_adjustment_secondary_relationship"":true,""local_pairwise_differences"":[{""left_candidate_index"":0,""moment_difference"":27.55777138157893,""pair_index"":0,""parameter_differences"":{""confidence_floor"":0.6979905702173707,""deterioration_adjustment"":0.9944576695561403,""panic_response"":1.7551187046835377,""recovery_adjustment"":0.508190783489818},""right_candidate_index"":94},{""left_candidate_index"":171,""moment_difference"":27.75349506578945,""pair_index"":1,""parameter_differences"":{""confidence_floor"":-0.9867684068158264,""deterioration_adjustment"":0.4170397389680145,""panic_response"":1.8359902804102928,""recovery_adjustment"":0.4018844550392941},""right_candidate_index"":42},{""left_candidate_index"":193,""moment_difference"":13.207648026315788,""pair_index"":2,""parameter_differences"":{""confidence_floor"":0.8749759169295425,""deterioration_adjustment"":-0.6008529700338838,""panic_response"":2.6205578386639607,""recovery_adjustment"":0.14921588889190612},""right_candidate_index"":100},{""left_candidate_index"":116,""moment_difference"":-18.98129111842104,""pair_index"":3,""parameter_differences"":{""confidence_floor"":-0.17603670712560404,""deterioration_adjustment"":-0.26285866647958744,""panic_response"":1.522165212430246,""recovery_adjustment"":-0.2741302060086407},""right_candidate_index"":127},{""left_candidate_index"":36,""moment_difference"":-24.25246710526318,""pair_index"":4,""parameter_differences"":{""confidence_floor"":-0.0938006294891238,""deterioration_adjustment"":0.05211010854691267,""panic_response"":0.6607945143430864,""recovery_adjustment"":0.07404947049588717},""right_candidate_index"":252},{""left_candidate_index"":222,""moment_difference"":9.237664473684191,""pair_index"":5,""parameter_differences"":{""confidence_floor"":-0.11346969008445751,""deterioration_adjustment"":-0.007403663359582313,""panic_response"":-0.4146542415671981,""recovery_adjustment"":-0.9745140017049413},""right_candidate_index"":97},{""left_candidate_index"":134,""moment_difference"":-46.14782072368422,""pair_index"":6,""parameter_differences"":{""confidence_floor"":-0.6239491663873192,""deterioration_adjustment"":-0.5912777306511997,""panic_response"":-2.0460359842028835,""recovery_adjustment"":-0.41094174453521337},""right_candidate_index"":103},{""left_candidate_index"":203,""moment_difference"":9.883223684210535,""pair_index"":7,""parameter_differences"":{""confidence_floor"":-0.598956520669162,""deterioration_adjustment"":0.7078072717413303,""panic_response"":0.526483437262438,""recovery_adjustment"":0.8483160902933611},""right_candidate_index"":126}],""maximum"":-2.453125,""minimum"":-68.33470394736841,""non_degenerate"":true,""range"":65.88157894736841,""rank_correlations"":{""confidence_floor"":0.28823529411764703,""deterioration_adjustment"":0.6529411764705881,""panic_response"":0.4588235294117647,""recovery_adjustment"":0.45294117647058824},""recovery_adjustment_rank"":3,""sensitivity_gate_passed"":true,""standardised_univariate_slopes"":{""confidence_floor"":0.2521780895352076,""deterioration_adjustment"":0.6871348621852033,""panic_response"":0.4958551060249906,""recovery_adjustment"":0.4242237547046213},""strongest_absolute_rank_correlation"":""deterioration_adjustment""}"
restricted_mean_recovery_time,203,64,-36.469572368421055,2.1387126779494863,2.2872181658128286,2.2872181658128286,0.064928431438269291,True,7.4645104861890914,0.74645104861890921,False,-0.49852365421825601,regular_convergence,1024,False,"{""clear_recovery_adjustment_secondary_relationship"":true,""local_pairwise_differences"":[{""left_candidate_index"":0,""moment_difference"":27.55777138157893,""pair_index"":0,""parameter_differences"":{""confidence_floor"":0.6979905702173707,""deterioration_adjustment"":0.9944576695561403,""panic_response"":1.7551187046835377,""recovery_adjustment"":0.508190783489818},""right_candidate_index"":94},{""left_candidate_index"":171,""moment_difference"":27.75349506578945,""pair_index"":1,""parameter_differences"":{""confidence_floor"":-0.9867684068158264,""deterioration_adjustment"":0.4170397389680145,""panic_response"":1.8359902804102928,""recovery_adjustment"":0.4018844550392941},""right_candidate_index"":42},{""left_candidate_index"":193,""moment_difference"":13.207648026315788,""pair_index"":2,""parameter_differences"":{""confidence_floor"":0.8749759169295425,""deterioration_adjustment"":-0.6008529700338838,""panic_response"":2.6205578386639607,""recovery_adjustment"":0.14921588889190612},""right_candidate_index"":100},{""left_candidate_index"":116,""moment_difference"":-18.98129111842104,""pair_index"":3,""parameter_differences"":{""confidence_floor"":-0.17603670712560404,""deterioration_adjustment"":-0.26285866647958744,""panic_response"":1.522165212430246,""recovery_adjustment"":-0.2741302060086407},""right_candidate_index"":127},{""left_candidate_index"":36,""moment_difference"":-24.25246710526318,""pair_index"":4,""parameter_differences"":{""confidence_floor"":-0.0938006294891238,""deterioration_adjustment"":0.05211010854691267,""panic_response"":0.6607945143430864,""recovery_adjustment"":0.07404947049588717},""right_candidate_index"":252},{""left_candidate_index"":222,""moment_difference"":9.237664473684191,""pair_index"":5,""parameter_differences"":{""confidence_floor"":-0.11346969008445751,""deterioration_adjustment"":-0.007403663359582313,""panic_response"":-0.4146542415671981,""recovery_adjustment"":-0.9745140017049413},""right_candidate_index"":97},{""left_candidate_index"":134,""moment_difference"":-46.14782072368422,""pair_index"":6,""parameter_differences"":{""confidence_floor"":-0.6239491663873192,""deterioration_adjustment"":-0.5912777306511997,""panic_response"":-2.0460359842028835,""recovery_adjustment"":-0.41094174453521337},""right_candidate_index"":103},{""left_candidate_index"":203,""moment_difference"":9.883223684210535,""pair_index"":7,""parameter_differences"":{""confidence_floor"":-0.598956520669162,""deterioration_adjustment"":0.7078072717413303,""panic_response"":0.526483437262438,""recovery_adjustment"":0.8483160902933611},""right_candidate_index"":126}],""maximum"":-2.453125,""minimum"":-68.33470394736841,""non_degenerate"":true,""range"":65.88157894736841,""rank_correlations"":{""confidence_floor"":0.28823529411764703,""deterioration_adjustment"":0.6529411764705881,""panic_response"":0.4588235294117647,""recovery_adjustment"":0.45294117647058824},""recovery_adjustment_rank"":3,""sensitivity_gate_passed"":true,""standardised_univariate_slopes"":{""confidence_floor"":0.2521780895352076,""deterioration_adjustment"":0.6871348621852033,""panic_response"":0.4958551060249906,""recovery_adjustment"":0.4242237547046213},""strongest_absolute_rank_correlation"":""deterioration_adjustment""}"
restricted_mean_recovery_time,203,128,-37.224095394736835,1.5288610326830763,1.7973986421666805,1.7973986421666805,0.14940347855158867,True,7.4645104861890914,0.74645104861890921,False,-0.49852365421825601,regular_convergence,1024,False,"{""clear_recovery_adjustment_secondary_relationship"":true,""local_pairwise_differences"":[{""left_candidate_index"":0,""moment_difference"":27.55777138157893,""pair_index"":0,""parameter_differences"":{""confidence_floor"":0.6979905702173707,""deterioration_adjustment"":0.9944576695561403,""panic_response"":1.7551187046835377,""recovery_adjustment"":0.508190783489818},""right_candidate_index"":94},{""left_candidate_index"":171,""moment_difference"":27.75349506578945,""pair_index"":1,""parameter_differences"":{""confidence_floor"":-0.9867684068158264,""deterioration_adjustment"":0.4170397389680145,""panic_response"":1.8359902804102928,""recovery_adjustment"":0.4018844550392941},""right_candidate_index"":42},{""left_candidate_index"":193,""moment_difference"":13.207648026315788,""pair_index"":2,""parameter_differences"":{""confidence_floor"":0.8749759169295425,""deterioration_adjustment"":-0.6008529700338838,""panic_response"":2.6205578386639607,""recovery_adjustment"":0.14921588889190612},""right_candidate_index"":100},{""left_candidate_index"":116,""moment_difference"":-18.98129111842104,""pair_index"":3,""parameter_differences"":{""confidence_floor"":-0.17603670712560404,""deterioration_adjustment"":-0.26285866647958744,""panic_response"":1.522165212430246,""recovery_adjustment"":-0.2741302060086407},""right_candidate_index"":127},{""left_candidate_index"":36,""moment_difference"":-24.25246710526318,""pair_index"":4,""parameter_differences"":{""confidence_floor"":-0.0938006294891238,""deterioration_adjustment"":0.05211010854691267,""panic_response"":0.6607945143430864,""recovery_adjustment"":0.07404947049588717},""right_candidate_index"":252},{""left_candidate_index"":222,""moment_difference"":9.237664473684191,""pair_index"":5,""parameter_differences"":{""confidence_floor"":-0.11346969008445751,""deterioration_adjustment"":-0.007403663359582313,""panic_response"":-0.4146542415671981,""recovery_adjustment"":-0.9745140017049413},""right_candidate_index"":97},{""left_candidate_index"":134,""moment_difference"":-46.14782072368422,""pair_index"":6,""parameter_differences"":{""confidence_floor"":-0.6239491663873192,""deterioration_adjustment"":-0.5912777306511997,""panic_response"":-2.0460359842028835,""recovery_adjustment"":-0.41094174453521337},""right_candidate_index"":103},{""left_candidate_index"":203,""moment_difference"":9.883223684210535,""pair_index"":7,""parameter_differences"":{""confidence_floor"":-0.598956520669162,""deterioration_adjustment"":0.7078072717413303,""panic_response"":0.526483437262438,""recovery_adjustment"":0.8483160902933611},""right_candidate_index"":126}],""maximum"":-2.453125,""minimum"":-68.33470394736841,""non_degenerate"":true,""range"":65.88157894736841,""rank_correlations"":{""confidence_floor"":0.28823529411764703,""deterioration_adjustment"":0.6529411764705881,""panic_response"":0.4588235294117647,""recovery_adjustment"":0.45294117647058824},""recovery_adjustment_rank"":3,""sensitivity_gate_passed"":true,""standardised_univariate_slopes"":{""confidence_floor"":0.2521780895352076,""deterioration_adjustment"":0.6871348621852033,""panic_response"":0.4958551060249906,""recovery_adjustment"":0.4242237547046213},""strongest_absolute_rank_correlation"":""deterioration_adjustment""}"
restricted_mean_recovery_time,203,256,-38.567845394736835,1.0827882954922863,1.1639866405758925,1.1639866405758925,0.069758829056175975,True,7.4645104861890914,0.74645104861890921,False,-0.49852365421825601,regular_convergence,1024,False,"{""clear_recovery_adjustment_secondary_relationship"":true,""local_pairwise_differences"":[{""left_candidate_index"":0,""moment_difference"":27.55777138157893,""pair_index"":0,""parameter_differences"":{""confidence_floor"":0.6979905702173707,""deterioration_adjustment"":0.9944576695561403,""panic_response"":1.7551187046835377,""recovery_adjustment"":0.508190783489818},""right_candidate_index"":94},{""left_candidate_index"":171,""moment_difference"":27.75349506578945,""pair_index"":1,""parameter_differences"":{""confidence_floor"":-0.9867684068158264,""deterioration_adjustment"":0.4170397389680145,""panic_response"":1.8359902804102928,""recovery_adjustment"":0.4018844550392941},""right_candidate_index"":42},{""left_candidate_index"":193,""moment_difference"":13.207648026315788,""pair_index"":2,""parameter_differences"":{""confidence_floor"":0.8749759169295425,""deterioration_adjustment"":-0.6008529700338838,""panic_response"":2.6205578386639607,""recovery_adjustment"":0.14921588889190612},""right_candidate_index"":100},{""left_candidate_index"":116,""moment_difference"":-18.98129111842104,""pair_index"":3,""parameter_differences"":{""confidence_floor"":-0.17603670712560404,""deterioration_adjustment"":-0.26285866647958744,""panic_response"":1.522165212430246,""recovery_adjustment"":-0.2741302060086407},""right_candidate_index"":127},{""left_candidate_index"":36,""moment_difference"":-24.25246710526318,""pair_index"":4,""parameter_differences"":{""confidence_floor"":-0.0938006294891238,""deterioration_adjustment"":0.05211010854691267,""panic_response"":0.6607945143430864,""recovery_adjustment"":0.07404947049588717},""right_candidate_index"":252},{""left_candidate_index"":222,""moment_difference"":9.237664473684191,""pair_index"":5,""parameter_differences"":{""confidence_floor"":-0.11346969008445751,""deterioration_adjustment"":-0.007403663359582313,""panic_response"":-0.4146542415671981,""recovery_adjustment"":-0.9745140017049413},""right_candidate_index"":97},{""left_candidate_index"":134,""moment_difference"":-46.14782072368422,""pair_index"":6,""parameter_differences"":{""confidence_floor"":-0.6239491663873192,""deterioration_adjustment"":-0.5912777306511997,""panic_response"":-2.0460359842028835,""recovery_adjustment"":-0.41094174453521337},""right_candidate_index"":103},{""left_candidate_index"":203,""moment_difference"":9.883223684210535,""pair_index"":7,""parameter_differences"":{""confidence_floor"":-0.598956520669162,""deterioration_adjustment"":0.7078072717413303,""panic_response"":0.526483437262438,""recovery_adjustment"":0.8483160902933611},""right_candidate_index"":126}],""maximum"":-2.453125,""minimum"":-68.33470394736841,""non_degenerate"":true,""range"":65.88157894736841,""rank_correlations"":{""confidence_floor"":0.28823529411764703,""deterioration_adjustment"":0.6529411764705881,""panic_response"":0.4588235294117647,""recovery_adjustment"":0.45294117647058824},""recovery_adjustment_rank"":3,""sensitivity_gate_passed"":true,""standardised_univariate_slopes"":{""confidence_floor"":0.2521780895352076,""deterioration_adjustment"":0.6871348621852033,""panic_response"":0.4958551060249906,""recovery_adjustment"":0.4242237547046213},""strongest_absolute_rank_correlation"":""deterioration_adjustment""}"
restricted_mean_recovery_time,222,32,-12.44901315789474,2.3096372591392296,2.1782101293621627,2.3096372591392296,0.05690379701704671,True,7.4645104861890914,0.74645104861890921,False,-0.48631665018668863,regular_convergence,512,False,"{""clear_recovery_adjustment_secondary_relationship"":true,""local_pairwise_differences"":[{""left_candidate_index"":0,""moment_difference"":27.55777138157893,""pair_index"":0,""parameter_differences"":{""confidence_floor"":0.6979905702173707,""deterioration_adjustment"":0.9944576695561403,""panic_response"":1.7551187046835377,""recovery_adjustment"":0.508190783489818},""right_candidate_index"":94},{""left_candidate_index"":171,""moment_difference"":27.75349506578945,""pair_index"":1,""parameter_differences"":{""confidence_floor"":-0.9867684068158264,""deterioration_adjustment"":0.4170397389680145,""panic_response"":1.8359902804102928,""recovery_adjustment"":0.4018844550392941},""right_candidate_index"":42},{""left_candidate_index"":193,""moment_difference"":13.207648026315788,""pair_index"":2,""parameter_differences"":{""confidence_floor"":0.8749759169295425,""deterioration_adjustment"":-0.6008529700338838,""panic_response"":2.6205578386639607,""recovery_adjustment"":0.14921588889190612},""right_candidate_index"":100},{""left_candidate_index"":116,""moment_difference"":-18.98129111842104,""pair_index"":3,""parameter_differences"":{""confidence_floor"":-0.17603670712560404,""deterioration_adjustment"":-0.26285866647958744,""panic_response"":1.522165212430246,""recovery_adjustment"":-0.2741302060086407},""right_candidate_index"":127},{""left_candidate_index"":36,""moment_difference"":-24.25246710526318,""pair_index"":4,""parameter_differences"":{""confidence_floor"":-0.0938006294891238,""deterioration_adjustment"":0.05211010854691267,""panic_response"":0.6607945143430864,""recovery_adjustment"":0.07404947049588717},""right_candidate_index"":252},{""left_candidate_index"":222,""moment_difference"":9.237664473684191,""pair_index"":5,""parameter_differences"":{""confidence_floor"":-0.11346969008445751,""deterioration_adjustment"":-0.007403663359582313,""panic_response"":-0.4146542415671981,""recovery_adjustment"":-0.9745140017049413},""right_candidate_index"":97},{""left_candidate_index"":134,""moment_difference"":-46.14782072368422,""pair_index"":6,""parameter_differences"":{""confidence_floor"":-0.6239491663873192,""deterioration_adjustment"":-0.5912777306511997,""panic_response"":-2.0460359842028835,""recovery_adjustment"":-0.41094174453521337},""right_candidate_index"":103},{""left_candidate_index"":203,""moment_difference"":9.883223684210535,""pair_index"":7,""parameter_differences"":{""confidence_floor"":-0.598956520669162,""deterioration_adjustment"":0.7078072717413303,""panic_response"":0.526483437262438,""recovery_adjustment"":0.8483160902933611},""right_candidate_index"":126}],""maximum"":-2.453125,""minimum"":-68.33470394736841,""non_degenerate"":true,""range"":65.88157894736841,""rank_correlations"":{""confidence_floor"":0.28823529411764703,""deterioration_adjustment"":0.6529411764705881,""panic_response"":0.4588235294117647,""recovery_adjustment"":0.45294117647058824},""recovery_adjustment_rank"":3,""sensitivity_gate_passed"":true,""standardised_univariate_slopes"":{""confidence_floor"":0.2521780895352076,""deterioration_adjustment"":0.6871348621852033,""panic_response"":0.4958551060249906,""recovery_adjustment"":0.4242237547046213},""strongest_absolute_rank_correlation"":""deterioration_adjustment""}"
restricted_mean_recovery_time,222,64,-11.10361842105263,1.6840020212418252,1.5976152818547369,1.6840020212418252,0.051298477256805523,True,7.4645104861890914,0.74645104861890921,False,-0.48631665018668863,regular_convergence,512,False,"{""clear_recovery_adjustment_secondary_relationship"":true,""local_pairwise_differences"":[{""left_candidate_index"":0,""moment_difference"":27.55777138157893,""pair_index"":0,""parameter_differences"":{""confidence_floor"":0.6979905702173707,""deterioration_adjustment"":0.9944576695561403,""panic_response"":1.7551187046835377,""recovery_adjustment"":0.508190783489818},""right_candidate_index"":94},{""left_candidate_index"":171,""moment_difference"":27.75349506578945,""pair_index"":1,""parameter_differences"":{""confidence_floor"":-0.9867684068158264,""deterioration_adjustment"":0.4170397389680145,""panic_response"":1.8359902804102928,""recovery_adjustment"":0.4018844550392941},""right_candidate_index"":42},{""left_candidate_index"":193,""moment_difference"":13.207648026315788,""pair_index"":2,""parameter_differences"":{""confidence_floor"":0.8749759169295425,""deterioration_adjustment"":-0.6008529700338838,""panic_response"":2.6205578386639607,""recovery_adjustment"":0.14921588889190612},""right_candidate_index"":100},{""left_candidate_index"":116,""moment_difference"":-18.98129111842104,""pair_index"":3,""parameter_differences"":{""confidence_floor"":-0.17603670712560404,""deterioration_adjustment"":-0.26285866647958744,""panic_response"":1.522165212430246,""recovery_adjustment"":-0.2741302060086407},""right_candidate_index"":127},{""left_candidate_index"":36,""moment_difference"":-24.25246710526318,""pair_index"":4,""parameter_differences"":{""confidence_floor"":-0.0938006294891238,""deterioration_adjustment"":0.05211010854691267,""panic_response"":0.6607945143430864,""recovery_adjustment"":0.07404947049588717},""right_candidate_index"":252},{""left_candidate_index"":222,""moment_difference"":9.237664473684191,""pair_index"":5,""parameter_differences"":{""confidence_floor"":-0.11346969008445751,""deterioration_adjustment"":-0.007403663359582313,""panic_response"":-0.4146542415671981,""recovery_adjustment"":-0.9745140017049413},""right_candidate_index"":97},{""left_candidate_index"":134,""moment_difference"":-46.14782072368422,""pair_index"":6,""parameter_differences"":{""confidence_floor"":-0.6239491663873192,""deterioration_adjustment"":-0.5912777306511997,""panic_response"":-2.0460359842028835,""recovery_adjustment"":-0.41094174453521337},""right_candidate_index"":103},{""left_candidate_index"":203,""moment_difference"":9.883223684210535,""pair_index"":7,""parameter_differences"":{""confidence_floor"":-0.598956520669162,""deterioration_adjustment"":0.7078072717413303,""panic_response"":0.526483437262438,""recovery_adjustment"":0.8483160902933611},""right_candidate_index"":126}],""maximum"":-2.453125,""minimum"":-68.33470394736841,""non_degenerate"":true,""range"":65.88157894736841,""rank_correlations"":{""confidence_floor"":0.28823529411764703,""deterioration_adjustment"":0.6529411764705881,""panic_response"":0.4588235294117647,""recovery_adjustment"":0.45294117647058824},""recovery_adjustment_rank"":3,""sensitivity_gate_passed"":true,""standardised_univariate_slopes"":{""confidence_floor"":0.2521780895352076,""deterioration_adjustment"":0.6871348621852033,""panic_response"":0.4958551060249906,""recovery_adjustment"":0.4242237547046213},""strongest_absolute_rank_correlation"":""deterioration_adjustment""}"
restricted_mean_recovery_time,222,128,-9.4547697368421098,1.186677468910091,1.1237220389847991,1.186677468910091,0.053051845657028938,True,7.4645104861890914,0.74645104861890921,False,-0.48631665018668863,regular_convergence,512,False,"{""clear_recovery_adjustment_secondary_relationship"":true,""local_pairwise_differences"":[{""left_candidate_index"":0,""moment_difference"":27.55777138157893,""pair_index"":0,""parameter_differences"":{""confidence_floor"":0.6979905702173707,""deterioration_adjustment"":0.9944576695561403,""panic_response"":1.7551187046835377,""recovery_adjustment"":0.508190783489818},""right_candidate_index"":94},{""left_candidate_index"":171,""moment_difference"":27.75349506578945,""pair_index"":1,""parameter_differences"":{""confidence_floor"":-0.9867684068158264,""deterioration_adjustment"":0.4170397389680145,""panic_response"":1.8359902804102928,""recovery_adjustment"":0.4018844550392941},""right_candidate_index"":42},{""left_candidate_index"":193,""moment_difference"":13.207648026315788,""pair_index"":2,""parameter_differences"":{""confidence_floor"":0.8749759169295425,""deterioration_adjustment"":-0.6008529700338838,""panic_response"":2.6205578386639607,""recovery_adjustment"":0.14921588889190612},""right_candidate_index"":100},{""left_candidate_index"":116,""moment_difference"":-18.98129111842104,""pair_index"":3,""parameter_differences"":{""confidence_floor"":-0.17603670712560404,""deterioration_adjustment"":-0.26285866647958744,""panic_response"":1.522165212430246,""recovery_adjustment"":-0.2741302060086407},""right_candidate_index"":127},{""left_candidate_index"":36,""moment_difference"":-24.25246710526318,""pair_index"":4,""parameter_differences"":{""confidence_floor"":-0.0938006294891238,""deterioration_adjustment"":0.05211010854691267,""panic_response"":0.6607945143430864,""recovery_adjustment"":0.07404947049588717},""right_candidate_index"":252},{""left_candidate_index"":222,""moment_difference"":9.237664473684191,""pair_index"":5,""parameter_differences"":{""confidence_floor"":-0.11346969008445751,""deterioration_adjustment"":-0.007403663359582313,""panic_response"":-0.4146542415671981,""recovery_adjustment"":-0.9745140017049413},""right_candidate_index"":97},{""left_candidate_index"":134,""moment_difference"":-46.14782072368422,""pair_index"":6,""parameter_differences"":{""confidence_floor"":-0.6239491663873192,""deterioration_adjustment"":-0.5912777306511997,""panic_response"":-2.0460359842028835,""recovery_adjustment"":-0.41094174453521337},""right_candidate_index"":103},{""left_candidate_index"":203,""moment_difference"":9.883223684210535,""pair_index"":7,""parameter_differences"":{""confidence_floor"":-0.598956520669162,""deterioration_adjustment"":0.7078072717413303,""panic_response"":0.526483437262438,""recovery_adjustment"":0.8483160902933611},""right_candidate_index"":126}],""maximum"":-2.453125,""minimum"":-68.33470394736841,""non_degenerate"":true,""range"":65.88157894736841,""rank_correlations"":{""confidence_floor"":0.28823529411764703,""deterioration_adjustment"":0.6529411764705881,""panic_response"":0.4588235294117647,""recovery_adjustment"":0.45294117647058824},""recovery_adjustment_rank"":3,""sensitivity_gate_passed"":true,""standardised_univariate_slopes"":{""confidence_floor"":0.2521780895352076,""deterioration_adjustment"":0.6871348621852033,""panic_response"":0.4958551060249906,""recovery_adjustment"":0.4242237547046213},""strongest_absolute_rank_correlation"":""deterioration_adjustment""}"
restricted_mean_recovery_time,222,256,-11.690789473684191,0.84377648362413848,0.81870230293961521,0.84377648362413848,0.029716614732880616,True,7.4645104861890914,0.74645104861890921,False,-0.48631665018668863,regular_convergence,512,False,"{""clear_recovery_adjustment_secondary_relationship"":true,""local_pairwise_differences"":[{""left_candidate_index"":0,""moment_difference"":27.55777138157893,""pair_index"":0,""parameter_differences"":{""confidence_floor"":0.6979905702173707,""deterioration_adjustment"":0.9944576695561403,""panic_response"":1.7551187046835377,""recovery_adjustment"":0.508190783489818},""right_candidate_index"":94},{""left_candidate_index"":171,""moment_difference"":27.75349506578945,""pair_index"":1,""parameter_differences"":{""confidence_floor"":-0.9867684068158264,""deterioration_adjustment"":0.4170397389680145,""panic_response"":1.8359902804102928,""recovery_adjustment"":0.4018844550392941},""right_candidate_index"":42},{""left_candidate_index"":193,""moment_difference"":13.207648026315788,""pair_index"":2,""parameter_differences"":{""confidence_floor"":0.8749759169295425,""deterioration_adjustment"":-0.6008529700338838,""panic_response"":2.6205578386639607,""recovery_adjustment"":0.14921588889190612},""right_candidate_index"":100},{""left_candidate_index"":116,""moment_difference"":-18.98129111842104,""pair_index"":3,""parameter_differences"":{""confidence_floor"":-0.17603670712560404,""deterioration_adjustment"":-0.26285866647958744,""panic_response"":1.522165212430246,""recovery_adjustment"":-0.2741302060086407},""right_candidate_index"":127},{""left_candidate_index"":36,""moment_difference"":-24.25246710526318,""pair_index"":4,""parameter_differences"":{""confidence_floor"":-0.0938006294891238,""deterioration_adjustment"":0.05211010854691267,""panic_response"":0.6607945143430864,""recovery_adjustment"":0.07404947049588717},""right_candidate_index"":252},{""left_candidate_index"":222,""moment_difference"":9.237664473684191,""pair_index"":5,""parameter_differences"":{""confidence_floor"":-0.11346969008445751,""deterioration_adjustment"":-0.007403663359582313,""panic_response"":-0.4146542415671981,""recovery_adjustment"":-0.9745140017049413},""right_candidate_index"":97},{""left_candidate_index"":134,""moment_difference"":-46.14782072368422,""pair_index"":6,""parameter_differences"":{""confidence_floor"":-0.6239491663873192,""deterioration_adjustment"":-0.5912777306511997,""panic_response"":-2.0460359842028835,""recovery_adjustment"":-0.41094174453521337},""right_candidate_index"":103},{""left_candidate_index"":203,""moment_difference"":9.883223684210535,""pair_index"":7,""parameter_differences"":{""confidence_floor"":-0.598956520669162,""deterioration_adjustment"":0.7078072717413303,""panic_response"":0.526483437262438,""recovery_adjustment"":0.8483160902933611},""right_candidate_index"":126}],""maximum"":-2.453125,""minimum"":-68.33470394736841,""non_degenerate"":true,""range"":65.88157894736841,""rank_correlations"":{""confidence_floor"":0.28823529411764703,""deterioration_adjustment"":0.6529411764705881,""panic_response"":0.4588235294117647,""recovery_adjustment"":0.45294117647058824},""recovery_adjustment_rank"":3,""sensitivity_gate_passed"":true,""standardised_univariate_slopes"":{""confidence_floor"":0.2521780895352076,""deterioration_adjustment"":0.6871348621852033,""panic_response"":0.4958551060249906,""recovery_adjustment"":0.4242237547046213},""strongest_absolute_rank_correlation"":""deterioration_adjustment""}"
restricted_mean_recovery_time,252,32,-61.411184210526301,3.2723063276317266,3.6111003560918373,3.6111003560918373,0.093820164230155934,True,7.4645104861890914,0.74645104861890921,False,-0.51687132159555049,regular_convergence,1024,False,"{""clear_recovery_adjustment_secondary_relationship"":true,""local_pairwise_differences"":[{""left_candidate_index"":0,""moment_difference"":27.55777138157893,""pair_index"":0,""parameter_differences"":{""confidence_floor"":0.6979905702173707,""deterioration_adjustment"":0.9944576695561403,""panic_response"":1.7551187046835377,""recovery_adjustment"":0.508190783489818},""right_candidate_index"":94},{""left_candidate_index"":171,""moment_difference"":27.75349506578945,""pair_index"":1,""parameter_differences"":{""confidence_floor"":-0.9867684068158264,""deterioration_adjustment"":0.4170397389680145,""panic_response"":1.8359902804102928,""recovery_adjustment"":0.4018844550392941},""right_candidate_index"":42},{""left_candidate_index"":193,""moment_difference"":13.207648026315788,""pair_index"":2,""parameter_differences"":{""confidence_floor"":0.8749759169295425,""deterioration_adjustment"":-0.6008529700338838,""panic_response"":2.6205578386639607,""recovery_adjustment"":0.14921588889190612},""right_candidate_index"":100},{""left_candidate_index"":116,""moment_difference"":-18.98129111842104,""pair_index"":3,""parameter_differences"":{""confidence_floor"":-0.17603670712560404,""deterioration_adjustment"":-0.26285866647958744,""panic_response"":1.522165212430246,""recovery_adjustment"":-0.2741302060086407},""right_candidate_index"":127},{""left_candidate_index"":36,""moment_difference"":-24.25246710526318,""pair_index"":4,""parameter_differences"":{""confidence_floor"":-0.0938006294891238,""deterioration_adjustment"":0.05211010854691267,""panic_response"":0.6607945143430864,""recovery_adjustment"":0.07404947049588717},""right_candidate_index"":252},{""left_candidate_index"":222,""moment_difference"":9.237664473684191,""pair_index"":5,""parameter_differences"":{""confidence_floor"":-0.11346969008445751,""deterioration_adjustment"":-0.007403663359582313,""panic_response"":-0.4146542415671981,""recovery_adjustment"":-0.9745140017049413},""right_candidate_index"":97},{""left_candidate_index"":134,""moment_difference"":-46.14782072368422,""pair_index"":6,""parameter_differences"":{""confidence_floor"":-0.6239491663873192,""deterioration_adjustment"":-0.5912777306511997,""panic_response"":-2.0460359842028835,""recovery_adjustment"":-0.41094174453521337},""right_candidate_index"":103},{""left_candidate_index"":203,""moment_difference"":9.883223684210535,""pair_index"":7,""parameter_differences"":{""confidence_floor"":-0.598956520669162,""deterioration_adjustment"":0.7078072717413303,""panic_response"":0.526483437262438,""recovery_adjustment"":0.8483160902933611},""right_candidate_index"":126}],""maximum"":-2.453125,""minimum"":-68.33470394736841,""non_degenerate"":true,""range"":65.88157894736841,""rank_correlations"":{""confidence_floor"":0.28823529411764703,""deterioration_adjustment"":0.6529411764705881,""panic_response"":0.4588235294117647,""recovery_adjustment"":0.45294117647058824},""recovery_adjustment_rank"":3,""sensitivity_gate_passed"":true,""standardised_univariate_slopes"":{""confidence_floor"":0.2521780895352076,""deterioration_adjustment"":0.6871348621852033,""panic_response"":0.4958551060249906,""recovery_adjustment"":0.4242237547046213},""strongest_absolute_rank_correlation"":""deterioration_adjustment""}"
restricted_mean_recovery_time,252,64,-56.894736842105246,2.3499164846486837,2.5024325324258183,2.5024325324258183,0.060947116775726992,True,7.4645104861890914,0.74645104861890921,False,-0.51687132159555049,regular_convergence,1024,False,"{""clear_recovery_adjustment_secondary_relationship"":true,""local_pairwise_differences"":[{""left_candidate_index"":0,""moment_difference"":27.55777138157893,""pair_index"":0,""parameter_differences"":{""confidence_floor"":0.6979905702173707,""deterioration_adjustment"":0.9944576695561403,""panic_response"":1.7551187046835377,""recovery_adjustment"":0.508190783489818},""right_candidate_index"":94},{""left_candidate_index"":171,""moment_difference"":27.75349506578945,""pair_index"":1,""parameter_differences"":{""confidence_floor"":-0.9867684068158264,""deterioration_adjustment"":0.4170397389680145,""panic_response"":1.8359902804102928,""recovery_adjustment"":0.4018844550392941},""right_candidate_index"":42},{""left_candidate_index"":193,""moment_difference"":13.207648026315788,""pair_index"":2,""parameter_differences"":{""confidence_floor"":0.8749759169295425,""deterioration_adjustment"":-0.6008529700338838,""panic_response"":2.6205578386639607,""recovery_adjustment"":0.14921588889190612},""right_candidate_index"":100},{""left_candidate_index"":116,""moment_difference"":-18.98129111842104,""pair_index"":3,""parameter_differences"":{""confidence_floor"":-0.17603670712560404,""deterioration_adjustment"":-0.26285866647958744,""panic_response"":1.522165212430246,""recovery_adjustment"":-0.2741302060086407},""right_candidate_index"":127},{""left_candidate_index"":36,""moment_difference"":-24.25246710526318,""pair_index"":4,""parameter_differences"":{""confidence_floor"":-0.0938006294891238,""deterioration_adjustment"":0.05211010854691267,""panic_response"":0.6607945143430864,""recovery_adjustment"":0.07404947049588717},""right_candidate_index"":252},{""left_candidate_index"":222,""moment_difference"":9.237664473684191,""pair_index"":5,""parameter_differences"":{""confidence_floor"":-0.11346969008445751,""deterioration_adjustment"":-0.007403663359582313,""panic_response"":-0.4146542415671981,""recovery_adjustment"":-0.9745140017049413},""right_candidate_index"":97},{""left_candidate_index"":134,""moment_difference"":-46.14782072368422,""pair_index"":6,""parameter_differences"":{""confidence_floor"":-0.6239491663873192,""deterioration_adjustment"":-0.5912777306511997,""panic_response"":-2.0460359842028835,""recovery_adjustment"":-0.41094174453521337},""right_candidate_index"":103},{""left_candidate_index"":203,""moment_difference"":9.883223684210535,""pair_index"":7,""parameter_differences"":{""confidence_floor"":-0.598956520669162,""deterioration_adjustment"":0.7078072717413303,""panic_response"":0.526483437262438,""recovery_adjustment"":0.8483160902933611},""right_candidate_index"":126}],""maximum"":-2.453125,""minimum"":-68.33470394736841,""non_degenerate"":true,""range"":65.88157894736841,""rank_correlations"":{""confidence_floor"":0.28823529411764703,""deterioration_adjustment"":0.6529411764705881,""panic_response"":0.4588235294117647,""recovery_adjustment"":0.45294117647058824},""recovery_adjustment_rank"":3,""sensitivity_gate_passed"":true,""standardised_univariate_slopes"":{""confidence_floor"":0.2521780895352076,""deterioration_adjustment"":0.6871348621852033,""panic_response"":0.4958551060249906,""recovery_adjustment"":0.4242237547046213},""strongest_absolute_rank_correlation"":""deterioration_adjustment""}"
restricted_mean_recovery_time,252,128,-56.418585526315795,1.6873564177008764,1.8597453721437449,1.8597453721437449,0.092694923200241239,True,7.4645104861890914,0.74645104861890921,False,-0.51687132159555049,regular_convergence,1024,False,"{""clear_recovery_adjustment_secondary_relationship"":true,""local_pairwise_differences"":[{""left_candidate_index"":0,""moment_difference"":27.55777138157893,""pair_index"":0,""parameter_differences"":{""confidence_floor"":0.6979905702173707,""deterioration_adjustment"":0.9944576695561403,""panic_response"":1.7551187046835377,""recovery_adjustment"":0.508190783489818},""right_candidate_index"":94},{""left_candidate_index"":171,""moment_difference"":27.75349506578945,""pair_index"":1,""parameter_differences"":{""confidence_floor"":-0.9867684068158264,""deterioration_adjustment"":0.4170397389680145,""panic_response"":1.8359902804102928,""recovery_adjustment"":0.4018844550392941},""right_candidate_index"":42},{""left_candidate_index"":193,""moment_difference"":13.207648026315788,""pair_index"":2,""parameter_differences"":{""confidence_floor"":0.8749759169295425,""deterioration_adjustment"":-0.6008529700338838,""panic_response"":2.6205578386639607,""recovery_adjustment"":0.14921588889190612},""right_candidate_index"":100},{""left_candidate_index"":116,""moment_difference"":-18.98129111842104,""pair_index"":3,""parameter_differences"":{""confidence_floor"":-0.17603670712560404,""deterioration_adjustment"":-0.26285866647958744,""panic_response"":1.522165212430246,""recovery_adjustment"":-0.2741302060086407},""right_candidate_index"":127},{""left_candidate_index"":36,""moment_difference"":-24.25246710526318,""pair_index"":4,""parameter_differences"":{""confidence_floor"":-0.0938006294891238,""deterioration_adjustment"":0.05211010854691267,""panic_response"":0.6607945143430864,""recovery_adjustment"":0.07404947049588717},""right_candidate_index"":252},{""left_candidate_index"":222,""moment_difference"":9.237664473684191,""pair_index"":5,""parameter_differences"":{""confidence_floor"":-0.11346969008445751,""deterioration_adjustment"":-0.007403663359582313,""panic_response"":-0.4146542415671981,""recovery_adjustment"":-0.9745140017049413},""right_candidate_index"":97},{""left_candidate_index"":134,""moment_difference"":-46.14782072368422,""pair_index"":6,""parameter_differences"":{""confidence_floor"":-0.6239491663873192,""deterioration_adjustment"":-0.5912777306511997,""panic_response"":-2.0460359842028835,""recovery_adjustment"":-0.41094174453521337},""right_candidate_index"":103},{""left_candidate_index"":203,""moment_difference"":9.883223684210535,""pair_index"":7,""parameter_differences"":{""confidence_floor"":-0.598956520669162,""deterioration_adjustment"":0.7078072717413303,""panic_response"":0.526483437262438,""recovery_adjustment"":0.8483160902933611},""right_candidate_index"":126}],""maximum"":-2.453125,""minimum"":-68.33470394736841,""non_degenerate"":true,""range"":65.88157894736841,""rank_correlations"":{""confidence_floor"":0.28823529411764703,""deterioration_adjustment"":0.6529411764705881,""panic_response"":0.4588235294117647,""recovery_adjustment"":0.45294117647058824},""recovery_adjustment_rank"":3,""sensitivity_gate_passed"":true,""standardised_univariate_slopes"":{""confidence_floor"":0.2521780895352076,""deterioration_adjustment"":0.6871348621852033,""panic_response"":0.4958551060249906,""recovery_adjustment"":0.4242237547046213},""strongest_absolute_rank_correlation"":""deterioration_adjustment""}"
restricted_mean_recovery_time,252,256,-56.819078947368439,1.1935072649094036,1.2077117250136433,1.2077117250136433,0.011761465762104146,True,7.4645104861890914,0.74645104861890921,False,-0.51687132159555049,regular_convergence,1024,False,"{""clear_recovery_adjustment_secondary_relationship"":true,""local_pairwise_differences"":[{""left_candidate_index"":0,""moment_difference"":27.55777138157893,""pair_index"":0,""parameter_differences"":{""confidence_floor"":0.6979905702173707,""deterioration_adjustment"":0.9944576695561403,""panic_response"":1.7551187046835377,""recovery_adjustment"":0.508190783489818},""right_candidate_index"":94},{""left_candidate_index"":171,""moment_difference"":27.75349506578945,""pair_index"":1,""parameter_differences"":{""confidence_floor"":-0.9867684068158264,""deterioration_adjustment"":0.4170397389680145,""panic_response"":1.8359902804102928,""recovery_adjustment"":0.4018844550392941},""right_candidate_index"":42},{""left_candidate_index"":193,""moment_difference"":13.207648026315788,""pair_index"":2,""parameter_differences"":{""confidence_floor"":0.8749759169295425,""deterioration_adjustment"":-0.6008529700338838,""panic_response"":2.6205578386639607,""recovery_adjustment"":0.14921588889190612},""right_candidate_index"":100},{""left_candidate_index"":116,""moment_difference"":-18.98129111842104,""pair_index"":3,""parameter_differences"":{""confidence_floor"":-0.17603670712560404,""deterioration_adjustment"":-0.26285866647958744,""panic_response"":1.522165212430246,""recovery_adjustment"":-0.2741302060086407},""right_candidate_index"":127},{""left_candidate_index"":36,""moment_difference"":-24.25246710526318,""pair_index"":4,""parameter_differences"":{""confidence_floor"":-0.0938006294891238,""deterioration_adjustment"":0.05211010854691267,""panic_response"":0.6607945143430864,""recovery_adjustment"":0.07404947049588717},""right_candidate_index"":252},{""left_candidate_index"":222,""moment_difference"":9.237664473684191,""pair_index"":5,""parameter_differences"":{""confidence_floor"":-0.11346969008445751,""deterioration_adjustment"":-0.007403663359582313,""panic_response"":-0.4146542415671981,""recovery_adjustment"":-0.9745140017049413},""right_candidate_index"":97},{""left_candidate_index"":134,""moment_difference"":-46.14782072368422,""pair_index"":6,""parameter_differences"":{""confidence_floor"":-0.6239491663873192,""deterioration_adjustment"":-0.5912777306511997,""panic_response"":-2.0460359842028835,""recovery_adjustment"":-0.41094174453521337},""right_candidate_index"":103},{""left_candidate_index"":203,""moment_difference"":9.883223684210535,""pair_index"":7,""parameter_differences"":{""confidence_floor"":-0.598956520669162,""deterioration_adjustment"":0.7078072717413303,""panic_response"":0.526483437262438,""recovery_adjustment"":0.8483160902933611},""right_candidate_index"":126}],""maximum"":-2.453125,""minimum"":-68.33470394736841,""non_degenerate"":true,""range"":65.88157894736841,""rank_correlations"":{""confidence_floor"":0.28823529411764703,""deterioration_adjustment"":0.6529411764705881,""panic_response"":0.4588235294117647,""recovery_adjustment"":0.45294117647058824},""recovery_adjustment_rank"":3,""sensitivity_gate_passed"":true,""standardised_univariate_slopes"":{""confidence_floor"":0.2521780895352076,""deterioration_adjustment"":0.6871348621852033,""panic_response"":0.4958551060249906,""recovery_adjustment"":0.4242237547046213},""strongest_absolute_rank_correlation"":""deterioration_adjustment""}"
