candidate_index,moment,effect,effect_estimate,paired_mcse,analytic_mcse,replication_index_mcse,relative_disagreement,agreement_pass,snr,sign,prefix_32_estimate,prefix_32_sign,prefix_sign_stable,dominant_event,dominant_event_share,effective_event_count
0,failed_recovery_attempts_mean,A,-0.004592483108108108,0.00056673777377542567,0.00056334982972768293,0.00056673777377542567,0.0059779746551449084,True,8.1033651198409729,-1,-0.003272804054054054,-1,True,calibration__20210616T110000Z,0.5745791420374019,2.3299523022925199
0,failed_recovery_attempts_mean,AB,0.004592483108108108,0.00056673777377542567,0.00056334982972768293,0.00056673777377542567,0.0059779746551449084,True,8.1033651198409729,1,0.003272804054054054,1,True,calibration__20210616T110000Z,0.5745791420374019,2.3299523022925199
0,failed_recovery_attempts_mean,ABC,-0.004592483108108108,0.00056673777377542567,0.00056334982972768293,0.00056673777377542567,0.0059779746551449084,True,8.1033651198409729,-1,-0.003272804054054054,-1,True,calibration__20210616T110000Z,0.5745791420374019,2.3299523022925199
0,failed_recovery_attempts_mean,AC,0.004592483108108108,0.00056673777377542567,0.00056334982972768293,0.00056673777377542567,0.0059779746551449084,True,8.1033651198409729,1,0.003272804054054054,1,True,calibration__20210616T110000Z,0.5745791420374019,2.3299523022925199
0,failed_recovery_attempts_mean,B,-0.026446368243243243,0.001924342815277921,0.001924342815277921,0.0018270104183974365,0.050579551682649333,True,13.743064922360913,-1,-0.020164695945945946,-1,True,calibration__20201206T020000Z,0.15120588470551291,21.299989665136952
0,failed_recovery_attempts_mean,BC,0.0054370777027027027,0.00062648895261376545,0.00062648895261376545,0.00061486772300192044,0.018549775799493753,True,8.6786489690181288,1,0.0036951013513513513,1,True,calibration__20210616T110000Z,0.65600804986443795,2.0197574525614259
0,failed_recovery_attempts_mean,C,-0.0054370777027027027,0.00062648895261376545,0.00062648895261376545,0.00061486772300192044,0.018549775799493753,True,8.6786489690181288,-1,-0.0036951013513513513,-1,True,calibration__20210616T110000Z,0.65600804986443795,2.0197574525614259
0,first_six_hour_burden_mean,A,0,0,0,0,0,True,0,0,0,0,True,calibration__20200128T020000Z,0,74
0,first_six_hour_burden_mean,AB,0,0,0,0,0,True,0,0,0,0,True,calibration__20200128T020000Z,0,74
0,first_six_hour_burden_mean,ABC,0,0,0,0,0,True,0,0,0,0,True,calibration__20200128T020000Z,0,74
0,first_six_hour_burden_mean,AC,0,0,0,0,0,True,0,0,0,0,True,calibration__20200128T020000Z,0,74
0,first_six_hour_burden_mean,B,-9.3485082467854326e-05,2.9444211476140013e-05,2.9319335732943225e-05,2.9444211476140013e-05,0.0042410965326064578,True,3.1749901858845684,-1,-0.00014650645182063865,-1,True,calibration__20210302T170000Z,0.52012447290085229,3.1359791049884738
0,first_six_hour_burden_mean,BC,0,0,0,0,0,True,0,0,0,0,True,calibration__20200128T020000Z,0,74
0,first_six_hour_burden_mean,C,0,0,0,0,0,True,0,0,0,0,True,calibration__20200128T020000Z,0,74
0,initial_gap_q4_q1_burden_contrast,A,0,0,0,0,0,True,0,0,0,0,True,calibration__20200509T220000Z,0,38
0,initial_gap_q4_q1_burden_contrast,AB,0,0,0,0,0,True,0,0,0,0,True,calibration__20200509T220000Z,0,38
0,initial_gap_q4_q1_burden_contrast,ABC,0,0,0,0,0,True,0,0,0,0,True,calibration__20200509T220000Z,0,38
0,initial_gap_q4_q1_burden_contrast,AC,0,0,0,0,0,True,0,0,0,0,True,calibration__20200509T220000Z,0,38
0,initial_gap_q4_q1_burden_contrast,B,-9.0755719850703766e-05,6.4230332204684375e-05,6.4230332204684375e-05,6.3977847601360356e-05,0.0039309247618309036,True,1.4129729169310581,-1,-9.1078439945746782e-05,-1,True,calibration__20200615T050000Z,0.61290187717429334,2.4587238839890642
0,initial_gap_q4_q1_burden_contrast,BC,0,0,0,0,0,True,0,0,0,0,True,calibration__20200509T220000Z,0,38
0,initial_gap_q4_q1_burden_contrast,C,0,0,0,0,0,True,0,0,0,0,True,calibration__20200509T220000Z,0,38
0,maximum_downside_deviation_mean,A,-0.0015548936385269216,6.7312396119166137e-05,6.6401043761008601e-05,6.7312396119166137e-05,0.013539145992428024,True,23.099662590739214,-1,-0.0016212559674340645,-1,True,calibration__20210616T110000Z,0.63105334547274838,2.1192035333023336
0,maximum_downside_deviation_mean,AB,0.0015548936385269216,6.7312396119166137e-05,6.6401043761008601e-05,6.7312396119166137e-05,0.013539145992428024,True,23.099662590739214,1,0.0016212559674340645,1,True,calibration__20210616T110000Z,0.63105334547274838,2.1192035333023336
0,maximum_downside_deviation_mean,ABC,-0.0015548936385269216,6.7312396119166137e-05,6.6401043761008601e-05,6.7312396119166137e-05,0.013539145992428024,True,23.099662590739214,-1,-0.0016212559674340645,-1,True,calibration__20210616T110000Z,0.63105334547274838,2.1192035333023336
0,maximum_downside_deviation_mean,AC,0.0015548936385269216,6.7312396119166137e-05,6.6401043761008601e-05,6.7312396119166137e-05,0.013539145992428024,True,23.099662590739214,1,0.0016212559674340645,1,True,calibration__20210616T110000Z,0.63105334547274838,2.1192035333023336
0,maximum_downside_deviation_mean,B,-0.0018657073604150193,6.9924170838373033e-05,6.9924170838373033e-05,6.621150149611431e-05,0.05309565058469428,True,26.681866056410286,-1,-0.0019601949909758094,-1,True,calibration__20210616T110000Z,0.66680379214686658,1.9823015301428539
0,maximum_downside_deviation_mean,BC,0.0018422765001087976,6.9844609431730535e-05,6.9844609431730535e-05,6.6432643332048973e-05,0.048850815079960912,True,26.376788632622063,1,0.0019348920103173703,1,True,calibration__20210616T110000Z,0.66654072584375301,1.9824083336676872
0,maximum_downside_deviation_mean,C,-0.0018422765001087976,6.9844609431730535e-05,6.9844609431730535e-05,6.6432643332048973e-05,0.048850815079960912,True,26.376788632622063,-1,-0.0019348920103173703,-1,True,calibration__20210616T110000Z,0.66654072584375301,1.9824083336676872
0,recovery_completion_hours_mean,A,-5.5917440878378377,0.14660196210651399,0.14250389811793973,0.14660196210651399,0.027953677629476783,True,38.142355037343521,-1,-5.442461993243243,-1,True,calibration__20210616T110000Z,0.31976198972759345,4.9764038706032698
0,recovery_completion_hours_mean,AB,0.93222128378378377,0.051931735962903729,0.05006632651843558,0.051931735962903729,0.035920413787065807,True,17.950897779533022,1,0.95956503378378377,1,True,calibration__20210616T110000Z,0.61849370530417236,1.9061868973791958
0,recovery_completion_hours_mean,ABC,-0.93222128378378377,0.051931735962903729,0.05006632651843558,0.051931735962903729,0.035920413787065807,True,17.950897779533022,-1,-0.95956503378378377,-1,True,calibration__20210616T110000Z,0.61849370530417236,1.9061868973791958
0,recovery_completion_hours_mean,AC,5.5917440878378377,0.14660196210651399,0.14250389811793973,0.14660196210651399,0.027953677629476783,True,38.142355037343521,1,5.442461993243243,1,True,calibration__20210616T110000Z,0.31976198972759345,4.9764038706032698
0,recovery_completion_hours_mean,B,-1.3412162162162162,0.055478768097248735,0.055478768097248735,0.051439940087233745,0.072799525810222185,True,24.175306377841668,-1,-1.3014146959459461,-1,True,calibration__20210616T110000Z,0.57120874217006623,2.3775309071754545
0,recovery_completion_hours_mean,BC,1.1516047297297298,0.051032727024731724,0.051032727024731724,0.04973982289486642,0.025334803864953761,True,22.566004148115262,1,1.1814822635135136,1,True,calibration__20210616T110000Z,0.62870631817052502,1.8880335650156115
0,recovery_completion_hours_mean,C,-6.5793918918918921,0.14749218457934116,0.14645286628419441,0.14749218457934116,0.0070465991002232825,True,44.608410341583955,-1,-6.5520481418918921,-1,True,calibration__20210616T110000Z,0.34879683124745609,4.6593903876547769
36,failed_recovery_attempts_mean,A,-0.0030088682432432433,0.00049178622303112235,0.00049107187135412876,0.00049178622303112235,0.0014525654512863072,True,6.1182442743070276,-1,-0.0019003378378378379,-1,True,calibration__20210616T110000Z,0.4441588572468384,3.5315323535083398
36,failed_recovery_attempts_mean,AB,0.0030088682432432433,0.00049178622303112235,0.00049107187135412876,0.00049178622303112235,0.0014525654512863072,True,6.1182442743070276,1,0.0019003378378378379,1,True,calibration__20210616T110000Z,0.4441588572468384,3.5315323535083398
36,failed_recovery_attempts_mean,ABC,-0.0030088682432432433,0.00049178622303112235,0.00049107187135412876,0.00049178622303112235,0.0014525654512863072,True,6.1182442743070276,-1,-0.0019003378378378379,-1,True,calibration__20210616T110000Z,0.4441588572468384,3.5315323535083398
36,failed_recovery_attempts_mean,AC,0.0030088682432432433,0.00049178622303112235,0.00049107187135412876,0.00049178622303112235,0.0014525654512863072,True,6.1182442743070276,1,0.0019003378378378379,1,True,calibration__20210616T110000Z,0.4441588572468384,3.5315323535083398
36,failed_recovery_attempts_mean,B,-0.037795608108108107,0.0028928878750989172,0.0028928878750989172,0.0027676034732234036,0.043307728223386362,True,13.065009685802549,-1,-0.034839527027027029,-1,True,calibration__20201121T170000Z,0.087083733148762804,25.654669600772323
36,failed_recovery_attempts_mean,BC,0.0042229729729729732,0.00077905522197423333,0.00077905522197423333,0.00076887809706836861,0.013063419150281141,True,5.4206336776376105,1,0.0031672297297297299,1,True,calibration__20210616T110000Z,0.59850155447906883,2.2749214268201277
36,failed_recovery_attempts_mean,C,-0.0042229729729729732,0.00077905522197423333,0.00077905522197423333,0.00076887809706836861,0.013063419150281141,True,5.4206336776376105,-1,-0.0031672297297297299,-1,True,calibration__20210616T110000Z,0.59850155447906883,2.2749214268201277
36,first_six_hour_burden_mean,A,-2.8052443763880464e-06,2.7104378642695624e-06,2.7104378642695624e-06,2.7096781940512095e-06,0.00028027582862801546,True,1.0349783012436014,-1,-1.1220977505552186e-05,-1,True,calibration__20200511T090000Z,0.99873174042648771,1.0025397361013411
36,first_six_hour_burden_mean,AB,2.8052443763880464e-06,2.7104378642695624e-06,2.7104378642695624e-06,2.7096781940512095e-06,0.00028027582862801546,True,1.0349783012436014,1,1.1220977505552186e-05,1,True,calibration__20200511T090000Z,0.99873174042648771,1.0025397361013411
36,first_six_hour_burden_mean,ABC,-2.8052443763880464e-06,2.7104378642695624e-06,2.7104378642695624e-06,2.7096781940512095e-06,0.00028027582862801546,True,1.0349783012436014,-1,-1.1220977505552186e-05,-1,True,calibration__20200511T090000Z,0.99873174042648771,1.0025397361013411
36,first_six_hour_burden_mean,AC,2.8052443763880464e-06,2.7104378642695624e-06,2.7104378642695624e-06,2.7096781940512095e-06,0.00028027582862801546,True,1.0349783012436014,1,1.1220977505552186e-05,1,True,calibration__20200511T090000Z,0.99873174042648771,1.0025397361013411
36,first_six_hour_burden_mean,B,-0.00026552923864712894,8.9750319742433525e-05,8.859890107802118e-05,8.9750319742433525e-05,0.012829131614424323,True,2.9585325089553747,-1,-0.00024385873903430547,-1,True,calibration__20211210T180000Z,0.61018278054169994,2.4583444705375204
36,first_six_hour_burden_mean,BC,2.8052443763880473e-06,2.7104378642695624e-06,2.7104378642695624e-06,2.7096781940512103e-06,0.00028027582862770293,True,1.0349783012436016,1,1.1220977505552189e-05,1,True,calibration__20200511T090000Z,0.99873174042648771,1.0025397361013411
36,first_six_hour_burden_mean,C,-2.8052443763880473e-06,2.7104378642695624e-06,2.7104378642695624e-06,2.7096781940512103e-06,0.00028027582862770293,True,1.0349783012436016,-1,-1.1220977505552189e-05,-1,True,calibration__20200511T090000Z,0.99873174042648771,1.0025397361013411
36,initial_gap_q4_q1_burden_contrast,A,0,0,0,0,0,True,0,0,0,0,True,calibration__20200509T220000Z,0,38
36,initial_gap_q4_q1_burden_contrast,AB,0,0,0,0,0,True,0,0,0,0,True,calibration__20200509T220000Z,0,38
36,initial_gap_q4_q1_burden_contrast,ABC,0,0,0,0,0,True,0,0,0,0,True,calibration__20200509T220000Z,0,38
36,initial_gap_q4_q1_burden_contrast,AC,0,0,0,0,0,True,0,0,0,0,True,calibration__20200509T220000Z,0,38
36,initial_gap_q4_q1_burden_contrast,B,0.00016382859931329905,0.00031772386399595682,0.00031680870770704273,0.00031772386399595682,0.0028803511244145479,True,0.5156320247804359,1,-0.00017758959327448162,-1,False,calibration__20211210T180000Z,0.72390009843072989,1.8000641058999618
36,initial_gap_q4_q1_burden_contrast,BC,0,0,0,0,0,True,0,0,0,0,True,calibration__20200509T220000Z,0,38
36,initial_gap_q4_q1_burden_contrast,C,0,0,0,0,0,True,0,0,0,0,True,calibration__20200509T220000Z,0,38
36,maximum_downside_deviation_mean,A,-4.802683542330478e-06,6.3413953782288589e-07,6.3413953782288589e-07,6.3303692040886175e-07,0.0017387615000471692,True,7.5735437642304202,-1,-3.6904626076047939e-06,-1,True,calibration__20210616T110000Z,0.69722825878991224,1.9664470110632151
36,maximum_downside_deviation_mean,AB,4.802683542330478e-06,6.3413953782288589e-07,6.3413953782288589e-07,6.3303692040886175e-07,0.0017387615000471692,True,7.5735437642304202,1,3.6904626076047939e-06,1,True,calibration__20210616T110000Z,0.69722825878991224,1.9664470110632151
36,maximum_downside_deviation_mean,ABC,-4.802683542330478e-06,6.3413953782288589e-07,6.3413953782288589e-07,6.3303692040886175e-07,0.0017387615000471692,True,7.5735437642304202,-1,-3.6904626076047939e-06,-1,True,calibration__20210616T110000Z,0.69722825878991224,1.9664470110632151
36,maximum_downside_deviation_mean,AC,4.802683542330478e-06,6.3413953782288589e-07,6.3413953782288589e-07,6.3303692040886175e-07,0.0017387615000471692,True,7.5735437642304202,1,3.6904626076047939e-06,1,True,calibration__20210616T110000Z,0.69722825878991224,1.9664470110632151
36,maximum_downside_deviation_mean,B,-4.1086083337039681e-05,2.8140677356732589e-06,2.8140677356732589e-06,2.7775939109373419e-06,0.012961246196581219,True,14.60024675888263,-1,-4.1218766339449558e-05,-1,True,calibration__20201121T170000Z,0.11212191396580007,19.763388393332562
36,maximum_downside_deviation_mean,BC,5.5652093225554158e-06,6.8528820615297449e-07,6.6560206702111781e-07,6.8528820615297449e-07,0.028726802759921143,True,8.1209763608759875,1,4.4761446785613574e-06,1,True,calibration__20210616T110000Z,0.6827469748920838,2.0324138762442066
36,maximum_downside_deviation_mean,C,-5.5652093225554158e-06,6.8528820615297449e-07,6.6560206702111781e-07,6.8528820615297449e-07,0.028726802759921143,True,8.1209763608759875,-1,-4.4761446785613574e-06,-1,True,calibration__20210616T110000Z,0.6827469748920838,2.0324138762442066
36,recovery_completion_hours_mean,A,-4.6958403716216219,0.12589991055526428,0.12271682485786189,0.12589991055526428,0.02528266845753762,True,37.298202603252555,-1,-4.5147804054054053,-1,True,calibration__20210920T030000Z,0.23160579069319986,6.5384421998484328
36,recovery_completion_hours_mean,AB,0.036317567567567564,0.014082619738514459,0.014082619738514459,0.013823714685609818,0.01838472228264201,True,2.5788928652417491,1,0.031883445945945943,1,True,calibration__20210616T110000Z,0.48853866308686683,2.7565464114716565
36,recovery_completion_hours_mean,ABC,-0.036317567567567564,0.014082619738514459,0.014082619738514459,0.013823714685609818,0.01838472228264201,True,2.5788928652417491,-1,-0.031883445945945943,-1,True,calibration__20210616T110000Z,0.48853866308686683,2.7565464114716565
36,recovery_completion_hours_mean,AC,4.6958403716216219,0.12589991055526428,0.12271682485786189,0.12589991055526428,0.02528266845753762,True,37.298202603252555,1,4.5147804054054053,1,True,calibration__20210920T030000Z,0.23160579069319986,6.5384421998484328
36,recovery_completion_hours_mean,B,-0.3735747466216216,0.045947485179615506,0.045664874736175573,0.045947485179615506,0.0061507271254382526,True,8.1304721066074173,-1,-0.359375,-1,True,calibration__20201121T170000Z,0.26364528312313257,6.7071920490203993
36,recovery_completion_hours_mean,BC,0.054845861486486486,0.014022634907933764,0.014022634907933764,0.013838460519323413,0.013134078567940773,True,3.9112379268646329,1,0.030405405405405407,1,True,calibration__20210920T030000Z,0.4286920963991524,2.8704314854437643
36,recovery_completion_hours_mean,C,-5.4826330236486482,0.12901359837968759,0.12484119492165052,0.12901359837968759,0.032340803686117407,True,42.496551468266432,-1,-5.4009712837837842,-1,True,calibration__20210920T030000Z,0.24090427467001052,6.328919718077282
42,failed_recovery_attempts_mean,A,0.00047508445945945949,0.00021764704527120254,0.00019352773556443088,0.00021764704527120254,0.11081845690446851,True,2.1828206253269968,1,0.00063344594594594598,1,True,calibration__20200511T090000Z,0.29759812536613939,5.333432783641582
42,failed_recovery_attempts_mean,AB,-0.00047508445945945949,0.00021764704527120254,0.00019352773556443088,0.00021764704527120254,0.11081845690446851,True,2.1828206253269968,-1,-0.00063344594594594598,-1,True,calibration__20200511T090000Z,0.29759812536613939,5.333432783641582
42,failed_recovery_attempts_mean,ABC,0.00047508445945945949,0.00021764704527120254,0.00019352773556443088,0.00021764704527120254,0.11081845690446851,True,2.1828206253269968,1,0.00063344594594594598,1,True,calibration__20200511T090000Z,0.29759812536613939,5.333432783641582
42,failed_recovery_attempts_mean,AC,-0.00047508445945945949,0.00021764704527120254,0.00019352773556443088,0.00021764704527120254,0.11081845690446851,True,2.1828206253269968,-1,-0.00063344594594594598,-1,True,calibration__20200511T090000Z,0.29759812536613939,5.333432783641582
42,failed_recovery_attempts_mean,B,-0.2053420608108108,0.0036459778707576577,0.0036459778707576577,0.003618008100515803,0.0076714042798187521,True,56.320161034915827,-1,-0.2117820945945946,-1,True,calibration__20200802T100000Z,0.031313958248055683,47.003025950516651
42,failed_recovery_attempts_mean,BC,-0.00042229729729729732,0.00023699895830503112,0.00020081641420169579,0.00023699895830503112,0.15266963349588372,False,1.7818529681205464,-1,-0.00063344594594594598,-1,True,calibration__20200511T090000Z,0.34766050054406966,4.8496633976630559
42,failed_recovery_attempts_mean,C,0.00042229729729729732,0.00023699895830503112,0.00020081641420169579,0.00023699895830503112,0.15266963349588372,False,1.7818529681205464,1,0.00063344594594594598,1,True,calibration__20200511T090000Z,0.34766050054406966,4.8496633976630559
42,first_six_hour_burden_mean,A,-0.001442445087363876,0.00017922174679990468,0.00017472018588013323,0.00017922174679990468,0.025117269528665498,True,8.0483820357711355,-1,-0.0012179956865890731,-1,True,calibration__20200317T160000Z,0.19540215343686354,7.4278704155590098
42,first_six_hour_burden_mean,AB,0.001072934952228741,0.00019138125512704689,0.00017472018588013323,0.00019138125512704689,0.087056954641944129,True,5.6062698069175152,1,0.00037340109199447832,1,True,calibration__20200317T160000Z,0.19540215343686354,7.4278704155590098
42,first_six_hour_burden_mean,ABC,-0.001072934952228741,0.00019138125512704689,0.00017472018588013323,0.00019138125512704689,0.087056954641944129,True,5.6062698069175152,-1,-0.00037340109199447832,-1,True,calibration__20200317T160000Z,0.19540215343686354,7.4278704155590098
42,first_six_hour_burden_mean,AC,0.001442445087363876,0.00017922174679990468,0.00017472018588013323,0.00017922174679990468,0.025117269528665498,True,8.0483820357711355,1,0.0012179956865890731,1,True,calibration__20200317T160000Z,0.19540215343686354,7.4278704155590098
42,first_six_hour_burden_mean,B,-0.44477037359124783,0.0036906284335892548,0.0036906284335892548,0.0036838236130757982,0.0018438107861318248,True,120.51345227368076,-1,-0.44412375462483755,-1,True,calibration__20210314T050000Z,0.026112618667055856,49.113296626505814
42,first_six_hour_burden_mean,BC,0.0011733983810070729,0.00020220726255884672,0.00018674453900263563,0.00020220726255884672,0.076469674533629073,True,5.8029487475287311,1,0.00052543923255586958,1,True,calibration__20200511T090000Z,0.23180635030234983,6.5772574469365637
42,first_six_hour_burden_mean,C,-0.0015429085161422079,0.00018920048705099775,0.00018674453900263563,0.00018920048705099775,0.012980664514357919,True,8.1548865977619123,-1,-0.0013700338271504641,-1,True,calibration__20200511T090000Z,0.23180635030234983,6.5772574469365637
42,initial_gap_q4_q1_burden_contrast,A,-0.00061852943763394215,0.00033934435800583488,0.00033683566392155771,0.00033934435800583488,0.0073927679217051512,True,1.8227190847337051,-1,-0.0020559300658874722,-1,True,calibration__20210206T010000Z,0.62114991397157271,2.2560063542193607
42,initial_gap_q4_q1_burden_contrast,AB,-0.00082061529920816304,0.00033683566392155771,0.00033683566392155771,0.00033595325118101636,0.0026197129195525116,True,2.4362482572488759,-1,-0.0012335436183230544,-1,True,calibration__20210206T010000Z,0.62114991397157271,2.2560063542193607
42,initial_gap_q4_q1_burden_contrast,ABC,0.00082061529920816304,0.00033683566392155771,0.00033683566392155771,0.00033595325118101636,0.0026197129195525116,True,2.4362482572488759,1,0.0012335436183230544,1,True,calibration__20210206T010000Z,0.62114991397157271,2.2560063542193607
42,initial_gap_q4_q1_burden_contrast,AC,0.00061852943763394215,0.00033934435800583488,0.00033683566392155771,0.00033934435800583488,0.0073927679217051512,True,1.8227190847337051,1,0.0020559300658874722,1,True,calibration__20210206T010000Z,0.62114991397157271,2.2560063542193607
42,initial_gap_q4_q1_burden_contrast,B,-0.035188089174642945,0.010922819203583121,0.010455008210993986,0.010922819203583121,0.042828777430983594,True,3.2215207922785947,-1,-0.041142156243924199,-1,True,calibration__20210314T050000Z,0.049358113735187836,25.318531143841998
42,initial_gap_q4_q1_burden_contrast,BC,-0.00082061529920816304,0.00033683566392155771,0.00033683566392155771,0.00033595325118101636,0.0026197129195525116,True,2.4362482572488759,-1,-0.0012335436183230544,-1,True,calibration__20210206T010000Z,0.62114991397157271,2.2560063542193607
42,initial_gap_q4_q1_burden_contrast,C,-0.00061852943763394215,0.00033934435800583488,0.00033683566392155771,0.00033934435800583488,0.0073927679217051512,True,1.8227190847337051,-1,-0.0020559300658874722,-1,True,calibration__20210206T010000Z,0.62114991397157271,2.2560063542193607
42,maximum_downside_deviation_mean,A,-0.00013064822635135135,4.3931787850944176e-05,4.1151619404832105e-05,4.3931787850944176e-05,0.063283753794516229,True,2.9738882194967049,-1,-5.2259290540540542e-05,-1,True,calibration__20200511T090000Z,0.29761904761904767,5.0237326751471425
42,maximum_downside_deviation_mean,AB,0.00013064822635135135,4.3931787850944176e-05,4.1151619404832105e-05,4.3931787850944176e-05,0.063283753794516229,True,2.9738882194967049,1,5.2259290540540542e-05,1,True,calibration__20200511T090000Z,0.29761904761904767,5.0237326751471425
42,maximum_downside_deviation_mean,ABC,-0.00013064822635135135,4.3931787850944176e-05,4.1151619404832105e-05,4.3931787850944176e-05,0.063283753794516229,True,2.9738882194967049,-1,-5.2259290540540542e-05,-1,True,calibration__20200511T090000Z,0.29761904761904767,5.0237326751471425
42,maximum_downside_deviation_mean,AC,0.00013064822635135135,4.3931787850944176e-05,4.1151619404832105e-05,4.3931787850944176e-05,0.063283753794516229,True,2.9738882194967049,1,5.2259290540540542e-05,1,True,calibration__20200511T090000Z,0.29761904761904767,5.0237326751471425
42,maximum_downside_deviation_mean,B,-0.33516495988175682,0.00077518255867089147,0.00077518255867089147,0.00074902550809016982,0.033743084500726987,True,432.36906730257482,-1,-0.33597497888513511,-1,True,calibration__20210409T070000Z,0.097186311787072266,22.620233627822543
42,maximum_downside_deviation_mean,BC,0.00018290751689189189,5.6367061353334493e-05,5.5113231652336316e-05,5.6367061353334493e-05,0.022244013984312555,True,3.2449361825933059,1,5.2259290540540542e-05,1,True,calibration__20200511T090000Z,0.3853982300884955,3.880954479555768
42,maximum_downside_deviation_mean,C,-0.00018290751689188363,5.6367061353334493e-05,5.5113231652336316e-05,5.6367061353334493e-05,0.022244013984312555,True,3.2449361825931593,-1,-5.2259290540532289e-05,-1,True,calibration__20200511T090000Z,0.3853982300884955,3.880954479555768
42,recovery_completion_hours_mean,A,-1.2548300253378379,0.072973790826819374,0.072366670230117683,0.072973790826819374,0.0083197075254388651,True,17.195626143580608,-1,-1.1059966216216217,-1,True,calibration__20200511T090000Z,0.18963619383882593,7.8342402335663364
42,recovery_completion_hours_mean,AB,-0.89281566722972971,0.0751133297752722,0.071829301952121033,0.0751133297752722,0.043720972468887814,True,11.886248018839002,-1,-0.96051520270270274,-1,True,calibration__20200511T090000Z,0.18777285455716133,7.7953947583927716
42,recovery_completion_hours_mean,ABC,0.89281566722972971,0.0751133297752722,0.071829301952121033,0.0751133297752722,0.043720972468887814,True,11.886248018839002,1,0.96051520270270274,1,True,calibration__20200511T090000Z,0.18777285455716133,7.7953947583927716
42,recovery_completion_hours_mean,AC,1.2548300253378379,0.072973790826819374,0.072366670230117683,0.072973790826819374,0.0083197075254388651,True,17.195626143580608,1,1.1059966216216217,1,True,calibration__20200511T090000Z,0.18963619383882593,7.8342402335663364
42,recovery_completion_hours_mean,B,-458.37666279560813,1.0827356068204101,1.0827356068204101,1.0466317000563401,0.033345081233722172,True,423.35050210613196,-1,-459.48036317567568,-1,True,calibration__20210409T070000Z,0.09820361143524467,22.417199475001777
42,recovery_completion_hours_mean,BC,-0.96487014358108103,0.088121180001018762,0.088121180001018762,0.08682851805094724,0.01466914026862302,True,10.94935568917627,-1,-1.1361908783783783,-1,True,calibration__20200511T090000Z,0.29297750471518819,5.8631955891166196
42,recovery_completion_hours_mean,C,-1.4726826435810811,0.090802827070699213,0.089156314331527042,0.090802827070699213,0.018132835642773473,True,16.218466881371967,-1,-1.2816722972972974,-1,True,calibration__20200511T090000Z,0.28274680795429341,5.8511920857812107
94,failed_recovery_attempts_mean,A,0.00052787162162162165,0.00021990355463019219,0.00019875726743879375,0.00021990355463019219,0.096161643348420506,True,2.4004687987392188,1,0.00084459459459459464,1,True,calibration__20200511T090000Z,0.24979172452096637,6.2813489165725125
94,failed_recovery_attempts_mean,AB,-0.00052787162162162165,0.00021990355463019219,0.00019875726743879375,0.00021990355463019219,0.096161643348420506,True,2.4004687987392188,-1,-0.00084459459459459464,-1,True,calibration__20200511T090000Z,0.24979172452096637,6.2813489165725125
94,failed_recovery_attempts_mean,ABC,0.00052787162162162165,0.00021990355463019219,0.00019875726743879375,0.00021990355463019219,0.096161643348420506,True,2.4004687987392188,1,0.00084459459459459464,1,True,calibration__20200511T090000Z,0.24979172452096637,6.2813489165725125
94,failed_recovery_attempts_mean,AC,-0.00052787162162162165,0.00021990355463019219,0.00019875726743879375,0.00021990355463019219,0.096161643348420506,True,2.4004687987392188,-1,-0.00084459459459459464,-1,True,calibration__20200511T090000Z,0.24979172452096637,6.2813489165725125
94,failed_recovery_attempts_mean,B,-0.21114864864864866,0.0037767700696569109,0.0037078057302766762,0.0037767700696569109,0.018260137129952319,True,55.907202385722627,-1,-0.21579391891891891,-1,True,calibration__20200802T100000Z,0.029971919280099405,47.750732022456013
94,failed_recovery_attempts_mean,BC,-0.00052787162162162165,0.00023829152161720821,0.00021241775345649236,0.00023829152161720821,0.10858031366419953,True,2.2152345918105945,-1,-0.00084459459459459464,-1,True,calibration__20200511T090000Z,0.34318016046681254,5.2089590268840702
94,failed_recovery_attempts_mean,C,0.00052787162162162165,0.00023829152161720821,0.00021241775345649236,0.00023829152161720821,0.10858031366419953,True,2.2152345918105945,1,0.00084459459459459464,1,True,calibration__20200511T090000Z,0.34318016046681254,5.2089590268840702
94,first_six_hour_burden_mean,A,-0.0013073776969326821,0.00016229403858473586,0.00016229403858473586,0.00015755113249485691,0.029224154696246701,True,8.0556113356565646,-1,-0.0012558713828707659,-1,True,calibration__20210206T010000Z,0.176388876043091,8.8626795661498932
94,first_six_hour_burden_mean,AB,0.00093786756179754696,0.00016724567119532859,0.00016229403858473586,0.00016724567119532859,0.029606940348307451,True,5.6077239852874765,1,0.00041127678827617136,1,True,calibration__20210206T010000Z,0.176388876043091,8.8626795661498932
94,first_six_hour_burden_mean,ABC,-0.00093786756179754696,0.00016724567119532859,0.00016229403858473586,0.00016724567119532859,0.029606940348307451,True,5.6077239852874765,-1,-0.00041127678827617136,-1,True,calibration__20210206T010000Z,0.176388876043091,8.8626795661498932
94,first_six_hour_burden_mean,AC,0.0013073776969326821,0.00016229403858473586,0.00016229403858473586,0.00015755113249485691,0.029224154696246701,True,8.0556113356565646,1,0.0012558713828707659,1,True,calibration__20210206T010000Z,0.176388876043091,8.8626795661498932
94,first_six_hour_burden_mean,B,-0.42973936995851647,0.003821404004417322,0.0037594381412301477,0.003821404004417322,0.016215470312886397,True,112.45588518297532,-1,-0.4292514461629095,-1,True,calibration__20210314T050000Z,0.02523695769487486,49.984268042881723
94,first_six_hour_burden_mean,BC,0.00096214775624027559,0.00016996345506433799,0.00016297372677173143,0.00016996345506433799,0.04112488940614125,True,5.6609096106928636,1,0.00041127678827617136,1,True,calibration__20210206T010000Z,0.1749206708791502,8.8439604142736883
94,first_six_hour_burden_mean,C,-0.0013316578913754107,0.00016297372677173143,0.00016297372677173143,0.00015999229054186199,0.018293968536691657,True,8.1709973610690803,-1,-0.0012558713828707659,-1,True,calibration__20210206T010000Z,0.1749206708791502,8.8439604142736883
94,initial_gap_q4_q1_burden_contrast,A,-0.00070570645115021957,0.00032909084486344606,0.000328023552691754,0.00032909084486344606,0.0032431536408584071,True,2.1444122866530897,-1,-0.0020559210610235062,-1,True,calibration__20210206T010000Z,0.65497166103631133,2.0867621321905432
94,initial_gap_q4_q1_burden_contrast,AB,-0.00073343828569188572,0.00032861304178354077,0.000328023552691754,0.00032861304178354077,0.0017938700441934023,True,2.231920807863145,-1,-0.0012335526231870202,-1,True,calibration__20210206T010000Z,0.65497166103631133,2.0867621321905432
94,initial_gap_q4_q1_burden_contrast,ABC,0.00073343828569188572,0.00032861304178354077,0.000328023552691754,0.00032861304178354077,0.0017938700441934023,True,2.231920807863145,1,0.0012335526231870202,1,True,calibration__20210206T010000Z,0.65497166103631133,2.0867621321905432
94,initial_gap_q4_q1_burden_contrast,AC,0.00070570645115021957,0.00032909084486344606,0.000328023552691754,0.00032909084486344606,0.0032431536408584071,True,2.1444122866530897,1,0.0020559210610235062,1,True,calibration__20210206T010000Z,0.65497166103631133,2.0867621321905432
94,initial_gap_q4_q1_burden_contrast,B,-0.042637980649715412,0.011216756773844847,0.010598654250225289,0.011216756773844847,0.055105280080677603,True,3.8012753159753228,-1,-0.052333237922657094,-1,True,calibration__20210314T050000Z,0.048165677569037606,25.65419927768205
94,initial_gap_q4_q1_burden_contrast,BC,-0.00073343828569188572,0.00032861304178354077,0.000328023552691754,0.00032861304178354077,0.0017938700441934023,True,2.231920807863145,-1,-0.0012335526231870202,-1,True,calibration__20210206T010000Z,0.65497166103631133,2.0867621321905432
94,initial_gap_q4_q1_burden_contrast,C,-0.00070570645115021957,0.00032909084486344606,0.000328023552691754,0.00032909084486344606,0.0032431536408584071,True,2.1444122866530897,-1,-0.0020559210610235062,-1,True,calibration__20210206T010000Z,0.65497166103631133,2.0867621321905432
94,maximum_downside_deviation_mean,A,-0.0003788798564189189,6.6909683274233314e-05,6.6909683274233314e-05,6.2118112938475592e-05,0.071612509599233737,True,5.6625564175226666,-1,-0.00041807432432432434,-1,True,calibration__20210206T010000Z,0.62173521465025516,2.4094275841297215
94,maximum_downside_deviation_mean,AB,-0.00011758340371621622,6.985778033201025e-05,6.6909683274233314e-05,6.985778033201025e-05,0.042201413268008713,True,1.6831826484807038,-1,-0.00031355574324324324,-1,True,calibration__20210206T010000Z,0.62173521465025516,2.4094275841297215
94,maximum_downside_deviation_mean,ABC,0.00011758340371621622,6.985778033201025e-05,6.6909683274233314e-05,6.985778033201025e-05,0.042201413268008713,True,1.6831826484807038,1,0.00031355574324324324,1,True,calibration__20210206T010000Z,0.62173521465025516,2.4094275841297215
94,maximum_downside_deviation_mean,AC,0.0003788798564189189,6.6909683274233314e-05,6.6909683274233314e-05,6.2118112938475592e-05,0.071612509599233737,True,5.6625564175226666,1,0.00041807432432432434,1,True,calibration__20210206T010000Z,0.62173521465025516,2.4094275841297215
94,maximum_downside_deviation_mean,B,-0.34066525021114863,0.0008210237956878981,0.00080662622739754758,0.0008210237956878981,0.017536115720357969,True,414.92737725795251,-1,-0.34125316722972981,-1,True,calibration__20210409T070000Z,0.090128835154211759,24.909616041402373
94,maximum_downside_deviation_mean,BC,-6.5324113175675673e-05,7.6294942423349061e-05,7.6294942423349061e-05,7.5123289240268162e-05,0.015356891896969696,True,0.85620502618905037,-1,-0.00031355574324324324,-1,True,calibration__20210206T010000Z,0.47818055876241056,3.3465113702516751
94,maximum_downside_deviation_mean,C,-0.00043113914695945153,7.6294942423349048e-05,7.6294942423349048e-05,7.4764617870594591e-05,0.020058007833113217,True,5.6509531728476299,-1,-0.00041807432432431637,-1,True,calibration__20210206T010000Z,0.47818055876241045,3.3465113702516764
94,recovery_completion_hours_mean,A,-1.6030933277027026,0.10342912396076573,0.10342912396076573,0.095810005568962908,0.073665115782021104,True,15.499438323685423,-1,-1.6194045608108107,-1,True,calibration__20210206T010000Z,0.51292862122065708,3.4071979044083767
94,recovery_completion_hours_mean,AB,-1.2416068412162162,0.10655451806194194,0.10321820712830669,0.10655451806194194,0.031310835000875267,True,11.652315301116085,-1,-1.4743454391891893,-1,True,calibration__20210206T010000Z,0.51502700708437332,3.3858701216249361
94,recovery_completion_hours_mean,ABC,1.2416068412162162,0.10655451806194194,0.10321820712830669,0.10655451806194194,0.031310835000875267,True,11.652315301116085,1,1.4743454391891893,1,True,calibration__20210206T010000Z,0.51502700708437332,3.3858701216249361
94,recovery_completion_hours_mean,AC,1.6030933277027026,0.10342912396076573,0.10342912396076573,0.095810005568962908,0.073665115782021104,True,15.499438323685423,1,1.6194045608108107,1,True,calibration__20210206T010000Z,0.51292862122065708,3.4071979044083767
94,recovery_completion_hours_mean,B,-466.11085304054052,1.1462203484183549,1.1263751593034752,1.1462203484183549,0.017313589958740133,True,406.65030391732006,-1,-466.89516469594594,-1,True,calibration__20210409T070000Z,0.091117442033771728,24.689156687880075
94,recovery_completion_hours_mean,BC,-1.3136613175675675,0.11515513878792964,0.11515513878792964,0.11163548727028511,0.030564432944033416,True,11.407752458071487,-1,-1.6500211148648649,-1,True,calibration__20210206T010000Z,0.41378617801377277,4.3532189360055851
94,recovery_completion_hours_mean,C,-1.8209459459459461,0.11579586843940742,0.11579586843940742,0.11353514810206844,0.019523324690310109,True,15.725482873327156,-1,-1.7950802364864864,-1,True,calibration__20210206T010000Z,0.40921966673740418,4.3976603159048739
97,failed_recovery_attempts_mean,A,7.9180743243243248e-05,5.9017841466949682e-05,5.9017841466949682e-05,5.8831664846993038e-05,0.0031545819929877312,True,1.3416407864998741,1,0.00010557432432432433,1,True,calibration__20210317T020000Z,0.40314960629921259,2.7776246994881824
97,failed_recovery_attempts_mean,AB,-7.9180743243243248e-05,5.9017841466949682e-05,5.9017841466949682e-05,5.8831664846993038e-05,0.0031545819929877312,True,1.3416407864998741,-1,-0.00010557432432432433,-1,True,calibration__20210317T020000Z,0.40314960629921259,2.7776246994881824
97,failed_recovery_attempts_mean,ABC,7.9180743243243248e-05,5.9017841466949682e-05,5.9017841466949682e-05,5.8831664846993038e-05,0.0031545819929877312,True,1.3416407864998741,1,0.00010557432432432433,1,True,calibration__20210317T020000Z,0.40314960629921259,2.7776246994881824
97,failed_recovery_attempts_mean,AC,-7.9180743243243248e-05,5.9017841466949682e-05,5.9017841466949682e-05,5.8831664846993038e-05,0.0031545819929877312,True,1.3416407864998741,-1,-0.00010557432432432433,-1,True,calibration__20210317T020000Z,0.40314960629921259,2.7776246994881824
97,failed_recovery_attempts_mean,B,-0.23387352195945946,0.0038488188858805165,0.0038488188858805165,0.0038241041153831245,0.0064213908812541529,True,60.765011005695804,-1,-0.2477829391891892,-1,True,calibration__20210725T140000Z,0.026299233765988507,48.955633769697592
97,failed_recovery_attempts_mean,BC,-7.9180743243243248e-05,5.9017841466949682e-05,5.9017841466949682e-05,5.8831664846993038e-05,0.0031545819929877312,True,1.3416407864998741,-1,-0.00010557432432432433,-1,True,calibration__20210317T020000Z,0.40314960629921259,2.7776246994881824
97,failed_recovery_attempts_mean,C,7.9180743243243248e-05,5.9017841466949682e-05,5.9017841466949682e-05,5.8831664846993038e-05,0.0031545819929877312,True,1.3416407864998741,1,0.00010557432432432433,1,True,calibration__20210317T020000Z,0.40314960629921259,2.7776246994881824
97,first_six_hour_burden_mean,A,-0.00012280840126751978,3.0197860624878416e-05,3.0197860624878416e-05,2.9067519537720162e-05,0.037431164452326339,True,4.0667914456941512,-1,-5.7211929280808254e-05,-1,True,calibration__20210710T100000Z,0.46998436068606375,3.5804588515820694
97,first_six_hour_burden_mean,AB,0.00012280840126751978,3.0197860624878413e-05,3.0197860624878413e-05,2.9067519537720162e-05,0.037431164452326228,True,4.0667914456941512,1,5.7211929280808261e-05,1,True,calibration__20210710T100000Z,0.4699843606860637,3.5804588515820703
97,first_six_hour_burden_mean,ABC,-0.00012280840126751978,3.0197860624878416e-05,3.0197860624878416e-05,2.9067519537720162e-05,0.037431164452326339,True,4.0667914456941512,-1,-5.7211929280808254e-05,-1,True,calibration__20210710T100000Z,0.46998436068606375,3.5804588515820694
97,first_six_hour_burden_mean,AC,0.00012280840126751978,3.0197860624878416e-05,3.0197860624878416e-05,2.9067519537720162e-05,0.037431164452326339,True,4.0667914456941512,1,5.7211929280808261e-05,1,True,calibration__20210710T100000Z,0.46998436068606375,3.5804588515820694
97,first_six_hour_burden_mean,B,-0.41107636296639727,0.0038818530997969851,0.0036760716211294399,0.0038818530997969851,0.053011145289940845,True,105.89693952815884,-1,-0.40419620708953186,-1,True,calibration__20200128T020000Z,0.025410480208299918,50.436602559222365
97,first_six_hour_burden_mean,BC,0.00012565569540390971,3.0268443299432273e-05,3.0268443299432273e-05,2.9104751707555199e-05,0.03844570334738362,True,4.151376209237247,1,5.7211929280808261e-05,1,True,calibration__20210710T100000Z,0.4677950128398371,3.610527694889909
97,first_six_hour_burden_mean,C,-0.00012565569540390971,3.0268443299432273e-05,3.0268443299432273e-05,2.9104751707555199e-05,0.03844570334738362,True,4.151376209237247,-1,-5.721192928080824e-05,-1,True,calibration__20210710T100000Z,0.4677950128398371,3.610527694889909
97,initial_gap_q4_q1_burden_contrast,A,-7.9327051751612823e-05,8.4097276826711461e-05,8.4043397571820105e-05,8.4097276826711461e-05,0.00064067775942825941,True,0.94327729440124397,-1,2.3237319912661475e-06,1,False,calibration__20210710T100000Z,0.92041734585309865,1.176364196110641
97,initial_gap_q4_q1_burden_contrast,AB,7.9327051751612796e-05,8.4097276826711461e-05,8.4043397571820092e-05,8.4097276826711461e-05,0.00064067775942842063,True,0.94327729440124375,1,-2.3237319912661932e-06,-1,False,calibration__20210710T100000Z,0.92041734585309853,1.1763641961106415
97,initial_gap_q4_q1_burden_contrast,ABC,-7.9327051751612782e-05,8.4097276826711461e-05,8.4043397571820105e-05,8.4097276826711461e-05,0.00064067775942825941,True,0.94327729440124353,-1,2.3237319912661932e-06,1,False,calibration__20210710T100000Z,0.92041734585309865,1.176364196110641
97,initial_gap_q4_q1_burden_contrast,AC,7.932705175161281e-05,8.4097276826711461e-05,8.4043397571820105e-05,8.4097276826711461e-05,0.00064067775942825941,True,0.94327729440124386,1,-2.3237319912661932e-06,-1,False,calibration__20210710T100000Z,0.92041734585309865,1.176364196110641
97,initial_gap_q4_q1_burden_contrast,B,-0.0016854597540736926,0.010869123178414368,0.010441151579519315,0.010869123178414368,0.039374988384066396,True,0.15506860364053529,-1,-0.016166918008267528,-1,True,calibration__20210607T170000Z,0.047680169511105153,26.109742697964407
97,initial_gap_q4_q1_burden_contrast,BC,7.9327051751612782e-05,8.4097276826711475e-05,8.4043397571820105e-05,8.4097276826711475e-05,0.00064067775942842052,True,0.94327729440124342,1,-2.3237319912662902e-06,-1,False,calibration__20210710T100000Z,0.92041734585309853,1.1763641961106415
97,initial_gap_q4_q1_burden_contrast,C,-7.9327051751612782e-05,8.4097276826711475e-05,8.4043397571820105e-05,8.4097276826711475e-05,0.00064067775942842052,True,0.94327729440124342,-1,2.3237319912661987e-06,1,False,calibration__20210710T100000Z,0.92041734585309853,1.1763641961106415
97,maximum_downside_deviation_mean,A,-3.9194467905405405e-05,2.262893659592996e-05,2.262893659592996e-05,2.2450048915792464e-05,0.0079052623343189056,True,1.7320508075688772,-1,0,0,False,calibration__20200511T090000Z,0.33333333333333337,3
97,maximum_downside_deviation_mean,AB,3.9194467905405405e-05,2.262893659592996e-05,2.262893659592996e-05,2.2450048915792464e-05,0.0079052623343189056,True,1.7320508075688772,1,0,0,False,calibration__20200511T090000Z,0.33333333333333337,3
97,maximum_downside_deviation_mean,ABC,-3.9194467905405405e-05,2.262893659592996e-05,2.262893659592996e-05,2.2450048915792464e-05,0.0079052623343189056,True,1.7320508075688772,-1,0,0,False,calibration__20200511T090000Z,0.33333333333333337,3
97,maximum_downside_deviation_mean,AC,3.9194467905405405e-05,2.262893659592996e-05,2.262893659592996e-05,2.2450048915792464e-05,0.0079052623343189056,True,1.7320508075688772,1,0,0,False,calibration__20200511T090000Z,0.33333333333333337,3
97,maximum_downside_deviation_mean,B,-0.33624934016047298,0.0004887185381873319,0.00048339565715094538,0.0004887185381873319,0.010891506297529057,True,688.0224789663788,-1,-0.33634079391891891,-1,True,calibration__20210218T110000Z,0.21460822151028705,9.2584414966898123
97,maximum_downside_deviation_mean,BC,6.5324113175675673e-05,3.4488419553796313e-05,3.4488419553796313e-05,3.4214542346630104e-05,0.0079411353349782936,True,1.8940883351810514,1,0,0,False,calibration__20200509T220000Z,0.71299435028248581,1.8196803579767626
97,maximum_downside_deviation_mean,C,-6.532411317566704e-05,3.4488419553796313e-05,3.4488419553796313e-05,3.4214542346630104e-05,0.0079411353349782936,True,1.8940883351808009,-1,8.6267329616143917e-18,1,False,calibration__20200509T220000Z,0.71299435028248581,1.8196803579767626
97,recovery_completion_hours_mean,A,-1.1285631334459461,0.055443477605622821,0.054391465095752475,0.055443477605622821,0.018974504401644082,True,20.355201047697133,-1,-1.0332559121621621,-1,True,calibration__20210920T030000Z,0.30047076206497542,5.2938027234652854
97,recovery_completion_hours_mean,AB,-1.0190825591216217,0.054139384543395917,0.054139384543395917,0.049096760915897958,0.093141502623769176,True,18.823312597962151,-1,-1.0332559121621621,-1,True,calibration__20210920T030000Z,0.30327534401325384,5.2640114246982863
97,recovery_completion_hours_mean,ABC,1.0190825591216217,0.054139384543395917,0.054139384543395917,0.049096760915897958,0.093141502623769176,True,18.823312597962151,1,1.0332559121621621,1,True,calibration__20210920T030000Z,0.30327534401325384,5.2640114246982863
97,recovery_completion_hours_mean,AC,1.1285631334459461,0.055443477605622821,0.054391465095752475,0.055443477605622821,0.018974504401644082,True,20.355201047697133,1,1.0332559121621621,1,True,calibration__20210920T030000Z,0.30047076206497542,5.2938027234652854
97,recovery_completion_hours_mean,B,-459.99110536317568,0.68614714936191135,0.67803870093869456,0.68614714936191135,0.011817360796087703,True,670.39716741656434,-1,-460.1158150337838,-1,True,calibration__20210218T110000Z,0.21503150239388266,9.2580824419411361
97,recovery_completion_hours_mean,BC,-1.1273490287162162,0.065043834991549671,0.065043834991549671,0.0586936492263435,0.097629325915840767,True,17.332142682894982,-1,-1.2089315878378379,-1,True,calibration__20200509T220000Z,0.38757036271052453,4.1972100755965833
97,recovery_completion_hours_mean,C,-1.3102037584459461,0.06803129749305617,0.066452583137601481,0.06803129749305617,0.023205706985315471,True,19.258838310112726,-1,-1.2089315878378379,-1,True,calibration__20200509T220000Z,0.41171727301575434,3.9910531303784063
100,failed_recovery_attempts_mean,A,-0.0023490287162162161,0.00038234306162332547,0.00038234306162332547,0.0003813374987793358,0.0026300015481393155,True,6.1437723133849325,-1,-0.0017947635135135136,-1,True,calibration__20210616T110000Z,0.34580315935612171,4.4865109932644405
100,failed_recovery_attempts_mean,AB,0.0023490287162162161,0.00038234306162332547,0.00038234306162332547,0.0003813374987793358,0.0026300015481393155,True,6.1437723133849325,1,0.0017947635135135136,1,True,calibration__20210616T110000Z,0.34580315935612171,4.4865109932644405
100,failed_recovery_attempts_mean,ABC,-0.0023490287162162161,0.00038234306162332547,0.00038234306162332547,0.0003813374987793358,0.0026300015481393155,True,6.1437723133849325,-1,-0.0017947635135135136,-1,True,calibration__20210616T110000Z,0.34580315935612171,4.4865109932644405
100,failed_recovery_attempts_mean,AC,0.0023490287162162161,0.00038234306162332547,0.00038234306162332547,0.0003813374987793358,0.0026300015481393155,True,6.1437723133849325,1,0.0017947635135135136,1,True,calibration__20210616T110000Z,0.34580315935612171,4.4865109932644405
100,failed_recovery_attempts_mean,B,-0.1298828125,0.0060844386500456668,0.0055747140387541706,0.0060844386500456668,0.083775125464971276,True,21.346720703482674,-1,-0.10990287162162163,-1,True,calibration__20201206T020000Z,0.095146869318315203,39.607336836325935
100,failed_recovery_attempts_mean,BC,0.0030880489864864866,0.00054177379184640892,0.00048738875930688836,0.00054177379184640892,0.10038328423782178,True,5.6998862495030735,1,0.002639358108108108,1,True,calibration__20210616T110000Z,0.45064308310434797,3.5883044783554836
100,failed_recovery_attempts_mean,C,-0.0030880489864864866,0.00054177379184640892,0.00048738875930688836,0.00054177379184640892,0.10038328423782178,True,5.6998862495030735,-1,-0.002639358108108108,-1,True,calibration__20210616T110000Z,0.45064308310434797,3.5883044783554836
100,first_six_hour_burden_mean,A,-2.6677228610751596e-08,1.947131145373212e-08,1.947131145373212e-08,1.9418237067374352e-08,0.00272577358150136,True,1.3700786757041112,-1,-3.1321605778074596e-08,-1,True,calibration__20210624T020000Z,0.94449361788188113,1.1180686777599289
100,first_six_hour_burden_mean,AB,2.6677228610751596e-08,1.947131145373212e-08,1.947131145373212e-08,1.9418237067374352e-08,0.00272577358150136,True,1.3700786757041112,1,3.1321605778074596e-08,1,True,calibration__20210624T020000Z,0.94449361788188113,1.1180686777599289
100,first_six_hour_burden_mean,ABC,-2.6677228610751596e-08,1.947131145373212e-08,1.947131145373212e-08,1.9418237067374352e-08,0.00272577358150136,True,1.3700786757041112,-1,-3.1321605778074596e-08,-1,True,calibration__20210624T020000Z,0.94449361788188113,1.1180686777599289
100,first_six_hour_burden_mean,AC,2.6677228610751596e-08,1.947131145373212e-08,1.947131145373212e-08,1.9418237067374352e-08,0.00272577358150136,True,1.3700786757041112,1,3.1321605778074596e-08,1,True,calibration__20210624T020000Z,0.94449361788188113,1.1180686777599289
100,first_six_hour_burden_mean,B,-0.0020784672749545666,0.00024367588886968394,0.00024367588886968394,0.00023079731157212713,0.052851258108856963,True,8.5296386302139044,-1,-0.0022130258278680284,-1,True,calibration__20210218T110000Z,0.10212198413965216,21.517567420970284
100,first_six_hour_burden_mean,BC,2.6677228610751711e-08,1.947131145373213e-08,1.947131145373213e-08,1.9418237067374375e-08,0.0027257735815006791,True,1.3700786757041166,1,3.1321605778075053e-08,1,True,calibration__20210624T020000Z,0.94449361788188035,1.1180686777599307
100,first_six_hour_burden_mean,C,-2.6677228610751711e-08,1.947131145373213e-08,1.947131145373213e-08,1.9418237067374375e-08,0.0027257735815006791,True,1.3700786757041166,-1,-3.1321605778075053e-08,-1,True,calibration__20210624T020000Z,0.94449361788188035,1.1180686777599307
100,initial_gap_q4_q1_burden_contrast,A,2.3279042057117612e-08,1.7866718007476151e-08,1.7866718007476151e-08,1.7817578814903534e-08,0.0027503200393074489,True,1.3029277143892195,1,9.3116168228470447e-08,1,True,calibration__20210306T130000Z,0.858233673075396,1.321592780518311
100,initial_gap_q4_q1_burden_contrast,AB,-2.3279042057117612e-08,1.7866718007476151e-08,1.7866718007476151e-08,1.7817578814903534e-08,0.0027503200393074489,True,1.3029277143892195,-1,-9.3116168228470447e-08,-1,True,calibration__20210306T130000Z,0.858233673075396,1.321592780518311
100,initial_gap_q4_q1_burden_contrast,ABC,2.3279042057117612e-08,1.7866718007476151e-08,1.7866718007476151e-08,1.7817578814903534e-08,0.0027503200393074489,True,1.3029277143892195,1,9.3116168228470447e-08,1,True,calibration__20210306T130000Z,0.858233673075396,1.321592780518311
100,initial_gap_q4_q1_burden_contrast,AC,-2.3279042057117612e-08,1.7866718007476151e-08,1.7866718007476151e-08,1.7817578814903534e-08,0.0027503200393074489,True,1.3029277143892195,-1,-9.3116168228470447e-08,-1,True,calibration__20210306T130000Z,0.858233673075396,1.321592780518311
100,initial_gap_q4_q1_burden_contrast,B,-0.00040609440739676613,0.00080209337263745619,0.00075915015478425984,0.00080209337263745619,0.053538926162660809,True,0.50629318387389244,-1,-0.0027509464214425933,-1,True,calibration__20210218T110000Z,0.1596045359385744,11.842434255890744
100,initial_gap_q4_q1_burden_contrast,BC,-2.3279042057117969e-08,1.7866718007476283e-08,1.7866718007476283e-08,1.7817578814903686e-08,0.0027503200393063174,True,1.3029277143892299,-1,-9.3116168228471876e-08,-1,True,calibration__20210306T130000Z,0.85823367307538334,1.3215927805183427
100,initial_gap_q4_q1_burden_contrast,C,2.3279042057117969e-08,1.7866718007476283e-08,1.7866718007476283e-08,1.7817578814903686e-08,0.0027503200393063174,True,1.3029277143892299,1,9.3116168228471876e-08,1,True,calibration__20210306T130000Z,0.85823367307538334,1.3215927805183427
100,maximum_downside_deviation_mean,A,-4.2253349737318252e-06,4.7538657015696814e-07,4.7088829571661244e-07,4.7538657015696814e-07,0.0094623506904505505,True,8.8882085422326078,-1,-4.5921939194082685e-06,-1,True,calibration__20210616T110000Z,0.36194881804282486,4.3636627136908253
100,maximum_downside_deviation_mean,AB,4.2253349737318252e-06,4.7538657015696814e-07,4.7088829571661244e-07,4.7538657015696814e-07,0.0094623506904505505,True,8.8882085422326078,1,4.5921939194082685e-06,1,True,calibration__20210616T110000Z,0.36194881804282486,4.3636627136908253
100,maximum_downside_deviation_mean,ABC,-4.2253349737318252e-06,4.7538657015696814e-07,4.7088829571661244e-07,4.7538657015696814e-07,0.0094623506904505505,True,8.8882085422326078,-1,-4.5921939194082685e-06,-1,True,calibration__20210616T110000Z,0.36194881804282486,4.3636627136908253
100,maximum_downside_deviation_mean,AC,4.2253349737318252e-06,4.7538657015696814e-07,4.7088829571661244e-07,4.7538657015696814e-07,0.0094623506904505505,True,8.8882085422326078,1,4.5921939194082685e-06,1,True,calibration__20210616T110000Z,0.36194881804282486,4.3636627136908253
100,maximum_downside_deviation_mean,B,-0.00017026170120469557,6.0987397356466304e-06,6.0976868884074135e-06,6.0987397356466304e-06,0.00017263357428800452,True,27.91752207583642,-1,-0.00016358015782565199,-1,True,calibration__20201206T020000Z,0.05898976898058849,50.791504708010677
100,maximum_downside_deviation_mean,BC,5.3235991407771798e-06,5.9767476604982339e-07,5.7735236109105176e-07,5.9767476604982339e-07,0.034002447674154453,True,8.9071840458685081,1,5.6565626903502296e-06,1,True,calibration__20210616T110000Z,0.41074238046414452,3.8329659802494764
100,maximum_downside_deviation_mean,C,-5.3235991407771798e-06,5.9767476604982339e-07,5.7735236109105176e-07,5.9767476604982339e-07,0.034002447674154453,True,8.9071840458685081,-1,-5.6565626903502296e-06,-1,True,calibration__20210616T110000Z,0.41074238046414452,3.8329659802494764
100,recovery_completion_hours_mean,A,-4.6720861486486482,0.1261258253693277,0.12285152157199404,0.1261258253693277,0.025960613440948275,True,37.043057081827776,-1,-4.4977829391891895,-1,True,calibration__20210920T030000Z,0.23343965811844622,6.5570638232242855
100,recovery_completion_hours_mean,AB,0.012563344594594595,0.015764837645823787,0.015056819669006969,0.015764837645823787,0.044911212707882037,True,0.79692191425280612,1,0.01488597972972973,1,True,calibration__20210616T110000Z,0.4170044657760858,3.9080507394732975
100,recovery_completion_hours_mean,ABC,-0.012563344594594595,0.015764837645823787,0.015056819669006969,0.015764837645823787,0.044911212707882037,True,0.79692191425280612,-1,-0.01488597972972973,-1,True,calibration__20210616T110000Z,0.4170044657760858,3.9080507394732975
100,recovery_completion_hours_mean,AC,4.6720861486486482,0.1261258253693277,0.12285152157199404,0.1261258253693277,0.025960613440948275,True,37.043057081827776,1,4.4977829391891895,1,True,calibration__20210920T030000Z,0.23343965811844622,6.5570638232242855
100,recovery_completion_hours_mean,B,-0.98004645270270274,0.053827772915086197,0.052071358668412726,0.053827772915086197,0.032630260394466454,True,18.207077863851715,-1,-0.86602618243243246,-1,True,calibration__20210707T220000Z,0.067285244867908114,43.413510612984823
100,recovery_completion_hours_mean,BC,0.056165540540540543,0.014271547340250863,0.014271547340250863,0.013523225770746173,0.052434508442834045,True,3.9354906094963962,1,0.031566722972972971,1,True,calibration__20210616T110000Z,0.27085045128370688,4.9838268877379814
100,recovery_completion_hours_mean,C,-5.4839527027027026,0.12834513325615146,0.12515902943863771,0.12834513325615146,0.024824500444087075,True,42.728170235779956,-1,-5.4021326013513518,-1,True,calibration__20210920T030000Z,0.24479182052987147,6.3526077143850381
103,failed_recovery_attempts_mean,A,-0.0042493665540540545,0.00078357290573681895,0.00074442249118323147,0.00078357290573681895,0.049963971784824639,True,5.4230646860590941,-1,-0.0040118243243243241,-1,True,calibration__20200511T090000Z,0.17514772985974322,12.976113371868131
103,failed_recovery_attempts_mean,AB,0.0042493665540540545,0.00078357290573681895,0.00074442249118323147,0.00078357290573681895,0.049963971784824639,True,5.4230646860590941,1,0.0040118243243243241,1,True,calibration__20200511T090000Z,0.17514772985974322,12.976113371868131
103,failed_recovery_attempts_mean,ABC,-0.0042493665540540545,0.00078357290573681895,0.00074442249118323147,0.00078357290573681895,0.049963971784824639,True,5.4230646860590941,-1,-0.0040118243243243241,-1,True,calibration__20200511T090000Z,0.17514772985974322,12.976113371868131
103,failed_recovery_attempts_mean,AC,0.0042493665540540545,0.00078357290573681895,0.00074442249118323147,0.00078357290573681895,0.049963971784824639,True,5.4230646860590941,1,0.0040118243243243241,1,True,calibration__20200511T090000Z,0.17514772985974322,12.976113371868131
103,failed_recovery_attempts_mean,B,-0.14181271114864866,0.0056476518941744056,0.0056476518941744056,0.005542491208911246,0.018620249128958103,True,25.110030470349901,-1,-0.15730574324324326,-1,True,calibration__20210719T120000Z,0.053939795102554491,44.400596800542267
103,failed_recovery_attempts_mean,BC,0.0047772381756756759,0.00084336949593538538,0.00079399694285008722,0.00084336949593538538,0.05854201903584242,True,5.6644664037525061,1,0.0044341216216216214,1,True,calibration__20200511T090000Z,0.20644201404296422,11.353468404006474
103,failed_recovery_attempts_mean,C,-0.0047772381756756759,0.00084336949593538538,0.00079399694285008722,0.00084336949593538538,0.05854201903584242,True,5.6644664037525061,-1,-0.0044341216216216214,-1,True,calibration__20200511T090000Z,0.20644201404296422,11.353468404006474
103,first_six_hour_burden_mean,A,-0.00021512879885016042,4.8399564367791082e-05,4.8399564367791082e-05,4.6953053234760637e-05,0.029886862659306672,True,4.4448499002053872,-1,-0.0002228546110375083,-1,True,calibration__20200511T090000Z,0.78380696944889061,1.5905413235375689
103,first_six_hour_burden_mean,AB,0.00021512879885016042,4.8399564367791082e-05,4.8399564367791082e-05,4.6953053234760637e-05,0.029886862659306672,True,4.4448499002053872,1,0.0002228546110375083,1,True,calibration__20200511T090000Z,0.78380696944889061,1.5905413235375689
103,first_six_hour_burden_mean,ABC,-0.00021512879885016042,4.8399564367791082e-05,4.8399564367791082e-05,4.6953053234760637e-05,0.029886862659306672,True,4.4448499002053872,-1,-0.0002228546110375083,-1,True,calibration__20200511T090000Z,0.78380696944889061,1.5905413235375689
103,first_six_hour_burden_mean,AC,0.00021512879885016042,4.8399564367791082e-05,4.8399564367791082e-05,4.6953053234760637e-05,0.029886862659306672,True,4.4448499002053872,1,0.0002228546110375083,1,True,calibration__20200511T090000Z,0.78380696944889061,1.5905413235375689
103,first_six_hour_burden_mean,B,-0.021776491236779424,0.0012889335488968561,0.0012723508018004611,0.0012889335488968561,0.012865478682425045,True,16.894968135026826,-1,-0.024253285906425604,-1,True,calibration__20200523T100000Z,0.21261013858300723,11.67270163753766
103,first_six_hour_burden_mean,BC,0.00030246051588904129,6.9527309519272314e-05,6.7694684628512335e-05,6.9527309519272314e-05,0.026358346143855779,True,4.3502404735681894,1,0.0002228546110375083,1,True,calibration__20200511T090000Z,0.88944644632881609,1.2580701708142308
103,first_six_hour_burden_mean,C,-0.00030246051588904129,6.9527309519272314e-05,6.7694684628512335e-05,6.9527309519272314e-05,0.026358346143855779,True,4.3502404735681894,-1,-0.0002228546110375083,-1,True,calibration__20200511T090000Z,0.88944644632881609,1.2580701708142308
103,initial_gap_q4_q1_burden_contrast,A,0.00023359228173957879,8.8048934678058957e-05,8.6628931038123006e-05,8.8048934678058957e-05,0.016127436920481037,True,2.6529824874506742,1,0.00018192614439056982,1,True,calibration__20210715T050000Z,0.38389695071131519,3.1098439448115571
103,initial_gap_q4_q1_burden_contrast,AB,-0.00023359228173957879,8.8048934678058957e-05,8.6628931038123006e-05,8.8048934678058957e-05,0.016127436920481037,True,2.6529824874506742,-1,-0.00018192614439056982,-1,True,calibration__20210715T050000Z,0.38389695071131519,3.1098439448115571
103,initial_gap_q4_q1_burden_contrast,ABC,0.00023359228173957879,8.8048934678058957e-05,8.6628931038123006e-05,8.8048934678058957e-05,0.016127436920481037,True,2.6529824874506742,1,0.00018192614439056982,1,True,calibration__20210715T050000Z,0.38389695071131519,3.1098439448115571
103,initial_gap_q4_q1_burden_contrast,AC,-0.00023359228173957879,8.8048934678058957e-05,8.6628931038123006e-05,8.8048934678058957e-05,0.016127436920481037,True,2.6529824874506742,-1,-0.00018192614439056982,-1,True,calibration__20210715T050000Z,0.38389695071131519,3.1098439448115571
103,initial_gap_q4_q1_burden_contrast,B,0.019939467446059629,0.003646288930655378,0.0035223913877239074,0.003646288930655378,0.033979079905003977,True,5.4684277152100895,1,0.012356889674859237,1,True,calibration__20210715T050000Z,0.2404864606166795,8.2430812133658247
103,initial_gap_q4_q1_burden_contrast,BC,-0.00023359228173957879,8.8048934678058944e-05,8.6628931038123006e-05,8.8048934678058944e-05,0.016127436920480888,True,2.6529824874506747,-1,-0.00018192614439056982,-1,True,calibration__20210715T050000Z,0.38389695071131524,3.109843944811558
103,initial_gap_q4_q1_burden_contrast,C,0.00023359228173957879,8.8048934678058944e-05,8.6628931038123006e-05,8.8048934678058944e-05,0.016127436920480888,True,2.6529824874506747,1,0.00018192614439056982,1,True,calibration__20210715T050000Z,0.38389695071131524,3.109843944811558
103,maximum_downside_deviation_mean,A,-0.006558142445889651,0.00022960561751827601,0.00022960561751827601,0.0002238053240026107,0.02526198434671844,True,28.562639349917646,-1,-0.0068454692290644435,-1,True,calibration__20210616T110000Z,0.1041808497622152,13.967034794085738
103,maximum_downside_deviation_mean,AB,0.0064797535100788416,0.00023105261534877631,0.00023105261534877631,0.00022791021999153449,0.013600345326099618,True,28.044493243660483,1,0.0068454692290644435,1,True,calibration__20210616T110000Z,0.11476219256343849,13.805950318345351
103,maximum_downside_deviation_mean,ABC,-0.0064797535100788416,0.00023105261534877631,0.00023105261534877631,0.00022791021999153449,0.013600345326099618,True,28.044493243660483,-1,-0.0068454692290644435,-1,True,calibration__20210616T110000Z,0.11476219256343849,13.805950318345351
103,maximum_downside_deviation_mean,AC,0.006558142445889651,0.00022960561751827601,0.00022960561751827601,0.0002238053240026107,0.02526198434671844,True,28.562639349917646,1,0.0068454692290644435,1,True,calibration__20210616T110000Z,0.1041808497622152,13.967034794085738
103,maximum_downside_deviation_mean,B,-0.078836393706884431,0.0014588332190700237,0.0014588332190700237,0.0014123944759739638,0.031832797943594733,True,54.040717387242537,-1,-0.080974253963389531,-1,True,calibration__20200523T100000Z,0.040889663823782348,44.361760411977521
103,maximum_downside_deviation_mean,BC,0.0077601267381694605,0.00027368343540887523,0.0002654157072841269,0.00027368343540887523,0.030209092166636167,True,28.354389539783629,1,0.0082044181077627377,1,True,calibration__20210616T110000Z,0.15001111425477312,11.673673676677117
103,maximum_downside_deviation_mean,C,-0.0078385156739802717,0.00026989639150363701,0.00026602277990218475,0.00026989639150363701,0.014352217085496152,True,29.042684232681353,-1,-0.0082044181077627377,-1,True,calibration__20210616T110000Z,0.15434165338256961,11.575220385633997
103,recovery_completion_hours_mean,A,-10.893369932432432,0.32256185545490612,0.32256185545490612,0.31566842412163781,0.021370881946182266,True,33.771413910890388,-1,-11.098184121621621,-1,True,calibration__20210616T110000Z,0.10970886325578481,13.633028710667695
103,recovery_completion_hours_mean,AB,6.2029666385135132,0.29309158362667997,0.29309158362667997,0.28328689959613762,0.033452629069795778,True,21.163919351619555,1,6.6152871621621623,1,True,calibration__20200509T220000Z,0.11359247388157367,12.895020189327047
103,recovery_completion_hours_mean,ABC,-6.2029666385135132,0.29309158362667997,0.29309158362667997,0.28328689959613762,0.033452629069795778,True,21.163919351619555,-1,-6.6152871621621623,-1,True,calibration__20200509T220000Z,0.11359247388157367,12.895020189327047
103,recovery_completion_hours_mean,AC,10.893369932432432,0.32256185545490612,0.32256185545490612,0.31566842412163781,0.021370881946182266,True,33.771413910890388,1,11.098184121621621,1,True,calibration__20210616T110000Z,0.10970886325578481,13.633028710667695
103,recovery_completion_hours_mean,B,-98.029244087837839,1.9512386002143773,1.9512386002143773,1.8803760947331396,0.036316678787234047,True,50.239496121626352,-1,-101.05764358108108,-1,True,calibration__20200523T100000Z,0.045046846938084063,43.35696418776498
103,recovery_completion_hours_mean,BC,7.4409839527027026,0.33934368122662639,0.33920246713310687,0.33934368122662639,0.00041613886255102543,True,21.927574799111511,1,8.0508868243243246,1,True,calibration__20210920T030000Z,0.16645985248701134,10.399009592096556
103,recovery_completion_hours_mean,C,-12.89965160472973,0.37134836811239558,0.3687517109869064,0.37134836811239558,0.0069925098599147462,True,34.737332145284689,-1,-13.421452702702704,-1,True,calibration__20210616T110000Z,0.1599855719291273,11.008445751111395
116,failed_recovery_attempts_mean,A,-0.0033783783783783786,0.00039280890517269848,0.00039280890517269848,0.00038942902670667572,0.0086043835094237551,True,8.6005646356033445,-1,-0.0042229729729729732,-1,True,calibration__20200511T090000Z,0.17998578030572338,10.200538762779248
116,failed_recovery_attempts_mean,AB,0.0031672297297297299,0.00040315954028803192,0.00039647827757123577,0.00040315954028803192,0.016572255023464939,True,7.8560207888592819,1,0.0040118243243243241,1,True,calibration__20200511T090000Z,0.17666969083676456,10.42597385715006
116,failed_recovery_attempts_mean,ABC,-0.0031672297297297299,0.00040315954028803192,0.00039647827757123577,0.00040315954028803192,0.016572255023464939,True,7.8560207888592819,-1,-0.0040118243243243241,-1,True,calibration__20200511T090000Z,0.17666969083676456,10.42597385715006
116,failed_recovery_attempts_mean,AC,0.0033783783783783786,0.00039280890517269848,0.00039280890517269848,0.00038942902670667572,0.0086043835094237551,True,8.6005646356033445,1,0.0042229729729729732,1,True,calibration__20200511T090000Z,0.17998578030572338,10.200538762779248
116,failed_recovery_attempts_mean,B,-0.24952491554054054,0.0047690071310140525,0.0047690071310140525,0.0044718027057641619,0.062319979208480411,True,52.322193841526733,-1,-0.25147804054054052,-1,True,calibration__20200802T100000Z,0.032842601225857519,55.85558234064753
116,failed_recovery_attempts_mean,BC,0.0034311655405405406,0.00042393074804476566,0.00042121783338376672,0.00042393074804476566,0.0063994288536779308,True,8.0936935015108205,1,0.0044341216216216214,1,True,calibration__20200511T090000Z,0.23913312310641191,9.0532429619389454
116,failed_recovery_attempts_mean,C,-0.0036423141891891893,0.00041776581305515511,0.00041776581305515511,0.00040982557038852808,0.019006444324774687,True,8.7185549304588896,-1,-0.0046452702702702705,-1,True,calibration__20200511T090000Z,0.24310138915079516,8.8518974824690275
116,first_six_hour_burden_mean,A,-0.00092436854113538797,0.00013316691037217141,0.00013316691037217141,0.00013138802787520512,0.013358292176297493,True,6.9414281562288025,-1,-0.00077773415827142351,-1,True,calibration__20210613T040000Z,0.25924528346952475,7.206762557275959
116,first_six_hour_burden_mean,AB,0.00092436854113538797,0.00013316691037217141,0.00013316691037217141,0.00013138802787520512,0.013358292176297493,True,6.9414281562288025,1,0.00077773415827142351,1,True,calibration__20210613T040000Z,0.25924528346952475,7.206762557275959
116,first_six_hour_burden_mean,ABC,-0.00092436854113538797,0.00013316691037217141,0.00013316691037217141,0.00013138802787520512,0.013358292176297493,True,6.9414281562288025,-1,-0.00077773415827142351,-1,True,calibration__20210613T040000Z,0.25924528346952475,7.206762557275959
116,first_six_hour_burden_mean,AC,0.00092436854113538797,0.00013316691037217141,0.00013316691037217141,0.00013138802787520512,0.013358292176297493,True,6.9414281562288025,1,0.00077773415827142351,1,True,calibration__20210613T040000Z,0.25924528346952475,7.206762557275959
116,first_six_hour_burden_mean,B,-0.14043283779304391,0.0030765589645733774,0.0030765589645733774,0.0029665846717060315,0.035745875224138898,True,45.646073879984144,-1,-0.13707753457018149,-1,True,calibration__20210605T110000Z,0.037138494245922533,46.796277860340005
116,first_six_hour_burden_mean,BC,0.00098623127182900826,0.00013690082295385751,0.00013690082295385751,0.00013230549450374453,0.033566843142074004,True,7.203983515580604,1,0.00084589409920320156,1,True,calibration__20210613T040000Z,0.24529652379877642,7.5892712879875281
116,first_six_hour_burden_mean,C,-0.00098623127182900826,0.00013690082295385751,0.00013690082295385751,0.00013230549450374453,0.033566843142074004,True,7.203983515580604,-1,-0.00084589409920320156,-1,True,calibration__20210613T040000Z,0.24529652379877642,7.5892712879875281
116,initial_gap_q4_q1_burden_contrast,A,0.00012784292946288532,0.0003169513989479246,0.0003169513989479246,0.00030609475224188068,0.034253348437902544,True,0.40335183844350225,1,0.00050997711042258535,1,True,calibration__20210710T100000Z,0.41240701678514302,3.4326500643204034
116,initial_gap_q4_q1_burden_contrast,AB,-0.00012784292946288532,0.0003169513989479246,0.0003169513989479246,0.00030609475224188068,0.034253348437902544,True,0.40335183844350225,-1,-0.00050997711042258557,-1,True,calibration__20210710T100000Z,0.41240701678514302,3.4326500643204034
116,initial_gap_q4_q1_burden_contrast,ABC,0.00012784292946288532,0.0003169513989479246,0.0003169513989479246,0.00030609475224188068,0.034253348437902544,True,0.40335183844350225,1,0.00050997711042258557,1,True,calibration__20210710T100000Z,0.41240701678514302,3.4326500643204034
116,initial_gap_q4_q1_burden_contrast,AC,-0.00012784292946288532,0.0003169513989479246,0.0003169513989479246,0.00030609475224188068,0.034253348437902544,True,0.40335183844350225,-1,-0.00050997711042258557,-1,True,calibration__20210710T100000Z,0.41240701678514302,3.4326500643204034
116,initial_gap_q4_q1_burden_contrast,B,0.083239956671506396,0.0085438920145574134,0.0085438920145574134,0.0083806351451398281,0.019108021161716691,True,9.7426274266667861,1,0.080245101091204044,1,True,calibration__20210605T110000Z,0.073046517191838134,23.174241803972272
116,initial_gap_q4_q1_burden_contrast,BC,-0.00012784292946288532,0.0003169513989479246,0.0003169513989479246,0.00030609475224188068,0.034253348437902544,True,0.40335183844350225,-1,-0.00050997711042258568,-1,True,calibration__20210710T100000Z,0.41240701678514302,3.4326500643204034
116,initial_gap_q4_q1_burden_contrast,C,0.00012784292946288532,0.0003169513989479246,0.0003169513989479246,0.00030609475224188068,0.034253348437902544,True,0.40335183844350225,1,0.00050997711042258557,1,True,calibration__20210710T100000Z,0.41240701678514302,3.4326500643204034
116,maximum_downside_deviation_mean,A,-0.005134463387902956,0.00020900769423184173,0.00020900769423184173,0.00020753771976875156,0.0070331117162586495,True,24.56590608672786,-1,-0.0055917440878378386,-1,True,calibration__20200511T090000Z,0.11605141797528497,14.42284892155171
116,maximum_downside_deviation_mean,AB,0.0018943873743894426,0.00020851979410500384,0.00020154371162225946,0.00020851979410500384,0.033455253074110819,True,9.0849282799286204,1,0.0024561866554054053,1,True,calibration__20200511T090000Z,0.12480629619139896,14.317027299349551
116,maximum_downside_deviation_mean,ABC,-0.0018943873743894426,0.00020851979410500384,0.00020154371162225946,0.00020851979410500384,0.033455253074110819,True,9.0849282799286204,-1,-0.0024561866554054053,-1,True,calibration__20200511T090000Z,0.12480629619139896,14.317027299349551
116,maximum_downside_deviation_mean,AC,0.005134463387902956,0.00020900769423184173,0.00020900769423184173,0.00020753771976875156,0.0070331117162586495,True,24.56590608672786,1,0.0055917440878378386,1,True,calibration__20200511T090000Z,0.11605141797528497,14.42284892155171
116,maximum_downside_deviation_mean,B,-0.25085798893703587,0.0021549197177454199,0.0019923818291611014,0.0021549197177454199,0.075426424124223693,True,116.41175625767418,-1,-0.25288309494122924,-1,True,calibration__20200804T130000Z,0.022183601738387199,56.959238203637661
116,maximum_downside_deviation_mean,BC,0.0017376095027678209,0.00023271723318444581,0.0002181203257751014,0.00023271723318444581,0.062723792344915291,True,7.4666129318864645,1,0.0022471494932432431,1,True,calibration__20200511T090000Z,0.14181257970601538,12.922079945802555
116,maximum_downside_deviation_mean,C,-0.0059706120365516004,0.0002245807987480125,0.0002245807987480125,0.00021844214155044393,0.027333847024279035,True,26.58558554353899,-1,-0.0064278927364864822,-1,True,calibration__20200511T090000Z,0.13377094294532049,13.316741181563835
116,recovery_completion_hours_mean,A,-8.0207189611486491,0.29347321895253992,0.29347321895253992,0.28727169937820629,0.021131466770521662,True,27.330326732286085,-1,-8.6101140202702702,-1,True,calibration__20210926T070000Z,0.11542758380327972,15.235632983544109
116,recovery_completion_hours_mean,AB,1.6239706503378379,0.28764419059358642,0.27531225373307489,0.28764419059358642,0.042872191630441717,True,5.6457620332487517,1,2.4388724662162162,1,True,calibration__20210926T070000Z,0.13003944087890176,14.619568626566133
116,recovery_completion_hours_mean,ABC,-1.6239706503378379,0.28764419059358642,0.27531225373307489,0.28764419059358642,0.042872191630441717,True,5.6457620332487517,-1,-2.4388724662162162,-1,True,calibration__20210926T070000Z,0.13003944087890176,14.619568626566133
116,recovery_completion_hours_mean,AC,8.0207189611486491,0.29347321895253992,0.29347321895253992,0.28727169937820629,0.021131466770521662,True,27.330326732286085,1,8.6101140202702702,1,True,calibration__20210926T070000Z,0.11542758380327972,15.235632983544109
116,recovery_completion_hours_mean,B,-340.07255595439187,2.982450181993173,2.7510084630975249,2.982450181993173,0.077601201955693866,True,114.02455538322562,-1,-342.80542652027026,-1,True,calibration__20210827T000000Z,0.022921038024750599,56.493736243109595
116,recovery_completion_hours_mean,BC,1.3155880489864864,0.3237632102771989,0.298905121230708,0.3237632102771989,0.07677860935838865,True,4.0634266254652864,1,2.0347339527027026,1,True,calibration__20200511T090000Z,0.14599958431459151,12.753343845374644
116,recovery_completion_hours_mean,C,-9.2880331503378386,0.31588291570629279,0.31588291570629279,0.30180197116621255,0.044576467545249181,True,29.403404516418451,-1,-9.9086782094594597,-1,True,calibration__20200509T220000Z,0.13254593783956065,13.75849837353565
126,failed_recovery_attempts_mean,A,-0.0045396959459459455,0.00034433734351080959,0.00034205180500842468,0.00034433734351080959,0.0066374982134726548,True,13.183861789894518,-1,-0.00390625,-1,True,calibration__20210926T070000Z,0.21734646038443492,7.8073783636270599
126,failed_recovery_attempts_mean,AB,-0.0015308277027027027,0.00034511701826110225,0.00034511701826110225,0.00032852230837916122,0.04808429895910294,True,4.4356772390300883,-1,-0.0017947635135135136,-1,True,calibration__20210926T070000Z,0.21350280924748996,7.7637018451878017
126,failed_recovery_attempts_mean,ABC,0.0015308277027027027,0.00034511701826110225,0.00034511701826110225,0.00032852230837916122,0.04808429895910294,True,4.4356772390300883,1,0.0017947635135135136,1,True,calibration__20210926T070000Z,0.21350280924748996,7.7637018451878017
126,failed_recovery_attempts_mean,AC,0.0045396959459459455,0.00034433734351080959,0.00034205180500842468,0.00034433734351080959,0.0066374982134726548,True,13.183861789894518,1,0.00390625,1,True,calibration__20210926T070000Z,0.21734646038443492,7.8073783636270599
126,failed_recovery_attempts_mean,B,-0.21880278716216217,0.0036631049668620574,0.0036631049668620574,0.003482853583992591,0.049207266649493785,True,59.73150896344535,-1,-0.22117820945945946,-1,True,calibration__20200802T100000Z,0.029720252563281858,49.546932312884216
126,failed_recovery_attempts_mean,BC,-0.0015308277027027027,0.00035665378154149451,0.00035665378154149451,0.00033276918789854363,0.066968569742115722,True,4.2921953500291155,-1,-0.0017947635135135136,-1,True,calibration__20200511T090000Z,0.21522207848210445,7.3355102406937274
126,failed_recovery_attempts_mean,C,-0.0045396959459459455,0.00036415701654025391,0.00035368856484757248,0.00036415701654025391,0.02874708221233533,True,12.466314638328896,-1,-0.00390625,-1,True,calibration__20200511T090000Z,0.21884591774094544,7.3405861673448909
126,first_six_hour_burden_mean,A,-0.004511822006855684,0.00032528722071309716,0.00032528722071309716,0.00030722869401804225,0.055515635245266856,True,13.870271315807713,-1,-0.0049581185193015714,-1,True,calibration__20210208T030000Z,0.14549362588087864,10.523645993346616
126,first_six_hour_burden_mean,AB,0.0015567505166132415,0.00030263151937950163,0.00030263151937950163,0.00028426751955632965,0.060681054837990689,True,5.144046197848505,1,0.0022984532189995088,1,True,calibration__20200511T090000Z,0.14859888798704643,10.864777074030293
126,first_six_hour_burden_mean,ABC,-0.0015567505166132415,0.00030263151937950163,0.00030263151937950163,0.00028426751955632965,0.060681054837990689,True,5.144046197848505,-1,-0.0022984532189995088,-1,True,calibration__20200511T090000Z,0.14859888798704643,10.864777074030293
126,first_six_hour_burden_mean,AC,0.004511822006855684,0.00032528722071309716,0.00032528722071309716,0.00030722869401804225,0.055515635245266856,True,13.870271315807713,1,0.0049581185193015714,1,True,calibration__20210208T030000Z,0.14549362588087864,10.523645993346616
126,first_six_hour_burden_mean,B,-0.281149355667137,0.0036164228457436988,0.0036164228457436988,0.0034437477652184169,0.047747480836902022,True,77.742390107404617,-1,-0.28245909388566509,-1,True,calibration__20210204T040000Z,0.026788057553450071,54.589806170594471
126,first_six_hour_burden_mean,BC,0.0018372077507987855,0.00032012393675200134,0.00032012393675200134,0.00029876489674348402,0.066721158765031915,True,5.7390514731238689,1,0.0027207505162968062,1,True,calibration__20200511T090000Z,0.21667291937813199,9.3542545072876866
126,first_six_hour_burden_mean,C,-0.0047922792410412286,0.00034162153667312148,0.00034162153667312148,0.00032655925733740006,0.044090543829306855,True,14.028036076738021,-1,-0.0053804158165988688,-1,True,calibration__20200511T090000Z,0.19026129533829048,9.6284622918615455
126,initial_gap_q4_q1_burden_contrast,A,-9.6379788564057538e-05,0.00081880640968824919,0.00079278526588521159,0.00081880640968824919,0.031779360170061256,True,0.1177076625484075,-1,-0.00018556697250679023,-1,True,calibration__20210710T100000Z,0.3409330140710613,4.4638361240967237
126,initial_gap_q4_q1_burden_contrast,AB,0.002353960855824096,0.00073655986408413879,0.00066348021282923463,0.00073655986408413879,0.099217531144971685,True,3.1958853185016856,1,0.0039653160368411378,1,True,calibration__20210710T100000Z,0.23592735683022231,5.7984975134682344
126,initial_gap_q4_q1_burden_contrast,ABC,-0.002353960855824096,0.00073655986408413879,0.00066348021282923463,0.00073655986408413879,0.099217531144971685,True,3.1958853185016856,-1,-0.0039653160368411378,-1,True,calibration__20210710T100000Z,0.23592735683022231,5.7984975134682362
126,initial_gap_q4_q1_burden_contrast,AC,9.6379788564057538e-05,0.00081880640968824919,0.00079278526588521159,0.00081880640968824919,0.031779360170061256,True,0.1177076625484075,1,0.00018556697250679023,1,True,calibration__20210710T100000Z,0.3409330140710613,4.4638361240967237
126,initial_gap_q4_q1_burden_contrast,B,0.058345103377575036,0.010219789893138032,0.010219789893138032,0.010025575994315675,0.01900370759605929,True,5.7090315933745588,1,0.045389200739029412,1,True,calibration__20210204T040000Z,0.050882909273708296,28.020743748896503
126,initial_gap_q4_q1_burden_contrast,BC,0.002353960855824096,0.00073655986408413879,0.00066348021282923463,0.00073655986408413879,0.099217531144971685,True,3.1958853185016856,1,0.0039653160368411378,1,True,calibration__20210710T100000Z,0.23592735683022231,5.7984975134682362
126,initial_gap_q4_q1_burden_contrast,C,-9.6379788564057538e-05,0.00081880640968824919,0.00079278526588521159,0.00081880640968824919,0.031779360170061256,True,0.1177076625484075,-1,-0.00018556697250679023,-1,True,calibration__20210710T100000Z,0.3409330140710613,4.4638361240967237
126,maximum_downside_deviation_mean,A,-0.0038671875000000004,0.00019074880612166326,0.00018760863510522307,0.00019074880612166326,0.016462336411360419,True,20.273717978257928,-1,-0.0036581503378378378,-1,True,calibration__20210208T030000Z,0.13624560867572927,13.58600125390101
126,maximum_downside_deviation_mean,AB,-0.00052259290540540538,0.00017636843777852626,0.00017636843777852626,0.0001757271514037767,0.0036360608668249647,True,2.963074980919481,-1,-0.00062711148648648648,-1,True,calibration__20211210T180000Z,0.11458693397856896,14.738993455949165
126,maximum_downside_deviation_mean,ABC,0.00052259290540540538,0.00017636843777852626,0.00017636843777852626,0.0001757271514037767,0.0036360608668249647,True,2.963074980919481,1,0.00062711148648648648,1,True,calibration__20211210T180000Z,0.11458693397856896,14.738993455949165
126,maximum_downside_deviation_mean,AC,0.0038671875000000004,0.00019074880612166326,0.00018760863510522307,0.00019074880612166326,0.016462336411360419,True,20.273717978257928,1,0.0036581503378378378,1,True,calibration__20210208T030000Z,0.13624560867572927,13.58600125390101
126,maximum_downside_deviation_mean,B,-0.29840054898648649,0.0018225089273131438,0.0017426791724682649,0.0018225089273131438,0.043802120060157337,True,163.73063775682414,-1,-0.30080447635135138,-1,True,calibration__20210410T170000Z,0.028826340945300063,45.665994174324034
126,maximum_downside_deviation_mean,BC,-0.00041807432432432439,0.00018733620849760172,0.00018301036059801748,0.00018733620849760172,0.023091360363683349,True,2.2316792235585177,-1,-0.00041807432432432423,-1,True,calibration__20200511T090000Z,0.13575441412520067,14.347335572449555
126,maximum_downside_deviation_mean,C,-0.0039717060810810752,0.00020063863811486759,0.00019386584590335462,0.00020063863811486759,0.033756171169959173,True,19.795320175604633,-1,-0.0038671874999999943,-1,True,calibration__20210208T030000Z,0.12759261908167641,13.618456748361293
126,recovery_completion_hours_mean,A,-6.4659522804054053,0.2663661004326105,0.26518252009963406,0.2663661004326105,0.0044434345476176028,True,24.274681612652373,-1,-6.1464315878378377,-1,True,calibration__20210208T030000Z,0.13365784221101304,14.16717829229025
126,recovery_completion_hours_mean,AB,-1.8445418074324325,0.2477376057054686,0.2477376057054686,0.2423169247199338,0.021880735345361203,True,7.4455462753821058,-1,-1.9397170608108107,-1,True,calibration__20211210T180000Z,0.1144859453434893,15.206568654410926
126,recovery_completion_hours_mean,ABC,1.8445418074324325,0.2477376057054686,0.2477376057054686,0.2423169247199338,0.021880735345361203,True,7.4455462753821058,1,1.9397170608108107,1,True,calibration__20211210T180000Z,0.1144859453434893,15.206568654410926
126,recovery_completion_hours_mean,AC,6.4659522804054053,0.2663661004326105,0.26518252009963406,0.2663661004326105,0.0044434345476176028,True,24.274681612652373,1,6.1464315878378377,1,True,calibration__20210208T030000Z,0.13365784221101304,14.16717829229025
126,recovery_completion_hours_mean,B,-406.16918285472974,2.534553550743126,2.4148794984116084,2.534553550743126,0.047217014726885304,True,160.25275249585542,-1,-409.29402449324323,-1,True,calibration__20201112T180000Z,0.029165361553116807,45.361019726954318
126,recovery_completion_hours_mean,BC,-1.8436972128378379,0.25937168997388238,0.25704000154108725,0.25937168997388238,0.0089897568737356132,True,7.1083209313379205,-1,-1.8237964527027026,-1,True,calibration__20200511T090000Z,0.13284082963897809,14.814973493344874
126,recovery_completion_hours_mean,C,-6.7567039695945947,0.27927067677998607,0.27388575028705398,0.27927067677998607,0.019282104927809615,True,24.19410461384614,-1,-6.6137035472972974,-1,True,calibration__20210208T030000Z,0.12529835166737521,14.174791599159203
127,failed_recovery_attempts_mean,A,5.2787162162162165e-05,7.4799129680885333e-05,7.4578807759941186e-05,7.4799129680885333e-05,0.0029455144984186846,True,0.70571893533210117,1,0.00010557432432432433,1,True,calibration__20200317T160000Z,0.24852071005917165,6.4150788005839843
127,failed_recovery_attempts_mean,AB,-5.2787162162162165e-05,7.4799129680885333e-05,7.4578807759941186e-05,7.4799129680885333e-05,0.0029455144984186846,True,0.70571893533210117,-1,-0.00010557432432432433,-1,True,calibration__20200317T160000Z,0.24852071005917165,6.4150788005839843
127,failed_recovery_attempts_mean,ABC,5.2787162162162165e-05,7.4799129680885333e-05,7.4578807759941186e-05,7.4799129680885333e-05,0.0029455144984186846,True,0.70571893533210117,1,0.00010557432432432433,1,True,calibration__20200317T160000Z,0.24852071005917165,6.4150788005839843
127,failed_recovery_attempts_mean,AC,-5.2787162162162165e-05,7.4799129680885333e-05,7.4578807759941186e-05,7.4799129680885333e-05,0.0029455144984186846,True,0.70571893533210117,-1,-0.00010557432432432433,-1,True,calibration__20200317T160000Z,0.24852071005917165,6.4150788005839843
127,failed_recovery_attempts_mean,B,-0.24625211148648649,0.0052794456262119953,0.0051943124717345746,0.0052794456262119953,0.016125396586100231,True,46.643554820200407,-1,-0.23764780405405406,-1,True,calibration__20210605T110000Z,0.024656189683515191,61.756800490844647
127,failed_recovery_attempts_mean,BC,-5.2787162162162165e-05,7.4799129680885333e-05,7.4578807759941186e-05,7.4799129680885333e-05,0.0029455144984186846,True,0.70571893533210117,-1,-0.00010557432432432433,-1,True,calibration__20200317T160000Z,0.24852071005917165,6.4150788005839843
127,failed_recovery_attempts_mean,C,5.2787162162162165e-05,7.4799129680885333e-05,7.4578807759941186e-05,7.4799129680885333e-05,0.0029455144984186846,True,0.70571893533210117,1,0.00010557432432432433,1,True,calibration__20200317T160000Z,0.24852071005917165,6.4150788005839843
127,first_six_hour_burden_mean,A,-4.4480972647368257e-07,1.2461660639922215e-07,1.2461660639922215e-07,1.2353208701174292e-07,0.0087028480297791436,True,3.5694257717842897,-1,-5.3419848182731e-07,-1,True,calibration__20200511T090000Z,0.72677069855018184,1.7063944451286805
127,first_six_hour_burden_mean,AB,4.4480972647368257e-07,1.2461660639922215e-07,1.2461660639922215e-07,1.2353208701174292e-07,0.0087028480297791436,True,3.5694257717842897,1,5.3419848182731e-07,1,True,calibration__20200511T090000Z,0.72677069855018184,1.7063944451286805
127,first_six_hour_burden_mean,ABC,-4.4480972647368257e-07,1.2461660639922215e-07,1.2461660639922215e-07,1.2353208701174292e-07,0.0087028480297791436,True,3.5694257717842897,-1,-5.3419848182731e-07,-1,True,calibration__20200511T090000Z,0.72677069855018184,1.7063944451286805
127,first_six_hour_burden_mean,AC,4.4480972647368257e-07,1.2461660639922215e-07,1.2461660639922215e-07,1.2353208701174292e-07,0.0087028480297791436,True,3.5694257717842897,1,5.3419848182731e-07,1,True,calibration__20200511T090000Z,0.72677069855018184,1.7063944451286805
127,first_six_hour_burden_mean,B,-0.037093209435399177,0.001627654232616828,0.0015759851116453271,0.001627654232616828,0.031744531446602706,True,22.789366864339069,-1,-0.039288542553211687,-1,True,calibration__20200523T100000Z,0.13502517991578075,14.877730590150914
127,first_six_hour_burden_mean,BC,4.4920825568232438e-07,1.2515490279325715e-07,1.2515490279325715e-07,1.2395865714307229e-07,0.0095581205648886218,True,3.5892182060527791,1,5.3419848182730915e-07,1,True,calibration__20200511T090000Z,0.72053240160554088,1.7348993020565198
127,first_six_hour_burden_mean,C,-4.4920825568232438e-07,1.2515490279325715e-07,1.2515490279325715e-07,1.2395865714307229e-07,0.0095581205648886218,True,3.5892182060527791,-1,-5.3419848182730915e-07,-1,True,calibration__20200511T090000Z,0.72053240160554088,1.7348993020565198
127,initial_gap_q4_q1_burden_contrast,A,4.7408278055129721e-07,2.449555242713036e-07,2.449555242713036e-07,2.4383907013146291e-07,0.0045577830635252399,True,1.9353830943866397,1,8.0355717010470522e-07,1,True,calibration__20210715T050000Z,0.94036194138774021,1.1285460853119693
127,initial_gap_q4_q1_burden_contrast,AB,-4.7408278055129721e-07,2.449555242713036e-07,2.449555242713036e-07,2.4383907013146291e-07,0.0045577830635252399,True,1.9353830943866397,-1,-8.0355717010470522e-07,-1,True,calibration__20210715T050000Z,0.94036194138774021,1.1285460853119693
127,initial_gap_q4_q1_burden_contrast,ABC,4.7408278055129721e-07,2.449555242713036e-07,2.449555242713036e-07,2.4383907013146291e-07,0.0045577830635252399,True,1.9353830943866397,1,8.0355717010470522e-07,1,True,calibration__20210715T050000Z,0.94036194138774021,1.1285460853119693
127,initial_gap_q4_q1_burden_contrast,AC,-4.7408278055129721e-07,2.449555242713036e-07,2.449555242713036e-07,2.4383907013146291e-07,0.0045577830635252399,True,1.9353830943866397,-1,-8.0355717010470522e-07,-1,True,calibration__20210715T050000Z,0.94036194138774021,1.1285460853119693
127,initial_gap_q4_q1_burden_contrast,B,0.042714839602822081,0.0045780634525162478,0.0045780634525162478,0.004554558310790784,0.0051342979338883385,True,9.3303293075469842,1,0.028550837681955918,1,True,calibration__20210715T050000Z,0.21087515870636903,8.158878422906735
127,initial_gap_q4_q1_burden_contrast,BC,-4.740827805512853e-07,2.4495552427129582e-07,2.4495552427129582e-07,2.4383907013145523e-07,0.0045577830635249519,True,1.9353830943866526,-1,-8.0355717010470448e-07,-1,True,calibration__20210715T050000Z,0.94036194138773666,1.1285460853119775
127,initial_gap_q4_q1_burden_contrast,C,4.740827805512853e-07,2.4495552427129582e-07,2.4495552427129582e-07,2.4383907013145523e-07,0.0045577830635249519,True,1.9353830943866526,1,8.0355717010470448e-07,1,True,calibration__20210715T050000Z,0.94036194138773666,1.1285460853119775
127,maximum_downside_deviation_mean,A,-0.00077082471029375982,0.00010517873873153286,0.00010517873873153286,9.9721344452629657e-05,0.051886857978332632,True,7.3287122434627996,-1,-0.00088840793918918911,-1,True,calibration__20210710T100000Z,0.34941076418321659,4.9631395322278795
127,maximum_downside_deviation_mean,AB,0.00056178754813159773,8.8799332630068063e-05,8.8799332630068063e-05,8.5561876259336483e-05,0.03645811601105834,True,6.3264838990622394,1,0.00067937077702702703,1,True,calibration__20200505T100000Z,0.30543719106750539,6.1017591242733378
127,maximum_downside_deviation_mean,ABC,-0.00056178754813159773,8.8799332630068063e-05,8.8799332630068063e-05,8.5561876259336483e-05,0.03645811601105834,True,6.3264838990622394,-1,-0.00067937077702702703,-1,True,calibration__20200505T100000Z,0.30543719106750539,6.1017591242733378
127,maximum_downside_deviation_mean,AC,0.00077082471029375982,0.00010517873873153286,0.00010517873873153286,9.9721344452629657e-05,0.051886857978332632,True,7.3287122434627996,1,0.00088840793918918911,1,True,calibration__20210710T100000Z,0.34941076418321659,4.9631395322278795
127,maximum_downside_deviation_mean,B,-0.2440149484219955,0.0018435655782422166,0.0017683787311259355,0.0018435655782422166,0.040783386283426613,True,132.36033005924111,-1,-0.24546425215967893,-1,True,calibration__20211028T220000Z,0.027994572175010491,49.273734822958588
127,maximum_downside_deviation_mean,BC,0.00069243577448294894,0.00010522983978579573,0.00010522983978579573,0.00010079379325640598,0.042155785264138976,True,6.5802226430493551,1,0.00067937077702702703,1,True,calibration__20200509T220000Z,0.33001577861299858,5.2954245806752729
127,maximum_downside_deviation_mean,C,-0.00090147293664510908,0.00011937572947192749,0.00011937572947192749,0.0001111432257130836,0.068962960856962519,True,7.5515596062355401,-1,-0.00088840793918918738,-1,True,calibration__20210710T100000Z,0.27124398755011164,5.3977002751856409
127,recovery_completion_hours_mean,A,-2.1359269425675675,0.15537913525807409,0.15537913525807409,0.15048146857713809,0.031520748733742845,True,13.746549297110834,-1,-2.2644636824324325,-1,True,calibration__20210710T100000Z,0.31242060987920239,6.0735813891315491
127,recovery_completion_hours_mean,AB,-0.3236908783783784,0.12179138980344625,0.12179138980344625,0.11423277725428245,0.062061961534081472,True,2.6577484574301091,-1,-0.11138091216216216,-1,True,calibration__20200505T100000Z,0.25087080842976034,7.0121376457856952
127,recovery_completion_hours_mean,ABC,0.3236908783783784,0.12179138980344625,0.12179138980344625,0.11423277725428245,0.062061961534081472,True,2.6577484574301091,1,0.11138091216216216,1,True,calibration__20200505T100000Z,0.25087080842976034,7.0121376457856952
127,recovery_completion_hours_mean,AC,2.1359269425675675,0.15537913525807409,0.15537913525807409,0.15048146857713809,0.031520748733742845,True,13.746549297110834,1,2.2644636824324325,1,True,calibration__20210710T100000Z,0.31242060987920239,6.0735813891315491
127,recovery_completion_hours_mean,B,-330.11555109797297,2.5548551644243802,2.4505730548019193,2.5548551644243802,0.040817229514439453,True,129.21106280102944,-1,-332.11940456081084,-1,True,calibration__20211028T220000Z,0.028737454984704428,49.119564339510163
127,recovery_completion_hours_mean,BC,-0.28299197635135137,0.14533201515578589,0.14533201515578589,0.14057137998065608,0.032756961155645851,True,1.9472101590830038,-1,-0.28262246621621623,-1,True,calibration__20200509T220000Z,0.34234349524693847,5.2857869383258862
127,recovery_completion_hours_mean,C,-2.466532939189189,0.17509977609125818,0.17509977609125818,0.1642241714644655,0.062110899679989062,True,14.086442565772819,-1,-2.4445734797297298,-1,True,calibration__20210710T100000Z,0.24601064215003293,6.2039568709280077
134,failed_recovery_attempts_mean,A,0.00063344594594594598,0.00023625717570834634,0.00021676317011239663,0.00023625717570834634,0.082511803239426557,True,2.68117124505001,1,0.00095016891891891897,1,True,calibration__20200317T160000Z,0.26710249824889098,6.0050019616659238
134,failed_recovery_attempts_mean,AB,-0.00063344594594594598,0.00023625717570834634,0.00021676317011239663,0.00023625717570834634,0.082511803239426557,True,2.68117124505001,-1,-0.00095016891891891897,-1,True,calibration__20200317T160000Z,0.26710249824889098,6.0050019616659238
134,failed_recovery_attempts_mean,ABC,0.00063344594594594598,0.00023625717570834634,0.00021676317011239663,0.00023625717570834634,0.082511803239426557,True,2.68117124505001,1,0.00095016891891891897,1,True,calibration__20200317T160000Z,0.26710249824889098,6.0050019616659238
134,failed_recovery_attempts_mean,AC,-0.00063344594594594598,0.00023625717570834634,0.00021676317011239663,0.00023625717570834634,0.082511803239426557,True,2.68117124505001,-1,-0.00095016891891891897,-1,True,calibration__20200317T160000Z,0.26710249824889098,6.0050019616659238
134,failed_recovery_attempts_mean,B,-0.21853885135135134,0.0038159316279189185,0.00369520971485908,0.0038159316279189185,0.031636288285824508,True,57.270117145818759,-1,-0.22392314189189189,-1,True,calibration__20200802T100000Z,0.030620090578007238,47.482733650629235
134,failed_recovery_attempts_mean,BC,-0.00052787162162162165,0.00025535881659009721,0.00022349112507726772,0.00025535881659009721,0.12479573620512037,True,2.0671760179283836,-1,-0.00073902027027027031,-1,True,calibration__20200511T090000Z,0.26608829343290147,5.6972852996179908
134,failed_recovery_attempts_mean,C,0.00052787162162162165,0.00025535881659009721,0.00022349112507726772,0.00025535881659009721,0.12479573620512037,True,2.0671760179283836,1,0.00073902027027027031,1,True,calibration__20200511T090000Z,0.26608829343290147,5.6972852996179908
134,first_six_hour_burden_mean,A,-0.001464762831543804,0.00018055007671782301,0.00018055007671782301,0.00017800849598568639,0.014076874285181201,True,8.1127787823266537,-1,-0.0015439505926018902,-1,True,calibration__20210206T010000Z,0.20461201767776366,8.3383993464744215
134,first_six_hour_burden_mean,AB,0.0010952526964086689,0.00018114322988062006,0.00017304187542375952,0.00018114322988062006,0.044723473586065675,True,6.0463352515602162,1,0.00069935599800729554,1,True,calibration__20200317T160000Z,0.17838343048600602,9.0499997643727585
134,first_six_hour_burden_mean,ABC,-0.0010952526964086689,0.00018114322988062006,0.00017304187542375952,0.00018114322988062006,0.044723473586065675,True,6.0463352515602162,-1,-0.00069935599800729554,-1,True,calibration__20200317T160000Z,0.17838343048600602,9.0499997643727585
134,first_six_hour_burden_mean,AC,0.001464762831543804,0.00018055007671782301,0.00018055007671782301,0.00017800849598568639,0.014076874285181201,True,8.1127787823266537,1,0.0015439505926018902,1,True,calibration__20210206T010000Z,0.20461201767776366,8.3383993464744215
134,first_six_hour_burden_mean,B,-0.40859230217475129,0.0037577814809038215,0.0037577814809038215,0.0036699811392868504,0.023364940740474717,True,108.73232098543332,-1,-0.40872278615590829,-1,True,calibration__20210314T050000Z,0.025053592412981617,50.606982026983069
134,first_six_hour_burden_mean,BC,0.0011740308491637787,0.00018760524981813469,0.00018132815276804021,0.00018760524981813469,0.033459069275404187,True,6.2579850526671779,1,0.00069935599800729554,1,True,calibration__20200317T160000Z,0.20386741471137526,8.2656038664523557
134,first_six_hour_burden_mean,C,-0.0015435409842989138,0.00018850660078339326,0.00018850660078339326,0.00018333431236458169,0.027438235039604176,True,8.1882596040896516,-1,-0.00154395059260189,-1,True,calibration__20200317T160000Z,0.18863625505397252,7.9335869885388677
134,initial_gap_q4_q1_burden_contrast,A,-0.00078562555316142842,0.00040779721890920261,0.00040557753176658753,0.00040779721890920261,0.0054431149593232014,True,1.9265103260460208,-1,-0.0024671117732738821,-1,True,calibration__20210206T010000Z,0.61508474261672319,2.3084410623456382
134,initial_gap_q4_q1_burden_contrast,AB,-0.00065351918368067676,0.00035382855672138014,0.00035245132896191331,0.00035382855672138014,0.0038923589781118683,True,1.8469938936988795,-1,-0.00082236191093664412,-1,True,calibration__20210206T010000Z,0.49030004296972124,2.9709220861258347
134,initial_gap_q4_q1_burden_contrast,ABC,0.00065351918368067676,0.00035382855672138014,0.00035245132896191331,0.00035382855672138014,0.0038923589781118683,True,1.8469938936988795,1,0.00082236191093664401,1,True,calibration__20210206T010000Z,0.49030004296972124,2.9709220861258347
134,initial_gap_q4_q1_burden_contrast,AC,0.00078562555316142842,0.00040779721890920261,0.00040557753176658753,0.00040779721890920261,0.0054431149593232014,True,1.9265103260460208,1,0.0024671117732738821,1,True,calibration__20210206T010000Z,0.61508474261672319,2.3084410623456382
134,initial_gap_q4_q1_burden_contrast,B,-0.034411709010228275,0.010963354932430253,0.010545819683247889,0.010963354932430253,0.038084623890746266,True,3.1387936651066912,-1,-0.044926090079627223,-1,True,calibration__20210314T050000Z,0.048253476283490471,25.965828951786932
134,initial_gap_q4_q1_burden_contrast,BC,-0.00065351918368067676,0.00035382855672138014,0.00035245132896191331,0.00035382855672138014,0.0038923589781118683,True,1.8469938936988795,-1,-0.00082236191093664412,-1,True,calibration__20210206T010000Z,0.49030004296972124,2.9709220861258347
134,initial_gap_q4_q1_burden_contrast,C,-0.00078562555316142853,0.00040779721890920261,0.00040557753176658753,0.00040779721890920261,0.0054431149593232014,True,1.926510326046021,-1,-0.0024671117732738821,-1,True,calibration__20210206T010000Z,0.61508474261672319,2.3084410623456382
134,maximum_downside_deviation_mean,A,-0.00041807432432432428,7.2990859998008426e-05,7.2990859998008426e-05,6.6879546038289204e-05,0.083727112680765381,True,5.7277626861189406,-1,-0.00047033361486486489,-1,True,calibration__20210206T010000Z,0.522452068617558,3.2893648733514773
134,maximum_downside_deviation_mean,AB,-7.838893581081081e-05,7.616270774814463e-05,7.2990859998008426e-05,7.616270774814463e-05,0.041645679938597933,True,1.0292298964741102,-1,-0.00026129645270270269,-1,True,calibration__20210206T010000Z,0.522452068617558,3.2893648733514773
134,maximum_downside_deviation_mean,ABC,7.838893581081081e-05,7.616270774814463e-05,7.2990859998008426e-05,7.616270774814463e-05,0.041645679938597933,True,1.0292298964741102,1,0.00026129645270270269,1,True,calibration__20210206T010000Z,0.522452068617558,3.2893648733514773
134,maximum_downside_deviation_mean,AC,0.00041807432432432428,7.2990859998008426e-05,7.2990859998008426e-05,6.6879546038289204e-05,0.083727112680765381,True,5.7277626861189406,1,0.00047033361486486489,1,True,calibration__20210206T010000Z,0.522452068617558,3.2893648733514773
134,maximum_downside_deviation_mean,B,-0.33696790540540539,0.00090472972932618945,0.00089603917397774893,0.00090472972932618945,0.0096056922490133454,True,372.45145647680562,-1,-0.33858794341216214,-1,True,calibration__20210409T070000Z,0.07925273695135425,25.272931632611829
134,maximum_downside_deviation_mean,BC,0,8.8958112269252391e-05,8.5538319939453369e-05,8.8958112269252391e-05,0.038442725936542209,True,0,0,-0.00026129645270270269,-1,False,calibration__20210206T010000Z,0.38041880969875086,4.1861544111415574
134,maximum_downside_deviation_mean,C,-0.00049646326013512714,8.572666142238866e-05,8.5538319939453355e-05,8.572666142238866e-05,0.0021970000908739084,True,5.79123521081703,-1,-0.00047033361486485692,-1,True,calibration__20210206T010000Z,0.38041880969875075,4.1861544111415583
134,recovery_completion_hours_mean,A,-1.6578600084459461,0.11121824560358223,0.11121824560358223,0.10034508127294134,0.097764213701017774,True,14.906367201251266,-1,-1.6921452702702702,-1,True,calibration__20210206T010000Z,0.44359898681772614,4.4020269056007217
134,recovery_completion_hours_mean,AB,-1.186840160472973,0.11609131895861978,0.11098482009495236,0.11609131895861978,0.043986914004203917,True,10.223332555089815,-1,-1.4016047297297298,-1,True,calibration__20210206T010000Z,0.44546692173784136,4.3694853014140707
134,recovery_completion_hours_mean,ABC,1.186840160472973,0.11609131895861978,0.11098482009495236,0.11609131895861978,0.043986914004203917,True,10.223332555089815,1,1.4016047297297298,1,True,calibration__20210206T010000Z,0.44546692173784136,4.3694853014140707
134,recovery_completion_hours_mean,AC,1.6578600084459461,0.11121824560358223,0.11121824560358223,0.10034508127294134,0.097764213701017774,True,14.906367201251266,1,1.6921452702702702,1,True,calibration__20210206T010000Z,0.44359898681772614,4.4020269056007217
134,recovery_completion_hours_mean,B,-460.9535209037162,1.2624700270315417,1.2507601141069367,1.2624700270315417,0.0092753987610609875,True,365.12036803563632,-1,-463.17609797297297,-1,True,calibration__20210409T070000Z,0.08018246950321696,25.016573480575456
134,recovery_completion_hours_mean,BC,-1.2226826435810811,0.12957710806310715,0.1270916644892221,0.12957710806310715,0.019181193430205155,True,9.435946378627353,-1,-1.5772804054054055,-1,True,calibration__20210206T010000Z,0.33971012452773919,5.1826252639460657
134,recovery_completion_hours_mean,C,-1.9119246199324325,0.12805646191914427,0.12779165722464228,0.12805646191914427,0.0020678745182667203,True,14.930325196237538,-1,-1.8678209459459461,-1,True,calibration__20210206T010000Z,0.33599871876790394,5.256706164382277
171,failed_recovery_attempts_mean,A,-0.00021114864864864866,8.3200538323606018e-05,8.3200538323606018e-05,8.1670129886778669e-05,0.018394213158511918,True,2.5378279143746916,-1,-0.00031672297297297299,-1,True,calibration__20200505T100000Z,0.40253565768621236,3.3296482285991447
171,failed_recovery_attempts_mean,AB,0.00021114864864864866,8.3200538323606018e-05,8.3200538323606018e-05,8.1670129886778669e-05,0.018394213158511918,True,2.5378279143746916,1,0.00031672297297297299,1,True,calibration__20200505T100000Z,0.40253565768621236,3.3296482285991447
171,failed_recovery_attempts_mean,ABC,-0.00021114864864864866,8.3200538323606018e-05,8.3200538323606018e-05,8.1670129886778669e-05,0.018394213158511918,True,2.5378279143746916,-1,-0.00031672297297297299,-1,True,calibration__20200505T100000Z,0.40253565768621236,3.3296482285991447
171,failed_recovery_attempts_mean,AC,0.00021114864864864866,8.3200538323606018e-05,8.3200538323606018e-05,8.1670129886778669e-05,0.018394213158511918,True,2.5378279143746916,1,0.00031672297297297299,1,True,calibration__20200505T100000Z,0.40253565768621236,3.3296482285991447
171,failed_recovery_attempts_mean,B,-0.015941722972972971,0.0015702578325048127,0.0015625082848327058,0.0015702578325048127,0.0049352071434951234,True,10.152296420991812,-1,-0.013830236486486486,-1,True,calibration__20201206T020000Z,0.093715035475652325,30.435880698735193
171,failed_recovery_attempts_mean,BC,0.00021114864864864866,8.3200538323606018e-05,8.3200538323606018e-05,8.1670129886778669e-05,0.018394213158511918,True,2.5378279143746916,1,0.00031672297297297299,1,True,calibration__20200505T100000Z,0.40253565768621236,3.3296482285991447
171,failed_recovery_attempts_mean,C,-0.00021114864864864866,8.3200538323606018e-05,8.3200538323606018e-05,8.1670129886778669e-05,0.018394213158511918,True,2.5378279143746916,-1,-0.00031672297297297299,-1,True,calibration__20200505T100000Z,0.40253565768621236,3.3296482285991447
171,first_six_hour_burden_mean,A,0,0,0,0,0,True,0,0,0,0,True,calibration__20200128T020000Z,0,74
171,first_six_hour_burden_mean,AB,0,0,0,0,0,True,0,0,0,0,True,calibration__20200128T020000Z,0,74
171,first_six_hour_burden_mean,ABC,0,0,0,0,0,True,0,0,0,0,True,calibration__20200128T020000Z,0,74
171,first_six_hour_burden_mean,AC,0,0,0,0,0,True,0,0,0,0,True,calibration__20200128T020000Z,0,74
171,first_six_hour_burden_mean,B,-8.3734281607629734e-05,2.8145970929907677e-05,2.7865111496658137e-05,2.8145970929907677e-05,0.0099786727538718895,True,2.9750006427617808,-1,-0.00014503476063432183,-1,True,calibration__20210302T170000Z,0.58980991457133769,2.6208764798726025
171,first_six_hour_burden_mean,BC,0,0,0,0,0,True,0,0,0,0,True,calibration__20200128T020000Z,0,74
171,first_six_hour_burden_mean,C,0,0,0,0,0,True,0,0,0,0,True,calibration__20200128T020000Z,0,74
171,initial_gap_q4_q1_burden_contrast,A,0,0,0,0,0,True,0,0,0,0,True,calibration__20200509T220000Z,0,38
171,initial_gap_q4_q1_burden_contrast,AB,0,0,0,0,0,True,0,0,0,0,True,calibration__20200509T220000Z,0,38
171,initial_gap_q4_q1_burden_contrast,ABC,0,0,0,0,0,True,0,0,0,0,True,calibration__20200509T220000Z,0,38
171,initial_gap_q4_q1_burden_contrast,AC,0,0,0,0,0,True,0,0,0,0,True,calibration__20200509T220000Z,0,38
171,initial_gap_q4_q1_burden_contrast,B,-8.4507898267139012e-05,5.8115658751961246e-05,5.8115658751961246e-05,5.7860096576287222e-05,0.0043974753304400881,True,1.4541330182252661,-1,-8.9362442235603148e-05,-1,True,calibration__20200615T050000Z,0.57236591014502358,2.7239085100465625
171,initial_gap_q4_q1_burden_contrast,BC,0,0,0,0,0,True,0,0,0,0,True,calibration__20200509T220000Z,0,38
171,initial_gap_q4_q1_burden_contrast,C,0,0,0,0,0,True,0,0,0,0,True,calibration__20200509T220000Z,0,38
171,maximum_downside_deviation_mean,A,-3.9417684965703319e-07,9.4082642277449647e-08,9.4082642277449647e-08,8.8720695640694301e-08,0.0569918797661206,True,4.1896872804082816,-1,-4.9758473463926731e-07,-1,True,calibration__20210616T110000Z,0.33314564298624183,4.931098659361413
171,maximum_downside_deviation_mean,AB,3.9417684965703319e-07,9.4082642277449647e-08,9.4082642277449647e-08,8.8720695640694301e-08,0.0569918797661206,True,4.1896872804082816,1,4.9758473463926731e-07,1,True,calibration__20210616T110000Z,0.33314564298624183,4.931098659361413
171,maximum_downside_deviation_mean,ABC,-3.9417684965703319e-07,9.4082642277449647e-08,9.4082642277449647e-08,8.8720695640694301e-08,0.0569918797661206,True,4.1896872804082816,-1,-4.9758473463926731e-07,-1,True,calibration__20210616T110000Z,0.33314564298624183,4.931098659361413
171,maximum_downside_deviation_mean,AC,3.9417684965703319e-07,9.4082642277449647e-08,9.4082642277449647e-08,8.8720695640694301e-08,0.0569918797661206,True,4.1896872804082816,1,4.9758473463926731e-07,1,True,calibration__20210616T110000Z,0.33314564298624183,4.931098659361413
171,maximum_downside_deviation_mean,B,-1.6103624161847862e-05,1.4858109277899698e-06,1.4858109277899698e-06,1.38078403794087e-06,0.070686577871196074,True,10.838272798141801,-1,-1.8436203546811121e-05,-1,True,calibration__20210328T190000Z,0.27333201697917864,10.588445517996284
171,maximum_downside_deviation_mean,BC,4.613024495987305e-07,1.0523608872011236e-07,1.0254752745429437e-07,1.0523608872011236e-07,0.025547901851127579,True,4.3835005197277725,1,5.8446965133877569e-07,1,True,calibration__20210616T110000Z,0.42672103522589477,4.0233258704850021
171,maximum_downside_deviation_mean,C,-4.613024495987305e-07,1.0523608872011236e-07,1.0254752745429437e-07,1.0523608872011236e-07,0.025547901851127579,True,4.3835005197277725,-1,-5.8446965133877569e-07,-1,True,calibration__20210616T110000Z,0.42672103522589477,4.0233258704850021
171,recovery_completion_hours_mean,A,-4.6554581925675675,0.12478347938575675,0.1224306242305656,0.12478347938575675,0.018855502080668191,True,37.308289650873121,-1,-4.4824746621621623,-1,True,calibration__20210920T030000Z,0.23721579140090659,6.4953503611929388
171,recovery_completion_hours_mean,AB,-0.0040646114864864866,0.0058455787510897248,0.0058455787510897248,0.0057611175109315701,0.014448738739925381,True,0.69533089186913566,-1,-0.00042229729729729732,-1,True,calibration__20210616T110000Z,0.85727879738565449,1.3484343853561449
171,recovery_completion_hours_mean,ABC,0.0040646114864864866,0.0058455787510897248,0.0058455787510897248,0.0057611175109315701,0.014448738739925381,True,0.69533089186913566,1,0.00042229729729729732,1,True,calibration__20210616T110000Z,0.85727879738565449,1.3484343853561449
171,recovery_completion_hours_mean,AC,4.6554581925675675,0.12478347938575675,0.1224306242305656,0.12478347938575675,0.018855502080668191,True,37.308289650873121,1,4.4824746621621623,1,True,calibration__20210920T030000Z,0.23721579140090659,6.4953503611929388
171,recovery_completion_hours_mean,B,-0.1403610641891892,0.019598246908512751,0.017846337895504959,0.019598246908512751,0.089391108357086163,True,7.1619193718914502,-1,-0.091005067567567571,-1,True,calibration__20210616T110000Z,0.12782791612947,22.127899086186929
171,recovery_completion_hours_mean,BC,0.0051203547297297295,0.0050322814178013946,0.0050322814178013946,0.0049159411985839211,0.023118782428567481,True,1.0175016666629138,1,-0.0019003378378378379,-1,False,calibration__20210616T110000Z,0.78753046511446567,1.5806049102319755
171,recovery_completion_hours_mean,C,-5.4329075168918921,0.12838601147685752,0.1243593741456346,0.12838601147685752,0.031363520720859482,True,42.316974056563879,-1,-5.3686655405405403,-1,True,calibration__20210920T030000Z,0.24370864615629295,6.3006685490370309
193,failed_recovery_attempts_mean,A,-0.012167440878378379,0.0011570185279446816,0.0011046864286698341,0.0011570185279446816,0.045230130729029691,True,10.516202277237966,-1,-0.016680743243243243,-1,True,calibration__20210712T100000Z,0.14760626941211905,10.625117994913301
193,failed_recovery_attempts_mean,AB,0.012167440878378379,0.0011570185279446816,0.0011046864286698341,0.0011570185279446816,0.045230130729029691,True,10.516202277237966,1,0.016680743243243243,1,True,calibration__20210712T100000Z,0.14760626941211905,10.625117994913301
193,failed_recovery_attempts_mean,ABC,-0.012167440878378379,0.0011570185279446816,0.0011046864286698341,0.0011570185279446816,0.045230130729029691,True,10.516202277237966,-1,-0.016680743243243243,-1,True,calibration__20210712T100000Z,0.14760626941211905,10.625117994913301
193,failed_recovery_attempts_mean,AC,0.012167440878378379,0.0011570185279446816,0.0011046864286698341,0.0011570185279446816,0.045230130729029691,True,10.516202277237966,1,0.016680743243243243,1,True,calibration__20210712T100000Z,0.14760626941211905,10.625117994913301
193,failed_recovery_attempts_mean,B,-0.1205394847972973,0.0059234744717372263,0.0059234744717372263,0.0052887067081855638,0.10716139093370633,True,20.349456281516765,-1,-0.10705236486486487,-1,True,calibration__20200515T040000Z,0.06599089758082255,40.726586899635258
193,failed_recovery_attempts_mean,BC,0.014014991554054054,0.0012451413300868686,0.0012172744180104656,0.0012451413300868686,0.022380521313559502,True,11.25574359745675,1,0.016680743243243243,1,True,calibration__20200509T220000Z,0.19693340786341743,9.2256326621416793
193,failed_recovery_attempts_mean,C,-0.014014991554054054,0.0012451413300868686,0.0012172744180104656,0.0012451413300868686,0.022380521313559502,True,11.25574359745675,-1,-0.016680743243243243,-1,True,calibration__20200509T220000Z,0.19693340786341743,9.2256326621416793
193,first_six_hour_burden_mean,A,-2.6240754615374046e-05,1.1367338758824377e-05,1.1367338758824377e-05,1.1198114342121621e-05,0.014886898357928236,True,2.3084342933831854,-1,-3.9587372917124243e-05,-1,True,calibration__20211210T180000Z,0.50376822183102798,2.4250015062409478
193,first_six_hour_burden_mean,AB,2.6240754615374046e-05,1.1367338758824377e-05,1.1367338758824377e-05,1.1198114342121621e-05,0.014886898357928236,True,2.3084342933831854,1,3.9587372917124243e-05,1,True,calibration__20211210T180000Z,0.50376822183102798,2.4250015062409478
193,first_six_hour_burden_mean,ABC,-2.6240754615374046e-05,1.1367338758824377e-05,1.1367338758824377e-05,1.1198114342121621e-05,0.014886898357928236,True,2.3084342933831854,-1,-3.9587372917124243e-05,-1,True,calibration__20211210T180000Z,0.50376822183102798,2.4250015062409478
193,first_six_hour_burden_mean,AC,2.6240754615374046e-05,1.1367338758824377e-05,1.1367338758824377e-05,1.1198114342121621e-05,0.014886898357928236,True,2.3084342933831854,1,3.9587372917124243e-05,1,True,calibration__20211210T180000Z,0.50376822183102798,2.4250015062409478
193,first_six_hour_burden_mean,B,-0.014458518688321631,0.0010434434121561445,0.00098073252024327012,0.0010434434121561445,0.06009994522203195,True,13.856543172230989,-1,-0.017095488231281691,-1,True,calibration__20210715T050000Z,0.31742947227443585,7.5987249510941117
193,first_six_hour_burden_mean,BC,5.7402956109805088e-05,3.3093616288150371e-05,3.3093616288150371e-05,3.2918127095580553e-05,0.0053028110026360252,True,1.7345628114495004,1,3.9587372917124263e-05,1,True,calibration__20200511T090000Z,0.92837640120198139,1.1554365347472688
193,first_six_hour_burden_mean,C,-5.7402956109805088e-05,3.3093616288150371e-05,3.3093616288150371e-05,3.2918127095580553e-05,0.0053028110026360252,True,1.7345628114495004,-1,-3.9587372917124263e-05,-1,True,calibration__20200511T090000Z,0.92837640120198139,1.1554365347472688
193,initial_gap_q4_q1_burden_contrast,A,5.1109506795047478e-05,3.4009946326063958e-05,3.4009946326063958e-05,3.3845730033553485e-05,0.0048284784379275516,True,1.5027811659872881,1,7.210111864238691e-05,1,True,calibration__20211210T180000Z,0.85367530434672356,1.3506798406947831
193,initial_gap_q4_q1_burden_contrast,AB,-5.1109506795047478e-05,3.4009946326063958e-05,3.4009946326063958e-05,3.3845730033553485e-05,0.0048284784379275516,True,1.5027811659872881,-1,-7.210111864238691e-05,-1,True,calibration__20211210T180000Z,0.85367530434672356,1.3506798406947831
193,initial_gap_q4_q1_burden_contrast,ABC,5.1109506795047478e-05,3.4009946326063958e-05,3.4009946326063958e-05,3.3845730033553485e-05,0.0048284784379275516,True,1.5027811659872881,1,7.210111864238691e-05,1,True,calibration__20211210T180000Z,0.85367530434672356,1.3506798406947831
193,initial_gap_q4_q1_burden_contrast,AC,-5.1109506795047478e-05,3.4009946326063958e-05,3.4009946326063958e-05,3.3845730033553485e-05,0.0048284784379275516,True,1.5027811659872881,-1,-7.210111864238691e-05,-1,True,calibration__20211210T180000Z,0.85367530434672356,1.3506798406947831
193,initial_gap_q4_q1_burden_contrast,B,0.028325786580564928,0.0033235289238509134,0.0031394170518119998,0.0033235289238509134,0.055396500604419724,True,8.5228042931380141,1,0.030435735368511983,1,True,calibration__20210715T050000Z,0.46990126237328694,3.8579940511453805
193,initial_gap_q4_q1_burden_contrast,BC,-5.1109506795047498e-05,3.4009946326063978e-05,3.4009946326063978e-05,3.3845730033553491e-05,0.0048284784379279471,True,1.5027811659872878,-1,-7.210111864238695e-05,-1,True,calibration__20211210T180000Z,0.85367530434672356,1.3506798406947831
193,initial_gap_q4_q1_burden_contrast,C,5.1109506795047498e-05,3.4009946326063978e-05,3.4009946326063978e-05,3.3845730033553491e-05,0.0048284784379279471,True,1.5027811659872878,1,7.210111864238695e-05,1,True,calibration__20211210T180000Z,0.85367530434672356,1.3506798406947831
193,maximum_downside_deviation_mean,A,-0.0046797570483808519,0.00020173343086405545,0.00019359064467716974,0.00020173343086405545,0.040364089144813035,True,23.197726962441127,-1,-0.0050187977821405851,-1,True,calibration__20210920T030000Z,0.1455638617383232,10.547184271523209
193,maximum_downside_deviation_mean,AB,0.0046797570483808519,0.00020173343086405545,0.00019359064467716974,0.00020173343086405545,0.040364089144813035,True,23.197726962441127,1,0.0050187977821405851,1,True,calibration__20210920T030000Z,0.1455638617383232,10.547184271523209
193,maximum_downside_deviation_mean,ABC,-0.0046797570483808519,0.00020173343086405545,0.00019359064467716974,0.00020173343086405545,0.040364089144813035,True,23.197726962441127,-1,-0.0050187977821405851,-1,True,calibration__20210920T030000Z,0.1455638617383232,10.547184271523209
193,maximum_downside_deviation_mean,AC,0.0046797570483808519,0.00020173343086405545,0.00019359064467716974,0.00020173343086405545,0.040364089144813035,True,23.197726962441127,1,0.0050187977821405851,1,True,calibration__20210920T030000Z,0.1455638617383232,10.547184271523209
193,maximum_downside_deviation_mean,B,-0.035022645360680345,0.0010933765770127497,0.0010933765770127497,0.00097187504742308204,0.11112505256114598,True,32.03164042197325,-1,-0.032869695423551386,-1,True,calibration__20210715T050000Z,0.071047278911603867,34.537994795804046
193,maximum_downside_deviation_mean,BC,0.0059342618722079288,0.00022240772589430055,0.00022240772589430055,0.00021609198089742593,0.028397147497817476,True,26.681905263615668,1,0.006273225911161355,1,True,calibration__20210920T030000Z,0.17722465742054169,9.1094601234685975
193,maximum_downside_deviation_mean,C,-0.0059342618722079288,0.00022240772589430055,0.00022240772589430055,0.00021609198089742593,0.028397147497817476,True,26.681905263615668,-1,-0.006273225911161355,-1,True,calibration__20210920T030000Z,0.17722465742054169,9.1094601234685975
193,recovery_completion_hours_mean,A,-8.9088629645270263,0.29504437244280202,0.2790724053526723,0.29504437244280202,0.054134118735737202,True,30.194993691174769,-1,-9.202597128378379,-1,True,calibration__20210920T030000Z,0.15645696742997686,10.623011634377505
193,recovery_completion_hours_mean,AB,4.2493401604729728,0.24211810871573936,0.23902975499990173,0.24211810871573936,0.012755566827360001,True,17.550691201961865,1,4.7197001689189193,1,True,calibration__20210920T030000Z,0.17218203944857288,9.4716266795768806
193,recovery_completion_hours_mean,ABC,-4.2493401604729728,0.24211810871573936,0.23902975499990173,0.24211810871573936,0.012755566827360001,True,17.550691201961865,-1,-4.7197001689189193,-1,True,calibration__20210920T030000Z,0.17218203944857288,9.4716266795768806
193,recovery_completion_hours_mean,AC,8.9088629645270263,0.29504437244280202,0.2790724053526723,0.29504437244280202,0.054134118735737202,True,30.194993691174769,1,9.202597128378379,1,True,calibration__20210920T030000Z,0.15645696742997686,10.623011634377505
193,recovery_completion_hours_mean,B,-42.509897592905403,1.427343902944882,1.427343902944882,1.2725732931920013,0.10843259948324961,True,29.78251947915243,-1,-39.932326858108105,-1,True,calibration__20210715T050000Z,0.081832872077004987,35.551726295468335
193,recovery_completion_hours_mean,BC,5.5810546875,0.27736598589391265,0.27736598589391265,0.26524627453282612,0.043695737680402136,True,20.12162619548689,1,5.9205025337837842,1,True,calibration__20210920T030000Z,0.2014434521051347,7.98602028902563
193,recovery_completion_hours_mean,C,-11.008841849662161,0.3176820472256337,0.3176820472256337,0.31135029311922413,0.019931104579896018,True,34.653648028914681,-1,-11.291068412162161,-1,True,calibration__20210920T030000Z,0.19650971805522421,8.9293997567107173
203,failed_recovery_attempts_mean,A,-0.00026393581081081083,0.00024171969506191698,0.00023648923270929253,0.00024171969506191698,0.021638544394508925,True,1.0919085875199501,-1,-0.00031672297297297299,-1,True,calibration__20210926T070000Z,0.2495096116123971,7.7974784868520919
203,failed_recovery_attempts_mean,AB,0.00026393581081081083,0.00024171969506191698,0.00023648923270929253,0.00024171969506191698,0.021638544394508925,True,1.0919085875199501,1,0.00031672297297297299,1,True,calibration__20210926T070000Z,0.2495096116123971,7.7974784868520919
203,failed_recovery_attempts_mean,ABC,-0.00026393581081081083,0.00024171969506191698,0.00023648923270929253,0.00024171969506191698,0.021638544394508925,True,1.0919085875199501,-1,-0.00031672297297297299,-1,True,calibration__20210926T070000Z,0.2495096116123971,7.7974784868520919
203,failed_recovery_attempts_mean,AC,0.00026393581081081083,0.00024171969506191698,0.00023648923270929253,0.00024171969506191698,0.021638544394508925,True,1.0919085875199501,1,0.00031672297297297299,1,True,calibration__20210926T070000Z,0.2495096116123971,7.7974784868520919
203,failed_recovery_attempts_mean,B,-0.30854096283783783,0.0054034069269279584,0.0054034069269279584,0.0048571936772416786,0.10108682486307258,True,57.101189492173795,-1,-0.31492820945945948,-1,True,calibration__20210212T030000Z,0.03034777753479917,62.856772973285317
203,failed_recovery_attempts_mean,BC,0.00036951013513513516,0.000240627993456389,0.00023621073695100181,0.000240627993456389,0.018357201262985057,True,1.5356074321506759,1,0.00031672297297297299,1,True,calibration__20210926T070000Z,0.25009830908375941,7.8144652549065068
203,failed_recovery_attempts_mean,C,-0.00036951013513513516,0.000240627993456389,0.00023621073695100181,0.000240627993456389,0.018357201262985057,True,1.5356074321506759,-1,-0.00031672297297297299,-1,True,calibration__20210926T070000Z,0.25009830908375941,7.8144652549065068
203,first_six_hour_burden_mean,A,-7.5259754376273287e-05,1.5052947277713507e-05,1.4686596165407239e-05,1.5052947277713507e-05,0.02433750052713372,True,4.9996690340966232,-1,-6.5155380349058532e-05,-1,True,calibration__20210613T040000Z,0.29627914293571311,5.3787885518269611
203,first_six_hour_burden_mean,AB,7.5259754376273301e-05,1.5052947277713507e-05,1.4686596165407239e-05,1.5052947277713507e-05,0.02433750052713372,True,4.9996690340966241,1,6.5155380349058532e-05,1,True,calibration__20210613T040000Z,0.29627914293571306,5.3787885518269638
203,first_six_hour_burden_mean,ABC,-7.5259754376273301e-05,1.5052947277713507e-05,1.468659616540724e-05,1.5052947277713507e-05,0.024337500527133609,True,4.9996690340966241,-1,-6.5155380349058532e-05,-1,True,calibration__20210613T040000Z,0.296279142935713,5.3787885518269638
203,first_six_hour_burden_mean,AC,7.5259754376273301e-05,1.5052947277713507e-05,1.4686596165407239e-05,1.5052947277713507e-05,0.02433750052713372,True,4.9996690340966241,1,6.5155380349058532e-05,1,True,calibration__20210613T040000Z,0.29627914293571306,5.3787885518269638
203,first_six_hour_burden_mean,B,-0.1354823263696128,0.0030053403030750017,0.0028387862871674164,0.0030053403030750017,0.055419353254994357,True,45.080527563214751,-1,-0.13368644917073133,-1,True,calibration__20200520T160000Z,0.041704793157305478,39.875518545191476
203,first_six_hour_burden_mean,BC,8.0922801043053241e-05,1.5179603833332246e-05,1.4951964739267644e-05,1.5179603833332246e-05,0.014996379125833261,True,5.3310219378293855,1,7.2632897101265647e-05,1,True,calibration__20210613T040000Z,0.28585570092795126,5.6603404360345833
203,first_six_hour_burden_mean,C,-8.0922801043053241e-05,1.5179603833332246e-05,1.4951964739267644e-05,1.5179603833332246e-05,0.014996379125833261,True,5.3310219378293855,-1,-7.2632897101265647e-05,-1,True,calibration__20210613T040000Z,0.28585570092795126,5.6603404360345833
203,initial_gap_q4_q1_burden_contrast,A,7.9090998540576332e-05,4.3277970545997701e-05,4.279078286506792e-05,4.3277970545997701e-05,0.011257174834757501,True,1.8275117234648282,1,4.1205188145214987e-05,1,True,calibration__20210212T030000Z,0.34295159769094374,3.5068337354746353
203,initial_gap_q4_q1_burden_contrast,AB,-7.9090998540576319e-05,4.3277970545997715e-05,4.2790782865067926e-05,4.3277970545997715e-05,0.011257174834757654,True,1.8275117234648273,-1,-4.1205188145214987e-05,-1,True,calibration__20210212T030000Z,0.34295159769094363,3.5068337354746366
203,initial_gap_q4_q1_burden_contrast,ABC,7.9090998540576291e-05,4.3277970545997715e-05,4.2790782865067933e-05,4.3277970545997715e-05,0.011257174834757498,True,1.8275117234648268,1,4.1205188145214987e-05,1,True,calibration__20210212T030000Z,0.34295159769094352,3.5068337354746379
203,initial_gap_q4_q1_burden_contrast,AC,-7.9090998540576319e-05,4.3277970545997715e-05,4.2790782865067926e-05,4.3277970545997715e-05,0.011257174834757654,True,1.8275117234648273,-1,-4.1205188145214987e-05,-1,True,calibration__20210212T030000Z,0.34295159769094363,3.5068337354746366
203,initial_gap_q4_q1_burden_contrast,B,0.097467387032456956,0.0076096361726669679,0.0076096361726669679,0.0070672287394290484,0.071279023192487342,True,12.80841617402811,1,0.094451473810058265,1,True,calibration__20200520T160000Z,0.088039956728740265,19.463211838624016
203,initial_gap_q4_q1_burden_contrast,BC,-7.9090998540576332e-05,4.3277970545997695e-05,4.2790782865067906e-05,4.3277970545997695e-05,0.011257174834757659,True,1.8275117234648286,-1,-4.120518814521502e-05,-1,True,calibration__20210212T030000Z,0.34295159769094358,3.5068337354746362
203,initial_gap_q4_q1_burden_contrast,C,7.9090998540576332e-05,4.3277970545997695e-05,4.2790782865067906e-05,4.3277970545997695e-05,0.011257174834757659,True,1.8275117234648286,1,4.120518814521502e-05,1,True,calibration__20210212T030000Z,0.34295159769094358,3.5068337354746362
203,maximum_downside_deviation_mean,A,-0.001267282657650986,0.00012621542570923132,0.00012621542570923132,0.00012268414531962945,0.027978199730808274,True,10.040632121865098,-1,-0.0011496589098130647,-1,True,calibration__20200505T100000Z,0.20373363152305066,9.3469919433578976
203,maximum_downside_deviation_mean,AB,0.00074468975224558081,0.00012126250148132631,0.00012126250148132631,0.00011703244253063903,0.034883487467382297,True,6.1411379705065592,1,0.00073158458548874036,1,True,calibration__20200505T100000Z,0.22071637440766795,9.5146202899578149
203,maximum_downside_deviation_mean,ABC,-0.00074468975224558081,0.00012126250148132631,0.00012126250148132631,0.00011703244253063903,0.034883487467382297,True,6.1411379705065592,-1,-0.00073158458548874036,-1,True,calibration__20200505T100000Z,0.22071637440766795,9.5146202899578149
203,maximum_downside_deviation_mean,AC,0.001267282657650986,0.00012621542570923132,0.00012621542570923132,0.00012268414531962945,0.027978199730808274,True,10.040632121865098,1,0.0011496589098130647,1,True,calibration__20200505T100000Z,0.20373363152305066,9.3469919433578976
203,maximum_downside_deviation_mean,B,-0.29938143886878005,0.0017304464169368516,0.001721064170838098,0.0017304464169368516,0.0054218645587198249,True,173.00821102495036,-1,-0.30320898684328834,-1,True,calibration__20210217T040000Z,0.029729190038746842,48.761603217510533
203,maximum_downside_deviation_mean,BC,0.00087533797859693212,0.0001338234662590598,0.0001338234662590598,0.00013242017573985394,0.010486131905217019,True,6.5409901795730248,1,0.00073158458548874036,1,True,calibration__20200505T100000Z,0.18122706208950223,9.6023568322085069
203,maximum_downside_deviation_mean,C,-0.0013979308840023339,0.00013832736368139004,0.00013832736368139004,0.00013347171922274505,0.035102559099073199,True,10.105960576406225,-1,-0.0011496589098130613,-1,True,calibration__20200505T100000Z,0.16961778962807428,9.679432839608662
203,recovery_completion_hours_mean,A,-2.8116817989864864,0.18055809458353245,0.18055809458353245,0.17323349751894174,0.04056642866931727,True,15.572172521380395,-1,-2.6159206081081079,-1,True,calibration__20200505T100000Z,0.17231543503547886,10.529351652508268
203,recovery_completion_hours_mean,AB,-0.083746832770270271,0.16891291126869243,0.16845644373047039,0.16891291126869243,0.0027023839373411093,True,0.49579888323073695,-1,-0.050464527027027029,-1,True,calibration__20200505T100000Z,0.17294231312181207,10.999740516937647
203,recovery_completion_hours_mean,ABC,0.083746832770270271,0.16891291126869243,0.16845644373047039,0.16891291126869243,0.0027023839373411093,True,0.49579888323073695,1,0.050464527027027029,1,True,calibration__20200505T100000Z,0.17294231312181207,10.999740516937647
203,recovery_completion_hours_mean,AC,2.8116817989864864,0.18055809458353245,0.18055809458353245,0.17323349751894174,0.04056642866931727,True,15.572172521380395,1,2.6159206081081079,1,True,calibration__20200505T100000Z,0.17231543503547886,10.529351652508268
203,recovery_completion_hours_mean,B,-408.82699007601349,2.3983860808302562,2.3833935761233929,2.3983860808302562,0.0062510806023662836,True,170.45920727428867,-1,-414.07981418918916,-1,True,calibration__20210217T040000Z,0.030559404469863469,48.688453171527563
203,recovery_completion_hours_mean,BC,-0.0424144847972973,0.19061375082378157,0.18614923944710643,0.19061375082378157,0.023421769716931322,True,0.22251534642172066,-1,-0.22170608108108109,-1,True,calibration__20200509T220000Z,0.17896939195779243,10.06012894046159
203,recovery_completion_hours_mean,C,-3.1429212415540539,0.19798458016050971,0.19798458016050971,0.18832336207199135,0.048797831026465961,True,15.874575883667458,-1,-2.7960304054054053,-1,True,calibration__20200509T220000Z,0.15895902749375945,10.227515415521481
222,failed_recovery_attempts_mean,A,-0.00076541385135135134,0.00025197471268001995,0.00024118583356723988,0.00025197471268001995,0.042817308919727806,True,3.0376613716922556,-1,-0.0014780405405405406,-1,True,calibration__20200317T160000Z,0.3325789721829327,5.9762314848906826
222,failed_recovery_attempts_mean,AB,0.00050147804054054051,0.00025714617352795544,0.00024118583356723988,0.00025714617352795544,0.062067188252289685,True,1.9501672284694633,1,0.00084459459459459464,1,True,calibration__20200317T160000Z,0.3325789721829327,5.9762314848906826
222,failed_recovery_attempts_mean,ABC,-0.00050147804054054051,0.00025714617352795544,0.00024118583356723988,0.00025714617352795544,0.062067188252289685,True,1.9501672284694633,-1,-0.00084459459459459464,-1,True,calibration__20200317T160000Z,0.3325789721829327,5.9762314848906826
222,failed_recovery_attempts_mean,AC,0.00076541385135135134,0.00025197471268001995,0.00024118583356723988,0.00025197471268001995,0.042817308919727806,True,3.0376613716922556,1,0.0014780405405405406,1,True,calibration__20200317T160000Z,0.3325789721829327,5.9762314848906826
222,failed_recovery_attempts_mean,B,-0.23360958614864866,0.0043816806095825804,0.0043816806095825804,0.0042627031244994078,0.027153390601536088,True,53.315064917728776,-1,-0.24366554054054054,-1,True,calibration__20200802T100000Z,0.033932114628881772,50.275997211475797
222,failed_recovery_attempts_mean,BC,0.00060705236486486484,0.00027647123042396575,0.00025212704874685783,0.00027647123042396575,0.088053218556507176,True,2.1957162194921924,1,0.00084459459459459464,1,True,calibration__20200317T160000Z,0.30434032271982059,6.2372369931786267
222,failed_recovery_attempts_mean,C,-0.00087098817567567567,0.00027085905203125298,0.00025212704874685783,0.00027085905203125298,0.069157752506029443,True,3.2156509784106349,-1,-0.0014780405405405406,-1,True,calibration__20200317T160000Z,0.30434032271982059,6.2372369931786267
222,first_six_hour_burden_mean,A,-0.00070192966557273279,0.00012669852986329575,0.00011560872110936833,0.00012669852986329575,0.087529103659632235,True,5.5401563564320417,-1,-0.00064524782998901626,-1,True,calibration__20210624T020000Z,0.21030747904745892,6.9793741122247877
222,first_six_hour_burden_mean,AB,0.00065551332576062012,0.00012491803801331649,0.00011392506019014771,0.00012491803801331649,0.08800152482379614,True,5.2475474013668162,1,0.00053384861443994572,1,True,calibration__20210624T020000Z,0.21656954196179509,6.696091525536481
222,first_six_hour_burden_mean,ABC,-0.00065551332576062012,0.00012491803801331649,0.00011392506019014771,0.00012491803801331649,0.08800152482379614,True,5.2475474013668162,-1,-0.00053384861443994572,-1,True,calibration__20210624T020000Z,0.21656954196179509,6.696091525536481
222,first_six_hour_burden_mean,AC,0.00070192966557273279,0.00012669852986329575,0.00011560872110936833,0.00012669852986329575,0.087529103659632235,True,5.5401563564320417,1,0.00064524782998901626,1,True,calibration__20210624T020000Z,0.21030747904745892,6.9793741122247877
222,first_six_hour_burden_mean,B,-0.30963950380513683,0.0040393176961826443,0.0039183687832243484,0.0040393176961826443,0.029942906712338711,True,76.656387809694081,-1,-0.30425210845379452,-1,True,calibration__20210410T170000Z,0.02300721227128261,53.208093829135855
222,first_six_hour_burden_mean,BC,0.0006597718058580105,0.00012479415152531171,0.00011392154042793698,0.00012479415152531171,0.087124364118694009,True,5.2868808176815127,1,0.00053816776287136177,1,True,calibration__20210624T020000Z,0.21658292459448542,6.6955666153991595
222,first_six_hour_burden_mean,C,-0.00070618814567012316,0.00012656408929575294,0.00011560525260856016,0.00012656408929575294,0.086587251946200525,True,5.5796881216433674,-1,-0.00064956697842043221,-1,True,calibration__20210624T020000Z,0.21032009893431419,6.9788465416011363
222,initial_gap_q4_q1_burden_contrast,A,-0.0001817728869537661,0.00018109817963651869,0.00018015270899933634,0.00018109817963651869,0.0052207627877872914,True,1.0037256438391684,-1,-0.00072311273346020114,-1,True,calibration__20210206T010000Z,0.35495488416324111,3.2267871234664054
222,initial_gap_q4_q1_burden_contrast,AB,9.9345821185354666e-07,0.00016418360061744275,0.00016307311579034044,0.00016418360061744275,0.006763676901506188,True,0.0060508979466735021,1,0.00028924210447961115,1,True,calibration__20210605T110000Z,0.42531827744849049,3.1328239392622077
222,initial_gap_q4_q1_burden_contrast,ABC,-9.9345821185354666e-07,0.00016418360061744275,0.00016307311579034044,0.00016418360061744275,0.006763676901506188,True,0.0060508979466735021,-1,-0.00028924210447961115,-1,True,calibration__20210605T110000Z,0.42531827744849049,3.1328239392622077
222,initial_gap_q4_q1_burden_contrast,AC,0.0001817728869537661,0.00018109817963651869,0.00018015270899933634,0.00018109817963651869,0.0052207627877872914,True,1.0037256438391684,1,0.00072311273346020114,1,True,calibration__20210206T010000Z,0.35495488416324111,3.2267871234664054
222,initial_gap_q4_q1_burden_contrast,B,0.018640604487703272,0.011182327140848139,0.010878339920643451,0.011182327140848139,0.027184611608638005,True,1.6669700548833566,1,0.020266842832672771,1,True,calibration__20211015T090000Z,0.044276100874946725,27.533054726074052
222,initial_gap_q4_q1_burden_contrast,BC,9.9345821185357376e-07,0.00016418360061744275,0.00016307311579034044,0.00016418360061744275,0.006763676901506188,True,0.0060508979466736669,1,0.00028924210447961115,1,True,calibration__20210605T110000Z,0.42531827744849038,3.1328239392622081
222,initial_gap_q4_q1_burden_contrast,C,-0.00018177288695376612,0.00018109817963651869,0.00018015270899933631,0.00018109817963651869,0.0052207627877874406,True,1.0037256438391686,-1,-0.00072311273346020125,-1,True,calibration__20210206T010000Z,0.35495488416324117,3.2267871234664054
222,maximum_downside_deviation_mean,A,-0.00067937077702702703,9.2542140670585826e-05,9.2542140670585826e-05,8.3856267047115871e-05,0.093858576865952351,True,7.3412044729473447,-1,-0.00057485219594594593,-1,True,calibration__20200511T090000Z,0.21845574387947267,9.959503015638937
222,maximum_downside_deviation_mean,AB,0.0005487225506756756,9.2687259374549279e-05,9.2687259374549279e-05,8.7218753047412084e-05,0.058999547122641285,True,5.9201507777707336,1,0.00026129645270270269,1,True,calibration__20200511T090000Z,0.21777221526908633,9.9496847381714737
222,maximum_downside_deviation_mean,ABC,-0.0005487225506756756,9.2687259374549279e-05,9.2687259374549279e-05,8.7218753047412084e-05,0.058999547122641285,True,5.9201507777707336,-1,-0.00026129645270270269,-1,True,calibration__20200511T090000Z,0.21777221526908633,9.9496847381714737
222,maximum_downside_deviation_mean,AC,0.00067937077702702703,9.2542140670585826e-05,9.2542140670585826e-05,8.3856267047115871e-05,0.093858576865952351,True,7.3412044729473447,1,0.00057485219594594593,1,True,calibration__20200511T090000Z,0.21845574387947267,9.959503015638937
222,maximum_downside_deviation_mean,B,-0.31697872677364869,0.0012609751021254985,0.0012609751021254985,0.0012264637949315469,0.027368745929859634,True,251.37588064930833,-1,-0.31789326435810805,-1,True,calibration__20210409T070000Z,0.053913215470285714,35.34724906094236
222,maximum_downside_deviation_mean,BC,0.00065324113175675681,0.00010556775949626118,0.00010556775949626118,9.6801112152747766e-05,0.083042847412366477,True,6.1878847753692465,1,0.00036581503378378379,1,True,calibration__20200509T220000Z,0.24782923299565854,7.2809336569997392
222,maximum_downside_deviation_mean,C,-0.0007838893581081001,0.00010544036985230072,0.00010544036985230072,9.2629239175202034e-05,0.12150119252279104,True,7.434432933099159,-1,-0.00067937077702701911,-1,True,calibration__20200509T220000Z,0.24842843326885888,7.2686982116019596
222,recovery_completion_hours_mean,A,-2.0231207770270272,0.13701388877342824,0.13701388877342824,0.12133673396782713,0.11442018722295734,True,14.765808015073146,-1,-1.8377322635135136,-1,True,calibration__20200511T090000Z,0.19283714349447864,11.430310973645241
222,recovery_completion_hours_mean,AB,-0.3188872466216216,0.1348351104845977,0.1348351104845977,0.13066101119381021,0.030957065083313754,True,2.3650163928040708,-1,-0.68084881756756754,-1,True,calibration__20200511T090000Z,0.19758629531158153,11.20289819921603
222,recovery_completion_hours_mean,ABC,0.3188872466216216,0.1348351104845977,0.1348351104845977,0.13066101119381021,0.030957065083313754,True,2.3650163928040708,1,0.68084881756756754,1,True,calibration__20200511T090000Z,0.19758629531158153,11.20289819921603
222,recovery_completion_hours_mean,AC,2.0231207770270272,0.13701388877342824,0.13701388877342824,0.12133673396782713,0.11442018722295734,True,14.765808015073146,1,1.8377322635135136,1,True,calibration__20200511T090000Z,0.19283714349447864,11.430310973645241
222,recovery_completion_hours_mean,B,-433.17377533783781,1.7548353588117338,1.7548353588117338,1.7077771384008422,0.026816316513451441,True,246.84582126904277,-1,-434.36750422297297,-1,True,calibration__20210409T070000Z,0.054877550219497195,34.853280829218768
222,recovery_completion_hours_mean,BC,-0.31756756756756754,0.15251992657893504,0.15251992657893504,0.1442847925825291,0.053993823503081288,True,2.0821382142694245,-1,-0.70977618243243246,-1,True,calibration__20200509T220000Z,0.23118862123815315,8.18656698115824
222,recovery_completion_hours_mean,C,-2.3143475506756759,0.15421668264787503,0.15421668264787503,0.1326668213415314,0.13973754937751257,True,15.007115384267836,-1,-2.16015625,-1,True,calibration__20200509T220000Z,0.23654006125007165,8.1698898153896327
252,failed_recovery_attempts_mean,A,-0.0028241131756756759,0.00034140172180124152,0.00034140172180124152,0.00034093546855525384,0.0013657026787320093,True,8.2721116952064708,-1,-0.0033783783783783786,-1,True,calibration__20200511T090000Z,0.23794060896983396,7.4729669080402523
252,failed_recovery_attempts_mean,AB,0.0028241131756756759,0.00034140172180124152,0.00034140172180124152,0.00034093546855525384,0.0013657026787320093,True,8.2721116952064708,1,0.0033783783783783786,1,True,calibration__20200511T090000Z,0.23794060896983396,7.4729669080402523
252,failed_recovery_attempts_mean,ABC,-0.0028241131756756759,0.00034140172180124152,0.00034140172180124152,0.00034093546855525384,0.0013657026787320093,True,8.2721116952064708,-1,-0.0033783783783783786,-1,True,calibration__20200511T090000Z,0.23794060896983396,7.4729669080402523
252,failed_recovery_attempts_mean,AC,0.0028241131756756759,0.00034140172180124152,0.00034140172180124152,0.00034093546855525384,0.0013657026787320093,True,8.2721116952064708,1,0.0033783783783783786,1,True,calibration__20200511T090000Z,0.23794060896983396,7.4729669080402523
252,failed_recovery_attempts_mean,B,-0.2041015625,0.0039524013394072396,0.0039524013394072396,0.003626263616038732,0.082516347749598748,True,51.639888000495944,-1,-0.21494932432432431,-1,True,calibration__20200802T100000Z,0.031770454951650845,52.204638047254733
252,failed_recovery_attempts_mean,BC,0.0027713260135135134,0.00036138243206922745,0.00036138243206922745,0.00036027270529132228,0.003070782305467987,True,7.6686794032716854,1,0.0029560810810810812,1,True,calibration__20200511T090000Z,0.29837456424041342,6.5931450879739453
252,failed_recovery_attempts_mean,C,-0.0027713260135135134,0.00036138243206922745,0.00036138243206922745,0.00036027270529132228,0.003070782305467987,True,7.6686794032716854,-1,-0.0029560810810810812,-1,True,calibration__20200511T090000Z,0.29837456424041342,6.5931450879739453
252,first_six_hour_burden_mean,A,-0.0020059672708845483,0.0002155393828518652,0.00020357527617229863,0.0002155393828518652,0.055507752324730375,True,9.306731996459316,-1,-0.0021923163316784973,-1,True,calibration__20200511T090000Z,0.33291219747842826,5.870666319150085
252,first_six_hour_burden_mean,AB,0.0020059672708845483,0.0002155393828518652,0.00020357527617229863,0.0002155393828518652,0.055507752324730375,True,9.306731996459316,1,0.0021923163316784973,1,True,calibration__20200511T090000Z,0.33291219747842826,5.870666319150085
252,first_six_hour_burden_mean,ABC,-0.0020059672708845483,0.0002155393828518652,0.00020357527617229863,0.0002155393828518652,0.055507752324730375,True,9.306731996459316,-1,-0.0021923163316784973,-1,True,calibration__20200511T090000Z,0.33291219747842826,5.870666319150085
252,first_six_hour_burden_mean,AC,0.0020059672708845483,0.0002155393828518652,0.00020357527617229863,0.0002155393828518652,0.055507752324730375,True,9.306731996459316,1,0.0021923163316784973,1,True,calibration__20200511T090000Z,0.33291219747842826,5.870666319150085
252,first_six_hour_burden_mean,B,-0.1111066537993476,0.003069946365362473,0.002848490069980092,0.003069946365362473,0.072136861373548231,True,36.191724732698738,-1,-0.10717505170764786,-1,True,calibration__20210125T220000Z,0.042787475882768065,40.767513079316799
252,first_six_hour_burden_mean,BC,0.0023088214903548448,0.00022412339314263684,0.00022177009117502482,0.00022412339314263684,0.010500028286267851,True,10.301564053536627,1,0.0028079156952988951,1,True,calibration__20200511T090000Z,0.43729416572811874,4.2807716889456762
252,first_six_hour_burden_mean,C,-0.0023088214903548448,0.00022412339314263684,0.00022177009117502482,0.00022412339314263684,0.010500028286267851,True,10.301564053536627,-1,-0.0028079156952988951,-1,True,calibration__20200511T090000Z,0.43729416572811874,4.2807716889456762
252,initial_gap_q4_q1_burden_contrast,A,0.0011054605464226818,0.00040449930231708017,0.00038556225697702581,0.00040449930231708017,0.046816014840020508,True,2.7329108853595252,1,0.0011166985579965825,1,True,calibration__20210605T110000Z,0.37866807305085415,4.1135209337195677
252,initial_gap_q4_q1_burden_contrast,AB,-0.0011054605464226818,0.00040449930231708017,0.00038556225697702581,0.00040449930231708017,0.046816014840020508,True,2.7329108853595252,-1,-0.0011166985579965825,-1,True,calibration__20210605T110000Z,0.37866807305085415,4.1135209337195677
252,initial_gap_q4_q1_burden_contrast,ABC,0.0011054605464226818,0.00040449930231708017,0.00038556225697702581,0.00040449930231708017,0.046816014840020508,True,2.7329108853595252,1,0.0011166985579965825,1,True,calibration__20210605T110000Z,0.37866807305085415,4.1135209337195677
252,initial_gap_q4_q1_burden_contrast,AC,-0.0011054605464226818,0.00040449930231708017,0.00038556225697702581,0.00040449930231708017,0.046816014840020508,True,2.7329108853595252,-1,-0.0011166985579965825,-1,True,calibration__20210605T110000Z,0.37866807305085415,4.1135209337195677
252,initial_gap_q4_q1_burden_contrast,B,0.066509883800394326,0.0077200350319168798,0.0077200350319168798,0.0072267513583419794,0.063896558958025665,True,8.6152308280238419,1,0.071611228247508929,1,True,calibration__20210605T110000Z,0.083761424019949862,20.962355357566487
252,initial_gap_q4_q1_burden_contrast,BC,-0.0011054605464226818,0.00040449930231708017,0.00038556225697702581,0.00040449930231708017,0.046816014840020508,True,2.7329108853595252,-1,-0.0011166985579965825,-1,True,calibration__20210605T110000Z,0.37866807305085415,4.1135209337195677
252,initial_gap_q4_q1_burden_contrast,C,0.0011054605464226818,0.00040449930231708017,0.00038556225697702581,0.00040449930231708017,0.046816014840020508,True,2.7329108853595252,1,0.0011166985579965825,1,True,calibration__20210605T110000Z,0.37866807305085415,4.1135209337195677
252,maximum_downside_deviation_mean,A,-0.0053304449052700388,0.00021761167834489251,0.00021761167834489251,0.00020965330424968455,0.036571447615944302,True,24.495215265156048,-1,-0.0055917470020525415,-1,True,calibration__20200511T090000Z,0.1155420372741898,16.464090335423656
252,maximum_downside_deviation_mean,AB,0.0020903688917565258,0.00020985835527224142,0.00020572520425073674,0.00020985835527224142,0.019694955753097824,True,9.9608561643627116,1,0.0025607081507011886,1,True,calibration__20200511T090000Z,0.12927942550911881,16.686495556311012
252,maximum_downside_deviation_mean,ABC,-0.0020903688917565258,0.00020985835527224142,0.00020572520425073674,0.00020985835527224142,0.019694955753097824,True,9.9608561643627116,-1,-0.0025607081507011886,-1,True,calibration__20200511T090000Z,0.12927942550911881,16.686495556311012
252,maximum_downside_deviation_mean,AC,0.0053304449052700388,0.00021761167834489251,0.00021761167834489251,0.00020965330424968455,0.036571447615944302,True,24.495215265156048,1,0.0055917470020525415,1,True,calibration__20200511T090000Z,0.1155420372741898,16.464090335423656
252,maximum_downside_deviation_mean,B,-0.20245306693599616,0.0021049498118724998,0.0019445386820499753,0.0021049498118724998,0.076206629211661644,True,96.17952209316573,-1,-0.20595460712068292,-1,True,calibration__20210808T140000Z,0.023015654465542643,57.430360551143636
252,maximum_downside_deviation_mean,BC,0.0018813317295943634,0.00022025764990765047,0.00021896622584871732,0.00022025764990765047,0.0058632427045081821,True,8.5415045987422786,1,0.0023516709885390268,1,True,calibration__20200511T090000Z,0.14999749310752583,15.411280560163039
252,maximum_downside_deviation_mean,C,-0.006114334263378143,0.00023786034910561147,0.00022928063839616682,0.00023786034910561147,0.036070369616901583,True,25.705563312123704,-1,-0.0064278956507011851,-1,True,calibration__20200511T090000Z,0.13680548242529278,15.749197888497246
252,recovery_completion_hours_mean,A,-8.3013355152027035,0.30533623919135211,0.30533623919135211,0.29214986188586628,0.04318641423110612,True,27.187521327923065,-1,-8.6227829391891895,-1,True,calibration__20200511T090000Z,0.11235708621160691,17.241983666005446
252,recovery_completion_hours_mean,AB,1.9051678631756757,0.29021401423306986,0.28179862177637666,0.29021401423306986,0.028997195324740013,True,6.5646997379170049,1,2.5982896959459461,1,True,calibration__20200511T090000Z,0.13307979116188315,16.974698846448085
252,recovery_completion_hours_mean,ABC,-1.9051678631756757,0.29021401423306986,0.28179862177637666,0.29021401423306986,0.028997195324740013,True,6.5646997379170049,-1,-2.5982896959459461,-1,True,calibration__20200511T090000Z,0.13307979116188315,16.974698846448085
252,recovery_completion_hours_mean,AC,8.3013355152027035,0.30533623919135211,0.30533623919135211,0.29214986188586628,0.04318641423110612,True,27.187521327923065,1,8.6227829391891895,1,True,calibration__20200511T090000Z,0.11235708621160691,17.241983666005446
252,recovery_completion_hours_mean,B,-273.70864125844594,2.9057530915767238,2.6745579361431617,2.9057530915767238,0.079564625123778362,True,94.195422884304932,-1,-278.39115287162161,-1,True,calibration__20210808T140000Z,0.023983452081500316,57.04927790264238
252,recovery_completion_hours_mean,BC,1.5207189611486487,0.30798493452334919,0.30052197799757047,0.30798493452334919,0.024231563590370788,True,4.9376407437012437,1,2.1922508445945947,1,True,calibration__20200511T090000Z,0.15390365283303731,15.251423149381386
252,recovery_completion_hours_mean,C,-9.4925834037162158,0.33006684845628714,0.32209754350695574,0.33006684845628714,0.024144517956297653,True,28.759578394839551,-1,-9.9194467905405403,-1,True,calibration__20200511T090000Z,0.13254960416904343,16.302295935819469
