replication_prefix,candidate_index,moment,effect,effect_estimate,paired_mcse,analytic_mcse,replication_index_mcse,relative_disagreement,agreement_pass,snr,sign,prefix_32_estimate,prefix_32_sign,prefix_sign_stable,dominant_event,dominant_event_share,effective_event_count,analytic_convergence_slope,replication_index_convergence_slope,audit_classification,event_count,replication_count
16,0,failed_recovery_attempts_mean,A,-0.0031672297297297299,0.0010500975169796319,0.0010500975169796319,0.0010444212726097716,0.0054054449973243912,True,3.016129148499989,-1,-0.0031672297297297299,-1,True,calibration__20210616T110000Z,0.83827493261455532,1.4099527765542248,-0.27259954495662952,-0.2802914989834841,gate_pass,74,16
16,0,failed_recovery_attempts_mean,AB,0.0031672297297297299,0.0010500975169796319,0.0010500975169796319,0.0010444212726097716,0.0054054449973243912,True,3.016129148499989,1,0.0031672297297297299,1,True,calibration__20210616T110000Z,0.83827493261455532,1.4099527765542248,-0.27259954495662952,-0.2802914989834841,gate_pass,74,16
16,0,failed_recovery_attempts_mean,ABC,-0.0031672297297297299,0.0010500975169796319,0.0010500975169796319,0.0010444212726097716,0.0054054449973243912,True,3.016129148499989,-1,-0.0031672297297297299,-1,True,calibration__20210616T110000Z,0.83827493261455532,1.4099527765542248,-0.27259954495662952,-0.2802914989834841,gate_pass,74,16
16,0,failed_recovery_attempts_mean,AC,0.0031672297297297299,0.0010500975169796319,0.0010500975169796319,0.0010444212726097716,0.0054054449973243912,True,3.016129148499989,1,0.0031672297297297299,1,True,calibration__20210616T110000Z,0.83827493261455532,1.4099527765542248,-0.27259954495662952,-0.2802914989834841,gate_pass,74,16
16,0,failed_recovery_attempts_mean,B,-0.01583614864864865,0.0043910120177186041,0.004307639435937486,0.0043910120177186041,0.018987099430539733,True,3.606491757423266,-1,-0.01583614864864865,-1,True,calibration__20210212T030000Z,0.34598750600672756,5.0684001028373515,-0.39501618732521826,-0.43146909976877923,gate_pass,74,16
16,0,failed_recovery_attempts_mean,BC,0.0031672297297297299,0.0010500975169796319,0.0010500975169796319,0.0010444212726097716,0.0054054449973243912,True,3.016129148499989,1,0.0031672297297297299,1,True,calibration__20210616T110000Z,0.83827493261455532,1.4099527765542248,-0.23597496261765044,-0.25211018718517314,gate_pass,74,16
16,0,failed_recovery_attempts_mean,C,-0.0031672297297297299,0.0010500975169796319,0.0010500975169796319,0.0010444212726097716,0.0054054449973243912,True,3.016129148499989,-1,-0.0031672297297297299,-1,True,calibration__20210616T110000Z,0.83827493261455532,1.4099527765542248,-0.23597496261765044,-0.25211018718517314,gate_pass,74,16
16,0,first_six_hour_burden_mean,A,0,0,0,0,0,True,0,0,0,0,True,calibration__20200128T020000Z,0,74,,,gate_pass,74,16
16,0,first_six_hour_burden_mean,AB,0,0,0,0,0,True,0,0,0,0,True,calibration__20200128T020000Z,0,74,,,gate_pass,74,16
16,0,first_six_hour_burden_mean,ABC,0,0,0,0,0,True,0,0,0,0,True,calibration__20200128T020000Z,0,74,,,gate_pass,74,16
16,0,first_six_hour_burden_mean,AC,0,0,0,0,0,True,0,0,0,0,True,calibration__20200128T020000Z,0,74,,,gate_pass,74,16
16,0,first_six_hour_burden_mean,B,-7.1644801607911391e-05,7.1644801607911391e-05,5.2306733693003464e-05,7.1644801607911391e-05,0.26991585545506652,False,1,-1,-7.1644801607911391e-05,-1,True,calibration__20210421T210000Z,0.74107184837713846,1.6227673686454112,-0.34023111235805509,-0.47647159987205989,gate_pass,74,16
16,0,first_six_hour_burden_mean,BC,0,0,0,0,0,True,0,0,0,0,True,calibration__20200128T020000Z,0,74,,,gate_pass,74,16
16,0,first_six_hour_burden_mean,C,0,0,0,0,0,True,0,0,0,0,True,calibration__20200128T020000Z,0,74,,,gate_pass,74,16
16,0,initial_gap_q4_q1_burden_contrast,A,0,0,0,0,0,True,0,0,0,0,True,calibration__20200509T220000Z,0,38,,,gate_pass,74,16
16,0,initial_gap_q4_q1_burden_contrast,AB,0,0,0,0,0,True,0,0,0,0,True,calibration__20200509T220000Z,0,38,,,gate_pass,74,16
16,0,initial_gap_q4_q1_burden_contrast,ABC,0,0,0,0,0,True,0,0,0,0,True,calibration__20200509T220000Z,0,38,,,gate_pass,74,16
16,0,initial_gap_q4_q1_burden_contrast,AC,0,0,0,0,0,True,0,0,0,0,True,calibration__20200509T220000Z,0,38,,,gate_pass,74,16
16,0,initial_gap_q4_q1_burden_contrast,B,-0.00017537427065048993,0.00017537427065048995,0.00017537427065048993,0.00017537427065048995,1.5455547847241687e-16,True,0.99999999999999989,-1,-0.00017537427065048993,-1,True,calibration__20210421T210000Z,1,1,-0.49550320482661142,-0.49927436246412765,gate_pass,74,16
16,0,initial_gap_q4_q1_burden_contrast,BC,0,0,0,0,0,True,0,0,0,0,True,calibration__20200509T220000Z,0,38,,,gate_pass,74,16
16,0,initial_gap_q4_q1_burden_contrast,C,0,0,0,0,0,True,0,0,0,0,True,calibration__20200509T220000Z,0,38,,,gate_pass,74,16
16,0,maximum_downside_deviation_mean,A,-0.0014646229832154176,0.00014292291652494394,0.00014279416773973707,0.00014292291652494394,0.00090082674169605697,True,10.247642707177761,-1,-0.0014646229832154176,-1,True,calibration__20210616T110000Z,0.99997225436105741,1.0000554932905261,-0.3741196092937587,-0.36733046307910083,gate_pass,74,16
16,0,maximum_downside_deviation_mean,AB,0.0014646229832154176,0.00014292291652494394,0.00014279416773973707,0.00014292291652494394,0.00090082674169605697,True,10.247642707177761,1,0.0014646229832154176,1,True,calibration__20210616T110000Z,0.99997225436105741,1.0000554932905261,-0.3741196092937587,-0.36733046307910083,gate_pass,74,16
16,0,maximum_downside_deviation_mean,ABC,-0.0014646229832154176,0.00014292291652494394,0.00014279416773973707,0.00014292291652494394,0.00090082674169605697,True,10.247642707177761,-1,-0.0014646229832154176,-1,True,calibration__20210616T110000Z,0.99997225436105741,1.0000554932905261,-0.3741196092937587,-0.36733046307910083,gate_pass,74,16
16,0,maximum_downside_deviation_mean,AC,0.0014646229832154176,0.00014292291652494394,0.00014279416773973707,0.00014292291652494394,0.00090082674169605697,True,10.247642707177761,1,0.0014646229832154176,1,True,calibration__20210616T110000Z,0.99997225436105741,1.0000554932905261,-0.3741196092937587,-0.36733046307910083,gate_pass,74,16
16,0,maximum_downside_deviation_mean,B,-0.0019109003065729095,0.00014298560872268593,0.00014298560872268593,0.00014152941988375325,0.010184163650741221,True,13.364284165681411,-1,-0.0019109003065729095,-1,True,calibration__20210616T110000Z,0.99709184887921332,1.0058378255881553,-0.3489429974306939,-0.36362472912119037,gate_pass,74,16
16,0,maximum_downside_deviation_mean,BC,0.0018828560866727257,0.00014280904080239717,0.00014280904080239717,0.00014266431318253289,0.0010134345770485061,True,13.184431994596244,1,0.0018828560866727257,1,True,calibration__20210616T110000Z,0.9999712462792324,1.0000575096238464,-0.34886024521770143,-0.36624351161462132,gate_pass,74,16
16,0,maximum_downside_deviation_mean,C,-0.0018828560866727257,0.00014280904080239717,0.00014280904080239717,0.00014266431318253289,0.0010134345770485061,True,13.184431994596244,-1,-0.0018828560866727257,-1,True,calibration__20210616T110000Z,0.9999712462792324,1.0000575096238464,-0.34886024521770143,-0.36624351161462132,gate_pass,74,16
16,0,recovery_completion_hours_mean,A,-5.1321790540540544,0.38305481140053743,0.36111136321880266,0.38305481140053743,0.057285400231638972,True,13.398027909608066,-1,-5.1321790540540544,-1,True,calibration__20210616T110000Z,0.52240245370257876,2.8791723043522457,-0.46204533878198945,-0.48360100563054015,gate_pass,74,16
16,0,recovery_completion_hours_mean,AB,0.85472972972972971,0.11294180488410689,0.11120056261995057,0.11294180488410689,0.015417163431583803,True,7.5678773737217551,1,0.85472972972972971,1,True,calibration__20210616T110000Z,0.9820026642066102,1.0367795385252179,-0.37917466256904125,-0.36895078552178467,gate_pass,74,16
16,0,recovery_completion_hours_mean,ABC,-0.85472972972972971,0.11294180488410689,0.11120056261995057,0.11294180488410689,0.015417163431583803,True,7.5678773737217551,-1,-0.85472972972972971,-1,True,calibration__20210616T110000Z,0.9820026642066102,1.0367795385252179,-0.37917466256904125,-0.36895078552178467,gate_pass,74,16
16,0,recovery_completion_hours_mean,AC,5.1321790540540544,0.38305481140053743,0.36111136321880266,0.38305481140053743,0.057285400231638972,True,13.398027909608066,1,5.1321790540540544,1,True,calibration__20210616T110000Z,0.52240245370257876,2.8791723043522457,-0.46204533878198945,-0.48360100563054015,gate_pass,74,16
16,0,recovery_completion_hours_mean,B,-1.292652027027027,0.11408560336263247,0.11408560336263247,0.10811553104794951,0.052329760624629351,True,11.330544686854164,-1,-1.292652027027027,-1,True,calibration__20210616T110000Z,0.88093050170654852,1.2843303811615996,-0.33781981606920558,-0.34573044500400674,gate_pass,74,16
16,0,recovery_completion_hours_mean,BC,1.1659628378378379,0.10916590700227025,0.10916590700227025,0.10864427282868874,0.0047783615590777373,True,10.680649937838105,1,1.1659628378378379,1,True,calibration__20210616T110000Z,0.97868479899917349,1.043714163872939,-0.35649575281592927,-0.36419955927900993,gate_pass,74,16
16,0,recovery_completion_hours_mean,C,-6.3133445945945947,0.41970890304034753,0.36960604450277784,0.41970890304034753,0.11937525788618591,True,15.042198411473009,-1,-6.3133445945945947,-1,True,calibration__20210616T110000Z,0.51138652367695903,2.8895608300084712,-0.46014097110787688,-0.51422509092086777,gate_pass,74,16
16,36,failed_recovery_attempts_mean,A,-0.0021114864864864866,0.00081959046328883083,0.00081959046328883083,0.00080863775992933958,0.013363629580974548,True,2.5762701996477237,-1,-0.0021114864864864866,-1,True,calibration__20210616T110000Z,0.35398230088495575,4.0646188126691083,-0.20074085236218731,-0.19643408200878429,gate_pass,74,16
16,36,failed_recovery_attempts_mean,AB,0.0021114864864864866,0.00081959046328883083,0.00081959046328883083,0.00080863775992933958,0.013363629580974548,True,2.5762701996477237,1,0.0021114864864864866,1,True,calibration__20210616T110000Z,0.35398230088495575,4.0646188126691083,-0.20074085236218731,-0.19643408200878429,gate_pass,74,16
16,36,failed_recovery_attempts_mean,ABC,-0.0021114864864864866,0.00081959046328883083,0.00081959046328883083,0.00080863775992933958,0.013363629580974548,True,2.5762701996477237,-1,-0.0021114864864864866,-1,True,calibration__20210616T110000Z,0.35398230088495575,4.0646188126691083,-0.20074085236218731,-0.19643408200878429,gate_pass,74,16
16,36,failed_recovery_attempts_mean,AC,0.0021114864864864866,0.00081959046328883083,0.00081959046328883083,0.00080863775992933958,0.013363629580974548,True,2.5762701996477237,1,0.0021114864864864866,1,True,calibration__20210616T110000Z,0.35398230088495575,4.0646188126691083,-0.20074085236218731,-0.19643408200878429,gate_pass,74,16
16,36,failed_recovery_attempts_mean,B,-0.028293918918918918,0.0068306941383088834,0.0068306941383088834,0.0067909817323395924,0.0058138170389697638,True,4.142173305672828,-1,-0.028293918918918918,-1,True,calibration__20210421T210000Z,0.24461714868136064,8.2151279148233307,-0.4355200604809113,-0.44393895151097518,gate_pass,74,16
16,36,failed_recovery_attempts_mean,BC,0.0021114864864864866,0.00081959046328883083,0.00081959046328883083,0.00080863775992933958,0.013363629580974548,True,2.5762701996477237,1,0.0021114864864864866,1,True,calibration__20210616T110000Z,0.35398230088495575,4.0646188126691083,-0.061045400676039398,-0.06148609083085229,gate_pass,74,16
16,36,failed_recovery_attempts_mean,C,-0.0021114864864864866,0.00081959046328883083,0.00081959046328883083,0.00080863775992933958,0.013363629580974548,True,2.5762701996477237,-1,-0.0021114864864864866,-1,True,calibration__20210616T110000Z,0.35398230088495575,4.0646188126691083,-0.061045400676039398,-0.06148609083085229,gate_pass,74,16
16,36,first_six_hour_burden_mean,A,-2.1669748396619171e-05,2.1669748396619168e-05,2.1669748396619168e-05,2.1669748396619168e-05,0,True,1.0000000000000002,-1,-2.1669748396619171e-05,-1,True,calibration__20200511T090000Z,1,1,-0.99972257834737155,-0.99976465911202428,gate_pass,74,16
16,36,first_six_hour_burden_mean,AB,2.1669748396619171e-05,2.1669748396619168e-05,2.1669748396619168e-05,2.1669748396619168e-05,0,True,1.0000000000000002,1,2.1669748396619171e-05,1,True,calibration__20200511T090000Z,1,1,-0.99972257834737155,-0.99976465911202428,gate_pass,74,16
16,36,first_six_hour_burden_mean,ABC,-2.1669748396619171e-05,2.1669748396619168e-05,2.1669748396619168e-05,2.1669748396619168e-05,0,True,1.0000000000000002,-1,-2.1669748396619171e-05,-1,True,calibration__20200511T090000Z,1,1,-0.99972257834737155,-0.99976465911202428,gate_pass,74,16
16,36,first_six_hour_burden_mean,AC,2.1669748396619171e-05,2.1669748396619168e-05,2.1669748396619168e-05,2.1669748396619168e-05,0,True,1.0000000000000002,1,2.1669748396619171e-05,1,True,calibration__20200511T090000Z,1,1,-0.99972257834737155,-0.99976465911202428,gate_pass,74,16
16,36,first_six_hour_burden_mean,B,-0.00016184522894827408,0.00015808092692976309,9.9294367021909963e-05,0.00015808092692976309,0.37187636136504043,False,1.0238124996583775,-1,-0.00016184522894827408,-1,True,calibration__20210421T210000Z,0.71943719303651277,1.7916175199048745,-0.029966747368045141,-0.23783123287397143,gate_pass,74,16
16,36,first_six_hour_burden_mean,BC,2.1669748396619174e-05,2.1669748396619171e-05,2.1669748396619171e-05,2.1669748396619171e-05,0,True,1.0000000000000002,1,2.1669748396619174e-05,1,True,calibration__20200511T090000Z,1,1,-0.99972257834737155,-0.99976465911202428,gate_pass,74,16
16,36,first_six_hour_burden_mean,C,-2.1669748396619174e-05,2.1669748396619171e-05,2.1669748396619171e-05,2.1669748396619171e-05,0,True,1.0000000000000002,-1,-2.1669748396619174e-05,-1,True,calibration__20200511T090000Z,1,1,-0.99972257834737155,-0.99976465911202428,gate_pass,74,16
16,36,initial_gap_q4_q1_burden_contrast,A,0,0,0,0,0,True,0,0,0,0,True,calibration__20200509T220000Z,0,38,,,gate_pass,74,16
16,36,initial_gap_q4_q1_burden_contrast,AB,0,0,0,0,0,True,0,0,0,0,True,calibration__20200509T220000Z,0,38,,,gate_pass,74,16
16,36,initial_gap_q4_q1_burden_contrast,ABC,0,0,0,0,0,True,0,0,0,0,True,calibration__20200509T220000Z,0,38,,,gate_pass,74,16
16,36,initial_gap_q4_q1_burden_contrast,AC,0,0,0,0,0,True,0,0,0,0,True,calibration__20200509T220000Z,0,38,,,gate_pass,74,16
16,36,initial_gap_q4_q1_burden_contrast,B,-0.00032801913074377261,0.00032801913074377267,0.00032801913074377267,0.00032801913074377267,0,True,0.99999999999999989,-1,-0.00032801913074377261,-1,True,calibration__20210421T210000Z,1,1,0.13891015618320432,0.14085474406836665,gate_pass,74,16
16,36,initial_gap_q4_q1_burden_contrast,BC,0,0,0,0,0,True,0,0,0,0,True,calibration__20200509T220000Z,0,38,,,gate_pass,74,16
16,36,initial_gap_q4_q1_burden_contrast,C,0,0,0,0,0,True,0,0,0,0,True,calibration__20200509T220000Z,0,38,,,gate_pass,74,16
16,36,maximum_downside_deviation_mean,A,-3.9561996042802376e-06,1.1564404076010139e-06,1.1564404076010139e-06,1.0825679705928632e-06,0.063879155832504933,True,3.4210146742340179,-1,-3.9561996042802376e-06,-1,True,calibration__20200509T220000Z,0.25801672797986658,5.6781985302798903,-0.19671940905389687,-0.15491057444800074,gate_pass,74,16
16,36,maximum_downside_deviation_mean,AB,3.9561996042802376e-06,1.1564404076010139e-06,1.1564404076010139e-06,1.0825679705928632e-06,0.063879155832504933,True,3.4210146742340179,1,3.9561996042802376e-06,1,True,calibration__20200509T220000Z,0.25801672797986658,5.6781985302798903,-0.19671940905389687,-0.15491057444800074,gate_pass,74,16
16,36,maximum_downside_deviation_mean,ABC,-3.9561996042802376e-06,1.1564404076010139e-06,1.1564404076010139e-06,1.0825679705928632e-06,0.063879155832504933,True,3.4210146742340179,-1,-3.9561996042802376e-06,-1,True,calibration__20200509T220000Z,0.25801672797986658,5.6781985302798903,-0.19671940905389687,-0.15491057444800074,gate_pass,74,16
16,36,maximum_downside_deviation_mean,AC,3.9561996042802376e-06,1.1564404076010139e-06,1.1564404076010139e-06,1.0825679705928632e-06,0.063879155832504933,True,3.4210146742340179,1,3.9561996042802376e-06,1,True,calibration__20200509T220000Z,0.25801672797986658,5.6781985302798903,-0.19671940905389687,-0.15491057444800074,gate_pass,74,16
16,36,maximum_downside_deviation_mean,B,-4.160259480820776e-05,1.0337739939147534e-05,1.0337739939147534e-05,1.0038901575308768e-05,0.028907514176005525,True,4.0243413989033252,-1,-4.160259480820776e-05,-1,True,calibration__20210328T190000Z,0.37539062617069835,4.2607686840646606,-0.62959712636572374,-0.61276752864237249,gate_pass,74,16
16,36,maximum_downside_deviation_mean,BC,4.3807454337830745e-06,1.1689442572117949e-06,1.1689442572117949e-06,1.1605578997266287e-06,0.0071743005993884232,True,3.7476084995123511,1,4.3807454337830745e-06,1,True,calibration__20200509T220000Z,0.2649770986615208,5.6203872575006235,-0.20652935865279631,-0.17873903053466031,gate_pass,74,16
16,36,maximum_downside_deviation_mean,C,-4.3807454337830745e-06,1.1689442572117949e-06,1.1689442572117949e-06,1.1605578997266287e-06,0.0071743005993884232,True,3.7476084995123511,-1,-4.3807454337830745e-06,-1,True,calibration__20200509T220000Z,0.2649770986615208,5.6203872575006235,-0.20652935865279631,-0.17873903053466031,gate_pass,74,16
16,36,recovery_completion_hours_mean,A,-4.3146114864864868,0.32256981247001493,0.29551168794299892,0.32256981247001493,0.083883002937639242,True,13.375744783580949,-1,-4.3146114864864868,-1,True,calibration__20210920T030000Z,0.35225969155936543,4.0852561668672775,-0.4412109020144569,-0.47052652121202831,gate_pass,74,16
16,36,recovery_completion_hours_mean,AB,0.037162162162162164,0.026152445775005615,0.02377775048565408,0.026152445775005615,0.090802034722927388,True,1.4209822852468637,1,0.037162162162162164,1,True,calibration__20200509T220000Z,0.55610871622332037,2.4549738088074853,-0.1867409867907017,-0.24648467174626534,gate_pass,74,16
16,36,recovery_completion_hours_mean,ABC,-0.037162162162162164,0.026152445775005615,0.02377775048565408,0.026152445775005615,0.090802034722927388,True,1.4209822852468637,-1,-0.037162162162162164,-1,True,calibration__20200509T220000Z,0.55610871622332037,2.4549738088074853,-0.1867409867907017,-0.24648467174626534,gate_pass,74,16
16,36,recovery_completion_hours_mean,AC,4.3146114864864868,0.32256981247001493,0.29551168794299892,0.32256981247001493,0.083883002937639242,True,13.375744783580949,1,4.3146114864864868,1,True,calibration__20210920T030000Z,0.35225969155936543,4.0852561668672775,-0.4412109020144569,-0.47052652121202831,gate_pass,74,16
16,36,recovery_completion_hours_mean,B,-0.3627533783783784,0.12265193474699713,0.12265193474699713,0.10978164952600392,0.10493340563719335,True,2.9575838255356963,-1,-0.3627533783783784,-1,True,calibration__20201121T170000Z,0.44616064280515183,3.1787702735377183,-0.50383086890340412,-0.45064373648894879,gate_pass,74,16
16,36,recovery_completion_hours_mean,BC,0.034206081081081079,0.02688036466634729,0.024651216641185775,0.02688036466634729,0.08292848898557853,True,1.2725303955383156,1,0.034206081081081079,1,True,calibration__20200509T220000Z,0.58736035842153655,2.3263797724368676,-0.20569795350194139,-0.25795841964907679,gate_pass,74,16
16,36,recovery_completion_hours_mean,C,-5.1815878378378377,0.36785283099975091,0.30531461823530326,0.36785283099975091,0.17000878474818643,False,14.086034960653453,-1,-5.1815878378378377,-1,True,calibration__20210920T030000Z,0.38080659540520451,3.8268157357999217,-0.44983344360147653,-0.51218271583860642,gate_pass,74,16
16,42,failed_recovery_attempts_mean,A,0.00021114864864864866,0.00021114864864864866,0.00021114864864864863,0.00021114864864864866,1.2836953722228372e-16,True,1,1,0.00021114864864864866,1,True,calibration__20200317T160000Z,1,1,-0.035051263628076201,0.03540660517176486,gate_pass,74,16
16,42,failed_recovery_attempts_mean,AB,-0.00021114864864864866,0.00021114864864864866,0.00021114864864864863,0.00021114864864864866,1.2836953722228372e-16,True,1,-1,-0.00021114864864864866,-1,True,calibration__20200317T160000Z,1,1,-0.035051263628076201,0.03540660517176486,gate_pass,74,16
16,42,failed_recovery_attempts_mean,ABC,0.00021114864864864866,0.00021114864864864866,0.00021114864864864863,0.00021114864864864866,1.2836953722228372e-16,True,1,1,0.00021114864864864866,1,True,calibration__20200317T160000Z,1,1,-0.035051263628076201,0.03540660517176486,gate_pass,74,16
16,42,failed_recovery_attempts_mean,AC,-0.00021114864864864866,0.00021114864864864866,0.00021114864864864863,0.00021114864864864866,1.2836953722228372e-16,True,1,-1,-0.00021114864864864866,-1,True,calibration__20200317T160000Z,1,1,-0.035051263628076201,0.03540660517176486,gate_pass,74,16
16,42,failed_recovery_attempts_mean,B,-0.22022804054054054,0.010581475999887459,0.010249304174078148,0.010581475999887459,0.031391823391447811,True,20.812601242291983,-1,-0.22022804054054054,-1,True,calibration__20201102T090000Z,0.028973205443793681,44.213525790115668,-0.49519989236657869,-0.52058685858528664,gate_pass,74,16
16,42,failed_recovery_attempts_mean,BC,-0.00021114864864864866,0.00021114864864864866,0.00021114864864864863,0.00021114864864864866,1.2836953722228372e-16,True,1,-1,-0.00021114864864864866,-1,True,calibration__20200317T160000Z,1,1,-0.0080608775323919371,0.098710252512079683,finite_replication_instability,74,16
16,42,failed_recovery_attempts_mean,C,0.00021114864864864866,0.00021114864864864866,0.00021114864864864863,0.00021114864864864866,1.2836953722228372e-16,True,1,1,0.00021114864864864866,1,True,calibration__20200317T160000Z,1,1,-0.0080608775323919371,0.098710252512079683,finite_replication_instability,74,16
16,42,first_six_hour_burden_mean,A,-0.00095320541720210765,0.00038286045756286385,0.00038286045756286385,0.00033753876976719098,0.11837651786808322,True,2.4896940866388531,-1,-0.00095320541720210765,-1,True,calibration__20210206T010000Z,0.56775681611766948,2.3736942262674625,-0.37215819557851171,-0.30655373011667741,gate_pass,74,16
16,42,first_six_hour_burden_mean,AB,0.00010861082260751309,0.00041648811393545641,0.00038286045756286385,0.00041648811393545641,0.080740974946055408,True,0.26077772443788066,1,0.00010861082260751309,1,True,calibration__20210206T010000Z,0.56775681611766948,2.3736942262674625,-0.37215819557851171,-0.36145219933357026,gate_pass,74,16
16,42,first_six_hour_burden_mean,ABC,-0.00010861082260751309,0.00041648811393545641,0.00038286045756286385,0.00041648811393545641,0.080740974946055408,True,0.26077772443788066,-1,-0.00010861082260751309,-1,True,calibration__20210206T010000Z,0.56775681611766948,2.3736942262674625,-0.37215819557851171,-0.36145219933357026,gate_pass,74,16
16,42,first_six_hour_burden_mean,AC,0.00095320541720210765,0.00038286045756286385,0.00038286045756286385,0.00033753876976719098,0.11837651786808322,True,2.4896940866388531,1,0.00095320541720210765,1,True,calibration__20210206T010000Z,0.56775681611766948,2.3736942262674625,-0.37215819557851171,-0.30655373011667741,gate_pass,74,16
16,42,first_six_hour_burden_mean,B,-0.44626077797275648,0.014626602037073543,0.010256535382541508,0.014626602037073543,0.29877524823984258,False,30.510215348830489,-1,-0.44626077797275648,-1,True,calibration__20210409T070000Z,0.028932365642771199,45.849268188947939,-0.49004382364161642,-0.6641305280977462,gate_pass,74,16
16,42,first_six_hour_burden_mean,BC,0.00041268710373029564,0.00059177877269752331,0.00052115019215026441,0.00059177877269752331,0.11934963504234951,True,0.69736719661155022,1,0.00041268710373029564,1,True,calibration__20200317T160000Z,0.49655159069442006,2.7176817776333548,-0.47703209134514518,-0.49998941093789617,gate_pass,74,16
16,42,first_six_hour_burden_mean,C,-0.0012572816983248902,0.00052115019215026441,0.00052115019215026441,0.00050638854984197488,0.028325121108337362,True,2.4125131627359648,-1,-0.0012572816983248902,-1,True,calibration__20200317T160000Z,0.49655159069442006,2.7176817776333548,-0.47703209134514518,-0.46521891058753317,gate_pass,74,16
16,42,initial_gap_q4_q1_burden_contrast,A,-0.0016447548686170494,0.0011235691630787747,0.0011235691630787747,0.0011235674038699811,1.5657325346955521e-06,True,1.4638661532060344,-1,-0.0016447548686170494,-1,True,calibration__20210206T010000Z,0.99999999974259102,1.000000000514818,-0.59124022595698122,-0.58148372923998182,gate_pass,74,16
16,42,initial_gap_q4_q1_burden_contrast,AB,-0.0016447188155934772,0.0011235709222848142,0.0011235691630787747,0.0011235709222848142,1.565727631990809e-06,True,1.4638317732973132,-1,-0.0016447188155934772,-1,True,calibration__20210206T010000Z,0.99999999974259102,1.000000000514818,-0.59124022595698122,-0.5971978104055079,gate_pass,74,16
16,42,initial_gap_q4_q1_burden_contrast,ABC,0.0016447188155934772,0.0011235709222848142,0.0011235691630787747,0.0011235709222848142,1.565727631990809e-06,True,1.4638317732973132,1,0.0016447188155934772,1,True,calibration__20210206T010000Z,0.99999999974259102,1.000000000514818,-0.59124022595698122,-0.5971978104055079,gate_pass,74,16
16,42,initial_gap_q4_q1_burden_contrast,AC,0.0016447548686170494,0.0011235691630787747,0.0011235691630787747,0.0011235674038699811,1.5657325346955521e-06,True,1.4638661532060344,1,0.0016447548686170494,1,True,calibration__20210206T010000Z,0.99999999974259102,1.000000000514818,-0.59124022595698122,-0.58148372923998182,gate_pass,74,16
16,42,initial_gap_q4_q1_burden_contrast,B,-0.032242009370742675,0.040183006068525949,0.028421813698153182,0.040183006068525949,0.29269070487946719,False,0.8023792275709507,-1,-0.032242009370742675,-1,True,calibration__20210314T050000Z,0.056259846959403247,22.558878807547604,-0.47967803233443607,-0.62121010317206005,gate_pass,74,16
16,42,initial_gap_q4_q1_burden_contrast,BC,-0.0016447188155934772,0.0011235709222848142,0.0011235691630787747,0.0011235709222848142,1.565727631990809e-06,True,1.4638317732973132,-1,-0.0016447188155934772,-1,True,calibration__20210206T010000Z,0.99999999974259102,1.000000000514818,-0.59124022595698122,-0.5971978104055079,gate_pass,74,16
16,42,initial_gap_q4_q1_burden_contrast,C,-0.0016447548686170494,0.0011235691630787747,0.0011235691630787747,0.0011235674038699811,1.5657325346955521e-06,True,1.4638661532060344,-1,-0.0016447548686170494,-1,True,calibration__20210206T010000Z,0.99999999974259102,1.000000000514818,-0.59124022595698122,-0.58148372923998182,gate_pass,74,16
16,42,maximum_downside_deviation_mean,A,-0.00010451858108108108,0.00010451858108108108,0.00010451858108108108,0.00010451858108108108,0,True,1,-1,-0.00010451858108108108,-1,True,calibration__20210317T020000Z,1,1,-0.37488160698099715,-0.33057996358356717,gate_pass,74,16
16,42,maximum_downside_deviation_mean,AB,0.00010451858108108108,0.00010451858108108108,0.00010451858108108108,0.00010451858108108108,0,True,1,1,0.00010451858108108108,1,True,calibration__20210317T020000Z,1,1,-0.37488160698099715,-0.33057996358356717,gate_pass,74,16
16,42,maximum_downside_deviation_mean,ABC,-0.00010451858108108108,0.00010451858108108108,0.00010451858108108108,0.00010451858108108108,0,True,1,-1,-0.00010451858108108108,-1,True,calibration__20210317T020000Z,1,1,-0.37488160698099715,-0.33057996358356717,gate_pass,74,16
16,42,maximum_downside_deviation_mean,AC,0.00010451858108108108,0.00010451858108108108,0.00010451858108108108,0.00010451858108108108,0,True,1,1,0.00010451858108108108,1,True,calibration__20210317T020000Z,1,1,-0.37488160698099715,-0.33057996358356717,gate_pass,74,16
16,42,maximum_downside_deviation_mean,B,-0.33707242398648651,0.0021206371080515025,0.0020178673895412998,0.0021206371080515025,0.048461718471308944,True,158.94865873407147,-1,-0.33707242398648651,-1,True,calibration__20201119T090000Z,0.15739581470219996,12.487643300600789,-0.45990735744153699,-0.49838173536390873,gate_pass,74,16
16,42,maximum_downside_deviation_mean,BC,0.00010451858108108108,0.00010451858108108108,0.00010451858108108108,0.00010451858108108108,0,True,1,1,0.00010451858108108108,1,True,calibration__20210317T020000Z,1,1,-0.18308271358193906,-0.16970789980427003,gate_pass,74,16
16,42,maximum_downside_deviation_mean,C,-0.00010451858108107283,0.00010451858108108108,0.00010451858108108108,0.00010451858108108108,0,True,0.99999999999992106,-1,-0.00010451858108107283,-1,True,calibration__20210317T020000Z,1,1,-0.18308271358193906,-0.16970789980427003,gate_pass,74,16
16,42,recovery_completion_hours_mean,A,-1.0346283783783783,0.17754957402713459,0.17754957402713459,0.14905519370363041,0.16048689769962182,False,5.8272647740639352,-1,-1.0346283783783783,-1,True,calibration__20210317T020000Z,0.70493122042727296,1.7934042541725272,-0.40955334032278456,-0.30606526936382134,gate_pass,74,16
16,42,recovery_completion_hours_mean,AB,-0.74366554054054057,0.19885300700432354,0.17156635246066795,0.19885300700432354,0.13722022590818708,True,3.7397751824007948,-1,-0.74366554054054057,-1,True,calibration__20210317T020000Z,0.68399184269932489,1.8607003732180132,-0.39667193961115155,-0.43302381896275843,gate_pass,74,16
16,42,recovery_completion_hours_mean,ABC,0.74366554054054057,0.19885300700432354,0.17156635246066795,0.19885300700432354,0.13722022590818708,True,3.7397751824007948,1,0.74366554054054057,1,True,calibration__20210317T020000Z,0.68399184269932489,1.8607003732180132,-0.39667193961115155,-0.43302381896275843,gate_pass,74,16
16,42,recovery_completion_hours_mean,AC,1.0346283783783783,0.17754957402713459,0.17754957402713459,0.14905519370363041,0.16048689769962182,False,5.8272647740639352,1,1.0346283783783783,1,True,calibration__20210317T020000Z,0.70493122042727296,1.7934042541725272,-0.40955334032278456,-0.30606526936382134,gate_pass,74,16
16,42,recovery_completion_hours_mean,B,-461.12119932432432,2.9670265327664289,2.825558653294725,2.9670265327664289,0.047680018331282173,True,155.41525976661188,-1,-461.12119932432432,-1,True,calibration__20201119T090000Z,0.15824462995283539,12.457839556562467,-0.4611134080317949,-0.50046656525655242,gate_pass,74,16
16,42,recovery_completion_hours_mean,BC,-0.95228040540540537,0.19336036694840536,0.17521287386049467,0.19336036694840536,0.093853220152157746,True,4.9248996598124153,-1,-0.95228040540540537,-1,True,calibration__20210317T020000Z,0.65581769829458114,1.9418509709955423,-0.27190353131666273,-0.31927669961852378,gate_pass,74,16
16,42,recovery_completion_hours_mean,C,-1.2432432432432432,0.1829330281461104,0.18107564470964177,0.1829330281461104,0.010153352050703052,True,6.7961660933653416,-1,-1.2432432432432432,-1,True,calibration__20210317T020000Z,0.67774439459932201,1.8735595855124896,-0.28135544305581156,-0.26274692343974371,gate_pass,74,16
16,94,failed_recovery_attempts_mean,A,0.00084459459459459464,0.0005922208324313803,0.0005922208324313803,0.00057696794853376125,0.025755399105090372,True,1.4261480656245853,1,0.00084459459459459464,1,True,calibration__20200317T160000Z,0.39830508474576276,3.4792603698150923,-0.50899526315866139,-0.43072459373125893,gate_pass,74,16
16,94,failed_recovery_attempts_mean,AB,-0.00084459459459459464,0.0005922208324313803,0.0005922208324313803,0.00057696794853376125,0.025755399105090372,True,1.4261480656245853,-1,-0.00084459459459459464,-1,True,calibration__20200317T160000Z,0.39830508474576276,3.4792603698150923,-0.50899526315866139,-0.43072459373125893,gate_pass,74,16
16,94,failed_recovery_attempts_mean,ABC,0.00084459459459459464,0.0005922208324313803,0.0005922208324313803,0.00057696794853376125,0.025755399105090372,True,1.4261480656245853,1,0.00084459459459459464,1,True,calibration__20200317T160000Z,0.39830508474576276,3.4792603698150923,-0.50899526315866139,-0.43072459373125893,gate_pass,74,16
16,94,failed_recovery_attempts_mean,AC,-0.00084459459459459464,0.0005922208324313803,0.0005922208324313803,0.00057696794853376125,0.025755399105090372,True,1.4261480656245853,-1,-0.00084459459459459464,-1,True,calibration__20200317T160000Z,0.39830508474576276,3.4792603698150923,-0.50899526315866139,-0.43072459373125893,gate_pass,74,16
16,94,failed_recovery_attempts_mean,B,-0.22635135135135134,0.010683370473541821,0.01056896892205475,0.010683370473541821,0.010708376328462587,True,21.187260323128143,-1,-0.22635135135135134,-1,True,calibration__20210421T210000Z,0.037039008035761802,45.676762959749603,-0.50221089467383906,-0.51155499550678485,gate_pass,74,16
16,94,failed_recovery_attempts_mean,BC,-0.00084459459459459464,0.0005922208324313803,0.0005922208324313803,0.00057696794853376125,0.025755399105090372,True,1.4261480656245853,-1,-0.00084459459459459464,-1,True,calibration__20200317T160000Z,0.39830508474576276,3.4792603698150923,-0.4690796229748736,-0.38755909520928022,gate_pass,74,16
16,94,failed_recovery_attempts_mean,C,0.00084459459459459464,0.0005922208324313803,0.0005922208324313803,0.00057696794853376125,0.025755399105090372,True,1.4261480656245853,1,0.00084459459459459464,1,True,calibration__20200317T160000Z,0.39830508474576276,3.4792603698150923,-0.4690796229748736,-0.38755909520928022,gate_pass,74,16
16,94,first_six_hour_burden_mean,A,-0.001259349430465565,0.00044036059291557508,0.00044036059291557508,0.00037141088322650785,0.15657556738344686,False,2.8598140949160831,-1,-0.001259349430465565,-1,True,calibration__20210206T010000Z,0.42916716695344337,3.2372817042875548,-0.48453683405768588,-0.43649041258702553,gate_pass,74,16
16,94,first_six_hour_burden_mean,AB,0.00041475483587097008,0.00044036059291557508,0.00044036059291557508,0.00043958301666244558,0.0017657716554091876,True,0.94185275100328048,1,0.00041475483587097008,1,True,calibration__20210206T010000Z,0.42916716695344337,3.2372817042875548,-0.48453683405768588,-0.47827547156819383,gate_pass,74,16
16,94,first_six_hour_burden_mean,ABC,-0.00041475483587097008,0.00044036059291557508,0.00044036059291557508,0.00043958301666244558,0.0017657716554091876,True,0.94185275100328048,-1,-0.00041475483587097008,-1,True,calibration__20210206T010000Z,0.42916716695344337,3.2372817042875548,-0.48453683405768588,-0.47827547156819383,gate_pass,74,16
16,94,first_six_hour_burden_mean,AC,0.001259349430465565,0.00044036059291557508,0.00044036059291557508,0.00037141088322650785,0.15657556738344686,False,2.8598140949160831,1,0.001259349430465565,1,True,calibration__20210206T010000Z,0.42916716695344337,3.2372817042875548,-0.48453683405768588,-0.43649041258702553,gate_pass,74,16
16,94,first_six_hour_burden_mean,B,-0.43015100537356371,0.015138690013255509,0.010335952648726464,0.015138690013255509,0.31724920454304473,False,28.414017659184609,-1,-0.43015100537356371,-1,True,calibration__20210409T070000Z,0.02848946462507513,46.458514942543509,-0.48435012507722075,-0.66409797533759052,gate_pass,74,16
16,94,first_six_hour_burden_mean,BC,0.00041475483587097008,0.00044036059291557508,0.00044036059291557508,0.00043958301666244558,0.0017657716554091876,True,0.94185275100328048,1,0.00041475483587097008,1,True,calibration__20210206T010000Z,0.42916716695344337,3.2372817042875548,-0.48275056903793334,-0.47138575166822871,gate_pass,74,16
16,94,first_six_hour_burden_mean,C,-0.001259349430465565,0.00044036059291557508,0.00044036059291557508,0.00037141088322650785,0.15657556738344686,False,2.8598140949160831,-1,-0.001259349430465565,-1,True,calibration__20210206T010000Z,0.42916716695344337,3.2372817042875548,-0.48275056903793334,-0.42991871005388038,gate_pass,74,16
16,94,initial_gap_q4_q1_burden_contrast,A,-0.0016447368588891175,0.0011235691629341664,0.0011235691629341664,0.0011235691612962301,1.4577974978244657e-09,True,1.4638501243607804,-1,-0.0016447368588891175,-1,True,calibration__20210206T010000Z,0.99999999999999978,1.0000000000000004,-0.61506594646267632,-0.6080250705092517,gate_pass,74,16
16,94,initial_gap_q4_q1_burden_contrast,AB,-0.0016447368253214086,0.001123569164572103,0.0011235691629341664,0.001123569164572103,1.4577976886918028e-09,True,1.4638500923508218,-1,-0.0016447368253214086,-1,True,calibration__20210206T010000Z,0.99999999999999978,1.0000000000000004,-0.61506594646267632,-0.61843979448706254,gate_pass,74,16
16,94,initial_gap_q4_q1_burden_contrast,ABC,0.0016447368253214086,0.001123569164572103,0.0011235691629341664,0.001123569164572103,1.4577976886918028e-09,True,1.4638500923508218,1,0.0016447368253214086,1,True,calibration__20210206T010000Z,0.99999999999999978,1.0000000000000004,-0.61506594646267632,-0.61843979448706254,gate_pass,74,16
16,94,initial_gap_q4_q1_burden_contrast,AC,0.0016447368588891175,0.0011235691629341664,0.0011235691629341664,0.0011235691612962301,1.4577974978244657e-09,True,1.4638501243607804,1,0.0016447368588891175,1,True,calibration__20210206T010000Z,0.99999999999999978,1.0000000000000004,-0.61506594646267632,-0.6080250705092517,gate_pass,74,16
16,94,initial_gap_q4_q1_burden_contrast,B,-0.052176037441660217,0.038098517772685185,0.0283706659568305,0.038098517772685185,0.25533412805967715,False,1.3695030802239749,-1,-0.052176037441660217,-1,True,calibration__20210314T050000Z,0.056462884702388895,23.017692190423144,-0.47156142937250245,-0.57643093241320653,gate_pass,74,16
16,94,initial_gap_q4_q1_burden_contrast,BC,-0.0016447368253214086,0.001123569164572103,0.0011235691629341664,0.001123569164572103,1.4577976886918028e-09,True,1.4638500923508218,-1,-0.0016447368253214086,-1,True,calibration__20210206T010000Z,0.99999999999999978,1.0000000000000004,-0.61506594646267632,-0.61843979448706254,gate_pass,74,16
16,94,initial_gap_q4_q1_burden_contrast,C,-0.0016447368588891175,0.0011235691629341664,0.0011235691629341664,0.0011235691612962301,1.4577974978244657e-09,True,1.4638501243607804,-1,-0.0016447368588891175,-1,True,calibration__20210206T010000Z,0.99999999999999978,1.0000000000000004,-0.61506594646267632,-0.6080250705092517,gate_pass,74,16
16,94,maximum_downside_deviation_mean,A,-0.00052259290540540538,0.00021419935089315884,0.00021419935089315884,0.00020013784558251156,0.065646815697686489,True,2.4397501823713328,-1,-0.00052259290540540538,-1,True,calibration__20210206T010000Z,0.76190476190476197,1.569395017793594,-0.5516499122042462,-0.56135601018183856,gate_pass,74,16
16,94,maximum_downside_deviation_mean,AB,-0.00031355574324324324,0.00022739297836936814,0.00021419935089315884,0.00022739297836936814,0.058021261565861106,True,1.3789156793307651,-1,-0.00031355574324324324,-1,True,calibration__20210206T010000Z,0.76190476190476197,1.569395017793594,-0.5516499122042462,-0.55712214487761169,gate_pass,74,16
16,94,maximum_downside_deviation_mean,ABC,0.00031355574324324324,0.00022739297836936814,0.00021419935089315884,0.00022739297836936814,0.058021261565861106,True,1.3789156793307651,1,0.00031355574324324324,1,True,calibration__20210206T010000Z,0.76190476190476197,1.569395017793594,-0.5516499122042462,-0.55712214487761169,gate_pass,74,16
16,94,maximum_downside_deviation_mean,AC,0.00052259290540540538,0.00021419935089315884,0.00021419935089315884,0.00020013784558251156,0.065646815697686489,True,2.4397501823713328,1,0.00052259290540540538,1,True,calibration__20210206T010000Z,0.76190476190476197,1.569395017793594,-0.5516499122042462,-0.56135601018183856,gate_pass,74,16
16,94,maximum_downside_deviation_mean,B,-0.34250739020270277,0.0022705644394866898,0.0020943743349651827,0.0022705644394866898,0.077597491380310094,True,150.84680454175262,-1,-0.34250739020270277,-1,True,calibration__20201119T090000Z,0.14610659139963472,12.785594528877313,-0.45878914401430182,-0.48332626541068585,gate_pass,74,16
16,94,maximum_downside_deviation_mean,BC,-0.00031355574324324324,0.00022739297836936814,0.00021419935089315884,0.00022739297836936814,0.058021261565861106,True,1.3789156793307651,-1,-0.00031355574324324324,-1,True,calibration__20210206T010000Z,0.76190476190476197,1.569395017793594,-0.46082667564183527,-0.50562104164881805,gate_pass,74,16
16,94,maximum_downside_deviation_mean,C,-0.00052259290540539747,0.00021419935089315878,0.00021419935089315878,0.00020013784558251151,0.065646815697686503,True,2.4397501823712964,-1,-0.00052259290540539747,-1,True,calibration__20210206T010000Z,0.76190476190476175,1.5693950177935949,-0.46082667564183527,-0.43599771441927371,gate_pass,74,16
16,94,recovery_completion_hours_mean,A,-1.6211993243243243,0.31505031294946279,0.31505031294946279,0.31123921999450704,0.012096775652360893,True,5.1458426089053937,-1,-1.6211993243243243,-1,True,calibration__20210206T010000Z,0.69428274099563347,1.8756811139117417,-0.53464917257614142,-0.56685661882703475,gate_pass,74,16
16,94,recovery_completion_hours_mean,AB,-1.3310810810810811,0.33469540771928857,0.31508919835430427,0.33469540771928857,0.058579260165494036,True,3.9769923649429582,-1,-1.3310810810810811,-1,True,calibration__20210206T010000Z,0.69411138761563884,1.876238544867479,-0.53578064095660205,-0.5410227435311894,gate_pass,74,16
16,94,recovery_completion_hours_mean,ABC,1.3310810810810811,0.33469540771928857,0.31508919835430427,0.33469540771928857,0.058579260165494036,True,3.9769923649429582,1,1.3310810810810811,1,True,calibration__20210206T010000Z,0.69411138761563884,1.876238544867479,-0.53578064095660205,-0.5410227435311894,gate_pass,74,16
16,94,recovery_completion_hours_mean,AC,1.6211993243243243,0.31505031294946279,0.31505031294946279,0.31123921999450704,0.012096775652360893,True,5.1458426089053937,1,1.6211993243243243,1,True,calibration__20210206T010000Z,0.69428274099563347,1.8756811139117417,-0.53464917257614142,-0.56685661882703475,gate_pass,74,16
16,94,recovery_completion_hours_mean,B,-468.76013513513516,3.1650238564648636,2.9313618394431376,3.1650238564648636,0.073826305145994101,True,148.10635129262857,-1,-468.76013513513516,-1,True,calibration__20201119T090000Z,0.14702756850166759,12.752332037334273,-0.45997289772737532,-0.48378367642445924,gate_pass,74,16
16,94,recovery_completion_hours_mean,BC,-1.5396959459459461,0.34316153118239073,0.31708948388326219,0.34316153118239073,0.075976019833269778,True,4.4867964676599952,-1,-1.5396959459459461,-1,True,calibration__20210206T010000Z,0.68538172757628291,1.9171486841235321,-0.46351914179264442,-0.51783136551116971,gate_pass,74,16
16,94,recovery_completion_hours_mean,C,-1.8298141891891893,0.31705084380797649,0.31705084380797649,0.30747185592069248,0.030212781559684387,True,5.7713588369991085,-1,-1.8298141891891893,-1,True,calibration__20210206T010000Z,0.68554879740668762,1.9165895925555254,-0.4598894190471654,-0.44247920754830095,gate_pass,74,16
16,97,failed_recovery_attempts_mean,A,0.00021114864864864866,0.00021114864864864866,0.00021114864864864866,0.00021114864864864866,0,True,1,1,0.00021114864864864866,1,True,calibration__20200511T090000Z,1,1,-0.60234370287673489,-0.60369413979028341,gate_pass,74,16
16,97,failed_recovery_attempts_mean,AB,-0.00021114864864864866,0.00021114864864864866,0.00021114864864864866,0.00021114864864864866,0,True,1,-1,-0.00021114864864864866,-1,True,calibration__20200511T090000Z,1,1,-0.60234370287673489,-0.60369413979028341,gate_pass,74,16
16,97,failed_recovery_attempts_mean,ABC,0.00021114864864864866,0.00021114864864864866,0.00021114864864864866,0.00021114864864864866,0,True,1,1,0.00021114864864864866,1,True,calibration__20200511T090000Z,1,1,-0.60234370287673489,-0.60369413979028341,gate_pass,74,16
16,97,failed_recovery_attempts_mean,AC,-0.00021114864864864866,0.00021114864864864866,0.00021114864864864866,0.00021114864864864866,0,True,1,-1,-0.00021114864864864866,-1,True,calibration__20200511T090000Z,1,1,-0.60234370287673489,-0.60369413979028341,gate_pass,74,16
16,97,failed_recovery_attempts_mean,B,-0.25316722972972971,0.01111733227048892,0.010610648536329762,0.01111733227048892,0.04557601786393984,True,22.772300365777937,-1,-0.25316722972972971,-1,True,calibration__20210302T170000Z,0.03674859420787243,45.464052923171039,-0.48739099940966901,-0.50888600311448495,gate_pass,74,16
16,97,failed_recovery_attempts_mean,BC,-0.00021114864864864866,0.00021114864864864866,0.00021114864864864866,0.00021114864864864866,0,True,1,-1,-0.00021114864864864866,-1,True,calibration__20200511T090000Z,1,1,-0.60234370287673489,-0.60369413979028341,gate_pass,74,16
16,97,failed_recovery_attempts_mean,C,0.00021114864864864866,0.00021114864864864866,0.00021114864864864866,0.00021114864864864866,0,True,1,1,0.00021114864864864866,1,True,calibration__20200511T090000Z,1,1,-0.60234370287673489,-0.60369413979028341,gate_pass,74,16
16,97,first_six_hour_burden_mean,A,-4.9799977389953032e-05,1.9640963707433829e-05,1.9640963707433829e-05,1.7351931281098923e-05,0.11654379390093471,True,2.5355159824008249,-1,-4.9799977389953032e-05,-1,True,calibration__20200511T090000Z,0.64600487690572461,2.0092948267562165,0.24200702990203701,0.28484414241110456,gate_pass,74,16
16,97,first_six_hour_burden_mean,AB,4.9799977389953032e-05,1.9640963707433829e-05,1.9640963707433829e-05,1.7351931281098923e-05,0.11654379390093471,True,2.5355159824008249,1,4.9799977389953032e-05,1,True,calibration__20200511T090000Z,0.64600487690572461,2.0092948267562165,0.24200702990203701,0.28484414241110456,gate_pass,74,16
16,97,first_six_hour_burden_mean,ABC,-4.9799977389953005e-05,1.9640963707433829e-05,1.9640963707433829e-05,1.7351931281098926e-05,0.11654379390093454,True,2.5355159824008235,-1,-4.9799977389953005e-05,-1,True,calibration__20200511T090000Z,0.64600487690572461,2.0092948267562165,0.24200702990203701,0.28484414241110456,gate_pass,74,16
16,97,first_six_hour_burden_mean,AC,4.9799977389953032e-05,1.9640963707433829e-05,1.9640963707433829e-05,1.7351931281098923e-05,0.11654379390093471,True,2.5355159824008249,1,4.9799977389953032e-05,1,True,calibration__20200511T090000Z,0.64600487690572461,2.0092948267562165,0.24200702990203701,0.28484414241110456,gate_pass,74,16
16,97,first_six_hour_burden_mean,B,-0.40403857131984305,0.013922147788732249,0.010152572755397304,0.013922147788732249,0.27076102700086352,False,29.021281590391364,-1,-0.40403857131984305,-1,True,calibration__20210607T170000Z,0.029066561895678435,46.095606629674485,-0.4866197056660681,-0.61233852106268472,gate_pass,74,16
16,97,first_six_hour_burden_mean,BC,4.9799977389952984e-05,1.9640963707433819e-05,1.9640963707433819e-05,1.7351931281098912e-05,0.11654379390093478,True,2.5355159824008235,1,4.9799977389952984e-05,1,True,calibration__20200511T090000Z,0.64600487690572528,2.0092948267562138,0.24300487114652577,0.2853912578262614,gate_pass,74,16
16,97,first_six_hour_burden_mean,C,-4.9799977389952984e-05,1.9640963707433819e-05,1.9640963707433819e-05,1.7351931281098912e-05,0.11654379390093478,True,2.5355159824008235,-1,-4.9799977389952984e-05,-1,True,calibration__20200511T090000Z,0.64600487690572528,2.0092948267562138,0.24300487114652577,0.2853912578262614,gate_pass,74,16
16,97,initial_gap_q4_q1_burden_contrast,A,4.6474639825323864e-06,6.0764677917869816e-06,5.9971390775013723e-06,6.0764677917869816e-06,0.013055070314505885,True,0.76482985539953785,1,4.6474639825323864e-06,1,True,calibration__20211028T220000Z,0.95837588029696064,1.0867003259052759,1.4819579275364645,1.4770727015157172,gate_pass,74,16
16,97,initial_gap_q4_q1_burden_contrast,AB,-4.6474639825323864e-06,6.0764677917869816e-06,5.9971390775013723e-06,6.0764677917869816e-06,0.013055070314505885,True,0.76482985539953785,-1,-4.6474639825323864e-06,-1,True,calibration__20211028T220000Z,0.95837588029696064,1.0867003259052759,1.4819579275364645,1.4770727015157172,gate_pass,74,16
16,97,initial_gap_q4_q1_burden_contrast,ABC,4.6474639825323864e-06,6.0764677917869816e-06,5.9971390775013723e-06,6.0764677917869816e-06,0.013055070314505885,True,0.76482985539953785,1,4.6474639825323864e-06,1,True,calibration__20211028T220000Z,0.95837588029696064,1.0867003259052759,1.4819579275364645,1.4770727015157172,gate_pass,74,16
16,97,initial_gap_q4_q1_burden_contrast,AC,-4.6474639825323864e-06,6.0764677917869816e-06,5.9971390775013723e-06,6.0764677917869816e-06,0.013055070314505885,True,0.76482985539953785,-1,-4.6474639825323864e-06,-1,True,calibration__20211028T220000Z,0.95837588029696064,1.0867003259052759,1.4819579275364645,1.4770727015157172,gate_pass,74,16
16,97,initial_gap_q4_q1_burden_contrast,B,-0.011792204128150907,0.035282021478698189,0.028036330365397592,0.035282021478698189,0.20536496520402728,False,0.33422699816875706,-1,-0.011792204128150907,-1,True,calibration__20210607T170000Z,0.057817563428082447,23.2897049887005,-0.47367343736574014,-0.56501076161042885,gate_pass,74,16
16,97,initial_gap_q4_q1_burden_contrast,BC,-4.6474639825323974e-06,6.0764677917869926e-06,5.9971390775013833e-06,6.0764677917869926e-06,0.013055070314505861,True,0.76482985539953829,-1,-4.6474639825323974e-06,-1,True,calibration__20211028T220000Z,0.95837588029696075,1.0867003259052757,1.4819579275364636,1.4770727015157146,gate_pass,74,16
16,97,initial_gap_q4_q1_burden_contrast,C,4.6474639825323974e-06,6.0764677917869926e-06,5.9971390775013833e-06,6.0764677917869926e-06,0.013055070314505861,True,0.76482985539953829,1,4.6474639825323974e-06,1,True,calibration__20211028T220000Z,0.95837588029696075,1.0867003259052757,1.4819579275364636,1.4770727015157146,gate_pass,74,16
16,97,maximum_downside_deviation_mean,A,0,0,0,0,0,True,0,0,0,0,True,calibration__20200128T020000Z,0,74,-0.20751874963941958,-0.2189689506944586,gate_pass,74,16
16,97,maximum_downside_deviation_mean,AB,0,0,0,0,0,True,0,0,0,0,True,calibration__20200128T020000Z,0,74,-0.20751874963941958,-0.2189689506944586,gate_pass,74,16
16,97,maximum_downside_deviation_mean,ABC,0,0,0,0,0,True,0,0,0,0,True,calibration__20200128T020000Z,0,74,-0.20751874963941958,-0.2189689506944586,gate_pass,74,16
16,97,maximum_downside_deviation_mean,AC,0,0,0,0,0,True,0,0,0,0,True,calibration__20200128T020000Z,0,74,-0.20751874963941958,-0.2189689506944586,gate_pass,74,16
16,97,maximum_downside_deviation_mean,B,-0.33654983108108111,0.0013439209253072954,0.0013439209253072954,0.0013264666659851254,0.012987564218615704,True,250.4238342773977,-1,-0.33654983108108111,-1,True,calibration__20210218T110000Z,0.25161290322580654,6.0228127350213096,-0.48637175125294341,-0.4912803360308326,gate_pass,74,16
16,97,maximum_downside_deviation_mean,BC,0,0,0,0,0,True,0,0,0,0,True,calibration__20200128T020000Z,0,74,-0.76053956834458014,-0.76282331240199264,gate_pass,74,16
16,97,maximum_downside_deviation_mean,C,8.6267329616143917e-18,0,0,0,0,True,inf,1,8.6267329616143917e-18,1,True,calibration__20200128T020000Z,0,74,-0.76053956834458014,-0.76282331240199264,gate_pass,74,16
16,97,recovery_completion_hours_mean,A,-0.88914695945945943,0.098565416509454204,0.096512118494392021,0.098565416509454204,0.020831830146684709,True,9.0208816737884341,-1,-0.88914695945945943,-1,True,calibration__20210920T030000Z,0.82563593482906505,1.4390250737022634,-0.29892557117981694,-0.30555728234930979,gate_pass,74,16
16,97,recovery_completion_hours_mean,AB,-0.88914695945945943,0.098565416509454204,0.096512118494392021,0.098565416509454204,0.020831830146684709,True,9.0208816737884341,-1,-0.88914695945945943,-1,True,calibration__20210920T030000Z,0.82563593482906505,1.4390250737022634,-0.30138301525404659,-0.34346332760915183,gate_pass,74,16
16,97,recovery_completion_hours_mean,ABC,0.88914695945945943,0.098565416509454204,0.096512118494392021,0.098565416509454204,0.020831830146684709,True,9.0208816737884341,1,0.88914695945945943,1,True,calibration__20210920T030000Z,0.82563593482906505,1.4390250737022634,-0.30138301525404659,-0.34346332760915183,gate_pass,74,16
16,97,recovery_completion_hours_mean,AC,0.88914695945945943,0.098565416509454204,0.096512118494392021,0.098565416509454204,0.020831830146684709,True,9.0208816737884341,1,0.88914695945945943,1,True,calibration__20210920T030000Z,0.82563593482906505,1.4390250737022634,-0.29892557117981694,-0.30555728234930979,gate_pass,74,16
16,97,recovery_completion_hours_mean,B,-460.52132601351349,1.8871696815930674,1.8871696815930674,1.8674492044251922,0.010449763664721444,True,244.0275140626259,-1,-460.52132601351349,-1,True,calibration__20210218T110000Z,0.25154613620167926,6.0511425493841244,-0.48694423356149613,-0.49427634278031041,gate_pass,74,16
16,97,recovery_completion_hours_mean,BC,-1.0977618243243243,0.11942160146264082,0.1028548826554726,0.11942160146264082,0.1387246411391565,True,9.1923220831010379,-1,-1.0977618243243243,-1,True,calibration__20210920T030000Z,0.8388606857698665,1.3991078890345703,-0.20656528272251518,-0.31110823667319165,gate_pass,74,16
16,97,recovery_completion_hours_mean,C,-1.0977618243243243,0.11942160146264082,0.1028548826554726,0.11942160146264082,0.1387246411391565,True,9.1923220831010379,-1,-1.0977618243243243,-1,True,calibration__20210920T030000Z,0.8388606857698665,1.3991078890345703,-0.1922657074078668,-0.24215893380583867,gate_pass,74,16
16,100,failed_recovery_attempts_mean,A,-0.0021114864864864866,0.00076325685313772282,0.00076325685313772282,0.00074751790807160777,0.020620771371279257,True,2.7664166758624411,-1,-0.0021114864864864866,-1,True,calibration__20210616T110000Z,0.40816326530612251,3.1706833938593584,-0.2762416645090065,-0.27718555358127356,gate_pass,74,16
16,100,failed_recovery_attempts_mean,AB,0.0021114864864864866,0.00076325685313772282,0.00076325685313772282,0.00074751790807160777,0.020620771371279257,True,2.7664166758624411,1,0.0021114864864864866,1,True,calibration__20210616T110000Z,0.40816326530612251,3.1706833938593584,-0.2762416645090065,-0.27718555358127356,gate_pass,74,16
16,100,failed_recovery_attempts_mean,ABC,-0.0021114864864864866,0.00076325685313772282,0.00076325685313772282,0.00074751790807160777,0.020620771371279257,True,2.7664166758624411,-1,-0.0021114864864864866,-1,True,calibration__20210616T110000Z,0.40816326530612251,3.1706833938593584,-0.2762416645090065,-0.27718555358127356,gate_pass,74,16
16,100,failed_recovery_attempts_mean,AC,0.0021114864864864866,0.00076325685313772282,0.00076325685313772282,0.00074751790807160777,0.020620771371279257,True,2.7664166758624411,1,0.0021114864864864866,1,True,calibration__20210616T110000Z,0.40816326530612251,3.1706833938593584,-0.2762416645090065,-0.27718555358127356,gate_pass,74,16
16,100,failed_recovery_attempts_mean,B,-0.109375,0.015444384635528491,0.013240215715026083,0.015444384635528491,0.14271652594250375,True,7.0818619570243113,-1,-0.109375,-1,True,calibration__20210212T030000Z,0.11285181417429638,20.288036617468705,-0.40975816604165127,-0.45326520950639987,gate_pass,74,16
16,100,failed_recovery_attempts_mean,BC,0.0021114864864864866,0.00076325685313772282,0.00076325685313772282,0.00074751790807160777,0.020620771371279257,True,2.7664166758624411,1,0.0021114864864864866,1,True,calibration__20210616T110000Z,0.40816326530612251,3.1706833938593584,-0.23265362562521591,-0.18325076386993461,gate_pass,74,16
16,100,failed_recovery_attempts_mean,C,-0.0021114864864864866,0.00076325685313772282,0.00076325685313772282,0.00074751790807160777,0.020620771371279257,True,2.7664166758624411,-1,-0.0021114864864864866,-1,True,calibration__20210616T110000Z,0.40816326530612251,3.1706833938593584,-0.23265362562521591,-0.18325076386993461,gate_pass,74,16
16,100,first_six_hour_burden_mean,A,-6.2643211556149192e-08,3.9581127299637197e-08,3.9581127299637197e-08,3.7543289022045737e-08,0.05148509950625229,True,1.5826535480388753,-1,-6.2643211556149192e-08,-1,True,calibration__20210306T130000Z,0.73780659747722177,1.7274099069802207,-0.19700500598982795,-0.17226951993054418,gate_pass,74,16
16,100,first_six_hour_burden_mean,AB,6.2643211556149192e-08,3.9581127299637197e-08,3.9581127299637197e-08,3.7543289022045737e-08,0.05148509950625229,True,1.5826535480388753,1,6.2643211556149192e-08,1,True,calibration__20210306T130000Z,0.73780659747722177,1.7274099069802207,-0.19700500598982795,-0.17226951993054418,gate_pass,74,16
16,100,first_six_hour_burden_mean,ABC,-6.2643211556149192e-08,3.9581127299637197e-08,3.9581127299637197e-08,3.7543289022045737e-08,0.05148509950625229,True,1.5826535480388753,-1,-6.2643211556149192e-08,-1,True,calibration__20210306T130000Z,0.73780659747722177,1.7274099069802207,-0.19700500598982795,-0.17226951993054418,gate_pass,74,16
16,100,first_six_hour_burden_mean,AC,6.2643211556149192e-08,3.9581127299637197e-08,3.9581127299637197e-08,3.7543289022045737e-08,0.05148509950625229,True,1.5826535480388753,1,6.2643211556149192e-08,1,True,calibration__20210306T130000Z,0.73780659747722177,1.7274099069802207,-0.19700500598982795,-0.17226951993054418,gate_pass,74,16
16,100,first_six_hour_burden_mean,B,-0.0017549693229204375,0.00085331734778825688,0.00058215457937725807,0.00085331734778825688,0.31777482212665087,False,2.0566432025192078,-1,-0.0017549693229204375,-1,True,calibration__20210421T210000Z,0.34492029331816332,4.9332223752337541,-0.429069733934756,-0.63398316793424725,gate_pass,74,16
16,100,first_six_hour_burden_mean,BC,6.2643211556150105e-08,3.9581127299637521e-08,3.9581127299637521e-08,3.7543289022046001e-08,0.051485099506253372,True,1.5826535480388852,1,6.2643211556150105e-08,1,True,calibration__20210306T130000Z,0.73780659747720967,1.727409906980266,-0.19700500598983123,-0.17226951993055231,gate_pass,74,16
16,100,first_six_hour_burden_mean,C,-6.2643211556150105e-08,3.9581127299637521e-08,3.9581127299637521e-08,3.7543289022046001e-08,0.051485099506253372,True,1.5826535480388852,-1,-6.2643211556150105e-08,-1,True,calibration__20210306T130000Z,0.73780659747720967,1.727409906980266,-0.19700500598983123,-0.17226951993055231,gate_pass,74,16
16,100,initial_gap_q4_q1_burden_contrast,A,1.8623233645694089e-07,1.4293374405980921e-07,1.4293374405980921e-07,1.3957038843371459e-07,0.023530871931034352,True,1.3029277143892195,1,1.8623233645694089e-07,1,True,calibration__20210306T130000Z,0.858233673075396,1.321592780518311,-1.0000000000000016,-0.98999212452084273,gate_pass,74,16
16,100,initial_gap_q4_q1_burden_contrast,AB,-1.8623233645694089e-07,1.4293374405980921e-07,1.4293374405980921e-07,1.3957038843371459e-07,0.023530871931034352,True,1.3029277143892195,-1,-1.8623233645694089e-07,-1,True,calibration__20210306T130000Z,0.858233673075396,1.321592780518311,-1.0000000000000016,-0.98999212452084273,gate_pass,74,16
16,100,initial_gap_q4_q1_burden_contrast,ABC,1.8623233645694089e-07,1.4293374405980921e-07,1.4293374405980921e-07,1.3957038843371459e-07,0.023530871931034352,True,1.3029277143892195,1,1.8623233645694089e-07,1,True,calibration__20210306T130000Z,0.858233673075396,1.321592780518311,-1.0000000000000016,-0.98999212452084273,gate_pass,74,16
16,100,initial_gap_q4_q1_burden_contrast,AC,-1.8623233645694089e-07,1.4293374405980921e-07,1.4293374405980921e-07,1.3957038843371459e-07,0.023530871931034352,True,1.3029277143892195,-1,-1.8623233645694089e-07,-1,True,calibration__20210306T130000Z,0.858233673075396,1.321592780518311,-1.0000000000000016,-0.98999212452084273,gate_pass,74,16
16,100,initial_gap_q4_q1_burden_contrast,B,-0.0040945278450921913,0.0025412782241361867,0.0020693672676071638,0.0025412782241361867,0.18569826477359896,False,1.6112080157944824,-1,-0.0040945278450921913,-1,True,calibration__20210421T210000Z,0.41407257760002641,3.5750577646021773,-0.46775696648746906,-0.52442723425938853,gate_pass,74,16
16,100,initial_gap_q4_q1_burden_contrast,BC,-1.8623233645694375e-07,1.4293374405981029e-07,1.4293374405981029e-07,1.3957038843371552e-07,0.023530871931035285,True,1.3029277143892297,-1,-1.8623233645694375e-07,-1,True,calibration__20210306T130000Z,0.85823367307538312,1.3215927805183434,-1.0000000000000024,-0.98999212452084195,gate_pass,74,16
16,100,initial_gap_q4_q1_burden_contrast,C,1.8623233645694375e-07,1.4293374405981029e-07,1.4293374405981029e-07,1.3957038843371552e-07,0.023530871931035285,True,1.3029277143892297,1,1.8623233645694375e-07,1,True,calibration__20210306T130000Z,0.85823367307538312,1.3215927805183434,-1.0000000000000024,-0.98999212452084195,gate_pass,74,16
16,100,maximum_downside_deviation_mean,A,-4.4485137849594104e-06,1.4338102854190345e-06,1.4338102854190345e-06,1.3333723772576755e-06,0.070049649652224183,True,3.1025818619088241,-1,-4.4485137849594104e-06,-1,True,calibration__20200509T220000Z,0.279150141415694,4.7937230755264109,-0.51922159533199719,-0.46253762943157267,gate_pass,74,16
16,100,maximum_downside_deviation_mean,AB,4.4485137849594104e-06,1.4338102854190345e-06,1.4338102854190345e-06,1.3333723772576755e-06,0.070049649652224183,True,3.1025818619088241,1,4.4485137849594104e-06,1,True,calibration__20200509T220000Z,0.279150141415694,4.7937230755264109,-0.51922159533199719,-0.46253762943157267,gate_pass,74,16
16,100,maximum_downside_deviation_mean,ABC,-4.4485137849594104e-06,1.4338102854190345e-06,1.4338102854190345e-06,1.3333723772576755e-06,0.070049649652224183,True,3.1025818619088241,-1,-4.4485137849594104e-06,-1,True,calibration__20200509T220000Z,0.279150141415694,4.7937230755264109,-0.51922159533199719,-0.46253762943157267,gate_pass,74,16
16,100,maximum_downside_deviation_mean,AC,4.4485137849594104e-06,1.4338102854190345e-06,1.4338102854190345e-06,1.3333723772576755e-06,0.070049649652224183,True,3.1025818619088241,1,4.4485137849594104e-06,1,True,calibration__20200509T220000Z,0.279150141415694,4.7937230755264109,-0.51922159533199719,-0.46253762943157267,gate_pass,74,16
16,100,maximum_downside_deviation_mean,B,-0.00016823223961481948,1.7707886693697265e-05,1.7707886693697265e-05,1.707400175351401e-05,0.035796758311587358,True,9.5004131506385825,-1,-0.00016823223961481948,-1,True,calibration__20210328T190000Z,0.18269297472783902,15.544466599351429,-0.51326250013916752,-0.50387225715481609,gate_pass,74,16
16,100,maximum_downside_deviation_mean,BC,4.8936357324206015e-06,1.4527791398592409e-06,1.4527791398592409e-06,1.3384097813081144e-06,0.078724532458669366,True,3.368465032403166,1,4.8936357324206015e-06,1,True,calibration__20200509T220000Z,0.30158247129382065,4.6800342303057869,-0.45610372762731349,-0.39208836788812435,gate_pass,74,16
16,100,maximum_downside_deviation_mean,C,-4.8936357324206015e-06,1.4527791398592409e-06,1.4527791398592409e-06,1.3384097813081144e-06,0.078724532458669366,True,3.368465032403166,-1,-4.8936357324206015e-06,-1,True,calibration__20200509T220000Z,0.30158247129382065,4.6800342303057869,-0.45610372762731349,-0.39208836788812435,gate_pass,74,16
16,100,recovery_completion_hours_mean,A,-4.3055320945945947,0.32346230352439403,0.29604213732680557,0.32346230352439403,0.084770824602504471,True,13.310769284959017,-1,-4.3055320945945947,-1,True,calibration__20210920T030000Z,0.35099846210440699,4.0597815363785754,-0.44222711429214412,-0.47334729352235344,gate_pass,74,16
16,100,recovery_completion_hours_mean,AB,0.028082770270270271,0.027926540811463983,0.024657545866396711,0.027926540811463983,0.11705692327369573,True,1.0055943004133958,1,0.028082770270270271,1,True,calibration__20200509T220000Z,0.51913158679487859,2.7855574761934387,-0.18272186318616201,-0.21497081459802356,gate_pass,74,16
16,100,recovery_completion_hours_mean,ABC,-0.028082770270270271,0.027926540811463983,0.024657545866396711,0.027926540811463983,0.11705692327369573,True,1.0055943004133958,-1,-0.028082770270270271,-1,True,calibration__20200509T220000Z,0.51913158679487859,2.7855574761934387,-0.18272186318616201,-0.21497081459802356,gate_pass,74,16
16,100,recovery_completion_hours_mean,AC,4.3055320945945947,0.32346230352439403,0.29604213732680557,0.32346230352439403,0.084770824602504471,True,13.310769284959017,1,4.3055320945945947,1,True,calibration__20210920T030000Z,0.35099846210440699,4.0597815363785754,-0.44222711429214412,-0.47334729352235344,gate_pass,74,16
16,100,recovery_completion_hours_mean,B,-1.0179476351351351,0.16999676357345433,0.14423301294207064,0.16999676357345433,0.15155435956433003,False,5.9880412646520034,-1,-1.0179476351351351,-1,True,calibration__20201201T230000Z,0.092720108459209707,22.994324016918775,-0.47413111630961657,-0.54052119452957226,gate_pass,74,16
16,100,recovery_completion_hours_mean,BC,0.029771959459459461,0.028200217558088676,0.025515576397894452,0.028200217558088676,0.095199306695567948,True,1.0557350984308262,1,0.029771959459459461,1,True,calibration__20200509T220000Z,0.54811656265265396,2.6412665106505049,-0.21340445843238762,-0.29158931173582464,gate_pass,74,16
16,100,recovery_completion_hours_mean,C,-5.1771537162162158,0.36972244142162142,0.30585661740754794,0.36972244142162142,0.17273991745943987,False,14.002811666799339,-1,-5.1771537162162158,-1,True,calibration__20210920T030000Z,0.37945815974632185,3.8064395894171956,-0.44960768491309738,-0.51974018559756396,gate_pass,74,16
16,103,failed_recovery_attempts_mean,A,-0.0038006756756756759,0.0024840272246372877,0.0024840272246372877,0.0021780062429438561,0.12319550231101678,True,1.5300459020656032,-1,-0.0038006756756756759,-1,True,calibration__20211210T180000Z,0.19845857418111751,7.8210537013109569,-0.57469335809078015,-0.48986789408514869,gate_pass,74,16
16,103,failed_recovery_attempts_mean,AB,0.0038006756756756759,0.0024840272246372877,0.0024840272246372877,0.0021780062429438561,0.12319550231101678,True,1.5300459020656032,1,0.0038006756756756759,1,True,calibration__20211210T180000Z,0.19845857418111751,7.8210537013109569,-0.57469335809078015,-0.48986789408514869,gate_pass,74,16
16,103,failed_recovery_attempts_mean,ABC,-0.0038006756756756759,0.0024840272246372877,0.0024840272246372877,0.0021780062429438561,0.12319550231101678,True,1.5300459020656032,-1,-0.0038006756756756759,-1,True,calibration__20211210T180000Z,0.19845857418111751,7.8210537013109569,-0.57469335809078015,-0.48986789408514869,gate_pass,74,16
16,103,failed_recovery_attempts_mean,AC,0.0038006756756756759,0.0024840272246372877,0.0024840272246372877,0.0021780062429438561,0.12319550231101678,True,1.5300459020656032,1,0.0038006756756756759,1,True,calibration__20211210T180000Z,0.19845857418111751,7.8210537013109569,-0.57469335809078015,-0.48986789408514869,gate_pass,74,16
16,103,failed_recovery_attempts_mean,B,-0.16216216216216217,0.021820419141306915,0.018726714804371217,0.021820419141306915,0.14178024339959597,True,7.4316703594012452,-1,-0.16216216216216217,-1,True,calibration__20201201T230000Z,0.24829643692578909,11.638192781789252,-0.58346192405645125,-0.66166724590369663,gate_pass,74,16
16,103,failed_recovery_attempts_mean,BC,0.0050675675675675678,0.0025825819005778133,0.0025825819005778133,0.0022239209074472409,0.13887690959590765,True,1.9622098205031859,1,0.0050675675675675678,1,True,calibration__20211210T180000Z,0.18360071301247768,8.4795031725289967,-0.56337206642983551,-0.46687280506198542,gate_pass,74,16
16,103,failed_recovery_attempts_mean,C,-0.0050675675675675678,0.0025825819005778133,0.0025825819005778133,0.0022239209074472409,0.13887690959590765,True,1.9622098205031859,-1,-0.0050675675675675678,-1,True,calibration__20211210T180000Z,0.18360071301247768,8.4795031725289967,-0.56337206642983551,-0.46687280506198542,gate_pass,74,16
16,103,first_six_hour_burden_mean,A,-0.00026124239214851246,0.00015558892138634243,0.00015558892138634243,0.0001469387005553725,0.055596637304854063,True,1.6790552297732189,-1,-0.00026124239214851246,-1,True,calibration__20200511T090000Z,0.78943715381877266,1.5595299468107255,-0.57008603516564371,-0.56067048932715968,gate_pass,74,16
16,103,first_six_hour_burden_mean,AB,0.00026124239214851246,0.00015558892138634243,0.00015558892138634243,0.0001469387005553725,0.055596637304854063,True,1.6790552297732189,1,0.00026124239214851246,1,True,calibration__20200511T090000Z,0.78943715381877266,1.5595299468107255,-0.57008603516564371,-0.56067048932715968,gate_pass,74,16
16,103,first_six_hour_burden_mean,ABC,-0.00026124239214851246,0.00015558892138634243,0.00015558892138634243,0.0001469387005553725,0.055596637304854063,True,1.6790552297732189,-1,-0.00026124239214851246,-1,True,calibration__20200511T090000Z,0.78943715381877266,1.5595299468107255,-0.57008603516564371,-0.56067048932715968,gate_pass,74,16
16,103,first_six_hour_burden_mean,AC,0.00026124239214851246,0.00015558892138634243,0.00015558892138634243,0.0001469387005553725,0.055596637304854063,True,1.6790552297732189,1,0.00026124239214851246,1,True,calibration__20200511T090000Z,0.78943715381877266,1.5595299468107255,-0.57008603516564371,-0.56067048932715968,gate_pass,74,16
16,103,first_six_hour_burden_mean,B,-0.025727095950217237,0.0038647862748527198,0.0038647862748527198,0.0036478244130652049,0.056138126757289568,True,6.6567965524038328,-1,-0.025727095950217237,-1,True,calibration__20200523T100000Z,0.18867830015778622,9.4134501534088333,-0.53174096982858066,-0.49744605628599026,gate_pass,74,16
16,103,first_six_hour_burden_mean,BC,0.00026124239214851246,0.00015558892138634243,0.00015558892138634243,0.0001469387005553725,0.055596637304854063,True,1.6790552297732189,1,0.00026124239214851246,1,True,calibration__20200511T090000Z,0.78943715381877266,1.5595299468107255,-0.3622202439608681,-0.31647869666132272,gate_pass,74,16
16,103,first_six_hour_burden_mean,C,-0.00026124239214851246,0.00015558892138634243,0.00015558892138634243,0.0001469387005553725,0.055596637304854063,True,1.6790552297732189,-1,-0.00026124239214851246,-1,True,calibration__20200511T090000Z,0.78943715381877266,1.5595299468107255,-0.3622202439608681,-0.31647869666132272,gate_pass,74,16
16,103,initial_gap_q4_q1_burden_contrast,A,0.00036385228878113964,0.0002585673073478482,0.0002585673073478482,0.00024997657901152683,0.033224340789395873,True,1.4071859761127981,1,0.00036385228878113964,1,True,calibration__20210325T210000Z,0.59907335969597775,1.9244423104444413,-0.48288143849720389,-0.46229230932577803,gate_pass,74,16
16,103,initial_gap_q4_q1_burden_contrast,AB,-0.00036385228878113964,0.0002585673073478482,0.0002585673073478482,0.00024997657901152683,0.033224340789395873,True,1.4071859761127981,-1,-0.00036385228878113964,-1,True,calibration__20210325T210000Z,0.59907335969597775,1.9244423104444413,-0.48288143849720389,-0.46229230932577803,gate_pass,74,16
16,103,initial_gap_q4_q1_burden_contrast,ABC,0.00036385228878113964,0.0002585673073478482,0.0002585673073478482,0.00024997657901152683,0.033224340789395873,True,1.4071859761127981,1,0.00036385228878113964,1,True,calibration__20210325T210000Z,0.59907335969597775,1.9244423104444413,-0.48288143849720389,-0.46229230932577803,gate_pass,74,16
16,103,initial_gap_q4_q1_burden_contrast,AC,-0.00036385228878113964,0.0002585673073478482,0.0002585673073478482,0.00024997657901152683,0.033224340789395873,True,1.4071859761127981,-1,-0.00036385228878113964,-1,True,calibration__20210325T210000Z,0.59907335969597775,1.9244423104444413,-0.48288143849720389,-0.46229230932577803,gate_pass,74,16
16,103,initial_gap_q4_q1_burden_contrast,B,0.014781730496338834,0.014160229661902687,0.010385964817031048,0.014160229661902687,0.26653980443735947,False,1.0438905900028064,1,0.014781730496338834,1,True,calibration__20210715T050000Z,0.321003019036119,4.8445902970515391,-0.51144460245747092,-0.6356891712472269,gate_pass,74,16
16,103,initial_gap_q4_q1_burden_contrast,BC,-0.00036385228878113964,0.0002585673073478482,0.0002585673073478482,0.00024997657901152683,0.033224340789395873,True,1.4071859761127981,-1,-0.00036385228878113964,-1,True,calibration__20210325T210000Z,0.59907335969597775,1.9244423104444413,-0.48288143849720389,-0.46229230932577803,gate_pass,74,16
16,103,initial_gap_q4_q1_burden_contrast,C,0.00036385228878113964,0.0002585673073478482,0.0002585673073478482,0.00024997657901152683,0.033224340789395873,True,1.4071859761127981,1,0.00036385228878113964,1,True,calibration__20210325T210000Z,0.59907335969597775,1.9244423104444413,-0.48288143849720389,-0.46229230932577803,gate_pass,74,16
16,103,maximum_downside_deviation_mean,A,-0.007002009785896891,0.00082548488356404823,0.00067017037760956166,0.00082548488356404823,0.18814942471618976,False,8.482299222325631,-1,-0.007002009785896891,-1,True,calibration__20210616T110000Z,0.09729186906531842,13.621635366534015,-0.51447982780690882,-0.61706109085340066,gate_pass,74,16
16,103,maximum_downside_deviation_mean,AB,0.007002009785896891,0.00082548488356404823,0.00067017037760956166,0.00082548488356404823,0.18814942471618976,False,8.482299222325631,1,0.007002009785896891,1,True,calibration__20210616T110000Z,0.09729186906531842,13.621635366534015,-0.51053240726450799,-0.60719526875913488,gate_pass,74,16
16,103,maximum_downside_deviation_mean,ABC,-0.007002009785896891,0.00082548488356404823,0.00067017037760956166,0.00082548488356404823,0.18814942471618976,False,8.482299222325631,-1,-0.007002009785896891,-1,True,calibration__20210616T110000Z,0.09729186906531842,13.621635366534015,-0.51053240726450799,-0.60719526875913488,gate_pass,74,16
16,103,maximum_downside_deviation_mean,AC,0.007002009785896891,0.00082548488356404823,0.00067017037760956166,0.00082548488356404823,0.18814942471618976,False,8.482299222325631,1,0.007002009785896891,1,True,calibration__20210616T110000Z,0.09729186906531842,13.621635366534015,-0.51447982780690882,-0.61706109085340066,gate_pass,74,16
16,103,maximum_downside_deviation_mean,B,-0.079771626130866094,0.0055565447893777863,0.004150826205021301,0.0055565447893777863,0.25298429827178548,False,14.356336384323251,-1,-0.079771626130866094,-1,True,calibration__20200317T160000Z,0.040874294772473535,37.144848933733172,-0.50405236749254012,-0.65123955452787485,gate_pass,74,16
16,103,maximum_downside_deviation_mean,BC,0.0082566474081583428,0.00099481509048400703,0.00074238731356543258,0.00099481509048400703,0.25374341355815266,False,8.2996805005654259,1,0.0082566474081583428,1,True,calibration__20200509T220000Z,0.12689652314728603,12.012640442621931,-0.49505125152284696,-0.62240439331004627,gate_pass,74,16
16,103,maximum_downside_deviation_mean,C,-0.0082566474081583428,0.00099481509048400703,0.00074238731356543258,0.00099481509048400703,0.25374341355815266,False,8.2996805005654259,-1,-0.0082566474081583428,-1,True,calibration__20200509T220000Z,0.12689652314728603,12.012640442621931,-0.49544677077389154,-0.63045774935515919,gate_pass,74,16
16,103,recovery_completion_hours_mean,A,-11.087626689189189,1.1050557876243101,0.91473195391294659,1.1050557876243101,0.17223006823983861,False,10.033544743497322,-1,-11.087626689189189,-1,True,calibration__20210616T110000Z,0.11885590763675224,12.580814263333007,-0.5029066079656167,-0.59190641440175673,gate_pass,74,16
16,103,recovery_completion_hours_mean,AB,6.8101773648648649,0.97744185816376328,0.85687656822970493,0.97744185816376328,0.12334778680396816,True,6.967347784407929,1,6.8101773648648649,1,True,calibration__20210228T030000Z,0.11589743067022608,12.180563740007987,-0.5144513150025285,-0.58089109855661525,gate_pass,74,16
16,103,recovery_completion_hours_mean,ABC,-6.8101773648648649,0.97744185816376328,0.85687656822970493,0.97744185816376328,0.12334778680396816,True,6.967347784407929,-1,-6.8101773648648649,-1,True,calibration__20210228T030000Z,0.11589743067022608,12.180563740007987,-0.5144513150025285,-0.58089109855661525,gate_pass,74,16
16,103,recovery_completion_hours_mean,AC,11.087626689189189,1.1050557876243101,0.91473195391294659,1.1050557876243101,0.17223006823983861,False,10.033544743497322,1,11.087626689189189,1,True,calibration__20210616T110000Z,0.11885590763675224,12.580814263333007,-0.5029066079656167,-0.59190641440175673,gate_pass,74,16
16,103,recovery_completion_hours_mean,B,-100.21389358108108,7.93566817239196,5.5189984396185938,7.93566817239196,0.30453260900965018,False,12.628286793760269,-1,-100.21389358108108,-1,True,calibration__20200523T100000Z,0.045248652780092539,36.290638841805126,-0.50103380217140769,-0.68807924996161596,gate_pass,74,16
16,103,recovery_completion_hours_mean,BC,8.104940878378379,1.1880669512106277,0.95355572419203083,1.1880669512106277,0.19738889864719525,False,6.8219563469209623,1,8.104940878378379,1,True,calibration__20210920T030000Z,0.15813163596078017,10.296449085990515,-0.49762004565140006,-0.59819917169815706,gate_pass,74,16
16,103,recovery_completion_hours_mean,C,-13.252322635135135,1.295838661506012,1.0262417246778062,1.295838661506012,0.20804822763574804,False,10.226830722686886,-1,-13.252322635135135,-1,True,calibration__20210616T110000Z,0.14827382971371239,11.078220491550555,-0.49484815119052289,-0.60219636411501154,gate_pass,74,16
16,116,failed_recovery_attempts_mean,A,-0.0050675675675675678,0.0010738868875428294,0.0010738868875428294,0.0008722935464431119,0.18772306789310475,False,4.718902545837687,-1,-0.0050675675675675678,-1,True,calibration__20200511T090000Z,0.23711340206185572,5.7529807398349115,-0.49790892518210511,-0.41804806419863111,gate_pass,74,16
16,116,failed_recovery_attempts_mean,AB,0.0050675675675675678,0.0010738868875428294,0.0010738868875428294,0.0008722935464431119,0.18772306789310475,False,4.718902545837687,1,0.0050675675675675678,1,True,calibration__20200511T090000Z,0.23711340206185572,5.7529807398349115,-0.49393484675213778,-0.40546988209168389,gate_pass,74,16
16,116,failed_recovery_attempts_mean,ABC,-0.0050675675675675678,0.0010738868875428294,0.0010738868875428294,0.0008722935464431119,0.18772306789310475,False,4.718902545837687,-1,-0.0050675675675675678,-1,True,calibration__20200511T090000Z,0.23711340206185572,5.7529807398349115,-0.49393484675213778,-0.40546988209168389,gate_pass,74,16
16,116,failed_recovery_attempts_mean,AC,0.0050675675675675678,0.0010738868875428294,0.0010738868875428294,0.0008722935464431119,0.18772306789310475,False,4.718902545837687,1,0.0050675675675675678,1,True,calibration__20200511T090000Z,0.23711340206185572,5.7529807398349115,-0.49790892518210511,-0.41804806419863111,gate_pass,74,16
16,116,failed_recovery_attempts_mean,B,-0.25464527027027029,0.014010260455820649,0.014010260455820649,0.012050897931207482,0.13985196997527174,True,18.175627146494364,-1,-0.25464527027027029,-1,True,calibration__20210212T030000Z,0.13179890975166564,26.527293161662826,-0.51970704476797325,-0.47081196314041235,gate_pass,74,16
16,116,failed_recovery_attempts_mean,BC,0.0054898648648648652,0.0011226014660685184,0.0011226014660685184,0.00091875950856310363,0.18157998512089346,False,4.8903061601113116,1,0.0054898648648648652,1,True,calibration__20200511T090000Z,0.30188679245283018,5.273879371039663,-0.48373721439596812,-0.40321852193681368,gate_pass,74,16
16,116,failed_recovery_attempts_mean,C,-0.0054898648648648652,0.0011226014660685184,0.0011226014660685184,0.00091875950856310363,0.18157998512089346,False,4.8903061601113116,-1,-0.0054898648648648652,-1,True,calibration__20200511T090000Z,0.30188679245283018,5.273879371039663,-0.48725442898008536,-0.41498880100068841,gate_pass,74,16
16,116,first_six_hour_burden_mean,A,-0.00068827539952194018,0.00030232394402934722,0.00030232394402934722,0.00029422520065484241,0.026788296244635662,True,2.2766155745015282,-1,-0.00068827539952194018,-1,True,calibration__20210613T040000Z,0.45347979326400584,3.1157241719746809,-0.36997272980205703,-0.36351047628083571,gate_pass,74,16
16,116,first_six_hour_burden_mean,AB,0.00068827539952194018,0.00030232394402934722,0.00030232394402934722,0.00029422520065484241,0.026788296244635662,True,2.2766155745015282,1,0.00068827539952194018,1,True,calibration__20210613T040000Z,0.45347979326400584,3.1157241719746809,-0.36997272980205703,-0.36351047628083571,gate_pass,74,16
16,116,first_six_hour_burden_mean,ABC,-0.00068827539952194018,0.00030232394402934722,0.00030232394402934722,0.00029422520065484241,0.026788296244635662,True,2.2766155745015282,-1,-0.00068827539952194018,-1,True,calibration__20210613T040000Z,0.45347979326400584,3.1157241719746809,-0.36997272980205703,-0.36351047628083571,gate_pass,74,16
16,116,first_six_hour_burden_mean,AC,0.00068827539952194018,0.00030232394402934722,0.00030232394402934722,0.00029422520065484241,0.026788296244635662,True,2.2766155745015282,1,0.00068827539952194018,1,True,calibration__20210613T040000Z,0.45347979326400584,3.1157241719746809,-0.36997272980205703,-0.36351047628083571,gate_pass,74,16
16,116,first_six_hour_burden_mean,B,-0.1400191733345848,0.0086237316857940109,0.0086237316857940109,0.007330292791116644,0.14998598539517019,True,16.236494644799798,-1,-0.1400191733345848,-1,True,calibration__20210605T110000Z,0.040286117430949023,39.78374509368102,-0.49526128391851498,-0.44598065066831422,gate_pass,74,16
16,116,first_six_hour_burden_mean,BC,0.00082459528138549619,0.0003298984275113151,0.0003298984275113151,0.00030437065573302744,0.077380701602198745,True,2.499542927821969,1,0.00082459528138549619,1,True,calibration__20210613T040000Z,0.38083998407554776,3.9147249402962521,-0.39523373159978792,-0.37507851701151107,gate_pass,74,16
16,116,first_six_hour_burden_mean,C,-0.00082459528138549619,0.0003298984275113151,0.0003298984275113151,0.00030437065573302744,0.077380701602198745,True,2.499542927821969,-1,-0.00082459528138549619,-1,True,calibration__20210613T040000Z,0.38083998407554776,3.9147249402962521,-0.39523373159978792,-0.37507851701151107,gate_pass,74,16
16,116,initial_gap_q4_q1_burden_contrast,A,-9.2982753849694215e-05,0.0001937169275317777,0.00018900058080247283,0.0001937169275317777,0.024346590612383059,True,0.47999292077581163,-1,-9.2982753849694215e-05,-1,True,calibration__20200807T180000Z,0.85617494751938172,1.3284525524376427,0.27177959907321364,0.2385179160622769,gate_pass,74,16
16,116,initial_gap_q4_q1_burden_contrast,AB,9.2982753849694133e-05,0.00019371692753177765,0.00018900058080247283,0.00019371692753177765,0.024346590612382785,True,0.47999292077581135,1,9.2982753849694133e-05,1,True,calibration__20200807T180000Z,0.85617494751938172,1.3284525524376427,0.27177959907321364,0.2385179160622769,gate_pass,74,16
16,116,initial_gap_q4_q1_burden_contrast,ABC,-9.2982753849694133e-05,0.00019371692753177765,0.00018900058080247283,0.00019371692753177765,0.024346590612382785,True,0.47999292077581135,-1,-9.2982753849694133e-05,-1,True,calibration__20200807T180000Z,0.85617494751938172,1.3284525524376427,0.27177959907321364,0.2385179160622769,gate_pass,74,16
16,116,initial_gap_q4_q1_burden_contrast,AC,9.2982753849694133e-05,0.00019371692753177765,0.00018900058080247283,0.00019371692753177765,0.024346590612382785,True,0.47999292077581135,1,9.2982753849694133e-05,1,True,calibration__20200807T180000Z,0.85617494751938172,1.3284525524376427,0.27177959907321364,0.2385179160622769,gate_pass,74,16
16,116,initial_gap_q4_q1_burden_contrast,B,0.097149450839202664,0.023558381006684375,0.023558381006684375,0.022700654093886736,0.036408567827911041,True,4.1237744992594276,1,0.097149450839202664,1,True,calibration__20210605T110000Z,0.08188629857885138,18.891680892398519,-0.48754610487901723,-0.47852444675682826,gate_pass,74,16
16,116,initial_gap_q4_q1_burden_contrast,BC,9.2982753849694133e-05,0.00019371692753177765,0.00018900058080247283,0.00019371692753177765,0.024346590612382785,True,0.47999292077581135,1,9.2982753849694133e-05,1,True,calibration__20200807T180000Z,0.85617494751938172,1.3284525524376427,0.27177959907321364,0.2385179160622769,gate_pass,74,16
16,116,initial_gap_q4_q1_burden_contrast,C,-9.2982753849694133e-05,0.00019371692753177765,0.00018900058080247283,0.00019371692753177765,0.024346590612382785,True,0.47999292077581135,-1,-9.2982753849694133e-05,-1,True,calibration__20200807T180000Z,0.85617494751938172,1.3284525524376427,0.27177959907321364,0.2385179160622769,gate_pass,74,16
16,116,maximum_downside_deviation_mean,A,-0.0059575591216216219,0.00064259805267947653,0.00064259805267947653,0.0005281378129510367,0.17812104977780224,False,9.2710506930110661,-1,-0.0059575591216216219,-1,True,calibration__20210926T070000Z,0.11111111111111113,14.043113615515662,-0.54172907495998257,-0.46361834792323375,gate_pass,74,16
16,116,maximum_downside_deviation_mean,AB,0.0028220016891891894,0.00060764769574371395,0.00060764769574371395,0.00058567721574580582,0.036156608758333153,True,4.6441411840380251,1,0.0028220016891891894,1,True,calibration__20210926T070000Z,0.12426035502958584,13.323433369615923,-0.53085255221611705,-0.51757421117517655,gate_pass,74,16
16,116,maximum_downside_deviation_mean,ABC,-0.0028220016891891894,0.00060764769574371395,0.00060764769574371395,0.00058567721574580582,0.036156608758333153,True,4.6441411840380251,-1,-0.0028220016891891894,-1,True,calibration__20210926T070000Z,0.12426035502958584,13.323433369615923,-0.53085255221611705,-0.51757421117517655,gate_pass,74,16
16,116,maximum_downside_deviation_mean,AC,0.0059575591216216219,0.00064259805267947653,0.00064259805267947653,0.0005281378129510367,0.17812104977780224,False,9.2710506930110661,1,0.0059575591216216219,1,True,calibration__20210926T070000Z,0.11111111111111113,14.043113615515662,-0.54172907495998257,-0.46361834792323375,gate_pass,74,16
16,116,maximum_downside_deviation_mean,B,-0.25722100407164761,0.0055512655712277818,0.0055512655712277818,0.0046330963083936905,0.16539818732379946,False,46.335560922328142,-1,-0.25722100407164761,-1,True,calibration__20210204T040000Z,0.024199795682590838,51.792437465533197,-0.49367446205864501,-0.37024858684614037,gate_pass,74,16
16,116,maximum_downside_deviation_mean,BC,0.0026129645270270272,0.00063576170871993635,0.00063576170871993635,0.00052813781295103681,0.16928338761639647,False,4.1099746826339327,1,0.0026129645270270272,1,True,calibration__20200509T220000Z,0.15675675675675677,12.155203030661776,-0.51413294619369654,-0.40733674302039108,gate_pass,74,16
16,116,maximum_downside_deviation_mean,C,-0.0065846706081081037,0.00066924545978236057,0.00066924545978236057,0.00060041353674753471,0.10285004108538905,True,9.838946998982177,-1,-0.0065846706081081037,-1,True,calibration__20200509T220000Z,0.14146341463414633,13.068829687985904,-0.52645737924855962,-0.50244594460374215,gate_pass,74,16
16,116,recovery_completion_hours_mean,A,-8.9704391891891895,0.89255525713816974,0.89255525713816974,0.74090108156511247,0.16991012529499991,False,10.05029001560241,-1,-8.9704391891891895,-1,True,calibration__20210926T070000Z,0.11353382966614925,14.300097131991846,-0.5376861259336162,-0.46761088677846741,gate_pass,74,16
16,116,recovery_completion_hours_mean,AB,3.0945945945945947,0.82949404112383629,0.82949404112383629,0.7855094804070476,0.053025770573585318,True,3.7307014169769044,1,3.0945945945945947,1,True,calibration__20210926T070000Z,0.13145253664735029,13.789133191027432,-0.530457675985471,-0.50430663017205368,gate_pass,74,16
16,116,recovery_completion_hours_mean,ABC,-3.0945945945945947,0.82949404112383629,0.82949404112383629,0.7855094804070476,0.053025770573585318,True,3.7307014169769044,-1,-3.0945945945945947,-1,True,calibration__20210926T070000Z,0.13145253664735029,13.789133191027432,-0.530457675985471,-0.50430663017205368,gate_pass,74,16
16,116,recovery_completion_hours_mean,AC,8.9704391891891895,0.89255525713816974,0.89255525713816974,0.74090108156511247,0.16991012529499991,False,10.05029001560241,1,8.9704391891891895,1,True,calibration__20210926T070000Z,0.11353382966614925,14.300097131991846,-0.5376861259336162,-0.46761088677846741,gate_pass,74,16
16,116,recovery_completion_hours_mean,B,-349.02702702702703,7.6579909860651485,7.6579909860651485,6.3471219460445853,0.17117662353035984,False,45.576839625710392,-1,-349.02702702702703,-1,True,calibration__20210725T140000Z,0.0246766268074631,51.508924158726629,-0.49323812358806746,-0.36580795797463794,gate_pass,74,16
16,116,recovery_completion_hours_mean,BC,2.6478040540540539,0.87394810153443614,0.87394810153443614,0.74596836740237338,0.14643859733474116,True,3.0297039943277713,1,2.6478040540540539,1,True,calibration__20200509T220000Z,0.16681111686236288,12.206696568679554,-0.51602656355983412,-0.41573779041843806,gate_pass,74,16
16,116,recovery_completion_hours_mean,C,-10.02195945945946,0.93029454959423896,0.93029454959423896,0.84511824982699912,0.091558420722115036,True,10.772888504861903,-1,-10.02195945945946,-1,True,calibration__20200509T220000Z,0.1450397720944159,13.185867979521751,-0.52150501957259376,-0.5082348631090664,gate_pass,74,16
16,126,failed_recovery_attempts_mean,A,-0.0052787162162162161,0.00092681189309580644,0.00092681189309580644,0.00087058818108481006,0.060663563372275825,True,5.6955637444226719,-1,-0.0052787162162162161,-1,True,calibration__20210926T070000Z,0.21799307958477504,6.4669763840495547,-0.48738081941053818,-0.46366704176467072,gate_pass,74,16
16,126,failed_recovery_attempts_mean,AB,-0.00063344594594594598,0.0011212768621074115,0.00092681189309580644,0.0011212768621074115,0.1734317148452641,False,0.56493268286603215,-1,-0.00063344594594594598,-1,True,calibration__20210926T070000Z,0.21799307958477504,6.4669763840495547,-0.48356773259619767,-0.59510380947604968,gate_pass,74,16
16,126,failed_recovery_attempts_mean,ABC,0.00063344594594594598,0.0011212768621074115,0.00092681189309580644,0.0011212768621074115,0.1734317148452641,False,0.56493268286603215,1,0.00063344594594594598,1,True,calibration__20210926T070000Z,0.21799307958477504,6.4669763840495547,-0.48356773259619767,-0.59510380947604968,gate_pass,74,16
16,126,failed_recovery_attempts_mean,AC,0.0052787162162162161,0.00092681189309580644,0.00092681189309580644,0.00087058818108481006,0.060663563372275825,True,5.6955637444226719,1,0.0052787162162162161,1,True,calibration__20210926T070000Z,0.21799307958477504,6.4669763840495547,-0.48738081941053818,-0.46366704176467072,gate_pass,74,16
16,126,failed_recovery_attempts_mean,B,-0.22909628378378377,0.010473341909005878,0.010473341909005878,0.009758479474310312,0.068255428010124075,True,21.874229426883041,-1,-0.22909628378378377,-1,True,calibration__20210716T090000Z,0.039886194282617526,43.006658366864258,-0.50707847399558581,-0.48115930942985163,gate_pass,74,16
16,126,failed_recovery_attempts_mean,BC,-0.00063344594594594598,0.0011212768621074115,0.00092681189309580644,0.0011212768621074115,0.1734317148452641,False,0.56493268286603215,-1,-0.00063344594594594598,-1,True,calibration__20210926T070000Z,0.21799307958477504,6.4669763840495547,-0.46173488013461311,-0.5893455234276288,gate_pass,74,16
16,126,failed_recovery_attempts_mean,C,-0.0052787162162162161,0.00092681189309580644,0.00092681189309580644,0.00087058818108481006,0.060663563372275825,True,5.6955637444226719,-1,-0.0052787162162162161,-1,True,calibration__20210926T070000Z,0.21799307958477504,6.4669763840495547,-0.46530323320532635,-0.43190131914809943,gate_pass,74,16
16,126,first_six_hour_burden_mean,A,-0.0051629428444046827,0.00093758189183826702,0.00093758189183826702,0.00086081668849390103,0.081875731616207453,True,5.5066580203271362,-1,-0.0051629428444046827,-1,True,calibration__20210208T030000Z,0.16936115318426428,9.2805447882010981,-0.50852715074700539,-0.48411195587792483,gate_pass,74,16
16,126,first_six_hour_burden_mean,AB,0.0011105041356924508,0.00093762395526160425,0.00093762395526160425,0.00065989141172314799,0.29620888201492968,False,1.1843811471120227,1,0.0011105041356924508,1,True,calibration__20210208T030000Z,0.15591221508596595,9.4244678115411542,-0.54144993296255683,-0.40078235368867338,gate_pass,74,16
16,126,first_six_hour_burden_mean,ABC,-0.0011105041356924508,0.00093762395526160436,0.00093762395526160436,0.00065989141172314799,0.29620888201492979,False,1.1843811471120227,-1,-0.0011105041356924508,-1,True,calibration__20210208T030000Z,0.15591221508596592,9.4244678115411578,-0.54144993296255683,-0.40078235368867338,gate_pass,74,16
16,126,first_six_hour_burden_mean,AC,0.0051629428444046827,0.00093758189183826702,0.00093758189183826702,0.00086081668849390103,0.081875731616207453,True,5.5066580203271362,1,0.0051629428444046827,1,True,calibration__20210208T030000Z,0.16936115318426431,9.2805447882010981,-0.50852715074700539,-0.48411195587792483,gate_pass,74,16
16,126,first_six_hour_burden_mean,B,-0.28526656491628993,0.010156897249632897,0.010156897249632897,0.0086755045830681169,0.14585090605483114,True,28.085994955457522,-1,-0.28526656491628993,-1,True,calibration__20210204T040000Z,0.029004384601750279,48.723709352395552,-0.49700162777658236,-0.44593427247188966,gate_pass,74,16
16,126,first_six_hour_burden_mean,BC,0.0015328014329897479,0.0010132794317955071,0.0010132794317955071,0.00072661391716405041,0.28290864852895731,False,1.5127134578007373,1,0.0015328014329897479,1,True,calibration__20200511T090000Z,0.23158052236656282,8.0834861725558973,-0.55249419365177066,-0.42074098219858203,gate_pass,74,16
16,126,first_six_hour_burden_mean,C,-0.00558524014170198,0.0010132405091203343,0.0010132405091203343,0.00099286788693309525,0.020106403172654417,True,5.5122550780672217,-1,-0.00558524014170198,-1,True,calibration__20200511T090000Z,0.23159831460146513,8.0050952816737428,-0.52273071362511947,-0.5253042495298772,gate_pass,74,16
16,126,initial_gap_q4_q1_burden_contrast,A,0.00041858778642091038,0.0022776354370934557,0.0022776354370934557,0.0017707903638894704,0.22253125541934063,False,0.18378173240713189,1,0.00041858778642091038,1,True,calibration__20211210T180000Z,0.26895960480415199,4.0000352863747324,-0.50830189387748703,-0.387663864839429,gate_pass,74,16
16,126,initial_gap_q4_q1_burden_contrast,AB,0.0054961735001425194,0.0031289019981807441,0.00231688738101124,0.0031289019981807441,0.25952062980612323,False,1.7565821822921242,1,0.0054961735001425194,1,True,calibration__20210710T100000Z,0.26877057538753568,3.9934084756768775,-0.59099428607180871,-0.68878625409933725,gate_pass,74,16
16,126,initial_gap_q4_q1_burden_contrast,ABC,-0.0054961735001425194,0.0031289019981807441,0.00231688738101124,0.0031289019981807441,0.25952062980612323,False,1.7565821822921242,-1,-0.0054961735001425194,-1,True,calibration__20210710T100000Z,0.26877057538753568,3.9934084756768775,-0.59099428607180871,-0.68878625409933725,gate_pass,74,16
16,126,initial_gap_q4_q1_burden_contrast,AC,-0.00041858778642091038,0.0022776354370934557,0.0022776354370934557,0.0017707903638894704,0.22253125541934063,False,0.18378173240713189,-1,-0.00041858778642091038,-1,True,calibration__20211210T180000Z,0.26895960480415193,4.0000352863747333,-0.50830189387748703,-0.387663864839429,gate_pass,74,16
16,126,initial_gap_q4_q1_burden_contrast,B,0.074004069869123584,0.035112891880706723,0.028437841431363096,0.035112891880706723,0.19010255469761886,False,2.1076039569895459,1,0.074004069869123584,1,True,calibration__20210204T040000Z,0.056124017882236754,25.276008318174082,-0.49463150585585275,-0.60036911264525272,gate_pass,74,16
16,126,initial_gap_q4_q1_burden_contrast,BC,0.0054961735001425194,0.0031289019981807441,0.00231688738101124,0.0031289019981807441,0.25952062980612323,False,1.7565821822921242,1,0.0054961735001425194,1,True,calibration__20210710T100000Z,0.26877057538753568,3.9934084756768775,-0.59099428607180871,-0.68878625409933725,gate_pass,74,16
16,126,initial_gap_q4_q1_burden_contrast,C,0.00041858778642091038,0.0022776354370934557,0.0022776354370934557,0.0017707903638894704,0.22253125541934063,False,0.18378173240713189,1,0.00041858778642091038,1,True,calibration__20211210T180000Z,0.26895960480415199,4.0000352863747324,-0.50830189387748703,-0.387663864839429,gate_pass,74,16
16,126,maximum_downside_deviation_mean,A,-0.004180743243243243,0.00056090556530188982,0.00056090556530188982,0.00045797747629232636,0.18350341907227405,False,7.4535599249992988,-1,-0.004180743243243243,-1,True,calibration__20210208T030000Z,0.28703703703703703,7.8784194528875391,-0.52374187458924271,-0.42060991570713313,gate_pass,74,16
16,126,maximum_downside_deviation_mean,AB,-0.00083614864864864867,0.00049760797749559549,0.00049760797749559549,0.00040389816944615836,0.18832055008657209,False,1.680336100833612,-1,-0.00083614864864864867,-1,True,calibration__20210926T070000Z,0.1147058823529412,12.382176520993999,-0.49251569074326018,-0.37460831765648306,gate_pass,74,16
16,126,maximum_downside_deviation_mean,ABC,0.00083614864864864867,0.00049760797749559549,0.00049760797749559549,0.00040389816944615836,0.18832055008657209,False,1.680336100833612,1,0.00083614864864864867,1,True,calibration__20210926T070000Z,0.1147058823529412,12.382176520993999,-0.49251569074326018,-0.37460831765648306,gate_pass,74,16
16,126,maximum_downside_deviation_mean,AC,0.004180743243243243,0.00056090556530188982,0.00056090556530188982,0.00045797747629232636,0.18350341907227405,False,7.4535599249992988,1,0.004180743243243243,1,True,calibration__20210208T030000Z,0.28703703703703703,7.8784194528875391,-0.52374187458924271,-0.42060991570713313,gate_pass,74,16
16,126,maximum_downside_deviation_mean,B,-0.30310388513513514,0.0048767373867201376,0.0048542852062080071,0.0048767373867201376,0.0046039347070994836,True,62.15300540080721,-1,-0.30310388513513514,-1,True,calibration__20200519T020000Z,0.031153418222277171,40.448362779573401,-0.49203028128424281,-0.473606941967946,gate_pass,74,16
16,126,maximum_downside_deviation_mean,BC,-0.00083614864864864867,0.00049760797749559549,0.00049760797749559549,0.00040389816944615836,0.18832055008657209,False,1.680336100833612,-1,-0.00083614864864864867,-1,True,calibration__20210926T070000Z,0.1147058823529412,12.382176520993999,-0.47733258782065635,-0.37890853071876907,gate_pass,74,16
16,126,maximum_downside_deviation_mean,C,-0.004180743243243237,0.00056090556530188982,0.00056090556530188982,0.00045797747629232636,0.18350341907227405,False,7.4535599249992881,-1,-0.004180743243243237,-1,True,calibration__20210208T030000Z,0.28703703703703703,7.8784194528875373,-0.50950813989220711,-0.41206081961908242,gate_pass,74,16
16,126,recovery_completion_hours_mean,A,-6.7204391891891895,0.78743623387801154,0.78743623387801154,0.68449164862322487,0.13073386875759985,True,8.5345821033558256,-1,-6.7204391891891895,-1,True,calibration__20210208T030000Z,0.28545832816951366,7.985857705436862,-0.52130205900500093,-0.45158632735995735,gate_pass,74,16
16,126,recovery_completion_hours_mean,AB,-2.1055743243243241,0.69338360121168308,0.69338360121168308,0.55519861076711607,0.19929082574651272,False,3.0366658811152263,-1,-2.1055743243243241,-1,True,calibration__20210926T070000Z,0.11645883392368357,12.564122141610326,-0.49049587414491785,-0.37507609286260979,gate_pass,74,16
16,126,recovery_completion_hours_mean,ABC,2.1055743243243241,0.69338360121168308,0.69338360121168308,0.55519861076711607,0.19929082574651272,False,3.0366658811152263,1,2.1055743243243241,1,True,calibration__20210926T070000Z,0.11645883392368357,12.564122141610326,-0.49049587414491785,-0.37507609286260979,gate_pass,74,16
16,126,recovery_completion_hours_mean,AC,6.7204391891891895,0.78743623387801154,0.78743623387801154,0.68449164862322487,0.13073386875759985,True,8.5345821033558256,1,6.7204391891891895,1,True,calibration__20210208T030000Z,0.28545832816951366,7.985857705436862,-0.52130205900500093,-0.45158632735995735,gate_pass,74,16
16,126,recovery_completion_hours_mean,B,-412.63597972972974,6.7901583227164899,6.7356118451736,6.7901583227164899,0.0080331672621541863,True,60.769714065319384,-1,-412.63597972972974,-1,True,calibration__20210218T110000Z,0.031897848482411541,40.332890440673928,-0.4927396558520587,-0.47423554219642067,gate_pass,74,16
16,126,recovery_completion_hours_mean,BC,-2.314189189189189,0.69599463570193809,0.69599463570193809,0.54875904852179958,0.21154701434105969,False,3.3250100941586105,-1,-2.314189189189189,-1,True,calibration__20210926T070000Z,0.115586678766694,12.667331811767514,-0.47699120238906939,-0.37374706753246589,gate_pass,74,16
16,126,recovery_completion_hours_mean,C,-6.9290540540540544,0.78673831968894592,0.78673831968894592,0.68456393497977519,0.12987086322370517,True,8.8073173514588774,-1,-6.9290540540540544,-1,True,calibration__20210208T030000Z,0.28596501197755597,7.9711875936481906,-0.5068304202126489,-0.44203842329636828,gate_pass,74,16
16,127,failed_recovery_attempts_mean,A,0.00021114864864864866,0.00021114864864864866,0.00021114864864864863,0.00021114864864864866,1.2836953722228372e-16,True,1,1,0.00021114864864864866,1,True,calibration__20210616T110000Z,1,1,-0.44596373282285445,-0.44470292721634713,gate_pass,74,16
16,127,failed_recovery_attempts_mean,AB,-0.00021114864864864866,0.00021114864864864866,0.00021114864864864863,0.00021114864864864866,1.2836953722228372e-16,True,1,-1,-0.00021114864864864866,-1,True,calibration__20210616T110000Z,1,1,-0.44596373282285445,-0.44470292721634713,gate_pass,74,16
16,127,failed_recovery_attempts_mean,ABC,0.00021114864864864866,0.00021114864864864866,0.00021114864864864863,0.00021114864864864866,1.2836953722228372e-16,True,1,1,0.00021114864864864866,1,True,calibration__20210616T110000Z,1,1,-0.44596373282285445,-0.44470292721634713,gate_pass,74,16
16,127,failed_recovery_attempts_mean,AC,-0.00021114864864864866,0.00021114864864864866,0.00021114864864864863,0.00021114864864864866,1.2836953722228372e-16,True,1,-1,-0.00021114864864864866,-1,True,calibration__20210616T110000Z,1,1,-0.44596373282285445,-0.44470292721634713,gate_pass,74,16
16,127,failed_recovery_attempts_mean,B,-0.25570101351351349,0.015082478677844315,0.014895286329499576,0.015082478677844315,0.012411245680706253,True,16.953514006230964,-1,-0.25570101351351349,-1,True,calibration__20201201T230000Z,0.082093051294760661,29.624066527571536,-0.50463985611044648,-0.49830810047545521,gate_pass,74,16
16,127,failed_recovery_attempts_mean,BC,-0.00021114864864864866,0.00021114864864864866,0.00021114864864864863,0.00021114864864864866,1.2836953722228372e-16,True,1,-1,-0.00021114864864864866,-1,True,calibration__20210616T110000Z,1,1,-0.44596373282285445,-0.44470292721634713,gate_pass,74,16
16,127,failed_recovery_attempts_mean,C,0.00021114864864864866,0.00021114864864864866,0.00021114864864864863,0.00021114864864864866,1.2836953722228372e-16,True,1,1,0.00021114864864864866,1,True,calibration__20210616T110000Z,1,1,-0.44596373282285445,-0.44470292721634713,gate_pass,74,16
16,127,first_six_hour_burden_mean,A,-2.841379096120471e-07,2.841379096120471e-07,2.1903787670859206e-07,2.841379096120471e-07,0.22911421074484767,False,1,-1,-2.841379096120471e-07,-1,True,calibration__20200511T090000Z,0.86532545028793739,1.3039078378250648,-0.26110549484624102,-0.38149617171288885,gate_pass,74,16
16,127,first_six_hour_burden_mean,AB,2.841379096120471e-07,2.841379096120471e-07,2.1903787670859206e-07,2.841379096120471e-07,0.22911421074484767,False,1,1,2.841379096120471e-07,1,True,calibration__20200511T090000Z,0.86532545028793739,1.3039078378250648,-0.26110549484624102,-0.38149617171288885,gate_pass,74,16
16,127,first_six_hour_burden_mean,ABC,-2.841379096120471e-07,2.841379096120471e-07,2.1903787670859206e-07,2.841379096120471e-07,0.22911421074484767,False,1,-1,-2.841379096120471e-07,-1,True,calibration__20200511T090000Z,0.86532545028793739,1.3039078378250648,-0.26110549484624102,-0.38149617171288885,gate_pass,74,16
16,127,first_six_hour_burden_mean,AC,2.841379096120471e-07,2.841379096120471e-07,2.1903787670859206e-07,2.841379096120471e-07,0.22911421074484767,False,1,1,2.841379096120471e-07,1,True,calibration__20200511T090000Z,0.86532545028793739,1.3039078378250648,-0.26110549484624102,-0.38149617171288885,gate_pass,74,16
16,127,first_six_hour_burden_mean,B,-0.04081280115029022,0.0046443582589068815,0.0046443582589068815,0.004145396667341289,0.10743391524731999,True,8.7876082927108463,-1,-0.04081280115029022,-1,True,calibration__20200523T100000Z,0.12542617237434348,13.741822643659006,-0.52052988216815099,-0.43173199844443721,gate_pass,74,16
16,127,first_six_hour_burden_mean,BC,2.8413790961204672e-07,2.8413790961204667e-07,2.1903787670859193e-07,2.8413790961204667e-07,0.22911421074484697,False,1.0000000000000002,1,2.8413790961204672e-07,1,True,calibration__20200511T090000Z,0.8653254502879385,1.3039078378250621,-0.25926321411190989,-0.38002281306434876,gate_pass,74,16
16,127,first_six_hour_burden_mean,C,-2.8413790961204672e-07,2.8413790961204667e-07,2.1903787670859193e-07,2.8413790961204667e-07,0.22911421074484697,False,1.0000000000000002,-1,-2.8413790961204672e-07,-1,True,calibration__20200511T090000Z,0.8653254502879385,1.3039078378250621,-0.25926321411190989,-0.38002281306434876,gate_pass,74,16
16,127,initial_gap_q4_q1_burden_contrast,A,3.1306902861733133e-07,3.1306902861733138e-07,3.1306902861733138e-07,3.1306902861733133e-07,1.6909867909068237e-16,True,0.99999999999999978,1,3.1306902861733133e-07,1,True,calibration__20210306T130000Z,1,1,-0.20190800449862512,-0.20335637705206666,gate_pass,74,16
16,127,initial_gap_q4_q1_burden_contrast,AB,-3.1306902861733133e-07,3.1306902861733138e-07,3.1306902861733138e-07,3.1306902861733133e-07,1.6909867909068237e-16,True,0.99999999999999978,-1,-3.1306902861733133e-07,-1,True,calibration__20210306T130000Z,1,1,-0.20190800449862512,-0.20335637705206666,gate_pass,74,16
16,127,initial_gap_q4_q1_burden_contrast,ABC,3.1306902861733133e-07,3.1306902861733138e-07,3.1306902861733138e-07,3.1306902861733133e-07,1.6909867909068237e-16,True,0.99999999999999978,1,3.1306902861733133e-07,1,True,calibration__20210306T130000Z,1,1,-0.20190800449862512,-0.20335637705206666,gate_pass,74,16
16,127,initial_gap_q4_q1_burden_contrast,AC,-3.1306902861733133e-07,3.1306902861733138e-07,3.1306902861733138e-07,3.1306902861733133e-07,1.6909867909068237e-16,True,0.99999999999999978,-1,-3.1306902861733133e-07,-1,True,calibration__20210306T130000Z,1,1,-0.20190800449862512,-0.20335637705206666,gate_pass,74,16
16,127,initial_gap_q4_q1_burden_contrast,B,0.036387102939757422,0.016216384650652654,0.01253112485577825,0.016216384650652654,0.22725532689717526,False,2.243848041572754,1,0.036387102939757422,1,True,calibration__20210715T050000Z,0.24899225924059704,6.4110338140920486,-0.48541071716906015,-0.61509528282759773,gate_pass,74,16
16,127,initial_gap_q4_q1_burden_contrast,BC,-3.1306902861732995e-07,3.1306902861732995e-07,3.1306902861732995e-07,3.1306902861732995e-07,0,True,1,-1,-3.1306902861732995e-07,-1,True,calibration__20210306T130000Z,1,1,-0.20190800449863702,-0.20335637705207837,gate_pass,74,16
16,127,initial_gap_q4_q1_burden_contrast,C,3.1306902861732995e-07,3.1306902861732995e-07,3.1306902861732995e-07,3.1306902861732995e-07,0,True,1,1,3.1306902861732995e-07,1,True,calibration__20210306T130000Z,1,1,-0.20190800449863702,-0.20335637705207837,gate_pass,74,16
16,127,maximum_downside_deviation_mean,A,-0.00094066722972972955,0.00034242133309551122,0.00034242133309551122,0.00026303266085719461,0.23184499493836389,False,2.7471046305031184,-1,-0.00094066722972972955,-1,True,calibration__20210710T100000Z,0.37267080745341619,4.4362485024816039,-0.57128688688595863,-0.47372558887276978,gate_pass,74,16
16,127,maximum_downside_deviation_mean,AB,0.00073163006756756758,0.00027121178844972238,0.00027121178844972238,0.00021419935089315884,0.21021371483316845,False,2.6976337265782169,1,0.00073163006756756758,1,True,calibration__20200505T100000Z,0.27722772277227725,4.5479268836379863,-0.53380534856442974,-0.43560759678680266,gate_pass,74,16
16,127,maximum_downside_deviation_mean,ABC,-0.00073163006756756758,0.00027121178844972238,0.00027121178844972238,0.00021419935089315884,0.21021371483316845,False,2.6976337265782169,-1,-0.00073163006756756758,-1,True,calibration__20200505T100000Z,0.27722772277227725,4.5479268836379863,-0.53380534856442974,-0.43560759678680266,gate_pass,74,16
16,127,maximum_downside_deviation_mean,AC,0.00094066722972972955,0.00034242133309551122,0.00034242133309551122,0.00026303266085719461,0.23184499493836389,False,2.7471046305031184,1,0.00094066722972972955,1,True,calibration__20210710T100000Z,0.37267080745341619,4.4362485024816039,-0.57128688688595863,-0.47372558887276978,gate_pass,74,16
16,127,maximum_downside_deviation_mean,B,-0.24154543004736084,0.0057965183264964311,0.005064601059448409,0.0057965183264964311,0.12626842974037697,True,41.670778291726251,-1,-0.24154543004736084,-1,True,calibration__20201114T070000Z,0.029074029383357312,44.979540054437571,-0.50706370424118541,-0.55591355346747851,gate_pass,74,16
16,127,maximum_downside_deviation_mean,BC,0.00073163006756756758,0.00027121178844972238,0.00027121178844972238,0.00021419935089315884,0.21021371483316845,False,2.6976337265782169,1,0.00073163006756756758,1,True,calibration__20200505T100000Z,0.27722772277227725,4.5479268836379863,-0.44227894157915704,-0.34210693132501147,gate_pass,74,16
16,127,maximum_downside_deviation_mean,C,-0.00094066722972972782,0.00034242133309551122,0.00034242133309551122,0.00026303266085719461,0.23184499493836389,False,2.747104630503113,-1,-0.00094066722972972782,-1,True,calibration__20210710T100000Z,0.37267080745341619,4.4362485024816039,-0.50337375616909663,-0.41308489076453048,gate_pass,74,16
16,127,recovery_completion_hours_mean,A,-2.1938344594594597,0.48530330563820651,0.48530330563820651,0.42863497424789837,0.11676889634160943,True,4.520542996455422,-1,-2.1938344594594597,-1,True,calibration__20210710T100000Z,0.358415663804799,4.7657366709820224,-0.5559909690625352,-0.51440437353282842,gate_pass,74,16
16,127,recovery_completion_hours_mean,AB,0.10177364864864864,0.37172139995730902,0.37172139995730902,0.24634067728372744,0.33729756394972454,False,0.27379012523986246,1,0.10177364864864864,1,True,calibration__20210206T010000Z,0.27646083411556216,5.1247236534315661,-0.53127358707934835,-0.34669607537513508,gate_pass,74,16
16,127,recovery_completion_hours_mean,ABC,-0.10177364864864864,0.37172139995730902,0.37172139995730902,0.24634067728372744,0.33729756394972454,False,0.27379012523986246,-1,-0.10177364864864864,-1,True,calibration__20210206T010000Z,0.27646083411556216,5.1247236534315661,-0.53127358707934835,-0.34669607537513508,gate_pass,74,16
16,127,recovery_completion_hours_mean,AC,2.1938344594594597,0.48530330563820651,0.48530330563820651,0.42863497424789837,0.11676889634160943,True,4.520542996455422,1,2.1938344594594597,1,True,calibration__20210710T100000Z,0.358415663804799,4.7657366709820224,-0.5559909690625352,-0.51440437353282842,gate_pass,74,16
16,127,recovery_completion_hours_mean,B,-326.66722972972974,8.0106649810892776,7.0223298618335894,8.0106649810892776,0.1233774126853194,True,40.779040254571981,-1,-326.66722972972974,-1,True,calibration__20210705T020000Z,0.029384685030341511,44.844478112023445,-0.50728830604883468,-0.55452004437076174,gate_pass,74,16
16,127,recovery_completion_hours_mean,BC,-0.097972972972972971,0.37632201716240832,0.37632201716240832,0.26844789603897551,0.28665375982207775,False,0.26034345189718472,-1,-0.097972972972972971,-1,True,calibration__20210206T010000Z,0.26974256706922167,5.2173315041556876,-0.44257054903342913,-0.27768701390060174,gate_pass,74,16
16,127,recovery_completion_hours_mean,C,-2.4113175675675675,0.48970655667575097,0.48970655667575097,0.43788240053433436,0.10582695991087353,True,4.9240050693545676,-1,-2.4113175675675675,-1,True,calibration__20210710T100000Z,0.35199917267185626,4.8747215475923635,-0.49566915889349483,-0.47189460189260019,gate_pass,74,16
16,134,failed_recovery_attempts_mean,A,0.00084459459459459464,0.00060709061522657164,0.00060709061522657164,0.00048762691654529204,0.19678067109750111,False,1.391216687280505,1,0.00084459459459459464,1,True,calibration__20200317T160000Z,0.37903225806451613,3.1585866885784708,-0.48181042970219623,-0.32440341699075914,gate_pass,74,16
16,134,failed_recovery_attempts_mean,AB,-0.00084459459459459464,0.00060709061522657164,0.00060709061522657164,0.00048762691654529204,0.19678067109750111,False,1.391216687280505,-1,-0.00084459459459459464,-1,True,calibration__20200317T160000Z,0.37903225806451613,3.1585866885784708,-0.48181042970219623,-0.32440341699075914,gate_pass,74,16
16,134,failed_recovery_attempts_mean,ABC,0.00084459459459459464,0.00060709061522657164,0.00060709061522657164,0.00048762691654529204,0.19678067109750111,False,1.391216687280505,1,0.00084459459459459464,1,True,calibration__20200317T160000Z,0.37903225806451613,3.1585866885784708,-0.48181042970219623,-0.32440341699075914,gate_pass,74,16
16,134,failed_recovery_attempts_mean,AC,-0.00084459459459459464,0.00060709061522657164,0.00060709061522657164,0.00048762691654529204,0.19678067109750111,False,1.391216687280505,-1,-0.00084459459459459464,-1,True,calibration__20200317T160000Z,0.37903225806451613,3.1585866885784708,-0.48181042970219623,-0.32440341699075914,gate_pass,74,16
16,134,failed_recovery_attempts_mean,B,-0.24113175675675674,0.010433962692055975,0.010433962692055975,0.0098682725432975137,0.054216232648517729,True,23.110275920417596,-1,-0.24113175675675674,-1,True,calibration__20200804T130000Z,0.027956754395544393,45.001364655149857,-0.49726508236477368,-0.47185084061857663,gate_pass,74,16
16,134,failed_recovery_attempts_mean,BC,-0.00042229729729729732,0.00060709061522657164,0.00060709061522657164,0.0005229216109517655,0.13864323078589103,True,0.69560834364025248,-1,-0.00042229729729729732,-1,True,calibration__20200317T160000Z,0.37903225806451613,3.1585866885784708,-0.46081157929538014,-0.3069287353095021,gate_pass,74,16
16,134,failed_recovery_attempts_mean,C,0.00042229729729729732,0.00060709061522657164,0.00060709061522657164,0.0005229216109517655,0.13864323078589103,True,0.69560834364025248,1,0.00042229729729729732,1,True,calibration__20200317T160000Z,0.37903225806451613,3.1585866885784708,-0.46081157929538014,-0.3069287353095021,gate_pass,74,16
16,134,first_six_hour_burden_mean,A,-0.0015489910299270942,0.00056947178789739825,0.00056947178789739825,0.0005053979296990366,0.1125145434068559,True,2.7200487589495408,-1,-0.0015489910299270942,-1,True,calibration__20210206T010000Z,0.65072767137416576,2.1080165505557762,-0.55537236082850094,-0.51905145122172469,gate_pass,74,16
16,134,first_six_hour_burden_mean,AB,0.00070439643533249979,0.00039730606639394632,0.00039730606639394632,0.00037984296230408096,0.043953781648402863,True,1.7729314876205791,1,0.00070439643533249979,1,True,calibration__20200317T160000Z,0.35458651118575069,3.3927360263895041,-0.40685915272109019,-0.37576482117070925,gate_pass,74,16
16,134,first_six_hour_burden_mean,ABC,-0.00070439643533249979,0.00039730606639394632,0.00039730606639394632,0.00037984296230408096,0.043953781648402863,True,1.7729314876205791,-1,-0.00070439643533249979,-1,True,calibration__20200317T160000Z,0.35458651118575069,3.3927360263895041,-0.40685915272109019,-0.37576482117070925,gate_pass,74,16
16,134,first_six_hour_burden_mean,AC,0.0015489910299270942,0.00056947178789739825,0.00056947178789739825,0.0005053979296990366,0.1125145434068559,True,2.7200487589495408,1,0.0015489910299270942,1,True,calibration__20210206T010000Z,0.65072767137416576,2.1080165505557762,-0.55537236082850094,-0.51905145122172469,gate_pass,74,16
16,134,first_six_hour_burden_mean,B,-0.40637891880791283,0.013256661664635917,0.010374608859738559,0.013256661664635917,0.21740411559160897,False,30.654694906485243,-1,-0.40637891880791283,-1,True,calibration__20210314T050000Z,0.027835717579753234,47.003529491722823,-0.48627182689861831,-0.62520059356300661,gate_pass,74,16
16,134,first_six_hour_burden_mean,BC,0.00070439643533249969,0.00039730606639394632,0.00039730606639394632,0.00037984296230408096,0.043953781648402863,True,1.7729314876205788,1,0.00070439643533249969,1,True,calibration__20200317T160000Z,0.35458651118575069,3.3927360263895041,-0.3780516948601288,-0.35396614950392208,gate_pass,74,16
16,134,first_six_hour_burden_mean,C,-0.0015489910299270942,0.00056947178789739825,0.00056947178789739825,0.0005053979296990366,0.1125145434068559,True,2.7200487589495408,-1,-0.0015489910299270942,-1,True,calibration__20210206T010000Z,0.65072767137416576,2.1080165505557762,-0.52952004959519838,-0.50228651345972286,gate_pass,74,16
16,134,initial_gap_q4_q1_burden_contrast,A,-0.0024671182833898696,0.0017891632535649985,0.0017891632535649985,0.0017891620566444636,6.6898341027418238e-07,True,1.3789229565686705,-1,-0.0024671182833898696,-1,True,calibration__20210206T010000Z,0.99999999994704125,1.0000000001059175,-0.721789651389386,-0.7149933183495093,gate_pass,74,16
16,134,initial_gap_q4_q1_burden_contrast,AB,-0.00082235540082065681,0.00082236928917071037,0.0008223684211557036,0.00082236928917071037,1.0555051340060858e-06,True,0.99998311178416266,-1,-0.00082235540082065681,-1,True,calibration__20210206T010000Z,0.99999999974932874,1.0000000005013425,-0.43153092808676197,-0.43268193023532403,gate_pass,74,16
16,134,initial_gap_q4_q1_burden_contrast,ABC,0.00082235540082065681,0.00082236928917071037,0.0008223684211557036,0.00082236928917071037,1.0555051340060858e-06,True,0.99998311178416266,1,0.00082235540082065681,1,True,calibration__20210206T010000Z,0.99999999974932874,1.0000000005013425,-0.43153092808676197,-0.43268193023532403,gate_pass,74,16
16,134,initial_gap_q4_q1_burden_contrast,AC,0.0024671182833898696,0.0017891632535649985,0.0017891632535649985,0.0017891620566444636,6.6898341027418238e-07,True,1.3789229565686705,1,0.0024671182833898696,1,True,calibration__20210206T010000Z,0.99999999994704125,1.0000000001059175,-0.721789651389386,-0.7149933183495093,gate_pass,74,16
16,134,initial_gap_q4_q1_burden_contrast,B,-0.036825711290203511,0.038245793709805728,0.028164498349415614,0.038245793709805728,0.2635922642077474,False,0.96286957906071313,-1,-0.036825711290203511,-1,True,calibration__20210314T050000Z,0.057292540804498075,22.89222427316643,-0.47011410502914791,-0.60312435900948447,gate_pass,74,16
16,134,initial_gap_q4_q1_burden_contrast,BC,-0.00082235540082065681,0.00082236928917071037,0.0008223684211557036,0.00082236928917071037,1.0555051340060858e-06,True,0.99998311178416266,-1,-0.00082235540082065681,-1,True,calibration__20210206T010000Z,0.99999999974932874,1.0000000005013425,-0.43153092808676197,-0.43268193023532403,gate_pass,74,16
16,134,initial_gap_q4_q1_burden_contrast,C,-0.0024671182833898696,0.0017891632535649985,0.0017891632535649985,0.0017891620566444636,6.6898341027418238e-07,True,1.3789229565686705,-1,-0.0024671182833898696,-1,True,calibration__20210206T010000Z,0.99999999994704125,1.0000000001059175,-0.721789651389386,-0.7149933183495093,gate_pass,74,16
16,134,maximum_downside_deviation_mean,A,-0.00062711148648648648,0.00023833903522976069,0.00023833903522976069,0.0002090371621621622,0.12294198069297066,True,2.6311740579210876,-1,-0.00062711148648648648,-1,True,calibration__20210206T010000Z,0.61538461538461542,2.2091503267973853,-0.55721628627896391,-0.54553784501085967,gate_pass,74,16
16,134,maximum_downside_deviation_mean,AB,-0.00020903716216216214,0.0002588461974211239,0.00023833903522976069,0.0002588461974211239,0.079225278932722965,True,0.80757285308724824,-1,-0.00020903716216216214,-1,True,calibration__20210206T010000Z,0.61538461538461542,2.2091503267973853,-0.55721628627896391,-0.57573441830272654,gate_pass,74,16
16,134,maximum_downside_deviation_mean,ABC,0.00020903716216216214,0.0002588461974211239,0.00023833903522976069,0.0002588461974211239,0.079225278932722965,True,0.80757285308724824,1,0.00020903716216216214,1,True,calibration__20210206T010000Z,0.61538461538461542,2.2091503267973853,-0.55721628627896391,-0.57573441830272654,gate_pass,74,16
16,134,maximum_downside_deviation_mean,AC,0.00062711148648648648,0.00023833903522976069,0.00023833903522976069,0.0002090371621621622,0.12294198069297066,True,2.6311740579210876,1,0.00062711148648648648,1,True,calibration__20210206T010000Z,0.61538461538461542,2.2091503267973853,-0.55721628627896391,-0.54553784501085967,gate_pass,74,16
16,134,maximum_downside_deviation_mean,B,-0.34052153716216221,0.0027217676722320512,0.0022458932987101687,0.0027217676722320512,0.17484018874088186,False,125.11043489722593,-1,-0.34052153716216221,-1,True,calibration__20201119T090000Z,0.13860814322841467,14.709933622117701,-0.4401980204120387,-0.52511811623715632,gate_pass,74,16
16,134,maximum_downside_deviation_mean,BC,-0.00020903716216216214,0.0002588461974211239,0.00023833903522976069,0.0002588461974211239,0.079225278932722965,True,0.80757285308724824,-1,-0.00020903716216216214,-1,True,calibration__20210206T010000Z,0.61538461538461542,2.2091503267973853,-0.44999315500124365,-0.47208004805887788,gate_pass,74,16
16,134,maximum_downside_deviation_mean,C,-0.00062711148648647856,0.00023833903522976063,0.00023833903522976063,0.00020903716216216214,0.12294198069297069,True,2.6311740579210547,-1,-0.00062711148648647856,-1,True,calibration__20210206T010000Z,0.61538461538461531,2.2091503267973867,-0.44999315500124365,-0.38049345709828181,gate_pass,74,16
16,134,recovery_completion_hours_mean,A,-1.7666807432432432,0.34851967220014396,0.34851967220014396,0.30849985294324156,0.11482800670695073,True,5.069099061440336,-1,-1.7666807432432432,-1,True,calibration__20210206T010000Z,0.56733765113080303,2.5675803618715158,-0.5442287830039183,-0.54149266704660015,gate_pass,74,16
16,134,recovery_completion_hours_mean,AB,-1.1855996621621621,0.38784123051705938,0.34554540540997025,0.38784123051705938,0.10905448358520697,True,3.0569201231688359,-1,-1.1855996621621621,-1,True,calibration__20210206T010000Z,0.57714635167617312,2.519386773337017,-0.54095573411007813,-0.56759674449307873,gate_pass,74,16
16,134,recovery_completion_hours_mean,ABC,1.1855996621621621,0.38784123051705938,0.34554540540997025,0.38784123051705938,0.10905448358520697,True,3.0569201231688359,1,1.1855996621621621,1,True,calibration__20210206T010000Z,0.57714635167617312,2.519386773337017,-0.54095573411007813,-0.56759674449307873,gate_pass,74,16
16,134,recovery_completion_hours_mean,AC,1.7666807432432432,0.34851967220014396,0.34851967220014396,0.30849985294324156,0.11482800670695073,True,5.069099061440336,1,1.7666807432432432,1,True,calibration__20210206T010000Z,0.56733765113080303,2.5675803618715158,-0.5442287830039183,-0.54149266704660015,gate_pass,74,16
16,134,recovery_completion_hours_mean,B,-466.00865709459458,3.794494961512755,3.1387114113076837,3.794494961512755,0.17282498905826177,False,122.81177385166706,-1,-466.00865709459458,-1,True,calibration__20201119T090000Z,0.13990183891608965,14.618641382869638,-0.44085122686768285,-0.5253724288728453,gate_pass,74,16
16,134,recovery_completion_hours_mean,BC,-1.394214527027027,0.38659924491854564,0.34737035721220683,0.38659924491854564,0.10147171320679668,True,3.6063560530770835,-1,-1.394214527027027,-1,True,calibration__20210206T010000Z,0.57109806616310466,2.5641065074459499,-0.45207108656352984,-0.48972939615948446,gate_pass,74,16
16,134,recovery_completion_hours_mean,C,-1.9752956081081081,0.35032913064758303,0.35032913064758303,0.31550263681780344,0.09941078483939618,True,5.6383995371917148,-1,-1.9752956081081081,-1,True,calibration__20210206T010000Z,0.56149216084028841,2.6123627171622212,-0.45296279465523143,-0.38665030238978787,gate_pass,74,16
16,171,failed_recovery_attempts_mean,A,-0.00042229729729729732,0.00029860928259567042,0.00029860928259567042,0.00028848397426688063,0.033908216920703983,True,1.4142135623730951,-1,-0.00042229729729729732,-1,True,calibration__20210616T110000Z,0.50000000000000011,2,-0.58386366663541367,-0.57684097849526739,gate_pass,74,16
16,171,failed_recovery_attempts_mean,AB,0.00042229729729729732,0.00029860928259567042,0.00029860928259567042,0.00028848397426688063,0.033908216920703983,True,1.4142135623730951,1,0.00042229729729729732,1,True,calibration__20210616T110000Z,0.50000000000000011,2,-0.58386366663541367,-0.57684097849526739,gate_pass,74,16
16,171,failed_recovery_attempts_mean,ABC,-0.00042229729729729732,0.00029860928259567042,0.00029860928259567042,0.00028848397426688063,0.033908216920703983,True,1.4142135623730951,-1,-0.00042229729729729732,-1,True,calibration__20210616T110000Z,0.50000000000000011,2,-0.58386366663541367,-0.57684097849526739,gate_pass,74,16
16,171,failed_recovery_attempts_mean,AC,0.00042229729729729732,0.00029860928259567042,0.00029860928259567042,0.00028848397426688063,0.033908216920703983,True,1.4142135623730951,1,0.00042229729729729732,1,True,calibration__20210616T110000Z,0.50000000000000011,2,-0.58386366663541367,-0.57684097849526739,gate_pass,74,16
16,171,failed_recovery_attempts_mean,B,-0.0097128378378378375,0.0041705644357139682,0.0036677519069602386,0.0041705644357139682,0.12056222521056723,True,2.3289024753252794,-1,-0.0097128378378378375,-1,True,calibration__20210212T030000Z,0.47724259832081312,3.2804107776610181,-0.429403198744783,-0.48573554821542203,gate_pass,74,16
16,171,failed_recovery_attempts_mean,BC,0.00042229729729729732,0.00029860928259567042,0.00029860928259567042,0.00028848397426688063,0.033908216920703983,True,1.4142135623730951,1,0.00042229729729729732,1,True,calibration__20210616T110000Z,0.50000000000000011,2,-0.58386366663541367,-0.57684097849526739,gate_pass,74,16
16,171,failed_recovery_attempts_mean,C,-0.00042229729729729732,0.00029860928259567042,0.00029860928259567042,0.00028848397426688063,0.033908216920703983,True,1.4142135623730951,-1,-0.00042229729729729732,-1,True,calibration__20210616T110000Z,0.50000000000000011,2,-0.58386366663541367,-0.57684097849526739,gate_pass,74,16
16,171,first_six_hour_burden_mean,A,0,0,0,0,0,True,0,0,0,0,True,calibration__20200128T020000Z,0,74,,,gate_pass,74,16
16,171,first_six_hour_burden_mean,AB,0,0,0,0,0,True,0,0,0,0,True,calibration__20200128T020000Z,0,74,,,gate_pass,74,16
16,171,first_six_hour_burden_mean,ABC,0,0,0,0,0,True,0,0,0,0,True,calibration__20200128T020000Z,0,74,,,gate_pass,74,16
16,171,first_six_hour_burden_mean,AC,0,0,0,0,0,True,0,0,0,0,True,calibration__20200128T020000Z,0,74,,,gate_pass,74,16
16,171,first_six_hour_burden_mean,B,-7.0372847125283559e-05,7.0372847125283559e-05,5.111778304517365e-05,7.0372847125283559e-05,0.27361496467281554,False,1,-1,-7.0372847125283559e-05,-1,True,calibration__20210421T210000Z,0.72278332675331214,1.6687113348869349,-0.35359917790133216,-0.48903178441367373,gate_pass,74,16
16,171,first_six_hour_burden_mean,BC,0,0,0,0,0,True,0,0,0,0,True,calibration__20200128T020000Z,0,74,,,gate_pass,74,16
16,171,first_six_hour_burden_mean,C,0,0,0,0,0,True,0,0,0,0,True,calibration__20200128T020000Z,0,74,,,gate_pass,74,16
16,171,initial_gap_q4_q1_burden_contrast,A,0,0,0,0,0,True,0,0,0,0,True,calibration__20200509T220000Z,0,38,,,gate_pass,74,16
16,171,initial_gap_q4_q1_burden_contrast,AB,0,0,0,0,0,True,0,0,0,0,True,calibration__20200509T220000Z,0,38,,,gate_pass,74,16
16,171,initial_gap_q4_q1_burden_contrast,ABC,0,0,0,0,0,True,0,0,0,0,True,calibration__20200509T220000Z,0,38,,,gate_pass,74,16
16,171,initial_gap_q4_q1_burden_contrast,AC,0,0,0,0,0,True,0,0,0,0,True,calibration__20200509T220000Z,0,38,,,gate_pass,74,16
16,171,initial_gap_q4_q1_burden_contrast,B,-0.0001692599436717631,0.0001692599436717631,0.0001692599436717631,0.0001692599436717631,0,True,1,-1,-0.0001692599436717631,-1,True,calibration__20210421T210000Z,1,1,-0.52405691132772547,-0.52809993412450829,gate_pass,74,16
16,171,initial_gap_q4_q1_burden_contrast,BC,0,0,0,0,0,True,0,0,0,0,True,calibration__20200509T220000Z,0,38,,,gate_pass,74,16
16,171,initial_gap_q4_q1_burden_contrast,C,0,0,0,0,0,True,0,0,0,0,True,calibration__20200509T220000Z,0,38,,,gate_pass,74,16
16,171,maximum_downside_deviation_mean,A,-5.5794523061802822e-07,2.9140122951494303e-07,2.9140122951494303e-07,2.6423877391931359e-07,0.093213249789107527,True,1.9146975856854331,-1,-5.5794523061802822e-07,-1,True,calibration__20210710T100000Z,0.41023182917628137,3.0578021146834748,-0.53545874796115145,-0.51876040458130046,gate_pass,74,16
16,171,maximum_downside_deviation_mean,AB,5.5794523061802822e-07,2.9140122951494303e-07,2.9140122951494303e-07,2.6423877391931359e-07,0.093213249789107527,True,1.9146975856854331,1,5.5794523061802822e-07,1,True,calibration__20210710T100000Z,0.41023182917628137,3.0578021146834748,-0.53545874796115145,-0.51876040458130046,gate_pass,74,16
16,171,maximum_downside_deviation_mean,ABC,-5.5794523061802822e-07,2.9140122951494303e-07,2.9140122951494303e-07,2.6423877391931359e-07,0.093213249789107527,True,1.9146975856854331,-1,-5.5794523061802822e-07,-1,True,calibration__20210710T100000Z,0.41023182917628137,3.0578021146834748,-0.53545874796115145,-0.51876040458130046,gate_pass,74,16
16,171,maximum_downside_deviation_mean,AC,5.5794523061802822e-07,2.9140122951494303e-07,2.9140122951494303e-07,2.6423877391931359e-07,0.093213249789107527,True,1.9146975856854331,1,5.5794523061802822e-07,1,True,calibration__20210710T100000Z,0.41023182917628137,3.0578021146834748,-0.53545874796115145,-0.51876040458130046,gate_pass,74,16
16,171,maximum_downside_deviation_mean,B,-2.0627976290920432e-05,7.0252445351527281e-06,7.0252445351527281e-06,6.9831417922318152e-06,0.0059930643994298384,True,2.9362645225661148,-1,-2.0627976290920432e-05,-1,True,calibration__20210328T190000Z,0.78248259259866004,1.6170450802577911,-0.74904063897823436,-0.78169781650809145,gate_pass,74,16
16,171,maximum_downside_deviation_mean,BC,6.4618231128998877e-07,3.0446750067672338e-07,3.0446750067672338e-07,2.6654027388860971e-07,0.12456904826891174,True,2.1223359138619209,1,6.4618231128998877e-07,1,True,calibration__20210710T100000Z,0.37577702934759805,3.5529114382436595,-0.52009717306465453,-0.45022878020489732,gate_pass,74,16
16,171,maximum_downside_deviation_mean,C,-6.4618231128998877e-07,3.0446750067672338e-07,3.0446750067672338e-07,2.6654027388860971e-07,0.12456904826891174,True,2.1223359138619209,-1,-6.4618231128998877e-07,-1,True,calibration__20210710T100000Z,0.37577702934759805,3.5529114382436595,-0.52009717306465453,-0.45022878020489732,gate_pass,74,16
16,171,recovery_completion_hours_mean,A,-4.2766047297297298,0.32429395195504745,0.29399373166067261,0.32429395195504745,0.093434429201365313,True,13.187432895210264,-1,-4.2766047297297298,-1,True,calibration__20210920T030000Z,0.35590667570204682,4.0009124527176239,-0.44163768576726437,-0.48191985895023493,gate_pass,74,16
16,171,recovery_completion_hours_mean,AB,-0.00084459459459459464,0.0073273955945596485,0.0070978616190758483,0.0073273955945596485,0.031325451522533,True,0.11526531953886569,-1,-0.00084459459459459464,-1,True,calibration__20210625T070000Z,0.50973451327433639,2.0856132052358376,-0.10293169756364368,-0.16120385898146525,gate_pass,74,16
16,171,recovery_completion_hours_mean,ABC,0.00084459459459459464,0.0073273955945596485,0.0070978616190758483,0.0073273955945596485,0.031325451522533,True,0.11526531953886569,1,0.00084459459459459464,1,True,calibration__20210625T070000Z,0.50973451327433639,2.0856132052358376,-0.10293169756364368,-0.16120385898146525,gate_pass,74,16
16,171,recovery_completion_hours_mean,AC,4.2766047297297298,0.32429395195504745,0.29399373166067261,0.32429395195504745,0.093434429201365313,True,13.187432895210264,1,4.2766047297297298,1,True,calibration__20210920T030000Z,0.35590667570204682,4.0009124527176239,-0.44163768576726437,-0.48191985895023493,gate_pass,74,16
16,171,recovery_completion_hours_mean,B,-0.10261824324324324,0.053955317868045069,0.036312247541415127,0.053955317868045069,0.32699409481338659,False,1.901911568646669,-1,-0.10261824324324324,-1,True,calibration__20210325T210000Z,0.3116110272073575,4.3572993285663566,-0.32229669961609336,-0.47265744137011018,gate_pass,74,16
16,171,recovery_completion_hours_mean,BC,-0.0038006756756756759,0.0089536322396925622,0.0087620329059317683,0.0089536322396925622,0.021399062261169308,True,0.42448422873867986,-1,-0.0038006756756756759,-1,True,calibration__20200509T220000Z,0.35830429732868763,2.9882757939587181,-0.27792605369445661,-0.32859612659782533,gate_pass,74,16
16,171,recovery_completion_hours_mean,C,-5.1435810810810807,0.36782186714440762,0.30491832987500717,0.36782186714440762,0.17101630677304022,False,13.983891498929562,-1,-5.1435810810810807,-1,True,calibration__20210920T030000Z,0.38179707233874743,3.8146122155776983,-0.45176993827253425,-0.51818994040448607,gate_pass,74,16
16,193,failed_recovery_attempts_mean,A,-0.012035472972972973,0.002542566422886887,0.0024338641072653433,0.002542566422886887,0.042752989516049937,True,4.7335923516631775,-1,-0.012035472972972973,-1,True,calibration__20210712T100000Z,0.35122930255895629,4.7079651576947388,-0.39067571519379207,-0.40063378822739137,gate_pass,74,16
16,193,failed_recovery_attempts_mean,AB,0.012035472972972973,0.002542566422886887,0.0024338641072653433,0.002542566422886887,0.042752989516049937,True,4.7335923516631775,1,0.012035472972972973,1,True,calibration__20210712T100000Z,0.35122930255895629,4.7079651576947388,-0.39067571519379207,-0.40063378822739137,gate_pass,74,16
16,193,failed_recovery_attempts_mean,ABC,-0.012035472972972973,0.002542566422886887,0.0024338641072653433,0.002542566422886887,0.042752989516049937,True,4.7335923516631775,-1,-0.012035472972972973,-1,True,calibration__20210712T100000Z,0.35122930255895629,4.7079651576947388,-0.39067571519379207,-0.40063378822739137,gate_pass,74,16
16,193,failed_recovery_attempts_mean,AC,0.012035472972972973,0.002542566422886887,0.0024338641072653433,0.002542566422886887,0.042752989516049937,True,4.7335923516631775,1,0.012035472972972973,1,True,calibration__20210712T100000Z,0.35122930255895629,4.7079651576947388,-0.39067571519379207,-0.40063378822739137,gate_pass,74,16
16,193,failed_recovery_attempts_mean,B,-0.10620777027027027,0.014307612751078733,0.014307612751078733,0.012082795774567752,0.15549882536087223,False,7.4231650043968838,-1,-0.10620777027027027,-1,True,calibration__20210702T030000Z,0.13381150813816736,17.352207705659769,-0.42226453164853289,-0.40161662603118764,gate_pass,74,16
16,193,failed_recovery_attempts_mean,BC,0.01076858108108108,0.0040939612158044239,0.0037775352856710544,0.0040939612158044239,0.077290895896089951,True,2.6303573760078129,1,0.01076858108108108,1,True,calibration__20200509T220000Z,0.61903770047906692,2.3770574407053129,-0.54570806650271864,-0.57948299857431129,gate_pass,74,16
16,193,failed_recovery_attempts_mean,C,-0.01076858108108108,0.0040939612158044239,0.0037775352856710544,0.0040939612158044239,0.077290895896089951,True,2.6303573760078129,-1,-0.01076858108108108,-1,True,calibration__20200509T220000Z,0.61903770047906692,2.3770574407053129,-0.54570806650271864,-0.57948299857431129,gate_pass,74,16
16,193,first_six_hour_burden_mean,A,-7.5758257449035698e-05,4.6897522471227877e-05,4.6897522471227877e-05,4.4310065260852265e-05,0.055172577868330776,True,1.6153999925158986,-1,-7.5758257449035698e-05,-1,True,calibration__20200511T090000Z,0.68213528483980801,1.924167829855522,-0.71682325611949349,-0.69644332587299984,gate_pass,74,16
16,193,first_six_hour_burden_mean,AB,7.5758257449035698e-05,4.6897522471227877e-05,4.6897522471227877e-05,4.4310065260852265e-05,0.055172577868330776,True,1.6153999925158986,1,7.5758257449035698e-05,1,True,calibration__20200511T090000Z,0.68213528483980801,1.924167829855522,-0.71682325611949349,-0.69644332587299984,gate_pass,74,16
16,193,first_six_hour_burden_mean,ABC,-7.5758257449035698e-05,4.6897522471227877e-05,4.6897522471227877e-05,4.4310065260852265e-05,0.055172577868330776,True,1.6153999925158986,-1,-7.5758257449035698e-05,-1,True,calibration__20200511T090000Z,0.68213528483980801,1.924167829855522,-0.71682325611949349,-0.69644332587299984,gate_pass,74,16
16,193,first_six_hour_burden_mean,AC,7.5758257449035698e-05,4.6897522471227877e-05,4.6897522471227877e-05,4.4310065260852265e-05,0.055172577868330776,True,1.6153999925158986,1,7.5758257449035698e-05,1,True,calibration__20200511T090000Z,0.68213528483980801,1.924167829855522,-0.71682325611949349,-0.69644332587299984,gate_pass,74,16
16,193,first_six_hour_burden_mean,B,-0.017963701294712558,0.0037685496826736918,0.0030246817486641073,0.0037685496826736918,0.19738838456332328,False,4.7667412684785839,-1,-0.017963701294712558,-1,True,calibration__20210715T050000Z,0.24815764135798107,7.3612272857449144,-0.54065195126549237,-0.61903379832568428,gate_pass,74,16
16,193,first_six_hour_burden_mean,BC,7.5758257449035725e-05,4.6897522471227884e-05,4.6897522471227884e-05,4.4310065260852272e-05,0.055172577868330769,True,1.6153999925158988,1,7.5758257449035725e-05,1,True,calibration__20200511T090000Z,0.68213528483980779,1.9241678298555227,-0.26009257422612797,-0.23557448525839389,gate_pass,74,16
16,193,first_six_hour_burden_mean,C,-7.5758257449035725e-05,4.6897522471227884e-05,4.6897522471227884e-05,4.4310065260852272e-05,0.055172577868330769,True,1.6153999925158988,-1,-7.5758257449035725e-05,-1,True,calibration__20200511T090000Z,0.68213528483980779,1.9241678298555227,-0.26009257422612797,-0.23557448525839389,gate_pass,74,16
16,193,initial_gap_q4_q1_burden_contrast,A,0.00014420223728477382,0.00010297912079457391,0.00010297912079457391,9.9626269586570676e-05,0.032558553443970517,True,1.4003055781805822,1,0.00014420223728477382,1,True,calibration__20210605T110000Z,0.63852463695302697,1.8574305064950722,-0.58474018255198712,-0.57126357962608498,gate_pass,74,16
16,193,initial_gap_q4_q1_burden_contrast,AB,-0.00014420223728477382,0.00010297912079457391,0.00010297912079457391,9.9626269586570676e-05,0.032558553443970517,True,1.4003055781805822,-1,-0.00014420223728477382,-1,True,calibration__20210605T110000Z,0.63852463695302697,1.8574305064950722,-0.58474018255198712,-0.57126357962608498,gate_pass,74,16
16,193,initial_gap_q4_q1_burden_contrast,ABC,0.00014420223728477382,0.00010297912079457391,0.00010297912079457391,9.9626269586570676e-05,0.032558553443970517,True,1.4003055781805822,1,0.00014420223728477382,1,True,calibration__20210605T110000Z,0.63852463695302697,1.8574305064950722,-0.58474018255198712,-0.57126357962608498,gate_pass,74,16
16,193,initial_gap_q4_q1_burden_contrast,AC,-0.00014420223728477382,0.00010297912079457391,0.00010297912079457391,9.9626269586570676e-05,0.032558553443970517,True,1.4003055781805822,-1,-0.00014420223728477382,-1,True,calibration__20210605T110000Z,0.63852463695302697,1.8574305064950722,-0.58474018255198712,-0.57126357962608498,gate_pass,74,16
16,193,initial_gap_q4_q1_burden_contrast,B,0.030151976522632483,0.010061861769389642,0.0090036123490313778,0.010061861769389642,0.10517431511310242,True,2.9966597846097738,1,0.030151976522632483,1,True,calibration__20210715T050000Z,0.42482462762481266,3.576063371283897,-0.49876719627090138,-0.52399628220874739,gate_pass,74,16
16,193,initial_gap_q4_q1_burden_contrast,BC,-0.0001442022372847739,0.00010297912079457397,0.00010297912079457397,9.9626269586570743e-05,0.032558553443970496,True,1.400305578180582,-1,-0.0001442022372847739,-1,True,calibration__20210605T110000Z,0.63852463695302619,1.8574305064950738,-0.5847401825519869,-0.5712635796260872,gate_pass,74,16
16,193,initial_gap_q4_q1_burden_contrast,C,0.0001442022372847739,0.00010297912079457397,0.00010297912079457397,9.9626269586570743e-05,0.032558553443970496,True,1.400305578180582,1,0.0001442022372847739,1,True,calibration__20210605T110000Z,0.63852463695302619,1.8574305064950738,-0.5847401825519869,-0.5712635796260872,gate_pass,74,16
16,193,maximum_downside_deviation_mean,A,-0.0041825324368307461,0.00064698434358846548,0.00051467578931547293,0.00064698434358846548,0.20450039569605338,False,6.4646578828052386,-1,-0.0041825324368307461,-1,True,calibration__20210920T030000Z,0.16496033249049671,8.735231289190212,-0.47812291050763844,-0.57388201835354591,gate_pass,74,16
16,193,maximum_downside_deviation_mean,AB,0.0041825324368307461,0.00064698434358846548,0.00051467578931547293,0.00064698434358846548,0.20450039569605338,False,6.4646578828052386,1,0.0041825324368307461,1,True,calibration__20210920T030000Z,0.16496033249049671,8.735231289190212,-0.47812291050763844,-0.57388201835354591,gate_pass,74,16
16,193,maximum_downside_deviation_mean,ABC,-0.0041825324368307461,0.00064698434358846548,0.00051467578931547293,0.00064698434358846548,0.20450039569605338,False,6.4646578828052386,-1,-0.0041825324368307461,-1,True,calibration__20210920T030000Z,0.16496033249049671,8.735231289190212,-0.47812291050763844,-0.57388201835354591,gate_pass,74,16
16,193,maximum_downside_deviation_mean,AC,0.0041825324368307461,0.00064698434358846548,0.00051467578931547293,0.00064698434358846548,0.20450039569605338,False,6.4646578828052386,1,0.0041825324368307461,1,True,calibration__20210920T030000Z,0.16496033249049671,8.735231289190212,-0.47812291050763844,-0.57388201835354591,gate_pass,74,16
16,193,maximum_downside_deviation_mean,B,-0.032874278059557116,0.0030869571752359559,0.0029591306265611518,0.0030869571752359559,0.04140859150889694,True,10.64941176485363,-1,-0.032874278059557116,-1,True,calibration__20201121T170000Z,0.07318973079620987,24.74953943763235,-0.47795731782400902,-0.56691676184048556,gate_pass,74,16
16,193,maximum_downside_deviation_mean,BC,0.006063831770070572,0.0007605661999185592,0.00068883358568773705,0.0007605661999185592,0.094314754242961651,True,7.9727862883203091,1,0.006063831770070572,1,True,calibration__20200509T220000Z,0.24392051048445901,6.8330165353576628,-0.54792328291947923,-0.60861262540719563,gate_pass,74,16
16,193,maximum_downside_deviation_mean,C,-0.006063831770070572,0.0007605661999185592,0.00068883358568773705,0.0007605661999185592,0.094314754242961651,True,7.9727862883203091,-1,-0.006063831770070572,-1,True,calibration__20200509T220000Z,0.24392051048445901,6.8330165353576628,-0.54792328291947923,-0.60861262540719563,gate_pass,74,16
16,193,recovery_completion_hours_mean,A,-7.993243243243243,0.91370365244954277,0.72911494835978274,0.91370365244954277,0.2020225087148303,False,8.7481791517569221,-1,-7.993243243243243,-1,True,calibration__20210920T030000Z,0.19695863448497253,8.0960674300481124,-0.47075422540950884,-0.56354488582813322,gate_pass,74,16
16,193,recovery_completion_hours_mean,AB,3.7157939189189189,0.78086119951635635,0.63831273246103371,0.78086119951635635,0.18255288794425079,False,4.7585843953065901,1,3.7157939189189189,1,True,calibration__20210625T070000Z,0.18592704994313347,8.2555428614431179,-0.4793865662014381,-0.57528704591800051,gate_pass,74,16
16,193,recovery_completion_hours_mean,ABC,-3.7157939189189189,0.78086119951635635,0.63831273246103371,0.78086119951635635,0.18255288794425079,False,4.7585843953065901,-1,-3.7157939189189189,-1,True,calibration__20210625T070000Z,0.18592704994313347,8.2555428614431179,-0.4793865662014381,-0.57528704591800051,gate_pass,74,16
16,193,recovery_completion_hours_mean,AC,7.993243243243243,0.91370365244954277,0.72911494835978274,0.91370365244954277,0.2020225087148303,False,8.7481791517569221,1,7.993243243243243,1,True,calibration__20210920T030000Z,0.19695863448497253,8.0960674300481124,-0.47075422540950884,-0.56354488582813322,gate_pass,74,16
16,193,recovery_completion_hours_mean,B,-40.231841216216218,4.3611100213111724,3.8506696960899975,4.3611100213111724,0.11704367070008255,True,9.2251378707754945,-1,-40.231841216216218,-1,True,calibration__20210715T050000Z,0.08477888523538131,24.309344124840674,-0.4759038899068071,-0.60563448669222897,gate_pass,74,16
16,193,recovery_completion_hours_mean,BC,5.6516047297297298,0.84670815921651921,0.84308635744100802,0.84670815921651921,0.0042775090048294056,True,6.6747965851177158,1,5.6516047297297298,1,True,calibration__20200509T220000Z,0.28053435207073324,5.6056527551263269,-0.5373497124632044,-0.56625699740319846,gate_pass,74,16
16,193,recovery_completion_hours_mean,C,-10.798986486486486,0.94523169221743863,0.93567932914396923,0.94523169221743863,0.010105842992907187,True,11.424697854927949,-1,-10.798986486486486,-1,True,calibration__20200509T220000Z,0.25852066203432056,5.9277004517358662,-0.52502098995258595,-0.54677716998528392,gate_pass,74,16
16,203,failed_recovery_attempts_mean,A,-0.00063344594594594598,0.00093638335414203769,0.00077293096358628066,0.00093638335414203769,0.17455712965500167,False,0.67648142520254595,-1,-0.00063344594594594598,-1,True,calibration__20210926T070000Z,0.55223880597014929,2.9552337063857794,-0.57327592994006737,-0.65683488041201954,gate_pass,74,16
16,203,failed_recovery_attempts_mean,AB,0.00063344594594594598,0.00093638335414203769,0.00077293096358628066,0.00093638335414203769,0.17455712965500167,False,0.67648142520254595,1,0.00063344594594594598,1,True,calibration__20210926T070000Z,0.55223880597014929,2.9552337063857794,-0.57327592994006737,-0.65683488041201954,gate_pass,74,16
16,203,failed_recovery_attempts_mean,ABC,-0.00063344594594594598,0.00093638335414203769,0.00077293096358628066,0.00093638335414203769,0.17455712965500167,False,0.67648142520254595,-1,-0.00063344594594594598,-1,True,calibration__20210926T070000Z,0.55223880597014929,2.9552337063857794,-0.57327592994006737,-0.65683488041201954,gate_pass,74,16
16,203,failed_recovery_attempts_mean,AC,0.00063344594594594598,0.00093638335414203769,0.00077293096358628066,0.00093638335414203769,0.17455712965500167,False,0.67648142520254595,1,0.00063344594594594598,1,True,calibration__20210926T070000Z,0.55223880597014929,2.9552337063857794,-0.57327592994006737,-0.65683488041201954,gate_pass,74,16
16,203,failed_recovery_attempts_mean,B,-0.32326858108108109,0.015857343174365952,0.015857343174365952,0.014388609461307723,0.092621676715207699,True,20.386049385855383,-1,-0.32326858108108109,-1,True,calibration__20210212T030000Z,0.0847271308849777,40.04594402454461,-0.51714834667139586,-0.50890937373486766,gate_pass,74,16
16,203,failed_recovery_attempts_mean,BC,0.00063344594594594598,0.00093638335414203769,0.00077293096358628066,0.00093638335414203769,0.17455712965500167,False,0.67648142520254595,1,0.00063344594594594598,1,True,calibration__20210926T070000Z,0.55223880597014929,2.9552337063857794,-0.57377955766043376,-0.65876961347941665,gate_pass,74,16
16,203,failed_recovery_attempts_mean,C,-0.00063344594594594598,0.00093638335414203769,0.00077293096358628066,0.00093638335414203769,0.17455712965500167,False,0.67648142520254595,-1,-0.00063344594594594598,-1,True,calibration__20210926T070000Z,0.55223880597014929,2.9552337063857794,-0.57377955766043376,-0.65876961347941665,gate_pass,74,16
16,203,first_six_hour_burden_mean,A,-6.6536701510093479e-05,3.4272670720473336e-05,3.3663154048737829e-05,3.4272670720473336e-05,0.017784335417181302,True,1.9413923721546071,-1,-6.6536701510093479e-05,-1,True,calibration__20210613T040000Z,0.72319456096190637,1.7603201354733269,-0.3855128699556043,-0.37488513939672424,gate_pass,74,16
16,203,first_six_hour_burden_mean,AB,6.6536701510093479e-05,3.4272670720473336e-05,3.3663154048737829e-05,3.4272670720473336e-05,0.017784335417181302,True,1.9413923721546071,1,6.6536701510093479e-05,1,True,calibration__20210613T040000Z,0.72319456096190637,1.7603201354733269,-0.3855128699556043,-0.37488513939672424,gate_pass,74,16
16,203,first_six_hour_burden_mean,ABC,-6.6536701510093479e-05,3.4272670720473336e-05,3.3663154048737829e-05,3.4272670720473336e-05,0.017784335417181302,True,1.9413923721546071,-1,-6.6536701510093479e-05,-1,True,calibration__20210613T040000Z,0.72319456096190637,1.7603201354733269,-0.3855128699556043,-0.37488513939672424,gate_pass,74,16
16,203,first_six_hour_burden_mean,AC,6.6536701510093479e-05,3.4272670720473336e-05,3.3663154048737829e-05,3.4272670720473336e-05,0.017784335417181302,True,1.9413923721546071,1,6.6536701510093479e-05,1,True,calibration__20210613T040000Z,0.72319456096190637,1.7603201354733269,-0.3855128699556043,-0.37488513939672424,gate_pass,74,16
16,203,first_six_hour_burden_mean,B,-0.13682422621150733,0.0081612544753094166,0.0081612544753094166,0.0079297329417150619,0.02836837575580891,True,16.765097403278794,-1,-0.13682422621150733,-1,True,calibration__20210605T110000Z,0.044492978051290731,36.611129400085311,-0.50584269847353402,-0.47226451929281288,gate_pass,74,16
16,203,first_six_hour_burden_mean,BC,8.1491735014507642e-05,3.6511391868942111e-05,3.6511391868942111e-05,3.5637033246712564e-05,0.023947556569962149,True,2.2319536682420318,1,8.1491735014507642e-05,1,True,calibration__20210613T040000Z,0.61476336878375648,2.2602214517577841,-0.41559612256623707,-0.39058647829338372,gate_pass,74,16
16,203,first_six_hour_burden_mean,C,-8.1491735014507642e-05,3.6511391868942111e-05,3.6511391868942111e-05,3.5637033246712564e-05,0.023947556569962149,True,2.2319536682420318,-1,-8.1491735014507642e-05,-1,True,calibration__20210613T040000Z,0.61476336878375648,2.2602214517577841,-0.41559612256623707,-0.39058647829338372,gate_pass,74,16
16,203,initial_gap_q4_q1_burden_contrast,A,1.4904575515499555e-05,1.4341191119594751e-05,1.021614782305426e-05,1.4341191119594751e-05,0.28763603121531062,False,1.039284351711556,1,1.4904575515499555e-05,1,True,calibration__20211210T180000Z,0.61313244129172406,1.9025951259847096,0.6893562260169066,0.54324002169251362,gate_pass,74,16
16,203,initial_gap_q4_q1_burden_contrast,AB,-1.4904575515499555e-05,1.4341191119594751e-05,1.021614782305426e-05,1.4341191119594751e-05,0.28763603121531062,False,1.039284351711556,-1,-1.4904575515499555e-05,-1,True,calibration__20211210T180000Z,0.61313244129172406,1.9025951259847096,0.6893562260169066,0.54324002169251484,gate_pass,74,16
16,203,initial_gap_q4_q1_burden_contrast,ABC,1.4904575515499555e-05,1.4341191119594751e-05,1.021614782305426e-05,1.4341191119594751e-05,0.28763603121531062,False,1.039284351711556,1,1.4904575515499555e-05,1,True,calibration__20211210T180000Z,0.61313244129172406,1.9025951259847096,0.6893562260169066,0.54324002169251484,gate_pass,74,16
16,203,initial_gap_q4_q1_burden_contrast,AC,-1.4904575515499555e-05,1.4341191119594751e-05,1.021614782305426e-05,1.4341191119594751e-05,0.28763603121531062,False,1.039284351711556,-1,-1.4904575515499555e-05,-1,True,calibration__20211210T180000Z,0.61313244129172406,1.9025951259847096,0.6893562260169066,0.54324002169251484,gate_pass,74,16
16,203,initial_gap_q4_q1_burden_contrast,B,0.10054563099670183,0.024356505385648423,0.021386945214742305,0.024356505385648423,0.1219206172596448,True,4.1280811596209652,1,0.10054563099670183,1,True,calibration__20210605T110000Z,0.098279748986427939,17.383992993058879,-0.49352960543576196,-0.58292374670153047,gate_pass,74,16
16,203,initial_gap_q4_q1_burden_contrast,BC,-1.490457551549952e-05,1.4341191119594714e-05,1.0216147823054238e-05,1.4341191119594714e-05,0.28763603121531034,False,1.0392843517115562,-1,-1.490457551549952e-05,-1,True,calibration__20211210T180000Z,0.61313244129172817,1.9025951259847029,0.68935622601690683,0.54324002169251528,gate_pass,74,16
16,203,initial_gap_q4_q1_burden_contrast,C,1.490457551549952e-05,1.4341191119594714e-05,1.0216147823054238e-05,1.4341191119594714e-05,0.28763603121531034,False,1.0392843517115562,1,1.490457551549952e-05,1,True,calibration__20211210T180000Z,0.61313244129172817,1.9025951259847029,0.68935622601690683,0.54324002169251528,gate_pass,74,16
16,203,maximum_downside_deviation_mean,A,-0.001254222972972973,0.00037587958670238077,0.00037587958670238077,0.00032383897911700537,0.13845020965871405,True,3.3367679899202916,-1,-0.001254222972972973,-1,True,calibration__20210710T100000Z,0.30927835051546393,4.7508204998737691,-0.52283665430796178,-0.47903676276690405,gate_pass,74,16
16,203,maximum_downside_deviation_mean,AB,0.00083614864864864856,0.00031239226708537854,0.00031239226708537854,0.00026441341922016007,0.15358526096968203,False,2.6765984204728235,1,0.00083614864864864856,1,True,calibration__20200505T100000Z,0.35820895522388058,4.1545580749652951,-0.45118135810009841,-0.38246975040322817,gate_pass,74,16
16,203,maximum_downside_deviation_mean,ABC,-0.00083614864864864856,0.00031239226708537854,0.00031239226708537854,0.00026441341922016007,0.15358526096968203,False,2.6765984204728235,-1,-0.00083614864864864856,-1,True,calibration__20200505T100000Z,0.35820895522388058,4.1545580749652951,-0.45118135810009841,-0.38246975040322817,gate_pass,74,16
16,203,maximum_downside_deviation_mean,AC,0.001254222972972973,0.00037587958670238077,0.00037587958670238077,0.00032383897911700537,0.13845020965871405,True,3.3367679899202916,1,0.001254222972972973,1,True,calibration__20210710T100000Z,0.30927835051546393,4.7508204998737691,-0.52283665430796178,-0.47903676276690405,gate_pass,74,16
16,203,maximum_downside_deviation_mean,B,-0.30435861802143127,0.0050837126869747147,0.0047100639845933379,0.0050837126869747147,0.073499177744392324,True,59.869358628635084,-1,-0.30435861802143127,-1,True,calibration__20201114T070000Z,0.033615694964274398,42.647028819102538,-0.48479145707345866,-0.52501563515205929,gate_pass,74,16
16,203,maximum_downside_deviation_mean,BC,0.00083614864864864856,0.00031239226708537854,0.00031239226708537854,0.00026441341922016007,0.15358526096968203,False,2.6765984204728235,1,0.00083614864864864856,1,True,calibration__20200505T100000Z,0.35820895522388058,4.1545580749652951,-0.39770792145950828,-0.31301442622799158,gate_pass,74,16
16,203,maximum_downside_deviation_mean,C,-0.0012542229729729695,0.00037587958670238077,0.00037587958670238077,0.00032383897911700537,0.13845020965871405,True,3.3367679899202822,-1,-0.0012542229729729695,-1,True,calibration__20210710T100000Z,0.30927835051546393,4.7508204998737691,-0.47304633646042343,-0.43214027422237206,gate_pass,74,16
16,203,recovery_completion_hours_mean,A,-2.5975506756756759,0.52812741550169928,0.52812741550169928,0.48376019855360169,0.084008547266857109,True,4.9184166536935212,-1,-2.5975506756756759,-1,True,calibration__20210710T100000Z,0.30264677824845643,5.0851082348761265,-0.51623151434831149,-0.50596604277996782,gate_pass,74,16
16,203,recovery_completion_hours_mean,AB,0.21494932432432431,0.41990670480373898,0.41990670480373898,0.36230934212595139,0.13716704691511925,True,0.51189781412228197,1,0.21494932432432431,1,True,calibration__20200505T100000Z,0.28359074951049024,4.8885085221483493,-0.44053862222990325,-0.36197344461483294,gate_pass,74,16
16,203,recovery_completion_hours_mean,ABC,-0.21494932432432431,0.41990670480373898,0.41990670480373898,0.36230934212595139,0.13716704691511925,True,0.51189781412228197,-1,-0.21494932432432431,-1,True,calibration__20200505T100000Z,0.28359074951049024,4.8885085221483493,-0.44053862222990325,-0.36197344461483294,gate_pass,74,16
16,203,recovery_completion_hours_mean,AC,2.5975506756756759,0.52812741550169928,0.52812741550169928,0.48376019855360169,0.084008547266857109,True,4.9184166536935212,1,2.5975506756756759,1,True,calibration__20210710T100000Z,0.30264677824845643,5.0851082348761265,-0.51623151434831149,-0.50596604277996782,gate_pass,74,16
16,203,recovery_completion_hours_mean,B,-415.95608108108109,6.9926410594520219,6.5119030175717389,6.9926410594520219,0.068749137528010901,True,59.48483234654654,-1,-415.95608108108109,-1,True,calibration__20210725T140000Z,0.034668820905961129,42.783274167842265,-0.48404035599746148,-0.52131167779706611,gate_pass,74,16
16,203,recovery_completion_hours_mean,BC,0.015202702702702704,0.42655920904229111,0.42655920904229111,0.37316645021734079,0.12517080323931468,True,0.03564031060737323,1,0.015202702702702704,1,True,calibration__20200505T100000Z,0.27481411426100411,4.9133913170372647,-0.39485899798840973,-0.30867258570209771,gate_pass,74,16
16,203,recovery_completion_hours_mean,C,-2.8150337837837838,0.52978777222907991,0.52978777222907991,0.49217520775228452,0.070995531509798121,True,5.3135121860958412,-1,-2.8150337837837838,-1,True,calibration__20210710T100000Z,0.30075275871958973,5.1269765395888509,-0.46693897555984126,-0.46758768674135243,gate_pass,74,16
16,222,failed_recovery_attempts_mean,A,-0.0019003378378378379,0.00068745019409204846,0.00065194460455571008,0.00068745019409204846,0.051648235525240463,True,2.7643280257527802,-1,-0.0019003378378378379,-1,True,calibration__20200317T160000Z,0.38461538461538458,4.3425355701847526,-0.48288661923146214,-0.47251189192909898,gate_pass,74,16
16,222,failed_recovery_attempts_mean,AB,0.0010557432432432433,0.00066993265958844564,0.00065194460455571008,0.00066993265958844564,0.02685054202878543,True,1.5758945740782508,1,0.0010557432432432433,1,True,calibration__20200317T160000Z,0.38461538461538458,4.3425355701847526,-0.48288661923146214,-0.46103462608471196,gate_pass,74,16
16,222,failed_recovery_attempts_mean,ABC,-0.0010557432432432433,0.00066993265958844564,0.00065194460455571008,0.00066993265958844564,0.02685054202878543,True,1.5758945740782508,-1,-0.0010557432432432433,-1,True,calibration__20200317T160000Z,0.38461538461538458,4.3425355701847526,-0.48288661923146214,-0.46103462608471196,gate_pass,74,16
16,222,failed_recovery_attempts_mean,AC,0.0019003378378378379,0.00068745019409204846,0.00065194460455571008,0.00068745019409204846,0.051648235525240463,True,2.7643280257527802,1,0.0019003378378378379,1,True,calibration__20200317T160000Z,0.38461538461538458,4.3425355701847526,-0.48288661923146214,-0.47251189192909898,gate_pass,74,16
16,222,failed_recovery_attempts_mean,B,-0.24852195945945946,0.016324854139191426,0.012615196719374019,0.016324854139191426,0.22723985085487244,False,15.223533229790243,-1,-0.24852195945945946,-1,True,calibration__20201201T230000Z,0.046616737948938253,42.969702841084633,-0.51156290703666141,-0.64067187717016127,gate_pass,74,16
16,222,failed_recovery_attempts_mean,BC,0.0010557432432432433,0.00066993265958844564,0.00065194460455571008,0.00066993265958844564,0.02685054202878543,True,1.5758945740782508,1,0.0010557432432432433,1,True,calibration__20200317T160000Z,0.38461538461538458,4.3425355701847526,-0.45768631023192052,-0.41380122169579975,gate_pass,74,16
16,222,failed_recovery_attempts_mean,C,-0.0019003378378378379,0.00068745019409204846,0.00065194460455571008,0.00068745019409204846,0.051648235525240463,True,2.7643280257527802,-1,-0.0019003378378378379,-1,True,calibration__20200317T160000Z,0.38461538461538458,4.3425355701847526,-0.45768631023192052,-0.42483539541332066,gate_pass,74,16
16,222,first_six_hour_burden_mean,A,-0.00053250126841941018,0.00032436908779412274,0.00030090419747236849,0.00032436908779412274,0.07234009406176041,True,1.6416523289586369,-1,-0.00053250126841941018,-1,True,calibration__20210206T010000Z,0.48653319800693429,2.1724025927720496,-0.47722963727724016,-0.47263765044281991,gate_pass,74,16
16,222,first_six_hour_burden_mean,AB,0.00038396898102064958,0.00029504278090270711,0.00025827941589933676,0.00029504278090270711,0.12460350628098703,True,1.301401036981368,1,0.00038396898102064958,1,True,calibration__20210926T070000Z,0.63955465484268947,1.9849417851547222,-0.41346050405892576,-0.43207884407571151,gate_pass,74,16
16,222,first_six_hour_burden_mean,ABC,-0.00038396898102064958,0.00029504278090270711,0.00025827941589933676,0.00029504278090270711,0.12460350628098703,True,1.301401036981368,-1,-0.00038396898102064958,-1,True,calibration__20210926T070000Z,0.63955465484268947,1.9849417851547222,-0.41346050405892576,-0.43207884407571151,gate_pass,74,16
16,222,first_six_hour_burden_mean,AC,0.00053250126841941018,0.00032436908779412274,0.00030090419747236849,0.00032436908779412274,0.07234009406176041,True,1.6416523289586369,1,0.00053250126841941018,1,True,calibration__20210206T010000Z,0.48653319800693429,2.1724025927720496,-0.47722963727724016,-0.47263765044281991,gate_pass,74,16
16,222,first_six_hour_burden_mean,B,-0.30625917631795041,0.016362242101035842,0.01078287401491718,0.016362242101035842,0.34099043710919358,False,18.717433370489129,-1,-0.30625917631795041,-1,True,calibration__20200804T130000Z,0.026129636834889843,49.32839429981896,-0.48606581172862434,-0.67135949424024854,gate_pass,74,16
16,222,first_six_hour_burden_mean,BC,0.00038396898102064964,0.00029504278090270711,0.00025827941589933676,0.00029504278090270711,0.12460350628098703,True,1.3014010369813682,1,0.00038396898102064964,1,True,calibration__20210926T070000Z,0.63955465484268936,1.9849417851547226,-0.4135052194692565,-0.43282579069976163,gate_pass,74,16
16,222,first_six_hour_burden_mean,C,-0.00053250126841941018,0.00032436908779412274,0.00030090419747236849,0.00032436908779412274,0.07234009406176041,True,1.6416523289586369,-1,-0.00053250126841941018,-1,True,calibration__20210206T010000Z,0.48653319800693429,2.1724025927720505,-0.47727103826620204,-0.47337534801783687,gate_pass,74,16
16,222,initial_gap_q4_q1_burden_contrast,A,-0.00095888043703226352,0.00081745264679647844,0.00081745264679647844,0.00081745264679647844,0,True,1.1730103765521189,-1,-0.00095888043703226352,-1,True,calibration__20210206T010000Z,1,1,-0.74585452365938643,-0.74169838779247776,gate_pass,74,16
16,222,initial_gap_q4_q1_burden_contrast,AB,0.00038038626505814338,0.00055378254295167879,0.00055378254295167868,0.00055378254295167879,1.9578121164792807e-16,True,0.68688742521689528,1,0.00038038626505814338,1,True,calibration__20210206T010000Z,1,1,-0.61481086190166134,-0.61063287276678557,gate_pass,74,16
16,222,initial_gap_q4_q1_burden_contrast,ABC,-0.00038038626505814338,0.00055378254295167879,0.00055378254295167868,0.00055378254295167879,1.9578121164792807e-16,True,0.68688742521689528,-1,-0.00038038626505814338,-1,True,calibration__20210206T010000Z,1,1,-0.61481086190166134,-0.61063287276678557,gate_pass,74,16
16,222,initial_gap_q4_q1_burden_contrast,AC,0.00095888043703226352,0.00081745264679647844,0.00081745264679647844,0.00081745264679647844,0,True,1.1730103765521189,1,0.00095888043703226352,1,True,calibration__20210206T010000Z,1,1,-0.74585452365938643,-0.74169838779247776,gate_pass,74,16
16,222,initial_gap_q4_q1_burden_contrast,B,0.026982218262543378,0.031835011993318105,0.029499314903250758,0.031835011993318105,0.073368814516469788,True,0.84756425624110687,1,0.026982218262543378,1,True,calibration__20211015T090000Z,0.051888177492488918,24.503475010057386,-0.47741136778826199,-0.50035391593021383,gate_pass,74,16
16,222,initial_gap_q4_q1_burden_contrast,BC,0.00038038626505814338,0.00055378254295167879,0.00055378254295167868,0.00055378254295167879,1.9578121164792807e-16,True,0.68688742521689528,1,0.00038038626505814338,1,True,calibration__20210206T010000Z,1,1,-0.61481086190166134,-0.61063287276678591,gate_pass,74,16
16,222,initial_gap_q4_q1_burden_contrast,C,-0.00095888043703226352,0.00081745264679647844,0.00081745264679647844,0.00081745264679647844,0,True,1.1730103765521189,-1,-0.00095888043703226352,-1,True,calibration__20210206T010000Z,1,1,-0.74585452365938643,-0.74169838779247776,gate_pass,74,16
16,222,maximum_downside_deviation_mean,A,-0.00073163006756756758,0.00026851309655571108,0.00026851309655571108,0.00026303266085719461,0.020410310591235506,True,2.7247463045653308,-1,-0.00073163006756756758,-1,True,calibration__20210206T010000Z,0.39393939393939392,4.048327137546468,-0.50822474311490118,-0.54494118807484182,gate_pass,74,16
16,222,maximum_downside_deviation_mean,AB,0.00031355574324324324,0.0002791513706048709,0.0002791513706048709,0.00022739297836936811,0.18541335521065738,False,1.1232462966734651,1,0.00031355574324324324,1,True,calibration__20210206T010000Z,0.43925233644859807,3.6825345770344176,-0.52649280604419746,-0.45719418848399851,gate_pass,74,16
16,222,maximum_downside_deviation_mean,ABC,-0.00031355574324324324,0.0002791513706048709,0.0002791513706048709,0.00022739297836936811,0.18541335521065738,False,1.1232462966734651,-1,-0.00031355574324324324,-1,True,calibration__20210206T010000Z,0.43925233644859807,3.6825345770344176,-0.52649280604419746,-0.45719418848399851,gate_pass,74,16
16,222,maximum_downside_deviation_mean,AC,0.00073163006756756758,0.00026851309655571108,0.00026851309655571108,0.00026303266085719461,0.020410310591235506,True,2.7247463045653308,1,0.00073163006756756758,1,True,calibration__20210206T010000Z,0.39393939393939392,4.048327137546468,-0.50822474311490118,-0.54494118807484182,gate_pass,74,16
16,222,maximum_downside_deviation_mean,B,-0.32264885979729729,0.003737714618289614,0.0032745078185672902,0.003737714618289614,0.12392781339049588,True,86.322497233601553,-1,-0.32264885979729729,-1,True,calibration__20201119T090000Z,0.068464307546016442,23.649151680116645,-0.46020731023817624,-0.55103156790793284,gate_pass,74,16
16,222,maximum_downside_deviation_mean,BC,0.00031355574324324324,0.0002791513706048709,0.0002791513706048709,0.00022739297836936811,0.18541335521065738,False,1.1232462966734651,1,0.00031355574324324324,1,True,calibration__20210206T010000Z,0.43925233644859807,3.6825345770344176,-0.461173292757939,-0.40846429655939381,gate_pass,74,16
16,222,maximum_downside_deviation_mean,C,-0.00073163006756755966,0.00026851309655571108,0.00026851309655571108,0.00026303266085719461,0.020410310591235506,True,2.7247463045653011,-1,-0.00073163006756755966,-1,True,calibration__20210206T010000Z,0.39393939393939381,4.0483271375464707,-0.44320573581209899,-0.49511678880240867,gate_pass,74,16
16,222,recovery_completion_hours_mean,A,-1.9077280405405406,0.39296070548429657,0.38812062810080966,0.39296070548429657,0.012316950056168721,True,4.8547552310335949,-1,-1.9077280405405406,-1,True,calibration__20210206T010000Z,0.37740072820882936,4.4067006908894006,-0.49956146911128213,-0.56429447820558698,gate_pass,74,16
16,222,recovery_completion_hours_mean,AB,-0.47445101351351349,0.39052493315926484,0.39052493315926484,0.35784932015714288,0.083671003379433687,True,1.2149058183694041,-1,-0.47445101351351349,-1,True,calibration__20210206T010000Z,0.4329069397537586,3.8936275076394025,-0.51339201678029311,-0.48285699619429434,gate_pass,74,16
16,222,recovery_completion_hours_mean,ABC,0.47445101351351349,0.39052493315926484,0.39052493315926484,0.35784932015714288,0.083671003379433687,True,1.2149058183694041,1,0.47445101351351349,1,True,calibration__20210206T010000Z,0.4329069397537586,3.8936275076394025,-0.51339201678029311,-0.48285699619429434,gate_pass,74,16
16,222,recovery_completion_hours_mean,AC,1.9077280405405406,0.39296070548429657,0.38812062810080966,0.39296070548429657,0.012316950056168721,True,4.8547552310335949,1,1.9077280405405406,1,True,calibration__20210206T010000Z,0.37740072820882936,4.4067006908894006,-0.49956146911128213,-0.56429447820558698,gate_pass,74,16
16,222,recovery_completion_hours_mean,B,-441.11423141891891,5.1659259354536529,4.5661166535672901,5.1659259354536529,0.11610876527862757,True,85.389190036883846,-1,-441.11423141891891,-1,True,calibration__20201119T090000Z,0.069409911362530788,23.463352739853899,-0.461186908486592,-0.54825641512519641,gate_pass,74,16
16,222,recovery_completion_hours_mean,BC,-0.6830658783783784,0.39514230084317659,0.39514230084317659,0.36515295844237733,0.07589504423294173,True,1.728657946569665,-1,-0.6830658783783784,-1,True,calibration__20210206T010000Z,0.42284873204915829,3.9964242709369135,-0.45704411651397775,-0.44919793129040736,gate_pass,74,16
16,222,recovery_completion_hours_mean,C,-2.1163429054054053,0.41036938048243571,0.3867027064818227,0.41036938048243571,0.057671637130407127,True,5.1571657293665636,-1,-2.1163429054054053,-1,True,calibration__20210206T010000Z,0.38017343040364621,4.4130733104150695,-0.4383057921222947,-0.53418413114240937,gate_pass,74,16
16,252,failed_recovery_attempts_mean,A,-0.0038006756756756759,0.0010655512875999754,0.0010655512875999754,0.00080863775992933958,0.24110855165808326,False,3.5668632002090068,-1,-0.0038006756756756759,-1,True,calibration__20200317T160000Z,0.29319371727748694,6.3716705964544582,-0.54405754144744645,-0.42309203676115054,gate_pass,74,16
16,252,failed_recovery_attempts_mean,AB,0.0038006756756756759,0.0010655512875999754,0.0010655512875999754,0.00080863775992933958,0.24110855165808326,False,3.5668632002090068,1,0.0038006756756756759,1,True,calibration__20200317T160000Z,0.29319371727748694,6.3716705964544582,-0.54405754144744645,-0.42309203676115054,gate_pass,74,16
16,252,failed_recovery_attempts_mean,ABC,-0.0038006756756756759,0.0010655512875999754,0.0010655512875999754,0.00080863775992933958,0.24110855165808326,False,3.5668632002090068,-1,-0.0038006756756756759,-1,True,calibration__20200317T160000Z,0.29319371727748694,6.3716705964544582,-0.54405754144744645,-0.42309203676115054,gate_pass,74,16
16,252,failed_recovery_attempts_mean,AC,0.0038006756756756759,0.0010655512875999754,0.0010655512875999754,0.00080863775992933958,0.24110855165808326,False,3.5668632002090068,1,0.0038006756756756759,1,True,calibration__20200317T160000Z,0.29319371727748694,6.3716705964544582,-0.54405754144744645,-0.42309203676115054,gate_pass,74,16
16,252,failed_recovery_attempts_mean,B,-0.22508445945945946,0.012845753471826716,0.012845753471826716,0.01019070258881659,0.20668704944658783,False,17.522090856960183,-1,-0.22508445945945946,-1,True,calibration__20210212T030000Z,0.15648978709607694,16.046910618297421,-0.56730562473740453,-0.48202407248806922,gate_pass,74,16
16,252,failed_recovery_attempts_mean,BC,0.0029560810810810812,0.0012503613733785164,0.0012503613733785164,0.00091875950856310363,0.26520482148245988,False,2.3641813830937974,1,0.0029560810810810812,1,True,calibration__20200511T090000Z,0.27376425855513309,6.3402539071451489,-0.59300357794571856,-0.45863673695203527,gate_pass,74,16
16,252,failed_recovery_attempts_mean,C,-0.0029560810810810812,0.0012503613733785164,0.0012503613733785164,0.00091875950856310363,0.26520482148245988,False,2.3641813830937974,-1,-0.0029560810810810812,-1,True,calibration__20200511T090000Z,0.27376425855513309,6.3402539071451489,-0.59300357794571856,-0.45863673695203527,gate_pass,74,16
16,252,first_six_hour_burden_mean,A,-0.0022915239941635342,0.00066459946438103567,0.00060374830710011105,0.00066459946438103567,0.091560647491037914,True,3.4479774916726864,-1,-0.0022915239941635342,-1,True,calibration__20200511T090000Z,0.30466454344999405,6.0164269675181927,-0.51793091919058831,-0.54497341086374151,gate_pass,74,16
16,252,first_six_hour_burden_mean,AB,0.0022915239941635342,0.00066459946438103567,0.00060374830710011105,0.00066459946438103567,0.091560647491037914,True,3.4479774916726864,1,0.0022915239941635342,1,True,calibration__20200511T090000Z,0.30466454344999405,6.0164269675181927,-0.51793091919058831,-0.54497341086374151,gate_pass,74,16
16,252,first_six_hour_burden_mean,ABC,-0.0022915239941635342,0.00066459946438103567,0.00060374830710011105,0.00066459946438103567,0.091560647491037914,True,3.4479774916726864,-1,-0.0022915239941635342,-1,True,calibration__20200511T090000Z,0.30466454344999405,6.0164269675181927,-0.51793091919058831,-0.54497341086374151,gate_pass,74,16
16,252,first_six_hour_burden_mean,AC,0.0022915239941635342,0.00066459946438103567,0.00060374830710011105,0.00066459946438103567,0.091560647491037914,True,3.4479774916726864,1,0.0022915239941635342,1,True,calibration__20200511T090000Z,0.30466454344999405,6.0164269675181927,-0.51793091919058831,-0.54497341086374151,gate_pass,74,16
16,252,first_six_hour_burden_mean,B,-0.10925248986308779,0.0084862186541631232,0.0079910874204255199,0.0084862186541631232,0.058345330696222927,True,12.874107339844619,-1,-0.10925248986308779,-1,True,calibration__20210128T140000Z,0.047662140947645606,35.240840217589856,-0.495248494230697,-0.49327662784401932,gate_pass,74,16
16,252,first_six_hour_burden_mean,BC,0.0026781281268097343,0.00068777432147069419,0.00068646680617539505,0.00068777432147069419,0.0019010818730528201,True,3.8939053744882335,1,0.0026781281268097343,1,True,calibration__20200511T090000Z,0.46214260561659654,3.8836703994371273,-0.54826943387170268,-0.54630592461135641,gate_pass,74,16
16,252,first_six_hour_burden_mean,C,-0.0026781281268097343,0.00068777432147069419,0.00068646680617539505,0.00068777432147069419,0.0019010818730528201,True,3.8939053744882335,-1,-0.0026781281268097343,-1,True,calibration__20200511T090000Z,0.46214260561659654,3.8836703994371273,-0.54826943387170268,-0.54630592461135641,gate_pass,74,16
16,252,initial_gap_q4_q1_burden_contrast,A,0.0013981880444054109,0.00098684223309052597,0.00098684223309052597,0.00095312789210610157,0.034163861105579264,True,1.4168303681396568,1,0.0013981880444054109,1,True,calibration__20211210T180000Z,0.69444426453929453,1.7391072095325517,-0.42921778066387534,-0.38653919688850563,gate_pass,74,16
16,252,initial_gap_q4_q1_burden_contrast,AB,-0.0013981880444054109,0.00098684223309052597,0.00098684223309052597,0.00095312789210610157,0.034163861105579264,True,1.4168303681396568,-1,-0.0013981880444054109,-1,True,calibration__20211210T180000Z,0.69444426453929453,1.7391072095325517,-0.42921778066387534,-0.38653919688850563,gate_pass,74,16
16,252,initial_gap_q4_q1_burden_contrast,ABC,0.0013981880444054109,0.00098684223309052597,0.00098684223309052597,0.00095312789210610157,0.034163861105579264,True,1.4168303681396568,1,0.0013981880444054109,1,True,calibration__20211210T180000Z,0.69444426453929453,1.7391072095325517,-0.42921778066387534,-0.38653919688850563,gate_pass,74,16
16,252,initial_gap_q4_q1_burden_contrast,AC,-0.0013981880444054109,0.00098684223309052597,0.00098684223309052597,0.00095312789210610157,0.034163861105579264,True,1.4168303681396568,-1,-0.0013981880444054109,-1,True,calibration__20211210T180000Z,0.69444426453929453,1.7391072095325517,-0.42921778066387534,-0.38653919688850563,gate_pass,74,16
16,252,initial_gap_q4_q1_burden_contrast,B,0.066790247846557793,0.021736591377811861,0.021527968591185789,0.021736591377811861,0.0095977691718043944,True,3.0727102831189765,1,0.066790247846557793,1,True,calibration__20210605T110000Z,0.093216217995747266,17.427761083441947,-0.49037853508413803,-0.51632497734920335,gate_pass,74,16
16,252,initial_gap_q4_q1_burden_contrast,BC,-0.0013981880444054109,0.00098684223309052597,0.00098684223309052597,0.00095312789210610157,0.034163861105579264,True,1.4168303681396568,-1,-0.0013981880444054109,-1,True,calibration__20211210T180000Z,0.69444426453929453,1.7391072095325517,-0.42921778066387534,-0.38653919688850563,gate_pass,74,16
16,252,initial_gap_q4_q1_burden_contrast,C,0.0013981880444054109,0.00098684223309052597,0.00098684223309052597,0.00095312789210610157,0.034163861105579264,True,1.4168303681396568,1,0.0013981880444054109,1,True,calibration__20211210T180000Z,0.69444426453929453,1.7391072095325517,-0.42921778066387534,-0.38653919688850563,gate_pass,74,16
16,252,maximum_downside_deviation_mean,A,-0.0058530405405405406,0.00063747766786981155,0.00063747766786981155,0.00057119826904842349,0.10397132662367072,True,9.1815617009753421,-1,-0.0058530405405405406,-1,True,calibration__20200511T090000Z,0.11290322580645165,14.395006934812759,-0.51727085435037212,-0.5007287458904045,gate_pass,74,16
16,252,maximum_downside_deviation_mean,AB,0.0027174831081081081,0.00060223022330992625,0.00060223022330992625,0.00054776778060144178,0.09043458896691145,True,4.5123658742540513,1,0.0027174831081081081,1,True,calibration__20200511T090000Z,0.12650602409638556,13.755074875207988,-0.51878239776513557,-0.48472989708707753,gate_pass,74,16
16,252,maximum_downside_deviation_mean,ABC,-0.0027174831081081081,0.00060223022330992625,0.00060223022330992625,0.00054776778060144178,0.09043458896691145,True,4.5123658742540513,-1,-0.0027174831081081081,-1,True,calibration__20200511T090000Z,0.12650602409638556,13.755074875207988,-0.51878239776513557,-0.48472989708707753,gate_pass,74,16
16,252,maximum_downside_deviation_mean,AC,0.0058530405405405406,0.00063747766786981155,0.00063747766786981155,0.00057119826904842349,0.10397132662367072,True,9.1815617009753421,1,0.0058530405405405406,1,True,calibration__20200511T090000Z,0.11290322580645165,14.395006934812759,-0.51727085435037212,-0.5007287458904045,gate_pass,74,16
16,252,maximum_downside_deviation_mean,B,-0.21071040256951284,0.0062606854718957224,0.0054313122793916606,0.0062606854718957224,0.13247322457375091,True,33.656123361474378,-1,-0.21071040256951284,-1,True,calibration__20210302T170000Z,0.02528052918054732,51.505065261530369,-0.49334898295684887,-0.52130113556864155,gate_pass,74,16
16,252,maximum_downside_deviation_mean,BC,0.0025084459459459459,0.00063058581493700896,0.00063058581493700896,0.00043178530548934038,0.31526321198253932,False,3.9779612647907752,1,0.0025084459459459459,1,True,calibration__20200509T220000Z,0.15934065934065933,12.381260902068281,-0.50897149463424884,-0.33927709669421768,gate_pass,74,16
16,252,maximum_downside_deviation_mean,C,-0.0064801520270270224,0.00066433049392947618,0.00066433049392947618,0.00060824665862520397,0.084421588075145548,True,9.7544100206770583,-1,-0.0064801520270270224,-1,True,calibration__20200509T220000Z,0.14356435643564355,13.268155213526994,-0.51113571995600826,-0.46654574604047933,gate_pass,74,16
16,252,recovery_completion_hours_mean,A,-8.8443834459459456,0.88621911157686706,0.88621911157686706,0.83741290517126321,0.055072392107141543,True,9.9799060191885953,-1,-8.8443834459459456,-1,True,calibration__20200511T090000Z,0.11326819388802417,14.604904858853002,-0.51486112366104075,-0.52221752531158083,gate_pass,74,16
16,252,recovery_completion_hours_mean,AB,2.9685388513513513,0.8264470514957587,0.8264470514957587,0.70316462254441692,0.14917159995696888,True,3.5919286613445989,1,2.9685388513513513,1,True,calibration__20200511T090000Z,0.12789235095567378,14.017456141321992,-0.51878326815730236,-0.45157335634109985,gate_pass,74,16
16,252,recovery_completion_hours_mean,ABC,-2.9685388513513513,0.8264470514957587,0.8264470514957587,0.70316462254441692,0.14917159995696888,True,3.5919286613445989,-1,-2.9685388513513513,-1,True,calibration__20200511T090000Z,0.12789235095567378,14.017456141321992,-0.51878326815730236,-0.45157335634109985,gate_pass,74,16
16,252,recovery_completion_hours_mean,AC,8.8443834459459456,0.88621911157686706,0.88621911157686706,0.83741290517126321,0.055072392107141543,True,9.9799060191885953,1,8.8443834459459456,1,True,calibration__20200511T090000Z,0.11326819388802417,14.604904858853002,-0.51486112366104075,-0.52221752531158083,gate_pass,74,16
16,252,recovery_completion_hours_mean,B,-285.0234375,8.6564948950094927,7.4748254468775697,8.6564948950094927,0.13650668803757518,True,32.925963794458802,-1,-285.0234375,-1,True,calibration__20201107T150000Z,0.026009936629179276,51.006805213733585,-0.49362474483390156,-0.52169914583722399,gate_pass,74,16
16,252,recovery_completion_hours_mean,BC,2.521748310810811,0.87105662780425819,0.87105662780425819,0.58611586746206834,0.32712082228277478,False,2.8950452017885251,1,2.521748310810811,1,True,calibration__20200509T220000Z,0.16792041445425246,12.317283810709215,-0.51153610176318487,-0.32827192781989939,gate_pass,74,16
16,252,recovery_completion_hours_mean,C,-9.8959037162162158,0.92421716911332874,0.92421716911332874,0.8850791611762111,0.0423471985211719,True,10.707335945414325,-1,-9.8959037162162158,-1,True,calibration__20200509T220000Z,0.14695352143076065,13.349258750230181,-0.50817598787038831,-0.48628092342266704,gate_pass,74,16
32,0,failed_recovery_attempts_mean,A,-0.003272804054054054,0.00083754104286923195,0.00080737698584032198,0.00083754104286923195,0.036015019545280469,True,3.9076342370543955,-1,-0.003272804054054054,-1,True,calibration__20210616T110000Z,0.72145615002757857,1.7451471761744546,-0.27259954495662952,-0.2802914989834841,gate_pass,74,32
32,0,failed_recovery_attempts_mean,AB,0.003272804054054054,0.00083754104286923195,0.00080737698584032198,0.00083754104286923195,0.036015019545280469,True,3.9076342370543955,1,0.003272804054054054,1,True,calibration__20210616T110000Z,0.72145615002757857,1.7451471761744546,-0.27259954495662952,-0.2802914989834841,gate_pass,74,32
32,0,failed_recovery_attempts_mean,ABC,-0.003272804054054054,0.00083754104286923195,0.00080737698584032198,0.00083754104286923195,0.036015019545280469,True,3.9076342370543955,-1,-0.003272804054054054,-1,True,calibration__20210616T110000Z,0.72145615002757857,1.7451471761744546,-0.27259954495662952,-0.2802914989834841,gate_pass,74,32
32,0,failed_recovery_attempts_mean,AC,0.003272804054054054,0.00083754104286923195,0.00080737698584032198,0.00083754104286923195,0.036015019545280469,True,3.9076342370543955,1,0.003272804054054054,1,True,calibration__20210616T110000Z,0.72145615002757857,1.7451471761744546,-0.27259954495662952,-0.2802914989834841,gate_pass,74,32
32,0,failed_recovery_attempts_mean,B,-0.020164695945945946,0.0033905422265205049,0.0033905422265205049,0.0032938294109348528,0.028524291728082147,True,5.947336620148711,-1,-0.020164695945945946,-1,True,calibration__20210212T030000Z,0.13961780252087708,14.926798824707003,-0.39501618732521826,-0.43146909976877923,gate_pass,74,32
32,0,failed_recovery_attempts_mean,BC,0.0036951013513513513,0.00088918080396665176,0.00087573537138049135,0.00088918080396665176,0.015121145807669373,True,4.1556242947074846,1,0.0036951013513513513,1,True,calibration__20210616T110000Z,0.76324425691514286,1.6116440920704884,-0.23597496261765044,-0.25211018718517314,gate_pass,74,32
32,0,failed_recovery_attempts_mean,C,-0.0036951013513513513,0.00088918080396665176,0.00087573537138049135,0.00088918080396665176,0.015121145807669373,True,4.1556242947074846,-1,-0.0036951013513513513,-1,True,calibration__20210616T110000Z,0.76324425691514286,1.6116440920704884,-0.23597496261765044,-0.25211018718517314,gate_pass,74,32
32,0,first_six_hour_burden_mean,A,0,0,0,0,0,True,0,0,0,0,True,calibration__20200128T020000Z,0,74,,,gate_pass,74,32
32,0,first_six_hour_burden_mean,AB,0,0,0,0,0,True,0,0,0,0,True,calibration__20200128T020000Z,0,74,,,gate_pass,74,32
32,0,first_six_hour_burden_mean,ABC,0,0,0,0,0,True,0,0,0,0,True,calibration__20200128T020000Z,0,74,,,gate_pass,74,32
32,0,first_six_hour_burden_mean,AC,0,0,0,0,0,True,0,0,0,0,True,calibration__20200128T020000Z,0,74,,,gate_pass,74,32
32,0,first_six_hour_burden_mean,B,-0.00014650645182063865,9.1378714796152001e-05,9.0336252034813427e-05,9.1378714796152001e-05,0.011408157399281714,True,1.6032886011525314,-1,-0.00014650645182063865,-1,True,calibration__20210302T170000Z,0.87662002708900855,1.2926466757026405,-0.34023111235805509,-0.47647159987205989,gate_pass,74,32
32,0,first_six_hour_burden_mean,BC,0,0,0,0,0,True,0,0,0,0,True,calibration__20200128T020000Z,0,74,,,gate_pass,74,32
32,0,first_six_hour_burden_mean,C,0,0,0,0,0,True,0,0,0,0,True,calibration__20200128T020000Z,0,74,,,gate_pass,74,32
32,0,initial_gap_q4_q1_burden_contrast,A,0,0,0,0,0,True,0,0,0,0,True,calibration__20200509T220000Z,0,38,,,gate_pass,74,32
32,0,initial_gap_q4_q1_burden_contrast,AB,0,0,0,0,0,True,0,0,0,0,True,calibration__20200509T220000Z,0,38,,,gate_pass,74,32
32,0,initial_gap_q4_q1_burden_contrast,ABC,0,0,0,0,0,True,0,0,0,0,True,calibration__20200509T220000Z,0,38,,,gate_pass,74,32
32,0,initial_gap_q4_q1_burden_contrast,AC,0,0,0,0,0,True,0,0,0,0,True,calibration__20200509T220000Z,0,38,,,gate_pass,74,32
32,0,initial_gap_q4_q1_burden_contrast,B,-9.1078439945746782e-05,8.775269026404183e-05,8.775269026404183e-05,8.7643306891923496e-05,0.0012464959397735526,True,1.0378991193511902,-1,-9.1078439945746782e-05,-1,True,calibration__20210421T210000Z,0.99850647421849292,1.0029915127815718,-0.49550320482661142,-0.49927436246412765,gate_pass,74,32
32,0,initial_gap_q4_q1_burden_contrast,BC,0,0,0,0,0,True,0,0,0,0,True,calibration__20200509T220000Z,0,38,,,gate_pass,74,32
32,0,initial_gap_q4_q1_burden_contrast,C,0,0,0,0,0,True,0,0,0,0,True,calibration__20200509T220000Z,0,38,,,gate_pass,74,32
32,0,maximum_downside_deviation_mean,A,-0.0016212559674340645,0.00011837051585705712,0.00011456000782091391,0.00011837051585705712,0.03219136124019889,True,13.696450975949743,-1,-0.0016212559674340645,-1,True,calibration__20210616T110000Z,0.58397850079859648,2.3388234604627547,-0.3741196092937587,-0.36733046307910083,gate_pass,74,32
32,0,maximum_downside_deviation_mean,AB,0.0016212559674340645,0.00011837051585705712,0.00011456000782091391,0.00011837051585705712,0.03219136124019889,True,13.696450975949743,1,0.0016212559674340645,1,True,calibration__20210616T110000Z,0.58397850079859648,2.3388234604627547,-0.3741196092937587,-0.36733046307910083,gate_pass,74,32
32,0,maximum_downside_deviation_mean,ABC,-0.0016212559674340645,0.00011837051585705712,0.00011456000782091391,0.00011837051585705712,0.03219136124019889,True,13.696450975949743,-1,-0.0016212559674340645,-1,True,calibration__20210616T110000Z,0.58397850079859648,2.3388234604627547,-0.3741196092937587,-0.36733046307910083,gate_pass,74,32
32,0,maximum_downside_deviation_mean,AC,0.0016212559674340645,0.00011837051585705712,0.00011456000782091391,0.00011837051585705712,0.03219136124019889,True,13.696450975949743,1,0.0016212559674340645,1,True,calibration__20210616T110000Z,0.58397850079859648,2.3388234604627547,-0.3741196092937587,-0.36733046307910083,gate_pass,74,32
32,0,maximum_downside_deviation_mean,B,-0.0019601949909758094,0.00011463952201429644,0.00011463952201429644,0.00010798742109142075,0.058026244405015248,True,17.098771492883213,-1,-0.0019601949909758094,-1,True,calibration__20210616T110000Z,0.58311119679187284,2.34605282477566,-0.3489429974306939,-0.36362472912119037,gate_pass,74,32
32,0,maximum_downside_deviation_mean,BC,0.0019348920103173703,0.00011456337865713193,0.00011456337865713193,0.00010896247963759737,0.048889087291123505,True,16.889271536833444,1,0.0019348920103173703,1,True,calibration__20210616T110000Z,0.58400257656269938,2.3387253532148278,-0.34886024521770143,-0.36624351161462132,gate_pass,74,32
32,0,maximum_downside_deviation_mean,C,-0.0019348920103173703,0.00011456337865713193,0.00011456337865713193,0.00010896247963759737,0.048889087291123505,True,16.889271536833444,-1,-0.0019348920103173703,-1,True,calibration__20210616T110000Z,0.58400257656269938,2.3387253532148278,-0.34886024521770143,-0.36624351161462132,gate_pass,74,32
32,0,recovery_completion_hours_mean,A,-5.442461993243243,0.30839522090393034,0.29297992514050986,0.30839522090393034,0.049985520911241942,True,17.647685905413724,-1,-5.442461993243243,-1,True,calibration__20210616T110000Z,0.33350786945836047,4.3921565724150584,-0.46204533878198945,-0.48360100563054015,gate_pass,74,32
32,0,recovery_completion_hours_mean,AB,0.95956503378378377,0.082980662832424432,0.081041035162381495,0.082980662832424432,0.023374453804495689,True,11.563718594554739,1,0.95956503378378377,1,True,calibration__20210616T110000Z,0.64697891827804654,1.8609368265426796,-0.37917466256904125,-0.36895078552178467,gate_pass,74,32
32,0,recovery_completion_hours_mean,ABC,-0.95956503378378377,0.082980662832424432,0.081041035162381495,0.082980662832424432,0.023374453804495689,True,11.563718594554739,-1,-0.95956503378378377,-1,True,calibration__20210616T110000Z,0.64697891827804654,1.8609368265426796,-0.37917466256904125,-0.36895078552178467,gate_pass,74,32
32,0,recovery_completion_hours_mean,AC,5.442461993243243,0.30839522090393034,0.29297992514050986,0.30839522090393034,0.049985520911241942,True,17.647685905413724,1,5.442461993243243,1,True,calibration__20210616T110000Z,0.33350786945836047,4.3921565724150584,-0.46204533878198945,-0.48360100563054015,gate_pass,74,32
32,0,recovery_completion_hours_mean,B,-1.3014146959459461,0.083106109270418532,0.083106109270418532,0.077755062715750833,0.064388125032492582,True,15.659675412204409,-1,-1.3014146959459461,-1,True,calibration__20210616T110000Z,0.5491080740944152,2.4369222137539071,-0.33781981606920558,-0.34573044500400674,gate_pass,74,32
32,0,recovery_completion_hours_mean,BC,1.1814822635135136,0.078447708941230848,0.078447708941230848,0.075443810198704456,0.038291733220364221,True,15.060761868757975,1,1.1814822635135136,1,True,calibration__20210616T110000Z,0.62209572946129021,1.9145893676054275,-0.35649575281592927,-0.36419955927900993,gate_pass,74,32
32,0,recovery_completion_hours_mean,C,-6.5520481418918921,0.31724538648370693,0.29973920091251466,0.31724538648370693,0.055181844455573663,True,20.652934356315349,-1,-6.5520481418918921,-1,True,calibration__20210616T110000Z,0.32703026551708142,4.3233113867789772,-0.46014097110787688,-0.51422509092086777,gate_pass,74,32
32,36,failed_recovery_attempts_mean,A,-0.0019003378378378379,0.00060558840263718488,0.00058073617915684115,0.00060558840263718488,0.041038143022750363,True,3.1380023619381507,-1,-0.0019003378378378379,-1,True,calibration__20210616T110000Z,0.45948827292110866,3.2649938028336267,-0.20074085236218731,-0.19643408200878429,gate_pass,74,32
32,36,failed_recovery_attempts_mean,AB,0.0019003378378378379,0.00060558840263718488,0.00058073617915684115,0.00060558840263718488,0.041038143022750363,True,3.1380023619381507,1,0.0019003378378378379,1,True,calibration__20210616T110000Z,0.45948827292110866,3.2649938028336267,-0.20074085236218731,-0.19643408200878429,gate_pass,74,32
32,36,failed_recovery_attempts_mean,ABC,-0.0019003378378378379,0.00060558840263718488,0.00058073617915684115,0.00060558840263718488,0.041038143022750363,True,3.1380023619381507,-1,-0.0019003378378378379,-1,True,calibration__20210616T110000Z,0.45948827292110866,3.2649938028336267,-0.20074085236218731,-0.19643408200878429,gate_pass,74,32
32,36,failed_recovery_attempts_mean,AC,0.0019003378378378379,0.00060558840263718488,0.00058073617915684115,0.00060558840263718488,0.041038143022750363,True,3.1380023619381507,1,0.0019003378378378379,1,True,calibration__20210616T110000Z,0.45948827292110866,3.2649938028336267,-0.20074085236218731,-0.19643408200878429,gate_pass,74,32
32,36,failed_recovery_attempts_mean,B,-0.034839527027027029,0.0059110065698699376,0.0059110065698699376,0.0054766193490744849,0.073487859582096651,True,5.8940091869655316,-1,-0.034839527027027029,-1,True,calibration__20210206T010000Z,0.18374529214431257,12.543332027326718,-0.4355200604809113,-0.44393895151097518,gate_pass,74,32
32,36,failed_recovery_attempts_mean,BC,0.0031672297297297299,0.0016462869298415495,0.0016462869298415495,0.0016262912448791785,0.01214592948526628,True,1.9238625250062373,1,0.0031672297297297299,1,True,calibration__20210616T110000Z,0.93274078004775796,1.147474979037203,-0.061045400676039398,-0.06148609083085229,gate_pass,74,32
32,36,failed_recovery_attempts_mean,C,-0.0031672297297297299,0.0016462869298415495,0.0016462869298415495,0.0016262912448791785,0.01214592948526628,True,1.9238625250062373,-1,-0.0031672297297297299,-1,True,calibration__20210616T110000Z,0.93274078004775796,1.147474979037203,-0.061045400676039398,-0.06148609083085229,gate_pass,74,32
32,36,first_six_hour_burden_mean,A,-1.1220977505552186e-05,1.0841751457078253e-05,1.0841751457078253e-05,1.0829297259012555e-05,0.001148725657012455,True,1.0349783012436009,-1,-1.1220977505552186e-05,-1,True,calibration__20200511T090000Z,0.99873174042648771,1.0025397361013411,-0.99972257834737155,-0.99976465911202428,gate_pass,74,32
32,36,first_six_hour_burden_mean,AB,1.1220977505552186e-05,1.0841751457078253e-05,1.0841751457078253e-05,1.0829297259012555e-05,0.001148725657012455,True,1.0349783012436009,1,1.1220977505552186e-05,1,True,calibration__20200511T090000Z,0.99873174042648771,1.0025397361013411,-0.99972257834737155,-0.99976465911202428,gate_pass,74,32
32,36,first_six_hour_burden_mean,ABC,-1.1220977505552186e-05,1.0841751457078253e-05,1.0841751457078253e-05,1.0829297259012555e-05,0.001148725657012455,True,1.0349783012436009,-1,-1.1220977505552186e-05,-1,True,calibration__20200511T090000Z,0.99873174042648771,1.0025397361013411,-0.99972257834737155,-0.99976465911202428,gate_pass,74,32
32,36,first_six_hour_burden_mean,AC,1.1220977505552186e-05,1.0841751457078253e-05,1.0841751457078253e-05,1.0829297259012555e-05,0.001148725657012455,True,1.0349783012436009,1,1.1220977505552186e-05,1,True,calibration__20200511T090000Z,0.99873174042648771,1.0025397361013411,-0.99972257834737155,-0.99976465911202428,gate_pass,74,32
32,36,first_six_hour_burden_mean,B,-0.00024385873903430547,0.00013987976543454415,0.00012923325992055107,0.00013987976543454415,0.076111834195025513,True,1.7433453528946445,-1,-0.00024385873903430547,-1,True,calibration__20210302T170000Z,0.81034605787141756,1.4933396090419542,-0.029966747368045141,-0.23783123287397143,gate_pass,74,32
32,36,first_six_hour_burden_mean,BC,1.1220977505552189e-05,1.0841751457078255e-05,1.0841751457078255e-05,1.0829297259012557e-05,0.0011487256570124548,True,1.0349783012436011,1,1.1220977505552189e-05,1,True,calibration__20200511T090000Z,0.99873174042648771,1.0025397361013411,-0.99972257834737155,-0.99976465911202428,gate_pass,74,32
32,36,first_six_hour_burden_mean,C,-1.1220977505552189e-05,1.0841751457078255e-05,1.0841751457078255e-05,1.0829297259012557e-05,0.0011487256570124548,True,1.0349783012436011,-1,-1.1220977505552189e-05,-1,True,calibration__20200511T090000Z,0.99873174042648771,1.0025397361013411,-0.99972257834737155,-0.99976465911202428,gate_pass,74,32
32,36,initial_gap_q4_q1_burden_contrast,A,0,0,0,0,0,True,0,0,0,0,True,calibration__20200509T220000Z,0,38,,,gate_pass,74,32
32,36,initial_gap_q4_q1_burden_contrast,AB,0,0,0,0,0,True,0,0,0,0,True,calibration__20200509T220000Z,0,38,,,gate_pass,74,32
32,36,initial_gap_q4_q1_burden_contrast,ABC,0,0,0,0,0,True,0,0,0,0,True,calibration__20200509T220000Z,0,38,,,gate_pass,74,32
32,36,initial_gap_q4_q1_burden_contrast,AC,0,0,0,0,0,True,0,0,0,0,True,calibration__20200509T220000Z,0,38,,,gate_pass,74,32
32,36,initial_gap_q4_q1_burden_contrast,B,-0.00017758959327448162,0.00016457081968353419,0.00016457081968353419,0.00016413366764401292,0.0026563156236439813,True,1.0791074238797755,-1,-0.00017758959327448162,-1,True,calibration__20210421T210000Z,0.99319080674833149,1.0137111080120189,0.13891015618320432,0.14085474406836665,gate_pass,74,32
32,36,initial_gap_q4_q1_burden_contrast,BC,0,0,0,0,0,True,0,0,0,0,True,calibration__20200509T220000Z,0,38,,,gate_pass,74,32
32,36,initial_gap_q4_q1_burden_contrast,C,0,0,0,0,0,True,0,0,0,0,True,calibration__20200509T220000Z,0,38,,,gate_pass,74,32
32,36,maximum_downside_deviation_mean,A,-3.6904626076047939e-06,7.6022990579498806e-07,7.6022990579498806e-07,7.0670991399372604e-07,0.070399745383990214,True,4.8544033580810018,-1,-3.6904626076047939e-06,-1,True,calibration__20210616T110000Z,0.37182870845256366,4.839928734215067,-0.19671940905389687,-0.15491057444800074,gate_pass,74,32
32,36,maximum_downside_deviation_mean,AB,3.6904626076047939e-06,7.6022990579498806e-07,7.6022990579498806e-07,7.0670991399372604e-07,0.070399745383990214,True,4.8544033580810018,1,3.6904626076047939e-06,1,True,calibration__20210616T110000Z,0.37182870845256366,4.839928734215067,-0.19671940905389687,-0.15491057444800074,gate_pass,74,32
32,36,maximum_downside_deviation_mean,ABC,-3.6904626076047939e-06,7.6022990579498806e-07,7.6022990579498806e-07,7.0670991399372604e-07,0.070399745383990214,True,4.8544033580810018,-1,-3.6904626076047939e-06,-1,True,calibration__20210616T110000Z,0.37182870845256366,4.839928734215067,-0.19671940905389687,-0.15491057444800074,gate_pass,74,32
32,36,maximum_downside_deviation_mean,AC,3.6904626076047939e-06,7.6022990579498806e-07,7.6022990579498806e-07,7.0670991399372604e-07,0.070399745383990214,True,4.8544033580810018,1,3.6904626076047939e-06,1,True,calibration__20210616T110000Z,0.37182870845256366,4.839928734215067,-0.19671940905389687,-0.15491057444800074,gate_pass,74,32
32,36,maximum_downside_deviation_mean,B,-4.1218766339449558e-05,6.6784088273724127e-06,6.6784088273724127e-06,6.1446368569625939e-06,0.079925021694101456,True,6.1719441568938631,-1,-4.1218766339449558e-05,-1,True,calibration__20210328T190000Z,0.22486850618179405,8.5693672891287296,-0.62959712636572374,-0.61276752864237249,gate_pass,74,32
32,36,maximum_downside_deviation_mean,BC,4.4761446785613574e-06,9.3424724253492412e-07,9.3424724253492412e-07,8.6879805202763336e-07,0.070055535116919684,True,4.7911778325575627,1,4.4761446785613574e-06,1,True,calibration__20210616T110000Z,0.56944033459569288,2.8013628016099719,-0.20652935865279631,-0.17873903053466031,gate_pass,74,32
32,36,maximum_downside_deviation_mean,C,-4.4761446785613574e-06,9.3424724253492412e-07,9.3424724253492412e-07,8.6879805202763336e-07,0.070055535116919684,True,4.7911778325575627,-1,-4.4761446785613574e-06,-1,True,calibration__20210616T110000Z,0.56944033459569288,2.8013628016099719,-0.20652935865279631,-0.17873903053466031,gate_pass,74,32
32,36,recovery_completion_hours_mean,A,-4.5147804054054053,0.25952036818097035,0.25716517953928908,0.25952036818097035,0.0090751591414163571,True,17.396632245285389,-1,-4.5147804054054053,-1,True,calibration__20210605T110000Z,0.31632493468094164,4.896605161062678,-0.4412109020144569,-0.47052652121202831,gate_pass,74,32
32,36,recovery_completion_hours_mean,AB,0.031883445945945943,0.014933883296192243,0.01426359146351831,0.014933883296192243,0.044883960814454768,True,2.1349735573516502,1,0.031883445945945943,1,True,calibration__20200509T220000Z,0.3994242310710221,4.0177124818398156,-0.1867409867907017,-0.24648467174626534,gate_pass,74,32
32,36,recovery_completion_hours_mean,ABC,-0.031883445945945943,0.014933883296192243,0.01426359146351831,0.014933883296192243,0.044883960814454768,True,2.1349735573516502,-1,-0.031883445945945943,-1,True,calibration__20200509T220000Z,0.3994242310710221,4.0177124818398156,-0.1867409867907017,-0.24648467174626534,gate_pass,74,32
32,36,recovery_completion_hours_mean,AC,4.5147804054054053,0.25952036818097035,0.25716517953928908,0.25952036818097035,0.0090751591414163571,True,17.396632245285389,1,4.5147804054054053,1,True,calibration__20210605T110000Z,0.31632493468094164,4.896605161062678,-0.4412109020144569,-0.47052652121202831,gate_pass,74,32
32,36,recovery_completion_hours_mean,B,-0.359375,0.099708552983496457,0.099708552983496457,0.098626639101834238,0.010850763041775315,True,3.6042544921846673,-1,-0.359375,-1,True,calibration__20210125T220000Z,0.51790731165016446,3.1670863160064413,-0.50383086890340412,-0.45064373648894879,gate_pass,74,32
32,36,recovery_completion_hours_mean,BC,0.030405405405405407,0.015229167848924651,0.014579815298914356,0.015229167848924651,0.042638741423822867,True,1.9965244133514732,1,0.030405405405405407,1,True,calibration__20200509T220000Z,0.42531544940969518,3.8060742783201418,-0.20569795350194139,-0.25795841964907679,gate_pass,74,32
32,36,recovery_completion_hours_mean,C,-5.4009712837837842,0.2807213938437581,0.26497445483079612,0.2807213938437581,0.056094545546914384,True,19.239614087944499,-1,-5.4009712837837842,-1,True,calibration__20210605T110000Z,0.29795435731241188,4.7859987586807788,-0.44983344360147653,-0.51218271583860642,gate_pass,74,32
32,42,failed_recovery_attempts_mean,A,0.00063344594594594598,0.00025439801379935562,0.00025439801379935562,0.0002368316620901497,0.069050663748737251,True,2.4899799195977468,1,0.00063344594594594598,1,True,calibration__20200317T160000Z,0.48333333333333334,3.0998851894374284,-0.035051263628076201,0.03540660517176486,gate_pass,74,32
32,42,failed_recovery_attempts_mean,AB,-0.00063344594594594598,0.00025439801379935562,0.00025439801379935562,0.0002368316620901497,0.069050663748737251,True,2.4899799195977468,-1,-0.00063344594594594598,-1,True,calibration__20200317T160000Z,0.48333333333333334,3.0998851894374284,-0.035051263628076201,0.03540660517176486,gate_pass,74,32
32,42,failed_recovery_attempts_mean,ABC,0.00063344594594594598,0.00025439801379935562,0.00025439801379935562,0.0002368316620901497,0.069050663748737251,True,2.4899799195977468,1,0.00063344594594594598,1,True,calibration__20200317T160000Z,0.48333333333333334,3.0998851894374284,-0.035051263628076201,0.03540660517176486,gate_pass,74,32
32,42,failed_recovery_attempts_mean,AC,-0.00063344594594594598,0.00025439801379935562,0.00025439801379935562,0.0002368316620901497,0.069050663748737251,True,2.4899799195977468,-1,-0.00063344594594594598,-1,True,calibration__20200317T160000Z,0.48333333333333334,3.0998851894374284,-0.035051263628076201,0.03540660517176486,gate_pass,74,32
32,42,failed_recovery_attempts_mean,B,-0.2117820945945946,0.008252243551673125,0.0072205030372740134,0.008252243551673125,0.12502545616094043,True,25.663577822016197,-1,-0.2117820945945946,-1,True,calibration__20210302T170000Z,0.028247496620782873,45.731862917302472,-0.49519989236657869,-0.52058685858528664,gate_pass,74,32
32,42,failed_recovery_attempts_mean,BC,-0.00063344594594594598,0.00025439801379935562,0.00025439801379935562,0.0002368316620901497,0.069050663748737251,True,2.4899799195977468,-1,-0.00063344594594594598,-1,True,calibration__20200317T160000Z,0.48333333333333334,3.0998851894374284,-0.0080608775323919371,0.098710252512079683,finite_replication_instability,74,32
32,42,failed_recovery_attempts_mean,C,0.00063344594594594598,0.00025439801379935562,0.00025439801379935562,0.0002368316620901497,0.069050663748737251,True,2.4899799195977468,1,0.00063344594594594598,1,True,calibration__20200317T160000Z,0.48333333333333334,3.0998851894374284,-0.0080608775323919371,0.098710252512079683,finite_replication_instability,74,32
32,42,first_six_hour_burden_mean,A,-0.0012179956865890731,0.00031856306902096029,0.00031856306902096029,0.00030094807357484342,0.055295158664351834,True,3.82340517478168,-1,-0.0012179956865890731,-1,True,calibration__20210206T010000Z,0.396809532613903,3.688116665207791,-0.37215819557851171,-0.30655373011667741,gate_pass,74,32
32,42,first_six_hour_burden_mean,AB,0.00037340109199447832,0.00031856306902096029,0.00031856306902096029,0.00029638354741920464,0.069623643663152671,True,1.1721418089738138,1,0.00037340109199447832,1,True,calibration__20210206T010000Z,0.396809532613903,3.688116665207791,-0.37215819557851171,-0.36145219933357026,gate_pass,74,32
32,42,first_six_hour_burden_mean,ABC,-0.00037340109199447832,0.00031856306902096029,0.00031856306902096029,0.00029638354741920464,0.069623643663152671,True,1.1721418089738138,-1,-0.00037340109199447832,-1,True,calibration__20210206T010000Z,0.396809532613903,3.688116665207791,-0.37215819557851171,-0.36145219933357026,gate_pass,74,32
32,42,first_six_hour_burden_mean,AC,0.0012179956865890731,0.00031856306902096029,0.00031856306902096029,0.00030094807357484342,0.055295158664351834,True,3.82340517478168,1,0.0012179956865890731,1,True,calibration__20210206T010000Z,0.396809532613903,3.688116665207791,-0.37215819557851171,-0.30655373011667741,gate_pass,74,32
32,42,first_six_hour_burden_mean,B,-0.44412375462483755,0.0090240712975568575,0.0072924789313233629,0.0090240712975568575,0.19188593586381564,False,49.215452757457484,-1,-0.44412375462483755,-1,True,calibration__20210314T050000Z,0.027692649517461889,47.870420032796432,-0.49004382364161642,-0.6641305280977462,gate_pass,74,32
32,42,first_six_hour_burden_mean,BC,0.00052543923255586958,0.00036144333012776039,0.00036144333012776039,0.000358819157845307,0.0072602592542676597,True,1.4537250759894811,1,0.00052543923255586958,1,True,calibration__20200317T160000Z,0.40651083086062234,3.386847825568811,-0.47703209134514518,-0.49998941093789617,gate_pass,74,32
32,42,first_six_hour_burden_mean,C,-0.0013700338271504641,0.00036144333012776039,0.00036144333012776039,0.00035098884532393427,0.028924270922721804,True,3.7904526462452477,-1,-0.0013700338271504641,-1,True,calibration__20200317T160000Z,0.40651083086062234,3.386847825568811,-0.47703209134514518,-0.46521891058753317,gate_pass,74,32
32,42,initial_gap_q4_q1_burden_contrast,A,-0.0020559300658874722,0.00088312775631733454,0.00088312775631733454,0.00085806880625987204,0.028375226436046997,True,2.32800979380464,-1,-0.0020559300658874722,-1,True,calibration__20210206T010000Z,0.7832170232513378,1.5141793098992706,-0.59124022595698122,-0.58148372923998182,gate_pass,74,32
32,42,initial_gap_q4_q1_burden_contrast,AB,-0.0012335436183230544,0.00090749500917632411,0.00088312775631733454,0.00090749500917632411,0.026851115006248011,True,1.3592841898300509,-1,-0.0012335436183230544,-1,True,calibration__20210206T010000Z,0.7832170232513378,1.5141793098992706,-0.59124022595698122,-0.5971978104055079,gate_pass,74,32
32,42,initial_gap_q4_q1_burden_contrast,ABC,0.0012335436183230544,0.00090749500917632411,0.00088312775631733454,0.00090749500917632411,0.026851115006248011,True,1.3592841898300509,1,0.0012335436183230544,1,True,calibration__20210206T010000Z,0.7832170232513378,1.5141793098992706,-0.59124022595698122,-0.5971978104055079,gate_pass,74,32
32,42,initial_gap_q4_q1_burden_contrast,AC,0.0020559300658874722,0.00088312775631733454,0.00088312775631733454,0.00085806880625987204,0.028375226436046997,True,2.32800979380464,1,0.0020559300658874722,1,True,calibration__20210206T010000Z,0.7832170232513378,1.5141793098992706,-0.59124022595698122,-0.58148372923998182,gate_pass,74,32
32,42,initial_gap_q4_q1_burden_contrast,B,-0.041142156243924199,0.024382582616357448,0.020477558920605484,0.024382582616357448,0.16015627865163945,False,1.687358426761705,-1,-0.041142156243924199,-1,True,calibration__20210314T050000Z,0.05327393107709659,24.290103426360165,-0.47967803233443607,-0.62121010317206005,gate_pass,74,32
32,42,initial_gap_q4_q1_burden_contrast,BC,-0.0012335436183230544,0.00090749500917632411,0.00088312775631733454,0.00090749500917632411,0.026851115006248011,True,1.3592841898300509,-1,-0.0012335436183230544,-1,True,calibration__20210206T010000Z,0.7832170232513378,1.5141793098992706,-0.59124022595698122,-0.5971978104055079,gate_pass,74,32
32,42,initial_gap_q4_q1_burden_contrast,C,-0.0020559300658874722,0.00088312775631733454,0.00088312775631733454,0.00085806880625987204,0.028375226436046997,True,2.32800979380464,-1,-0.0020559300658874722,-1,True,calibration__20210206T010000Z,0.7832170232513378,1.5141793098992706,-0.59124022595698122,-0.58148372923998182,gate_pass,74,32
32,42,maximum_downside_deviation_mean,A,-5.2259290540540542e-05,5.2259290540540542e-05,5.2259290540540542e-05,5.2259290540540542e-05,0,True,1,-1,-5.2259290540540542e-05,-1,True,calibration__20210317T020000Z,1,1,-0.37488160698099715,-0.33057996358356717,gate_pass,74,32
32,42,maximum_downside_deviation_mean,AB,5.2259290540540542e-05,5.2259290540540542e-05,5.2259290540540542e-05,5.2259290540540542e-05,0,True,1,1,5.2259290540540542e-05,1,True,calibration__20210317T020000Z,1,1,-0.37488160698099715,-0.33057996358356717,gate_pass,74,32
32,42,maximum_downside_deviation_mean,ABC,-5.2259290540540542e-05,5.2259290540540542e-05,5.2259290540540542e-05,5.2259290540540542e-05,0,True,1,-1,-5.2259290540540542e-05,-1,True,calibration__20210317T020000Z,1,1,-0.37488160698099715,-0.33057996358356717,gate_pass,74,32
32,42,maximum_downside_deviation_mean,AC,5.2259290540540542e-05,5.2259290540540542e-05,5.2259290540540542e-05,5.2259290540540542e-05,0,True,1,1,5.2259290540540542e-05,1,True,calibration__20210317T020000Z,1,1,-0.37488160698099715,-0.33057996358356717,gate_pass,74,32
32,42,maximum_downside_deviation_mean,B,-0.33597497888513511,0.0015024417763717013,0.0015024417763717013,0.0013750797148757382,0.08477004799715708,True,223.6193003741501,-1,-0.33597497888513511,-1,True,calibration__20210218T110000Z,0.10927682160558874,16.615705827218594,-0.45990735744153699,-0.49838173536390873,gate_pass,74,32
32,42,maximum_downside_deviation_mean,BC,5.2259290540540542e-05,5.2259290540540542e-05,5.2259290540540542e-05,5.2259290540540542e-05,0,True,1,1,5.2259290540540542e-05,1,True,calibration__20210317T020000Z,1,1,-0.18308271358193906,-0.16970789980427003,gate_pass,74,32
32,42,maximum_downside_deviation_mean,C,-5.2259290540532289e-05,5.2259290540540542e-05,5.2259290540540542e-05,5.2259290540540542e-05,0,True,0.99999999999984202,-1,-5.2259290540532289e-05,-1,True,calibration__20210317T020000Z,1,1,-0.18308271358193906,-0.16970789980427003,gate_pass,74,32
32,42,recovery_completion_hours_mean,A,-1.1059966216216217,0.12598722995127054,0.12598722995127054,0.10721606563553331,0.14899259490821065,True,8.7786406769114631,-1,-1.1059966216216217,-1,True,calibration__20210317T020000Z,0.35000396858763222,3.494648260920775,-0.40955334032278456,-0.30606526936382134,gate_pass,74,32
32,42,recovery_completion_hours_mean,AB,-0.96051520270270274,0.13053514959361248,0.12389742784115663,0.13053514959361248,0.050850071977706246,True,7.3582878304657333,-1,-0.96051520270270274,-1,True,calibration__20210605T110000Z,0.34070082368887111,3.5400008363793227,-0.39667193961115155,-0.43302381896275843,gate_pass,74,32
32,42,recovery_completion_hours_mean,ABC,0.96051520270270274,0.13053514959361248,0.12389742784115663,0.13053514959361248,0.050850071977706246,True,7.3582878304657333,1,0.96051520270270274,1,True,calibration__20210605T110000Z,0.34070082368887111,3.5400008363793227,-0.39667193961115155,-0.43302381896275843,gate_pass,74,32
32,42,recovery_completion_hours_mean,AC,1.1059966216216217,0.12598722995127054,0.12598722995127054,0.10721606563553331,0.14899259490821065,True,8.7786406769114631,1,1.1059966216216217,1,True,calibration__20210317T020000Z,0.35000396858763222,3.494648260920775,-0.40955334032278456,-0.30606526936382134,gate_pass,74,32
32,42,recovery_completion_hours_mean,B,-459.48036317567568,2.1041080378507426,2.1041080378507426,1.9479551159751587,0.074213357425832349,True,218.37298984182172,-1,-459.48036317567568,-1,True,calibration__20210218T110000Z,0.10983645237813543,16.592731687300983,-0.4611134080317949,-0.50046656525655242,gate_pass,74,32
32,42,recovery_completion_hours_mean,BC,-1.1361908783783783,0.12662037690923089,0.12662037690923089,0.12534390332659734,0.01008110711555223,True,8.9732072049735585,-1,-1.1361908783783783,-1,True,calibration__20210605T110000Z,0.32620496004621508,3.5466851596813092,-0.27190353131666273,-0.31927669961852378,gate_pass,74,32
32,42,recovery_completion_hours_mean,C,-1.2816722972972974,0.12866596027611729,0.12866596027611729,0.11712546441730393,0.089693465420437921,True,9.9612383457662563,-1,-1.2816722972972974,-1,True,calibration__20210317T020000Z,0.33558202631347817,3.5134285393282045,-0.28135544305581156,-0.26274692343974371,gate_pass,74,32
32,94,failed_recovery_attempts_mean,A,0.00084459459459459464,0.00037157208197978025,0.00036176633949677148,0.00037157208197978025,0.026389879537673033,True,2.2730302828309763,1,0.00084459459459459464,1,True,calibration__20200317T160000Z,0.35164835164835168,3.961727066140412,-0.50899526315866139,-0.43072459373125893,gate_pass,74,32
32,94,failed_recovery_attempts_mean,AB,-0.00084459459459459464,0.00037157208197978025,0.00036176633949677148,0.00037157208197978025,0.026389879537673033,True,2.2730302828309763,-1,-0.00084459459459459464,-1,True,calibration__20200317T160000Z,0.35164835164835168,3.961727066140412,-0.50899526315866139,-0.43072459373125893,gate_pass,74,32
32,94,failed_recovery_attempts_mean,ABC,0.00084459459459459464,0.00037157208197978025,0.00036176633949677148,0.00037157208197978025,0.026389879537673033,True,2.2730302828309763,1,0.00084459459459459464,1,True,calibration__20200317T160000Z,0.35164835164835168,3.961727066140412,-0.50899526315866139,-0.43072459373125893,gate_pass,74,32
32,94,failed_recovery_attempts_mean,AC,-0.00084459459459459464,0.00037157208197978025,0.00036176633949677148,0.00037157208197978025,0.026389879537673033,True,2.2730302828309763,-1,-0.00084459459459459464,-1,True,calibration__20200317T160000Z,0.35164835164835168,3.961727066140412,-0.50899526315866139,-0.43072459373125893,gate_pass,74,32
32,94,failed_recovery_attempts_mean,B,-0.21579391891891891,0.0087124871849477131,0.0074026470763173665,0.0087124871849477131,0.15034054923986753,False,24.76834850233573,-1,-0.21579391891891891,-1,True,calibration__20210302T170000Z,0.026874524315670677,47.366207955890502,-0.50221089467383906,-0.51155499550678485,gate_pass,74,32
32,94,failed_recovery_attempts_mean,BC,-0.00084459459459459464,0.00037157208197978025,0.00036176633949677148,0.00037157208197978025,0.026389879537673033,True,2.2730302828309763,-1,-0.00084459459459459464,-1,True,calibration__20200317T160000Z,0.35164835164835168,3.961727066140412,-0.4690796229748736,-0.38755909520928022,gate_pass,74,32
32,94,failed_recovery_attempts_mean,C,0.00084459459459459464,0.00037157208197978025,0.00036176633949677148,0.00037157208197978025,0.026389879537673033,True,2.2730302828309763,1,0.00084459459459459464,1,True,calibration__20200317T160000Z,0.35164835164835168,3.961727066140412,-0.4690796229748736,-0.38755909520928022,gate_pass,74,32
32,94,first_six_hour_burden_mean,A,-0.0012558713828707659,0.00033425221408649571,0.00031874580009533899,0.00033425221408649571,0.046391357596644256,True,3.7572567359143334,-1,-0.0012558713828707659,-1,True,calibration__20210206T010000Z,0.39635469588797217,3.7535889963258189,-0.48453683405768588,-0.43649041258702553,gate_pass,74,32
32,94,first_six_hour_burden_mean,AB,0.00041127678827617136,0.00031889573946920931,0.00031874580009533899,0.00031889573946920931,0.00047018305769743515,True,1.2896904454124318,1,0.00041127678827617136,1,True,calibration__20210206T010000Z,0.39635469588797217,3.7535889963258189,-0.48453683405768588,-0.47827547156819383,gate_pass,74,32
32,94,first_six_hour_burden_mean,ABC,-0.00041127678827617136,0.00031889573946920931,0.00031874580009533899,0.00031889573946920931,0.00047018305769743515,True,1.2896904454124318,-1,-0.00041127678827617136,-1,True,calibration__20210206T010000Z,0.39635469588797217,3.7535889963258189,-0.48453683405768588,-0.47827547156819383,gate_pass,74,32
32,94,first_six_hour_burden_mean,AC,0.0012558713828707659,0.00033425221408649571,0.00031874580009533899,0.00033425221408649571,0.046391357596644256,True,3.7572567359143334,1,0.0012558713828707659,1,True,calibration__20210206T010000Z,0.39635469588797217,3.7535889963258189,-0.48453683405768588,-0.43649041258702553,gate_pass,74,32
32,94,first_six_hour_burden_mean,B,-0.4292514461629095,0.0094052807804325071,0.0073815079697098938,0.0094052807804325071,0.2151740982505308,False,45.63940792240443,-1,-0.4292514461629095,-1,True,calibration__20210314T050000Z,0.027028670840208699,48.553198730153333,-0.48435012507722075,-0.66409797533759052,gate_pass,74,32
32,94,first_six_hour_burden_mean,BC,0.00041127678827617136,0.00031889573946920931,0.00031874580009533899,0.00031889573946920931,0.00047018305769743515,True,1.2896904454124318,1,0.00041127678827617136,1,True,calibration__20210206T010000Z,0.39635469588797217,3.7535889963258189,-0.48275056903793334,-0.47138575166822871,gate_pass,74,32
32,94,first_six_hour_burden_mean,C,-0.0012558713828707659,0.00033425221408649571,0.00031874580009533899,0.00033425221408649571,0.046391357596644256,True,3.7572567359143334,-1,-0.0012558713828707659,-1,True,calibration__20210206T010000Z,0.39635469588797217,3.7535889963258189,-0.48275056903793334,-0.42991871005388038,gate_pass,74,32
32,94,initial_gap_q4_q1_burden_contrast,A,-0.0020559210610235062,0.00088312789151855249,0.00088312789151855249,0.00085806950219709547,0.028374587148831548,True,2.3279992408441741,-1,-0.0020559210610235062,-1,True,calibration__20210206T010000Z,0.78321678344034684,1.5141799327773378,-0.61506594646267632,-0.6080250705092517,gate_pass,74,32
32,94,initial_gap_q4_q1_burden_contrast,AB,-0.0012335526231870202,0.00090749461428442488,0.00088312789151855249,0.00090749461428442488,0.026850542562267394,True,1.3592947040900045,-1,-0.0012335526231870202,-1,True,calibration__20210206T010000Z,0.78321678344034684,1.5141799327773378,-0.61506594646267632,-0.61843979448706254,gate_pass,74,32
32,94,initial_gap_q4_q1_burden_contrast,ABC,0.0012335526231870202,0.00090749461428442488,0.00088312789151855249,0.00090749461428442488,0.026850542562267394,True,1.3592947040900045,1,0.0012335526231870202,1,True,calibration__20210206T010000Z,0.78321678344034684,1.5141799327773378,-0.61506594646267632,-0.61843979448706254,gate_pass,74,32
32,94,initial_gap_q4_q1_burden_contrast,AC,0.0020559210610235062,0.00088312789151855249,0.00088312789151855249,0.00085806950219709547,0.028374587148831548,True,2.3279992408441741,1,0.0020559210610235062,1,True,calibration__20210206T010000Z,0.78321678344034684,1.5141799327773378,-0.61506594646267632,-0.6080250705092517,gate_pass,74,32
32,94,initial_gap_q4_q1_burden_contrast,B,-0.052333237922657094,0.023123487403469516,0.020619058419546935,0.023123487403469516,0.10830671603396683,True,2.2632069726128274,-1,-0.052333237922657094,-1,True,calibration__20210314T050000Z,0.052545249038121251,24.727711543914175,-0.47156142937250245,-0.57643093241320653,gate_pass,74,32
32,94,initial_gap_q4_q1_burden_contrast,BC,-0.0012335526231870202,0.00090749461428442488,0.00088312789151855249,0.00090749461428442488,0.026850542562267394,True,1.3592947040900045,-1,-0.0012335526231870202,-1,True,calibration__20210206T010000Z,0.78321678344034684,1.5141799327773378,-0.61506594646267632,-0.61843979448706254,gate_pass,74,32
32,94,initial_gap_q4_q1_burden_contrast,C,-0.0020559210610235062,0.0008831278915185526,0.0008831278915185526,0.00085806950219709547,0.028374587148831665,True,2.3279992408441736,-1,-0.0020559210610235062,-1,True,calibration__20210206T010000Z,0.78321678344034673,1.5141799327773378,-0.61506594646267632,-0.6080250705092517,gate_pass,74,32
32,94,maximum_downside_deviation_mean,A,-0.00041807432432432434,0.00013471509844817308,0.00013471509844817308,0.00013005686373941566,0.034578415949044559,True,3.103396197904007,-1,-0.00041807432432432434,-1,True,calibration__20210206T010000Z,0.84951456310679607,1.3435066168555689,-0.5516499122042462,-0.56135601018183856,gate_pass,74,32
32,94,maximum_downside_deviation_mean,AB,-0.00031355574324324324,0.00013921755526537946,0.00013471509844817308,0.00013921755526537946,0.032341157037441892,True,2.2522715805886451,-1,-0.00031355574324324324,-1,True,calibration__20210206T010000Z,0.84951456310679607,1.3435066168555689,-0.5516499122042462,-0.55712214487761169,gate_pass,74,32
32,94,maximum_downside_deviation_mean,ABC,0.00031355574324324324,0.00013921755526537946,0.00013471509844817308,0.00013921755526537946,0.032341157037441892,True,2.2522715805886451,1,0.00031355574324324324,1,True,calibration__20210206T010000Z,0.84951456310679607,1.3435066168555689,-0.5516499122042462,-0.55712214487761169,gate_pass,74,32
32,94,maximum_downside_deviation_mean,AC,0.00041807432432432434,0.00013471509844817308,0.00013471509844817308,0.00013005686373941566,0.034578415949044559,True,3.103396197904007,1,0.00041807432432432434,1,True,calibration__20210206T010000Z,0.84951456310679607,1.3435066168555689,-0.5516499122042462,-0.56135601018183856,gate_pass,74,32
32,94,maximum_downside_deviation_mean,B,-0.34125316722972981,0.0015667106895022713,0.0015667106895022713,0.0014324717085104949,0.085682048313861184,True,217.81505003846155,-1,-0.34125316722972981,-1,True,calibration__20210218T110000Z,0.11025769865766996,17.551511760372055,-0.45878914401430182,-0.48332626541068585,gate_pass,74,32
32,94,maximum_downside_deviation_mean,BC,-0.00031355574324324324,0.00013921755526537946,0.00013471509844817308,0.00013921755526537946,0.032341157037441892,True,2.2522715805886451,-1,-0.00031355574324324324,-1,True,calibration__20210206T010000Z,0.84951456310679607,1.3435066168555689,-0.46082667564183527,-0.50562104164881805,gate_pass,74,32
32,94,maximum_downside_deviation_mean,C,-0.00041807432432431637,0.00013471509844817305,0.00013471509844817305,0.00013005686373941566,0.034578415949044365,True,3.1033961979039488,-1,-0.00041807432432431637,-1,True,calibration__20210206T010000Z,0.84951456310679607,1.3435066168555689,-0.46082667564183527,-0.43599771441927371,gate_pass,74,32
32,94,recovery_completion_hours_mean,A,-1.6194045608108107,0.21445516924447694,0.21445516924447694,0.19976936438294077,0.068479603048385781,True,7.5512498323820036,-1,-1.6194045608108107,-1,True,calibration__20210206T010000Z,0.66082969067133224,2.1303700622400963,-0.53464917257614142,-0.56685661882703475,gate_pass,74,32
32,94,recovery_completion_hours_mean,AB,-1.4743454391891893,0.21437222397230765,0.21437222397230765,0.21032209949341718,0.018892953591849948,True,6.8775021869421078,-1,-1.4743454391891893,-1,True,calibration__20210206T010000Z,0.66134116833990819,2.1278794016403837,-0.53578064095660205,-0.5410227435311894,gate_pass,74,32
32,94,recovery_completion_hours_mean,ABC,1.4743454391891893,0.21437222397230765,0.21437222397230765,0.21032209949341718,0.018892953591849948,True,6.8775021869421078,1,1.4743454391891893,1,True,calibration__20210206T010000Z,0.66134116833990819,2.1278794016403837,-0.53578064095660205,-0.5410227435311894,gate_pass,74,32
32,94,recovery_completion_hours_mean,AC,1.6194045608108107,0.21445516924447694,0.21445516924447694,0.19976936438294077,0.068479603048385781,True,7.5512498323820036,1,1.6194045608108107,1,True,calibration__20210206T010000Z,0.66082969067133224,2.1303700622400963,-0.53464917257614142,-0.56685661882703475,gate_pass,74,32
32,94,recovery_completion_hours_mean,B,-466.89516469594594,2.1939159133945867,2.1939159133945867,2.0128633143709087,0.082524857911960806,True,212.81360960344725,-1,-466.89516469594594,-1,True,calibration__20210218T110000Z,0.110842366994906,17.517829697919741,-0.45997289772737532,-0.48378367642445924,gate_pass,74,32
32,94,recovery_completion_hours_mean,BC,-1.6500211148648649,0.21595739772884445,0.21595739772884445,0.21045039621690581,0.025500406885126569,True,7.6404935983560387,-1,-1.6500211148648649,-1,True,calibration__20210206T010000Z,0.65166802769127763,2.1785453500424774,-0.46351914179264442,-0.51783136551116971,gate_pass,74,32
32,94,recovery_completion_hours_mean,C,-1.7950802364864864,0.21603973439776841,0.21603973439776841,0.1957490612696017,0.093921024226070807,True,8.3090281585952024,-1,-1.7950802364864864,-1,True,calibration__20210206T010000Z,0.65117139729018725,2.1810508437822449,-0.4598894190471654,-0.44247920754830095,gate_pass,74,32
32,97,failed_recovery_attempts_mean,A,0.00010557432432432433,0.00010557432432432432,0.00010557432432432432,0.00010557432432432432,0,True,1.0000000000000002,1,0.00010557432432432433,1,True,calibration__20200511T090000Z,1,1,-0.60234370287673489,-0.60369413979028341,gate_pass,74,32
32,97,failed_recovery_attempts_mean,AB,-0.00010557432432432433,0.00010557432432432432,0.00010557432432432432,0.00010557432432432432,0,True,1.0000000000000002,-1,-0.00010557432432432433,-1,True,calibration__20200511T090000Z,1,1,-0.60234370287673489,-0.60369413979028341,gate_pass,74,32
32,97,failed_recovery_attempts_mean,ABC,0.00010557432432432433,0.00010557432432432432,0.00010557432432432432,0.00010557432432432432,0,True,1.0000000000000002,1,0.00010557432432432433,1,True,calibration__20200511T090000Z,1,1,-0.60234370287673489,-0.60369413979028341,gate_pass,74,32
32,97,failed_recovery_attempts_mean,AC,-0.00010557432432432433,0.00010557432432432432,0.00010557432432432432,0.00010557432432432432,0,True,1.0000000000000002,-1,-0.00010557432432432433,-1,True,calibration__20200511T090000Z,1,1,-0.60234370287673489,-0.60369413979028341,gate_pass,74,32
32,97,failed_recovery_attempts_mean,B,-0.2477829391891892,0.0077521391592372466,0.0076347429886309279,0.0077521391592372466,0.015143713005516991,True,31.963169661878105,-1,-0.2477829391891892,-1,True,calibration__20201119T090000Z,0.031483046404184582,46.963395952236567,-0.48739099940966901,-0.50888600311448495,gate_pass,74,32
32,97,failed_recovery_attempts_mean,BC,-0.00010557432432432433,0.00010557432432432432,0.00010557432432432432,0.00010557432432432432,0,True,1.0000000000000002,-1,-0.00010557432432432433,-1,True,calibration__20200511T090000Z,1,1,-0.60234370287673489,-0.60369413979028341,gate_pass,74,32
32,97,failed_recovery_attempts_mean,C,0.00010557432432432433,0.00010557432432432432,0.00010557432432432432,0.00010557432432432432,0,True,1.0000000000000002,1,0.00010557432432432433,1,True,calibration__20200511T090000Z,1,1,-0.60234370287673489,-0.60369413979028341,gate_pass,74,32
32,97,first_six_hour_burden_mean,A,-5.7211929280808254e-05,1.6494616721148574e-05,1.6494616721148574e-05,1.5088431200026921e-05,0.08525117890849275,True,3.4685212907950733,-1,-5.7211929280808254e-05,-1,True,calibration__20200317T160000Z,0.55435985143837885,2.1376028169817114,0.24200702990203701,0.28484414241110456,gate_pass,74,32
32,97,first_six_hour_burden_mean,AB,5.7211929280808261e-05,1.6494616721148574e-05,1.6494616721148574e-05,1.5088431200026923e-05,0.085251178908492639,True,3.4685212907950738,1,5.7211929280808261e-05,1,True,calibration__20200317T160000Z,0.55435985143837885,2.1376028169817114,0.24200702990203701,0.28484414241110456,gate_pass,74,32
32,97,first_six_hour_burden_mean,ABC,-5.7211929280808254e-05,1.6494616721148574e-05,1.6494616721148574e-05,1.5088431200026926e-05,0.085251178908492431,True,3.4685212907950733,-1,-5.7211929280808254e-05,-1,True,calibration__20200317T160000Z,0.55435985143837885,2.1376028169817114,0.24200702990203701,0.28484414241110456,gate_pass,74,32
32,97,first_six_hour_burden_mean,AC,5.7211929280808261e-05,1.6494616721148574e-05,1.6494616721148574e-05,1.5088431200026923e-05,0.085251178908492639,True,3.4685212907950738,1,5.7211929280808261e-05,1,True,calibration__20200317T160000Z,0.55435985143837885,2.1376028169817114,0.24200702990203701,0.28484414241110456,gate_pass,74,32
32,97,first_six_hour_burden_mean,B,-0.40419620708953186,0.008704803877232159,0.007215652879285263,0.008704803877232159,0.17107232040481044,False,46.433694864364128,-1,-0.40419620708953186,-1,True,calibration__20211015T090000Z,0.026961697266071293,48.389703576199089,-0.4866197056660681,-0.61233852106268472,gate_pass,74,32
32,97,first_six_hour_burden_mean,BC,5.7211929280808261e-05,1.6494616721148574e-05,1.6494616721148574e-05,1.5088431200026926e-05,0.085251178908492431,True,3.4685212907950738,1,5.7211929280808261e-05,1,True,calibration__20200317T160000Z,0.55435985143837896,2.1376028169817101,0.24300487114652577,0.2853912578262614,gate_pass,74,32
32,97,first_six_hour_burden_mean,C,-5.721192928080824e-05,1.6494616721148574e-05,1.6494616721148574e-05,1.5088431200026921e-05,0.08525117890849275,True,3.4685212907950724,-1,-5.721192928080824e-05,-1,True,calibration__20200317T160000Z,0.55435985143837896,2.1376028169817101,0.24300487114652577,0.2853912578262614,gate_pass,74,32
32,97,initial_gap_q4_q1_burden_contrast,A,2.3237319912661475e-06,3.017827067834107e-06,2.9985695387506857e-06,3.017827067834107e-06,0.0063812566626762967,True,0.77000170620574648,1,2.3237319912661475e-06,1,True,calibration__20211028T220000Z,0.95837588029696064,1.0867003259052759,1.4819579275364645,1.4770727015157172,gate_pass,74,32
32,97,initial_gap_q4_q1_burden_contrast,AB,-2.3237319912661932e-06,3.0178270678341057e-06,2.9985695387506857e-06,3.0178270678341057e-06,0.0063812566626758787,True,0.77000170620576203,-1,-2.3237319912661932e-06,-1,True,calibration__20211028T220000Z,0.95837588029696064,1.0867003259052759,1.4819579275364645,1.4770727015157172,gate_pass,74,32
32,97,initial_gap_q4_q1_burden_contrast,ABC,2.3237319912661932e-06,3.0178270678341057e-06,2.9985695387506857e-06,3.0178270678341057e-06,0.0063812566626758787,True,0.77000170620576203,1,2.3237319912661932e-06,1,True,calibration__20211028T220000Z,0.95837588029696064,1.0867003259052759,1.4819579275364645,1.4770727015157172,gate_pass,74,32
32,97,initial_gap_q4_q1_burden_contrast,AC,-2.3237319912661932e-06,3.0178270678341057e-06,2.9985695387506857e-06,3.0178270678341057e-06,0.0063812566626758787,True,0.77000170620576203,-1,-2.3237319912661932e-06,-1,True,calibration__20211028T220000Z,0.95837588029696064,1.0867003259052759,1.4819579275364645,1.4770727015157172,gate_pass,74,32
32,97,initial_gap_q4_q1_burden_contrast,B,-0.016166918008267528,0.02238371090656837,0.020184647742623279,0.02238371090656837,0.098243904825441111,True,0.72226263445546202,-1,-0.016166918008267528,-1,True,calibration__20211015T090000Z,0.052265171705950131,25.502744487551169,-0.47367343736574014,-0.56501076161042885,gate_pass,74,32
32,97,initial_gap_q4_q1_burden_contrast,BC,-2.3237319912662902e-06,3.0178270678341087e-06,2.9985695387506916e-06,3.0178270678341087e-06,0.0063812566626748899,True,0.77000170620579333,-1,-2.3237319912662902e-06,-1,True,calibration__20211028T220000Z,0.95837588029696075,1.0867003259052757,1.4819579275364636,1.4770727015157146,gate_pass,74,32
32,97,initial_gap_q4_q1_burden_contrast,C,2.3237319912661987e-06,3.0178270678341116e-06,2.9985695387506916e-06,3.0178270678341116e-06,0.0063812566626758665,True,0.77000170620576225,1,2.3237319912661987e-06,1,True,calibration__20211028T220000Z,0.95837588029696075,1.0867003259052757,1.4819579275364636,1.4770727015157146,gate_pass,74,32
32,97,maximum_downside_deviation_mean,A,0,0,0,0,0,True,0,0,0,0,True,calibration__20200128T020000Z,0,74,-0.20751874963941958,-0.2189689506944586,gate_pass,74,32
32,97,maximum_downside_deviation_mean,AB,0,0,0,0,0,True,0,0,0,0,True,calibration__20200128T020000Z,0,74,-0.20751874963941958,-0.2189689506944586,gate_pass,74,32
32,97,maximum_downside_deviation_mean,ABC,0,0,0,0,0,True,0,0,0,0,True,calibration__20200128T020000Z,0,74,-0.20751874963941958,-0.2189689506944586,gate_pass,74,32
32,97,maximum_downside_deviation_mean,AC,0,0,0,0,0,True,0,0,0,0,True,calibration__20200128T020000Z,0,74,-0.20751874963941958,-0.2189689506944586,gate_pass,74,32
32,97,maximum_downside_deviation_mean,B,-0.33634079391891891,0.0010926582750131236,0.00094757232935239468,0.0010926582750131236,0.13278254416641505,True,307.81883193524453,-1,-0.33634079391891891,-1,True,calibration__20210218T110000Z,0.3014128728414443,6.1162292932185771,-0.48637175125294341,-0.4912803360308326,gate_pass,74,32
32,97,maximum_downside_deviation_mean,BC,0,0,0,0,0,True,0,0,0,0,True,calibration__20200128T020000Z,0,74,-0.76053956834458014,-0.76282331240199264,gate_pass,74,32
32,97,maximum_downside_deviation_mean,C,8.6267329616143917e-18,0,0,0,0,True,inf,1,8.6267329616143917e-18,1,True,calibration__20200128T020000Z,0,74,-0.76053956834458014,-0.76282331240199264,gate_pass,74,32
32,97,recovery_completion_hours_mean,A,-1.0332559121621621,0.10158969709354868,0.10158969709354868,0.094742515230647084,0.067400357110981218,True,10.170873048382951,-1,-1.0332559121621621,-1,True,calibration__20210605T110000Z,0.50675545620942164,2.5833243975307485,-0.29892557117981694,-0.30555728234930979,gate_pass,74,32
32,97,recovery_completion_hours_mean,AB,-1.0332559121621621,0.10158969709354868,0.10158969709354868,0.094742515230647084,0.067400357110981218,True,10.170873048382951,-1,-1.0332559121621621,-1,True,calibration__20210605T110000Z,0.50675545620942164,2.5833243975307485,-0.30138301525404659,-0.34346332760915183,gate_pass,74,32
32,97,recovery_completion_hours_mean,ABC,1.0332559121621621,0.10158969709354868,0.10158969709354868,0.094742515230647084,0.067400357110981218,True,10.170873048382951,1,1.0332559121621621,1,True,calibration__20210605T110000Z,0.50675545620942164,2.5833243975307485,-0.30138301525404659,-0.34346332760915183,gate_pass,74,32
32,97,recovery_completion_hours_mean,AC,1.0332559121621621,0.10158969709354868,0.10158969709354868,0.094742515230647084,0.067400357110981218,True,10.170873048382951,1,1.0332559121621621,1,True,calibration__20210605T110000Z,0.50675545620942164,2.5833243975307485,-0.29892557117981694,-0.30555728234930979,gate_pass,74,32
32,97,recovery_completion_hours_mean,B,-460.1158150337838,1.5551708618384865,1.3329431061843882,1.5551708618384865,0.14289603869724379,True,295.86190580361421,-1,-460.1158150337838,-1,True,calibration__20210218T110000Z,0.3002773138375387,6.1783808667200502,-0.48694423356149613,-0.49427634278031041,gate_pass,74,32
32,97,recovery_completion_hours_mean,BC,-1.2089315878378379,0.10489334477715945,0.10489334477715945,0.09707483425374859,0.07453771771718104,True,11.525341196871464,-1,-1.2089315878378379,-1,True,calibration__20210605T110000Z,0.47533730101997057,2.5679758096993388,-0.20656528272251518,-0.31110823667319165,gate_pass,74,32
32,97,recovery_completion_hours_mean,C,-1.2089315878378379,0.10489334477715945,0.10489334477715945,0.09707483425374859,0.07453771771718104,True,11.525341196871464,-1,-1.2089315878378379,-1,True,calibration__20210605T110000Z,0.47533730101997057,2.5679758096993388,-0.1922657074078668,-0.24215893380583867,gate_pass,74,32
32,100,failed_recovery_attempts_mean,A,-0.0017947635135135136,0.00056726890906942174,0.00049699936315080069,0.00056726890906942174,0.12387343074009638,True,3.1638672326634993,-1,-0.0017947635135135136,-1,True,calibration__20210616T110000Z,0.25618631732168856,5.3184999042156411,-0.2762416645090065,-0.27718555358127356,gate_pass,74,32
32,100,failed_recovery_attempts_mean,AB,0.0017947635135135136,0.00056726890906942174,0.00049699936315080069,0.00056726890906942174,0.12387343074009638,True,3.1638672326634993,1,0.0017947635135135136,1,True,calibration__20210616T110000Z,0.25618631732168856,5.3184999042156411,-0.2762416645090065,-0.27718555358127356,gate_pass,74,32
32,100,failed_recovery_attempts_mean,ABC,-0.0017947635135135136,0.00056726890906942174,0.00049699936315080069,0.00056726890906942174,0.12387343074009638,True,3.1638672326634993,-1,-0.0017947635135135136,-1,True,calibration__20210616T110000Z,0.25618631732168856,5.3184999042156411,-0.2762416645090065,-0.27718555358127356,gate_pass,74,32
32,100,failed_recovery_attempts_mean,AC,0.0017947635135135136,0.00056726890906942174,0.00049699936315080069,0.00056726890906942174,0.12387343074009638,True,3.1638672326634993,1,0.0017947635135135136,1,True,calibration__20210616T110000Z,0.25618631732168856,5.3184999042156411,-0.2762416645090065,-0.27718555358127356,gate_pass,74,32
32,100,failed_recovery_attempts_mean,B,-0.10990287162162163,0.010907169594000871,0.0092812284598488438,0.010907169594000871,0.14907085840549525,True,10.076204525330759,-1,-0.10990287162162163,-1,True,calibration__20201206T020000Z,0.10872223822224447,25.824298526144521,-0.40975816604165127,-0.45326520950639987,gate_pass,74,32
32,100,failed_recovery_attempts_mean,BC,0.002639358108108108,0.0010589736431951282,0.00096816188083721007,0.0010589736431951282,0.085754506678675652,True,2.4923737479855066,1,0.002639358108108108,1,True,calibration__20210616T110000Z,0.8039892596854622,1.5269552936757089,-0.23265362562521591,-0.18325076386993461,gate_pass,74,32
32,100,failed_recovery_attempts_mean,C,-0.002639358108108108,0.0010589736431951282,0.00096816188083721007,0.0010589736431951282,0.085754506678675652,True,2.4923737479855066,-1,-0.002639358108108108,-1,True,calibration__20210616T110000Z,0.8039892596854622,1.5269552936757089,-0.23265362562521591,-0.18325076386993461,gate_pass,74,32
32,100,first_six_hour_burden_mean,A,-3.1321605778074596e-08,1.9790563649818595e-08,1.9790563649818595e-08,1.930425501980826e-08,0.024572752884417865,True,1.5826535480388755,-1,-3.1321605778074596e-08,-1,True,calibration__20210306T130000Z,0.73780659747722177,1.7274099069802213,-0.19700500598982795,-0.17226951993054418,gate_pass,74,32
32,100,first_six_hour_burden_mean,AB,3.1321605778074596e-08,1.9790563649818595e-08,1.9790563649818595e-08,1.930425501980826e-08,0.024572752884417865,True,1.5826535480388755,1,3.1321605778074596e-08,1,True,calibration__20210306T130000Z,0.73780659747722177,1.7274099069802213,-0.19700500598982795,-0.17226951993054418,gate_pass,74,32
32,100,first_six_hour_burden_mean,ABC,-3.1321605778074596e-08,1.9790563649818595e-08,1.9790563649818595e-08,1.930425501980826e-08,0.024572752884417865,True,1.5826535480388755,-1,-3.1321605778074596e-08,-1,True,calibration__20210306T130000Z,0.73780659747722177,1.7274099069802213,-0.19700500598982795,-0.17226951993054418,gate_pass,74,32
32,100,first_six_hour_burden_mean,AC,3.1321605778074596e-08,1.9790563649818595e-08,1.9790563649818595e-08,1.930425501980826e-08,0.024572752884417865,True,1.5826535480388755,1,3.1321605778074596e-08,1,True,calibration__20210306T130000Z,0.73780659747722177,1.7274099069802213,-0.19700500598982795,-0.17226951993054418,gate_pass,74,32
32,100,first_six_hour_burden_mean,B,-0.0022130258278680284,0.00057131824003596346,0.00049071658906169947,0.00057131824003596346,0.14108012894738012,True,3.8735431022274422,-1,-0.0022130258278680284,-1,True,calibration__20210302T170000Z,0.19287026237181962,10.857087112675899,-0.429069733934756,-0.63398316793424725,gate_pass,74,32
32,100,first_six_hour_burden_mean,BC,3.1321605778075053e-08,1.9790563649818757e-08,1.9790563649818757e-08,1.9304255019808409e-08,0.024572752884418333,True,1.5826535480388855,1,3.1321605778075053e-08,1,True,calibration__20210306T130000Z,0.73780659747720967,1.7274099069802653,-0.19700500598983123,-0.17226951993055231,gate_pass,74,32
32,100,first_six_hour_burden_mean,C,-3.1321605778075053e-08,1.9790563649818757e-08,1.9790563649818757e-08,1.9304255019808409e-08,0.024572752884418333,True,1.5826535480388855,-1,-3.1321605778075053e-08,-1,True,calibration__20210306T130000Z,0.73780659747720967,1.7274099069802653,-0.19700500598983123,-0.17226951993055231,gate_pass,74,32
32,100,initial_gap_q4_q1_burden_contrast,A,9.3116168228470447e-08,7.1466872029904604e-08,7.1466872029904604e-08,7.0658154962098945e-08,0.011315971230240206,True,1.3029277143892195,1,9.3116168228470447e-08,1,True,calibration__20210306T130000Z,0.858233673075396,1.321592780518311,-1.0000000000000016,-0.98999212452084273,gate_pass,74,32
32,100,initial_gap_q4_q1_burden_contrast,AB,-9.3116168228470447e-08,7.1466872029904604e-08,7.1466872029904604e-08,7.0658154962098945e-08,0.011315971230240206,True,1.3029277143892195,-1,-9.3116168228470447e-08,-1,True,calibration__20210306T130000Z,0.858233673075396,1.321592780518311,-1.0000000000000016,-0.98999212452084273,gate_pass,74,32
32,100,initial_gap_q4_q1_burden_contrast,ABC,9.3116168228470447e-08,7.1466872029904604e-08,7.1466872029904604e-08,7.0658154962098945e-08,0.011315971230240206,True,1.3029277143892195,1,9.3116168228470447e-08,1,True,calibration__20210306T130000Z,0.858233673075396,1.321592780518311,-1.0000000000000016,-0.98999212452084273,gate_pass,74,32
32,100,initial_gap_q4_q1_burden_contrast,AC,-9.3116168228470447e-08,7.1466872029904604e-08,7.1466872029904604e-08,7.0658154962098945e-08,0.011315971230240206,True,1.3029277143892195,-1,-9.3116168228470447e-08,-1,True,calibration__20210306T130000Z,0.858233673075396,1.321592780518311,-1.0000000000000016,-0.98999212452084273,gate_pass,74,32
32,100,initial_gap_q4_q1_burden_contrast,B,-0.0027509464214425933,0.0013573697729754033,0.0013573697729754033,0.0013257781849600186,0.023274120762343805,True,2.0266742903906132,-1,-0.0027509464214425933,-1,True,calibration__20210421T210000Z,0.24059981089844032,6.6551935701780902,-0.46775696648746906,-0.52442723425938853,gate_pass,74,32
32,100,initial_gap_q4_q1_burden_contrast,BC,-9.3116168228471876e-08,7.1466872029905146e-08,7.1466872029905146e-08,7.0658154962099448e-08,0.011315971230240677,True,1.3029277143892297,-1,-9.3116168228471876e-08,-1,True,calibration__20210306T130000Z,0.85823367307538312,1.3215927805183434,-1.0000000000000024,-0.98999212452084195,gate_pass,74,32
32,100,initial_gap_q4_q1_burden_contrast,C,9.3116168228471876e-08,7.1466872029905146e-08,7.1466872029905146e-08,7.0658154962099448e-08,0.011315971230240677,True,1.3029277143892297,1,9.3116168228471876e-08,1,True,calibration__20210306T130000Z,0.85823367307538312,1.3215927805183434,-1.0000000000000024,-0.98999212452084195,gate_pass,74,32
32,100,maximum_downside_deviation_mean,A,-4.5921939194082685e-06,9.2106448641395875e-07,9.2106448641395875e-07,8.3468855552393436e-07,0.09377837509110519,True,4.9857463697111593,-1,-4.5921939194082685e-06,-1,True,calibration__20210616T110000Z,0.29404436286719476,5.5330477043968855,-0.51922159533199719,-0.46253762943157267,gate_pass,74,32
32,100,maximum_downside_deviation_mean,AB,4.5921939194082685e-06,9.2106448641395875e-07,9.2106448641395875e-07,8.3468855552393436e-07,0.09377837509110519,True,4.9857463697111593,1,4.5921939194082685e-06,1,True,calibration__20210616T110000Z,0.29404436286719476,5.5330477043968855,-0.51922159533199719,-0.46253762943157267,gate_pass,74,32
32,100,maximum_downside_deviation_mean,ABC,-4.5921939194082685e-06,9.2106448641395875e-07,9.2106448641395875e-07,8.3468855552393436e-07,0.09377837509110519,True,4.9857463697111593,-1,-4.5921939194082685e-06,-1,True,calibration__20210616T110000Z,0.29404436286719476,5.5330477043968855,-0.51922159533199719,-0.46253762943157267,gate_pass,74,32
32,100,maximum_downside_deviation_mean,AC,4.5921939194082685e-06,9.2106448641395875e-07,9.2106448641395875e-07,8.3468855552393436e-07,0.09377837509110519,True,4.9857463697111593,1,4.5921939194082685e-06,1,True,calibration__20210616T110000Z,0.29404436286719476,5.5330477043968855,-0.51922159533199719,-0.46253762943157267,gate_pass,74,32
32,100,maximum_downside_deviation_mean,B,-0.00016358015782565199,1.2228852592546514e-05,1.2228852592546514e-05,1.2084547045617598e-05,0.011800415929199339,True,13.376574505882433,-1,-0.00016358015782565199,-1,True,calibration__20210328T190000Z,0.10456545608944184,28.669905278318023,-0.51326250013916752,-0.50387225715481609,gate_pass,74,32
32,100,maximum_downside_deviation_mean,BC,5.6565626903502296e-06,1.2149835577141157e-06,1.2149835577141157e-06,1.1149244849019448e-06,0.082354260826725229,True,4.6556701565513805,1,5.6565626903502296e-06,1,True,calibration__20210616T110000Z,0.58080821588185294,2.6889887900499336,-0.45610372762731349,-0.39208836788812435,gate_pass,74,32
32,100,maximum_downside_deviation_mean,C,-5.6565626903502296e-06,1.2149835577141157e-06,1.2149835577141157e-06,1.1149244849019448e-06,0.082354260826725229,True,4.6556701565513805,-1,-5.6565626903502296e-06,-1,True,calibration__20210616T110000Z,0.58080821588185294,2.6889887900499336,-0.45610372762731349,-0.39208836788812435,gate_pass,74,32
32,100,recovery_completion_hours_mean,A,-4.4977829391891895,0.25877928660460414,0.25795906261674623,0.25877928660460414,0.0031695890294000145,True,17.380768755505049,-1,-4.4977829391891895,-1,True,calibration__20210605T110000Z,0.31438091624158615,4.8791967106008585,-0.44222711429214412,-0.47334729352235344,gate_pass,74,32
32,100,recovery_completion_hours_mean,AB,0.01488597972972973,0.016499399576421055,0.016499399576421055,0.016187114149610764,0.018927078246930358,True,0.90221342060246668,1,0.01488597972972973,1,True,calibration__20200509T220000Z,0.3329912606369419,5.0589783833089861,-0.18272186318616201,-0.21497081459802356,gate_pass,74,32
32,100,recovery_completion_hours_mean,ABC,-0.01488597972972973,0.016499399576421055,0.016499399576421055,0.016187114149610764,0.018927078246930358,True,0.90221342060246668,-1,-0.01488597972972973,-1,True,calibration__20200509T220000Z,0.3329912606369419,5.0589783833089861,-0.18272186318616201,-0.21497081459802356,gate_pass,74,32
32,100,recovery_completion_hours_mean,AC,4.4977829391891895,0.25877928660460414,0.25795906261674623,0.25877928660460414,0.0031695890294000145,True,17.380768755505049,1,4.4977829391891895,1,True,calibration__20210605T110000Z,0.31438091624158615,4.8791967106008585,-0.44222711429214412,-0.47334729352235344,gate_pass,74,32
32,100,recovery_completion_hours_mean,B,-0.86602618243243246,0.10692968373141959,0.092178746757973398,0.10692968373141959,0.13794987938519324,True,8.0990250060747577,-1,-0.86602618243243246,-1,True,calibration__20201201T230000Z,0.065361288644453577,32.939690861409701,-0.47413111630961657,-0.54052119452957226,gate_pass,74,32
32,100,recovery_completion_hours_mean,BC,0.031566722972972971,0.015317762859368362,0.014652591924796548,0.015317762859368362,0.043424809528566005,True,2.0607919878891927,1,0.031566722972972971,1,True,calibration__20200509T220000Z,0.46440264126992631,3.6506372306138872,-0.21340445843238762,-0.29158931173582464,gate_pass,74,32
32,100,recovery_completion_hours_mean,C,-5.4021326013513518,0.28038884802209801,0.26428263299076471,0.28038884802209801,0.057442423780220887,True,19.266574400011795,-1,-5.4021326013513518,-1,True,calibration__20210605T110000Z,0.29951633002294231,4.80155067505512,-0.44960768491309738,-0.51974018559756396,gate_pass,74,32
32,103,failed_recovery_attempts_mean,A,-0.0040118243243243241,0.0016716442533086064,0.0016405987453704174,0.0016716442533086064,0.018571839000279013,True,2.3999270875869132,-1,-0.0040118243243243241,-1,True,calibration__20200511T090000Z,0.29909163772375097,6.9668236641435843,-0.57469335809078015,-0.48986789408514869,gate_pass,74,32
32,103,failed_recovery_attempts_mean,AB,0.0040118243243243241,0.0016716442533086064,0.0016405987453704174,0.0016716442533086064,0.018571839000279013,True,2.3999270875869132,1,0.0040118243243243241,1,True,calibration__20200511T090000Z,0.29909163772375097,6.9668236641435843,-0.57469335809078015,-0.48986789408514869,gate_pass,74,32
32,103,failed_recovery_attempts_mean,ABC,-0.0040118243243243241,0.0016716442533086064,0.0016405987453704174,0.0016716442533086064,0.018571839000279013,True,2.3999270875869132,-1,-0.0040118243243243241,-1,True,calibration__20200511T090000Z,0.29909163772375097,6.9668236641435843,-0.57469335809078015,-0.48986789408514869,gate_pass,74,32
32,103,failed_recovery_attempts_mean,AC,0.0040118243243243241,0.0016716442533086064,0.0016405987453704174,0.0016716442533086064,0.018571839000279013,True,2.3999270875869132,1,0.0040118243243243241,1,True,calibration__20200511T090000Z,0.29909163772375097,6.9668236641435843,-0.57469335809078015,-0.48986789408514869,gate_pass,74,32
32,103,failed_recovery_attempts_mean,B,-0.15730574324324326,0.014105828867139427,0.012755551251627969,0.014105828867139427,0.095724797757686539,True,11.151825583939887,-1,-0.15730574324324326,-1,True,calibration__20201201T230000Z,0.14015548277889009,20.905928217517054,-0.58346192405645125,-0.66166724590369663,gate_pass,74,32
32,103,failed_recovery_attempts_mean,BC,0.0044341216216216214,0.0017718800862041033,0.0016957747470659852,0.0017718800862041033,0.042951743591835553,True,2.5024953190375512,1,0.0044341216216216214,1,True,calibration__20200511T090000Z,0.29494873718429609,7.1557363680478829,-0.56337206642983551,-0.46687280506198542,gate_pass,74,32
32,103,failed_recovery_attempts_mean,C,-0.0044341216216216214,0.0017718800862041033,0.0016957747470659852,0.0017718800862041033,0.042951743591835553,True,2.5024953190375512,-1,-0.0044341216216216214,-1,True,calibration__20200511T090000Z,0.29494873718429609,7.1557363680478829,-0.56337206642983551,-0.46687280506198542,gate_pass,74,32
32,103,first_six_hour_burden_mean,A,-0.0002228546110375083,0.00011200084112008746,0.00011200084112008746,0.00010908829772155507,0.026004656477620174,True,1.9897583697479848,-1,-0.0002228546110375083,-1,True,calibration__20200511T090000Z,0.89841337717430947,1.2325317729262915,-0.57008603516564371,-0.56067048932715968,gate_pass,74,32
32,103,first_six_hour_burden_mean,AB,0.0002228546110375083,0.00011200084112008746,0.00011200084112008746,0.00010908829772155507,0.026004656477620174,True,1.9897583697479848,1,0.0002228546110375083,1,True,calibration__20200511T090000Z,0.89841337717430947,1.2325317729262915,-0.57008603516564371,-0.56067048932715968,gate_pass,74,32
32,103,first_six_hour_burden_mean,ABC,-0.0002228546110375083,0.00011200084112008746,0.00011200084112008746,0.00010908829772155507,0.026004656477620174,True,1.9897583697479848,-1,-0.0002228546110375083,-1,True,calibration__20200511T090000Z,0.89841337717430947,1.2325317729262915,-0.57008603516564371,-0.56067048932715968,gate_pass,74,32
32,103,first_six_hour_burden_mean,AC,0.0002228546110375083,0.00011200084112008746,0.00011200084112008746,0.00010908829772155507,0.026004656477620174,True,1.9897583697479848,1,0.0002228546110375083,1,True,calibration__20200511T090000Z,0.89841337717430947,1.2325317729262915,-0.57008603516564371,-0.56067048932715968,gate_pass,74,32
32,103,first_six_hour_burden_mean,B,-0.024253285906425604,0.0026355631318307851,0.0026355631318307851,0.0026037739144911345,0.012061641383474769,True,9.202316428511482,-1,-0.024253285906425604,-1,True,calibration__20200523T100000Z,0.19729696917458989,11.536264085482234,-0.53174096982858066,-0.49744605628599026,gate_pass,74,32
32,103,first_six_hour_burden_mean,BC,0.0002228546110375083,0.00011200084112008746,0.00011200084112008746,0.00010908829772155507,0.026004656477620174,True,1.9897583697479848,1,0.0002228546110375083,1,True,calibration__20200511T090000Z,0.89841337717430947,1.2325317729262915,-0.3622202439608681,-0.31647869666132272,gate_pass,74,32
32,103,first_six_hour_burden_mean,C,-0.0002228546110375083,0.00011200084112008746,0.00011200084112008746,0.00010908829772155507,0.026004656477620174,True,1.9897583697479848,-1,-0.0002228546110375083,-1,True,calibration__20200511T090000Z,0.89841337717430947,1.2325317729262915,-0.3622202439608681,-0.31647869666132272,gate_pass,74,32
32,103,initial_gap_q4_q1_burden_contrast,A,0.00018192614439056982,0.0001292836536739241,0.0001292836536739241,0.00012722336180020407,0.015936213242522135,True,1.4071859761127981,1,0.00018192614439056982,1,True,calibration__20210325T210000Z,0.59907335969597797,1.9244423104444404,-0.48288143849720389,-0.46229230932577803,gate_pass,74,32
32,103,initial_gap_q4_q1_burden_contrast,AB,-0.00018192614439056982,0.0001292836536739241,0.0001292836536739241,0.00012722336180020407,0.015936213242522135,True,1.4071859761127981,-1,-0.00018192614439056982,-1,True,calibration__20210325T210000Z,0.59907335969597797,1.9244423104444404,-0.48288143849720389,-0.46229230932577803,gate_pass,74,32
32,103,initial_gap_q4_q1_burden_contrast,ABC,0.00018192614439056982,0.0001292836536739241,0.0001292836536739241,0.00012722336180020407,0.015936213242522135,True,1.4071859761127981,1,0.00018192614439056982,1,True,calibration__20210325T210000Z,0.59907335969597797,1.9244423104444404,-0.48288143849720389,-0.46229230932577803,gate_pass,74,32
32,103,initial_gap_q4_q1_burden_contrast,AC,-0.00018192614439056982,0.0001292836536739241,0.0001292836536739241,0.00012722336180020407,0.015936213242522135,True,1.4071859761127981,-1,-0.00018192614439056982,-1,True,calibration__20210325T210000Z,0.59907335969597797,1.9244423104444404,-0.48288143849720389,-0.46229230932577803,gate_pass,74,32
32,103,initial_gap_q4_q1_burden_contrast,B,0.012356889674859237,0.0081820385059479962,0.0072814846814751207,0.0081820385059479962,0.11006472577930437,True,1.5102458471536526,1,0.012356889674859237,1,True,calibration__20210715T050000Z,0.25675320030914095,6.9984496737765358,-0.51144460245747092,-0.6356891712472269,gate_pass,74,32
32,103,initial_gap_q4_q1_burden_contrast,BC,-0.00018192614439056982,0.0001292836536739241,0.0001292836536739241,0.00012722336180020407,0.015936213242522135,True,1.4071859761127981,-1,-0.00018192614439056982,-1,True,calibration__20210325T210000Z,0.59907335969597797,1.9244423104444404,-0.48288143849720389,-0.46229230932577803,gate_pass,74,32
32,103,initial_gap_q4_q1_burden_contrast,C,0.00018192614439056982,0.0001292836536739241,0.0001292836536739241,0.00012722336180020407,0.015936213242522135,True,1.4071859761127981,1,0.00018192614439056982,1,True,calibration__20210325T210000Z,0.59907335969597797,1.9244423104444404,-0.48288143849720389,-0.46229230932577803,gate_pass,74,32
32,103,maximum_downside_deviation_mean,A,-0.0068454692290644435,0.00048305752445744238,0.00046041462990799678,0.00048305752445744238,0.046874116234660694,True,14.171126382418111,-1,-0.0068454692290644435,-1,True,calibration__20200509T220000Z,0.10469953698454396,14.530396609709467,-0.51447982780690882,-0.61706109085340066,gate_pass,74,32
32,103,maximum_downside_deviation_mean,AB,0.0068454692290644435,0.00048305752445744238,0.00046041462990799678,0.00048305752445744238,0.046874116234660694,True,14.171126382418111,1,0.0068454692290644435,1,True,calibration__20200509T220000Z,0.10469953698454396,14.530396609709467,-0.51053240726450799,-0.60719526875913488,gate_pass,74,32
32,103,maximum_downside_deviation_mean,ABC,-0.0068454692290644435,0.00048305752445744238,0.00046041462990799678,0.00048305752445744238,0.046874116234660694,True,14.171126382418111,-1,-0.0068454692290644435,-1,True,calibration__20200509T220000Z,0.10469953698454396,14.530396609709467,-0.51053240726450799,-0.60719526875913488,gate_pass,74,32
32,103,maximum_downside_deviation_mean,AC,0.0068454692290644435,0.00048305752445744238,0.00046041462990799678,0.00048305752445744238,0.046874116234660694,True,14.171126382418111,1,0.0068454692290644435,1,True,calibration__20200509T220000Z,0.10469953698454396,14.530396609709467,-0.51447982780690882,-0.61706109085340066,gate_pass,74,32
32,103,maximum_downside_deviation_mean,B,-0.080974253963389531,0.0031968571112715462,0.0029784595591201505,0.0031968571112715462,0.068316332119244566,True,25.329331635714588,-1,-0.080974253963389531,-1,True,calibration__20210421T210000Z,0.039246311428347259,42.664820889797511,-0.50405236749254012,-0.65123955452787485,gate_pass,74,32
32,103,maximum_downside_deviation_mean,BC,0.0082044181077627377,0.00068147252301337775,0.00052110360405488508,0.00068147252301337775,0.23532705067749962,False,12.039250051467857,1,0.0082044181077627377,1,True,calibration__20210920T030000Z,0.16480898467669114,11.498401121761299,-0.49505125152284696,-0.62240439331004627,gate_pass,74,32
32,103,maximum_downside_deviation_mean,C,-0.0082044181077627377,0.00068147252301337775,0.00052110360405488508,0.00068147252301337775,0.23532705067749962,False,12.039250051467857,-1,-0.0082044181077627377,-1,True,calibration__20210920T030000Z,0.16480898467669114,11.498401121761299,-0.49544677077389154,-0.63045774935515919,gate_pass,74,32
32,103,recovery_completion_hours_mean,A,-11.098184121621621,0.65731407509777706,0.65222522116873549,0.65731407509777706,0.0077418910104497468,True,16.884141907307765,-1,-11.098184121621621,-1,True,calibration__20210616T110000Z,0.11843728132655475,14.226965625314245,-0.5029066079656167,-0.59190641440175673,gate_pass,74,32
32,103,recovery_completion_hours_mean,AB,6.6152871621621623,0.6043360094823691,0.57882102353247777,0.6043360094823691,0.04221986701031704,True,10.946372644298233,1,6.6152871621621623,1,True,calibration__20200509T220000Z,0.1212314543047012,12.927593120621911,-0.5144513150025285,-0.58089109855661525,gate_pass,74,32
32,103,recovery_completion_hours_mean,ABC,-6.6152871621621623,0.6043360094823691,0.57882102353247777,0.6043360094823691,0.04221986701031704,True,10.946372644298233,-1,-6.6152871621621623,-1,True,calibration__20200509T220000Z,0.1212314543047012,12.927593120621911,-0.5144513150025285,-0.58089109855661525,gate_pass,74,32
32,103,recovery_completion_hours_mean,AC,11.098184121621621,0.65731407509777706,0.65222522116873549,0.65731407509777706,0.0077418910104497468,True,16.884141907307765,1,11.098184121621621,1,True,calibration__20210616T110000Z,0.11843728132655475,14.226965625314245,-0.5029066079656167,-0.59190641440175673,gate_pass,74,32
32,103,recovery_completion_hours_mean,B,-101.05764358108108,4.5621618332448559,3.9679202866757661,4.5621618332448559,0.13025437682609192,True,22.151262334594435,-1,-101.05764358108108,-1,True,calibration__20210125T220000Z,0.042357457454275452,42.109875864876713,-0.50103380217140769,-0.68807924996161596,gate_pass,74,32
32,103,recovery_completion_hours_mean,BC,8.0508868243243246,0.81623768683151987,0.6685436403750824,0.81623768683151987,0.18094489979966227,False,9.8634098305070221,1,8.0508868243243246,1,True,calibration__20210920T030000Z,0.22130873080777028,9.2682364958020926,-0.49762004565140006,-0.59819917169815706,gate_pass,74,32
32,103,recovery_completion_hours_mean,C,-13.421452702702704,0.91241091533731822,0.73835708270962608,0.91241091533731822,0.19076254974804246,False,14.709877399637195,-1,-13.421452702702704,-1,True,calibration__20210920T030000Z,0.15734880961168152,11.268557461975051,-0.49484815119052289,-0.60219636411501154,gate_pass,74,32
32,116,failed_recovery_attempts_mean,A,-0.0042229729729729732,0.00084459459459459453,0.00083431516988789008,0.00084459459459459453,0.01217083885273808,True,5.0000000000000009,-1,-0.0042229729729729732,-1,True,calibration__20200511T090000Z,0.22262396694214875,8.1274687529815868,-0.49790892518210511,-0.41804806419863111,gate_pass,74,32
32,116,failed_recovery_attempts_mean,AB,0.0040118243243243241,0.0008771711722273996,0.00083431516988789008,0.0008771711722273996,0.048857057432342803,True,4.5735934460056455,1,0.0040118243243243241,1,True,calibration__20200511T090000Z,0.22262396694214875,8.1274687529815868,-0.49393484675213778,-0.40546988209168389,gate_pass,74,32
32,116,failed_recovery_attempts_mean,ABC,-0.0040118243243243241,0.0008771711722273996,0.00083431516988789008,0.0008771711722273996,0.048857057432342803,True,4.5735934460056455,-1,-0.0040118243243243241,-1,True,calibration__20200511T090000Z,0.22262396694214875,8.1274687529815868,-0.49393484675213778,-0.40546988209168389,gate_pass,74,32
32,116,failed_recovery_attempts_mean,AC,0.0042229729729729732,0.00084459459459459453,0.00083431516988789008,0.00084459459459459453,0.01217083885273808,True,5.0000000000000009,1,0.0042229729729729732,1,True,calibration__20200511T090000Z,0.22262396694214875,8.1274687529815868,-0.49790892518210511,-0.41804806419863111,gate_pass,74,32
32,116,failed_recovery_attempts_mean,B,-0.25147804054054052,0.0095775962688731675,0.0095775962688731675,0.0079098284221288187,0.17413219349875211,False,26.256905540885537,-1,-0.25147804054054052,-1,True,calibration__20210212T030000Z,0.073590511429556901,42.813545638475397,-0.51970704476797325,-0.47081196314041235,gate_pass,74,32
32,116,failed_recovery_attempts_mean,BC,0.0044341216216216214,0.00089019112221547984,0.00087306261955995756,0.00089019112221547984,0.019241376630327881,True,4.9810894660307534,1,0.0044341216216216214,1,True,calibration__20200511T090000Z,0.29009433962264147,6.8760824199697685,-0.48373721439596812,-0.40321852193681368,gate_pass,74,32
32,116,failed_recovery_attempts_mean,C,-0.0046452702702702705,0.00087306261955995756,0.00087306261955995756,0.00085475040551716394,0.020974685701265473,True,5.3206610456092909,-1,-0.0046452702702702705,-1,True,calibration__20200511T090000Z,0.29009433962264147,6.8760824199697685,-0.48725442898008536,-0.41498880100068841,gate_pass,74,32
32,116,first_six_hour_burden_mean,A,-0.00077773415827142351,0.00022146391855117366,0.00022146391855117366,0.00020437327792362944,0.07717121930900489,True,3.5117872173462539,-1,-0.00077773415827142351,-1,True,calibration__20210613T040000Z,0.42438666627468213,4.0207384837806348,-0.36997272980205703,-0.36351047628083571,gate_pass,74,32
32,116,first_six_hour_burden_mean,AB,0.00077773415827142351,0.00022146391855117366,0.00022146391855117366,0.00020437327792362944,0.07717121930900489,True,3.5117872173462539,1,0.00077773415827142351,1,True,calibration__20210613T040000Z,0.42438666627468213,4.0207384837806348,-0.36997272980205703,-0.36351047628083571,gate_pass,74,32
32,116,first_six_hour_burden_mean,ABC,-0.00077773415827142351,0.00022146391855117366,0.00022146391855117366,0.00020437327792362944,0.07717121930900489,True,3.5117872173462539,-1,-0.00077773415827142351,-1,True,calibration__20210613T040000Z,0.42438666627468213,4.0207384837806348,-0.36997272980205703,-0.36351047628083571,gate_pass,74,32
32,116,first_six_hour_burden_mean,AC,0.00077773415827142351,0.00022146391855117366,0.00022146391855117366,0.00020437327792362944,0.07717121930900489,True,3.5117872173462539,1,0.00077773415827142351,1,True,calibration__20210613T040000Z,0.42438666627468213,4.0207384837806348,-0.36997272980205703,-0.36351047628083571,gate_pass,74,32
32,116,first_six_hour_burden_mean,B,-0.13707753457018149,0.006455376644031465,0.006132756599096875,0.006455376644031465,0.049976951419694327,True,21.234630003645275,-1,-0.13707753457018149,-1,True,calibration__20210605T110000Z,0.038494379937219124,44.658314680748042,-0.49526128391851498,-0.44598065066831422,gate_pass,74,32
32,116,first_six_hour_burden_mean,BC,0.00084589409920320156,0.00023026530156035877,0.00023026530156035877,0.00020735041355252022,0.099515158612953,True,3.6735630312996586,1,0.00084589409920320156,1,True,calibration__20210613T040000Z,0.39256419993442193,4.3504050097349278,-0.39523373159978792,-0.37507851701151107,gate_pass,74,32
32,116,first_six_hour_burden_mean,C,-0.00084589409920320156,0.00023026530156035877,0.00023026530156035877,0.00020735041355252022,0.099515158612953,True,3.6735630312996586,-1,-0.00084589409920320156,-1,True,calibration__20210613T040000Z,0.39256419993442193,4.3504050097349278,-0.39523373159978792,-0.37507851701151107,gate_pass,74,32
32,116,initial_gap_q4_q1_burden_contrast,A,0.00050997711042258535,0.00039687017146413804,0.0003628761687942501,0.00039687017146413804,0.085655222070423864,True,1.2849973293310804,1,0.00050997711042258535,1,True,calibration__20210212T030000Z,0.75614696392197545,1.6632375166630287,0.27177959907321364,0.2385179160622769,gate_pass,74,32
32,116,initial_gap_q4_q1_burden_contrast,AB,-0.00050997711042258557,0.00039687017146413815,0.0003628761687942501,0.00039687017146413815,0.085655222070424114,True,1.2849973293310806,-1,-0.00050997711042258557,-1,True,calibration__20210212T030000Z,0.75614696392197545,1.6632375166630287,0.27177959907321364,0.2385179160622769,gate_pass,74,32
32,116,initial_gap_q4_q1_burden_contrast,ABC,0.00050997711042258557,0.00039687017146413815,0.0003628761687942501,0.00039687017146413815,0.085655222070424114,True,1.2849973293310806,1,0.00050997711042258557,1,True,calibration__20210212T030000Z,0.75614696392197545,1.6632375166630287,0.27177959907321364,0.2385179160622769,gate_pass,74,32
32,116,initial_gap_q4_q1_burden_contrast,AC,-0.00050997711042258557,0.00039687017146413815,0.0003628761687942501,0.00039687017146413815,0.085655222070424114,True,1.2849973293310806,-1,-0.00050997711042258557,-1,True,calibration__20210212T030000Z,0.75614696392197545,1.6632375166630287,0.27177959907321364,0.2385179160622769,gate_pass,74,32
32,116,initial_gap_q4_q1_burden_contrast,B,0.080245101091204044,0.01696159543900707,0.01696159543900707,0.015932137688414016,0.060693450347576401,True,4.7309878000427998,1,0.080245101091204044,1,True,calibration__20210605T110000Z,0.076336390730728884,21.065811073197914,-0.48754610487901723,-0.47852444675682826,gate_pass,74,32
32,116,initial_gap_q4_q1_burden_contrast,BC,-0.00050997711042258568,0.00039687017146413815,0.0003628761687942501,0.00039687017146413815,0.085655222070424114,True,1.284997329331081,-1,-0.00050997711042258568,-1,True,calibration__20210212T030000Z,0.75614696392197545,1.6632375166630287,0.27177959907321364,0.2385179160622769,gate_pass,74,32
32,116,initial_gap_q4_q1_burden_contrast,C,0.00050997711042258557,0.00039687017146413815,0.0003628761687942501,0.00039687017146413815,0.085655222070424114,True,1.2849973293310806,1,0.00050997711042258557,1,True,calibration__20210212T030000Z,0.75614696392197545,1.6632375166630287,0.27177959907321364,0.2385179160622769,gate_pass,74,32
32,116,maximum_downside_deviation_mean,A,-0.0055917440878378386,0.00044353410927999688,0.00044353410927999688,0.00040858956390056985,0.078786602086034885,True,12.607247043333592,-1,-0.0055917440878378386,-1,True,calibration__20200511T090000Z,0.1128526645768025,14.604603141594342,-0.54172907495998257,-0.46361834792323375,gate_pass,74,32
32,116,maximum_downside_deviation_mean,AB,0.0024561866554054053,0.0004627805970645942,0.00041944178708165625,0.0004627805970645942,0.09364871876183864,True,5.3074538366235231,1,0.0024561866554054053,1,True,calibration__20200511T090000Z,0.12618928392588882,14.026727397428909,-0.53085255221611705,-0.51757421117517655,gate_pass,74,32
32,116,maximum_downside_deviation_mean,ABC,-0.0024561866554054053,0.0004627805970645942,0.00041944178708165625,0.0004627805970645942,0.09364871876183864,True,5.3074538366235231,-1,-0.0024561866554054053,-1,True,calibration__20200511T090000Z,0.12618928392588882,14.026727397428909,-0.53085255221611705,-0.51757421117517655,gate_pass,74,32
32,116,maximum_downside_deviation_mean,AC,0.0055917440878378386,0.00044353410927999688,0.00044353410927999688,0.00040858956390056985,0.078786602086034885,True,12.607247043333592,1,0.0055917440878378386,1,True,calibration__20200511T090000Z,0.1128526645768025,14.604603141594342,-0.54172907495998257,-0.46361834792323375,gate_pass,74,32
32,116,maximum_downside_deviation_mean,B,-0.25288309494122924,0.0039833992206506482,0.0039833992206506482,0.0035320388812481529,0.1133103448588741,True,63.484245724164026,-1,-0.25288309494122924,-1,True,calibration__20201102T090000Z,0.022741421365829677,55.332500013644605,-0.49367446205864501,-0.37024858684614037,gate_pass,74,32
32,116,maximum_downside_deviation_mean,BC,0.0022471494932432431,0.00044670083657382564,0.00044670083657382564,0.00043531423378532174,0.025490444288930839,True,5.030546865501246,1,0.0022471494932432431,1,True,calibration__20200509T220000Z,0.14790286975717443,12.296475883905265,-0.51413294619369654,-0.40733674302039108,gate_pass,74,32
32,116,maximum_downside_deviation_mean,C,-0.0064278927364864822,0.00046939613413438168,0.00046939613413438168,0.00046354143703093172,0.012472827698606139,True,13.693961814023515,-1,-0.0064278927364864822,-1,True,calibration__20200509T220000Z,0.13394642143142746,13.187440835731525,-0.52645737924855962,-0.50244594460374215,gate_pass,74,32
32,116,recovery_completion_hours_mean,A,-8.6101140202702702,0.62669641892559269,0.62669641892559269,0.56760188344351947,0.094295313803427816,True,13.738891367899365,-1,-8.6101140202702702,-1,True,calibration__20200511T090000Z,0.10933580211809779,15.205981328308303,-0.5376861259336162,-0.46761088677846741,gate_pass,74,32
32,116,recovery_completion_hours_mean,AB,2.4388724662162162,0.61555582489638705,0.57064165572564363,0.61555582489638705,0.07296522484910864,True,3.9620654497530543,1,2.4388724662162162,1,True,calibration__20200511T090000Z,0.13013207831784204,14.451046455627242,-0.530457675985471,-0.50430663017205368,gate_pass,74,32
32,116,recovery_completion_hours_mean,ABC,-2.4388724662162162,0.61555582489638705,0.57064165572564363,0.61555582489638705,0.07296522484910864,True,3.9620654497530543,-1,-2.4388724662162162,-1,True,calibration__20200511T090000Z,0.13013207831784204,14.451046455627242,-0.530457675985471,-0.50430663017205368,gate_pass,74,32
32,116,recovery_completion_hours_mean,AC,8.6101140202702702,0.62669641892559269,0.62669641892559269,0.56760188344351947,0.094295313803427816,True,13.738891367899365,1,8.6101140202702702,1,True,calibration__20200511T090000Z,0.10933580211809779,15.205981328308303,-0.5376861259336162,-0.46761088677846741,gate_pass,74,32
32,116,recovery_completion_hours_mean,B,-342.80542652027026,5.5033251133493035,5.5033251133493035,4.9000153104869915,0.10962641501932636,True,62.29060058413306,-1,-342.80542652027026,-1,True,calibration__20210725T140000Z,0.023120366826564931,54.937934899394314,-0.49323812358806746,-0.36580795797463794,gate_pass,74,32
32,116,recovery_completion_hours_mean,BC,2.0347339527027026,0.61235223169201403,0.61235223169201403,0.60113467706236845,0.018318794394934952,True,3.3228162606355673,1,2.0347339527027026,1,True,calibration__20200509T220000Z,0.15616654932040133,12.27846571377988,-0.51602656355983412,-0.41573779041843806,gate_pass,74,32
32,116,recovery_completion_hours_mean,C,-9.9086782094594597,0.66283306863527636,0.66283306863527636,0.64000404018796131,0.034441595520148548,True,14.948979883970916,-1,-9.9086782094594597,-1,True,calibration__20200509T220000Z,0.13459148565973267,13.648005170439284,-0.52150501957259376,-0.5082348631090664,gate_pass,74,32
32,126,failed_recovery_attempts_mean,A,-0.00390625,0.00069695564211334369,0.00067440802034367427,0.00069695564211334369,0.032351587973804767,True,5.604732588368571,-1,-0.00390625,-1,True,calibration__20210926T070000Z,0.18972332015810273,8.9832149774047796,-0.48738081941053818,-0.46366704176467072,gate_pass,74,32
32,126,failed_recovery_attempts_mean,AB,-0.0017947635135135136,0.00077325651591848149,0.00067440802034367427,0.00077325651591848149,0.12783402860484666,True,2.3210454442555539,-1,-0.0017947635135135136,-1,True,calibration__20210926T070000Z,0.18972332015810273,8.9832149774047796,-0.48356773259619767,-0.59510380947604968,gate_pass,74,32
32,126,failed_recovery_attempts_mean,ABC,0.0017947635135135136,0.00077325651591848149,0.00067440802034367427,0.00077325651591848149,0.12783402860484666,True,2.3210454442555539,1,0.0017947635135135136,1,True,calibration__20210926T070000Z,0.18972332015810273,8.9832149774047796,-0.48356773259619767,-0.59510380947604968,gate_pass,74,32
32,126,failed_recovery_attempts_mean,AC,0.00390625,0.00069695564211334369,0.00067440802034367427,0.00069695564211334369,0.032351587973804767,True,5.604732588368571,1,0.00390625,1,True,calibration__20210926T070000Z,0.18972332015810273,8.9832149774047796,-0.48738081941053818,-0.46366704176467072,gate_pass,74,32
32,126,failed_recovery_attempts_mean,B,-0.22117820945945946,0.0073442542264528865,0.0073442542264528865,0.0063276161360012193,0.13842632064531366,True,30.115816070583339,-1,-0.22117820945945946,-1,True,calibration__20200802T100000Z,0.031463100848570492,47.408983744352447,-0.50707847399558581,-0.48115930942985163,gate_pass,74,32
32,126,failed_recovery_attempts_mean,BC,-0.0017947635135135136,0.00077325651591848149,0.00067440802034367427,0.00077325651591848149,0.12783402860484666,True,2.3210454442555539,-1,-0.0017947635135135136,-1,True,calibration__20210926T070000Z,0.18972332015810273,8.9832149774047796,-0.46173488013461311,-0.5893455234276288,gate_pass,74,32
32,126,failed_recovery_attempts_mean,C,-0.00390625,0.00069695564211334369,0.00067440802034367427,0.00069695564211334369,0.032351587973804767,True,5.604732588368571,-1,-0.00390625,-1,True,calibration__20210926T070000Z,0.18972332015810273,8.9832149774047796,-0.46530323320532635,-0.43190131914809943,gate_pass,74,32
32,126,first_six_hour_burden_mean,A,-0.0049581185193015714,0.00066572954420255183,0.00066572954420255183,0.00057678860026311185,0.13359921414630688,True,7.4476468146545667,-1,-0.0049581185193015714,-1,True,calibration__20210306T130000Z,0.14278149785379912,9.7611895062258931,-0.50852715074700539,-0.48411195587792483,gate_pass,74,32
32,126,first_six_hour_burden_mean,AB,0.0022984532189995088,0.00063345830269377027,0.00063345830269377027,0.00051395053450611829,0.18865924983451524,False,3.6284207014500827,1,0.0022984532189995088,1,True,calibration__20200511T090000Z,0.15363119970470132,9.8035769668302883,-0.54144993296255683,-0.40078235368867338,gate_pass,74,32
32,126,first_six_hour_burden_mean,ABC,-0.0022984532189995088,0.00063345830269377027,0.00063345830269377027,0.00051395053450611829,0.18865924983451524,False,3.6284207014500827,-1,-0.0022984532189995088,-1,True,calibration__20200511T090000Z,0.15363119970470132,9.8035769668302883,-0.54144993296255683,-0.40078235368867338,gate_pass,74,32
32,126,first_six_hour_burden_mean,AC,0.0049581185193015714,0.00066572954420255183,0.00066572954420255183,0.00057678860026311185,0.13359921414630688,True,7.4476468146545667,1,0.0049581185193015714,1,True,calibration__20210306T130000Z,0.14278149785379912,9.7611895062258931,-0.50852715074700539,-0.48411195587792483,gate_pass,74,32
32,126,first_six_hour_burden_mean,B,-0.28245909388566509,0.007277691995339639,0.0071973224376846653,0.007277691995339639,0.011043275492620372,True,38.811630674469505,-1,-0.28245909388566509,-1,True,calibration__20210204T040000Z,0.028095235754487413,50.718072557156987,-0.49700162777658236,-0.44593427247188966,gate_pass,74,32
32,126,first_six_hour_burden_mean,BC,0.0027207505162968062,0.00068268733780559032,0.00068268733780559032,0.00056483351555697931,0.1726322076331997,False,3.9853537126414338,1,0.0027207505162968062,1,True,calibration__20200511T090000Z,0.27129455354553933,7.5919660555344795,-0.55249419365177066,-0.42074098219858203,gate_pass,74,32
32,126,first_six_hour_burden_mean,C,-0.0053804158165988688,0.00071273305379542299,0.00071273305379542299,0.00063808946565819668,0.10472867469768196,True,7.5489915725772123,-1,-0.0053804158165988688,-1,True,calibration__20200511T090000Z,0.24890348097226064,7.9868867970790971,-0.52273071362511947,-0.5253042495298772,gate_pass,74,32
32,126,initial_gap_q4_q1_burden_contrast,A,-0.00018556697250679023,0.0016694638879284642,0.0016694638879284642,0.0015392823266606088,0.077978063622202526,True,0.1111536307245609,-1,-0.00018556697250679023,-1,True,calibration__20210306T130000Z,0.34440525881486472,4.4969927413510877,-0.50830189387748703,-0.387663864839429,gate_pass,74,32
32,126,initial_gap_q4_q1_burden_contrast,AB,0.0039653160368411378,0.0018054071547042015,0.0014825933548097811,0.0018054071547042015,0.17880387759253691,False,2.1963555569772937,1,0.0039653160368411378,1,True,calibration__20210206T010000Z,0.27789778753955607,5.0520032621837965,-0.59099428607180871,-0.68878625409933725,gate_pass,74,32
32,126,initial_gap_q4_q1_burden_contrast,ABC,-0.0039653160368411378,0.0018054071547042015,0.0014825933548097811,0.0018054071547042015,0.17880387759253691,False,2.1963555569772937,-1,-0.0039653160368411378,-1,True,calibration__20210206T010000Z,0.27789778753955607,5.0520032621837982,-0.59099428607180871,-0.68878625409933725,gate_pass,74,32
32,126,initial_gap_q4_q1_burden_contrast,AC,0.00018556697250679023,0.0016694638879284642,0.0016694638879284642,0.0015392823266606088,0.077978063622202526,True,0.1111536307245609,1,0.00018556697250679023,1,True,calibration__20210306T130000Z,0.34440525881486472,4.4969927413510877,-0.50830189387748703,-0.387663864839429,gate_pass,74,32
32,126,initial_gap_q4_q1_burden_contrast,B,0.045389200739029412,0.022356254087387867,0.020287550410944672,0.022356254087387867,0.092533555413929575,True,2.0302686023163168,1,0.045389200739029412,1,True,calibration__20210204T040000Z,0.053637881079208756,25.845429349129819,-0.49463150585585275,-0.60036911264525272,gate_pass,74,32
32,126,initial_gap_q4_q1_burden_contrast,BC,0.0039653160368411378,0.0018054071547042015,0.0014825933548097811,0.0018054071547042015,0.17880387759253691,False,2.1963555569772937,1,0.0039653160368411378,1,True,calibration__20210206T010000Z,0.27789778753955607,5.0520032621837982,-0.59099428607180871,-0.68878625409933725,gate_pass,74,32
32,126,initial_gap_q4_q1_burden_contrast,C,-0.00018556697250679023,0.0016694638879284642,0.0016694638879284642,0.0015392823266606088,0.077978063622202526,True,0.1111536307245609,-1,-0.00018556697250679023,-1,True,calibration__20210306T130000Z,0.34440525881486472,4.4969927413510877,-0.50830189387748703,-0.387663864839429,gate_pass,74,32
32,126,maximum_downside_deviation_mean,A,-0.0036581503378378378,0.00037071909975287229,0.00037071909975287229,0.00035568035808908192,0.040566406408020131,True,9.8677147745460747,-1,-0.0036581503378378378,-1,True,calibration__20210208T030000Z,0.20512820512820509,9.9454016412201263,-0.52374187458924271,-0.42060991570713313,gate_pass,74,32
32,126,maximum_downside_deviation_mean,AB,-0.00062711148648648648,0.00033211219813473206,0.00033211219813473206,0.00026811909326708713,0.19268519863785327,False,1.8882518920069247,-1,-0.00062711148648648648,-1,True,calibration__20210926T070000Z,0.12460063897763581,12.02294900902006,-0.49251569074326018,-0.37460831765648306,gate_pass,74,32
32,126,maximum_downside_deviation_mean,ABC,0.00062711148648648648,0.00033211219813473206,0.00033211219813473206,0.00026811909326708713,0.19268519863785327,False,1.8882518920069247,1,0.00062711148648648648,1,True,calibration__20210926T070000Z,0.12460063897763581,12.02294900902006,-0.49251569074326018,-0.37460831765648306,gate_pass,74,32
32,126,maximum_downside_deviation_mean,AC,0.0036581503378378378,0.00037071909975287229,0.00037071909975287229,0.00035568035808908192,0.040566406408020131,True,9.8677147745460747,1,0.0036581503378378378,1,True,calibration__20210208T030000Z,0.20512820512820509,9.9454016412201263,-0.52374187458924271,-0.42060991570713313,gate_pass,74,32
32,126,maximum_downside_deviation_mean,B,-0.30080447635135138,0.0034454842777646749,0.0034454842777646749,0.0034202317660232905,0.0073291617971821032,True,87.303975900451405,-1,-0.30080447635135138,-1,True,calibration__20211028T220000Z,0.030396580384706724,42.569055831215373,-0.49203028128424281,-0.473606941967946,gate_pass,74,32
32,126,maximum_downside_deviation_mean,BC,-0.00041807432432432423,0.00038287703985703483,0.00036011114929137156,0.00038287703985703483,0.05946005687403972,True,1.0919284281983375,-1,-0.00041807432432432423,-1,True,calibration__20200511T090000Z,0.17391304347826086,11.202713322579307,-0.47733258782065635,-0.37890853071876907,gate_pass,74,32
32,126,maximum_downside_deviation_mean,C,-0.0038671874999999943,0.00043419973025256281,0.00039599770026560644,0.00043419973025256281,0.08798262026725634,True,8.906471447484666,-1,-0.0038671874999999943,-1,True,calibration__20210208T030000Z,0.17977528089887637,10.295837991005278,-0.50950813989220711,-0.41206081961908242,gate_pass,74,32
32,126,recovery_completion_hours_mean,A,-6.1464315878378377,0.52744910380403032,0.52744910380403032,0.51038762126251802,0.032347163770803107,True,11.653127370032459,-1,-6.1464315878378377,-1,True,calibration__20210208T030000Z,0.19861418268034225,10.546256899646721,-0.52130205900500093,-0.45158632735995735,gate_pass,74,32
32,126,recovery_completion_hours_mean,AB,-1.9397170608108107,0.47177651803155546,0.47177651803155546,0.37651101949274429,0.20192929257330947,False,4.1115167598932301,-1,-1.9397170608108107,-1,True,calibration__20211210T180000Z,0.12172407794869949,12.828167846258902,-0.49049587414491785,-0.37507609286260979,gate_pass,74,32
32,126,recovery_completion_hours_mean,ABC,1.9397170608108107,0.47177651803155546,0.47177651803155546,0.37651101949274429,0.20192929257330947,False,4.1115167598932301,1,1.9397170608108107,1,True,calibration__20211210T180000Z,0.12172407794869949,12.828167846258902,-0.49049587414491785,-0.37507609286260979,gate_pass,74,32
32,126,recovery_completion_hours_mean,AC,6.1464315878378377,0.52744910380403032,0.52744910380403032,0.51038762126251802,0.032347163770803107,True,11.653127370032459,1,6.1464315878378377,1,True,calibration__20210208T030000Z,0.19861418268034225,10.546256899646721,-0.52130205900500093,-0.45158632735995735,gate_pass,74,32
32,126,recovery_completion_hours_mean,B,-409.29402449324323,4.7819480143440343,4.7819480143440343,4.7635346898846294,0.0038505906806539734,True,85.591483484453633,-1,-409.29402449324323,-1,True,calibration__20211028T220000Z,0.031108192917945466,42.368352063800117,-0.4927396558520587,-0.47423554219642067,gate_pass,74,32
32,126,recovery_completion_hours_mean,BC,-1.8237964527027026,0.54983591713654101,0.51100590486344644,0.54983591713654101,0.070621090879830428,True,3.3169831141638539,-1,-1.8237964527027026,-1,True,calibration__20200511T090000Z,0.16503225646038064,11.968720358705481,-0.47699120238906939,-0.37374706753246589,gate_pass,74,32
32,126,recovery_completion_hours_mean,C,-6.6137035472972974,0.60447496986438853,0.56261344829539861,0.60447496986438853,0.069252696399292407,True,10.94123640682931,-1,-6.6137035472972974,-1,True,calibration__20210208T030000Z,0.17456258195352897,10.883440110863734,-0.5068304202126489,-0.44203842329636828,gate_pass,74,32
32,127,failed_recovery_attempts_mean,A,0.00010557432432432433,0.00010557432432432432,0.0001055743243243243,0.00010557432432432432,1.2836953722228372e-16,True,1.0000000000000002,1,0.00010557432432432433,1,True,calibration__20210616T110000Z,1,1,-0.44596373282285445,-0.44470292721634713,gate_pass,74,32
32,127,failed_recovery_attempts_mean,AB,-0.00010557432432432433,0.00010557432432432432,0.0001055743243243243,0.00010557432432432432,1.2836953722228372e-16,True,1.0000000000000002,-1,-0.00010557432432432433,-1,True,calibration__20210616T110000Z,1,1,-0.44596373282285445,-0.44470292721634713,gate_pass,74,32
32,127,failed_recovery_attempts_mean,ABC,0.00010557432432432433,0.00010557432432432432,0.0001055743243243243,0.00010557432432432432,1.2836953722228372e-16,True,1.0000000000000002,1,0.00010557432432432433,1,True,calibration__20210616T110000Z,1,1,-0.44596373282285445,-0.44470292721634713,gate_pass,74,32
32,127,failed_recovery_attempts_mean,AC,-0.00010557432432432433,0.00010557432432432432,0.0001055743243243243,0.00010557432432432432,1.2836953722228372e-16,True,1.0000000000000002,-1,-0.00010557432432432433,-1,True,calibration__20210616T110000Z,1,1,-0.44596373282285445,-0.44470292721634713,gate_pass,74,32
32,127,failed_recovery_attempts_mean,B,-0.23764780405405406,0.0099247654016884068,0.0098995191655789107,0.0099247654016884068,0.0025437614984028978,True,23.944929117783005,-1,-0.23764780405405406,-1,True,calibration__20201201T230000Z,0.050483000509966354,44.08065174634573,-0.50463985611044648,-0.49830810047545521,gate_pass,74,32
32,127,failed_recovery_attempts_mean,BC,-0.00010557432432432433,0.00010557432432432432,0.0001055743243243243,0.00010557432432432432,1.2836953722228372e-16,True,1.0000000000000002,-1,-0.00010557432432432433,-1,True,calibration__20210616T110000Z,1,1,-0.44596373282285445,-0.44470292721634713,gate_pass,74,32
32,127,failed_recovery_attempts_mean,C,0.00010557432432432433,0.00010557432432432432,0.0001055743243243243,0.00010557432432432432,1.2836953722228372e-16,True,1.0000000000000002,1,0.00010557432432432433,1,True,calibration__20210616T110000Z,1,1,-0.44596373282285445,-0.44470292721634713,gate_pass,74,32
32,127,first_six_hour_burden_mean,A,-5.3419848182731e-07,2.5128225702970126e-07,2.4474124771547685e-07,2.5128225702970126e-07,0.026030525957315271,True,2.125890176814865,-1,-5.3419848182731e-07,-1,True,calibration__20200511T090000Z,0.5049937557243046,2.1363294862410194,-0.26110549484624102,-0.38149617171288885,gate_pass,74,32
32,127,first_six_hour_burden_mean,AB,5.3419848182731e-07,2.5128225702970126e-07,2.4474124771547685e-07,2.5128225702970126e-07,0.026030525957315271,True,2.125890176814865,1,5.3419848182731e-07,1,True,calibration__20200511T090000Z,0.5049937557243046,2.1363294862410194,-0.26110549484624102,-0.38149617171288885,gate_pass,74,32
32,127,first_six_hour_burden_mean,ABC,-5.3419848182731e-07,2.5128225702970126e-07,2.4474124771547685e-07,2.5128225702970126e-07,0.026030525957315271,True,2.125890176814865,-1,-5.3419848182731e-07,-1,True,calibration__20200511T090000Z,0.5049937557243046,2.1363294862410194,-0.26110549484624102,-0.38149617171288885,gate_pass,74,32
32,127,first_six_hour_burden_mean,AC,5.3419848182731e-07,2.5128225702970126e-07,2.4474124771547685e-07,2.5128225702970126e-07,0.026030525957315271,True,2.125890176814865,1,5.3419848182731e-07,1,True,calibration__20200511T090000Z,0.5049937557243046,2.1363294862410194,-0.26110549484624102,-0.38149617171288885,gate_pass,74,32
32,127,first_six_hour_burden_mean,B,-0.039288542553211687,0.0032595377393318382,0.0032595377393318382,0.0029903391804966509,0.082587955827862103,True,12.053409316029368,-1,-0.039288542553211687,-1,True,calibration__20200523T100000Z,0.1259684709320498,16.451138268918729,-0.52052988216815099,-0.43173199844443721,gate_pass,74,32
32,127,first_six_hour_burden_mean,BC,5.3419848182730915e-07,2.5128225702970115e-07,2.447412477154768e-07,2.5128225702970115e-07,0.026030525957315073,True,2.1258901768148628,1,5.3419848182730915e-07,1,True,calibration__20200511T090000Z,0.50499375572430494,2.1363294862410176,-0.25926321411190989,-0.38002281306434876,gate_pass,74,32
32,127,first_six_hour_burden_mean,C,-5.3419848182730915e-07,2.5128225702970115e-07,2.447412477154768e-07,2.5128225702970115e-07,0.026030525957315073,True,2.1258901768148628,-1,-5.3419848182730915e-07,-1,True,calibration__20200511T090000Z,0.50499375572430494,2.1363294862410176,-0.25926321411190989,-0.38002281306434876,gate_pass,74,32
32,127,initial_gap_q4_q1_burden_contrast,A,8.0355717010470522e-07,6.656886444000755e-07,6.656886444000755e-07,6.6076250565920702e-07,0.0074000642527227763,True,1.2071066208871237,1,8.0355717010470522e-07,1,True,calibration__20210715T050000Z,0.94470601086308859,1.1166610752264139,-0.20190800449862512,-0.20335637705206666,gate_pass,74,32
32,127,initial_gap_q4_q1_burden_contrast,AB,-8.0355717010470522e-07,6.656886444000755e-07,6.656886444000755e-07,6.6076250565920702e-07,0.0074000642527227763,True,1.2071066208871237,-1,-8.0355717010470522e-07,-1,True,calibration__20210715T050000Z,0.94470601086308859,1.1166610752264139,-0.20190800449862512,-0.20335637705206666,gate_pass,74,32
32,127,initial_gap_q4_q1_burden_contrast,ABC,8.0355717010470522e-07,6.656886444000755e-07,6.656886444000755e-07,6.6076250565920702e-07,0.0074000642527227763,True,1.2071066208871237,1,8.0355717010470522e-07,1,True,calibration__20210715T050000Z,0.94470601086308859,1.1166610752264139,-0.20190800449862512,-0.20335637705206666,gate_pass,74,32
32,127,initial_gap_q4_q1_burden_contrast,AC,-8.0355717010470522e-07,6.656886444000755e-07,6.656886444000755e-07,6.6076250565920702e-07,0.0074000642527227763,True,1.2071066208871237,-1,-8.0355717010470522e-07,-1,True,calibration__20210715T050000Z,0.94470601086308859,1.1166610752264139,-0.20190800449862512,-0.20335637705206666,gate_pass,74,32
32,127,initial_gap_q4_q1_burden_contrast,B,0.028550837681955918,0.010305814029149553,0.0092025124359242736,0.010305814029149553,0.10705622962966707,True,2.7703622053727246,1,0.028550837681955918,1,True,calibration__20210325T210000Z,0.21858476831469226,8.5648569282799105,-0.48541071716906015,-0.61509528282759773,gate_pass,74,32
32,127,initial_gap_q4_q1_burden_contrast,BC,-8.0355717010470448e-07,6.656886444000754e-07,6.656886444000754e-07,6.6076250565920691e-07,0.0074000642527227781,True,1.2071066208871228,-1,-8.0355717010470448e-07,-1,True,calibration__20210715T050000Z,0.94470601086308914,1.1166610752264128,-0.20190800449863702,-0.20335637705207837,gate_pass,74,32
32,127,initial_gap_q4_q1_burden_contrast,C,8.0355717010470448e-07,6.656886444000754e-07,6.656886444000754e-07,6.6076250565920691e-07,0.0074000642527227781,True,1.2071066208871228,1,8.0355717010470448e-07,1,True,calibration__20210715T050000Z,0.94470601086308914,1.1166610752264128,-0.20190800449863702,-0.20335637705207837,gate_pass,74,32
32,127,maximum_downside_deviation_mean,A,-0.00088840793918918911,0.0002346511415309691,0.0002346511415309691,0.00022506946830710723,0.040833695337456052,True,3.7860797667244146,-1,-0.00088840793918918911,-1,True,calibration__20210710T100000Z,0.38400000000000001,4.6793205476826518,-0.57128688688595863,-0.47372558887276978,gate_pass,74,32
32,127,maximum_downside_deviation_mean,AB,0.00067937077702702703,0.0001841675146832924,0.0001841675146832924,0.00016552471818783189,0.10122738816082738,True,3.6888741111336683,1,0.00067937077702702703,1,True,calibration__20200505T100000Z,0.29090909090909095,5.7276169867460114,-0.53380534856442974,-0.43560759678680266,gate_pass,74,32
32,127,maximum_downside_deviation_mean,ABC,-0.00067937077702702703,0.0001841675146832924,0.0001841675146832924,0.00016552471818783189,0.10122738816082738,True,3.6888741111336683,-1,-0.00067937077702702703,-1,True,calibration__20200505T100000Z,0.29090909090909095,5.7276169867460114,-0.53380534856442974,-0.43560759678680266,gate_pass,74,32
32,127,maximum_downside_deviation_mean,AC,0.00088840793918918911,0.0002346511415309691,0.0002346511415309691,0.00022506946830710723,0.040833695337456052,True,3.7860797667244146,1,0.00088840793918918911,1,True,calibration__20210710T100000Z,0.38400000000000001,4.6793205476826518,-0.57128688688595863,-0.47372558887276978,gate_pass,74,32
32,127,maximum_downside_deviation_mean,B,-0.24546425215967893,0.0041343666614252978,0.0036169227652182124,0.0041343666614252978,0.12515675037605389,True,59.371669777120502,-1,-0.24546425215967893,-1,True,calibration__20211028T220000Z,0.027583336852289624,48.012842962930435,-0.50706370424118541,-0.55591355346747851,gate_pass,74,32
32,127,maximum_downside_deviation_mean,BC,0.00067937077702702703,0.0001841675146832924,0.0001841675146832924,0.00016552471818783189,0.10122738816082738,True,3.6888741111336683,1,0.00067937077702702703,1,True,calibration__20200505T100000Z,0.29090909090909095,5.7276169867460114,-0.44227894157915704,-0.34210693132501147,gate_pass,74,32
32,127,maximum_downside_deviation_mean,C,-0.00088840793918918738,0.0002346511415309691,0.0002346511415309691,0.00022506946830710723,0.040833695337456052,True,3.7860797667244075,-1,-0.00088840793918918738,-1,True,calibration__20210710T100000Z,0.38400000000000001,4.6793205476826518,-0.50337375616909663,-0.41308489076453048,gate_pass,74,32
32,127,recovery_completion_hours_mean,A,-2.2644636824324325,0.36003350436964671,0.36003350436964671,0.35994875120535397,0.00023540354790348319,True,6.2895915378683913,-1,-2.2644636824324325,-1,True,calibration__20210710T100000Z,0.31510638998807738,5.7915796744052521,-0.5559909690625352,-0.51440437353282842,gate_pass,74,32
32,127,recovery_completion_hours_mean,AB,-0.11138091216216216,0.23799758299925716,0.23799758299925716,0.18288327712512886,0.23157506550938511,False,0.46799177856570839,-1,-0.11138091216216216,-1,True,calibration__20200505T100000Z,0.27796940524631386,5.3229865971602939,-0.53127358707934835,-0.34669607537513508,gate_pass,74,32
32,127,recovery_completion_hours_mean,ABC,0.11138091216216216,0.23799758299925716,0.23799758299925716,0.18288327712512886,0.23157506550938511,False,0.46799177856570839,1,0.11138091216216216,1,True,calibration__20200505T100000Z,0.27796940524631386,5.3229865971602939,-0.53127358707934835,-0.34669607537513508,gate_pass,74,32
32,127,recovery_completion_hours_mean,AC,2.2644636824324325,0.36003350436964671,0.36003350436964671,0.35994875120535397,0.00023540354790348319,True,6.2895915378683913,1,2.2644636824324325,1,True,calibration__20210710T100000Z,0.31510638998807738,5.7915796744052521,-0.5559909690625352,-0.51440437353282842,gate_pass,74,32
32,127,recovery_completion_hours_mean,B,-332.11940456081084,5.7249394200374146,5.0131212676826618,5.7249394200374146,0.12433636413048732,True,58.012736938033889,-1,-332.11940456081084,-1,True,calibration__20211028T220000Z,0.028305319660089066,47.917277472788953,-0.50728830604883468,-0.55452004437076174,gate_pass,74,32
32,127,recovery_completion_hours_mean,BC,-0.28262246621621623,0.24110434246513293,0.24110434246513293,0.1945695030740725,0.1930070562615023,False,1.1721998174175872,-1,-0.28262246621621623,-1,True,calibration__20200505T100000Z,0.27085198712834258,5.4131092418341833,-0.44257054903342913,-0.27768701390060174,gate_pass,74,32
32,127,recovery_completion_hours_mean,C,-2.4445734797297298,0.36166471211385842,0.36166471211385842,0.35672441797404048,0.013659873286898544,True,6.7592258737151418,-1,-2.4445734797297298,-1,True,calibration__20210710T100000Z,0.312270366364793,5.8614055212269909,-0.49566915889349483,-0.47189460189260019,gate_pass,74,32
32,134,failed_recovery_attempts_mean,A,0.00095016891891891897,0.00037970791493409709,0.00037970791493409709,0.00034705624790190028,0.085991536515281491,True,2.5023679558637388,1,0.00095016891891891897,1,True,calibration__20200317T160000Z,0.30922693266832924,4.3185443802873635,-0.48181042970219623,-0.32440341699075914,gate_pass,74,32
32,134,failed_recovery_attempts_mean,AB,-0.00095016891891891897,0.00037970791493409709,0.00037970791493409709,0.00034705624790190028,0.085991536515281491,True,2.5023679558637388,-1,-0.00095016891891891897,-1,True,calibration__20200317T160000Z,0.30922693266832924,4.3185443802873635,-0.48181042970219623,-0.32440341699075914,gate_pass,74,32
32,134,failed_recovery_attempts_mean,ABC,0.00095016891891891897,0.00037970791493409709,0.00037970791493409709,0.00034705624790190028,0.085991536515281491,True,2.5023679558637388,1,0.00095016891891891897,1,True,calibration__20200317T160000Z,0.30922693266832924,4.3185443802873635,-0.48181042970219623,-0.32440341699075914,gate_pass,74,32
32,134,failed_recovery_attempts_mean,AC,-0.00095016891891891897,0.00037970791493409709,0.00037970791493409709,0.00034705624790190028,0.085991536515281491,True,2.5023679558637388,-1,-0.00095016891891891897,-1,True,calibration__20200317T160000Z,0.30922693266832924,4.3185443802873635,-0.48181042970219623,-0.32440341699075914,gate_pass,74,32
32,134,failed_recovery_attempts_mean,B,-0.22392314189189189,0.0090550248270522913,0.0073680084982080743,0.0090550248270522913,0.18630720081563779,False,24.729158248457971,-1,-0.22392314189189189,-1,True,calibration__20200519T020000Z,0.027021836027790104,47.166395387100295,-0.49726508236477368,-0.47185084061857663,gate_pass,74,32
32,134,failed_recovery_attempts_mean,BC,-0.00073902027027027031,0.00038159702069903348,0.00038159702069903348,0.00036325407575136387,0.048068889306493667,True,1.9366510485760251,-1,-0.00073902027027027031,-1,True,calibration__20200317T160000Z,0.31604938271604943,4.289020212849409,-0.46081157929538014,-0.3069287353095021,gate_pass,74,32
32,134,failed_recovery_attempts_mean,C,0.00073902027027027031,0.00038159702069903348,0.00038159702069903348,0.00036325407575136387,0.048068889306493667,True,1.9366510485760251,1,0.00073902027027027031,1,True,calibration__20200317T160000Z,0.31604938271604943,4.289020212849409,-0.46081157929538014,-0.3069287353095021,gate_pass,74,32
32,134,first_six_hour_burden_mean,A,-0.0015439505926018902,0.00038533966025405835,0.00038533966025405835,0.00038251004563642527,0.0073431699601527898,True,4.0067264075126552,-1,-0.0015439505926018902,-1,True,calibration__20210206T010000Z,0.48185967519096262,3.3004325657120304,-0.55537236082850094,-0.51905145122172469,gate_pass,74,32
32,134,first_six_hour_burden_mean,AB,0.00069935599800729554,0.00032896422080052994,0.00032896422080052994,0.00032221707650191084,0.020510267901475768,True,2.1259333197556325,1,0.00069935599800729554,1,True,calibration__20210206T010000Z,0.28905257959007347,4.6114883543678378,-0.40685915272109019,-0.37576482117070925,gate_pass,74,32
32,134,first_six_hour_burden_mean,ABC,-0.00069935599800729554,0.00032896422080052994,0.00032896422080052994,0.00032221707650191084,0.020510267901475768,True,2.1259333197556325,-1,-0.00069935599800729554,-1,True,calibration__20210206T010000Z,0.28905257959007347,4.6114883543678378,-0.40685915272109019,-0.37576482117070925,gate_pass,74,32
32,134,first_six_hour_burden_mean,AC,0.0015439505926018902,0.00038533966025405835,0.00038533966025405835,0.00038251004563642527,0.0073431699601527898,True,4.0067264075126552,1,0.0015439505926018902,1,True,calibration__20210206T010000Z,0.48185967519096262,3.3004325657120304,-0.55537236082850094,-0.51905145122172469,gate_pass,74,32
32,134,first_six_hour_burden_mean,B,-0.40872278615590829,0.0090773375261551537,0.0073961510902736992,0.0090773375261551537,0.18520699831171167,False,45.026725620615885,-1,-0.40872278615590829,-1,True,calibration__20210314T050000Z,0.026921752447548308,49.259131799065891,-0.48627182689861831,-0.62520059356300661,gate_pass,74,32
32,134,first_six_hour_burden_mean,BC,0.00069935599800729554,0.00032896422080052994,0.00032896422080052994,0.00032221707650191084,0.020510267901475768,True,2.1259333197556325,1,0.00069935599800729554,1,True,calibration__20210206T010000Z,0.28905257959007347,4.6114883543678378,-0.3780516948601288,-0.35396614950392208,gate_pass,74,32
32,134,first_six_hour_burden_mean,C,-0.00154395059260189,0.00038533966025405835,0.00038533966025405835,0.00038251004563642527,0.0073431699601527898,True,4.0067264075126543,-1,-0.00154395059260189,-1,True,calibration__20210206T010000Z,0.48185967519096262,3.3004325657120304,-0.52952004959519838,-0.50228651345972286,gate_pass,74,32
32,134,initial_gap_q4_q1_burden_contrast,A,-0.0024671117732738821,0.001120003734072324,0.001120003734072324,0.0010953848635184289,0.021981061138413485,True,2.2027710249710371,-1,-0.0024671117732738821,-1,True,calibration__20210206T010000Z,0.86521751039376382,1.3041760267581979,-0.721789651389386,-0.7149933183495093,gate_pass,74,32
32,134,initial_gap_q4_q1_burden_contrast,AB,-0.00082236191093664412,0.00082236863108211416,0.00080222562058405577,0.00082236863108211416,0.024493894509999982,True,0.9999918283051954,-1,-0.00082236191093664412,-1,True,calibration__20210206T010000Z,0.73728833339539224,1.632355888953031,-0.43153092808676197,-0.43268193023532403,gate_pass,74,32
32,134,initial_gap_q4_q1_burden_contrast,ABC,0.00082236191093664401,0.00082236863108211416,0.00080222562058405577,0.00082236863108211416,0.024493894509999982,True,0.99999182830519528,1,0.00082236191093664401,1,True,calibration__20210206T010000Z,0.73728833339539224,1.632355888953031,-0.43153092808676197,-0.43268193023532403,gate_pass,74,32
32,134,initial_gap_q4_q1_burden_contrast,AC,0.0024671117732738821,0.001120003734072324,0.001120003734072324,0.0010953848635184289,0.021981061138413485,True,2.2027710249710371,1,0.0024671117732738821,1,True,calibration__20210206T010000Z,0.86521751039376382,1.3041760267581979,-0.721789651389386,-0.7149933183495093,gate_pass,74,32
32,134,initial_gap_q4_q1_burden_contrast,B,-0.044926090079627223,0.023372571751662491,0.020443484189472047,0.023372571751662491,0.12532157750171835,True,1.9221714476684248,-1,-0.044926090079627223,-1,True,calibration__20210314T050000Z,0.053451670615718677,25.188213990153624,-0.47011410502914791,-0.60312435900948447,gate_pass,74,32
32,134,initial_gap_q4_q1_burden_contrast,BC,-0.00082236191093664412,0.00082236863108211416,0.00080222562058405577,0.00082236863108211416,0.024493894509999982,True,0.9999918283051954,-1,-0.00082236191093664412,-1,True,calibration__20210206T010000Z,0.73728833339539224,1.632355888953031,-0.43153092808676197,-0.43268193023532403,gate_pass,74,32
32,134,initial_gap_q4_q1_burden_contrast,C,-0.0024671117732738821,0.001120003734072324,0.001120003734072324,0.0010953848635184289,0.021981061138413485,True,2.2027710249710371,-1,-0.0024671117732738821,-1,True,calibration__20210206T010000Z,0.86521751039376382,1.3041760267581979,-0.721789651389386,-0.7149933183495093,gate_pass,74,32
32,134,maximum_downside_deviation_mean,A,-0.00047033361486486489,0.0001444963362777811,0.0001444963362777811,0.00013504168098426434,0.065431799428748466,True,3.2549864375847646,-1,-0.00047033361486486489,-1,True,calibration__20210206T010000Z,0.73839662447257381,1.7257811779887551,-0.55721628627896391,-0.54553784501085967,gate_pass,74,32
32,134,maximum_downside_deviation_mean,AB,-0.00026129645270270269,0.00015221608121262326,0.0001444963362777811,0.00015221608121262326,0.050715698849577044,True,1.7166152920315321,-1,-0.00026129645270270269,-1,True,calibration__20210206T010000Z,0.73839662447257381,1.7257811779887551,-0.55721628627896391,-0.57573441830272654,gate_pass,74,32
32,134,maximum_downside_deviation_mean,ABC,0.00026129645270270269,0.00015221608121262326,0.0001444963362777811,0.00015221608121262326,0.050715698849577044,True,1.7166152920315321,1,0.00026129645270270269,1,True,calibration__20210206T010000Z,0.73839662447257381,1.7257811779887551,-0.55721628627896391,-0.57573441830272654,gate_pass,74,32
32,134,maximum_downside_deviation_mean,AC,0.00047033361486486489,0.0001444963362777811,0.0001444963362777811,0.00013504168098426434,0.065431799428748466,True,3.2549864375847646,1,0.00047033361486486489,1,True,calibration__20210206T010000Z,0.73839662447257381,1.7257811779887551,-0.55721628627896391,-0.54553784501085967,gate_pass,74,32
32,134,maximum_downside_deviation_mean,B,-0.33858794341216214,0.0016952404159188326,0.0016952404159188326,0.0016570292059216981,0.022540289647603611,True,199.72856960742351,-1,-0.33858794341216214,-1,True,calibration__20210218T110000Z,0.11330124766254869,18.859477711761304,-0.4401980204120387,-0.52511811623715632,gate_pass,74,32
32,134,maximum_downside_deviation_mean,BC,-0.00026129645270270269,0.00015221608121262326,0.0001444963362777811,0.00015221608121262326,0.050715698849577044,True,1.7166152920315321,-1,-0.00026129645270270269,-1,True,calibration__20210206T010000Z,0.73839662447257381,1.7257811779887551,-0.44999315500124365,-0.47208004805887788,gate_pass,74,32
32,134,maximum_downside_deviation_mean,C,-0.00047033361486485692,0.00014449633627778105,0.00014449633627778105,0.00013504168098426431,0.0654317994287483,True,3.2549864375847108,-1,-0.00047033361486485692,-1,True,calibration__20210206T010000Z,0.73839662447257381,1.7257811779887553,-0.44999315500124365,-0.38049345709828181,gate_pass,74,32
32,134,recovery_completion_hours_mean,A,-1.6921452702702702,0.22703157307060309,0.22703157307060309,0.19918878927064099,0.12263837766434124,True,7.4533477761881199,-1,-1.6921452702702702,-1,True,calibration__20210206T010000Z,0.58964425110461982,2.5951307119629945,-0.5442287830039183,-0.54149266704660015,gate_pass,74,32
32,134,recovery_completion_hours_mean,AB,-1.4016047297297298,0.23317091859006464,0.22579981505955421,0.23317091859006464,0.031612447963416446,True,6.0110614917372116,-1,-1.4016047297297298,-1,True,calibration__20210206T010000Z,0.59609492107152673,2.5539982769974423,-0.54095573411007813,-0.56759674449307873,gate_pass,74,32
32,134,recovery_completion_hours_mean,ABC,1.4016047297297298,0.23317091859006464,0.22579981505955421,0.23317091859006464,0.031612447963416446,True,6.0110614917372116,1,1.4016047297297298,1,True,calibration__20210206T010000Z,0.59609492107152673,2.5539982769974423,-0.54095573411007813,-0.56759674449307873,gate_pass,74,32
32,134,recovery_completion_hours_mean,AC,1.6921452702702702,0.22703157307060309,0.22703157307060309,0.19918878927064099,0.12263837766434124,True,7.4533477761881199,1,1.6921452702702702,1,True,calibration__20210206T010000Z,0.58964425110461982,2.5951307119629945,-0.5442287830039183,-0.54149266704660015,gate_pass,74,32
32,134,recovery_completion_hours_mean,B,-463.17609797297297,2.3722968369354938,2.3722968369354938,2.3280580800525659,0.018648069750021257,True,195.24373626501927,-1,-463.17609797297297,-1,True,calibration__20210218T110000Z,0.11405607956357437,18.767319035146414,-0.44085122686768285,-0.5253724288728453,gate_pass,74,32
32,134,recovery_completion_hours_mean,BC,-1.5772804054054055,0.2294492331153572,0.22730530944944941,0.2294492331153572,0.0093437822249330445,True,6.8742021230134895,-1,-1.5772804054054055,-1,True,calibration__20210206T010000Z,0.5882249275186433,2.6076535984163325,-0.45207108656352984,-0.48972939615948446,gate_pass,74,32
32,134,recovery_completion_hours_mean,C,-1.8678209459459461,0.22852895307573975,0.22852895307573975,0.1996541515834637,0.12635073632314014,True,8.1732354732614869,-1,-1.8678209459459461,-1,True,calibration__20210206T010000Z,0.58194256660117905,2.6489812981559266,-0.45296279465523143,-0.38665030238978787,gate_pass,74,32
32,171,failed_recovery_attempts_mean,A,-0.00031672297297297299,0.00018088316974838574,0.00018088316974838574,0.00017686304180196687,0.022224997228935117,True,1.7509808867986156,-1,-0.00031672297297297299,-1,True,calibration__20210616T110000Z,0.65934065934065955,1.815610611707958,-0.58386366663541367,-0.57684097849526739,gate_pass,74,32
32,171,failed_recovery_attempts_mean,AB,0.00031672297297297299,0.00018088316974838574,0.00018088316974838574,0.00017686304180196687,0.022224997228935117,True,1.7509808867986156,1,0.00031672297297297299,1,True,calibration__20210616T110000Z,0.65934065934065955,1.815610611707958,-0.58386366663541367,-0.57684097849526739,gate_pass,74,32
32,171,failed_recovery_attempts_mean,ABC,-0.00031672297297297299,0.00018088316974838574,0.00018088316974838574,0.00017686304180196687,0.022224997228935117,True,1.7509808867986156,-1,-0.00031672297297297299,-1,True,calibration__20210616T110000Z,0.65934065934065955,1.815610611707958,-0.58386366663541367,-0.57684097849526739,gate_pass,74,32
32,171,failed_recovery_attempts_mean,AC,0.00031672297297297299,0.00018088316974838574,0.00018088316974838574,0.00017686304180196687,0.022224997228935117,True,1.7509808867986156,1,0.00031672297297297299,1,True,calibration__20210616T110000Z,0.65934065934065955,1.815610611707958,-0.58386366663541367,-0.57684097849526739,gate_pass,74,32
32,171,failed_recovery_attempts_mean,B,-0.013830236486486486,0.0031578503775898277,0.0030992388894429492,0.0031578503775898277,0.018560565301897751,True,4.3796364085628925,-1,-0.013830236486486486,-1,True,calibration__20210212T030000Z,0.16709713644020222,10.617904712171574,-0.429403198744783,-0.48573554821542203,gate_pass,74,32
32,171,failed_recovery_attempts_mean,BC,0.00031672297297297299,0.00018088316974838574,0.00018088316974838574,0.00017686304180196687,0.022224997228935117,True,1.7509808867986156,1,0.00031672297297297299,1,True,calibration__20210616T110000Z,0.65934065934065955,1.815610611707958,-0.58386366663541367,-0.57684097849526739,gate_pass,74,32
32,171,failed_recovery_attempts_mean,C,-0.00031672297297297299,0.00018088316974838574,0.00018088316974838574,0.00017686304180196687,0.022224997228935117,True,1.7509808867986156,-1,-0.00031672297297297299,-1,True,calibration__20210616T110000Z,0.65934065934065955,1.815610611707958,-0.58386366663541367,-0.57684097849526739,gate_pass,74,32
32,171,first_six_hour_burden_mean,A,0,0,0,0,0,True,0,0,0,0,True,calibration__20200128T020000Z,0,74,,,gate_pass,74,32
32,171,first_six_hour_burden_mean,AB,0,0,0,0,0,True,0,0,0,0,True,calibration__20200128T020000Z,0,74,,,gate_pass,74,32
32,171,first_six_hour_burden_mean,ABC,0,0,0,0,0,True,0,0,0,0,True,calibration__20200128T020000Z,0,74,,,gate_pass,74,32
32,171,first_six_hour_burden_mean,AC,0,0,0,0,0,True,0,0,0,0,True,calibration__20200128T020000Z,0,74,,,gate_pass,74,32
32,171,first_six_hour_burden_mean,B,-0.00014503476063432183,9.1891808783823786e-05,9.0844620611270612e-05,9.1891808783823786e-05,0.011395881596113672,True,1.5783208814130241,-1,-0.00014503476063432183,-1,True,calibration__20210302T170000Z,0.88788187504294303,1.2615626847465828,-0.35359917790133216,-0.48903178441367373,gate_pass,74,32
32,171,first_six_hour_burden_mean,BC,0,0,0,0,0,True,0,0,0,0,True,calibration__20200128T020000Z,0,74,,,gate_pass,74,32
32,171,first_six_hour_burden_mean,C,0,0,0,0,0,True,0,0,0,0,True,calibration__20200128T020000Z,0,74,,,gate_pass,74,32
32,171,initial_gap_q4_q1_burden_contrast,A,0,0,0,0,0,True,0,0,0,0,True,calibration__20200509T220000Z,0,38,,,gate_pass,74,32
32,171,initial_gap_q4_q1_burden_contrast,AB,0,0,0,0,0,True,0,0,0,0,True,calibration__20200509T220000Z,0,38,,,gate_pass,74,32
32,171,initial_gap_q4_q1_burden_contrast,ABC,0,0,0,0,0,True,0,0,0,0,True,calibration__20200509T220000Z,0,38,,,gate_pass,74,32
32,171,initial_gap_q4_q1_burden_contrast,AC,0,0,0,0,0,True,0,0,0,0,True,calibration__20200509T220000Z,0,38,,,gate_pass,74,32
32,171,initial_gap_q4_q1_burden_contrast,B,-8.9362442235603148e-05,8.4762187377546746e-05,8.4762187377546746e-05,8.460962787557307e-05,0.0017998532918239577,True,1.0542724887167672,-1,-8.9362442235603148e-05,-1,True,calibration__20210421T210000Z,0.99688275094977719,1.0062539322036665,-0.52405691132772547,-0.52809993412450829,gate_pass,74,32
32,171,initial_gap_q4_q1_burden_contrast,BC,0,0,0,0,0,True,0,0,0,0,True,calibration__20200509T220000Z,0,38,,,gate_pass,74,32
32,171,initial_gap_q4_q1_burden_contrast,C,0,0,0,0,0,True,0,0,0,0,True,calibration__20200509T220000Z,0,38,,,gate_pass,74,32
32,171,maximum_downside_deviation_mean,A,-4.9758473463926731e-07,2.0373748448443262e-07,2.0373748448443262e-07,1.9040454941592803e-07,0.065441737941568365,True,2.4422836862761366,-1,-4.9758473463926731e-07,-1,True,calibration__20210616T110000Z,0.54508401209460933,2.6380438919583029,-0.53545874796115145,-0.51876040458130046,gate_pass,74,32
32,171,maximum_downside_deviation_mean,AB,4.9758473463926731e-07,2.0373748448443262e-07,2.0373748448443262e-07,1.9040454941592803e-07,0.065441737941568365,True,2.4422836862761366,1,4.9758473463926731e-07,1,True,calibration__20210616T110000Z,0.54508401209460933,2.6380438919583029,-0.53545874796115145,-0.51876040458130046,gate_pass,74,32
32,171,maximum_downside_deviation_mean,ABC,-4.9758473463926731e-07,2.0373748448443262e-07,2.0373748448443262e-07,1.9040454941592803e-07,0.065441737941568365,True,2.4422836862761366,-1,-4.9758473463926731e-07,-1,True,calibration__20210616T110000Z,0.54508401209460933,2.6380438919583029,-0.53545874796115145,-0.51876040458130046,gate_pass,74,32
32,171,maximum_downside_deviation_mean,AC,4.9758473463926731e-07,2.0373748448443262e-07,2.0373748448443262e-07,1.9040454941592803e-07,0.065441737941568365,True,2.4422836862761366,1,4.9758473463926731e-07,1,True,calibration__20210616T110000Z,0.54508401209460933,2.6380438919583029,-0.53545874796115145,-0.51876040458130046,gate_pass,74,32
32,171,maximum_downside_deviation_mean,B,-1.8436203546811121e-05,4.1502337546072404e-06,4.1502337546072404e-06,4.0813165678863504e-06,0.016605615682341736,True,4.4422084723167217,-1,-1.8436203546811121e-05,-1,True,calibration__20210328T190000Z,0.5605217491087503,2.9421111542201497,-0.74904063897823436,-0.78169781650809145,gate_pass,74,32
32,171,maximum_downside_deviation_mean,BC,5.8446965133877569e-07,2.1113174387439313e-07,2.1113174387439313e-07,1.9266128843909213e-07,0.087483080925478782,True,2.7682698992269463,1,5.8446965133877569e-07,1,True,calibration__20210616T110000Z,0.53272501445123777,2.8029782214506569,-0.52009717306465453,-0.45022878020489732,gate_pass,74,32
32,171,maximum_downside_deviation_mean,C,-5.8446965133877569e-07,2.1113174387439313e-07,2.1113174387439313e-07,1.9266128843909213e-07,0.087483080925478782,True,2.7682698992269463,-1,-5.8446965133877569e-07,-1,True,calibration__20210616T110000Z,0.53272501445123777,2.8029782214506569,-0.52009717306465453,-0.45022878020489732,gate_pass,74,32
32,171,recovery_completion_hours_mean,A,-4.4824746621621623,0.2607184101816481,0.25788245919349262,0.2607184101816481,0.010877448148673544,True,17.192781511052964,-1,-4.4824746621621623,-1,True,calibration__20210605T110000Z,0.31456771631565927,4.8776433787466535,-0.44163768576726437,-0.48191985895023493,gate_pass,74,32
32,171,recovery_completion_hours_mean,AB,-0.00042229729729729732,0.0036049194948780026,0.003548930809537925,0.0036049194948780026,0.015531188815624937,True,0.11714472345285722,-1,-0.00042229729729729732,-1,True,calibration__20210625T070000Z,0.5097345132743365,2.085613205235838,-0.10293169756364368,-0.16120385898146525,gate_pass,74,32
32,171,recovery_completion_hours_mean,ABC,0.00042229729729729732,0.0036049194948780026,0.003548930809537925,0.0036049194948780026,0.015531188815624937,True,0.11714472345285722,1,0.00042229729729729732,1,True,calibration__20210625T070000Z,0.5097345132743365,2.085613205235838,-0.10293169756364368,-0.16120385898146525,gate_pass,74,32
32,171,recovery_completion_hours_mean,AC,4.4824746621621623,0.2607184101816481,0.25788245919349262,0.2607184101816481,0.010877448148673544,True,17.192781511052964,1,4.4824746621621623,1,True,calibration__20210605T110000Z,0.31456771631565927,4.8776433787466535,-0.44163768576726437,-0.48191985895023493,gate_pass,74,32
32,171,recovery_completion_hours_mean,B,-0.091005067567567571,0.031404230107772622,0.026414401661424319,0.031404230107772622,0.15889032876221695,False,2.8978601690045442,-1,-0.091005067567567571,-1,True,calibration__20200611T160000Z,0.17278329222831779,8.1139848599836757,-0.32229669961609336,-0.47265744137011018,gate_pass,74,32
32,171,recovery_completion_hours_mean,BC,-0.0019003378378378379,0.0044172234784854766,0.0043704989745359654,0.0044172234784854766,0.010577799420175931,True,0.43021093388043896,-1,-0.0019003378378378379,-1,True,calibration__20200509T220000Z,0.35521213718330008,2.9901853286895967,-0.27792605369445661,-0.32859612659782533,gate_pass,74,32
32,171,recovery_completion_hours_mean,C,-5.3686655405405403,0.27985194804539848,0.26394201850807941,0.27985194804539848,0.056851237407638512,True,19.183949148960785,-1,-5.3686655405405403,-1,True,calibration__20210605T110000Z,0.30028987436430998,4.7854694024898361,-0.45176993827253425,-0.51818994040448607,gate_pass,74,32
32,193,failed_recovery_attempts_mean,A,-0.016680743243243243,0.002631513516682199,0.0024269505331694732,0.002631513516682199,0.077735866533050521,True,6.3388400392008064,-1,-0.016680743243243243,-1,True,calibration__20210920T030000Z,0.24801611524844341,7.2321136442215144,-0.39067571519379207,-0.40063378822739137,gate_pass,74,32
32,193,failed_recovery_attempts_mean,AB,0.016680743243243243,0.002631513516682199,0.0024269505331694732,0.002631513516682199,0.077735866533050521,True,6.3388400392008064,1,0.016680743243243243,1,True,calibration__20210920T030000Z,0.24801611524844341,7.2321136442215144,-0.39067571519379207,-0.40063378822739137,gate_pass,74,32
32,193,failed_recovery_attempts_mean,ABC,-0.016680743243243243,0.002631513516682199,0.0024269505331694732,0.002631513516682199,0.077735866533050521,True,6.3388400392008064,-1,-0.016680743243243243,-1,True,calibration__20210920T030000Z,0.24801611524844341,7.2321136442215144,-0.39067571519379207,-0.40063378822739137,gate_pass,74,32
32,193,failed_recovery_attempts_mean,AC,0.016680743243243243,0.002631513516682199,0.0024269505331694732,0.002631513516682199,0.077735866533050521,True,6.3388400392008064,1,0.016680743243243243,1,True,calibration__20210920T030000Z,0.24801611524844341,7.2321136442215144,-0.39067571519379207,-0.40063378822739137,gate_pass,74,32
32,193,failed_recovery_attempts_mean,B,-0.10705236486486487,0.010387936202779939,0.010387936202779939,0.0096291879267416929,0.073041291477627265,True,10.305450743547727,-1,-0.10705236486486487,-1,True,calibration__20200524T160000Z,0.082685272185682002,25.600098943286703,-0.42226453164853289,-0.40161662603118764,gate_pass,74,32
32,193,failed_recovery_attempts_mean,BC,0.016680743243243243,0.0030069706529083171,0.0028327294674810894,0.0030069706529083171,0.057945755226677415,True,5.5473581782747914,1,0.016680743243243243,1,True,calibration__20200509T220000Z,0.30571735818621742,5.9043244884201442,-0.54570806650271864,-0.57948299857431129,gate_pass,74,32
32,193,failed_recovery_attempts_mean,C,-0.016680743243243243,0.0030069706529083171,0.0028327294674810894,0.0030069706529083171,0.057945755226677415,True,5.5473581782747914,-1,-0.016680743243243243,-1,True,calibration__20200509T220000Z,0.30571735818621742,5.9043244884201442,-0.54570806650271864,-0.57948299857431129,gate_pass,74,32
32,193,first_six_hour_burden_mean,A,-3.9587372917124243e-05,2.3510901762935516e-05,2.3510901762935516e-05,2.2804385514933857e-05,0.030050580582811546,True,1.6837879429845168,-1,-3.9587372917124243e-05,-1,True,calibration__20200511T090000Z,0.67853421248880974,1.9445402751076255,-0.71682325611949349,-0.69644332587299984,gate_pass,74,32
32,193,first_six_hour_burden_mean,AB,3.9587372917124243e-05,2.3510901762935516e-05,2.3510901762935516e-05,2.2804385514933857e-05,0.030050580582811546,True,1.6837879429845168,1,3.9587372917124243e-05,1,True,calibration__20200511T090000Z,0.67853421248880974,1.9445402751076255,-0.71682325611949349,-0.69644332587299984,gate_pass,74,32
32,193,first_six_hour_burden_mean,ABC,-3.9587372917124243e-05,2.3510901762935516e-05,2.3510901762935516e-05,2.2804385514933857e-05,0.030050580582811546,True,1.6837879429845168,-1,-3.9587372917124243e-05,-1,True,calibration__20200511T090000Z,0.67853421248880974,1.9445402751076255,-0.71682325611949349,-0.69644332587299984,gate_pass,74,32
32,193,first_six_hour_burden_mean,AC,3.9587372917124243e-05,2.3510901762935516e-05,2.3510901762935516e-05,2.2804385514933857e-05,0.030050580582811546,True,1.6837879429845168,1,3.9587372917124243e-05,1,True,calibration__20200511T090000Z,0.67853421248880974,1.9445402751076255,-0.71682325611949349,-0.69644332587299984,gate_pass,74,32
32,193,first_six_hour_burden_mean,B,-0.017095488231281691,0.0024435488211657147,0.0020689086532732701,0.0024435488211657147,0.15331806127520689,False,6.9961721587891788,-1,-0.017095488231281691,-1,True,calibration__20210715T050000Z,0.2692966360773606,8.7311644627142186,-0.54065195126549237,-0.61903379832568428,gate_pass,74,32
32,193,first_six_hour_burden_mean,BC,3.9587372917124263e-05,2.351090176293552e-05,2.351090176293552e-05,2.280438551493386e-05,0.030050580582811542,True,1.6837879429845175,1,3.9587372917124263e-05,1,True,calibration__20200511T090000Z,0.67853421248880952,1.9445402751076268,-0.26009257422612797,-0.23557448525839389,gate_pass,74,32
32,193,first_six_hour_burden_mean,C,-3.9587372917124263e-05,2.351090176293552e-05,2.351090176293552e-05,2.280438551493386e-05,0.030050580582811542,True,1.6837879429845175,-1,-3.9587372917124263e-05,-1,True,calibration__20200511T090000Z,0.67853421248880952,1.9445402751076268,-0.26009257422612797,-0.23557448525839389,gate_pass,74,32
32,193,initial_gap_q4_q1_burden_contrast,A,7.210111864238691e-05,5.1489560397286953e-05,5.1489560397286953e-05,5.0685310987696254e-05,0.015619659662759045,True,1.4003055781805822,1,7.210111864238691e-05,1,True,calibration__20210605T110000Z,0.63852463695302675,1.8574305064950731,-0.58474018255198712,-0.57126357962608498,gate_pass,74,32
32,193,initial_gap_q4_q1_burden_contrast,AB,-7.210111864238691e-05,5.1489560397286953e-05,5.1489560397286953e-05,5.0685310987696254e-05,0.015619659662759045,True,1.4003055781805822,-1,-7.210111864238691e-05,-1,True,calibration__20210605T110000Z,0.63852463695302675,1.8574305064950731,-0.58474018255198712,-0.57126357962608498,gate_pass,74,32
32,193,initial_gap_q4_q1_burden_contrast,ABC,7.210111864238691e-05,5.1489560397286953e-05,5.1489560397286953e-05,5.0685310987696254e-05,0.015619659662759045,True,1.4003055781805822,1,7.210111864238691e-05,1,True,calibration__20210605T110000Z,0.63852463695302675,1.8574305064950731,-0.58474018255198712,-0.57126357962608498,gate_pass,74,32
32,193,initial_gap_q4_q1_burden_contrast,AC,-7.210111864238691e-05,5.1489560397286953e-05,5.1489560397286953e-05,5.0685310987696254e-05,0.015619659662759045,True,1.4003055781805822,-1,-7.210111864238691e-05,-1,True,calibration__20210605T110000Z,0.63852463695302675,1.8574305064950731,-0.58474018255198712,-0.57126357962608498,gate_pass,74,32
32,193,initial_gap_q4_q1_burden_contrast,B,0.030435735368511983,0.0068418704596251503,0.006348333373142041,0.0068418704596251503,0.072134818891345848,True,4.4484524441258548,1,0.030435735368511983,1,True,calibration__20210715T050000Z,0.43386073547545567,4.0278226465247382,-0.49876719627090138,-0.52399628220874739,gate_pass,74,32
32,193,initial_gap_q4_q1_burden_contrast,BC,-7.210111864238695e-05,5.1489560397286987e-05,5.1489560397286987e-05,5.0685310987696288e-05,0.015619659662759034,True,1.400305578180582,-1,-7.210111864238695e-05,-1,True,calibration__20210605T110000Z,0.63852463695302597,1.8574305064950745,-0.5847401825519869,-0.5712635796260872,gate_pass,74,32
32,193,initial_gap_q4_q1_burden_contrast,C,7.210111864238695e-05,5.1489560397286987e-05,5.1489560397286987e-05,5.0685310987696288e-05,0.015619659662759034,True,1.400305578180582,1,7.210111864238695e-05,1,True,calibration__20210605T110000Z,0.63852463695302597,1.8574305064950745,-0.5847401825519869,-0.5712635796260872,gate_pass,74,32
32,193,maximum_downside_deviation_mean,A,-0.0050187977821405851,0.00050341472254313924,0.00040441794861127836,0.00050341472254313924,0.19665053384166278,False,9.9695093476542258,-1,-0.0050187977821405851,-1,True,calibration__20210920T030000Z,0.13789370695092162,10.814964589557645,-0.47812291050763844,-0.57388201835354591,gate_pass,74,32
32,193,maximum_downside_deviation_mean,AB,0.0050187977821405851,0.00050341472254313924,0.00040441794861127836,0.00050341472254313924,0.19665053384166278,False,9.9695093476542258,1,0.0050187977821405851,1,True,calibration__20210920T030000Z,0.13789370695092162,10.814964589557645,-0.47812291050763844,-0.57388201835354591,gate_pass,74,32
32,193,maximum_downside_deviation_mean,ABC,-0.0050187977821405851,0.00050341472254313924,0.00040441794861127836,0.00050341472254313924,0.19665053384166278,False,9.9695093476542258,-1,-0.0050187977821405851,-1,True,calibration__20210920T030000Z,0.13789370695092162,10.814964589557645,-0.47812291050763844,-0.57388201835354591,gate_pass,74,32
32,193,maximum_downside_deviation_mean,AC,0.0050187977821405851,0.00050341472254313924,0.00040441794861127836,0.00050341472254313924,0.19665053384166278,False,9.9695093476542258,1,0.0050187977821405851,1,True,calibration__20210920T030000Z,0.13789370695092162,10.814964589557645,-0.47812291050763844,-0.57388201835354591,gate_pass,74,32
32,193,maximum_downside_deviation_mean,B,-0.032869695423551386,0.0021088252761139589,0.0021088252761139589,0.0020534995506757523,0.026235329244610632,True,15.586732478909807,-1,-0.032869695423551386,-1,True,calibration__20210715T050000Z,0.073124017118850998,33.116611827954245,-0.47795731782400902,-0.56691676184048556,gate_pass,74,32
32,193,maximum_downside_deviation_mean,BC,0.006273225911161355,0.00048620407089902342,0.00046515439179662299,0.00048620407089902342,0.043293917847043499,True,12.90245451783599,1,0.006273225911161355,1,True,calibration__20200509T220000Z,0.18229284967075565,9.3769048192228617,-0.54792328291947923,-0.60861262540719563,gate_pass,74,32
32,193,maximum_downside_deviation_mean,C,-0.006273225911161355,0.00048620407089902342,0.00046515439179662299,0.00048620407089902342,0.043293917847043499,True,12.90245451783599,-1,-0.006273225911161355,-1,True,calibration__20200509T220000Z,0.18229284967075565,9.3769048192228617,-0.54792328291947923,-0.60861262540719563,gate_pass,74,32
32,193,recovery_completion_hours_mean,A,-9.202597128378379,0.73402291999587954,0.58420931007527677,0.73402291999587954,0.20409936234885384,False,12.537206778815623,-1,-9.202597128378379,-1,True,calibration__20210920T030000Z,0.15010219861375199,10.619363332289632,-0.47075422540950884,-0.56354488582813322,gate_pass,74,32
32,193,recovery_completion_hours_mean,AB,4.7197001689189193,0.59535946781035132,0.49888129523158192,0.59535946781035132,0.16205028691926676,False,7.9274798237060295,1,4.7197001689189193,1,True,calibration__20210920T030000Z,0.15748122524486241,9.7310338581234674,-0.4793865662014381,-0.57528704591800051,gate_pass,74,32
32,193,recovery_completion_hours_mean,ABC,-4.7197001689189193,0.59535946781035132,0.49888129523158192,0.59535946781035132,0.16205028691926676,False,7.9274798237060295,-1,-4.7197001689189193,-1,True,calibration__20210920T030000Z,0.15748122524486241,9.7310338581234674,-0.4793865662014381,-0.57528704591800051,gate_pass,74,32
32,193,recovery_completion_hours_mean,AC,9.202597128378379,0.73402291999587954,0.58420931007527677,0.73402291999587954,0.20409936234885384,False,12.537206778815623,1,9.202597128378379,1,True,calibration__20210920T030000Z,0.15010219861375199,10.619363332289632,-0.47075422540950884,-0.56354488582813322,gate_pass,74,32
32,193,recovery_completion_hours_mean,B,-39.932326858108105,2.794808820531864,2.7420769451453024,2.794808820531864,0.018867793388646328,True,14.288035218991764,-1,-39.932326858108105,-1,True,calibration__20210715T050000Z,0.084998652062675956,34.185519552631682,-0.4759038899068071,-0.60563448669222897,gate_pass,74,32
32,193,recovery_completion_hours_mean,BC,5.9205025337837842,0.56994670719300011,0.56994670719300011,0.56301097927197163,0.012169081483402349,True,10.387817771493738,1,5.9205025337837842,1,True,calibration__20200509T220000Z,0.20717464716620729,7.8881803056257835,-0.5373497124632044,-0.56625699740319846,gate_pass,74,32
32,193,recovery_completion_hours_mean,C,-11.291068412162161,0.66920682321849889,0.65428331095805103,0.66920682321849889,0.022300299014696788,True,16.872315135489256,-1,-11.291068412162161,-1,True,calibration__20210920T030000Z,0.17237757978660143,8.9981371115600712,-0.52502098995258595,-0.54677716998528392,gate_pass,74,32
32,203,failed_recovery_attempts_mean,A,-0.00031672297297297299,0.00063202534324731028,0.00055314914284146041,0.00063202534324731028,0.12479911011256042,True,0.50112384947361188,-1,-0.00031672297297297299,-1,True,calibration__20210926T070000Z,0.29612220916568743,5.6252553576560693,-0.57327592994006737,-0.65683488041201954,gate_pass,74,32
32,203,failed_recovery_attempts_mean,AB,0.00031672297297297299,0.00063202534324731028,0.00055314914284146041,0.00063202534324731028,0.12479911011256042,True,0.50112384947361188,1,0.00031672297297297299,1,True,calibration__20210926T070000Z,0.29612220916568743,5.6252553576560693,-0.57327592994006737,-0.65683488041201954,gate_pass,74,32
32,203,failed_recovery_attempts_mean,ABC,-0.00031672297297297299,0.00063202534324731028,0.00055314914284146041,0.00063202534324731028,0.12479911011256042,True,0.50112384947361188,-1,-0.00031672297297297299,-1,True,calibration__20210926T070000Z,0.29612220916568743,5.6252553576560693,-0.57327592994006737,-0.65683488041201954,gate_pass,74,32
32,203,failed_recovery_attempts_mean,AC,0.00031672297297297299,0.00063202534324731028,0.00055314914284146041,0.00063202534324731028,0.12479911011256042,True,0.50112384947361188,1,0.00031672297297297299,1,True,calibration__20210926T070000Z,0.29612220916568743,5.6252553576560693,-0.57327592994006737,-0.65683488041201954,gate_pass,74,32
32,203,failed_recovery_attempts_mean,B,-0.31492820945945948,0.010831551249793386,0.010831551249793386,0.0087743141572240446,0.18993005204204552,False,29.075079108864191,-1,-0.31492820945945948,-1,True,calibration__20210212T030000Z,0.056045380577186533,53.598017812122073,-0.51714834667139586,-0.50890937373486766,gate_pass,74,32
32,203,failed_recovery_attempts_mean,BC,0.00031672297297297299,0.00063202534324731028,0.00055314914284146041,0.00063202534324731028,0.12479911011256042,True,0.50112384947361188,1,0.00031672297297297299,1,True,calibration__20210926T070000Z,0.29612220916568743,5.6252553576560693,-0.57377955766043376,-0.65876961347941665,gate_pass,74,32
32,203,failed_recovery_attempts_mean,C,-0.00031672297297297299,0.00063202534324731028,0.00055314914284146041,0.00063202534324731028,0.12479911011256042,True,0.50112384947361188,-1,-0.00031672297297297299,-1,True,calibration__20210926T070000Z,0.29612220916568743,5.6252553576560693,-0.57377955766043376,-0.65876961347941665,gate_pass,74,32
32,203,first_six_hour_burden_mean,A,-6.5155380349058532e-05,2.2991058405806196e-05,2.2991058405806196e-05,2.2135630856486534e-05,0.037206966909519565,True,2.8339443621527267,-1,-6.5155380349058532e-05,-1,True,calibration__20210613T040000Z,0.67778863377534382,2.0292517351427128,-0.3855128699556043,-0.37488513939672424,gate_pass,74,32
32,203,first_six_hour_burden_mean,AB,6.5155380349058532e-05,2.2991058405806196e-05,2.2991058405806196e-05,2.2135630856486534e-05,0.037206966909519565,True,2.8339443621527267,1,6.5155380349058532e-05,1,True,calibration__20210613T040000Z,0.67778863377534382,2.0292517351427128,-0.3855128699556043,-0.37488513939672424,gate_pass,74,32
32,203,first_six_hour_burden_mean,ABC,-6.5155380349058532e-05,2.2991058405806196e-05,2.2991058405806196e-05,2.2135630856486534e-05,0.037206966909519565,True,2.8339443621527267,-1,-6.5155380349058532e-05,-1,True,calibration__20210613T040000Z,0.67778863377534382,2.0292517351427128,-0.3855128699556043,-0.37488513939672424,gate_pass,74,32
32,203,first_six_hour_burden_mean,AC,6.5155380349058532e-05,2.2991058405806196e-05,2.2991058405806196e-05,2.2135630856486534e-05,0.037206966909519565,True,2.8339443621527267,1,6.5155380349058532e-05,1,True,calibration__20210613T040000Z,0.67778863377534382,2.0292517351427128,-0.3855128699556043,-0.37488513939672424,gate_pass,74,32
32,203,first_six_hour_burden_mean,B,-0.13368644917073133,0.0061111639396945602,0.0056766420944409247,0.0061111639396945602,0.071102960015723818,True,21.875775300738056,-1,-0.13368644917073133,-1,True,calibration__20210605T110000Z,0.043530249365439054,37.295101224786734,-0.50584269847353402,-0.47226451929281288,gate_pass,74,32
32,203,first_six_hour_burden_mean,BC,7.2632897101265647e-05,2.4013018015351088e-05,2.4013018015351088e-05,2.2705341185768467e-05,0.054456996148782563,True,3.0247300466285725,1,7.2632897101265647e-05,1,True,calibration__20210613T040000Z,0.62132484145335742,2.3211217612995436,-0.41559612256623707,-0.39058647829338372,gate_pass,74,32
32,203,first_six_hour_burden_mean,C,-7.2632897101265647e-05,2.4013018015351088e-05,2.4013018015351088e-05,2.2705341185768467e-05,0.054456996148782563,True,3.0247300466285725,-1,-7.2632897101265647e-05,-1,True,calibration__20210613T040000Z,0.62132484145335742,2.3211217612995436,-0.41559612256623707,-0.39058647829338372,gate_pass,74,32
32,203,initial_gap_q4_q1_burden_contrast,A,4.1205188145214987e-05,3.2742236210685552e-05,3.2650989663698744e-05,3.2742236210685552e-05,0.0027868147550969692,True,1.2584720200560864,1,4.1205188145214987e-05,1,True,calibration__20210605T110000Z,0.97324020586211624,1.0553896301078516,0.6893562260169066,0.54324002169251362,gate_pass,74,32
32,203,initial_gap_q4_q1_burden_contrast,AB,-4.1205188145214987e-05,3.2742236210685552e-05,3.2650989663698744e-05,3.2742236210685552e-05,0.0027868147550969692,True,1.2584720200560864,-1,-4.1205188145214987e-05,-1,True,calibration__20210605T110000Z,0.97324020586211624,1.0553896301078516,0.6893562260169066,0.54324002169251484,gate_pass,74,32
32,203,initial_gap_q4_q1_burden_contrast,ABC,4.1205188145214987e-05,3.2742236210685552e-05,3.2650989663698744e-05,3.2742236210685552e-05,0.0027868147550969692,True,1.2584720200560864,1,4.1205188145214987e-05,1,True,calibration__20210605T110000Z,0.97324020586211624,1.0553896301078516,0.6893562260169066,0.54324002169251484,gate_pass,74,32
32,203,initial_gap_q4_q1_burden_contrast,AC,-4.1205188145214987e-05,3.2742236210685552e-05,3.2650989663698744e-05,3.2742236210685552e-05,0.0027868147550969692,True,1.2584720200560864,-1,-4.1205188145214987e-05,-1,True,calibration__20210605T110000Z,0.97324020586211624,1.0553896301078516,0.6893562260169066,0.54324002169251484,gate_pass,74,32
32,203,initial_gap_q4_q1_burden_contrast,B,0.094451473810058265,0.015038705735543067,0.015038705735543067,0.014148288018085263,0.05920840085017131,True,6.2805586777875408,1,0.094451473810058265,1,True,calibration__20210605T110000Z,0.094082640183409602,17.499895255694419,-0.49352960543576196,-0.58292374670153047,gate_pass,74,32
32,203,initial_gap_q4_q1_burden_contrast,BC,-4.120518814521502e-05,3.2742236210685546e-05,3.265098966369875e-05,3.2742236210685546e-05,0.0027868147550965559,True,1.2584720200560877,-1,-4.120518814521502e-05,-1,True,calibration__20210605T110000Z,0.97324020586211601,1.055389630107852,0.68935622601690683,0.54324002169251528,gate_pass,74,32
32,203,initial_gap_q4_q1_burden_contrast,C,4.120518814521502e-05,3.2742236210685546e-05,3.265098966369875e-05,3.2742236210685546e-05,0.0027868147550965559,True,1.2584720200560877,1,4.120518814521502e-05,1,True,calibration__20210605T110000Z,0.97324020586211601,1.055389630107852,0.68935622601690683,0.54324002169251528,gate_pass,74,32
32,203,maximum_downside_deviation_mean,A,-0.0011496589098130647,0.00024903162520215142,0.00024903162520215142,0.00023067200071819256,0.073724068053828265,True,4.6165177168957117,-1,-0.0011496589098130647,-1,True,calibration__20210710T100000Z,0.21450294881835552,7.3747675919224758,-0.52283665430796178,-0.47903676276690405,gate_pass,74,32
32,203,maximum_downside_deviation_mean,AB,0.00073158458548874036,0.00022681492008296488,0.00022681492008296488,0.00018296017610832413,0.19335034908020807,False,3.225469405721368,1,0.00073158458548874036,1,True,calibration__20200505T100000Z,0.23110253792020102,7.5184375728051265,-0.45118135810009841,-0.38246975040322817,gate_pass,74,32
32,203,maximum_downside_deviation_mean,ABC,-0.00073158458548874036,0.00022681492008296488,0.00022681492008296488,0.00018296017610832413,0.19335034908020807,False,3.225469405721368,-1,-0.00073158458548874036,-1,True,calibration__20200505T100000Z,0.23110253792020102,7.5184375728051265,-0.45118135810009841,-0.38246975040322817,gate_pass,74,32
32,203,maximum_downside_deviation_mean,AC,0.0011496589098130647,0.00024903162520215142,0.00024903162520215142,0.00023067200071819256,0.073724068053828265,True,4.6165177168957117,1,0.0011496589098130647,1,True,calibration__20210710T100000Z,0.21450294881835552,7.3747675919224758,-0.52283665430796178,-0.47903676276690405,gate_pass,74,32
32,203,maximum_downside_deviation_mean,B,-0.30320898684328834,0.0034191942984891865,0.0034191942984891865,0.0033322552885291646,0.02542675331391284,True,88.678489835241308,-1,-0.30320898684328834,-1,True,calibration__20210401T030000Z,0.030745242800797833,46.896919718697312,-0.48479145707345866,-0.52501563515205929,gate_pass,74,32
32,203,maximum_downside_deviation_mean,BC,0.00073158458548874036,0.00022681492008296488,0.00022681492008296488,0.00018296017610832413,0.19335034908020807,False,3.225469405721368,1,0.00073158458548874036,1,True,calibration__20200505T100000Z,0.23110253792020102,7.5184375728051265,-0.39770792145950828,-0.31301442622799158,gate_pass,74,32
32,203,maximum_downside_deviation_mean,C,-0.0011496589098130613,0.00024903162520215142,0.00024903162520215142,0.00023067200071819256,0.073724068053828265,True,4.6165177168956983,-1,-0.0011496589098130613,-1,True,calibration__20210710T100000Z,0.21450294881835555,7.3747675919224775,-0.47304633646042343,-0.43214027422237206,gate_pass,74,32
32,203,recovery_completion_hours_mean,A,-2.6159206081081079,0.36169643034167537,0.36169643034167537,0.34608485277510759,0.043162100194962812,True,7.2323650129391295,-1,-2.6159206081081079,-1,True,calibration__20210710T100000Z,0.19643564892819632,8.3968934942405298,-0.51623151434831149,-0.50596604277996782,gate_pass,74,32
32,203,recovery_completion_hours_mean,AB,-0.050464527027027029,0.31859339228001493,0.31859339228001493,0.27068619988018616,0.1503709542027245,False,0.15839790858773758,-1,-0.050464527027027029,-1,True,calibration__20200505T100000Z,0.18236201396631205,8.5029943336016398,-0.44053862222990325,-0.36197344461483294,gate_pass,74,32
32,203,recovery_completion_hours_mean,ABC,0.050464527027027029,0.31859339228001493,0.31859339228001493,0.27068619988018616,0.1503709542027245,False,0.15839790858773758,1,0.050464527027027029,1,True,calibration__20200505T100000Z,0.18236201396631205,8.5029943336016398,-0.44053862222990325,-0.36197344461483294,gate_pass,74,32
32,203,recovery_completion_hours_mean,AC,2.6159206081081079,0.36169643034167537,0.36169643034167537,0.34608485277510759,0.043162100194962812,True,7.2323650129391295,1,2.6159206081081079,1,True,calibration__20210710T100000Z,0.19643564892819632,8.3968934942405298,-0.51623151434831149,-0.50596604277996782,gate_pass,74,32
32,203,recovery_completion_hours_mean,B,-414.07981418918916,4.7338792410746704,4.7338792410746704,4.6090860468114521,0.026361718985228735,True,87.47156256043111,-1,-414.07981418918916,-1,True,calibration__20210217T040000Z,0.031619161549124128,46.883479043794296,-0.48404035599746148,-0.52131167779706611,gate_pass,74,32
32,203,recovery_completion_hours_mean,BC,-0.22170608108108109,0.32294674851932675,0.32294674851932675,0.26895624084874981,0.16718083683491827,False,0.68650971746140088,-1,-0.22170608108108109,-1,True,calibration__20200505T100000Z,0.17747863318638307,8.3978899960283719,-0.39485899798840973,-0.30867258570209771,gate_pass,74,32
32,203,recovery_completion_hours_mean,C,-2.7960304054054053,0.36140446571254853,0.36140446571254853,0.34981979712004857,0.032054580647362822,True,7.7365685005931644,-1,-2.7960304054054053,-1,True,calibration__20210710T100000Z,0.19675316259037842,8.3982171279171229,-0.46693897555984126,-0.46758768674135243,gate_pass,74,32
32,222,failed_recovery_attempts_mean,A,-0.0014780405405405406,0.00052684894396435515,0.00052684894396435515,0.00047819609084753985,0.092346874135723803,True,2.8054351393756232,-1,-0.0014780405405405406,-1,True,calibration__20200317T160000Z,0.36787564766839381,4.5939629389819014,-0.48288661923146214,-0.47251189192909898,gate_pass,74,32
32,222,failed_recovery_attempts_mean,AB,0.00084459459459459464,0.00052684894396435515,0.00052684894396435515,0.0005254822777350128,0.0025940380919408572,True,1.6031057939289275,1,0.00084459459459459464,1,True,calibration__20200317T160000Z,0.36787564766839381,4.5939629389819014,-0.48288661923146214,-0.46103462608471196,gate_pass,74,32
32,222,failed_recovery_attempts_mean,ABC,-0.00084459459459459464,0.00052684894396435515,0.00052684894396435515,0.0005254822777350128,0.0025940380919408572,True,1.6031057939289275,-1,-0.00084459459459459464,-1,True,calibration__20200317T160000Z,0.36787564766839381,4.5939629389819014,-0.48288661923146214,-0.46103462608471196,gate_pass,74,32
32,222,failed_recovery_attempts_mean,AC,0.0014780405405405406,0.00052684894396435515,0.00052684894396435515,0.00047819609084753985,0.092346874135723803,True,2.8054351393756232,1,0.0014780405405405406,1,True,calibration__20200317T160000Z,0.36787564766839381,4.5939629389819014,-0.48288661923146214,-0.47251189192909898,gate_pass,74,32
32,222,failed_recovery_attempts_mean,B,-0.24366554054054054,0.010497322338945805,0.0089084519663121392,0.010497322338945805,0.15135958688615717,False,23.212161413442001,-1,-0.24366554054054054,-1,True,calibration__20210827T000000Z,0.041753502111233957,46.807492938286366,-0.51156290703666141,-0.64067187717016127,gate_pass,74,32
32,222,failed_recovery_attempts_mean,BC,0.00084459459459459464,0.00052684894396435515,0.00052684894396435515,0.0005254822777350128,0.0025940380919408572,True,1.6031057939289275,1,0.00084459459459459464,1,True,calibration__20200317T160000Z,0.36787564766839381,4.5939629389819014,-0.45768631023192052,-0.41380122169579975,gate_pass,74,32
32,222,failed_recovery_attempts_mean,C,-0.0014780405405405406,0.00052684894396435515,0.00052684894396435515,0.00047819609084753985,0.092346874135723803,True,2.8054351393756232,-1,-0.0014780405405405406,-1,True,calibration__20200317T160000Z,0.36787564766839381,4.5939629389819014,-0.45768631023192052,-0.42483539541332066,gate_pass,74,32
32,222,first_six_hour_burden_mean,A,-0.00064524782998901626,0.0002313641068125644,0.00021994161975573314,0.0002313641068125644,0.049370177657180783,True,2.7888847534667622,-1,-0.00064524782998901626,-1,True,calibration__20210624T020000Z,0.26581018220592023,4.4410423028882171,-0.47722963727724016,-0.47263765044281991,gate_pass,74,32
32,222,first_six_hour_burden_mean,AB,0.00053384861443994572,0.00020760946351436855,0.00020591701331250801,0.00020760946351436855,0.0081520860042269168,True,2.5714078992502105,1,0.00053384861443994572,1,True,calibration__20210624T020000Z,0.30325082454400099,4.2097052164415789,-0.41346050405892576,-0.43207884407571151,gate_pass,74,32
32,222,first_six_hour_burden_mean,ABC,-0.00053384861443994572,0.00020760946351436855,0.00020591701331250801,0.00020760946351436855,0.0081520860042269168,True,2.5714078992502105,-1,-0.00053384861443994572,-1,True,calibration__20210624T020000Z,0.30325082454400099,4.2097052164415789,-0.41346050405892576,-0.43207884407571151,gate_pass,74,32
32,222,first_six_hour_burden_mean,AC,0.00064524782998901626,0.0002313641068125644,0.00021994161975573314,0.0002313641068125644,0.049370177657180783,True,2.7888847534667622,1,0.00064524782998901626,1,True,calibration__20210624T020000Z,0.26581018220592023,4.4410423028882171,-0.47722963727724016,-0.47263765044281991,gate_pass,74,32
32,222,first_six_hour_burden_mean,B,-0.30425210845379452,0.010273476656488702,0.007733690147866055,0.010273476656488702,0.24721782056306366,False,29.615301482349665,-1,-0.30425210845379452,-1,True,calibration__20201112T180000Z,0.024470726470796393,51.8920259688553,-0.48606581172862434,-0.67135949424024854,gate_pass,74,32
32,222,first_six_hour_burden_mean,BC,0.00053816776287136177,0.00020769459880429675,0.00020593714636034775,0.00020769459880429675,0.0084617147199142172,True,2.591149533832886,1,0.00053816776287136177,1,True,calibration__20210624T020000Z,0.30319153397863813,4.2112034957102429,-0.4135052194692565,-0.43282579069976163,gate_pass,74,32
32,222,first_six_hour_burden_mean,C,-0.00064956697842043221,0.00023137343199633329,0.00021996046913087635,0.00023137343199633329,0.04932702414008281,True,2.8074397860456437,-1,-0.00064956697842043221,-1,True,calibration__20210624T020000Z,0.26576462728251582,4.4424380832003543,-0.47727103826620204,-0.47337534801783687,gate_pass,74,32
32,222,initial_gap_q4_q1_burden_contrast,A,-0.00072311273346020114,0.00044593996061567372,0.00044593996061567372,0.00043943946155285466,0.014577072334680077,True,1.6215472873564798,-1,-0.00072311273346020114,-1,True,calibration__20210206T010000Z,0.86529895986509497,1.3243478478193413,-0.74585452365938643,-0.74169838779247776,gate_pass,74,32
32,222,initial_gap_q4_q1_burden_contrast,AB,0.00028924210447961115,0.00032903761028197834,0.00032903761028197834,0.00032757748919474023,0.0044375507285833353,True,0.87905484188186489,1,0.00028924210447961115,1,True,calibration__20210206T010000Z,0.75258122808406136,1.7012879271701737,-0.61481086190166134,-0.61063287276678557,gate_pass,74,32
32,222,initial_gap_q4_q1_burden_contrast,ABC,-0.00028924210447961115,0.00032903761028197834,0.00032903761028197834,0.00032757748919474023,0.0044375507285833353,True,0.87905484188186489,-1,-0.00028924210447961115,-1,True,calibration__20210206T010000Z,0.75258122808406136,1.7012879271701737,-0.61481086190166134,-0.61063287276678557,gate_pass,74,32
32,222,initial_gap_q4_q1_burden_contrast,AC,0.00072311273346020114,0.00044593996061567372,0.00044593996061567372,0.00043943946155285466,0.014577072334680077,True,1.6215472873564798,1,0.00072311273346020114,1,True,calibration__20210206T010000Z,0.86529895986509497,1.3243478478193413,-0.74585452365938643,-0.74169838779247776,gate_pass,74,32
32,222,initial_gap_q4_q1_burden_contrast,B,0.020266842832672771,0.021508758498344199,0.021102574539929583,0.021508758498344199,0.018884584084473546,True,0.94226000232570217,1,0.020266842832672771,1,True,calibration__20211015T090000Z,0.049277021242352351,26.758493882898261,-0.47741136778826199,-0.50035391593021383,gate_pass,74,32
32,222,initial_gap_q4_q1_burden_contrast,BC,0.00028924210447961115,0.00032903761028197834,0.00032903761028197834,0.00032757748919474023,0.0044375507285833353,True,0.87905484188186489,1,0.00028924210447961115,1,True,calibration__20210206T010000Z,0.75258122808406136,1.7012879271701737,-0.61481086190166134,-0.61063287276678591,gate_pass,74,32
32,222,initial_gap_q4_q1_burden_contrast,C,-0.00072311273346020125,0.00044593996061567372,0.00044593996061567372,0.00043943946155285466,0.014577072334680077,True,1.62154728735648,-1,-0.00072311273346020125,-1,True,calibration__20210206T010000Z,0.86529895986509497,1.3243478478193413,-0.74585452365938643,-0.74169838779247776,gate_pass,74,32
32,222,maximum_downside_deviation_mean,A,-0.00057485219594594593,0.00016920934452721334,0.00016920934452721334,0.00016121062831179404,0.047271125822090143,True,3.3972839830574162,-1,-0.00057485219594594593,-1,True,calibration__20210206T010000Z,0.34461538461538455,4.6680956379546563,-0.50822474311490118,-0.54494118807484182,gate_pass,74,32
32,222,maximum_downside_deviation_mean,AB,0.00026129645270270269,0.00017230489404885599,0.00017230489404885599,0.00015221608121262326,0.11658875359939963,True,1.5164772547239063,1,0.00026129645270270269,1,True,calibration__20210206T010000Z,0.36795252225519282,4.4608586354530813,-0.52649280604419746,-0.45719418848399851,gate_pass,74,32
32,222,maximum_downside_deviation_mean,ABC,-0.00026129645270270269,0.00017230489404885599,0.00017230489404885599,0.00015221608121262326,0.11658875359939963,True,1.5164772547239063,-1,-0.00026129645270270269,-1,True,calibration__20210206T010000Z,0.36795252225519282,4.4608586354530813,-0.52649280604419746,-0.45719418848399851,gate_pass,74,32
32,222,maximum_downside_deviation_mean,AC,0.00057485219594594593,0.00016920934452721334,0.00016920934452721334,0.00016121062831179404,0.047271125822090143,True,3.3972839830574162,1,0.00057485219594594593,1,True,calibration__20210206T010000Z,0.34461538461538455,4.6680956379546563,-0.50822474311490118,-0.54494118807484182,gate_pass,74,32
32,222,maximum_downside_deviation_mean,B,-0.31789326435810805,0.0026144981400143832,0.0024785737015565598,0.0026144981400143832,0.051988730218440936,True,121.58863664609807,-1,-0.31789326435810805,-1,True,calibration__20210409T070000Z,0.057820544075258481,30.068898068540868,-0.46020731023817624,-0.55103156790793284,gate_pass,74,32
32,222,maximum_downside_deviation_mean,BC,0.00036581503378378379,0.0001997706872370197,0.0001997706872370197,0.00017981076749692512,0.099914156657092329,True,1.8311747276003476,1,0.00036581503378378379,1,True,calibration__20200509T220000Z,0.38852097130242835,3.8839594965458493,-0.461173292757939,-0.40846429655939381,gate_pass,74,32
32,222,maximum_downside_deviation_mean,C,-0.00067937077702701911,0.00019710695888601403,0.00019710695888601403,0.00018175999266360052,0.077861108045853319,True,3.4467112722280691,-1,-0.00067937077702701911,-1,True,calibration__20200509T220000Z,0.39909297052154213,3.8893866368017909,-0.44320573581209899,-0.49511678880240867,gate_pass,74,32
32,222,recovery_completion_hours_mean,A,-1.8377322635135136,0.25813833790378132,0.25813833790378132,0.23804610522226755,0.077835136170292418,True,7.1191760140584437,-1,-1.8377322635135136,-1,True,calibration__20210206T010000Z,0.29518775193016866,5.9461187670046787,-0.49956146911128213,-0.56429447820558698,gate_pass,74,32
32,222,recovery_completion_hours_mean,AB,-0.68084881756756754,0.25673471378152252,0.25673471378152252,0.24401872497968841,0.04952968227216531,True,2.6519546482014111,-1,-0.68084881756756754,-1,True,calibration__20210206T010000Z,0.32118632789587137,5.6580873777057548,-0.51339201678029311,-0.48285699619429434,gate_pass,74,32
32,222,recovery_completion_hours_mean,ABC,0.68084881756756754,0.25673471378152252,0.25673471378152252,0.24401872497968841,0.04952968227216531,True,2.6519546482014111,1,0.68084881756756754,1,True,calibration__20210206T010000Z,0.32118632789587137,5.6580873777057548,-0.51339201678029311,-0.48285699619429434,gate_pass,74,32
32,222,recovery_completion_hours_mean,AC,1.8377322635135136,0.25813833790378132,0.25813833790378132,0.23804610522226755,0.077835136170292418,True,7.1191760140584437,1,1.8377322635135136,1,True,calibration__20210206T010000Z,0.29518775193016866,5.9461187670046787,-0.49956146911128213,-0.56429447820558698,gate_pass,74,32
32,222,recovery_completion_hours_mean,B,-434.36750422297297,3.6474098722143,3.4549114268288474,3.6474098722143,0.052776751757978059,True,119.08930431206886,-1,-434.36750422297297,-1,True,calibration__20210409T070000Z,0.05866393951830625,29.640075150981097,-0.461186908486592,-0.54825641512519641,gate_pass,74,32
32,222,recovery_completion_hours_mean,BC,-0.70977618243243246,0.29575366692708133,0.29575366692708133,0.2909232373570993,0.016332610919657618,True,2.3998897116208173,-1,-0.70977618243243246,-1,True,calibration__20200509T220000Z,0.35225340712870123,4.7135674354695798,-0.45704411651397775,-0.44919793129040736,gate_pass,74,32
32,222,recovery_completion_hours_mean,C,-2.16015625,0.29450567543903722,0.29450567543903722,0.25954245024661377,0.11871834096338443,True,7.3348544023123692,-1,-2.16015625,-1,True,calibration__20200509T220000Z,0.35358564595412223,4.8061335596002781,-0.4383057921222947,-0.53418413114240937,gate_pass,74,32
32,252,failed_recovery_attempts_mean,A,-0.0033783783783783786,0.00067146940932646471,0.00067146940932646471,0.00060677466900937473,0.096348008440151817,True,5.0313213550072984,-1,-0.0033783783783783786,-1,True,calibration__20200317T160000Z,0.24162679425837322,7.617819460726845,-0.54405754144744645,-0.42309203676115054,gate_pass,74,32
32,252,failed_recovery_attempts_mean,AB,0.0033783783783783786,0.00067146940932646471,0.00067146940932646471,0.00060677466900937473,0.096348008440151817,True,5.0313213550072984,1,0.0033783783783783786,1,True,calibration__20200317T160000Z,0.24162679425837322,7.617819460726845,-0.54405754144744645,-0.42309203676115054,gate_pass,74,32
32,252,failed_recovery_attempts_mean,ABC,-0.0033783783783783786,0.00067146940932646471,0.00067146940932646471,0.00060677466900937473,0.096348008440151817,True,5.0313213550072984,-1,-0.0033783783783783786,-1,True,calibration__20200317T160000Z,0.24162679425837322,7.617819460726845,-0.54405754144744645,-0.42309203676115054,gate_pass,74,32
32,252,failed_recovery_attempts_mean,AC,0.0033783783783783786,0.00067146940932646471,0.00067146940932646471,0.00060677466900937473,0.096348008440151817,True,5.0313213550072984,1,0.0033783783783783786,1,True,calibration__20200317T160000Z,0.24162679425837322,7.617819460726845,-0.54405754144744645,-0.42309203676115054,gate_pass,74,32
32,252,failed_recovery_attempts_mean,B,-0.21494932432432431,0.0082227815254597852,0.0082227815254597852,0.0061426570716873888,0.25297090131019673,False,26.14070721188293,-1,-0.21494932432432431,-1,True,calibration__20210308T080000Z,0.10345964457017669,28.318354720880592,-0.56730562473740453,-0.48202407248806922,gate_pass,74,32
32,252,failed_recovery_attempts_mean,BC,0.0029560810810810812,0.00074266018854908652,0.00074266018854908652,0.00063909677995531281,0.13944925309124556,True,3.9803952422120408,1,0.0029560810810810812,1,True,calibration__20200511T090000Z,0.22685788787483702,7.6889969350611995,-0.59300357794571856,-0.45863673695203527,gate_pass,74,32
32,252,failed_recovery_attempts_mean,C,-0.0029560810810810812,0.00074266018854908652,0.00074266018854908652,0.00063909677995531281,0.13944925309124556,True,3.9803952422120408,-1,-0.0029560810810810812,-1,True,calibration__20200511T090000Z,0.22685788787483702,7.6889969350611995,-0.59300357794571856,-0.45863673695203527,gate_pass,74,32
32,252,first_six_hour_burden_mean,A,-0.0021923163316784973,0.00045582143554765114,0.00040274013750373215,0.00045582143554765114,0.11645195663109599,True,4.809594636646513,-1,-0.0021923163316784973,-1,True,calibration__20200511T090000Z,0.35832578765961287,5.5232174156631251,-0.51793091919058831,-0.54497341086374151,gate_pass,74,32
32,252,first_six_hour_burden_mean,AB,0.0021923163316784973,0.00045582143554765114,0.00040274013750373215,0.00045582143554765114,0.11645195663109599,True,4.809594636646513,1,0.0021923163316784973,1,True,calibration__20200511T090000Z,0.35832578765961287,5.5232174156631251,-0.51793091919058831,-0.54497341086374151,gate_pass,74,32
32,252,first_six_hour_burden_mean,ABC,-0.0021923163316784973,0.00045582143554765114,0.00040274013750373215,0.00045582143554765114,0.11645195663109599,True,4.809594636646513,-1,-0.0021923163316784973,-1,True,calibration__20200511T090000Z,0.35832578765961287,5.5232174156631251,-0.51793091919058831,-0.54497341086374151,gate_pass,74,32
32,252,first_six_hour_burden_mean,AC,0.0021923163316784973,0.00045582143554765114,0.00040274013750373215,0.00045582143554765114,0.11645195663109599,True,4.809594636646513,1,0.0021923163316784973,1,True,calibration__20200511T090000Z,0.35832578765961287,5.5232174156631251,-0.51793091919058831,-0.54497341086374151,gate_pass,74,32
32,252,first_six_hour_burden_mean,B,-0.10717505170764786,0.0064535168796289464,0.0056502052598287507,0.0064535168796289464,0.12447656600014706,True,16.607231949133762,-1,-0.10717505170764786,-1,True,calibration__20210125T220000Z,0.045181120681470462,37.78836434321461,-0.495248494230697,-0.49327662784401932,gate_pass,74,32
32,252,first_six_hour_burden_mean,BC,0.0028079156952988951,0.00049342175719068381,0.00049342175719068381,0.00048897163716120394,0.0090188970482712495,True,5.6907010166837262,1,0.0028079156952988951,1,True,calibration__20200511T090000Z,0.57250816616135702,2.847893938439678,-0.54826943387170268,-0.54630592461135641,gate_pass,74,32
32,252,first_six_hour_burden_mean,C,-0.0028079156952988951,0.00049342175719068381,0.00049342175719068381,0.00048897163716120394,0.0090188970482712495,True,5.6907010166837262,-1,-0.0028079156952988951,-1,True,calibration__20200511T090000Z,0.57250816616135702,2.847893938439678,-0.54826943387170268,-0.54630592461135641,gate_pass,74,32
32,252,initial_gap_q4_q1_burden_contrast,A,0.0011166985579965825,0.00063452318056618083,0.00063452318056618083,0.00061342738336729217,0.03324669270563925,True,1.7599019109123164,1,0.0011166985579965825,1,True,calibration__20211210T180000Z,0.41993093974289608,2.7248039108718078,-0.42921778066387534,-0.38653919688850563,gate_pass,74,32
32,252,initial_gap_q4_q1_burden_contrast,AB,-0.0011166985579965825,0.00063452318056618083,0.00063452318056618083,0.00061342738336729217,0.03324669270563925,True,1.7599019109123164,-1,-0.0011166985579965825,-1,True,calibration__20211210T180000Z,0.41993093974289608,2.7248039108718078,-0.42921778066387534,-0.38653919688850563,gate_pass,74,32
32,252,initial_gap_q4_q1_burden_contrast,ABC,0.0011166985579965825,0.00063452318056618083,0.00063452318056618083,0.00061342738336729217,0.03324669270563925,True,1.7599019109123164,1,0.0011166985579965825,1,True,calibration__20211210T180000Z,0.41993093974289608,2.7248039108718078,-0.42921778066387534,-0.38653919688850563,gate_pass,74,32
32,252,initial_gap_q4_q1_burden_contrast,AC,-0.0011166985579965825,0.00063452318056618083,0.00063452318056618083,0.00061342738336729217,0.03324669270563925,True,1.7599019109123164,-1,-0.0011166985579965825,-1,True,calibration__20211210T180000Z,0.41993093974289608,2.7248039108718078,-0.42921778066387534,-0.38653919688850563,gate_pass,74,32
32,252,initial_gap_q4_q1_burden_contrast,B,0.071611228247508929,0.015187996930724,0.015187996930724,0.013009403741567517,0.14344177175525882,True,4.7149883275684381,1,0.071611228247508929,1,True,calibration__20210605T110000Z,0.093231324151663922,17.827774575546801,-0.49037853508413803,-0.51632497734920335,gate_pass,74,32
32,252,initial_gap_q4_q1_burden_contrast,BC,-0.0011166985579965825,0.00063452318056618083,0.00063452318056618083,0.00061342738336729217,0.03324669270563925,True,1.7599019109123164,-1,-0.0011166985579965825,-1,True,calibration__20211210T180000Z,0.41993093974289608,2.7248039108718078,-0.42921778066387534,-0.38653919688850563,gate_pass,74,32
32,252,initial_gap_q4_q1_burden_contrast,C,0.0011166985579965825,0.00063452318056618083,0.00063452318056618083,0.00061342738336729217,0.03324669270563925,True,1.7599019109123164,1,0.0011166985579965825,1,True,calibration__20211210T180000Z,0.41993093974289608,2.7248039108718078,-0.42921778066387534,-0.38653919688850563,gate_pass,74,32
32,252,maximum_downside_deviation_mean,A,-0.0055917470020525415,0.00044807912166071827,0.00044571356303004254,0.00044807912166071827,0.0052793324132314979,True,12.47937413671009,-1,-0.0055917470020525415,-1,True,calibration__20200511T090000Z,0.11308208464949229,16.013360024170289,-0.51727085435037212,-0.5007287458904045,gate_pass,74,32
32,252,maximum_downside_deviation_mean,AB,0.0025607081507011886,0.0004441294025272628,0.00042132777681013335,0.0004441294025272628,0.051340049966022636,True,5.7656803087789266,1,0.0025607081507011886,1,True,calibration__20200511T090000Z,0.12655092451644806,15.619320541916796,-0.51878239776513557,-0.48472989708707753,gate_pass,74,32
32,252,maximum_downside_deviation_mean,ABC,-0.0025607081507011886,0.0004441294025272628,0.00042132777681013335,0.0004441294025272628,0.051340049966022636,True,5.7656803087789266,-1,-0.0025607081507011886,-1,True,calibration__20200511T090000Z,0.12655092451644806,15.619320541916796,-0.51878239776513557,-0.48472989708707753,gate_pass,74,32
32,252,maximum_downside_deviation_mean,AC,0.0055917470020525415,0.00044807912166071827,0.00044571356303004254,0.00044807912166071827,0.0052793324132314979,True,12.47937413671009,1,0.0055917470020525415,1,True,calibration__20200511T090000Z,0.11308208464949229,16.013360024170289,-0.51727085435037212,-0.5007287458904045,gate_pass,74,32
32,252,maximum_downside_deviation_mean,B,-0.20595460712068292,0.0040900610315073903,0.0038400434840079557,0.0040900610315073903,0.061128072557707226,True,50.354898260473739,-1,-0.20595460712068292,-1,True,calibration__20210404T190000Z,0.024471071654318791,55.166386965988927,-0.49334898295684887,-0.52130113556864155,gate_pass,74,32
32,252,maximum_downside_deviation_mean,BC,0.0023516709885390268,0.00044253977105790192,0.00044253977105790192,0.00041712559390228614,0.057428007193257628,True,5.3140330933811919,1,0.0023516709885390268,1,True,calibration__20200511T090000Z,0.16149354209366268,13.624803077855951,-0.50897149463424884,-0.33927709669421768,gate_pass,74,32
32,252,maximum_downside_deviation_mean,C,-0.0064278956507011851,0.00049869891017232867,0.00046581641633281498,0.00049869891017232867,0.065936566470840952,True,12.889331658013818,-1,-0.0064278956507011851,-1,True,calibration__20200511T090000Z,0.14575725945404261,14.433393091909005,-0.51113571995600826,-0.46654574604047933,gate_pass,74,32
32,252,recovery_completion_hours_mean,A,-8.6227829391891895,0.641086541250105,0.63339939702686587,0.641086541250105,0.011990805809539165,True,13.450263551586886,-1,-8.6227829391891895,-1,True,calibration__20200511T090000Z,0.1080962940837648,16.490557311484725,-0.51486112366104075,-0.52221752531158083,gate_pass,74,32
32,252,recovery_completion_hours_mean,AB,2.5982896959459461,0.59340201790082803,0.57134518465634621,0.59340201790082803,0.037170135218798764,True,4.3786330642040108,1,2.5982896959459461,1,True,calibration__20200511T090000Z,0.13161612902522668,15.695934256150172,-0.51878326815730236,-0.45157335634109985,gate_pass,74,32
32,252,recovery_completion_hours_mean,ABC,-2.5982896959459461,0.59340201790082803,0.57134518465634621,0.59340201790082803,0.037170135218798764,True,4.3786330642040108,-1,-2.5982896959459461,-1,True,calibration__20200511T090000Z,0.13161612902522668,15.695934256150172,-0.51878326815730236,-0.45157335634109985,gate_pass,74,32
32,252,recovery_completion_hours_mean,AC,8.6227829391891895,0.641086541250105,0.63339939702686587,0.641086541250105,0.011990805809539165,True,13.450263551586886,1,8.6227829391891895,1,True,calibration__20200511T090000Z,0.1080962940837648,16.490557311484725,-0.51486112366104075,-0.52221752531158083,gate_pass,74,32
32,252,recovery_completion_hours_mean,B,-278.39115287162161,5.6290052699422723,5.2855900127361402,5.6290052699422723,0.061008160543017942,True,49.456545077009075,-1,-278.39115287162161,-1,True,calibration__20201107T150000Z,0.025170046839897882,54.583495942248426,-0.49362474483390156,-0.52169914583722399,gate_pass,74,32
32,252,recovery_completion_hours_mean,BC,2.1922508445945947,0.60477492478916572,0.60477492478916572,0.58432610049469957,0.033812288599093188,True,3.6249036703346267,1,2.1922508445945947,1,True,calibration__20200511T090000Z,0.16648021428833357,13.402483452729832,-0.51153610176318487,-0.32827192781989939,gate_pass,74,32
32,252,recovery_completion_hours_mean,C,-9.9194467905405403,0.70094695888303138,0.66086447831109218,0.70094695888303138,0.057183329015095777,True,14.151494153491036,-1,-9.9194467905405403,-1,True,calibration__20200511T090000Z,0.13883501224949829,14.945038673172105,-0.50817598787038831,-0.48628092342266704,gate_pass,74,32
48,0,failed_recovery_attempts_mean,A,-0.0043637387387387384,0.00093147414247089701,0.00093147414247089701,0.00088814732483262753,0.046514246249861071,True,4.684766371681734,-1,-0.003272804054054054,-1,True,calibration__20210920T030000Z,0.60447035957240047,1.9824981753573714,-0.27259954495662952,-0.2802914989834841,gate_pass,74,48
48,0,failed_recovery_attempts_mean,AB,0.0043637387387387384,0.00093147414247089701,0.00093147414247089701,0.00088814732483262753,0.046514246249861071,True,4.684766371681734,1,0.003272804054054054,1,True,calibration__20210920T030000Z,0.60447035957240047,1.9824981753573714,-0.27259954495662952,-0.2802914989834841,gate_pass,74,48
48,0,failed_recovery_attempts_mean,ABC,-0.0043637387387387384,0.00093147414247089701,0.00093147414247089701,0.00088814732483262753,0.046514246249861071,True,4.684766371681734,-1,-0.003272804054054054,-1,True,calibration__20210920T030000Z,0.60447035957240047,1.9824981753573714,-0.27259954495662952,-0.2802914989834841,gate_pass,74,48
48,0,failed_recovery_attempts_mean,AC,0.0043637387387387384,0.00093147414247089701,0.00093147414247089701,0.00088814732483262753,0.046514246249861071,True,4.684766371681734,1,0.003272804054054054,1,True,calibration__20210920T030000Z,0.60447035957240047,1.9824981753573714,-0.27259954495662952,-0.2802914989834841,gate_pass,74,48
48,0,failed_recovery_attempts_mean,B,-0.022663288288288289,0.0028341211083262171,0.0028341211083262171,0.0026952767156917944,0.048990282111275707,True,7.9965842750004548,-1,-0.020164695945945946,-1,True,calibration__20201206T020000Z,0.11400377913079997,20.567824190769763,-0.39501618732521826,-0.43146909976877923,gate_pass,74,48
48,0,failed_recovery_attempts_mean,BC,0.0046452702702702705,0.00095648460700119341,0.00095648460700119341,0.00090320972059213097,0.055698634373314029,True,4.8566074521933995,1,0.0036951013513513513,1,True,calibration__20210920T030000Z,0.57327188940092166,2.0290604774339789,-0.23597496261765044,-0.25211018718517314,gate_pass,74,48
48,0,failed_recovery_attempts_mean,C,-0.0046452702702702705,0.00095648460700119341,0.00095648460700119341,0.00090320972059213097,0.055698634373314029,True,4.8566074521933995,-1,-0.0036951013513513513,-1,True,calibration__20210920T030000Z,0.57327188940092166,2.0290604774339789,-0.23597496261765044,-0.25211018718517314,gate_pass,74,48
48,0,first_six_hour_burden_mean,A,0,0,0,0,0,True,0,0,0,0,True,calibration__20200128T020000Z,0,74,,,gate_pass,74,48
48,0,first_six_hour_burden_mean,AB,0,0,0,0,0,True,0,0,0,0,True,calibration__20200128T020000Z,0,74,,,gate_pass,74,48
48,0,first_six_hour_burden_mean,ABC,0,0,0,0,0,True,0,0,0,0,True,calibration__20200128T020000Z,0,74,,,gate_pass,74,48
48,0,first_six_hour_burden_mean,AC,0,0,0,0,0,True,0,0,0,0,True,calibration__20200128T020000Z,0,74,,,gate_pass,74,48
48,0,first_six_hour_burden_mean,B,-0.00011189830521697248,6.1934635580983358e-05,6.1241424100748313e-05,6.1934635580983358e-05,0.011192630322796177,True,1.8067161317298548,-1,-0.00014650645182063865,-1,True,calibration__20210302T170000Z,0.84773954817422559,1.38057232814435,-0.34023111235805509,-0.47647159987205989,gate_pass,74,48
48,0,first_six_hour_burden_mean,BC,0,0,0,0,0,True,0,0,0,0,True,calibration__20200128T020000Z,0,74,,,gate_pass,74,48
48,0,first_six_hour_burden_mean,C,0,0,0,0,0,True,0,0,0,0,True,calibration__20200128T020000Z,0,74,,,gate_pass,74,48
48,0,initial_gap_q4_q1_burden_contrast,A,0,0,0,0,0,True,0,0,0,0,True,calibration__20200509T220000Z,0,38,,,gate_pass,74,48
48,0,initial_gap_q4_q1_burden_contrast,AB,0,0,0,0,0,True,0,0,0,0,True,calibration__20200509T220000Z,0,38,,,gate_pass,74,48
48,0,initial_gap_q4_q1_burden_contrast,ABC,0,0,0,0,0,True,0,0,0,0,True,calibration__20200509T220000Z,0,38,,,gate_pass,74,48
48,0,initial_gap_q4_q1_burden_contrast,AC,0,0,0,0,0,True,0,0,0,0,True,calibration__20200509T220000Z,0,38,,,gate_pass,74,48
48,0,initial_gap_q4_q1_burden_contrast,B,-0.00010144544235513405,7.1281878565179806e-05,7.1281878565179806e-05,7.0500025711608562e-05,0.010968465889353936,True,1.4231589346003672,-1,-9.1078439945746782e-05,-1,True,calibration__20210421T210000Z,0.67255990513947084,1.7892382411764778,-0.49550320482661142,-0.49927436246412765,gate_pass,74,48
48,0,initial_gap_q4_q1_burden_contrast,BC,0,0,0,0,0,True,0,0,0,0,True,calibration__20200509T220000Z,0,38,,,gate_pass,74,48
48,0,initial_gap_q4_q1_burden_contrast,C,0,0,0,0,0,True,0,0,0,0,True,calibration__20200509T220000Z,0,38,,,gate_pass,74,48
48,0,maximum_downside_deviation_mean,A,-0.0016734007064941993,0.00011133812153473952,0.0001063418252439979,0.00011133812153473952,0.044874982816938268,True,15.029898865071726,-1,-0.0016212559674340645,-1,True,calibration__20210616T110000Z,0.49097827599339927,2.4158765747881374,-0.3741196092937587,-0.36733046307910083,gate_pass,74,48
48,0,maximum_downside_deviation_mean,AB,0.0016734007064941993,0.00011133812153473952,0.0001063418252439979,0.00011133812153473952,0.044874982816938268,True,15.029898865071726,1,0.0016212559674340645,1,True,calibration__20210616T110000Z,0.49097827599339927,2.4158765747881374,-0.3741196092937587,-0.36733046307910083,gate_pass,74,48
48,0,maximum_downside_deviation_mean,ABC,-0.0016734007064941993,0.00011133812153473952,0.0001063418252439979,0.00011133812153473952,0.044874982816938268,True,15.029898865071726,-1,-0.0016212559674340645,-1,True,calibration__20210616T110000Z,0.49097827599339927,2.4158765747881374,-0.3741196092937587,-0.36733046307910083,gate_pass,74,48
48,0,maximum_downside_deviation_mean,AC,0.0016734007064941993,0.00011133812153473952,0.0001063418252439979,0.00011133812153473952,0.044874982816938268,True,15.029898865071726,1,0.0016212559674340645,1,True,calibration__20210616T110000Z,0.49097827599339927,2.4158765747881374,-0.3741196092937587,-0.36733046307910083,gate_pass,74,48
48,0,maximum_downside_deviation_mean,B,-0.001977042573850112,0.0001083176806507108,0.0001083176806507108,0.00010310079258662739,0.048162848694168162,True,18.252260960289849,-1,-0.0019601949909758094,-1,True,calibration__20210616T110000Z,0.50843540338162063,2.3863137775750829,-0.3489429974306939,-0.36362472912119037,gate_pass,74,48
48,0,maximum_downside_deviation_mean,BC,0.0019521754122524683,0.00010826861047853999,0.00010826861047853999,0.00010358701331541788,0.043240576769478851,True,18.030853112679509,1,0.0019348920103173703,1,True,calibration__20210616T110000Z,0.50893430715503896,2.3815093070793094,-0.34886024521770143,-0.36624351161462132,gate_pass,74,48
48,0,maximum_downside_deviation_mean,C,-0.0019521754122524683,0.00010826861047853999,0.00010826861047853999,0.00010358701331541788,0.043240576769478851,True,18.030853112679509,-1,-0.0019348920103173703,-1,True,calibration__20210616T110000Z,0.50893430715503896,2.3815093070793094,-0.34886024521770143,-0.36624351161462132,gate_pass,74,48
48,0,recovery_completion_hours_mean,A,-5.6271114864864868,0.23636399335974959,0.23308978371180714,0.23636399335974959,0.013852404511371801,True,23.806974177839084,-1,-5.442461993243243,-1,True,calibration__20210616T110000Z,0.32106108651952925,4.3582255974113968,-0.46204533878198945,-0.48360100563054015,gate_pass,74,48
48,0,recovery_completion_hours_mean,AB,1.0337837837837838,0.083476222856823226,0.080375833409769226,0.083476222856823226,0.037140988666577869,True,12.384170586598167,1,0.95956503378378377,1,True,calibration__20210920T030000Z,0.58158373090647197,1.9654458545026268,-0.37917466256904125,-0.36895078552178467,gate_pass,74,48
48,0,recovery_completion_hours_mean,ABC,-1.0337837837837838,0.083476222856823226,0.080375833409769226,0.083476222856823226,0.037140988666577869,True,12.384170586598167,-1,-0.95956503378378377,-1,True,calibration__20210920T030000Z,0.58158373090647197,1.9654458545026268,-0.37917466256904125,-0.36895078552178467,gate_pass,74,48
48,0,recovery_completion_hours_mean,AC,5.6271114864864868,0.23636399335974959,0.23308978371180714,0.23636399335974959,0.013852404511371801,True,23.806974177839084,1,5.442461993243243,1,True,calibration__20210616T110000Z,0.32106108651952925,4.3582255974113968,-0.46204533878198945,-0.48360100563054015,gate_pass,74,48
48,0,recovery_completion_hours_mean,B,-1.3666948198198199,0.085244590162680003,0.085244590162680003,0.082040052286641019,0.037592272658282168,True,16.032628196248371,-1,-1.3014146959459461,-1,True,calibration__20210920T030000Z,0.51510054196332966,2.4484307596416195,-0.33781981606920558,-0.34573044500400674,gate_pass,74,48
48,0,recovery_completion_hours_mean,BC,1.2259290540540539,0.080899307060431969,0.080899307060431969,0.077070436291818409,0.047328845051211432,True,15.153764582164865,1,1.1814822635135136,1,True,calibration__20210920T030000Z,0.57408159546157778,1.9761211400297702,-0.35649575281592927,-0.36419955927900993,gate_pass,74,48
48,0,recovery_completion_hours_mean,C,-6.5920608108108096,0.25025451765451062,0.23779701844580456,0.25025451765451062,0.049779317973808926,True,26.341425811587115,-1,-6.5520481418918921,-1,True,calibration__20210616T110000Z,0.31880426233288306,4.2176413062370699,-0.46014097110787688,-0.51422509092086777,gate_pass,74,48
48,36,failed_recovery_attempts_mean,A,-0.0030968468468468473,0.00084059175407995594,0.00081227911917691948,0.00084059175407995594,0.033681789960008812,True,3.6841270828743813,-1,-0.0019003378378378379,-1,True,calibration__20210616T110000Z,0.65686900958466454,2.1315694599134876,-0.20074085236218731,-0.19643408200878429,gate_pass,74,48
48,36,failed_recovery_attempts_mean,AB,0.0030968468468468473,0.00084059175407995594,0.00081227911917691948,0.00084059175407995594,0.033681789960008812,True,3.6841270828743813,1,0.0019003378378378379,1,True,calibration__20210616T110000Z,0.65686900958466454,2.1315694599134876,-0.20074085236218731,-0.19643408200878429,gate_pass,74,48
48,36,failed_recovery_attempts_mean,ABC,-0.0030968468468468473,0.00084059175407995594,0.00081227911917691948,0.00084059175407995594,0.033681789960008812,True,3.6841270828743813,-1,-0.0019003378378378379,-1,True,calibration__20210616T110000Z,0.65686900958466454,2.1315694599134876,-0.20074085236218731,-0.19643408200878429,gate_pass,74,48
48,36,failed_recovery_attempts_mean,AC,0.0030968468468468473,0.00084059175407995594,0.00081227911917691948,0.00084059175407995594,0.033681789960008812,True,3.6841270828743813,1,0.0019003378378378379,1,True,calibration__20210616T110000Z,0.65686900958466454,2.1315694599134876,-0.20074085236218731,-0.19643408200878429,gate_pass,74,48
48,36,failed_recovery_attempts_mean,B,-0.036458333333333329,0.0046694849412434953,0.0046694849412434953,0.0045908598035240772,0.016838075014431884,True,7.8077847540128023,-1,-0.034839527027027029,-1,True,calibration__20210206T010000Z,0.14354770099385128,17.139119486415971,-0.4355200604809113,-0.44393895151097518,gate_pass,74,48
48,36,failed_recovery_attempts_mean,BC,0.0049268018018018018,0.0015561638913165381,0.0015561638913165381,0.0015286939878489741,0.017652320312048924,True,3.1659915959325167,1,0.0031672297297297299,1,True,calibration__20210616T110000Z,0.90651114206128136,1.2127707318585619,-0.061045400676039398,-0.06148609083085229,gate_pass,74,48
48,36,failed_recovery_attempts_mean,C,-0.0049268018018018018,0.0015561638913165381,0.0015561638913165381,0.0015286939878489741,0.017652320312048924,True,3.1659915959325167,-1,-0.0031672297297297299,-1,True,calibration__20210616T110000Z,0.90651114206128136,1.2127707318585619,-0.061045400676039398,-0.06148609083085229,gate_pass,74,48
48,36,first_six_hour_burden_mean,A,-7.4806516703681244e-06,7.2278343047188349e-06,7.2278343047188349e-06,7.2223590622590706e-06,0.00075752185633112075,True,1.0349783012436011,-1,-1.1220977505552186e-05,-1,True,calibration__20200511T090000Z,0.99873174042648771,1.0025397361013411,-0.99972257834737155,-0.99976465911202428,gate_pass,74,48
48,36,first_six_hour_burden_mean,AB,7.4806516703681244e-06,7.2278343047188349e-06,7.2278343047188349e-06,7.2223590622590706e-06,0.00075752185633112075,True,1.0349783012436011,1,1.1220977505552186e-05,1,True,calibration__20200511T090000Z,0.99873174042648771,1.0025397361013411,-0.99972257834737155,-0.99976465911202428,gate_pass,74,48
48,36,first_six_hour_burden_mean,ABC,-7.4806516703681244e-06,7.2278343047188349e-06,7.2278343047188349e-06,7.2223590622590706e-06,0.00075752185633112075,True,1.0349783012436011,-1,-1.1220977505552186e-05,-1,True,calibration__20200511T090000Z,0.99873174042648771,1.0025397361013411,-0.99972257834737155,-0.99976465911202428,gate_pass,74,48
48,36,first_six_hour_burden_mean,AC,7.4806516703681244e-06,7.2278343047188349e-06,7.2278343047188349e-06,7.2223590622590706e-06,0.00075752185633112075,True,1.0349783012436011,1,1.1220977505552186e-05,1,True,calibration__20200511T090000Z,0.99873174042648771,1.0025397361013411,-0.99972257834737155,-0.99976465911202428,gate_pass,74,48
48,36,first_six_hour_burden_mean,B,-0.00017706822561346309,9.4320788294005136e-05,8.6814165826852249e-05,9.4320788294005136e-05,0.079586087043231335,True,1.8772979829380543,-1,-0.00024385873903430547,-1,True,calibration__20210302T170000Z,0.79809650985153391,1.539089923631149,-0.029966747368045141,-0.23783123287397143,gate_pass,74,48
48,36,first_six_hour_burden_mean,BC,7.4806516703681252e-06,7.2278343047188358e-06,7.2278343047188358e-06,7.2223590622590714e-06,0.00075752185633112064,True,1.0349783012436011,1,1.1220977505552189e-05,1,True,calibration__20200511T090000Z,0.99873174042648771,1.0025397361013411,-0.99972257834737155,-0.99976465911202428,gate_pass,74,48
48,36,first_six_hour_burden_mean,C,-7.4806516703681252e-06,7.2278343047188358e-06,7.2278343047188358e-06,7.2223590622590714e-06,0.00075752185633112064,True,1.0349783012436011,-1,-1.1220977505552189e-05,-1,True,calibration__20200511T090000Z,0.99873174042648771,1.0025397361013411,-0.99972257834737155,-0.99976465911202428,gate_pass,74,48
48,36,initial_gap_q4_q1_burden_contrast,A,0,0,0,0,0,True,0,0,0,0,True,calibration__20200509T220000Z,0,38,,,gate_pass,74,48
48,36,initial_gap_q4_q1_burden_contrast,AB,0,0,0,0,0,True,0,0,0,0,True,calibration__20200509T220000Z,0,38,,,gate_pass,74,48
48,36,initial_gap_q4_q1_burden_contrast,ABC,0,0,0,0,0,True,0,0,0,0,True,calibration__20200509T220000Z,0,38,,,gate_pass,74,48
48,36,initial_gap_q4_q1_burden_contrast,AC,0,0,0,0,0,True,0,0,0,0,True,calibration__20200509T220000Z,0,38,,,gate_pass,74,48
48,36,initial_gap_q4_q1_burden_contrast,B,-0.00016255686737824283,0.00011667983205520254,0.00011667983205520254,0.00011550592311171706,0.010060941319576933,True,1.3931873616456301,-1,-0.00017758959327448162,-1,True,calibration__20210421T210000Z,0.87814098385991035,1.2751681588844832,0.13891015618320432,0.14085474406836665,gate_pass,74,48
48,36,initial_gap_q4_q1_burden_contrast,BC,0,0,0,0,0,True,0,0,0,0,True,calibration__20200509T220000Z,0,38,,,gate_pass,74,48
48,36,initial_gap_q4_q1_burden_contrast,C,0,0,0,0,0,True,0,0,0,0,True,calibration__20200509T220000Z,0,38,,,gate_pass,74,48
48,36,maximum_downside_deviation_mean,A,-5.5775132521886628e-06,1.4316606537997248e-06,1.3944724871064301e-06,1.4316606537997248e-06,0.025975545667609665,True,3.8958346989459849,-1,-3.6904626076047939e-06,-1,True,calibration__20210616T110000Z,0.87266355046152388,1.307402333502814,-0.19671940905389687,-0.15491057444800074,gate_pass,74,48
48,36,maximum_downside_deviation_mean,AB,5.5775132521886628e-06,1.4316606537997248e-06,1.3944724871064301e-06,1.4316606537997248e-06,0.025975545667609665,True,3.8958346989459849,1,3.6904626076047939e-06,1,True,calibration__20210616T110000Z,0.87266355046152388,1.307402333502814,-0.19671940905389687,-0.15491057444800074,gate_pass,74,48
48,36,maximum_downside_deviation_mean,ABC,-5.5775132521886628e-06,1.4316606537997248e-06,1.3944724871064301e-06,1.4316606537997248e-06,0.025975545667609665,True,3.8958346989459849,-1,-3.6904626076047939e-06,-1,True,calibration__20210616T110000Z,0.87266355046152388,1.307402333502814,-0.19671940905389687,-0.15491057444800074,gate_pass,74,48
48,36,maximum_downside_deviation_mean,AC,5.5775132521886628e-06,1.4316606537997248e-06,1.3944724871064301e-06,1.4316606537997248e-06,0.025975545667609665,True,3.8958346989459849,1,3.6904626076047939e-06,1,True,calibration__20210616T110000Z,0.87266355046152388,1.307402333502814,-0.19671940905389687,-0.15491057444800074,gate_pass,74,48
48,36,maximum_downside_deviation_mean,B,-4.2161626525561735e-05,5.1333586236258347e-06,5.1333586236258347e-06,4.9786166187202533e-06,0.030144397898365191,True,8.2132634044924373,-1,-4.1218766339449558e-05,-1,True,calibration__20210328T190000Z,0.16915658471018979,12.377341576908721,-0.62959712636572374,-0.61276752864237249,gate_pass,74,48
48,36,maximum_downside_deviation_mean,BC,6.2473551626981596e-06,1.4563292420579696e-06,1.4294935445140009e-06,1.4563292420579696e-06,0.018426944106434751,True,4.2897958664002998,1,4.4761446785613574e-06,1,True,calibration__20210616T110000Z,0.87588847930323399,1.2981454821317162,-0.20652935865279631,-0.17873903053466031,gate_pass,74,48
48,36,maximum_downside_deviation_mean,C,-6.2473551626981596e-06,1.4563292420579696e-06,1.4294935445140009e-06,1.4563292420579696e-06,0.018426944106434751,True,4.2897958664002998,-1,-4.4761446785613574e-06,-1,True,calibration__20210616T110000Z,0.87588847930323399,1.2981454821317162,-0.20652935865279631,-0.17873903053466031,gate_pass,74,48
48,36,recovery_completion_hours_mean,A,-4.6494228603603602,0.20100103572686601,0.19817706151982337,0.20100103572686601,0.014049550525103014,True,23.131337823941937,-1,-4.5147804054054053,-1,True,calibration__20210920T030000Z,0.24092412168163968,5.3352616091708187,-0.4412109020144569,-0.47052652121202831,gate_pass,74,48
48,36,recovery_completion_hours_mean,AB,0.05609515765765765,0.023303465262218659,0.023303465262218659,0.02294388960035109,0.015430137012736034,True,2.4071594943694219,1,0.031883445945945943,1,True,calibration__20210616T110000Z,0.82151654111537209,1.464996369610692,-0.1867409867907017,-0.24648467174626534,gate_pass,74,48
48,36,recovery_completion_hours_mean,ABC,-0.05609515765765765,0.023303465262218659,0.023303465262218659,0.02294388960035109,0.015430137012736034,True,2.4071594943694219,-1,-0.031883445945945943,-1,True,calibration__20210616T110000Z,0.82151654111537209,1.464996369610692,-0.1867409867907017,-0.24648467174626534,gate_pass,74,48
48,36,recovery_completion_hours_mean,AC,4.6494228603603602,0.20100103572686601,0.19817706151982337,0.20100103572686601,0.014049550525103014,True,23.131337823941937,1,4.5147804054054053,1,True,calibration__20210920T030000Z,0.24092412168163968,5.3352616091708187,-0.4412109020144569,-0.47052652121202831,gate_pass,74,48
48,36,recovery_completion_hours_mean,B,-0.36493524774774772,0.074487837274719429,0.074487837274719429,0.074116253111905187,0.0049885212997096253,True,4.8992595449083307,-1,-0.359375,-1,True,calibration__20210125T220000Z,0.41281605432746005,4.7406284820189351,-0.50383086890340412,-0.45064373648894879,gate_pass,74,48
48,36,recovery_completion_hours_mean,BC,0.05609515765765765,0.02338111147034445,0.02338111147034445,0.023059142618392706,0.013770468198661767,True,2.3991655712691942,1,0.030405405405405407,1,True,calibration__20210616T110000Z,0.81555101619805137,1.4840766826369893,-0.20569795350194139,-0.25795841964907679,gate_pass,74,48
48,36,recovery_completion_hours_mean,C,-5.4222269144144146,0.2200352145255772,0.20069779865797199,0.2200352145255772,0.087883277725790562,True,24.642541540931973,-1,-5.4009712837837842,-1,True,calibration__20210920T030000Z,0.26776750498762575,5.1654156675690022,-0.44983344360147653,-0.51218271583860642,gate_pass,74,48
48,42,failed_recovery_attempts_mean,A,0.00063344594594594598,0.00027104070085447554,0.00027104070085447554,0.00025951863704061566,0.042510456095839977,True,2.337087913176735,1,0.00063344594594594598,1,True,calibration__20200511T090000Z,0.34289813486370158,4.7439042252970989,-0.035051263628076201,0.03540660517176486,gate_pass,74,48
48,42,failed_recovery_attempts_mean,AB,-0.00063344594594594598,0.00027104070085447554,0.00027104070085447554,0.00025951863704061566,0.042510456095839977,True,2.337087913176735,-1,-0.00063344594594594598,-1,True,calibration__20200511T090000Z,0.34289813486370158,4.7439042252970989,-0.035051263628076201,0.03540660517176486,gate_pass,74,48
48,42,failed_recovery_attempts_mean,ABC,0.00063344594594594598,0.00027104070085447554,0.00027104070085447554,0.00025951863704061566,0.042510456095839977,True,2.337087913176735,1,0.00063344594594594598,1,True,calibration__20200511T090000Z,0.34289813486370158,4.7439042252970989,-0.035051263628076201,0.03540660517176486,gate_pass,74,48
48,42,failed_recovery_attempts_mean,AC,-0.00063344594594594598,0.00027104070085447554,0.00027104070085447554,0.00025951863704061566,0.042510456095839977,True,2.337087913176735,-1,-0.00063344594594594598,-1,True,calibration__20200511T090000Z,0.34289813486370158,4.7439042252970989,-0.035051263628076201,0.03540660517176486,gate_pass,74,48
48,42,failed_recovery_attempts_mean,B,-0.20967060810810811,0.006359791569773521,0.0059891128579779313,0.006359791569773521,0.05828472642992448,True,32.968157180593685,-1,-0.2117820945945946,-1,True,calibration__20201119T090000Z,0.028584777313183735,46.875530387669968,-0.49519989236657869,-0.52058685858528664,gate_pass,74,48
48,42,failed_recovery_attempts_mean,BC,-0.00063344594594594598,0.00027104070085447554,0.00027104070085447554,0.00025951863704061566,0.042510456095839977,True,2.337087913176735,-1,-0.00063344594594594598,-1,True,calibration__20200511T090000Z,0.34289813486370158,4.7439042252970989,-0.0080608775323919371,0.098710252512079683,finite_replication_instability,74,48
48,42,failed_recovery_attempts_mean,C,0.00063344594594594598,0.00027104070085447554,0.00027104070085447554,0.00025951863704061566,0.042510456095839977,True,2.337087913176735,1,0.00063344594594594598,1,True,calibration__20200511T090000Z,0.34289813486370158,4.7439042252970989,-0.0080608775323919371,0.098710252512079683,finite_replication_instability,74,48
48,42,first_six_hour_burden_mean,A,-0.0013408017037856482,0.0002815162170826285,0.0002815162170826285,0.00025188779845493358,0.1052458680168987,True,4.7627867327874265,-1,-0.0012179956865890731,-1,True,calibration__20210206T010000Z,0.23406801765851046,5.4154333739787806,-0.37215819557851171,-0.30655373011667741,gate_pass,74,48
48,42,first_six_hour_burden_mean,AB,0.00077773864072258505,0.0002815162170826285,0.0002815162170826285,0.00026184685412469706,0.069869377905707783,True,2.762677933024047,1,0.00037340109199447832,1,True,calibration__20210206T010000Z,0.23406801765851046,5.4154333739787806,-0.37215819557851171,-0.36145219933357026,gate_pass,74,48
48,42,first_six_hour_burden_mean,ABC,-0.00077773864072258505,0.0002815162170826285,0.0002815162170826285,0.00026184685412469706,0.069869377905707783,True,2.762677933024047,-1,-0.00037340109199447832,-1,True,calibration__20210206T010000Z,0.23406801765851046,5.4154333739787806,-0.37215819557851171,-0.36145219933357026,gate_pass,74,48
48,42,first_six_hour_burden_mean,AC,0.0013408017037856482,0.0002815162170826285,0.0002815162170826285,0.00025188779845493358,0.1052458680168987,True,4.7627867327874265,1,0.0012179956865890731,1,True,calibration__20210206T010000Z,0.23406801765851046,5.4154333739787806,-0.37215819557851171,-0.30655373011667741,gate_pass,74,48
48,42,first_six_hour_burden_mean,B,-0.44398247109219208,0.0067823221222739942,0.0060612988633488478,0.0067823221222739942,0.10630920294351927,True,65.461719907713928,-1,-0.44412375462483755,-1,True,calibration__20210314T050000Z,0.025922004704411791,49.191579253597801,-0.49004382364161642,-0.6641305280977462,gate_pass,74,48
48,42,first_six_hour_burden_mean,BC,0.0010198631668626116,0.00033287743265120699,0.00033287743265120699,0.0003153826087111955,0.052556353251927361,True,3.0637798385426644,1,0.00052543923255586958,1,True,calibration__20200511T090000Z,0.30069563191271254,4.8806971681888367,-0.47703209134514518,-0.49998941093789617,gate_pass,74,48
48,42,first_six_hour_burden_mean,C,-0.0015829262299256745,0.00033287743265120699,0.00033287743265120699,0.00029757107162386152,0.10606414723325479,True,4.7552824993825391,-1,-0.0013700338271504641,-1,True,calibration__20200511T090000Z,0.30069563191271254,4.8806971681888367,-0.47703209134514518,-0.46521891058753317,gate_pass,74,48
48,42,initial_gap_q4_q1_burden_contrast,A,-0.00082237442988989371,0.00072305283019260278,0.00070966189740352215,0.00072305283019260278,0.018519992218982984,True,1.1373642361248129,-1,-0.0020559300658874722,-1,True,calibration__20210206T010000Z,0.55873023645200592,2.3824097147011698,-0.59124022595698122,-0.58148372923998182,gate_pass,74,48
48,42,initial_gap_q4_q1_burden_contrast,AB,-0.001370608026250457,0.00070966189740352215,0.00070966189740352215,0.00070514200950969746,0.006369072244630629,True,1.9313535519733747,-1,-0.0012335436183230544,-1,True,calibration__20210206T010000Z,0.55873023645200592,2.3824097147011698,-0.59124022595698122,-0.5971978104055079,gate_pass,74,48
48,42,initial_gap_q4_q1_burden_contrast,ABC,0.001370608026250457,0.00070966189740352215,0.00070966189740352215,0.00070514200950969746,0.006369072244630629,True,1.9313535519733747,1,0.0012335436183230544,1,True,calibration__20210206T010000Z,0.55873023645200592,2.3824097147011698,-0.59124022595698122,-0.5971978104055079,gate_pass,74,48
48,42,initial_gap_q4_q1_burden_contrast,AC,0.00082237442988989371,0.00072305283019260278,0.00070966189740352215,0.00072305283019260278,0.018519992218982984,True,1.1373642361248129,1,0.0020559300658874722,1,True,calibration__20210206T010000Z,0.55873023645200592,2.3824097147011698,-0.59124022595698122,-0.58148372923998182,gate_pass,74,48
48,42,initial_gap_q4_q1_burden_contrast,B,-0.051975537953913686,0.019782930866762242,0.017065269998050813,0.019782930866762242,0.13737402647842409,True,2.6272920986262447,-1,-0.041142156243924199,-1,True,calibration__20210314T050000Z,0.049605506841986197,25.323964145179794,-0.47967803233443607,-0.62121010317206005,gate_pass,74,48
48,42,initial_gap_q4_q1_burden_contrast,BC,-0.001370608026250457,0.00070966189740352215,0.00070966189740352215,0.00070514200950969746,0.006369072244630629,True,1.9313535519733747,-1,-0.0012335436183230544,-1,True,calibration__20210206T010000Z,0.55873023645200592,2.3824097147011698,-0.59124022595698122,-0.5971978104055079,gate_pass,74,48
48,42,initial_gap_q4_q1_burden_contrast,C,-0.00082237442988989382,0.00072305283019260278,0.00070966189740352215,0.00072305283019260278,0.018519992218982984,True,1.1373642361248131,-1,-0.0020559300658874722,-1,True,calibration__20210206T010000Z,0.55873023645200592,2.3824097147011698,-0.59124022595698122,-0.58148372923998182,gate_pass,74,48
48,42,maximum_downside_deviation_mean,A,-0.00010451858108108108,6.0343830922479885e-05,6.0343830922479885e-05,5.904596241948604e-05,0.021507890419836608,True,1.7320508075688774,-1,-5.2259290540540542e-05,-1,True,calibration__20200511T090000Z,0.33333333333333337,2.9999999999999996,-0.37488160698099715,-0.33057996358356717,gate_pass,74,48
48,42,maximum_downside_deviation_mean,AB,0.00010451858108108108,6.0343830922479885e-05,6.0343830922479885e-05,5.904596241948604e-05,0.021507890419836608,True,1.7320508075688774,1,5.2259290540540542e-05,1,True,calibration__20200511T090000Z,0.33333333333333337,2.9999999999999996,-0.37488160698099715,-0.33057996358356717,gate_pass,74,48
48,42,maximum_downside_deviation_mean,ABC,-0.00010451858108108108,6.0343830922479885e-05,6.0343830922479885e-05,5.904596241948604e-05,0.021507890419836608,True,1.7320508075688774,-1,-5.2259290540540542e-05,-1,True,calibration__20200511T090000Z,0.33333333333333337,2.9999999999999996,-0.37488160698099715,-0.33057996358356717,gate_pass,74,48
48,42,maximum_downside_deviation_mean,AC,0.00010451858108108108,6.0343830922479885e-05,6.0343830922479885e-05,5.904596241948604e-05,0.021507890419836608,True,1.7320508075688774,1,5.2259290540540542e-05,1,True,calibration__20200511T090000Z,0.33333333333333337,2.9999999999999996,-0.37488160698099715,-0.33057996358356717,gate_pass,74,48
48,42,maximum_downside_deviation_mean,B,-0.33519108952702703,0.0012616650360111534,0.0012616650360111534,0.0010987062946897911,0.12916165279222475,True,265.6735979517656,-1,-0.33597497888513511,-1,True,calibration__20210409T070000Z,0.098642049418368849,18.571248509391435,-0.45990735744153699,-0.49838173536390873,gate_pass,74,48
48,42,maximum_downside_deviation_mean,BC,0.00017419763513513512,9.1614665871229216e-05,9.1614665871229216e-05,8.9619706243639183e-05,0.021775548801259474,True,1.9014164760474268,1,5.2259290540540542e-05,1,True,calibration__20200511T090000Z,0.71076923076923071,1.8280863289430422,-0.18308271358193906,-0.16970789980427003,gate_pass,74,48
48,42,maximum_downside_deviation_mean,C,-0.00017419763513512688,9.1614665871229216e-05,9.1614665871229216e-05,8.9619706243639183e-05,0.021775548801259474,True,1.9014164760473369,-1,-5.2259290540532289e-05,-1,True,calibration__20200511T090000Z,0.71076923076923071,1.8280863289430422,-0.18308271358193906,-0.16970789980427003,gate_pass,74,48
48,42,recovery_completion_hours_mean,A,-1.2084037162162162,0.11320385614596619,0.11320385614596619,0.097403460348630413,0.13957471357656392,True,10.674580861080283,-1,-1.1059966216216217,-1,True,calibration__20210317T020000Z,0.19267309053080506,5.71968899966412,-0.40955334032278456,-0.30606526936382134,gate_pass,74,48
48,42,recovery_completion_hours_mean,AB,-0.91701858108108103,0.11858725126207929,0.11191722931686304,0.11858725126207929,0.05624569145696294,True,7.7328597410058739,-1,-0.96051520270270274,-1,True,calibration__20210228T030000Z,0.19103362303008617,5.7362280834158215,-0.39667193961115155,-0.43302381896275843,gate_pass,74,48
48,42,recovery_completion_hours_mean,ABC,0.91701858108108103,0.11858725126207929,0.11191722931686304,0.11858725126207929,0.05624569145696294,True,7.7328597410058739,1,0.96051520270270274,1,True,calibration__20210228T030000Z,0.19103362303008617,5.7362280834158215,-0.39667193961115155,-0.43302381896275843,gate_pass,74,48
48,42,recovery_completion_hours_mean,AC,1.2084037162162162,0.11320385614596619,0.11320385614596619,0.097403460348630413,0.13957471357656392,True,10.674580861080283,1,1.1059966216216217,1,True,calibration__20210317T020000Z,0.19267309053080506,5.71968899966412,-0.40955334032278456,-0.30606526936382134,gate_pass,74,48
48,42,recovery_completion_hours_mean,B,-458.38773930180173,1.7643665364698033,1.7643665364698033,1.5481999569945388,0.12251795474866407,True,259.80301135100729,-1,-459.48036317567568,-1,True,calibration__20210409T070000Z,0.099433289962201563,18.475927394788016,-0.4611134080317949,-0.50046656525655242,gate_pass,74,48
48,42,recovery_completion_hours_mean,BC,-0.98219313063063052,0.14874913314727153,0.14874913314727153,0.14556114825529398,0.021431956103039843,True,6.6030175090714245,-1,-1.1361908783783783,-1,True,calibration__20200511T090000Z,0.52527516921320172,3.0850438664587405,-0.27190353131666273,-0.31927669961852378,gate_pass,74,48
48,42,recovery_completion_hours_mean,C,-1.4667088963963966,0.14852292923865171,0.14852292923865171,0.14053108394741146,0.053808831620864965,True,9.8753027826406434,-1,-1.2816722972972974,-1,True,calibration__20200511T090000Z,0.51330659287509217,3.1821460296939188,-0.28135544305581156,-0.26274692343974371,gate_pass,74,48
48,94,failed_recovery_attempts_mean,A,0.00063344594594594598,0.00035785431769385479,0.00031593163285990156,0.00035785431769385479,0.11715014395835285,True,1.7701224063135672,1,0.00084459459459459464,1,True,calibration__20200511T090000Z,0.22703273495248158,5.564263245084474,-0.50899526315866139,-0.43072459373125893,gate_pass,74,48
48,94,failed_recovery_attempts_mean,AB,-0.00063344594594594598,0.00035785431769385479,0.00031593163285990156,0.00035785431769385479,0.11715014395835285,True,1.7701224063135672,-1,-0.00084459459459459464,-1,True,calibration__20200511T090000Z,0.22703273495248158,5.564263245084474,-0.50899526315866139,-0.43072459373125893,gate_pass,74,48
48,94,failed_recovery_attempts_mean,ABC,0.00063344594594594598,0.00035785431769385479,0.00031593163285990156,0.00035785431769385479,0.11715014395835285,True,1.7701224063135672,1,0.00084459459459459464,1,True,calibration__20200511T090000Z,0.22703273495248158,5.564263245084474,-0.50899526315866139,-0.43072459373125893,gate_pass,74,48
48,94,failed_recovery_attempts_mean,AC,-0.00063344594594594598,0.00035785431769385479,0.00031593163285990156,0.00035785431769385479,0.11715014395835285,True,1.7701224063135672,-1,-0.00084459459459459464,-1,True,calibration__20200511T090000Z,0.22703273495248158,5.564263245084474,-0.50899526315866139,-0.43072459373125893,gate_pass,74,48
48,94,failed_recovery_attempts_mean,B,-0.21516047297297303,0.006494980103258041,0.0061231386810183227,0.006494980103258041,0.057250586811373544,True,33.1271950879485,-1,-0.21579391891891891,-1,True,calibration__20201119T090000Z,0.028021803481922732,48.414383007892731,-0.50221089467383906,-0.51155499550678485,gate_pass,74,48
48,94,failed_recovery_attempts_mean,BC,-0.00049268018018018024,0.00038944714065107928,0.00034890654373756469,0.00038944714065107928,0.10409781631915094,True,1.2650758697483708,-1,-0.00084459459459459464,-1,True,calibration__20200511T090000Z,0.36623376623376624,4.5393991363733805,-0.4690796229748736,-0.38755909520928022,gate_pass,74,48
48,94,failed_recovery_attempts_mean,C,0.00049268018018018024,0.00038944714065107928,0.00034890654373756469,0.00038944714065107928,0.10409781631915094,True,1.2650758697483708,1,0.00084459459459459464,1,True,calibration__20200511T090000Z,0.36623376623376624,4.5393991363733805,-0.4690796229748736,-0.38755909520928022,gate_pass,74,48
48,94,first_six_hour_burden_mean,A,-0.0012660014636354903,0.00025666891812881645,0.00025666891812881645,0.00025406781304187701,0.0101340867678961,True,4.9324299680108217,-1,-0.0012558713828707659,-1,True,calibration__20210317T020000Z,0.28209991976886428,4.7667465985862965,-0.48453683405768588,-0.43649041258702553,gate_pass,74,48
48,94,first_six_hour_burden_mean,AB,0.00070293840057242751,0.00025666891812881645,0.00025666891812881645,0.00025249863602083998,0.016247709844958717,True,2.7386970175315044,1,0.00041127678827617136,1,True,calibration__20210317T020000Z,0.28209991976886428,4.7667465985862965,-0.48453683405768588,-0.47827547156819383,gate_pass,74,48
48,94,first_six_hour_burden_mean,ABC,-0.00070293840057242751,0.00025666891812881645,0.00025666891812881645,0.00025249863602083998,0.016247709844958717,True,2.7386970175315044,-1,-0.00041127678827617136,-1,True,calibration__20210317T020000Z,0.28209991976886428,4.7667465985862965,-0.48453683405768588,-0.47827547156819383,gate_pass,74,48
48,94,first_six_hour_burden_mean,AC,0.0012660014636354903,0.00025666891812881645,0.00025666891812881645,0.00025406781304187701,0.0101340867678961,True,4.9324299680108217,1,0.0012558713828707659,1,True,calibration__20210317T020000Z,0.28209991976886428,4.7667465985862965,-0.48453683405768588,-0.43649041258702553,gate_pass,74,48
48,94,first_six_hour_burden_mean,B,-0.42779814203634337,0.0070801092211917023,0.0061718402686930622,0.0070801092211917023,0.1282845962008709,True,60.422534267675843,-1,-0.4292514461629095,-1,True,calibration__20210314T050000Z,0.02545626698048924,50.16697449691803,-0.48435012507722075,-0.66409797533759052,gate_pass,74,48
48,94,first_six_hour_burden_mean,BC,0.00070293840057242751,0.00025666891812881645,0.00025666891812881645,0.00025249863602083998,0.016247709844958717,True,2.7386970175315044,1,0.00041127678827617136,1,True,calibration__20210317T020000Z,0.28209991976886428,4.7667465985862965,-0.48275056903793334,-0.47138575166822871,gate_pass,74,48
48,94,first_six_hour_burden_mean,C,-0.0012660014636354903,0.00025666891812881645,0.00025666891812881645,0.00025406781304187701,0.0101340867678961,True,4.9324299680108217,-1,-0.0012558713828707659,-1,True,calibration__20210317T020000Z,0.28209991976886428,4.7667465985862965,-0.48275056903793334,-0.42991871005388038,gate_pass,74,48
48,94,initial_gap_q4_q1_burden_contrast,A,-0.00098434566601583837,0.00066307740371075307,0.00065569297496977726,0.00066307740371075307,0.011136601397741247,True,1.4845109492605009,-1,-0.0020559210610235062,-1,True,calibration__20210206T010000Z,0.65449161829778013,2.0489473057395307,-0.61506594646267632,-0.6080250705092517,gate_pass,74,48
48,94,initial_gap_q4_q1_burden_contrast,AB,-0.0012086367901245124,0.00065569297496977726,0.00065569297496977726,0.00065513845759951491,0.00084569667730222174,True,1.843296842062738,-1,-0.0012335526231870202,-1,True,calibration__20210206T010000Z,0.65449161829778013,2.0489473057395307,-0.61506594646267632,-0.61843979448706254,gate_pass,74,48
48,94,initial_gap_q4_q1_burden_contrast,ABC,0.0012086367901245124,0.00065569297496977726,0.00065569297496977726,0.00065513845759951491,0.00084569667730222174,True,1.843296842062738,1,0.0012335526231870202,1,True,calibration__20210206T010000Z,0.65449161829778013,2.0489473057395307,-0.61506594646267632,-0.61843979448706254,gate_pass,74,48
48,94,initial_gap_q4_q1_burden_contrast,AC,0.00098434566601583837,0.00066307740371075307,0.00065569297496977726,0.00066307740371075307,0.011136601397741247,True,1.4845109492605009,1,0.0020559210610235062,1,True,calibration__20210206T010000Z,0.65449161829778013,2.0489473057395307,-0.61506594646267632,-0.6080250705092517,gate_pass,74,48
48,94,initial_gap_q4_q1_burden_contrast,B,-0.060631545518317842,0.019850249153258191,0.017313689363406121,0.019850249153258191,0.12778478346886255,True,3.0544475814987879,-1,-0.052333237922657094,-1,True,calibration__20210314T050000Z,0.049068306291076114,25.801166710004185,-0.47156142937250245,-0.57643093241320653,gate_pass,74,48
48,94,initial_gap_q4_q1_burden_contrast,BC,-0.0012086367901245124,0.00065569297496977726,0.00065569297496977726,0.00065513845759951491,0.00084569667730222174,True,1.843296842062738,-1,-0.0012335526231870202,-1,True,calibration__20210206T010000Z,0.65449161829778013,2.0489473057395307,-0.61506594646267632,-0.61843979448706254,gate_pass,74,48
48,94,initial_gap_q4_q1_burden_contrast,C,-0.00098434566601583837,0.00066307740371075307,0.00065569297496977726,0.00066307740371075307,0.011136601397741247,True,1.4845109492605009,-1,-0.0020559210610235062,-1,True,calibration__20210206T010000Z,0.65449161829778013,2.0489473057395307,-0.61506594646267632,-0.6080250705092517,gate_pass,74,48
48,94,maximum_downside_deviation_mean,A,-0.00038323479729729734,0.00010911231853522884,0.00010911231853522884,0.00010252281592365623,0.060391921829111142,True,3.5122963423562776,-1,-0.00041807432432432434,-1,True,calibration__20210206T010000Z,0.69414316702819967,1.9492511029378046,-0.5516499122042462,-0.56135601018183856,gate_pass,74,48
48,94,maximum_downside_deviation_mean,AB,-0.00017419763513513512,0.00011397439985643982,0.00010911231853522884,0.00011397439985643982,0.042659415862993537,True,1.528392650933468,-1,-0.00031355574324324324,-1,True,calibration__20210206T010000Z,0.69414316702819967,1.9492511029378046,-0.5516499122042462,-0.55712214487761169,gate_pass,74,48
48,94,maximum_downside_deviation_mean,ABC,0.00017419763513513512,0.00011397439985643982,0.00010911231853522884,0.00011397439985643982,0.042659415862993537,True,1.528392650933468,1,0.00031355574324324324,1,True,calibration__20210206T010000Z,0.69414316702819967,1.9492511029378046,-0.5516499122042462,-0.55712214487761169,gate_pass,74,48
48,94,maximum_downside_deviation_mean,AC,0.00038323479729729734,0.00010911231853522884,0.00010911231853522884,0.00010252281592365623,0.060391921829111142,True,3.5122963423562776,1,0.00041807432432432434,1,True,calibration__20210206T010000Z,0.69414316702819967,1.9492511029378046,-0.5516499122042462,-0.56135601018183856,gate_pass,74,48
48,94,maximum_downside_deviation_mean,B,-0.34048669763513517,0.0013183601895227605,0.0013183601895227605,0.0012234430646327146,0.071996352472085356,True,258.26530590125719,-1,-0.34125316722972981,-1,True,calibration__20210409T070000Z,0.09675933492815858,20.327803282937207,-0.45878914401430182,-0.48332626541068585,gate_pass,74,48
48,94,maximum_downside_deviation_mean,BC,-0.0001045185810810811,0.00013550587405851335,0.00012906342289134196,0.00013550587405851335,0.047543704004960309,True,0.77132140438390517,-1,-0.00031355574324324324,-1,True,calibration__20210206T010000Z,0.49612403100775193,2.5972505759181908,-0.46082667564183527,-0.50562104164881805,gate_pass,74,48
48,94,maximum_downside_deviation_mean,C,-0.00045291385135134336,0.00012906342289134196,0.00012906342289134196,0.0001192886492567314,0.075736203299364757,True,3.5092347715948145,-1,-0.00041807432432431637,-1,True,calibration__20210206T010000Z,0.49612403100775193,2.5972505759181916,-0.46082667564183527,-0.43599771441927371,gate_pass,74,48
48,94,recovery_completion_hours_mean,A,-1.5995917792792791,0.17024638996413824,0.17024638996413824,0.15465264671914988,0.091595147763621418,True,9.3957456579033902,-1,-1.6194045608108107,-1,True,calibration__20210206T010000Z,0.56208242943482345,2.861828403945355,-0.53464917257614142,-0.56685661882703475,gate_pass,74,48
48,94,recovery_completion_hours_mean,AB,-1.3084881756756757,0.17519010445380867,0.1700355474418222,0.17519010445380867,0.029422649344589796,True,7.468961673121651,-1,-1.4743454391891893,-1,True,calibration__20210206T010000Z,0.56347724781435748,2.8509463772032415,-0.53578064095660205,-0.5410227435311894,gate_pass,74,48
48,94,recovery_completion_hours_mean,ABC,1.3084881756756757,0.17519010445380867,0.1700355474418222,0.17519010445380867,0.029422649344589796,True,7.468961673121651,1,1.4743454391891893,1,True,calibration__20210206T010000Z,0.56347724781435748,2.8509463772032415,-0.53578064095660205,-0.5410227435311894,gate_pass,74,48
48,94,recovery_completion_hours_mean,AC,1.5995917792792791,0.17024638996413824,0.17024638996413824,0.15465264671914988,0.091595147763621418,True,9.3957456579033902,1,1.6194045608108107,1,True,calibration__20210206T010000Z,0.56208242943482345,2.861828403945355,-0.53464917257614142,-0.56685661882703475,gate_pass,74,48
48,94,recovery_completion_hours_mean,B,-465.84058277027015,1.8423971788088742,1.8423971788088742,1.7092205684841679,0.072284419373029069,True,252.84481985118981,-1,-466.89516469594594,-1,True,calibration__20210409T070000Z,0.097668322007864281,20.181013214882135,-0.45997289772737532,-0.48378367642445924,gate_pass,74,48
48,94,recovery_completion_hours_mean,BC,-1.3736627252252251,0.19974882803308402,0.19625226939314813,0.19974882803308402,0.017504776745707686,True,6.8769501115556384,-1,-1.6500211148648649,-1,True,calibration__20210206T010000Z,0.42298645232419474,3.4940047042536992,-0.46351914179264442,-0.51783136551116971,gate_pass,74,48
48,94,recovery_completion_hours_mean,C,-1.8578969594594594,0.19551407444251973,0.19551407444251973,0.17538847821973952,0.10293681557281976,True,9.502625142240964,-1,-1.7950802364864864,-1,True,calibration__20210206T010000Z,0.42618658952809246,3.4979282613768188,-0.4598894190471654,-0.44247920754830095,gate_pass,74,48
48,97,failed_recovery_attempts_mean,A,0.00014076576576576576,9.847183620120279e-05,9.8471836201202776e-05,9.847183620120279e-05,1.3762845986112795e-16,True,1.4295028019803127,1,0.00010557432432432433,1,True,calibration__20200511T090000Z,1,1,-0.60234370287673489,-0.60369413979028341,gate_pass,74,48
48,97,failed_recovery_attempts_mean,AB,-0.00014076576576576576,9.847183620120279e-05,9.8471836201202776e-05,9.847183620120279e-05,1.3762845986112795e-16,True,1.4295028019803127,-1,-0.00010557432432432433,-1,True,calibration__20200511T090000Z,1,1,-0.60234370287673489,-0.60369413979028341,gate_pass,74,48
48,97,failed_recovery_attempts_mean,ABC,0.00014076576576576576,9.847183620120279e-05,9.8471836201202776e-05,9.847183620120279e-05,1.3762845986112795e-16,True,1.4295028019803127,1,0.00010557432432432433,1,True,calibration__20200511T090000Z,1,1,-0.60234370287673489,-0.60369413979028341,gate_pass,74,48
48,97,failed_recovery_attempts_mean,AC,-0.00014076576576576576,9.847183620120279e-05,9.8471836201202776e-05,9.847183620120279e-05,1.3762845986112795e-16,True,1.4295028019803127,-1,-0.00010557432432432433,-1,True,calibration__20200511T090000Z,1,1,-0.60234370287673489,-0.60369413979028341,gate_pass,74,48
48,97,failed_recovery_attempts_mean,B,-0.23972409909909909,0.0063673856204402484,0.0063135263130069553,0.0063673856204402484,0.0084586218966221788,True,37.648748385765941,-1,-0.2477829391891892,-1,True,calibration__20201119T090000Z,0.031814864564713843,48.521705437839564,-0.48739099940966901,-0.50888600311448495,gate_pass,74,48
48,97,failed_recovery_attempts_mean,BC,-0.00014076576576576576,9.847183620120279e-05,9.8471836201202776e-05,9.847183620120279e-05,1.3762845986112795e-16,True,1.4295028019803127,-1,-0.00010557432432432433,-1,True,calibration__20200511T090000Z,1,1,-0.60234370287673489,-0.60369413979028341,gate_pass,74,48
48,97,failed_recovery_attempts_mean,C,0.00014076576576576576,9.847183620120279e-05,9.8471836201202776e-05,9.847183620120279e-05,1.3762845986112795e-16,True,1.4295028019803127,1,0.00010557432432432433,1,True,calibration__20200511T090000Z,1,1,-0.60234370287673489,-0.60369413979028341,gate_pass,74,48
48,97,first_six_hour_burden_mean,A,-7.1067371077678502e-05,1.6272392386194266e-05,1.6272392386194266e-05,1.4942638289155288e-05,0.081718413954125144,True,4.3673584922874094,-1,-5.7211929280808254e-05,-1,True,calibration__20200317T160000Z,0.27754931934233812,4.4526462785445133,0.24200702990203701,0.28484414241110456,gate_pass,74,48
48,97,first_six_hour_burden_mean,AB,7.1067371077678516e-05,1.6272392386194266e-05,1.6272392386194266e-05,1.4942638289155288e-05,0.081718413954125144,True,4.3673584922874102,1,5.7211929280808261e-05,1,True,calibration__20200317T160000Z,0.27754931934233812,4.4526462785445133,0.24200702990203701,0.28484414241110456,gate_pass,74,48
48,97,first_six_hour_burden_mean,ABC,-7.1067371077678502e-05,1.6272392386194266e-05,1.6272392386194266e-05,1.4942638289155288e-05,0.081718413954125144,True,4.3673584922874094,-1,-5.7211929280808254e-05,-1,True,calibration__20200317T160000Z,0.27754931934233812,4.4526462785445133,0.24200702990203701,0.28484414241110456,gate_pass,74,48
48,97,first_six_hour_burden_mean,AC,7.1067371077678516e-05,1.6272392386194266e-05,1.6272392386194266e-05,1.4942638289155288e-05,0.081718413954125144,True,4.3673584922874102,1,5.7211929280808261e-05,1,True,calibration__20200317T160000Z,0.27754931934233812,4.4526462785445133,0.24200702990203701,0.28484414241110456,gate_pass,74,48
48,97,first_six_hour_burden_mean,B,-0.4074248327332366,0.0068045725732931465,0.0060099384726215567,0.0068045725732931465,0.11677942914304433,True,59.875154294380451,-1,-0.40419620708953186,-1,True,calibration__20210410T170000Z,0.025855078253413599,50.271516850855029,-0.4866197056660681,-0.61233852106268472,gate_pass,74,48
48,97,first_six_hour_burden_mean,BC,7.1067371077678516e-05,1.6272392386194262e-05,1.6272392386194262e-05,1.4942638289155288e-05,0.081718413954124949,True,4.3673584922874111,1,5.7211929280808261e-05,1,True,calibration__20200317T160000Z,0.27754931934233829,4.4526462785445133,0.24300487114652577,0.2853912578262614,gate_pass,74,48
48,97,first_six_hour_burden_mean,C,-7.1067371077678502e-05,1.6272392386194262e-05,1.6272392386194262e-05,1.4942638289155285e-05,0.081718413954125158,True,4.3673584922874102,-1,-5.721192928080824e-05,-1,True,calibration__20200317T160000Z,0.27754931934233829,4.4526462785445133,0.24300487114652577,0.2853912578262614,gate_pass,74,48
48,97,initial_gap_q4_q1_burden_contrast,A,2.8348898754787661e-05,3.7724364281742737e-05,3.7258648236195829e-05,3.7724364281742737e-05,0.012345232435694039,True,0.75147452566901252,1,2.3237319912661475e-06,1,True,calibration__20211028T220000Z,0.78251780646621283,1.5159953688426024,1.4819579275364645,1.4770727015157172,gate_pass,74,48
48,97,initial_gap_q4_q1_burden_contrast,AB,-2.8348898754787695e-05,3.7724364281742737e-05,3.7258648236195829e-05,3.7724364281742737e-05,0.012345232435694039,True,0.7514745256690134,-1,-2.3237319912661932e-06,-1,True,calibration__20211028T220000Z,0.78251780646621283,1.5159953688426024,1.4819579275364645,1.4770727015157172,gate_pass,74,48
48,97,initial_gap_q4_q1_burden_contrast,ABC,2.8348898754787725e-05,3.7724364281742737e-05,3.7258648236195829e-05,3.7724364281742737e-05,0.012345232435694039,True,0.75147452566901418,1,2.3237319912661932e-06,1,True,calibration__20211028T220000Z,0.78251780646621283,1.5159953688426024,1.4819579275364645,1.4770727015157172,gate_pass,74,48
48,97,initial_gap_q4_q1_burden_contrast,AC,-2.8348898754787695e-05,3.7724364281742737e-05,3.7258648236195829e-05,3.7724364281742737e-05,0.012345232435694039,True,0.7514745256690134,-1,-2.3237319912661932e-06,-1,True,calibration__20211028T220000Z,0.78251780646621283,1.5159953688426024,1.4819579275364645,1.4770727015157172,gate_pass,74,48
48,97,initial_gap_q4_q1_burden_contrast,B,-0.019417819276562442,0.018336709493020548,0.016858640348608473,0.018336709493020548,0.080607109196700097,True,1.0589587670543286,-1,-0.016166918008267528,-1,True,calibration__20201121T170000Z,0.04809416851151159,26.29265972397166,-0.47367343736574014,-0.56501076161042885,gate_pass,74,48
48,97,initial_gap_q4_q1_burden_contrast,BC,-2.8348898754787756e-05,3.7724364281742737e-05,3.7258648236195829e-05,3.7724364281742737e-05,0.012345232435694039,True,0.75147452566901507,-1,-2.3237319912662902e-06,-1,True,calibration__20211028T220000Z,0.78251780646621283,1.5159953688426024,1.4819579275364636,1.4770727015157146,gate_pass,74,48
48,97,initial_gap_q4_q1_burden_contrast,C,2.8348898754787695e-05,3.7724364281742737e-05,3.7258648236195829e-05,3.7724364281742737e-05,0.012345232435694039,True,0.7514745256690134,1,2.3237319912661987e-06,1,True,calibration__20211028T220000Z,0.78251780646621283,1.5159953688426024,1.4819579275364636,1.4770727015157146,gate_pass,74,48
48,97,maximum_downside_deviation_mean,A,0,0,0,0,0,True,0,0,0,0,True,calibration__20200128T020000Z,0,74,-0.20751874963941958,-0.2189689506944586,gate_pass,74,48
48,97,maximum_downside_deviation_mean,AB,0,0,0,0,0,True,0,0,0,0,True,calibration__20200128T020000Z,0,74,-0.20751874963941958,-0.2189689506944586,gate_pass,74,48
48,97,maximum_downside_deviation_mean,ABC,0,0,0,0,0,True,0,0,0,0,True,calibration__20200128T020000Z,0,74,-0.20751874963941958,-0.2189689506944586,gate_pass,74,48
48,97,maximum_downside_deviation_mean,AC,0,0,0,0,0,True,0,0,0,0,True,calibration__20200128T020000Z,0,74,-0.20751874963941958,-0.2189689506944586,gate_pass,74,48
48,97,maximum_downside_deviation_mean,B,-0.33613175675675672,0.00085665271094244528,0.00079563283091580751,0.00085665271094244528,0.071230592335961712,True,392.37809261930875,-1,-0.33634079391891891,-1,True,calibration__20210218T110000Z,0.24804177545691905,7.3444568224205495,-0.48637175125294341,-0.4912803360308326,gate_pass,74,48
48,97,maximum_downside_deviation_mean,BC,0,0,0,0,0,True,0,0,0,0,True,calibration__20200128T020000Z,0,74,-0.76053956834458014,-0.76282331240199264,gate_pass,74,48
48,97,maximum_downside_deviation_mean,C,8.6267329616143917e-18,0,0,0,0,True,inf,1,8.6267329616143917e-18,1,True,calibration__20200128T020000Z,0,74,-0.76053956834458014,-0.76282331240199264,gate_pass,74,48
48,97,recovery_completion_hours_mean,A,-1.0627111486486487,0.074797327223780893,0.074797327223780893,0.070715018484148337,0.054578270255820537,True,14.20787597756264,-1,-1.0332559121621621,-1,True,calibration__20210920T030000Z,0.41925515891292203,2.7822315267705773,-0.29892557117981694,-0.30555728234930979,gate_pass,74,48
48,97,recovery_completion_hours_mean,AB,-1.0627111486486487,0.074797327223780893,0.074797327223780893,0.070715018484148337,0.054578270255820537,True,14.20787597756264,-1,-1.0332559121621621,-1,True,calibration__20210920T030000Z,0.41925515891292203,2.7822315267705773,-0.30138301525404659,-0.34346332760915183,gate_pass,74,48
48,97,recovery_completion_hours_mean,ABC,1.0627111486486487,0.074797327223780893,0.074797327223780893,0.070715018484148337,0.054578270255820537,True,14.20787597756264,1,1.0332559121621621,1,True,calibration__20210920T030000Z,0.41925515891292203,2.7822315267705773,-0.30138301525404659,-0.34346332760915183,gate_pass,74,48
48,97,recovery_completion_hours_mean,AC,1.0627111486486487,0.074797327223780893,0.074797327223780893,0.070715018484148337,0.054578270255820537,True,14.20787597756264,1,1.0332559121621621,1,True,calibration__20210920T030000Z,0.41925515891292203,2.7822315267705773,-0.29892557117981694,-0.30555728234930979,gate_pass,74,48
48,97,recovery_completion_hours_mean,B,-459.80651745495493,1.2130274339944307,1.1185166827644237,1.2130274339944307,0.077913119342065004,True,379.05698137497029,-1,-460.1158150337838,-1,True,calibration__20210218T110000Z,0.24741413156093348,7.402542087918877,-0.48694423356149613,-0.49427634278031041,gate_pass,74,48
48,97,recovery_completion_hours_mean,BC,-1.2244510135135136,0.076750076519653071,0.076750076519653071,0.070482336260060563,0.08166428678396892,True,15.953743227864711,-1,-1.2089315878378379,-1,True,calibration__20210920T030000Z,0.45367469431874385,2.6934150673514465,-0.20656528272251518,-0.31110823667319165,gate_pass,74,48
48,97,recovery_completion_hours_mean,C,-1.2244510135135136,0.076750076519653071,0.076750076519653071,0.070482336260060563,0.08166428678396892,True,15.953743227864711,-1,-1.2089315878378379,-1,True,calibration__20210920T030000Z,0.45367469431874385,2.6934150673514465,-0.1922657074078668,-0.24215893380583867,gate_pass,74,48
48,100,failed_recovery_attempts_mean,A,-0.0028153153153153156,0.00074825074130856781,0.00067038875455818531,0.00074825074130856781,0.10405868307489366,True,3.7625292697896842,-1,-0.0017947635135135136,-1,True,calibration__20210616T110000Z,0.45379924953095691,3.5963079766503099,-0.2762416645090065,-0.27718555358127356,gate_pass,74,48
48,100,failed_recovery_attempts_mean,AB,0.0028153153153153156,0.00074825074130856781,0.00067038875455818531,0.00074825074130856781,0.10405868307489366,True,3.7625292697896842,1,0.0017947635135135136,1,True,calibration__20210616T110000Z,0.45379924953095691,3.5963079766503099,-0.2762416645090065,-0.27718555358127356,gate_pass,74,48
48,100,failed_recovery_attempts_mean,ABC,-0.0028153153153153156,0.00074825074130856781,0.00067038875455818531,0.00074825074130856781,0.10405868307489366,True,3.7625292697896842,-1,-0.0017947635135135136,-1,True,calibration__20210616T110000Z,0.45379924953095691,3.5963079766503099,-0.2762416645090065,-0.27718555358127356,gate_pass,74,48
48,100,failed_recovery_attempts_mean,AC,0.0028153153153153156,0.00074825074130856781,0.00067038875455818531,0.00074825074130856781,0.10405868307489366,True,3.7625292697896842,1,0.0017947635135135136,1,True,calibration__20210616T110000Z,0.45379924953095691,3.5963079766503099,-0.2762416645090065,-0.27718555358127356,gate_pass,74,48
48,100,failed_recovery_attempts_mean,B,-0.11204954954954954,0.0082258393741814016,0.0079901343062554146,0.0082258393741814016,0.028654226906715315,True,13.621655426586811,-1,-0.10990287162162163,-1,True,calibration__20201206T020000Z,0.079455854190054812,34.506921840442423,-0.40975816604165127,-0.45326520950639987,gate_pass,74,48
48,100,failed_recovery_attempts_mean,BC,0.0036599099099099103,0.00096394868086247594,0.0008950038813904024,0.00096394868086247594,0.071523309114740849,True,3.796789167899759,1,0.002639358108108108,1,True,calibration__20210616T110000Z,0.69355263157894731,1.985229562102903,-0.23265362562521591,-0.18325076386993461,gate_pass,74,48
48,100,failed_recovery_attempts_mean,C,-0.0036599099099099103,0.00096394868086247594,0.0008950038813904024,0.00096394868086247594,0.071523309114740849,True,3.796789167899759,-1,-0.002639358108108108,-1,True,calibration__20210616T110000Z,0.69355263157894731,1.985229562102903,-0.23265362562521591,-0.18325076386993461,gate_pass,74,48
48,100,first_six_hour_burden_mean,A,-7.1139276295337593e-08,5.1859342871340369e-08,5.1859342871340369e-08,5.1475534642765586e-08,0.007400946624545276,True,1.3717735774598894,-1,-3.1321605778074596e-08,-1,True,calibration__20210624T020000Z,0.94435620087471761,1.1183787865842436,-0.19700500598982795,-0.17226951993054418,gate_pass,74,48
48,100,first_six_hour_burden_mean,AB,7.1139276295337593e-08,5.1859342871340369e-08,5.1859342871340369e-08,5.1475534642765586e-08,0.007400946624545276,True,1.3717735774598894,1,3.1321605778074596e-08,1,True,calibration__20210624T020000Z,0.94435620087471761,1.1183787865842436,-0.19700500598982795,-0.17226951993054418,gate_pass,74,48
48,100,first_six_hour_burden_mean,ABC,-7.1139276295337593e-08,5.1859342871340369e-08,5.1859342871340369e-08,5.1475534642765586e-08,0.007400946624545276,True,1.3717735774598894,-1,-3.1321605778074596e-08,-1,True,calibration__20210624T020000Z,0.94435620087471761,1.1183787865842436,-0.19700500598982795,-0.17226951993054418,gate_pass,74,48
48,100,first_six_hour_burden_mean,AC,7.1139276295337593e-08,5.1859342871340369e-08,5.1859342871340369e-08,5.1475534642765586e-08,0.007400946624545276,True,1.3717735774598894,1,3.1321605778074596e-08,1,True,calibration__20210624T020000Z,0.94435620087471761,1.1183787865842436,-0.19700500598982795,-0.17226951993054418,gate_pass,74,48
48,100,first_six_hour_burden_mean,B,-0.0019360138804629383,0.00041064060369600582,0.00036380650805795979,0.00041064060369600582,0.11405130232254618,True,4.7146187275142299,-1,-0.0022130258278680284,-1,True,calibration__20210302T170000Z,0.15589765550459181,13.581132220097544,-0.429069733934756,-0.63398316793424725,gate_pass,74,48
48,100,first_six_hour_burden_mean,BC,7.1139276295337884e-08,5.1859342871340395e-08,5.1859342871340395e-08,5.1475534642765613e-08,0.0074009466245452717,True,1.3717735774598943,1,3.1321605778075053e-08,1,True,calibration__20210624T020000Z,0.94435620087471672,1.1183787865842456,-0.19700500598983123,-0.17226951993055231,gate_pass,74,48
48,100,first_six_hour_burden_mean,C,-7.1139276295337884e-08,5.1859342871340395e-08,5.1859342871340395e-08,5.1475534642765613e-08,0.0074009466245452717,True,1.3717735774598943,-1,-3.1321605778075053e-08,-1,True,calibration__20210624T020000Z,0.94435620087471672,1.1183787865842456,-0.19700500598983123,-0.17226951993055231,gate_pass,74,48
48,100,initial_gap_q4_q1_burden_contrast,A,6.2077445485646969e-08,4.7644581353269731e-08,4.7644581353269731e-08,4.7289665353314162e-08,0.0074492416529799571,True,1.3029277143892197,1,9.3116168228470447e-08,1,True,calibration__20210306T130000Z,0.85823367307539611,1.3215927805183108,-1.0000000000000016,-0.98999212452084273,gate_pass,74,48
48,100,initial_gap_q4_q1_burden_contrast,AB,-6.2077445485646969e-08,4.7644581353269731e-08,4.7644581353269731e-08,4.7289665353314162e-08,0.0074492416529799571,True,1.3029277143892197,-1,-9.3116168228470447e-08,-1,True,calibration__20210306T130000Z,0.85823367307539611,1.3215927805183108,-1.0000000000000016,-0.98999212452084273,gate_pass,74,48
48,100,initial_gap_q4_q1_burden_contrast,ABC,6.2077445485646969e-08,4.7644581353269731e-08,4.7644581353269731e-08,4.7289665353314162e-08,0.0074492416529799571,True,1.3029277143892197,1,9.3116168228470447e-08,1,True,calibration__20210306T130000Z,0.85823367307539611,1.3215927805183108,-1.0000000000000016,-0.98999212452084273,gate_pass,74,48
48,100,initial_gap_q4_q1_burden_contrast,AC,-6.2077445485646969e-08,4.7644581353269731e-08,4.7644581353269731e-08,4.7289665353314162e-08,0.0074492416529799571,True,1.3029277143892197,-1,-9.3116168228470447e-08,-1,True,calibration__20210306T130000Z,0.85823367307539611,1.3215927805183108,-1.0000000000000016,-0.98999212452084273,gate_pass,74,48
48,100,initial_gap_q4_q1_burden_contrast,B,-0.0014478138383392381,0.0010322008300464032,0.0010322008300464032,0.0010088693886989438,0.02260358708141175,True,1.4026474269296516,-1,-0.0027509464214425933,-1,True,calibration__20200509T220000Z,0.19985606113320742,7.6861301163772984,-0.46775696648746906,-0.52442723425938853,gate_pass,74,48
48,100,initial_gap_q4_q1_burden_contrast,BC,-6.2077445485647922e-08,4.7644581353270095e-08,4.7644581353270095e-08,4.72896653533145e-08,0.0074492416529804558,True,1.3029277143892297,-1,-9.3116168228471876e-08,-1,True,calibration__20210306T130000Z,0.85823367307538312,1.3215927805183434,-1.0000000000000024,-0.98999212452084195,gate_pass,74,48
48,100,initial_gap_q4_q1_burden_contrast,C,6.2077445485647922e-08,4.7644581353270095e-08,4.7644581353270095e-08,4.72896653533145e-08,0.0074492416529804558,True,1.3029277143892297,1,9.3116168228471876e-08,1,True,calibration__20210306T130000Z,0.85823367307538312,1.3215927805183434,-1.0000000000000024,-0.98999212452084195,gate_pass,74,48
48,100,maximum_downside_deviation_mean,A,-4.7998803754719439e-06,8.010367467653159e-07,8.010367467653159e-07,7.9690392168761053e-07,0.0051593451790997438,True,5.992085125750406,-1,-4.5921939194082685e-06,-1,True,calibration__20210616T110000Z,0.44732969999468325,3.9036530923758739,-0.51922159533199719,-0.46253762943157267,gate_pass,74,48
48,100,maximum_downside_deviation_mean,AB,4.7998803754719439e-06,8.010367467653159e-07,8.010367467653159e-07,7.9690392168761053e-07,0.0051593451790997438,True,5.992085125750406,1,4.5921939194082685e-06,1,True,calibration__20210616T110000Z,0.44732969999468325,3.9036530923758739,-0.51922159533199719,-0.46253762943157267,gate_pass,74,48
48,100,maximum_downside_deviation_mean,ABC,-4.7998803754719439e-06,8.010367467653159e-07,8.010367467653159e-07,7.9690392168761053e-07,0.0051593451790997438,True,5.992085125750406,-1,-4.5921939194082685e-06,-1,True,calibration__20210616T110000Z,0.44732969999468325,3.9036530923758739,-0.51922159533199719,-0.46253762943157267,gate_pass,74,48
48,100,maximum_downside_deviation_mean,AC,4.7998803754719439e-06,8.010367467653159e-07,8.010367467653159e-07,7.9690392168761053e-07,0.0051593451790997438,True,5.992085125750406,1,4.5921939194082685e-06,1,True,calibration__20210616T110000Z,0.44732969999468325,3.9036530923758739,-0.51922159533199719,-0.46253762943157267,gate_pass,74,48
48,100,maximum_downside_deviation_mean,B,-0.000161676223610755,9.8484369423760589e-06,9.8484369423760589e-06,9.6180520559219002e-06,0.023393040723330809,True,16.416434867455077,-1,-0.00016358015782565199,-1,True,calibration__20210328T190000Z,0.075742811587826392,35.418894835181383,-0.51326250013916752,-0.50387225715481609,gate_pass,74,48
48,100,maximum_downside_deviation_mean,BC,5.6952106175064469e-06,9.6215001610139262e-07,9.6215001610139262e-07,9.3085994826021904e-07,0.032520986662724537,True,5.9192542973530209,1,5.6565626903502296e-06,1,True,calibration__20210616T110000Z,0.60667089984320977,2.5187619557908012,-0.45610372762731349,-0.39208836788812435,gate_pass,74,48
48,100,maximum_downside_deviation_mean,C,-5.6952106175064469e-06,9.6215001610139262e-07,9.6215001610139262e-07,9.3085994826021904e-07,0.032520986662724537,True,5.9192542973530209,-1,-5.6565626903502296e-06,-1,True,calibration__20210616T110000Z,0.60667089984320977,2.5187619557908012,-0.45610372762731349,-0.39208836788812435,gate_pass,74,48
48,100,recovery_completion_hours_mean,A,-4.6006475225225225,0.19717795489138587,0.19717795489138587,0.19502767970532819,0.010905251488393521,True,23.332463941299917,-1,-4.4977829391891895,-1,True,calibration__20210920T030000Z,0.24274893849169832,5.3301452253916901,-0.44222711429214412,-0.47334729352235344,gate_pass,74,48
48,100,recovery_completion_hours_mean,AB,0.0073198198198198196,0.019698733768045495,0.019300567270425367,0.019698733768045495,0.020212796533451174,True,0.37158834197220031,1,0.01488597972972973,1,True,calibration__20210616T110000Z,0.60863326980361632,2.4995550788946144,-0.18272186318616201,-0.21497081459802356,gate_pass,74,48
48,100,recovery_completion_hours_mean,ABC,-0.0073198198198198196,0.019698733768045495,0.019300567270425367,0.019698733768045495,0.020212796533451174,True,0.37158834197220031,-1,-0.01488597972972973,-1,True,calibration__20210616T110000Z,0.60863326980361632,2.4995550788946144,-0.18272186318616201,-0.21497081459802356,gate_pass,74,48
48,100,recovery_completion_hours_mean,AC,4.6006475225225225,0.19717795489138587,0.19717795489138587,0.19502767970532819,0.010905251488393521,True,23.332463941299917,1,4.4977829391891895,1,True,calibration__20210920T030000Z,0.24274893849169832,5.3301452253916901,-0.44222711429214412,-0.47334729352235344,gate_pass,74,48
48,100,recovery_completion_hours_mean,B,-0.92680180180180194,0.09609782562444609,0.079145136473586064,0.09609782562444609,0.17641074645238874,False,9.6443576717727009,-1,-0.86602618243243246,-1,True,calibration__20210702T030000Z,0.04956129883167823,39.714668064912601,-0.47413111630961657,-0.54052119452957226,gate_pass,74,48
48,100,recovery_completion_hours_mean,BC,0.044481981981981979,0.016580027159853978,0.016427059072651726,0.016580027159853978,0.0092260456347527126,True,2.6828654472706988,1,0.031566722972972971,1,True,calibration__20210616T110000Z,0.55913432094290572,2.7842171152891311,-0.21340445843238762,-0.29158931173582464,gate_pass,74,48
48,100,recovery_completion_hours_mean,C,-5.4106137387387383,0.21267594931997727,0.19928327293337966,0.21267594931997727,0.062972218670800092,True,25.440646937460283,-1,-5.4021326013513518,-1,True,calibration__20210920T030000Z,0.27084963772210346,5.1884952063945455,-0.44960768491309738,-0.51974018559756396,gate_pass,74,48
48,103,failed_recovery_attempts_mean,A,-0.0045045045045045053,0.0013508021534321974,0.0012376866328126816,0.0013508021534321974,0.083739517539341543,True,3.3346885723117894,-1,-0.0040118243243243241,-1,True,calibration__20200511T090000Z,0.24377322141186183,8.3860454705732952,-0.57469335809078015,-0.48986789408514869,gate_pass,74,48
48,103,failed_recovery_attempts_mean,AB,0.0045045045045045053,0.0013508021534321974,0.0012376866328126816,0.0013508021534321974,0.083739517539341543,True,3.3346885723117894,1,0.0040118243243243241,1,True,calibration__20200511T090000Z,0.24377322141186183,8.3860454705732952,-0.57469335809078015,-0.48986789408514869,gate_pass,74,48
48,103,failed_recovery_attempts_mean,ABC,-0.0045045045045045053,0.0013508021534321974,0.0012376866328126816,0.0013508021534321974,0.083739517539341543,True,3.3346885723117894,-1,-0.0040118243243243241,-1,True,calibration__20200511T090000Z,0.24377322141186183,8.3860454705732952,-0.57469335809078015,-0.48986789408514869,gate_pass,74,48
48,103,failed_recovery_attempts_mean,AC,0.0045045045045045053,0.0013508021534321974,0.0012376866328126816,0.0013508021534321974,0.083739517539341543,True,3.3346885723117894,1,0.0040118243243243241,1,True,calibration__20200511T090000Z,0.24377322141186183,8.3860454705732952,-0.57469335809078015,-0.48986789408514869,gate_pass,74,48
48,103,failed_recovery_attempts_mean,B,-0.14414414414414414,0.010751502797020423,0.0095251046592357592,0.010751502797020423,0.11406760161235666,True,13.406883378581362,-1,-0.15730574324324326,-1,True,calibration__20201201T230000Z,0.11353133473202902,25.739830317831679,-0.58346192405645125,-0.66166724590369663,gate_pass,74,48
48,103,failed_recovery_attempts_mean,BC,0.0050675675675675687,0.0013681685506747318,0.0012853104656847609,0.0013681685506747318,0.060561313844780494,True,3.7039059003866339,1,0.0044341216216216214,1,True,calibration__20200511T090000Z,0.23880311343626393,8.6585838176997143,-0.56337206642983551,-0.46687280506198542,gate_pass,74,48
48,103,failed_recovery_attempts_mean,C,-0.0050675675675675687,0.0013681685506747318,0.0012853104656847609,0.0013681685506747318,0.060561313844780494,True,3.7039059003866339,-1,-0.0044341216216216214,-1,True,calibration__20200511T090000Z,0.23880311343626393,8.6585838176997143,-0.56337206642983551,-0.46687280506198542,gate_pass,74,48
48,103,first_six_hour_burden_mean,A,-0.00017452668118695723,7.6986705480665651e-05,7.6986705480665651e-05,7.5514326277795454e-05,0.019125109896279021,True,2.2669716816338847,-1,-0.0002228546110375083,-1,True,calibration__20200511T090000Z,0.90442781423585628,1.2169914894494451,-0.57008603516564371,-0.56067048932715968,gate_pass,74,48
48,103,first_six_hour_burden_mean,AB,0.00017452668118695723,7.6986705480665651e-05,7.6986705480665651e-05,7.5514326277795454e-05,0.019125109896279021,True,2.2669716816338847,1,0.0002228546110375083,1,True,calibration__20200511T090000Z,0.90442781423585628,1.2169914894494451,-0.57008603516564371,-0.56067048932715968,gate_pass,74,48
48,103,first_six_hour_burden_mean,ABC,-0.00017452668118695723,7.6986705480665651e-05,7.6986705480665651e-05,7.5514326277795454e-05,0.019125109896279021,True,2.2669716816338847,-1,-0.0002228546110375083,-1,True,calibration__20200511T090000Z,0.90442781423585628,1.2169914894494451,-0.57008603516564371,-0.56067048932715968,gate_pass,74,48
48,103,first_six_hour_burden_mean,AC,0.00017452668118695723,7.6986705480665651e-05,7.6986705480665651e-05,7.5514326277795454e-05,0.019125109896279021,True,2.2669716816338847,1,0.0002228546110375083,1,True,calibration__20200511T090000Z,0.90442781423585628,1.2169914894494451,-0.57008603516564371,-0.56067048932715968,gate_pass,74,48
48,103,first_six_hour_burden_mean,B,-0.023327782231908636,0.0022408287554091734,0.0021530848483187386,0.0022408287554091734,0.039156899820492017,True,10.410336878977173,-1,-0.024253285906425604,-1,True,calibration__20200523T100000Z,0.19482754305355357,11.892517913862145,-0.53174096982858066,-0.49744605628599026,gate_pass,74,48
48,103,first_six_hour_burden_mean,BC,0.00017452668118695723,7.6986705480665651e-05,7.6986705480665651e-05,7.5514326277795454e-05,0.019125109896279021,True,2.2669716816338847,1,0.0002228546110375083,1,True,calibration__20200511T090000Z,0.90442781423585628,1.2169914894494451,-0.3622202439608681,-0.31647869666132272,gate_pass,74,48
48,103,first_six_hour_burden_mean,C,-0.00017452668118695723,7.6986705480665651e-05,7.6986705480665651e-05,7.5514326277795454e-05,0.019125109896279021,True,2.2669716816338847,-1,-0.0002228546110375083,-1,True,calibration__20200511T090000Z,0.90442781423585628,1.2169914894494451,-0.3622202439608681,-0.31647869666132272,gate_pass,74,48
48,103,initial_gap_q4_q1_burden_contrast,A,0.00012128409626037989,8.6189102449282725e-05,8.6189102449282725e-05,8.5285641988695434e-05,0.010482305012039362,True,1.4071859761127983,1,0.00018192614439056982,1,True,calibration__20210325T210000Z,0.59907335969597797,1.9244423104444399,-0.48288143849720389,-0.46229230932577803,gate_pass,74,48
48,103,initial_gap_q4_q1_burden_contrast,AB,-0.00012128409626037989,8.6189102449282725e-05,8.6189102449282725e-05,8.5285641988695434e-05,0.010482305012039362,True,1.4071859761127983,-1,-0.00018192614439056982,-1,True,calibration__20210325T210000Z,0.59907335969597797,1.9244423104444399,-0.48288143849720389,-0.46229230932577803,gate_pass,74,48
48,103,initial_gap_q4_q1_burden_contrast,ABC,0.00012128409626037989,8.6189102449282725e-05,8.6189102449282725e-05,8.5285641988695434e-05,0.010482305012039362,True,1.4071859761127983,1,0.00018192614439056982,1,True,calibration__20210325T210000Z,0.59907335969597797,1.9244423104444399,-0.48288143849720389,-0.46229230932577803,gate_pass,74,48
48,103,initial_gap_q4_q1_burden_contrast,AC,-0.00012128409626037989,8.6189102449282725e-05,8.6189102449282725e-05,8.5285641988695434e-05,0.010482305012039362,True,1.4071859761127983,-1,-0.00018192614439056982,-1,True,calibration__20210325T210000Z,0.59907335969597797,1.9244423104444399,-0.48288143849720389,-0.46229230932577803,gate_pass,74,48
48,103,initial_gap_q4_q1_burden_contrast,B,0.019793139813888298,0.0067383516408253902,0.0060777662598108352,0.0067383516408253902,0.09803367592339525,True,2.9373860060921082,1,0.012356889674859237,1,True,calibration__20210715T050000Z,0.24307013049526668,7.3696690884210447,-0.51144460245747092,-0.6356891712472269,gate_pass,74,48
48,103,initial_gap_q4_q1_burden_contrast,BC,-0.00012128409626037989,8.6189102449282725e-05,8.6189102449282725e-05,8.5285641988695434e-05,0.010482305012039362,True,1.4071859761127983,-1,-0.00018192614439056982,-1,True,calibration__20210325T210000Z,0.59907335969597797,1.9244423104444399,-0.48288143849720389,-0.46229230932577803,gate_pass,74,48
48,103,initial_gap_q4_q1_burden_contrast,C,0.00012128409626037989,8.6189102449282725e-05,8.6189102449282725e-05,8.5285641988695434e-05,0.010482305012039362,True,1.4071859761127983,1,0.00018192614439056982,1,True,calibration__20210325T210000Z,0.59907335969597797,1.9244423104444399,-0.48288143849720389,-0.46229230932577803,gate_pass,74,48
48,103,maximum_downside_deviation_mean,A,-0.0071416929420617947,0.00037843934831107128,0.00037528119005715273,0.00037843934831107128,0.0083452163946826086,True,18.871433358963071,-1,-0.0068454692290644435,-1,True,calibration__20200509T220000Z,0.10395232244665671,14.095861280943474,-0.51447982780690882,-0.61706109085340066,gate_pass,74,48
48,103,maximum_downside_deviation_mean,AB,0.0070720138880077396,0.00038654005546036026,0.0003792511248375363,0.00038654005546036026,0.018856857186878122,True,18.295681878518735,1,0.0068454692290644435,1,True,calibration__20210616T110000Z,0.1177660785683291,13.794978879550024,-0.51053240726450799,-0.60719526875913488,gate_pass,74,48
48,103,maximum_downside_deviation_mean,ABC,-0.0070720138880077396,0.00038654005546036026,0.0003792511248375363,0.00038654005546036026,0.018856857186878122,True,18.295681878518735,-1,-0.0068454692290644435,-1,True,calibration__20210616T110000Z,0.1177660785683291,13.794978879550024,-0.51053240726450799,-0.60719526875913488,gate_pass,74,48
48,103,maximum_downside_deviation_mean,AC,0.0071416929420617947,0.00037843934831107128,0.00037528119005715273,0.00037843934831107128,0.0083452163946826086,True,18.871433358963071,1,0.0068454692290644435,1,True,calibration__20200509T220000Z,0.10395232244665671,14.095861280943474,-0.51447982780690882,-0.61706109085340066,gate_pass,74,48
48,103,maximum_downside_deviation_mean,B,-0.079214315483992132,0.002612684123982707,0.0024083583892527006,0.002612684123982707,0.07820529579310094,True,30.319132250568398,-1,-0.080974253963389531,-1,True,calibration__20210421T210000Z,0.039894444542504535,43.156291843881021,-0.50405236749254012,-0.65123955452787485,gate_pass,74,48
48,103,maximum_downside_deviation_mean,BC,0.0081173379152480445,0.00049290588420268435,0.00042058948627226916,0.00049290588420268435,0.14671441394414045,True,16.468332343766811,1,0.0082044181077627377,1,True,calibration__20210616T110000Z,0.14481760370195787,11.730648397901252,-0.49505125152284696,-0.62240439331004627,gate_pass,74,48
48,103,maximum_downside_deviation_mean,C,-0.0081870169693020987,0.00048338378302176894,0.0004155243120012205,0.00048338378302176894,0.14038425243879649,True,16.936887948790371,-1,-0.0082044181077627377,-1,True,calibration__20210920T030000Z,0.14119709421186288,12.07684109508185,-0.49544677077389154,-0.63045774935515919,gate_pass,74,48
48,103,recovery_completion_hours_mean,A,-11.510557432432433,0.53552190783877185,0.52733445469963536,0.53552190783877185,0.015288736126928847,True,21.494092517869291,-1,-11.098184121621621,-1,True,calibration__20210616T110000Z,0.11300493990588049,13.664529566116697,-0.5029066079656167,-0.59190641440175673,gate_pass,74,48
48,103,recovery_completion_hours_mean,AB,6.8759853603603602,0.50907371538718904,0.47698299274905898,0.50907371538718904,0.063037477025743985,True,13.506855986722185,1,6.6152871621621623,1,True,calibration__20200509T220000Z,0.11951113546305035,12.582018911042965,-0.5144513150025285,-0.58089109855661525,gate_pass,74,48
48,103,recovery_completion_hours_mean,ABC,-6.8759853603603602,0.50907371538718904,0.47698299274905898,0.50907371538718904,0.063037477025743985,True,13.506855986722185,-1,-6.6152871621621623,-1,True,calibration__20200509T220000Z,0.11951113546305035,12.582018911042965,-0.5144513150025285,-0.58089109855661525,gate_pass,74,48
48,103,recovery_completion_hours_mean,AC,11.510557432432433,0.53552190783877185,0.52733445469963536,0.53552190783877185,0.015288736126928847,True,21.494092517869291,1,11.098184121621621,1,True,calibration__20210616T110000Z,0.11300493990588049,13.664529566116697,-0.5029066079656167,-0.59190641440175673,gate_pass,74,48
48,103,recovery_completion_hours_mean,B,-98.821368243243228,3.594029414831414,3.2136943060496086,3.594029414831414,0.10582415024548314,True,27.495982040502767,-1,-101.05764358108108,-1,True,calibration__20200523T100000Z,0.043418641369686983,42.510308795407738,-0.50103380217140769,-0.68807924996161596,gate_pass,74,48
48,103,recovery_completion_hours_mean,BC,7.9438344594594597,0.61766757716228471,0.53687785450091785,0.61766757716228471,0.13079806298484134,True,12.86101902249001,1,8.0508868243243246,1,True,calibration__20210920T030000Z,0.17943677625017937,10.331434368528431,-0.49762004565140006,-0.59819917169815706,gate_pass,74,48
48,103,recovery_completion_hours_mean,C,-13.351210585585585,0.66569864918171573,0.58590234797731788,0.66569864918171573,0.11986850401827367,True,20.055937625826708,-1,-13.421452702702704,-1,True,calibration__20210920T030000Z,0.14580179934221449,11.452035102474888,-0.49484815119052289,-0.60219636411501154,gate_pass,74,48
48,116,failed_recovery_attempts_mean,A,-0.0038710585585585585,0.00065616664948078428,0.00065616664948078428,0.00060345119055629185,0.080338522182139938,True,5.8995051967692573,-1,-0.0042229729729729732,-1,True,calibration__20200511T090000Z,0.20342717258261936,8.8310371817268241,-0.49790892518210511,-0.41804806419863111,gate_pass,74,48
48,116,failed_recovery_attempts_mean,AB,0.0037302927927927924,0.00065616664948078428,0.00065616664948078428,0.00062202854478639021,0.05202657697005339,True,5.6849777350685562,1,0.0040118243243243241,1,True,calibration__20200511T090000Z,0.20342717258261936,8.8310371817268241,-0.49393484675213778,-0.40546988209168389,gate_pass,74,48
48,116,failed_recovery_attempts_mean,ABC,-0.0037302927927927924,0.00065616664948078428,0.00065616664948078428,0.00062202854478639021,0.05202657697005339,True,5.6849777350685562,-1,-0.0040118243243243241,-1,True,calibration__20200511T090000Z,0.20342717258261936,8.8310371817268241,-0.49393484675213778,-0.40546988209168389,gate_pass,74,48
48,116,failed_recovery_attempts_mean,AC,0.0038710585585585585,0.00065616664948078428,0.00065616664948078428,0.00060345119055629185,0.080338522182139938,True,5.8995051967692573,1,0.0042229729729729732,1,True,calibration__20200511T090000Z,0.20342717258261936,8.8310371817268241,-0.49790892518210511,-0.41804806419863111,gate_pass,74,48
48,116,failed_recovery_attempts_mean,B,-0.24598817567567569,0.0077062640768985335,0.0077062640768985335,0.0068398489101048152,0.11242998658597957,True,31.920548429307939,-1,-0.25147804054054052,-1,True,calibration__20210212T030000Z,0.051069758361508219,50.841585330684389,-0.51970704476797325,-0.47081196314041235,gate_pass,74,48
48,116,failed_recovery_attempts_mean,BC,0.0038710585585585585,0.00069788860428585586,0.00069788860428585586,0.00063610261163663656,0.088532743291380195,True,5.5468143981513833,1,0.0044341216216216214,1,True,calibration__20200511T090000Z,0.29582341484527158,6.960709825705508,-0.48373721439596812,-0.40321852193681368,gate_pass,74,48
48,116,failed_recovery_attempts_mean,C,-0.0040118243243243241,0.00069788860428585586,0.00069788860428585586,0.00061726588263225969,0.11552376863367299,True,5.7485167399023425,-1,-0.0046452702702702705,-1,True,calibration__20200511T090000Z,0.29582341484527158,6.960709825705508,-0.48725442898008536,-0.41498880100068841,gate_pass,74,48
48,116,first_six_hour_burden_mean,A,-0.0010386847787880135,0.00023026097614424829,0.00023026097614424829,0.00021221195336692386,0.078385070191040573,True,4.5109023516747513,-1,-0.00077773415827142351,-1,True,calibration__20210613T040000Z,0.34372681545396438,5.4369030887864893,-0.36997272980205703,-0.36351047628083571,gate_pass,74,48
48,116,first_six_hour_burden_mean,AB,0.0010386847787880135,0.00023026097614424829,0.00023026097614424829,0.00021221195336692386,0.078385070191040573,True,4.5109023516747513,1,0.00077773415827142351,1,True,calibration__20210613T040000Z,0.34372681545396438,5.4369030887864893,-0.36997272980205703,-0.36351047628083571,gate_pass,74,48
48,116,first_six_hour_burden_mean,ABC,-0.0010386847787880135,0.00023026097614424829,0.00023026097614424829,0.00021221195336692386,0.078385070191040573,True,4.5109023516747513,-1,-0.00077773415827142351,-1,True,calibration__20210613T040000Z,0.34372681545396438,5.4369030887864893,-0.36997272980205703,-0.36351047628083571,gate_pass,74,48
48,116,first_six_hour_burden_mean,AC,0.0010386847787880135,0.00023026097614424829,0.00023026097614424829,0.00021221195336692386,0.078385070191040573,True,4.5109023516747513,1,0.00077773415827142351,1,True,calibration__20210613T040000Z,0.34372681545396438,5.4369030887864893,-0.36997272980205703,-0.36351047628083571,gate_pass,74,48
48,116,first_six_hour_burden_mean,B,-0.13981656344338919,0.0051347330598021197,0.0050251141558400611,0.0051347330598021197,0.02134851075710701,True,27.229568083677048,-1,-0.13707753457018149,-1,True,calibration__20210605T110000Z,0.037690171448156666,46.227370480958704,-0.49526128391851498,-0.44598065066831422,gate_pass,74,48
48,116,first_six_hour_burden_mean,BC,0.001152517919149513,0.00024276917611669769,0.00024276917611669769,0.00021589982175348836,0.11067860752756102,True,4.7473815975529963,1,0.00084589409920320156,1,True,calibration__20210613T040000Z,0.30921959597752346,5.9368373735172471,-0.39523373159978792,-0.37507851701151107,gate_pass,74,48
48,116,first_six_hour_burden_mean,C,-0.001152517919149513,0.00024276917611669769,0.00024276917611669769,0.00021589982175348836,0.11067860752756102,True,4.7473815975529963,-1,-0.00084589409920320156,-1,True,calibration__20210613T040000Z,0.30921959597752346,5.9368373735172471,-0.39523373159978792,-0.37507851701151107,gate_pass,74,48
48,116,initial_gap_q4_q1_burden_contrast,A,0.00021848525564518312,0.00057091778542468969,0.00055046212328537013,0.00057091778542468969,0.035829435798892077,True,0.38269127573711526,1,0.00050997711042258535,1,True,calibration__20210710T100000Z,0.48542867603970996,3.0287778977023021,0.27177959907321364,0.2385179160622769,gate_pass,74,48
48,116,initial_gap_q4_q1_burden_contrast,AB,-0.00021848525564518333,0.00057091778542468969,0.00055046212328537013,0.00057091778542468969,0.035829435798892077,True,0.38269127573711564,-1,-0.00050997711042258557,-1,True,calibration__20210710T100000Z,0.48542867603970996,3.0287778977023021,0.27177959907321364,0.2385179160622769,gate_pass,74,48
48,116,initial_gap_q4_q1_burden_contrast,ABC,0.00021848525564518312,0.00057091778542468969,0.00055046212328537013,0.00057091778542468969,0.035829435798892077,True,0.38269127573711526,1,0.00050997711042258557,1,True,calibration__20210710T100000Z,0.48542867603970996,3.0287778977023021,0.27177959907321364,0.2385179160622769,gate_pass,74,48
48,116,initial_gap_q4_q1_burden_contrast,AC,-0.00021848525564518333,0.00057091778542468969,0.00055046212328537013,0.00057091778542468969,0.035829435798892077,True,0.38269127573711564,-1,-0.00050997711042258557,-1,True,calibration__20210710T100000Z,0.48542867603970996,3.0287778977023021,0.27177959907321364,0.2385179160622769,gate_pass,74,48
48,116,initial_gap_q4_q1_burden_contrast,B,0.080804706037632124,0.013828227416959079,0.013828227416959079,0.012242485644334365,0.11467426191443339,True,5.8434608862834008,1,0.080245101091204044,1,True,calibration__20210605T110000Z,0.075499345752804717,21.988630207209866,-0.48754610487901723,-0.47852444675682826,gate_pass,74,48
48,116,initial_gap_q4_q1_burden_contrast,BC,-0.00021848525564518333,0.00057091778542468969,0.00055046212328537013,0.00057091778542468969,0.035829435798892077,True,0.38269127573711564,-1,-0.00050997711042258568,-1,True,calibration__20210710T100000Z,0.48542867603970996,3.0287778977023021,0.27177959907321364,0.2385179160622769,gate_pass,74,48
48,116,initial_gap_q4_q1_burden_contrast,C,0.00021848525564518333,0.00057091778542468969,0.00055046212328537013,0.00057091778542468969,0.035829435798892077,True,0.38269127573711564,1,0.00050997711042258557,1,True,calibration__20210710T100000Z,0.48542867603970996,3.0287778977023021,0.27177959907321364,0.2385179160622769,gate_pass,74,48
48,116,maximum_downside_deviation_mean,A,-0.0054698057432432425,0.00035219210384698405,0.00035219210384698405,0.0003099105856311563,0.12005243091479895,True,15.53074496417357,-1,-0.0055917440878378386,-1,True,calibration__20200511T090000Z,0.11659379554445135,14.831994398655986,-0.54172907495998257,-0.46361834792323375,gate_pass,74,48
48,116,maximum_downside_deviation_mean,AB,0.0022645692567567566,0.00033980178543044386,0.00033980178543044386,0.00033582646462251066,0.011698940318684499,True,6.6643830428616315,1,0.0024561866554054053,1,True,calibration__20200511T090000Z,0.12525162156117195,14.839155341730129,-0.53085255221611705,-0.51757421117517655,gate_pass,74,48
48,116,maximum_downside_deviation_mean,ABC,-0.0022645692567567566,0.00033980178543044386,0.00033980178543044386,0.00033582646462251066,0.011698940318684499,True,6.6643830428616315,-1,-0.0024561866554054053,-1,True,calibration__20200511T090000Z,0.12525162156117195,14.839155341730129,-0.53085255221611705,-0.51757421117517655,gate_pass,74,48
48,116,maximum_downside_deviation_mean,AC,0.0054698057432432425,0.00035219210384698405,0.00035219210384698405,0.0003099105856311563,0.12005243091479895,True,15.53074496417357,1,0.0055917440878378386,1,True,calibration__20200511T090000Z,0.11659379554445135,14.831994398655986,-0.54172907495998257,-0.46361834792323375,gate_pass,74,48
48,116,maximum_downside_deviation_mean,B,-0.25164637643874932,0.0032545570982586073,0.0032545570982586073,0.0029840670523201629,0.083111169284193417,True,77.321235683158221,-1,-0.25288309494122924,-1,True,calibration__20210808T140000Z,0.022470116217966622,55.903522986707557,-0.49367446205864501,-0.37024858684614037,gate_pass,74,48
48,116,maximum_downside_deviation_mean,BC,0.0020555320945945944,0.0003548220751876278,0.0003548220751876278,0.00032741584148599927,0.077239370428506385,True,5.793134752136381,1,0.0022471494932432431,1,True,calibration__20200511T090000Z,0.13702564102564097,13.388081343764098,-0.51413294619369654,-0.40733674302039108,gate_pass,74,48
48,116,maximum_downside_deviation_mean,C,-0.006096917229729726,0.00036670523540154423,0.00036670523540154423,0.00033949764414289258,0.074194717260742629,True,16.62620721259561,-1,-0.0064278927364864822,-1,True,calibration__20200511T090000Z,0.12828884194353748,13.670070632200796,-0.52645737924855962,-0.50244594460374215,gate_pass,74,48
48,116,recovery_completion_hours_mean,A,-8.4731137387387374,0.49652601766247179,0.49652601766247179,0.43985481049329406,0.11413542322711004,True,17.064793056823433,-1,-8.6101140202702702,-1,True,calibration__20200511T090000Z,0.11337113676474143,15.506373401045771,-0.5376861259336162,-0.46761088677846741,gate_pass,74,48
48,116,recovery_completion_hours_mean,AB,2.1538569819819813,0.46341736500996006,0.46341736500996006,0.44649791210914153,0.036510183213472998,True,4.647769256414656,1,2.4388724662162162,1,True,calibration__20200511T090000Z,0.12866793673945756,15.194643288207523,-0.530457675985471,-0.50430663017205368,gate_pass,74,48
48,116,recovery_completion_hours_mean,ABC,-2.1538569819819813,0.46341736500996006,0.46341736500996006,0.44649791210914153,0.036510183213472998,True,4.647769256414656,-1,-2.4388724662162162,-1,True,calibration__20200511T090000Z,0.12866793673945756,15.194643288207523,-0.530457675985471,-0.50430663017205368,gate_pass,74,48
48,116,recovery_completion_hours_mean,AC,8.4731137387387374,0.49652601766247179,0.49652601766247179,0.43985481049329406,0.11413542322711004,True,17.064793056823433,1,8.6101140202702702,1,True,calibration__20200511T090000Z,0.11337113676474143,15.506373401045771,-0.5376861259336162,-0.46761088677846741,gate_pass,74,48
48,116,recovery_completion_hours_mean,B,-341.05757319819816,4.4960491526128452,4.4960491526128452,4.1444490772134595,0.078202008800338854,True,75.857171846085166,-1,-342.80542652027026,-1,True,calibration__20210808T140000Z,0.023210592105851822,55.521798492466615,-0.49323812358806746,-0.36580795797463794,gate_pass,74,48
48,116,recovery_completion_hours_mean,BC,1.7526745495495495,0.48701590336114536,0.48701590336114536,0.45138602000493111,0.073159589061289873,True,3.5988035245942642,1,2.0347339527027026,1,True,calibration__20200509T220000Z,0.1406270441543771,13.387839432551299,-0.51602656355983412,-0.41573779041843806,gate_pass,74,48
48,116,recovery_completion_hours_mean,C,-9.4764921171171164,0.51664272674052258,0.51664272674052258,0.47586768636832572,0.078923089906723157,True,18.342447549593722,-1,-9.9086782094594597,-1,True,calibration__20200509T220000Z,0.12505666087728429,14.195375093975766,-0.52150501957259376,-0.5082348631090664,gate_pass,74,48
48,126,failed_recovery_attempts_mean,A,-0.0038710585585585585,0.00054159509910661535,0.00053886369430743662,0.00054159509910661535,0.005043259814729301,True,7.1475140099015624,-1,-0.00390625,-1,True,calibration__20210926T070000Z,0.18584392014519055,9.0741905286804467,-0.48738081941053818,-0.46366704176467072,gate_pass,74,48
48,126,failed_recovery_attempts_mean,AB,-0.0016188063063063063,0.00057775292688436305,0.00053886369430743662,0.00057775292688436305,0.067311182284516727,True,2.8019006585323791,-1,-0.0017947635135135136,-1,True,calibration__20210926T070000Z,0.18584392014519055,9.0741905286804467,-0.48356773259619767,-0.59510380947604968,gate_pass,74,48
48,126,failed_recovery_attempts_mean,ABC,0.0016188063063063063,0.00057775292688436305,0.00053886369430743662,0.00057775292688436305,0.067311182284516727,True,2.8019006585323791,1,0.0017947635135135136,1,True,calibration__20210926T070000Z,0.18584392014519055,9.0741905286804467,-0.48356773259619767,-0.59510380947604968,gate_pass,74,48
48,126,failed_recovery_attempts_mean,AC,0.0038710585585585585,0.00054159509910661535,0.00053886369430743662,0.00054159509910661535,0.005043259814729301,True,7.1475140099015624,1,0.00390625,1,True,calibration__20210926T070000Z,0.18584392014519055,9.0741905286804467,-0.48738081941053818,-0.46366704176467072,gate_pass,74,48
48,126,failed_recovery_attempts_mean,B,-0.21727195945945946,0.0059901510749374338,0.0059901510749374338,0.0055243432747299178,0.077762279177972377,True,36.271532510843862,-1,-0.22117820945945946,-1,True,calibration__20210705T020000Z,0.031159767241708502,49.418655956204589,-0.50707847399558581,-0.48115930942985163,gate_pass,74,48
48,126,failed_recovery_attempts_mean,BC,-0.0014780405405405404,0.00058572480849485562,0.00055694621091653088,0.00058572480849485562,0.049133308271980938,True,2.5234385143061973,-1,-0.0017947635135135136,-1,True,calibration__20200511T090000Z,0.19435949711179068,8.5234336020878434,-0.46173488013461311,-0.5893455234276288,gate_pass,74,48
48,126,failed_recovery_attempts_mean,C,-0.0040118243243243241,0.00055694621091653099,0.00055694621091653088,0.00055694621091653099,1.9466909931953783e-16,True,7.2032527480927104,-1,-0.00390625,-1,True,calibration__20200511T090000Z,0.19435949711179068,8.5234336020878434,-0.46530323320532635,-0.43190131914809943,gate_pass,74,48
48,126,first_six_hour_burden_mean,A,-0.0049751017682546006,0.00054611448983640191,0.00054611448983640191,0.00047052563705516726,0.1384120989059979,True,9.1099977401166896,-1,-0.0049581185193015714,-1,True,calibration__20210208T030000Z,0.16449324943159288,9.8507961597015914,-0.50852715074700539,-0.48411195587792483,gate_pass,74,48
48,126,first_six_hour_burden_mean,AB,0.0018511786651491484,0.00051982323279471784,0.00051982323279471784,0.00045047681506876796,0.13340384452061479,True,3.561169544494355,1,0.0022984532189995088,1,True,calibration__20200511T090000Z,0.14346338945762666,10.522676772792224,-0.54144993296255683,-0.40078235368867338,gate_pass,74,48
48,126,first_six_hour_burden_mean,ABC,-0.0018511786651491484,0.00051982323279471784,0.00051982323279471784,0.00045047681506876796,0.13340384452061479,True,3.561169544494355,-1,-0.0022984532189995088,-1,True,calibration__20200511T090000Z,0.14346338945762663,10.522676772792224,-0.54144993296255683,-0.40078235368867338,gate_pass,74,48
48,126,first_six_hour_burden_mean,AC,0.0049751017682546006,0.00054611448983640191,0.00054611448983640191,0.00047052563705516726,0.1384120989059979,True,9.1099977401166896,1,0.0049581185193015714,1,True,calibration__20210208T030000Z,0.16449324943159288,9.8507961597015914,-0.50852715074700539,-0.48411195587792483,gate_pass,74,48
48,126,first_six_hour_burden_mean,B,-0.28152927097141456,0.0062314981834896629,0.0059248839766949356,0.0062314981834896629,0.049203931023698418,True,45.178424623042588,-1,-0.28245909388566509,-1,True,calibration__20210204T040000Z,0.026931262811066961,53.27949558682743,-0.49700162777658236,-0.44593427247188966,gate_pass,74,48
48,126,first_six_hour_burden_mean,BC,0.0021327101966806803,0.00054796094991834885,0.00054796094991834885,0.0004829779786925402,0.11859051495456328,True,3.8920842753456673,1,0.0027207505162968062,1,True,calibration__20200511T090000Z,0.229170934050376,8.8639685004149413,-0.55249419365177066,-0.42074098219858203,gate_pass,74,48
48,126,first_six_hour_burden_mean,C,-0.0052566332997861327,0.00057296251648039003,0.00057296251648039003,0.00050475848967067131,0.11903750218894647,True,9.1744802645672614,-1,-0.0053804158165988688,-1,True,calibration__20200511T090000Z,0.20960726553557604,8.7893294782129807,-0.52273071362511947,-0.5253042495298772,gate_pass,74,48
48,126,initial_gap_q4_q1_burden_contrast,A,0.00040434516067561254,0.0013639398383223688,0.0013639398383223688,0.0012370300230279373,0.093046490562611023,True,0.29645380926254983,1,-0.00018556697250679023,-1,False,calibration__20210306T130000Z,0.32915528119525284,5.2300053370695556,-0.50830189387748703,-0.387663864839429,gate_pass,74,48
48,126,initial_gap_q4_q1_burden_contrast,AB,0.0029905834163315866,0.0013990602637588936,0.0012767558736420919,0.0013990602637588936,0.087418957771127806,True,2.1375658317224335,1,0.0039653160368411378,1,True,calibration__20210710T100000Z,0.23440920110230096,6.1399664625299195,-0.59099428607180871,-0.68878625409933725,gate_pass,74,48
48,126,initial_gap_q4_q1_burden_contrast,ABC,-0.0029905834163315866,0.0013990602637588936,0.0012767558736420919,0.0013990602637588936,0.087418957771127806,True,2.1375658317224335,-1,-0.0039653160368411378,-1,True,calibration__20210710T100000Z,0.23440920110230096,6.1399664625299186,-0.59099428607180871,-0.68878625409933725,gate_pass,74,48
48,126,initial_gap_q4_q1_burden_contrast,AC,-0.00040434516067561254,0.0013639398383223688,0.0013639398383223688,0.0012370300230279373,0.093046490562611023,True,0.29645380926254983,-1,0.00018556697250679023,1,False,calibration__20210306T130000Z,0.32915528119525284,5.2300053370695556,-0.50830189387748703,-0.387663864839429,gate_pass,74,48
48,126,initial_gap_q4_q1_burden_contrast,B,0.05024189475002705,0.017563123161054506,0.016496247782928672,0.017563123161054506,0.060745197100911204,True,2.8606469526693497,1,0.045389200739029412,1,True,calibration__20210204T040000Z,0.05269899261637976,26.983158346874141,-0.49463150585585275,-0.60036911264525272,gate_pass,74,48
48,126,initial_gap_q4_q1_burden_contrast,BC,0.0029905834163315866,0.0013990602637588936,0.0012767558736420919,0.0013990602637588936,0.087418957771127806,True,2.1375658317224335,1,0.0039653160368411378,1,True,calibration__20210710T100000Z,0.23440920110230096,6.1399664625299186,-0.59099428607180871,-0.68878625409933725,gate_pass,74,48
48,126,initial_gap_q4_q1_burden_contrast,C,0.00040434516067561254,0.0013639398383223688,0.0013639398383223688,0.0012370300230279373,0.093046490562611023,True,0.29645380926254983,1,-0.00018556697250679023,-1,False,calibration__20210306T130000Z,0.32915528119525284,5.2300053370695556,-0.50830189387748703,-0.387663864839429,gate_pass,74,48
48,126,maximum_downside_deviation_mean,A,-0.0036233108108108107,0.00030013148680283977,0.00029840558700327082,0.00030013148680283977,0.0057504789582531008,True,12.072411493403257,-1,-0.0036581503378378378,-1,True,calibration__20210208T030000Z,0.18097447795823657,10.413706597526366,-0.52374187458924271,-0.42060991570713313,gate_pass,74,48
48,126,maximum_downside_deviation_mean,AB,-0.00069679054054054058,0.00027853083793417369,0.00027853083793417369,0.00026736611432188876,0.040084335706208327,True,2.5016638936950164,-1,-0.00062711148648648648,-1,True,calibration__20211210T180000Z,0.13548601864181092,11.766813056132188,-0.49251569074326018,-0.37460831765648306,gate_pass,74,48
48,126,maximum_downside_deviation_mean,ABC,0.00069679054054054058,0.00027853083793417369,0.00027853083793417369,0.00026736611432188876,0.040084335706208327,True,2.5016638936950164,1,0.00062711148648648648,1,True,calibration__20211210T180000Z,0.13548601864181092,11.766813056132188,-0.49251569074326018,-0.37460831765648306,gate_pass,74,48
48,126,maximum_downside_deviation_mean,AC,0.0036233108108108107,0.00030013148680283977,0.00029840558700327082,0.00030013148680283977,0.0057504789582531008,True,12.072411493403257,1,0.0036581503378378378,1,True,calibration__20210208T030000Z,0.18097447795823657,10.413706597526366,-0.52374187458924271,-0.42060991570713313,gate_pass,74,48
48,126,maximum_downside_deviation_mean,B,-0.29927153716216215,0.0028379032694986171,0.0028379032694986171,0.0026548756569254985,0.064493957401675212,True,105.45515781975034,-1,-0.30080447635135138,-1,True,calibration__20210410T170000Z,0.029501173633646734,44.139235770173194,-0.49203028128424281,-0.473606941967946,gate_pass,74,48
48,126,maximum_downside_deviation_mean,BC,-0.00048775337837837849,0.00032634927320338301,0.00029961476076082805,0.00032634927320338301,0.081919938659994612,True,1.494574734580173,-1,-0.00041807432432432423,-1,True,calibration__20200511T090000Z,0.19217491369390105,10.789170268243028,-0.47733258782065635,-0.37890853071876907,gate_pass,74,48
48,126,maximum_downside_deviation_mean,C,-0.0038323479729729672,0.00034120491243716761,0.00031817522144287404,0.00034120491243716761,0.067495191759686185,True,11.231807729845299,-1,-0.0038671874999999943,-1,True,calibration__20200511T090000Z,0.17040816326530617,10.281169210017824,-0.50950813989220711,-0.41206081961908242,gate_pass,74,48
48,126,recovery_completion_hours_mean,A,-6.1283079954954953,0.42571127553667421,0.42292561619684005,0.42571127553667421,0.006543541362211764,True,14.395456140478839,-1,-6.1464315878378377,-1,True,calibration__20210208T030000Z,0.17658724157964253,10.935048663157648,-0.52130205900500093,-0.45158632735995735,gate_pass,74,48
48,126,recovery_completion_hours_mean,AB,-2.0662302927927927,0.39443888700893531,0.39443888700893531,0.37418554689503997,0.051347219508396345,True,5.2384041250628162,-1,-1.9397170608108107,-1,True,calibration__20211210T180000Z,0.13318055311638996,12.383281241660978,-0.49049587414491785,-0.37507609286260979,gate_pass,74,48
48,126,recovery_completion_hours_mean,ABC,2.0662302927927927,0.39443888700893531,0.39443888700893531,0.37418554689503997,0.051347219508396345,True,5.2384041250628162,1,1.9397170608108107,1,True,calibration__20211210T180000Z,0.13318055311638996,12.383281241660978,-0.49049587414491785,-0.37507609286260979,gate_pass,74,48
48,126,recovery_completion_hours_mean,AC,6.1283079954954953,0.42571127553667421,0.42292561619684005,0.42571127553667421,0.006543541362211764,True,14.395456140478839,1,6.1464315878378377,1,True,calibration__20210208T030000Z,0.17658724157964253,10.935048663157648,-0.52130205900500093,-0.45158632735995735,gate_pass,74,48
48,126,recovery_completion_hours_mean,B,-407.27048141891891,3.934944404427835,3.934944404427835,3.6877833445545618,0.062811830224374393,True,103.50094932996608,-1,-409.29402449324323,-1,True,calibration__20201112T180000Z,0.029832334782822382,43.929318236127799,-0.4927396558520587,-0.47423554219642067,gate_pass,74,48
48,126,recovery_completion_hours_mean,BC,-1.9370073198198197,0.46188450083686733,0.4239112813662308,0.46188450083686733,0.082213669005637993,True,4.1937049550488164,-1,-1.8237964527027026,-1,True,calibration__20200511T090000Z,0.18527212604365317,11.365525725238411,-0.47699120238906939,-0.37374706753246589,gate_pass,74,48
48,126,recovery_completion_hours_mean,C,-6.581010698198198,0.47487461677284099,0.45015995965247041,0.47487461677284099,0.052044595030845742,True,13.858417497489159,-1,-6.6137035472972974,-1,True,calibration__20200511T090000Z,0.16285997267917054,10.81499156385426,-0.5068304202126489,-0.44203842329636828,gate_pass,74,48
48,127,failed_recovery_attempts_mean,A,0.00014076576576576579,0.00014076576576576576,0.00014076576576576574,0.00014076576576576576,1.9255430583342559e-16,True,1.0000000000000002,1,0.00010557432432432433,1,True,calibration__20200317T160000Z,0.25000000000000006,3.9999999999999991,-0.44596373282285445,-0.44470292721634713,gate_pass,74,48
48,127,failed_recovery_attempts_mean,AB,-0.00014076576576576579,0.00014076576576576576,0.00014076576576576574,0.00014076576576576576,1.9255430583342559e-16,True,1.0000000000000002,-1,-0.00010557432432432433,-1,True,calibration__20200317T160000Z,0.25000000000000006,3.9999999999999991,-0.44596373282285445,-0.44470292721634713,gate_pass,74,48
48,127,failed_recovery_attempts_mean,ABC,0.00014076576576576579,0.00014076576576576576,0.00014076576576576574,0.00014076576576576576,1.9255430583342559e-16,True,1.0000000000000002,1,0.00010557432432432433,1,True,calibration__20200317T160000Z,0.25000000000000006,3.9999999999999991,-0.44596373282285445,-0.44470292721634713,gate_pass,74,48
48,127,failed_recovery_attempts_mean,AC,-0.00014076576576576579,0.00014076576576576576,0.00014076576576576574,0.00014076576576576576,1.9255430583342559e-16,True,1.0000000000000002,-1,-0.00010557432432432433,-1,True,calibration__20200317T160000Z,0.25000000000000006,3.9999999999999991,-0.44596373282285445,-0.44470292721634713,gate_pass,74,48
48,127,failed_recovery_attempts_mean,B,-0.23887950450450449,0.008765725046685548,0.0083270302852852703,0.008765725046685548,0.050046602997906586,True,27.25153974511537,-1,-0.23764780405405406,-1,True,calibration__20200505T100000Z,0.041418139588615496,48.942285774819169,-0.50463985611044648,-0.49830810047545521,gate_pass,74,48
48,127,failed_recovery_attempts_mean,BC,-0.00014076576576576579,0.00014076576576576576,0.00014076576576576574,0.00014076576576576576,1.9255430583342559e-16,True,1.0000000000000002,-1,-0.00010557432432432433,-1,True,calibration__20200317T160000Z,0.25000000000000006,3.9999999999999991,-0.44596373282285445,-0.44470292721634713,gate_pass,74,48
48,127,failed_recovery_attempts_mean,C,0.00014076576576576579,0.00014076576576576576,0.00014076576576576574,0.00014076576576576576,1.9255430583342559e-16,True,1.0000000000000002,1,0.00010557432432432433,1,True,calibration__20200317T160000Z,0.25000000000000006,3.9999999999999991,-0.44596373282285445,-0.44470292721634713,gate_pass,74,48
48,127,first_six_hour_burden_mean,A,-3.5613232121820665e-07,1.7062873413359655e-07,1.640854466086615e-07,1.7062873413359655e-07,0.038348098625709079,True,2.087176717488668,-1,-5.3419848182731e-07,-1,True,calibration__20200511T090000Z,0.51055671789608181,2.1322877786903991,-0.26110549484624102,-0.38149617171288885,gate_pass,74,48
48,127,first_six_hour_burden_mean,AB,3.5613232121820665e-07,1.7062873413359655e-07,1.640854466086615e-07,1.7062873413359655e-07,0.038348098625709079,True,2.087176717488668,1,5.3419848182731e-07,1,True,calibration__20200511T090000Z,0.51055671789608181,2.1322877786903991,-0.26110549484624102,-0.38149617171288885,gate_pass,74,48
48,127,first_six_hour_burden_mean,ABC,-3.5613232121820665e-07,1.7062873413359655e-07,1.640854466086615e-07,1.7062873413359655e-07,0.038348098625709079,True,2.087176717488668,-1,-5.3419848182731e-07,-1,True,calibration__20200511T090000Z,0.51055671789608181,2.1322877786903991,-0.26110549484624102,-0.38149617171288885,gate_pass,74,48
48,127,first_six_hour_burden_mean,AC,3.5613232121820665e-07,1.7062873413359655e-07,1.640854466086615e-07,1.7062873413359655e-07,0.038348098625709079,True,2.087176717488668,1,5.3419848182731e-07,1,True,calibration__20200511T090000Z,0.51055671789608181,2.1322877786903991,-0.26110549484624102,-0.38149617171288885,gate_pass,74,48
48,127,first_six_hour_burden_mean,B,-0.037141029487871999,0.0027433455493076609,0.002602984035707915,0.0027433455493076609,0.05116435792609831,True,13.538589587172238,-1,-0.039288542553211687,-1,True,calibration__20200523T100000Z,0.1294580472750686,15.688964439774139,-0.52052988216815099,-0.43173199844443721,gate_pass,74,48
48,127,first_six_hour_burden_mean,BC,3.5613232121820607e-07,1.706287341335965e-07,1.6408544660866147e-07,1.706287341335965e-07,0.038348098625708933,True,2.0871767174886648,1,5.3419848182730915e-07,1,True,calibration__20200511T090000Z,0.51055671789608204,2.1322877786903978,-0.25926321411190989,-0.38002281306434876,gate_pass,74,48
48,127,first_six_hour_burden_mean,C,-3.5613232121820607e-07,1.706287341335965e-07,1.6408544660866147e-07,1.706287341335965e-07,0.038348098625708933,True,2.0871767174886648,-1,-5.3419848182730915e-07,-1,True,calibration__20200511T090000Z,0.51055671789608204,2.1322877786903978,-0.25926321411190989,-0.38002281306434876,gate_pass,74,48
48,127,initial_gap_q4_q1_burden_contrast,A,5.3570478006980344e-07,4.4379242960005032e-07,4.4379242960005032e-07,4.4162906780646438e-07,0.004874715405883738,True,1.2071066208871237,1,8.0355717010470522e-07,1,True,calibration__20210715T050000Z,0.94470601086308859,1.1166610752264139,-0.20190800449862512,-0.20335637705206666,gate_pass,74,48
48,127,initial_gap_q4_q1_burden_contrast,AB,-5.3570478006980344e-07,4.4379242960005032e-07,4.4379242960005032e-07,4.4162906780646438e-07,0.004874715405883738,True,1.2071066208871237,-1,-8.0355717010470522e-07,-1,True,calibration__20210715T050000Z,0.94470601086308859,1.1166610752264139,-0.20190800449862512,-0.20335637705206666,gate_pass,74,48
48,127,initial_gap_q4_q1_burden_contrast,ABC,5.3570478006980344e-07,4.4379242960005032e-07,4.4379242960005032e-07,4.4162906780646438e-07,0.004874715405883738,True,1.2071066208871237,1,8.0355717010470522e-07,1,True,calibration__20210715T050000Z,0.94470601086308859,1.1166610752264139,-0.20190800449862512,-0.20335637705206666,gate_pass,74,48
48,127,initial_gap_q4_q1_burden_contrast,AC,-5.3570478006980344e-07,4.4379242960005032e-07,4.4379242960005032e-07,4.4162906780646438e-07,0.004874715405883738,True,1.2071066208871237,-1,-8.0355717010470522e-07,-1,True,calibration__20210715T050000Z,0.94470601086308859,1.1166610752264139,-0.20190800449862512,-0.20335637705206666,gate_pass,74,48
48,127,initial_gap_q4_q1_burden_contrast,B,0.033988618916555635,0.0074791162792782672,0.0074791162792782672,0.0074662559943613292,0.0017194925759569954,True,4.5444699142764939,1,0.028550837681955918,1,True,calibration__20210325T210000Z,0.21746416655468367,8.2363734716320867,-0.48541071716906015,-0.61509528282759773,gate_pass,74,48
48,127,initial_gap_q4_q1_burden_contrast,BC,-5.3570478006980291e-07,4.4379242960005021e-07,4.4379242960005021e-07,4.4162906780646427e-07,0.0048747154058837389,True,1.2071066208871226,-1,-8.0355717010470448e-07,-1,True,calibration__20210715T050000Z,0.94470601086308903,1.116661075226413,-0.20190800449863702,-0.20335637705207837,gate_pass,74,48
48,127,initial_gap_q4_q1_burden_contrast,C,5.3570478006980291e-07,4.4379242960005021e-07,4.4379242960005021e-07,4.4162906780646427e-07,0.0048747154058837389,True,1.2071066208871226,1,8.0355717010470448e-07,1,True,calibration__20210715T050000Z,0.94470601086308903,1.116661075226413,-0.20190800449863702,-0.20335637705207837,gate_pass,74,48
48,127,maximum_downside_deviation_mean,A,-0.00080130912162162157,0.00017945540703741267,0.00017596768196490969,0.00017945540703741267,0.0194350514708975,True,4.4652269600021892,-1,-0.00088840793918918911,-1,True,calibration__20210710T100000Z,0.37030859049207676,4.6206540779429472,-0.57128688688595863,-0.47372558887276978,gate_pass,74,48
48,127,maximum_downside_deviation_mean,AB,0.00059227195945945948,0.00015338486556027762,0.00014824774689474915,0.00015338486556027762,0.033491691939513221,True,3.8613454938727756,1,0.00067937077702702703,1,True,calibration__20200505T100000Z,0.29612220916568754,5.8780163142729567,-0.53380534856442974,-0.43560759678680266,gate_pass,74,48
48,127,maximum_downside_deviation_mean,ABC,-0.00059227195945945948,0.00015338486556027762,0.00014824774689474915,0.00015338486556027762,0.033491691939513221,True,3.8613454938727756,-1,-0.00067937077702702703,-1,True,calibration__20200505T100000Z,0.29612220916568754,5.8780163142729567,-0.53380534856442974,-0.43560759678680266,gate_pass,74,48
48,127,maximum_downside_deviation_mean,AC,0.00080130912162162157,0.00017945540703741267,0.00017596768196490969,0.00017945540703741267,0.0194350514708975,True,4.4652269600021892,1,0.00088840793918918911,1,True,calibration__20210710T100000Z,0.37030859049207676,4.6206540779429472,-0.57128688688595863,-0.47372558887276978,gate_pass,74,48
48,127,maximum_downside_deviation_mean,B,-0.24447216967725849,0.0032336142718891459,0.0029483869811958684,0.0032336142718891459,0.088206961842310791,True,75.603380342094013,-1,-0.24546425215967893,-1,True,calibration__20201114T070000Z,0.027331627973431926,48.831717463048143,-0.50706370424118541,-0.55591355346747851,gate_pass,74,48
48,127,maximum_downside_deviation_mean,BC,0.00059227195945945948,0.00015338486556027762,0.00014824774689474915,0.00015338486556027762,0.033491691939513221,True,3.8613454938727756,1,0.00067937077702702703,1,True,calibration__20200505T100000Z,0.29612220916568754,5.8780163142729567,-0.44227894157915704,-0.34210693132501147,gate_pass,74,48
48,127,maximum_downside_deviation_mean,C,-0.00080130912162161973,0.00017945540703741267,0.00017596768196490969,0.00017945540703741267,0.0194350514708975,True,4.4652269600021786,-1,-0.00088840793918918738,-1,True,calibration__20210710T100000Z,0.37030859049207676,4.6206540779429472,-0.50337375616909663,-0.41308489076453048,gate_pass,74,48
48,127,recovery_completion_hours_mean,A,-2.168989301801802,0.27483116777608169,0.26559038780804706,0.27483116777608169,0.03362347889000545,True,7.8920790511248819,-1,-2.2644636824324325,-1,True,calibration__20210710T100000Z,0.31596652447394025,5.7403645989589061,-0.5559909690625352,-0.51440437353282842,gate_pass,74,48
48,127,recovery_completion_hours_mean,AB,-0.26865146396396405,0.19864683200972905,0.19618812929887341,0.19864683200972905,0.012377256088006541,True,1.3524074924628369,-1,-0.11138091216216216,-1,True,calibration__20200505T100000Z,0.27214117796193216,5.8108106738865812,-0.53127358707934835,-0.34669607537513508,gate_pass,74,48
48,127,recovery_completion_hours_mean,ABC,0.26865146396396405,0.19864683200972905,0.19618812929887341,0.19864683200972905,0.012377256088006541,True,1.3524074924628369,1,0.11138091216216216,1,True,calibration__20200505T100000Z,0.27214117796193216,5.8108106738865812,-0.53127358707934835,-0.34669607537513508,gate_pass,74,48
48,127,recovery_completion_hours_mean,AC,2.168989301801802,0.27483116777608169,0.26559038780804706,0.27483116777608169,0.03362347889000545,True,7.8920790511248819,1,2.2644636824324325,1,True,calibration__20210710T100000Z,0.31596652447394025,5.7403645989589061,-0.5559909690625352,-0.51440437353282842,gate_pass,74,48
48,127,recovery_completion_hours_mean,B,-330.70727759009003,4.4813459863366543,4.0862561184265589,4.4813459863366543,0.08816321460442908,True,73.796417102896314,-1,-332.11940456081084,-1,True,calibration__20211028T220000Z,0.027904272095438363,48.664389700179242,-0.50728830604883468,-0.55452004437076174,gate_pass,74,48
48,127,recovery_completion_hours_mean,BC,-0.42447916666666674,0.20375227167028021,0.1982082308766053,0.20375227167028021,0.027209712795970613,True,2.0833101058798271,-1,-0.28262246621621623,-1,True,calibration__20200505T100000Z,0.26662222114491763,5.8876112424754092,-0.44257054903342913,-0.27768701390060174,gate_pass,74,48
48,127,recovery_completion_hours_mean,C,-2.3366413288288288,0.27376745271136765,0.26733048562647888,0.27376745271136765,0.023512535990446084,True,8.5351319365649498,-1,-2.4445734797297298,-1,True,calibration__20210710T100000Z,0.31186655623857024,5.8302932580004159,-0.49566915889349483,-0.47189460189260019,gate_pass,74,48
48,134,failed_recovery_attempts_mean,A,0.00077421171171171172,0.00033723205183649779,0.00033346046574392866,0.00033723205183649779,0.011183949070172406,True,2.2957832966810563,1,0.00095016891891891897,1,True,calibration__20200511T090000Z,0.26919431279620853,5.2334055868758718,-0.48181042970219623,-0.32440341699075914,gate_pass,74,48
48,134,failed_recovery_attempts_mean,AB,-0.00077421171171171172,0.00033723205183649779,0.00033346046574392866,0.00033723205183649779,0.011183949070172406,True,2.2957832966810563,-1,-0.00095016891891891897,-1,True,calibration__20200511T090000Z,0.26919431279620853,5.2334055868758718,-0.48181042970219623,-0.32440341699075914,gate_pass,74,48
48,134,failed_recovery_attempts_mean,ABC,0.00077421171171171172,0.00033723205183649779,0.00033346046574392866,0.00033723205183649779,0.011183949070172406,True,2.2957832966810563,1,0.00095016891891891897,1,True,calibration__20200511T090000Z,0.26919431279620853,5.2334055868758718,-0.48181042970219623,-0.32440341699075914,gate_pass,74,48
48,134,failed_recovery_attempts_mean,AC,-0.00077421171171171172,0.00033723205183649779,0.00033346046574392866,0.00033723205183649779,0.011183949070172406,True,2.2957832966810563,-1,-0.00095016891891891897,-1,True,calibration__20200511T090000Z,0.26919431279620853,5.2334055868758718,-0.48181042970219623,-0.32440341699075914,gate_pass,74,48
48,134,failed_recovery_attempts_mean,B,-0.22290259009009006,0.0069096371154539577,0.0061088695076532574,0.0069096371154539577,0.11589141288038403,True,32.259666660576215,-1,-0.22392314189189189,-1,True,calibration__20201119T090000Z,0.027475025913174626,48.256565037633322,-0.49726508236477368,-0.47185084061857663,gate_pass,74,48
48,134,failed_recovery_attempts_mean,BC,-0.00063344594594594598,0.00034342599552938393,0.00033535156105198922,0.00034342599552938393,0.023511424826615536,True,1.84449038276646,-1,-0.00073902027027027031,-1,True,calibration__20200317T160000Z,0.26616682286785387,5.1903085949787773,-0.46081157929538014,-0.3069287353095021,gate_pass,74,48
48,134,failed_recovery_attempts_mean,C,0.00063344594594594598,0.00034342599552938393,0.00033535156105198922,0.00034342599552938393,0.023511424826615536,True,1.84449038276646,1,0.00073902027027027031,1,True,calibration__20200317T160000Z,0.26616682286785387,5.1903085949787773,-0.46081157929538014,-0.3069287353095021,gate_pass,74,48
48,134,first_six_hour_burden_mean,A,-0.0014945788658239372,0.00030582898395144909,0.00030582898395144909,0.00028372178485714175,0.072286147665509989,True,4.8869758729643635,-1,-0.0015439505926018902,-1,True,calibration__20210206T010000Z,0.35046072129684258,4.6547017761569034,-0.55537236082850094,-0.51905145122172469,gate_pass,74,48
48,134,first_six_hour_burden_mean,AB,0.00093151580276087421,0.00027382686847532238,0.00027382686847532238,0.00025299066848680598,0.076092605902894392,True,3.4018422222318319,1,0.00069935599800729554,1,True,calibration__20210317T020000Z,0.24871229867616917,5.5808307338350991,-0.40685915272109019,-0.37576482117070925,gate_pass,74,48
48,134,first_six_hour_burden_mean,ABC,-0.00093151580276087421,0.00027382686847532238,0.00027382686847532238,0.00025299066848680598,0.076092605902894392,True,3.4018422222318319,-1,-0.00069935599800729554,-1,True,calibration__20210317T020000Z,0.24871229867616917,5.5808307338350991,-0.40685915272109019,-0.37576482117070925,gate_pass,74,48
48,134,first_six_hour_burden_mean,AC,0.0014945788658239372,0.00030582898395144909,0.00030582898395144909,0.00028372178485714175,0.072286147665509989,True,4.8869758729643635,1,0.0015439505926018902,1,True,calibration__20210206T010000Z,0.35046072129684258,4.6547017761569034,-0.55537236082850094,-0.51905145122172469,gate_pass,74,48
48,134,first_six_hour_burden_mean,B,-0.40699574103932556,0.0067671129383910207,0.0061765291296861768,0.0067671129383910207,0.087272639614799127,True,60.143187315578437,-1,-0.40872278615590829,-1,True,calibration__20210314T050000Z,0.025417631821858553,50.71156586982309,-0.48627182689861831,-0.62520059356300661,gate_pass,74,48
48,134,first_six_hour_burden_mean,BC,0.0010408506110795384,0.00029345643665971955,0.00029345643665971955,0.00026762746389052256,0.088016378387185443,True,3.5468658412371696,1,0.00069935599800729554,1,True,calibration__20210317T020000Z,0.2165519513364445,5.7949020362016492,-0.3780516948601288,-0.35396614950392208,gate_pass,74,48
48,134,first_six_hour_burden_mean,C,-0.0016039136741426015,0.00032352263250473557,0.00032352263250473557,0.00029240136119936276,0.096195036076547974,True,4.9576552395267868,-1,-0.00154395059260189,-1,True,calibration__20210206T010000Z,0.31317515328311324,5.0912386187835796,-0.52952004959519838,-0.50228651345972286,gate_pass,74,48
48,134,initial_gap_q4_q1_burden_contrast,A,-0.0011400470374230906,0.00084642865878724826,0.00083492911967473213,0.00084642865878724826,0.013585951979689004,True,1.3468908756663969,-1,-0.0024671117732738821,-1,True,calibration__20210206T010000Z,0.71326950311531589,1.8103108070738203,-0.721789651389386,-0.7149933183495093,gate_pass,74,48
48,134,initial_gap_q4_q1_burden_contrast,AB,-0.0010529354187172602,0.00064476267601269515,0.00064476267601269515,0.00064306889525845396,0.0026269832564064888,True,1.6330588880063031,-1,-0.00082236191093664412,-1,True,calibration__20210206T010000Z,0.5191901841069575,2.5493053840760145,-0.43153092808676197,-0.43268193023532403,gate_pass,74,48
48,134,initial_gap_q4_q1_burden_contrast,ABC,0.0010529354187172602,0.00064476267601269515,0.00064476267601269515,0.00064306889525845396,0.0026269832564064888,True,1.6330588880063031,1,0.00082236191093664401,1,True,calibration__20210206T010000Z,0.5191901841069575,2.5493053840760145,-0.43153092808676197,-0.43268193023532403,gate_pass,74,48
48,134,initial_gap_q4_q1_burden_contrast,AC,0.0011400470374230906,0.00084642865878724826,0.00083492911967473213,0.00084642865878724826,0.013585951979689004,True,1.3468908756663969,1,0.0024671117732738821,1,True,calibration__20210206T010000Z,0.71326950311531589,1.8103108070738203,-0.721789651389386,-0.7149933183495093,gate_pass,74,48
48,134,initial_gap_q4_q1_burden_contrast,B,-0.04716683096913632,0.018614862738056483,0.01723652567925512,0.018614862738056483,0.074044975684052286,True,2.5338264177853858,-1,-0.044926090079627223,-1,True,calibration__20210314T050000Z,0.049508623151480038,26.146567985160416,-0.47011410502914791,-0.60312435900948447,gate_pass,74,48
48,134,initial_gap_q4_q1_burden_contrast,BC,-0.0010529354187172602,0.00064476267601269515,0.00064476267601269515,0.00064306889525845396,0.0026269832564064888,True,1.6330588880063031,-1,-0.00082236191093664412,-1,True,calibration__20210206T010000Z,0.5191901841069575,2.5493053840760145,-0.43153092808676197,-0.43268193023532403,gate_pass,74,48
48,134,initial_gap_q4_q1_burden_contrast,C,-0.0011400470374230908,0.00084642865878724826,0.00083492911967473213,0.00084642865878724826,0.013585951979689004,True,1.3468908756663971,-1,-0.0024671117732738821,-1,True,calibration__20210206T010000Z,0.71326950311531589,1.8103108070738203,-0.721789651389386,-0.7149933183495093,gate_pass,74,48
48,134,maximum_downside_deviation_mean,A,-0.00041807432432432439,0.000114539472233812,0.000114539472233812,0.00010562462861349499,0.077832064758592057,True,3.6500458415846362,-1,-0.00047033361486486489,-1,True,calibration__20210206T010000Z,0.62992125984251979,2.3199683555683412,-0.55721628627896391,-0.54553784501085967,gate_pass,74,48
48,134,maximum_downside_deviation_mean,AB,-0.00013935810810810809,0.00012025892989725006,0.000114539472233812,0.00012025892989725006,0.047559525669526585,True,1.1588171308956141,-1,-0.00026129645270270269,-1,True,calibration__20210206T010000Z,0.62992125984251979,2.3199683555683412,-0.55721628627896391,-0.57573441830272654,gate_pass,74,48
48,134,maximum_downside_deviation_mean,ABC,0.00013935810810810809,0.00012025892989725006,0.000114539472233812,0.00012025892989725006,0.047559525669526585,True,1.1588171308956141,1,0.00026129645270270269,1,True,calibration__20210206T010000Z,0.62992125984251979,2.3199683555683412,-0.55721628627896391,-0.57573441830272654,gate_pass,74,48
48,134,maximum_downside_deviation_mean,AC,0.00041807432432432439,0.000114539472233812,0.000114539472233812,0.00010562462861349499,0.077832064758592057,True,3.6500458415846362,1,0.00047033361486486489,1,True,calibration__20210206T010000Z,0.62992125984251979,2.3199683555683412,-0.55721628627896391,-0.54553784501085967,gate_pass,74,48
48,134,maximum_downside_deviation_mean,B,-0.3373163006756757,0.0014455031899964341,0.0014455031899964341,0.0013959141177544308,0.034305750817558253,True,233.35562523145163,-1,-0.33858794341216214,-1,True,calibration__20210218T110000Z,0.094131606268848561,21.808821233566405,-0.4401980204120387,-0.52511811623715632,gate_pass,74,48
48,134,maximum_downside_deviation_mean,BC,-6.9679054054054074e-05,0.00014046560717907467,0.00013368305716094438,0.00014046560717907467,0.048286197271645674,True,0.49605775715063616,-1,-0.00026129645270270269,-1,True,calibration__20210206T010000Z,0.46242774566473993,2.9488878488558248,-0.44999315500124365,-0.47208004805887788,gate_pass,74,48
48,134,maximum_downside_deviation_mean,C,-0.00048775337837837041,0.00013368305716094438,0.00013368305716094438,0.00012154058879545824,0.090830271414780131,True,3.648580371640902,-1,-0.00047033361486485692,-1,True,calibration__20210206T010000Z,0.46242774566473988,2.9488878488558257,-0.44999315500124365,-0.38049345709828181,gate_pass,74,48
48,134,recovery_completion_hours_mean,A,-1.6480855855855854,0.17734578962622216,0.17734578962622216,0.15453638504116196,0.12861542770839837,True,9.2930629425098079,-1,-1.6921452702702702,-1,True,calibration__20210206T010000Z,0.51798128422978351,3.30132237139741,-0.5442287830039183,-0.54149266704660015,gate_pass,74,48
48,134,recovery_completion_hours_mean,AB,-1.2599943693693694,0.18662825742562744,0.17648708193989851,0.18662825742562744,0.054338906795881409,True,6.7513590211358281,-1,-1.4016047297297298,-1,True,calibration__20210206T010000Z,0.52303408006525343,3.2533589010443178,-0.54095573411007813,-0.56759674449307873,gate_pass,74,48
48,134,recovery_completion_hours_mean,ABC,1.2599943693693694,0.18662825742562744,0.17648708193989851,0.18662825742562744,0.054338906795881409,True,6.7513590211358281,1,1.4016047297297298,1,True,calibration__20210206T010000Z,0.52303408006525343,3.2533589010443178,-0.54095573411007813,-0.56759674449307873,gate_pass,74,48
48,134,recovery_completion_hours_mean,AC,1.6480855855855854,0.17734578962622216,0.17734578962622216,0.15453638504116196,0.12861542770839837,True,9.2930629425098079,1,1.6921452702702702,1,True,calibration__20210206T010000Z,0.51798128422978351,3.30132237139741,-0.5442287830039183,-0.54149266704660015,gate_pass,74,48
48,134,recovery_completion_hours_mean,B,-461.41216216216219,2.0197283310627152,2.0197283310627152,1.9554874372223925,0.031806700362776642,True,228.4525869473654,-1,-463.17609797297297,-1,True,calibration__20210218T110000Z,0.095048851791832478,21.62837888013258,-0.44085122686768285,-0.5253724288728453,gate_pass,74,48
48,134,recovery_completion_hours_mean,BC,-1.3251689189189189,0.20743503281220119,0.20186766937719638,0.20743503281220119,0.026839070332180328,True,6.3883563974396003,-1,-1.5772804054054055,-1,True,calibration__20210206T010000Z,0.3997811332273265,3.8658290013461536,-0.45207108656352984,-0.48972939615948446,gate_pass,74,48
48,134,recovery_completion_hours_mean,C,-1.9063907657657657,0.20172617358052963,0.20172617358052963,0.17701827262752487,0.12248237556115296,True,9.4503887717115163,-1,-1.8678209459459461,-1,True,calibration__20210206T010000Z,0.40034216294214048,3.9071073458767756,-0.45296279465523143,-0.38665030238978787,gate_pass,74,48
48,171,failed_recovery_attempts_mean,A,-0.00028153153153153153,0.00013850128941168135,0.00013850128941168135,0.00013619916859428398,0.016621656211116949,True,2.032699715124723,-1,-0.00031672297297297299,-1,True,calibration__20210616T110000Z,0.7417582417582419,1.6210237838895956,-0.58386366663541367,-0.57684097849526739,gate_pass,74,48
48,171,failed_recovery_attempts_mean,AB,0.00028153153153153153,0.00013850128941168135,0.00013850128941168135,0.00013619916859428398,0.016621656211116949,True,2.032699715124723,1,0.00031672297297297299,1,True,calibration__20210616T110000Z,0.7417582417582419,1.6210237838895956,-0.58386366663541367,-0.57684097849526739,gate_pass,74,48
48,171,failed_recovery_attempts_mean,ABC,-0.00028153153153153153,0.00013850128941168135,0.00013850128941168135,0.00013619916859428398,0.016621656211116949,True,2.032699715124723,-1,-0.00031672297297297299,-1,True,calibration__20210616T110000Z,0.7417582417582419,1.6210237838895956,-0.58386366663541367,-0.57684097849526739,gate_pass,74,48
48,171,failed_recovery_attempts_mean,AC,0.00028153153153153153,0.00013850128941168135,0.00013850128941168135,0.00013619916859428398,0.016621656211116949,True,2.032699715124723,1,0.00031672297297297299,1,True,calibration__20210616T110000Z,0.7417582417582419,1.6210237838895956,-0.58386366663541367,-0.57684097849526739,gate_pass,74,48
48,171,failed_recovery_attempts_mean,B,-0.014639639639639639,0.0025828920490580947,0.0024654323957281144,0.0025828920490580947,0.045476021103094254,True,5.667925473299702,-1,-0.013830236486486486,-1,True,calibration__20210212T030000Z,0.11735737818623208,17.537743973458021,-0.429403198744783,-0.48573554821542203,gate_pass,74,48
48,171,failed_recovery_attempts_mean,BC,0.00028153153153153153,0.00013850128941168135,0.00013850128941168135,0.00013619916859428398,0.016621656211116949,True,2.032699715124723,1,0.00031672297297297299,1,True,calibration__20210616T110000Z,0.7417582417582419,1.6210237838895956,-0.58386366663541367,-0.57684097849526739,gate_pass,74,48
48,171,failed_recovery_attempts_mean,C,-0.00028153153153153153,0.00013850128941168135,0.00013850128941168135,0.00013619916859428398,0.016621656211116949,True,2.032699715124723,-1,-0.00031672297297297299,-1,True,calibration__20210616T110000Z,0.7417582417582419,1.6210237838895956,-0.58386366663541367,-0.57684097849526739,gate_pass,74,48
48,171,first_six_hour_burden_mean,A,0,0,0,0,0,True,0,0,0,0,True,calibration__20200128T020000Z,0,74,,,gate_pass,74,48
48,171,first_six_hour_burden_mean,AB,0,0,0,0,0,True,0,0,0,0,True,calibration__20200128T020000Z,0,74,,,gate_pass,74,48
48,171,first_six_hour_burden_mean,ABC,0,0,0,0,0,True,0,0,0,0,True,calibration__20200128T020000Z,0,74,,,gate_pass,74,48
48,171,first_six_hour_burden_mean,AC,0,0,0,0,0,True,0,0,0,0,True,calibration__20200128T020000Z,0,74,,,gate_pass,74,48
48,171,first_six_hour_burden_mean,B,-0.00010705736284667738,6.2204339616005473e-05,6.1380950728147669e-05,6.2204339616005473e-05,0.013236839952657297,True,1.721059390832774,-1,-0.00014503476063432183,-1,True,calibration__20210302T170000Z,0.86437835203669011,1.3298656659676515,-0.35359917790133216,-0.48903178441367373,gate_pass,74,48
48,171,first_six_hour_burden_mean,BC,0,0,0,0,0,True,0,0,0,0,True,calibration__20200128T020000Z,0,74,,,gate_pass,74,48
48,171,first_six_hour_burden_mean,C,0,0,0,0,0,True,0,0,0,0,True,calibration__20200128T020000Z,0,74,,,gate_pass,74,48
48,171,initial_gap_q4_q1_burden_contrast,A,0,0,0,0,0,True,0,0,0,0,True,calibration__20200509T220000Z,0,38,,,gate_pass,74,48
48,171,initial_gap_q4_q1_burden_contrast,AB,0,0,0,0,0,True,0,0,0,0,True,calibration__20200509T220000Z,0,38,,,gate_pass,74,48
48,171,initial_gap_q4_q1_burden_contrast,ABC,0,0,0,0,0,True,0,0,0,0,True,calibration__20200509T220000Z,0,38,,,gate_pass,74,48
48,171,initial_gap_q4_q1_burden_contrast,AC,0,0,0,0,0,True,0,0,0,0,True,calibration__20200509T220000Z,0,38,,,gate_pass,74,48
48,171,initial_gap_q4_q1_burden_contrast,B,-9.8441152258920168e-05,6.8583882703185641e-05,6.8583882703185641e-05,6.7805932386679046e-05,0.011343048626648547,True,1.4353394468048641,-1,-8.9362442235603148e-05,-1,True,calibration__20210421T210000Z,0.67673983111784131,1.7821666616310579,-0.52405691132772547,-0.52809993412450829,gate_pass,74,48
48,171,initial_gap_q4_q1_burden_contrast,BC,0,0,0,0,0,True,0,0,0,0,True,calibration__20200509T220000Z,0,38,,,gate_pass,74,48
48,171,initial_gap_q4_q1_burden_contrast,C,0,0,0,0,0,True,0,0,0,0,True,calibration__20200509T220000Z,0,38,,,gate_pass,74,48
48,171,maximum_downside_deviation_mean,A,-4.4543661587868699e-07,1.6104149716466431e-07,1.6104149716466431e-07,1.5207206419501574e-07,0.05569640823990455,True,2.7659741353697784,-1,-4.9758473463926731e-07,-1,True,calibration__20210616T110000Z,0.42550037665243234,2.7750274308718192,-0.53545874796115145,-0.51876040458130046,gate_pass,74,48
48,171,maximum_downside_deviation_mean,AB,4.4543661587868699e-07,1.6104149716466431e-07,1.6104149716466431e-07,1.5207206419501574e-07,0.05569640823990455,True,2.7659741353697784,1,4.9758473463926731e-07,1,True,calibration__20210616T110000Z,0.42550037665243234,2.7750274308718192,-0.53545874796115145,-0.51876040458130046,gate_pass,74,48
48,171,maximum_downside_deviation_mean,ABC,-4.4543661587868699e-07,1.6104149716466431e-07,1.6104149716466431e-07,1.5207206419501574e-07,0.05569640823990455,True,2.7659741353697784,-1,-4.9758473463926731e-07,-1,True,calibration__20210616T110000Z,0.42550037665243234,2.7750274308718192,-0.53545874796115145,-0.51876040458130046,gate_pass,74,48
48,171,maximum_downside_deviation_mean,AC,4.4543661587868699e-07,1.6104149716466431e-07,1.6104149716466431e-07,1.5207206419501574e-07,0.05569640823990455,True,2.7659741353697784,1,4.9758473463926731e-07,1,True,calibration__20210616T110000Z,0.42550037665243234,2.7750274308718192,-0.53545874796115145,-0.51876040458130046,gate_pass,74,48
48,171,maximum_downside_deviation_mean,B,-1.8357245036038275e-05,3.0733293443797677e-06,3.0733293443797677e-06,2.9315225918645107e-06,0.046141085651812921,True,5.9730809747443363,-1,-1.8436203546811121e-05,-1,True,calibration__20210328T190000Z,0.45429385427615265,4.3529784852390616,-0.74904063897823436,-0.78169781650809145,gate_pass,74,48
48,171,maximum_downside_deviation_mean,BC,5.0335989367835926e-07,1.6542784357196565e-07,1.6542784357196565e-07,1.5385144413544185e-07,0.069978542829083917,True,3.0427761301221574,1,5.8446965133877569e-07,1,True,calibration__20210616T110000Z,0.4239510628959412,2.925980644105306,-0.52009717306465453,-0.45022878020489732,gate_pass,74,48
48,171,maximum_downside_deviation_mean,C,-5.0335989367835926e-07,1.6542784357196565e-07,1.6542784357196565e-07,1.5385144413544185e-07,0.069978542829083917,True,3.0427761301221574,-1,-5.8446965133877569e-07,-1,True,calibration__20210616T110000Z,0.4239510628959412,2.925980644105306,-0.52009717306465453,-0.45022878020489732,gate_pass,74,48
48,171,recovery_completion_hours_mean,A,-4.595298423423424,0.19637951931685479,0.19637951931685479,0.1942247193772339,0.010972630685301573,True,23.40008998600813,-1,-4.4824746621621623,-1,True,calibration__20210920T030000Z,0.24328659480676074,5.3303669857924882,-0.44163768576726437,-0.48191985895023493,gate_pass,74,48
48,171,recovery_completion_hours_mean,AB,0.0019707207207207201,0.0032885824431700592,0.0032665544442208034,0.0032885824431700592,0.006698326506913317,True,0.59926146136723446,1,-0.00042229729729729732,-1,False,calibration__20210624T020000Z,0.47539461467038058,2.7936330169831969,-0.10293169756364368,-0.16120385898146525,gate_pass,74,48
48,171,recovery_completion_hours_mean,ABC,-0.0019707207207207201,0.0032885824431700592,0.0032665544442208034,0.0032885824431700592,0.006698326506913317,True,0.59926146136723446,-1,0.00042229729729729732,1,False,calibration__20210624T020000Z,0.47539461467038058,2.7936330169831969,-0.10293169756364368,-0.16120385898146525,gate_pass,74,48
48,171,recovery_completion_hours_mean,AC,4.595298423423424,0.19637951931685479,0.19637951931685479,0.1942247193772339,0.010972630685301573,True,23.40008998600813,1,4.4824746621621623,1,True,calibration__20210920T030000Z,0.24328659480676074,5.3303669857924882,-0.44163768576726437,-0.48191985895023493,gate_pass,74,48
48,171,recovery_completion_hours_mean,B,-0.11697635135135136,0.026205826584156371,0.025801185703437948,0.026205826584156371,0.015440874548222133,True,4.4637535463992348,-1,-0.091005067567567571,-1,True,calibration__20210702T030000Z,0.20014395154918913,10.013710078058992,-0.32229669961609336,-0.47265744137011018,gate_pass,74,48
48,171,recovery_completion_hours_mean,BC,0.00098536036036035962,0.0037135991933873623,0.0036809012211208923,0.0037135991933873623,0.0088049276628166442,True,0.26533837095692669,1,-0.0019003378378378379,-1,False,calibration__20210624T020000Z,0.37439128743679495,3.6895650432486025,-0.27792605369445661,-0.32859612659782533,gate_pass,74,48
48,171,recovery_completion_hours_mean,C,-5.3671171171171173,0.21337991895052433,0.19880082833941948,0.21337991895052433,0.068324567198309108,True,25.152868852488282,-1,-5.3686655405405403,-1,True,calibration__20210920T030000Z,0.27047417303125176,5.1753757427998073,-0.45176993827253425,-0.51818994040448607,gate_pass,74,48
48,193,failed_recovery_attempts_mean,A,-0.015695382882882882,0.0020230536962879708,0.0020157466494398445,0.0020230536962879708,0.0036118897197507643,True,7.7582631205893255,-1,-0.016680743243243243,-1,True,calibration__20210712T100000Z,0.26354698970195334,6.7668711324588928,-0.39067571519379207,-0.40063378822739137,gate_pass,74,48
48,193,failed_recovery_attempts_mean,AB,0.015695382882882882,0.0020230536962879708,0.0020157466494398445,0.0020230536962879708,0.0036118897197507643,True,7.7582631205893255,1,0.016680743243243243,1,True,calibration__20210712T100000Z,0.26354698970195334,6.7668711324588928,-0.39067571519379207,-0.40063378822739137,gate_pass,74,48
48,193,failed_recovery_attempts_mean,ABC,-0.015695382882882882,0.0020230536962879708,0.0020157466494398445,0.0020230536962879708,0.0036118897197507643,True,7.7582631205893255,-1,-0.016680743243243243,-1,True,calibration__20210712T100000Z,0.26354698970195334,6.7668711324588928,-0.39067571519379207,-0.40063378822739137,gate_pass,74,48
48,193,failed_recovery_attempts_mean,AC,0.015695382882882882,0.0020230536962879708,0.0020157466494398445,0.0020230536962879708,0.0036118897197507643,True,7.7582631205893255,1,0.016680743243243243,1,True,calibration__20210712T100000Z,0.26354698970195334,6.7668711324588928,-0.39067571519379207,-0.40063378822739137,gate_pass,74,48
48,193,failed_recovery_attempts_mean,B,-0.10817849099099103,0.0086543669955936476,0.0086543669955936476,0.0079054135862327134,0.08654051876263881,True,12.499873306282236,-1,-0.10705236486486487,-1,True,calibration__20210624T020000Z,0.08970258156667113,28.397968512489559,-0.42226453164853289,-0.40161662603118764,gate_pass,74,48
48,193,failed_recovery_attempts_mean,BC,0.01583614864864865,0.0022875185678755991,0.0022364495793170372,0.0022875185678755991,0.022325059685084542,True,6.9228503195738256,1,0.016680743243243243,1,True,calibration__20200509T220000Z,0.28321567801074699,5.9547839938903051,-0.54570806650271864,-0.57948299857431129,gate_pass,74,48
48,193,failed_recovery_attempts_mean,C,-0.01583614864864865,0.0022875185678755991,0.0022364495793170372,0.0022875185678755991,0.022325059685084542,True,6.9228503195738256,-1,-0.016680743243243243,-1,True,calibration__20200509T220000Z,0.28321567801074699,5.9547839938903051,-0.54570806650271864,-0.57948299857431129,gate_pass,74,48
48,193,first_six_hour_burden_mean,A,-2.7226253541343885e-05,1.568151726432737e-05,1.568151726432737e-05,1.535703733743899e-05,0.020691870653773644,True,1.7362002083356254,-1,-3.9587372917124243e-05,-1,True,calibration__20200511T090000Z,0.67884502479244457,1.9433393162817727,-0.71682325611949349,-0.69644332587299984,gate_pass,74,48
48,193,first_six_hour_burden_mean,AB,2.7226253541343885e-05,1.568151726432737e-05,1.568151726432737e-05,1.535703733743899e-05,0.020691870653773644,True,1.7362002083356254,1,3.9587372917124243e-05,1,True,calibration__20200511T090000Z,0.67884502479244457,1.9433393162817727,-0.71682325611949349,-0.69644332587299984,gate_pass,74,48
48,193,first_six_hour_burden_mean,ABC,-2.7226253541343885e-05,1.568151726432737e-05,1.568151726432737e-05,1.535703733743899e-05,0.020691870653773644,True,1.7362002083356254,-1,-3.9587372917124243e-05,-1,True,calibration__20200511T090000Z,0.67884502479244457,1.9433393162817727,-0.71682325611949349,-0.69644332587299984,gate_pass,74,48
48,193,first_six_hour_burden_mean,AC,2.7226253541343885e-05,1.568151726432737e-05,1.568151726432737e-05,1.535703733743899e-05,0.020691870653773644,True,1.7362002083356254,1,3.9587372917124243e-05,1,True,calibration__20200511T090000Z,0.67884502479244457,1.9433393162817727,-0.71682325611949349,-0.69644332587299984,gate_pass,74,48
48,193,first_six_hour_burden_mean,B,-0.015698568650612039,0.0018860411091318119,0.0016494821371158875,0.0018860411091318119,0.12542620140704031,True,8.3235559260097212,-1,-0.017095488231281691,-1,True,calibration__20210715T050000Z,0.29890954794142044,7.9593386166522562,-0.54065195126549237,-0.61903379832568428,gate_pass,74,48
48,193,first_six_hour_burden_mean,BC,2.7226253541343892e-05,1.5681517264327374e-05,1.5681517264327374e-05,1.535703733743899e-05,0.020691870653773856,True,1.7362002083356254,1,3.9587372917124263e-05,1,True,calibration__20200511T090000Z,0.67884502479244424,1.9433393162817738,-0.26009257422612797,-0.23557448525839389,gate_pass,74,48
48,193,first_six_hour_burden_mean,C,-2.7226253541343892e-05,1.5681517264327374e-05,1.5681517264327374e-05,1.535703733743899e-05,0.020691870653773856,True,1.7362002083356254,-1,-3.9587372917124263e-05,-1,True,calibration__20200511T090000Z,0.67884502479244424,1.9433393162817738,-0.26009257422612797,-0.23557448525839389,gate_pass,74,48
48,193,initial_gap_q4_q1_burden_contrast,A,4.8067412428257933e-05,3.43263735981913e-05,3.43263735981913e-05,3.3973682002452452e-05,0.010274653532216734,True,1.400305578180582,1,7.210111864238691e-05,1,True,calibration__20210605T110000Z,0.63852463695302686,1.8574305064950727,-0.58474018255198712,-0.57126357962608498,gate_pass,74,48
48,193,initial_gap_q4_q1_burden_contrast,AB,-4.8067412428257933e-05,3.43263735981913e-05,3.43263735981913e-05,3.3973682002452452e-05,0.010274653532216734,True,1.400305578180582,-1,-7.210111864238691e-05,-1,True,calibration__20210605T110000Z,0.63852463695302686,1.8574305064950727,-0.58474018255198712,-0.57126357962608498,gate_pass,74,48
48,193,initial_gap_q4_q1_burden_contrast,ABC,4.8067412428257933e-05,3.43263735981913e-05,3.43263735981913e-05,3.3973682002452452e-05,0.010274653532216734,True,1.400305578180582,1,7.210111864238691e-05,1,True,calibration__20210605T110000Z,0.63852463695302686,1.8574305064950727,-0.58474018255198712,-0.57126357962608498,gate_pass,74,48
48,193,initial_gap_q4_q1_burden_contrast,AC,-4.8067412428257933e-05,3.43263735981913e-05,3.43263735981913e-05,3.3973682002452452e-05,0.010274653532216734,True,1.400305578180582,-1,-7.210111864238691e-05,-1,True,calibration__20210605T110000Z,0.63852463695302686,1.8574305064950727,-0.58474018255198712,-0.57126357962608498,gate_pass,74,48
48,193,initial_gap_q4_q1_burden_contrast,B,0.030359022875631057,0.0055008216508908902,0.0051887041153563952,0.0055008216508908902,0.056740166350229833,True,5.5189978520234764,1,0.030435735368511983,1,True,calibration__20210715T050000Z,0.45821937340647095,3.8360453157715435,-0.49876719627090138,-0.52399628220874739,gate_pass,74,48
48,193,initial_gap_q4_q1_burden_contrast,BC,-4.806741242825796e-05,3.4326373598191327e-05,3.4326373598191327e-05,3.3973682002452466e-05,0.010274653532217121,True,1.4003055781805818,-1,-7.210111864238695e-05,-1,True,calibration__20210605T110000Z,0.63852463695302608,1.8574305064950745,-0.5847401825519869,-0.5712635796260872,gate_pass,74,48
48,193,initial_gap_q4_q1_burden_contrast,C,4.806741242825796e-05,3.4326373598191327e-05,3.4326373598191327e-05,3.3973682002452466e-05,0.010274653532217121,True,1.4003055781805818,1,7.210111864238695e-05,1,True,calibration__20210605T110000Z,0.63852463695302608,1.8574305064950745,-0.5847401825519869,-0.5712635796260872,gate_pass,74,48
48,193,maximum_downside_deviation_mean,A,-0.0051236639363016652,0.00036367982326718684,0.00032538634801303131,0.00036367982326718684,0.10529447278691136,True,14.088392064954981,-1,-0.0050187977821405851,-1,True,calibration__20210920T030000Z,0.1382268779057402,10.788522558712609,-0.47812291050763844,-0.57388201835354591,gate_pass,74,48
48,193,maximum_downside_deviation_mean,AB,0.0051236639363016652,0.00036367982326718684,0.00032538634801303131,0.00036367982326718684,0.10529447278691136,True,14.088392064954981,1,0.0050187977821405851,1,True,calibration__20210920T030000Z,0.1382268779057402,10.788522558712609,-0.47812291050763844,-0.57388201835354591,gate_pass,74,48
48,193,maximum_downside_deviation_mean,ABC,-0.0051236639363016652,0.00036367982326718684,0.00032538634801303131,0.00036367982326718684,0.10529447278691136,True,14.088392064954981,-1,-0.0050187977821405851,-1,True,calibration__20210920T030000Z,0.1382268779057402,10.788522558712609,-0.47812291050763844,-0.57388201835354591,gate_pass,74,48
48,193,maximum_downside_deviation_mean,AC,0.0051236639363016652,0.00036367982326718684,0.00032538634801303131,0.00036367982326718684,0.10529447278691136,True,14.088392064954981,1,0.0050187977821405851,1,True,calibration__20210920T030000Z,0.1382268779057402,10.788522558712609,-0.47812291050763844,-0.57388201835354591,gate_pass,74,48
48,193,maximum_downside_deviation_mean,B,-0.03297093600908324,0.0017406754914837735,0.0017406754914837735,0.0015442872544121321,0.11282300350207013,True,18.941460467728195,-1,-0.032869695423551386,-1,True,calibration__20210715T050000Z,0.075086338038457295,34.027867545437992,-0.47795731782400902,-0.56691676184048556,gate_pass,74,48
48,193,maximum_downside_deviation_mean,BC,0.0061689865178110072,0.00036740229157177613,0.00036740229157177613,0.00035236155031134368,0.040938071442306379,True,16.790822102441425,1,0.006273225911161355,1,True,calibration__20200509T220000Z,0.18276889031269569,9.4933087068420114,-0.54792328291947923,-0.60861262540719563,gate_pass,74,48
48,193,maximum_downside_deviation_mean,C,-0.0061689865178110072,0.00036740229157177613,0.00036740229157177613,0.00035236155031134368,0.040938071442306379,True,16.790822102441425,-1,-0.006273225911161355,-1,True,calibration__20200509T220000Z,0.18276889031269569,9.4933087068420114,-0.54792328291947923,-0.60861262540719563,gate_pass,74,48
48,193,recovery_completion_hours_mean,A,-9.4077280405405421,0.52057966805058542,0.46595358807947262,0.52057966805058542,0.10493317992166515,True,18.071639401073153,-1,-9.202597128378379,-1,True,calibration__20210920T030000Z,0.15381759092765207,10.727637620483105,-0.47075422540950884,-0.56354488582813322,gate_pass,74,48
48,193,recovery_completion_hours_mean,AB,4.8144003378378368,0.42881003712310944,0.40304244614025692,0.42881003712310944,0.060090923140996275,True,11.22734992431076,1,4.7197001689189193,1,True,calibration__20210920T030000Z,0.14980169465491394,9.8893701171479051,-0.4793865662014381,-0.57528704591800051,gate_pass,74,48
48,193,recovery_completion_hours_mean,ABC,-4.8144003378378368,0.42881003712310944,0.40304244614025692,0.42881003712310944,0.060090923140996275,True,11.22734992431076,-1,-4.7197001689189193,-1,True,calibration__20210920T030000Z,0.14980169465491394,9.8893701171479051,-0.4793865662014381,-0.57528704591800051,gate_pass,74,48
48,193,recovery_completion_hours_mean,AC,9.4077280405405421,0.52057966805058542,0.46595358807947262,0.52057966805058542,0.10493317992166515,True,18.071639401073153,1,9.202597128378379,1,True,calibration__20210920T030000Z,0.15381759092765207,10.727637620483105,-0.47075422540950884,-0.56354488582813322,gate_pass,74,48
48,193,recovery_completion_hours_mean,B,-40.552294481981981,2.2830232357023328,2.2830232357023328,2.061642766396885,0.09696811922167925,True,17.762541286403845,-1,-39.932326858108105,-1,True,calibration__20210715T050000Z,0.085763602917947879,34.446796316819068,-0.4759038899068071,-0.60563448669222897,gate_pass,74,48
48,193,recovery_completion_hours_mean,BC,5.8374859234234231,0.45230336696368167,0.45230336696368167,0.40345738689121652,0.10799384581275362,True,12.90612971247714,1,5.9205025337837842,1,True,calibration__20200509T220000Z,0.20655273253512402,8.2511168120331408,-0.5373497124632044,-0.56625699740319846,gate_pass,74,48
48,193,recovery_completion_hours_mean,C,-11.203617680180182,0.51799635690331258,0.51799635690331258,0.49050823393129933,0.053066247678541283,True,21.628757675358344,-1,-11.291068412162161,-1,True,calibration__20210920T030000Z,0.17391148011046262,9.1282499766796583,-0.52502098995258595,-0.54677716998528392,gate_pass,74,48
48,203,failed_recovery_attempts_mean,A,-7.0382882882882882e-05,0.00049778801621349603,0.00045370048575222081,0.00049778801621349603,0.088566877918504455,True,0.14139127618672204,-1,-0.00031672297297297299,-1,True,calibration__20210926T070000Z,0.24577572964669742,7.3448622480517134,-0.57327592994006737,-0.65683488041201954,gate_pass,74,48
48,203,failed_recovery_attempts_mean,AB,7.0382882882882882e-05,0.00049778801621349603,0.00045370048575222081,0.00049778801621349603,0.088566877918504455,True,0.14139127618672204,1,0.00031672297297297299,1,True,calibration__20210926T070000Z,0.24577572964669742,7.3448622480517134,-0.57327592994006737,-0.65683488041201954,gate_pass,74,48
48,203,failed_recovery_attempts_mean,ABC,-7.0382882882882882e-05,0.00049778801621349603,0.00045370048575222081,0.00049778801621349603,0.088566877918504455,True,0.14139127618672204,-1,-0.00031672297297297299,-1,True,calibration__20210926T070000Z,0.24577572964669742,7.3448622480517134,-0.57327592994006737,-0.65683488041201954,gate_pass,74,48
48,203,failed_recovery_attempts_mean,AC,7.0382882882882882e-05,0.00049778801621349603,0.00045370048575222081,0.00049778801621349603,0.088566877918504455,True,0.14139127618672204,1,0.00031672297297297299,1,True,calibration__20210926T070000Z,0.24577572964669742,7.3448622480517134,-0.57327592994006737,-0.65683488041201954,gate_pass,74,48
48,203,failed_recovery_attempts_mean,B,-0.31257038288288291,0.0088127629198914478,0.0088127629198914478,0.0079063734680840207,0.10284963524453822,True,35.467921436689807,-1,-0.31492820945945948,-1,True,calibration__20210212T030000Z,0.043774639859404371,57.58558117152603,-0.51714834667139586,-0.50890937373486766,gate_pass,74,48
48,203,failed_recovery_attempts_mean,BC,7.0382882882882882e-05,0.00049778801621349603,0.00045370048575222081,0.00049778801621349603,0.088566877918504455,True,0.14139127618672204,1,0.00031672297297297299,1,True,calibration__20210926T070000Z,0.24577572964669742,7.3448622480517134,-0.57377955766043376,-0.65876961347941665,gate_pass,74,48
48,203,failed_recovery_attempts_mean,C,-7.0382882882882882e-05,0.00049778801621349603,0.00045370048575222081,0.00049778801621349603,0.088566877918504455,True,0.14139127618672204,-1,-0.00031672297297297299,-1,True,calibration__20210926T070000Z,0.24577572964669742,7.3448622480517134,-0.57377955766043376,-0.65876961347941665,gate_pass,74,48
48,203,first_six_hour_burden_mean,A,-9.1887353257741672e-05,2.4643265561421101e-05,2.4630466677313329e-05,2.4643265561421101e-05,0.00051936639954924856,True,3.7287003635423557,-1,-6.5155380349058532e-05,-1,True,calibration__20210306T130000Z,0.31159915740993671,4.1992378136845838,-0.3855128699556043,-0.37488513939672424,gate_pass,74,48
48,203,first_six_hour_burden_mean,AB,9.1887353257741672e-05,2.4643265561421101e-05,2.4630466677313329e-05,2.4643265561421101e-05,0.00051936639954924856,True,3.7287003635423557,1,6.5155380349058532e-05,1,True,calibration__20210306T130000Z,0.31159915740993671,4.1992378136845838,-0.3855128699556043,-0.37488513939672424,gate_pass,74,48
48,203,first_six_hour_burden_mean,ABC,-9.1887353257741672e-05,2.4643265561421101e-05,2.4630466677313329e-05,2.4643265561421101e-05,0.00051936639954924856,True,3.7287003635423557,-1,-6.5155380349058532e-05,-1,True,calibration__20210306T130000Z,0.31159915740993671,4.1992378136845838,-0.3855128699556043,-0.37488513939672424,gate_pass,74,48
48,203,first_six_hour_burden_mean,AC,9.1887353257741672e-05,2.4643265561421101e-05,2.4630466677313329e-05,2.4643265561421101e-05,0.00051936639954924856,True,3.7287003635423557,1,6.5155380349058532e-05,1,True,calibration__20210306T130000Z,0.31159915740993671,4.1992378136845838,-0.3855128699556043,-0.37488513939672424,gate_pass,74,48
48,203,first_six_hour_burden_mean,B,-0.13478499497810897,0.0048085269393281296,0.0046889215263771853,0.0048085269393281296,0.024873607751411741,True,28.030412781038049,-1,-0.13368644917073133,-1,True,calibration__20210605T110000Z,0.042456459232404202,38.359179161014652,-0.50584269847353402,-0.47226451929281288,gate_pass,74,48
48,203,first_six_hour_burden_mean,BC,0.00010030933817788425,2.5301261870201681e-05,2.5301261870201681e-05,2.4782039372763141e-05,0.020521604815689033,True,3.9645982359489591,1,7.2632897101265647e-05,1,True,calibration__20210306T130000Z,0.29529574727949687,4.5389501947059561,-0.41559612256623707,-0.39058647829338372,gate_pass,74,48
48,203,first_six_hour_burden_mean,C,-0.00010030933817788425,2.5301261870201681e-05,2.5301261870201681e-05,2.4782039372763141e-05,0.020521604815689033,True,3.9645982359489591,-1,-7.2632897101265647e-05,-1,True,calibration__20210306T130000Z,0.29529574727949687,4.5389501947059561,-0.41559612256623707,-0.39058647829338372,gate_pass,74,48
48,203,initial_gap_q4_q1_burden_contrast,A,0.00011966966989263364,6.3470050439372121e-05,6.3470050439372121e-05,6.2231592480769735e-05,0.019512477932964407,True,1.8854509971903133,1,4.1205188145214987e-05,1,True,calibration__20210306T130000Z,0.71180347916242526,1.7009363976746306,0.6893562260169066,0.54324002169251362,gate_pass,74,48
48,203,initial_gap_q4_q1_burden_contrast,AB,-0.00011966966989263364,6.3470050439372121e-05,6.3470050439372121e-05,6.2231592480769735e-05,0.019512477932964407,True,1.8854509971903133,-1,-4.1205188145214987e-05,-1,True,calibration__20210306T130000Z,0.71180347916242526,1.7009363976746306,0.6893562260169066,0.54324002169251484,gate_pass,74,48
48,203,initial_gap_q4_q1_burden_contrast,ABC,0.00011966966989263364,6.3470050439372121e-05,6.3470050439372121e-05,6.2231592480769735e-05,0.019512477932964407,True,1.8854509971903133,1,4.1205188145214987e-05,1,True,calibration__20210306T130000Z,0.71180347916242526,1.7009363976746306,0.6893562260169066,0.54324002169251484,gate_pass,74,48
48,203,initial_gap_q4_q1_burden_contrast,AC,-0.00011966966989263364,6.3470050439372121e-05,6.3470050439372121e-05,6.2231592480769735e-05,0.019512477932964407,True,1.8854509971903133,-1,-4.1205188145214987e-05,-1,True,calibration__20210306T130000Z,0.71180347916242526,1.7009363976746306,0.6893562260169066,0.54324002169251484,gate_pass,74,48
48,203,initial_gap_q4_q1_burden_contrast,B,0.097488062154511265,0.012405833913390592,0.012405833913390592,0.011011235236906985,0.1124147466603037,True,7.8582433744566522,1,0.094451473810058265,1,True,calibration__20210605T110000Z,0.092001310458372759,17.681926904017597,-0.49352960543576196,-0.58292374670153047,gate_pass,74,48
48,203,initial_gap_q4_q1_burden_contrast,BC,-0.00011966966989263368,6.3470050439372121e-05,6.3470050439372121e-05,6.2231592480769735e-05,0.019512477932964407,True,1.8854509971903139,-1,-4.120518814521502e-05,-1,True,calibration__20210306T130000Z,0.71180347916242526,1.7009363976746306,0.68935622601690683,0.54324002169251528,gate_pass,74,48
48,203,initial_gap_q4_q1_burden_contrast,C,0.00011966966989263368,6.3470050439372121e-05,6.3470050439372121e-05,6.2231592480769735e-05,0.019512477932964407,True,1.8854509971903139,1,4.120518814521502e-05,1,True,calibration__20210306T130000Z,0.71180347916242526,1.7009363976746306,0.68935622601690683,0.54324002169251528,gate_pass,74,48
48,203,maximum_downside_deviation_mean,A,-0.0011845135975330344,0.00020148372871961861,0.00020148372871961861,0.00018602519886158107,0.076723465245917527,True,5.8789541223022717,-1,-0.0011496589098130647,-1,True,calibration__20200505T100000Z,0.20352708252317953,7.5111839759698009,-0.52283665430796178,-0.47903676276690405,gate_pass,74,48
48,203,maximum_downside_deviation_mean,AB,0.00062708116510060174,0.00019041278810193226,0.00019041278810193226,0.00017691525463306836,0.070885645882346762,True,3.2932723235212071,1,0.00073158458548874036,1,True,calibration__20200505T100000Z,0.22788195767360178,7.7998605096806752,-0.45118135810009841,-0.38246975040322817,gate_pass,74,48
48,203,maximum_downside_deviation_mean,ABC,-0.00062708116510060174,0.00019041278810193226,0.00019041278810193226,0.00017691525463306836,0.070885645882346762,True,3.2932723235212071,-1,-0.00073158458548874036,-1,True,calibration__20200505T100000Z,0.22788195767360178,7.7998605096806752,-0.45118135810009841,-0.38246975040322817,gate_pass,74,48
48,203,maximum_downside_deviation_mean,AC,0.0011845135975330344,0.00020148372871961861,0.00020148372871961861,0.00018602519886158107,0.076723465245917527,True,5.8789541223022717,1,0.0011496589098130647,1,True,calibration__20200505T100000Z,0.20352708252317953,7.5111839759698009,-0.52283665430796178,-0.47903676276690405,gate_pass,74,48
48,203,maximum_downside_deviation_mean,B,-0.30052640740868941,0.0028204067738504769,0.0028204067738504769,0.0025881421489082897,0.082351463305094408,True,106.55427798395358,-1,-0.30320898684328834,-1,True,calibration__20210209T210000Z,0.029712497376123817,48.180555831476376,-0.48479145707345866,-0.52501563515205929,gate_pass,74,48
48,203,maximum_downside_deviation_mean,BC,0.00062708116510060174,0.00019041278810193226,0.00019041278810193226,0.00017691525463306836,0.070885645882346762,True,3.2932723235212071,1,0.00073158458548874036,1,True,calibration__20200505T100000Z,0.22788195767360178,7.7998605096806752,-0.39770792145950828,-0.31301442622799158,gate_pass,74,48
48,203,maximum_downside_deviation_mean,C,-0.0011845135975330308,0.00020148372871961861,0.00020148372871961861,0.00018602519886158107,0.076723465245917527,True,5.8789541223022539,-1,-0.0011496589098130613,-1,True,calibration__20200505T100000Z,0.20352708252317955,7.5111839759698027,-0.47304633646042343,-0.43214027422237206,gate_pass,74,48
48,203,recovery_completion_hours_mean,A,-2.6870777027027026,0.28952613529187921,0.28952613529187921,0.27534145066737792,0.048992760567889038,True,9.2809504053711294,-1,-2.6159206081081079,-1,True,calibration__20210710T100000Z,0.18681232000643413,8.4116561895102251,-0.51623151434831149,-0.50596604277996782,gate_pass,74,48
48,203,recovery_completion_hours_mean,AB,-0.23479729729729734,0.2644442498315886,0.2644442498315886,0.25684111566007573,0.028751368866424321,True,0.88788959278497481,-1,-0.050464527027027029,-1,True,calibration__20200505T100000Z,0.17662370756314152,8.8761106187156056,-0.44053862222990325,-0.36197344461483294,gate_pass,74,48
48,203,recovery_completion_hours_mean,ABC,0.23479729729729734,0.2644442498315886,0.2644442498315886,0.25684111566007573,0.028751368866424321,True,0.88788959278497481,1,0.050464527027027029,1,True,calibration__20200505T100000Z,0.17662370756314152,8.8761106187156056,-0.44053862222990325,-0.36197344461483294,gate_pass,74,48
48,203,recovery_completion_hours_mean,AC,2.6870777027027026,0.28952613529187921,0.28952613529187921,0.27534145066737792,0.048992760567889038,True,9.2809504053711294,1,2.6159206081081079,1,True,calibration__20210710T100000Z,0.18681232000643413,8.4116561895102251,-0.51623151434831149,-0.50596604277996782,gate_pass,74,48
48,203,recovery_completion_hours_mean,B,-410.3790822072072,3.9038928130734334,3.9038928130734334,3.5877381590372095,0.080984460684340245,True,105.12047893141984,-1,-414.07981418918916,-1,True,calibration__20210217T040000Z,0.030572158032095401,48.149477158853976,-0.48404035599746148,-0.52131167779706611,gate_pass,74,48
48,203,recovery_completion_hours_mean,BC,-0.390625,0.26689492124837871,0.26689492124837871,0.25397047267966255,0.048425232328375277,True,1.4635909824468902,-1,-0.22170608108108109,-1,True,calibration__20200505T100000Z,0.17339502538134907,8.8617506260906698,-0.39485899798840973,-0.30867258570209771,gate_pass,74,48
48,203,recovery_completion_hours_mean,C,-2.8547297297297298,0.29016904544661909,0.29016904544661909,0.27779852086387602,0.042632130397309426,True,9.8381608049742848,-1,-2.7960304054054053,-1,True,calibration__20210710T100000Z,0.18598541936805096,8.4195526961487293,-0.46693897555984126,-0.46758768674135243,gate_pass,74,48
48,222,failed_recovery_attempts_mean,A,-0.0015484234234234237,0.00043118874175897888,0.00043118874175897888,0.00041423359969154037,0.039321857055618387,True,3.5910571716386421,-1,-0.0014780405405405406,-1,True,calibration__20200317T160000Z,0.28514739229024949,5.9334141820927622,-0.48288661923146214,-0.47251189192909898,gate_pass,74,48
48,222,failed_recovery_attempts_mean,AB,0.0011261261261261263,0.00044228998806724977,0.00043118874175897888,0.00044228998806724977,0.025099474570477846,True,2.5461261988930666,1,0.00084459459459459464,1,True,calibration__20200317T160000Z,0.28514739229024949,5.9334141820927622,-0.48288661923146214,-0.46103462608471196,gate_pass,74,48
48,222,failed_recovery_attempts_mean,ABC,-0.0011261261261261263,0.00044228998806724977,0.00043118874175897888,0.00044228998806724977,0.025099474570477846,True,2.5461261988930666,-1,-0.00084459459459459464,-1,True,calibration__20200317T160000Z,0.28514739229024949,5.9334141820927622,-0.48288661923146214,-0.46103462608471196,gate_pass,74,48
48,222,failed_recovery_attempts_mean,AC,0.0015484234234234237,0.00043118874175897888,0.00043118874175897888,0.00041423359969154037,0.039321857055618387,True,3.5910571716386421,1,0.0014780405405405406,1,True,calibration__20200317T160000Z,0.28514739229024949,5.9334141820927622,-0.48288661923146214,-0.47251189192909898,gate_pass,74,48
48,222,failed_recovery_attempts_mean,B,-0.23324887387387383,0.0081558121202960961,0.0071340464525240684,0.0081558121202960961,0.12528067747285634,True,28.599098462975107,-1,-0.24366554054054054,-1,True,calibration__20210827T000000Z,0.033399879057977637,48.546764941560696,-0.51156290703666141,-0.64067187717016127,gate_pass,74,48
48,222,failed_recovery_attempts_mean,BC,0.001266891891891892,0.00049916239372783629,0.00045218795267616934,0.00049916239372783629,0.09410653054380401,True,2.5380355327461892,1,0.00084459459459459464,1,True,calibration__20200317T160000Z,0.259278350515464,5.9108813237760796,-0.45768631023192052,-0.41380122169579975,gate_pass,74,48
48,222,failed_recovery_attempts_mean,C,-0.0016891891891891893,0.00047180775990787857,0.00045218795267616934,0.00047180775990787857,0.041584325013094392,True,3.5802488486391297,-1,-0.0014780405405405406,-1,True,calibration__20200317T160000Z,0.259278350515464,5.9108813237760796,-0.45768631023192052,-0.42483539541332066,gate_pass,74,48
48,222,first_six_hour_burden_mean,A,-0.00048024151345177118,0.00015952565394849319,0.00014974994914937828,0.00015952565394849319,0.061279829025313003,True,3.0104343819635999,-1,-0.00064524782998901626,-1,True,calibration__20210624T020000Z,0.2570670408969315,4.7496936939687977,-0.47722963727724016,-0.47263765044281991,gate_pass,74,48
48,222,first_six_hour_burden_mean,AB,0.00040597536975239097,0.00014283008724636265,0.00014038619199662305,0.00014283008724636265,0.017110507294756574,True,2.8423659018854912,1,0.00053384861443994572,1,True,calibration__20210624T020000Z,0.29250343989966693,4.5355029612597741,-0.41346050405892576,-0.43207884407571151,gate_pass,74,48
48,222,first_six_hour_burden_mean,ABC,-0.00040597536975239097,0.00014283008724636265,0.00014038619199662305,0.00014283008724636265,0.017110507294756574,True,2.8423659018854912,-1,-0.00053384861443994572,-1,True,calibration__20210624T020000Z,0.29250343989966693,4.5355029612597741,-0.41346050405892576,-0.43207884407571151,gate_pass,74,48
48,222,first_six_hour_burden_mean,AC,0.00048024151345177118,0.00015952565394849319,0.00014974994914937828,0.00015952565394849319,0.061279829025313003,True,3.0104343819635999,1,0.00064524782998901626,1,True,calibration__20210624T020000Z,0.2570670408969315,4.7496936939687977,-0.47722963727724016,-0.47263765044281991,gate_pass,74,48
48,222,first_six_hour_burden_mean,B,-0.30556957859332101,0.007785214178488614,0.0063953434730337965,0.007785214178488614,0.17852697094643588,False,39.249989992265427,-1,-0.30425210845379452,-1,True,calibration__20201112T180000Z,0.023462674396450559,53.056655302633409,-0.48606581172862434,-0.67135949424024854,gate_pass,74,48
48,222,first_six_hour_burden_mean,BC,0.00040885480204000169,0.00014293962807776403,0.00014040227459060145,0.00014293962807776403,0.017751224914214613,True,2.8603320684280131,1,0.00053816776287136177,1,True,calibration__20210624T020000Z,0.29243643322688756,4.53737315424807,-0.4135052194692565,-0.43282579069976163,gate_pass,74,48
48,222,first_six_hour_burden_mean,C,-0.00048312094573938185,0.00015959523163644319,0.00014976502621487877,0.00015959523163644319,0.061594606059143173,True,3.0271640373311901,-1,-0.00064956697842043221,-1,True,calibration__20210624T020000Z,0.25701528486791059,4.7514302017298951,-0.47727103826620204,-0.47337534801783687,gate_pass,74,48
48,222,initial_gap_q4_q1_burden_contrast,A,-0.0004522709270541799,0.00031786703401437351,0.00031786703401437351,0.00031717199229517831,0.0021865800627937203,True,1.4228305506941272,-1,-0.00072311273346020114,-1,True,calibration__20210206T010000Z,0.76310566365801169,1.6590758862781749,-0.74585452365938643,-0.74169838779247776,gate_pass,74,48
48,222,initial_gap_q4_q1_burden_contrast,AB,0.00016302384106711988,0.00024581866480510449,0.0002445995101428485,0.00024581866480510449,0.0049595691328914544,True,0.66318739952628136,1,0.00028924210447961115,1,True,calibration__20210206T010000Z,0.59993137736230528,2.3915298192058936,-0.61481086190166134,-0.61063287276678557,gate_pass,74,48
48,222,initial_gap_q4_q1_burden_contrast,ABC,-0.00016302384106711988,0.00024581866480510449,0.0002445995101428485,0.00024581866480510449,0.0049595691328914544,True,0.66318739952628136,-1,-0.00028924210447961115,-1,True,calibration__20210206T010000Z,0.59993137736230528,2.3915298192058936,-0.61481086190166134,-0.61063287276678557,gate_pass,74,48
48,222,initial_gap_q4_q1_burden_contrast,AC,0.0004522709270541799,0.00031786703401437351,0.00031786703401437351,0.00031717199229517831,0.0021865800627937203,True,1.4228305506941272,1,0.00072311273346020114,1,True,calibration__20210206T010000Z,0.76310566365801169,1.6590758862781749,-0.74585452365938643,-0.74169838779247776,gate_pass,74,48
48,222,initial_gap_q4_q1_burden_contrast,B,0.0088592973323565194,0.018564224391842379,0.017684658473753903,0.018564224391842379,0.047379621120879178,True,0.47722421068393966,1,0.020266842832672771,1,True,calibration__20201115T160000Z,0.045999390303417029,27.550735449159394,-0.47741136778826199,-0.50035391593021383,gate_pass,74,48
48,222,initial_gap_q4_q1_burden_contrast,BC,0.00016302384106711996,0.00024581866480510444,0.0002445995101428485,0.00024581866480510444,0.004959569132891235,True,0.66318739952628192,1,0.00028924210447961115,1,True,calibration__20210206T010000Z,0.59993137736230528,2.391529819205894,-0.61481086190166134,-0.61063287276678591,gate_pass,74,48
48,222,initial_gap_q4_q1_burden_contrast,C,-0.00045227092705418012,0.00031786703401437351,0.00031786703401437351,0.00031717199229517831,0.0021865800627937203,True,1.4228305506941279,-1,-0.00072311273346020125,-1,True,calibration__20210206T010000Z,0.76310566365801169,1.6590758862781754,-0.74585452365938643,-0.74169838779247776,gate_pass,74,48
48,222,maximum_downside_deviation_mean,A,-0.00059227195945945948,0.0001411076341943855,0.0001411076341943855,0.00013626608128035748,0.034311062910731265,True,4.1973062821219438,-1,-0.00057485219594594593,-1,True,calibration__20200511T090000Z,0.22827496757457849,6.6104086738949128,-0.50822474311490118,-0.54494118807484182,gate_pass,74,48
48,222,maximum_downside_deviation_mean,AB,0.00038323479729729734,0.00014220150819401134,0.00014220150819401134,0.00013397251918985126,0.057868507223797737,True,2.6950121849230628,1,0.00026129645270270269,1,True,calibration__20210206T010000Z,0.2401021711366538,6.5019566669848237,-0.52649280604419746,-0.45719418848399851,gate_pass,74,48
48,222,maximum_downside_deviation_mean,ABC,-0.00038323479729729734,0.00014220150819401134,0.00014220150819401134,0.00013397251918985126,0.057868507223797737,True,2.6950121849230628,-1,-0.00026129645270270269,-1,True,calibration__20210206T010000Z,0.2401021711366538,6.5019566669848237,-0.52649280604419746,-0.45719418848399851,gate_pass,74,48
48,222,maximum_downside_deviation_mean,AC,0.00059227195945945948,0.0001411076341943855,0.0001411076341943855,0.00013626608128035748,0.034311062910731265,True,4.1973062821219438,1,0.00057485219594594593,1,True,calibration__20200511T090000Z,0.22827496757457849,6.6104086738949128,-0.50822474311490118,-0.54494118807484182,gate_pass,74,48
48,222,maximum_downside_deviation_mean,B,-0.31672614020270268,0.0020631066975275616,0.0020631066975275616,0.0020101017653587406,0.025691803643671181,True,153.51903058735112,-1,-0.31789326435810805,-1,True,calibration__20210409T070000Z,0.055528926371992811,33.356845795214326,-0.46020731023817624,-0.55103156790793284,gate_pass,74,48
48,222,maximum_downside_deviation_mean,BC,0.00052259290540540538,0.00017120689551229271,0.00017120689551229271,0.00015868125600741544,0.073160835417273973,True,3.0524057097214468,1,0.00036581503378378379,1,True,calibration__20200511T090000Z,0.30660792951541843,5.1541163714636653,-0.461173292757939,-0.40846429655939381,gate_pass,74,48
48,222,maximum_downside_deviation_mean,C,-0.00073163006756755966,0.00017029943207844865,0.00017029943207844865,0.00015671608723631723,0.079761539286133595,True,4.2961392098508782,-1,-0.00067937077702701911,-1,True,calibration__20200511T090000Z,0.30988423864648262,5.1354546305986393,-0.44320573581209899,-0.49511678880240867,gate_pass,74,48
48,222,recovery_completion_hours_mean,A,-1.8904138513513513,0.21089208668705581,0.21089208668705581,0.1957233338356055,0.071926609906228109,True,8.9638918228190754,-1,-1.8377322635135136,-1,True,calibration__20210206T010000Z,0.20382478136279489,7.9872789556813348,-0.49956146911128213,-0.56429447820558698,gate_pass,74,48
48,222,recovery_completion_hours_mean,AB,-0.53849943693693691,0.20950986371568267,0.20950986371568267,0.20838858178158157,0.0053519290892325242,True,2.5702820258033894,-1,-0.68084881756756754,-1,True,calibration__20210206T010000Z,0.21450676805776661,7.8929374479387961,-0.51339201678029311,-0.48285699619429434,gate_pass,74,48
48,222,recovery_completion_hours_mean,ABC,0.53849943693693691,0.20950986371568267,0.20950986371568267,0.20838858178158157,0.0053519290892325242,True,2.5702820258033894,1,0.68084881756756754,1,True,calibration__20210206T010000Z,0.21450676805776661,7.8929374479387961,-0.51339201678029311,-0.48285699619429434,gate_pass,74,48
48,222,recovery_completion_hours_mean,AC,1.8904138513513513,0.21089208668705581,0.21089208668705581,0.1957233338356055,0.071926609906228109,True,8.9638918228190754,1,1.8377322635135136,1,True,calibration__20210206T010000Z,0.20382478136279489,7.9872789556813348,-0.49956146911128213,-0.56429447820558698,gate_pass,74,48
48,222,recovery_completion_hours_mean,B,-432.78610641891885,2.8722260335821348,2.8722260335821348,2.7926240985189574,0.027714370015614945,True,150.6796823644008,-1,-434.36750422297297,-1,True,calibration__20210409T070000Z,0.056478692909366864,32.84175661871928,-0.461186908486592,-0.54825641512519641,gate_pass,74,48
48,222,recovery_completion_hours_mean,BC,-0.50584177927927931,0.24913607347505115,0.24913607347505115,0.24622579236411357,0.011681492247765633,True,2.0303835258523293,-1,-0.70977618243243246,-1,True,calibration__20200511T090000Z,0.27533041377468725,6.0457802221774521,-0.45704411651397775,-0.44919793129040736,gate_pass,74,48
48,222,recovery_completion_hours_mean,C,-2.2465512387387387,0.2495659565315273,0.2495659565315273,0.21961298989574232,0.12002024255259777,True,9.0018337034479909,-1,-2.16015625,-1,True,calibration__20200511T090000Z,0.28037287802448635,6.0199871753337426,-0.4383057921222947,-0.53418413114240937,gate_pass,74,48
48,252,failed_recovery_attempts_mean,A,-0.0030968468468468473,0.00053700232883424149,0.00053700232883424149,0.00048066045973044078,0.10491922674918597,True,5.7669151148183619,-1,-0.0033783783783783786,-1,True,calibration__20210926T070000Z,0.19846491228070182,8.3619254433586683,-0.54405754144744645,-0.42309203676115054,gate_pass,74,48
48,252,failed_recovery_attempts_mean,AB,0.0030968468468468473,0.00053700232883424149,0.00053700232883424149,0.00048066045973044078,0.10491922674918597,True,5.7669151148183619,1,0.0033783783783783786,1,True,calibration__20210926T070000Z,0.19846491228070182,8.3619254433586683,-0.54405754144744645,-0.42309203676115054,gate_pass,74,48
48,252,failed_recovery_attempts_mean,ABC,-0.0030968468468468473,0.00053700232883424149,0.00053700232883424149,0.00048066045973044078,0.10491922674918597,True,5.7669151148183619,-1,-0.0033783783783783786,-1,True,calibration__20210926T070000Z,0.19846491228070182,8.3619254433586683,-0.54405754144744645,-0.42309203676115054,gate_pass,74,48
48,252,failed_recovery_attempts_mean,AC,0.0030968468468468473,0.00053700232883424149,0.00053700232883424149,0.00048066045973044078,0.10491922674918597,True,5.7669151148183619,1,0.0033783783783783786,1,True,calibration__20210926T070000Z,0.19846491228070182,8.3619254433586683,-0.54405754144744645,-0.42309203676115054,gate_pass,74,48
48,252,failed_recovery_attempts_mean,B,-0.21016328828828829,0.0065748889452983926,0.0065748889452983926,0.0056562918583693287,0.13971294337768844,True,31.964538114149136,-1,-0.21494932432432431,-1,True,calibration__20210308T080000Z,0.073612452090464894,38.388988155853468,-0.56730562473740453,-0.48202407248806922,gate_pass,74,48
48,252,failed_recovery_attempts_mean,BC,0.0029560810810810812,0.00059047412740285661,0.00059047412740285661,0.00049916239372783618,0.15464137959210214,False,5.0062838385199333,1,0.0029560810810810812,1,True,calibration__20200511T090000Z,0.24667472793228537,7.7620635159328897,-0.59300357794571856,-0.45863673695203527,gate_pass,74,48
48,252,failed_recovery_attempts_mean,C,-0.0029560810810810812,0.00059047412740285661,0.00059047412740285661,0.00049916239372783618,0.15464137959210214,False,5.0062838385199333,-1,-0.0029560810810810812,-1,True,calibration__20200511T090000Z,0.24667472793228537,7.7620635159328897,-0.59300357794571856,-0.45863673695203527,gate_pass,74,48
48,252,first_six_hour_burden_mean,A,-0.0021562040646750835,0.00035704557913802465,0.00033683897411853616,0.00035704557913802465,0.056593909013720446,True,6.0390162787635315,-1,-0.0021923163316784973,-1,True,calibration__20200511T090000Z,0.31281061531035881,6.3556896423090317,-0.51793091919058831,-0.54497341086374151,gate_pass,74,48
48,252,first_six_hour_burden_mean,AB,0.0021562040646750835,0.00035704557913802465,0.00033683897411853616,0.00035704557913802465,0.056593909013720446,True,6.0390162787635315,1,0.0021923163316784973,1,True,calibration__20200511T090000Z,0.31281061531035881,6.3556896423090317,-0.51793091919058831,-0.54497341086374151,gate_pass,74,48
48,252,first_six_hour_burden_mean,ABC,-0.0021562040646750835,0.00035704557913802465,0.00033683897411853616,0.00035704557913802465,0.056593909013720446,True,6.0390162787635315,-1,-0.0021923163316784973,-1,True,calibration__20200511T090000Z,0.31281061531035881,6.3556896423090317,-0.51793091919058831,-0.54497341086374151,gate_pass,74,48
48,252,first_six_hour_burden_mean,AC,0.0021562040646750835,0.00035704557913802465,0.00033683897411853616,0.00035704557913802465,0.056593909013720446,True,6.0390162787635315,1,0.0021923163316784973,1,True,calibration__20200511T090000Z,0.31281061531035881,6.3556896423090317,-0.51793091919058831,-0.54497341086374151,gate_pass,74,48
48,252,first_six_hour_burden_mean,B,-0.10929511182019014,0.0052101217712914212,0.0046661070817904876,0.0052101217712914212,0.10441496636384563,True,20.977458228025139,-1,-0.10717505170764786,-1,True,calibration__20210125T220000Z,0.044483485780823111,39.055540663174277,-0.495248494230697,-0.49327662784401932,gate_pass,74,48
48,252,first_six_hour_burden_mean,BC,0.002639349122160242,0.00039433685627260692,0.00039433685627260692,0.00038920526133519014,0.013013226777537853,True,6.6931332442728797,1,0.0028079156952988951,1,True,calibration__20200511T090000Z,0.49859763921524103,3.5679861369806232,-0.54826943387170268,-0.54630592461135641,gate_pass,74,48
48,252,first_six_hour_burden_mean,C,-0.002639349122160242,0.00039433685627260692,0.00039433685627260692,0.00038920526133519014,0.013013226777537853,True,6.6931332442728797,-1,-0.0028079156952988951,-1,True,calibration__20200511T090000Z,0.49859763921524103,3.5679861369806232,-0.54826943387170268,-0.54630592461135641,gate_pass,74,48
48,252,initial_gap_q4_q1_burden_contrast,A,0.0006824991620115365,0.00064963183233581964,0.00064331410340545106,0.00064963183233581964,0.0097250913762223154,True,1.0505937794912834,1,0.0011166985579965825,1,True,calibration__20210710T100000Z,0.2915154046882224,3.9021684778622441,-0.42921778066387534,-0.38653919688850563,gate_pass,74,48
48,252,initial_gap_q4_q1_burden_contrast,AB,-0.0006824991620115365,0.00064963183233581964,0.00064331410340545106,0.00064963183233581964,0.0097250913762223154,True,1.0505937794912834,-1,-0.0011166985579965825,-1,True,calibration__20210710T100000Z,0.2915154046882224,3.9021684778622441,-0.42921778066387534,-0.38653919688850563,gate_pass,74,48
48,252,initial_gap_q4_q1_burden_contrast,ABC,0.0006824991620115365,0.00064963183233581964,0.00064331410340545106,0.00064963183233581964,0.0097250913762223154,True,1.0505937794912834,1,0.0011166985579965825,1,True,calibration__20210710T100000Z,0.2915154046882224,3.9021684778622441,-0.42921778066387534,-0.38653919688850563,gate_pass,74,48
48,252,initial_gap_q4_q1_burden_contrast,AC,-0.0006824991620115365,0.00064963183233581964,0.00064331410340545106,0.00064963183233581964,0.0097250913762223154,True,1.0505937794912834,-1,-0.0011166985579965825,-1,True,calibration__20210710T100000Z,0.2915154046882224,3.9021684778622441,-0.42921778066387534,-0.38653919688850563,gate_pass,74,48
48,252,initial_gap_q4_q1_burden_contrast,B,0.069053017482220008,0.012518912765097931,0.012518912765097931,0.011164995907110325,0.1081497158253435,True,5.5158957313558554,1,0.071611228247508929,1,True,calibration__20210605T110000Z,0.087862267606267239,18.953795150610578,-0.49037853508413803,-0.51632497734920335,gate_pass,74,48
48,252,initial_gap_q4_q1_burden_contrast,BC,-0.0006824991620115365,0.00064963183233581964,0.00064331410340545106,0.00064963183233581964,0.0097250913762223154,True,1.0505937794912834,-1,-0.0011166985579965825,-1,True,calibration__20210710T100000Z,0.2915154046882224,3.9021684778622441,-0.42921778066387534,-0.38653919688850563,gate_pass,74,48
48,252,initial_gap_q4_q1_burden_contrast,C,0.0006824991620115365,0.00064963183233581964,0.00064331410340545106,0.00064963183233581964,0.0097250913762223154,True,1.0505937794912834,1,0.0011166985579965825,1,True,calibration__20210710T100000Z,0.2915154046882224,3.9021684778622441,-0.42921778066387534,-0.38653919688850563,gate_pass,74,48
48,252,maximum_downside_deviation_mean,A,-0.0055394867401070995,0.000357432651543534,0.000357432651543534,0.00032710011778111552,0.084862235253077012,True,15.497987428360082,-1,-0.0055917470020525415,-1,True,calibration__20210710T100000Z,0.12290279983052442,15.635292008581859,-0.51727085435037212,-0.5007287458904045,gate_pass,74,48
48,252,maximum_downside_deviation_mean,AB,0.0023342502536206127,0.000338430950399442,0.000338430950399442,0.00032930335035238212,0.026970346643197963,True,6.8972718094061811,1,0.0025607081507011886,1,True,calibration__20200511T090000Z,0.12965054318802308,16.325979925873234,-0.51878239776513557,-0.48472989708707753,gate_pass,74,48
48,252,maximum_downside_deviation_mean,ABC,-0.0023342502536206127,0.000338430950399442,0.000338430950399442,0.00032930335035238212,0.026970346643197963,True,6.8972718094061811,-1,-0.0025607081507011886,-1,True,calibration__20200511T090000Z,0.12965054318802308,16.325979925873234,-0.51878239776513557,-0.48472989708707753,gate_pass,74,48
48,252,maximum_downside_deviation_mean,AC,0.0055394867401070995,0.000357432651543534,0.000357432651543534,0.00032710011778111552,0.084862235253077012,True,15.497987428360082,1,0.0055917470020525415,1,True,calibration__20210710T100000Z,0.12290279983052442,15.635292008581859,-0.51727085435037212,-0.5007287458904045,gate_pass,74,48
48,252,maximum_downside_deviation_mean,B,-0.20565863472234805,0.0033694605928862149,0.0031799797854790025,0.0033694605928862149,0.056234759892207789,True,61.036070627015356,-1,-0.20595460712068292,-1,True,calibration__20201107T150000Z,0.023536419203749381,56.593398485427528,-0.49334898295684887,-0.52130113556864155,gate_pass,74,48
48,252,maximum_downside_deviation_mean,BC,0.0021948921455125043,0.00035321715253348532,0.00035321715253348532,0.0003115731365320167,0.11789918950077241,True,6.214002150714995,1,0.0023516709885390268,1,True,calibration__20200511T090000Z,0.16870217490012071,14.037752188182534,-0.50897149463424884,-0.33927709669421768,gate_pass,74,48
48,252,maximum_downside_deviation_mean,C,-0.0062362772806476363,0.00037146325396334329,0.00037146325396334329,0.00035467672497603136,0.045190281429474746,True,16.788409658585085,-1,-0.0064278956507011851,-1,True,calibration__20200511T090000Z,0.15253606346845278,14.111507377520027,-0.51113571995600826,-0.46654574604047933,gate_pass,74,48
48,252,recovery_completion_hours_mean,A,-8.5820664414414427,0.50438335517064947,0.50438335517064947,0.47202486975221819,0.064154546510527377,True,17.014967590549944,-1,-8.6227829391891895,-1,True,calibration__20210710T100000Z,0.11971253677194768,16.14946236603954,-0.51486112366104075,-0.52221752531158083,gate_pass,74,48
48,252,recovery_completion_hours_mean,AB,2.2637950450450446,0.46216513998254738,0.46216513998254738,0.43892925812882544,0.050276145566927423,True,4.8982384199953541,1,2.5982896959459461,1,True,calibration__20200511T090000Z,0.13370306159994175,16.470199768782344,-0.51878326815730236,-0.45157335634109985,gate_pass,74,48
48,252,recovery_completion_hours_mean,ABC,-2.2637950450450446,0.46216513998254738,0.46216513998254738,0.43892925812882544,0.050276145566927423,True,4.8982384199953541,-1,-2.5982896959459461,-1,True,calibration__20200511T090000Z,0.13370306159994175,16.470199768782344,-0.51878326815730236,-0.45157335634109985,gate_pass,74,48
48,252,recovery_completion_hours_mean,AC,8.5820664414414427,0.50438335517064947,0.50438335517064947,0.47202486975221819,0.064154546510527377,True,17.014967590549944,1,8.6227829391891895,1,True,calibration__20210710T100000Z,0.11971253677194768,16.14946236603954,-0.51486112366104075,-0.52221752531158083,gate_pass,74,48
48,252,recovery_completion_hours_mean,B,-277.98789414414415,4.6392323422542763,4.3762711839854127,4.6392323422542763,0.056682041094127784,True,59.921097637689222,-1,-278.39115287162161,-1,True,calibration__20210808T140000Z,0.024328392493862528,56.028037874322081,-0.49362474483390156,-0.52169914583722399,gate_pass,74,48
48,252,recovery_completion_hours_mean,BC,1.9549549549549547,0.48515595479652096,0.48515595479652096,0.43405417995910017,0.10533061448014867,True,4.0295392350174932,1,2.1922508445945947,1,True,calibration__20200511T090000Z,0.1721750927185382,13.929461780392034,-0.51153610176318487,-0.32827192781989939,gate_pass,74,48
48,252,recovery_completion_hours_mean,C,-9.6777871621621632,0.52332286907668102,0.52332286907668102,0.50188033590903258,0.040973812601540489,True,18.49295670803965,-1,-9.9194467905405403,-1,True,calibration__20200511T090000Z,0.14734423095246305,14.604642220208675,-0.50817598787038831,-0.48628092342266704,gate_pass,74,48
64,0,failed_recovery_attempts_mean,A,-0.0043813344594594598,0.00076965655877147816,0.00076965655877147816,0.00073599167026891217,0.043740143728914244,True,5.6925838018621233,-1,-0.003272804054054054,-1,True,calibration__20210920T030000Z,0.50705592473680283,2.0939095636498903,-0.27259954495662952,-0.2802914989834841,gate_pass,74,64
64,0,failed_recovery_attempts_mean,AB,0.0043813344594594598,0.00076965655877147816,0.00076965655877147816,0.00073599167026891217,0.043740143728914244,True,5.6925838018621233,1,0.003272804054054054,1,True,calibration__20210920T030000Z,0.50705592473680283,2.0939095636498903,-0.27259954495662952,-0.2802914989834841,gate_pass,74,64
64,0,failed_recovery_attempts_mean,ABC,-0.0043813344594594598,0.00076965655877147816,0.00076965655877147816,0.00073599167026891217,0.043740143728914244,True,5.6925838018621233,-1,-0.003272804054054054,-1,True,calibration__20210920T030000Z,0.50705592473680283,2.0939095636498903,-0.27259954495662952,-0.2802914989834841,gate_pass,74,64
64,0,failed_recovery_attempts_mean,AC,0.0043813344594594598,0.00076965655877147816,0.00076965655877147816,0.00073599167026891217,0.043740143728914244,True,5.6925838018621233,1,0.003272804054054054,1,True,calibration__20210920T030000Z,0.50705592473680283,2.0939095636498903,-0.27259954495662952,-0.2802914989834841,gate_pass,74,64
64,0,failed_recovery_attempts_mean,B,-0.022962415540540539,0.0024584493724210746,0.0024584493724210746,0.0023009678874536571,0.064057241419753178,True,9.3402027302792128,-1,-0.020164695945945946,-1,True,calibration__20201206T020000Z,0.17152705105781971,17.980574404950243,-0.39501618732521826,-0.43146909976877923,gate_pass,74,64
64,0,failed_recovery_attempts_mean,BC,0.004592483108108108,0.00078535732642808799,0.00078535732642808799,0.00074625654343137763,0.049787251841841268,True,5.8476351509896087,1,0.0036951013513513513,1,True,calibration__20210616T110000Z,0.4904266762280387,2.093038235390638,-0.23597496261765044,-0.25211018718517314,gate_pass,74,64
64,0,failed_recovery_attempts_mean,C,-0.004592483108108108,0.00078535732642808799,0.00078535732642808799,0.00074625654343137763,0.049787251841841268,True,5.8476351509896087,-1,-0.0036951013513513513,-1,True,calibration__20210616T110000Z,0.4904266762280387,2.093038235390638,-0.23597496261765044,-0.25211018718517314,gate_pass,74,64
64,0,first_six_hour_burden_mean,A,0,0,0,0,0,True,0,0,0,0,True,calibration__20200128T020000Z,0,74,,,gate_pass,74,64
64,0,first_six_hour_burden_mean,AB,0,0,0,0,0,True,0,0,0,0,True,calibration__20200128T020000Z,0,74,,,gate_pass,74,64
64,0,first_six_hour_burden_mean,ABC,0,0,0,0,0,True,0,0,0,0,True,calibration__20200128T020000Z,0,74,,,gate_pass,74,64
64,0,first_six_hour_burden_mean,AC,0,0,0,0,0,True,0,0,0,0,True,calibration__20200128T020000Z,0,74,,,gate_pass,74,64
64,0,first_six_hour_burden_mean,B,-9.9169832725989941e-05,4.7468916091578145e-05,4.7137514348141721e-05,4.7468916091578145e-05,0.0069814474549424379,True,2.0891530898803161,-1,-0.00014650645182063865,-1,True,calibration__20210302T170000Z,0.80490046439434015,1.5282348523468019,-0.34023111235805509,-0.47647159987205989,gate_pass,74,64
64,0,first_six_hour_burden_mean,BC,0,0,0,0,0,True,0,0,0,0,True,calibration__20200128T020000Z,0,74,,,gate_pass,74,64
64,0,first_six_hour_burden_mean,C,0,0,0,0,0,True,0,0,0,0,True,calibration__20200128T020000Z,0,74,,,gate_pass,74,64
64,0,initial_gap_q4_q1_burden_contrast,A,0,0,0,0,0,True,0,0,0,0,True,calibration__20200509T220000Z,0,38,,,gate_pass,74,64
64,0,initial_gap_q4_q1_burden_contrast,AB,0,0,0,0,0,True,0,0,0,0,True,calibration__20200509T220000Z,0,38,,,gate_pass,74,64
64,0,initial_gap_q4_q1_burden_contrast,ABC,0,0,0,0,0,True,0,0,0,0,True,calibration__20200509T220000Z,0,38,,,gate_pass,74,64
64,0,initial_gap_q4_q1_burden_contrast,AC,0,0,0,0,0,True,0,0,0,0,True,calibration__20200509T220000Z,0,38,,,gate_pass,74,64
64,0,initial_gap_q4_q1_burden_contrast,B,-9.928944489116299e-05,5.896862704475446e-05,5.896862704475446e-05,5.8103457341601319e-05,0.014671694874234004,True,1.6837672821483005,-1,-9.1078439945746782e-05,-1,True,calibration__20210421T210000Z,0.55280217171622192,2.4448838413269183,-0.49550320482661142,-0.49927436246412765,gate_pass,74,64
64,0,initial_gap_q4_q1_burden_contrast,BC,0,0,0,0,0,True,0,0,0,0,True,calibration__20200509T220000Z,0,38,,,gate_pass,74,64
64,0,initial_gap_q4_q1_burden_contrast,C,0,0,0,0,0,True,0,0,0,0,True,calibration__20200509T220000Z,0,38,,,gate_pass,74,64
64,0,maximum_downside_deviation_mean,A,-0.0016474309520268478,8.7252248168411328e-05,8.3972895210622999e-05,8.7252248168411328e-05,0.037584738807630871,True,18.881243596692574,-1,-0.0016212559674340645,-1,True,calibration__20210616T110000Z,0.53462149864745101,2.3200725984111221,-0.3741196092937587,-0.36733046307910083,gate_pass,74,64
64,0,maximum_downside_deviation_mean,AB,0.0016474309520268478,8.7252248168411328e-05,8.3972895210622999e-05,8.7252248168411328e-05,0.037584738807630871,True,18.881243596692574,1,0.0016212559674340645,1,True,calibration__20210616T110000Z,0.53462149864745101,2.3200725984111221,-0.3741196092937587,-0.36733046307910083,gate_pass,74,64
64,0,maximum_downside_deviation_mean,ABC,-0.0016474309520268478,8.7252248168411328e-05,8.3972895210622999e-05,8.7252248168411328e-05,0.037584738807630871,True,18.881243596692574,-1,-0.0016212559674340645,-1,True,calibration__20210616T110000Z,0.53462149864745101,2.3200725984111221,-0.3741196092937587,-0.36733046307910083,gate_pass,74,64
64,0,maximum_downside_deviation_mean,AC,0.0016474309520268478,8.7252248168411328e-05,8.3972895210622999e-05,8.7252248168411328e-05,0.037584738807630871,True,18.881243596692574,1,0.0016212559674340645,1,True,calibration__20210616T110000Z,0.53462149864745101,2.3200725984111221,-0.3741196092937587,-0.36733046307910083,gate_pass,74,64
64,0,maximum_downside_deviation_mean,B,-0.001880777113427057,8.6054393648154736e-05,8.6054393648154736e-05,8.3749878561916428e-05,0.026779749278818175,True,21.855677946170577,-1,-0.0019601949909758094,-1,True,calibration__20210616T110000Z,0.55589342206522241,2.2695538561955648,-0.3489429974306939,-0.36362472912119037,gate_pass,74,64
64,0,maximum_downside_deviation_mean,BC,0.0018565234683745662,8.6016693872384081e-05,8.6016693872384081e-05,8.4169132112643213e-05,0.021479106863627473,True,21.583292553988855,1,0.0019348920103173703,1,True,calibration__20210616T110000Z,0.55647381803296836,2.2647600035588562,-0.34886024521770143,-0.36624351161462132,gate_pass,74,64
64,0,maximum_downside_deviation_mean,C,-0.0018565234683745662,8.6016693872384081e-05,8.6016693872384081e-05,8.4169132112643213e-05,0.021479106863627473,True,21.583292553988855,-1,-0.0019348920103173703,-1,True,calibration__20210616T110000Z,0.55647381803296836,2.2647600035588562,-0.34886024521770143,-0.36624351161462132,gate_pass,74,64
64,0,recovery_completion_hours_mean,A,-5.6591532939189193,0.19300485041648313,0.19300485041648313,0.19229238256809517,0.0036914504835010029,True,29.321300898433858,-1,-5.442461993243243,-1,True,calibration__20210616T110000Z,0.30058838048845793,4.6670839972021465,-0.46204533878198945,-0.48360100563054015,gate_pass,74,64
64,0,recovery_completion_hours_mean,AB,1.0176836993243243,0.06501087341436261,0.063094913247892764,0.06501087341436261,0.029471380183711857,True,15.654053635579848,1,0.95956503378378377,1,True,calibration__20210920T030000Z,0.54017802032590201,2.0133044921248078,-0.37917466256904125,-0.36895078552178467,gate_pass,74,64
64,0,recovery_completion_hours_mean,ABC,-1.0176836993243243,0.06501087341436261,0.063094913247892764,0.06501087341436261,0.029471380183711857,True,15.654053635579848,-1,-0.95956503378378377,-1,True,calibration__20210920T030000Z,0.54017802032590201,2.0133044921248078,-0.37917466256904125,-0.36895078552178467,gate_pass,74,64
64,0,recovery_completion_hours_mean,AC,5.6591532939189193,0.19300485041648313,0.19300485041648313,0.19229238256809517,0.0036914504835010029,True,29.321300898433858,1,5.442461993243243,1,True,calibration__20210616T110000Z,0.30058838048845793,4.6670839972021465,-0.46204533878198945,-0.48360100563054015,gate_pass,74,64
64,0,recovery_completion_hours_mean,B,-1.3313450168918919,0.068418397898112965,0.068418397898112965,0.064472226918224781,0.057677044495615441,True,19.458874481020427,-1,-1.3014146959459461,-1,True,calibration__20210920T030000Z,0.45806973733732714,2.7001065790569068,-0.33781981606920558,-0.34573044500400674,gate_pass,74,64
64,0,recovery_completion_hours_mean,BC,1.1592588682432432,0.063760392006021877,0.063760392006021877,0.062088981506910321,0.026213930726048527,True,18.181489036857812,1,1.1814822635135136,1,True,calibration__20210920T030000Z,0.53242854849275723,2.0192892532810616,-0.35649575281592927,-0.36419955927900993,gate_pass,74,64
64,0,recovery_completion_hours_mean,C,-6.5614970439189193,0.20637505619021845,0.19776812166367574,0.20637505619021845,0.041705304339733726,True,31.794041223039599,-1,-6.5520481418918921,-1,True,calibration__20210616T110000Z,0.31211916305207443,4.4658452012476912,-0.46014097110787688,-0.51422509092086777,gate_pass,74,64
64,36,failed_recovery_attempts_mean,A,-0.0027977195945945946,0.00066262383117801876,0.00064674746443866508,0.00066262383117801876,0.023959848698964739,True,4.222183783551495,-1,-0.0019003378378378379,-1,True,calibration__20210616T110000Z,0.64449614042508196,2.2185114285345033,-0.20074085236218731,-0.19643408200878429,gate_pass,74,64
64,36,failed_recovery_attempts_mean,AB,0.0027977195945945946,0.00066262383117801876,0.00064674746443866508,0.00066262383117801876,0.023959848698964739,True,4.222183783551495,1,0.0019003378378378379,1,True,calibration__20210616T110000Z,0.64449614042508196,2.2185114285345033,-0.20074085236218731,-0.19643408200878429,gate_pass,74,64
64,36,failed_recovery_attempts_mean,ABC,-0.0027977195945945946,0.00066262383117801876,0.00064674746443866508,0.00066262383117801876,0.023959848698964739,True,4.222183783551495,-1,-0.0019003378378378379,-1,True,calibration__20210616T110000Z,0.64449614042508196,2.2185114285345033,-0.20074085236218731,-0.19643408200878429,gate_pass,74,64
64,36,failed_recovery_attempts_mean,AC,0.0027977195945945946,0.00066262383117801876,0.00064674746443866508,0.00066262383117801876,0.023959848698964739,True,4.222183783551495,1,0.0019003378378378379,1,True,calibration__20210616T110000Z,0.64449614042508196,2.2185114285345033,-0.20074085236218731,-0.19643408200878429,gate_pass,74,64
64,36,failed_recovery_attempts_mean,B,-0.033942145270270271,0.003779254897832378,0.003779254897832378,0.003696411820617633,0.021920478891820794,True,8.9811738524803033,-1,-0.034839527027027029,-1,True,calibration__20210206T010000Z,0.13457161349060609,19.069307017795296,-0.4355200604809113,-0.44393895151097518,gate_pass,74,64
64,36,failed_recovery_attempts_mean,BC,0.0041701858108108107,0.001190746952901477,0.001190746952901477,0.0011722916071070257,0.015498965375877269,True,3.5021595483821102,1,0.0031672297297297299,1,True,calibration__20210616T110000Z,0.89512430982312752,1.2432764074095342,-0.061045400676039398,-0.06148609083085229,gate_pass,74,64
64,36,failed_recovery_attempts_mean,C,-0.0041701858108108107,0.001190746952901477,0.001190746952901477,0.0011722916071070257,0.015498965375877269,True,3.5021595483821102,-1,-0.0031672297297297299,-1,True,calibration__20210616T110000Z,0.89512430982312752,1.2432764074095342,-0.061045400676039398,-0.06148609083085229,gate_pass,74,64
64,36,first_six_hour_burden_mean,A,-5.6104887527760928e-06,5.4208757285391256e-06,5.4208757285391256e-06,5.4178124948773693e-06,0.00056508096019050624,True,1.0349783012436011,-1,-1.1220977505552186e-05,-1,True,calibration__20200511T090000Z,0.99873174042648771,1.0025397361013411,-0.99972257834737155,-0.99976465911202428,gate_pass,74,64
64,36,first_six_hour_burden_mean,AB,5.6104887527760928e-06,5.4208757285391256e-06,5.4208757285391256e-06,5.4178124948773693e-06,0.00056508096019050624,True,1.0349783012436011,1,1.1220977505552186e-05,1,True,calibration__20200511T090000Z,0.99873174042648771,1.0025397361013411,-0.99972257834737155,-0.99976465911202428,gate_pass,74,64
64,36,first_six_hour_burden_mean,ABC,-5.6104887527760928e-06,5.4208757285391256e-06,5.4208757285391256e-06,5.4178124948773693e-06,0.00056508096019050624,True,1.0349783012436011,-1,-1.1220977505552186e-05,-1,True,calibration__20200511T090000Z,0.99873174042648771,1.0025397361013411,-0.99972257834737155,-0.99976465911202428,gate_pass,74,64
64,36,first_six_hour_burden_mean,AC,5.6104887527760928e-06,5.4208757285391256e-06,5.4208757285391256e-06,5.4178124948773693e-06,0.00056508096019050624,True,1.0349783012436011,1,1.1220977505552186e-05,1,True,calibration__20200511T090000Z,0.99873174042648771,1.0025397361013411,-0.99972257834737155,-0.99976465911202428,gate_pass,74,64
64,36,first_six_hour_burden_mean,B,-0.00029545273928551619,0.00015360971625023531,0.00015350308784930851,0.00015360971625023531,0.00069415140871098807,True,1.9233987699333674,-1,-0.00024385873903430547,-1,True,calibration__20211210T180000Z,0.8130970345577303,1.4658986911175456,-0.029966747368045141,-0.23783123287397143,gate_pass,74,64
64,36,first_six_hour_burden_mean,BC,5.6104887527760945e-06,5.4208757285391264e-06,5.4208757285391264e-06,5.4178124948773693e-06,0.00056508096019066247,True,1.0349783012436014,1,1.1220977505552189e-05,1,True,calibration__20200511T090000Z,0.99873174042648771,1.0025397361013411,-0.99972257834737155,-0.99976465911202428,gate_pass,74,64
64,36,first_six_hour_burden_mean,C,-5.6104887527760945e-06,5.4208757285391264e-06,5.4208757285391264e-06,5.4178124948773693e-06,0.00056508096019066247,True,1.0349783012436014,-1,-1.1220977505552189e-05,-1,True,calibration__20200511T090000Z,0.99873174042648771,1.0025397361013411,-0.99972257834737155,-0.99976465911202428,gate_pass,74,64
64,36,initial_gap_q4_q1_burden_contrast,A,0,0,0,0,0,True,0,0,0,0,True,calibration__20200509T220000Z,0,38,,,gate_pass,74,64
64,36,initial_gap_q4_q1_burden_contrast,AB,0,0,0,0,0,True,0,0,0,0,True,calibration__20200509T220000Z,0,38,,,gate_pass,74,64
64,36,initial_gap_q4_q1_burden_contrast,ABC,0,0,0,0,0,True,0,0,0,0,True,calibration__20200509T220000Z,0,38,,,gate_pass,74,64
64,36,initial_gap_q4_q1_burden_contrast,AC,0,0,0,0,0,True,0,0,0,0,True,calibration__20200509T220000Z,0,38,,,gate_pass,74,64
64,36,initial_gap_q4_q1_burden_contrast,B,0.00039972365952370458,0.00054927557510462712,0.00054725321807804557,0.00054927557510462712,0.0036818622896099525,True,0.72772880798051942,1,-0.00017758959327448162,-1,False,calibration__20211210T180000Z,0.97041209039287768,1.0613187328390541,0.13891015618320432,0.14085474406836665,gate_pass,74,64
64,36,initial_gap_q4_q1_burden_contrast,BC,0,0,0,0,0,True,0,0,0,0,True,calibration__20200509T220000Z,0,38,,,gate_pass,74,64
64,36,initial_gap_q4_q1_burden_contrast,C,0,0,0,0,0,True,0,0,0,0,True,calibration__20200509T220000Z,0,38,,,gate_pass,74,64
64,36,maximum_downside_deviation_mean,A,-5.5775546472480749e-06,1.1254121510985205e-06,1.1069733387714696e-06,1.1254121510985205e-06,0.016384052996986677,True,4.9560106862217506,-1,-3.6904626076047939e-06,-1,True,calibration__20210616T110000Z,0.80669506198374097,1.5175941469699079,-0.19671940905389687,-0.15491057444800074,gate_pass,74,64
64,36,maximum_downside_deviation_mean,AB,5.5775546472480749e-06,1.1254121510985205e-06,1.1069733387714696e-06,1.1254121510985205e-06,0.016384052996986677,True,4.9560106862217506,1,3.6904626076047939e-06,1,True,calibration__20210616T110000Z,0.80669506198374097,1.5175941469699079,-0.19671940905389687,-0.15491057444800074,gate_pass,74,64
64,36,maximum_downside_deviation_mean,ABC,-5.5775546472480749e-06,1.1254121510985205e-06,1.1069733387714696e-06,1.1254121510985205e-06,0.016384052996986677,True,4.9560106862217506,-1,-3.6904626076047939e-06,-1,True,calibration__20210616T110000Z,0.80669506198374097,1.5175941469699079,-0.19671940905389687,-0.15491057444800074,gate_pass,74,64
64,36,maximum_downside_deviation_mean,AC,5.5775546472480749e-06,1.1254121510985205e-06,1.1069733387714696e-06,1.1254121510985205e-06,0.016384052996986677,True,4.9560106862217506,1,3.6904626076047939e-06,1,True,calibration__20210616T110000Z,0.80669506198374097,1.5175941469699079,-0.19671940905389687,-0.15491057444800074,gate_pass,74,64
64,36,maximum_downside_deviation_mean,B,-4.10129454144611e-05,4.2161810024346091e-06,4.2161810024346091e-06,4.1491369585513365e-06,0.01590160475666447,True,9.7275106051610241,-1,-4.1218766339449558e-05,-1,True,calibration__20210328T190000Z,0.14105099440880065,15.002194359129636,-0.62959712636572374,-0.61276752864237249,gate_pass,74,64
64,36,maximum_downside_deviation_mean,BC,6.2364662003229962e-06,1.1509198526127516e-06,1.1426974243999762e-06,1.1509198526127516e-06,0.0071442231134594249,True,5.4186798378404299,1,4.4761446785613574e-06,1,True,calibration__20210616T110000Z,0.80163987618965504,1.533340533399655,-0.20652935865279631,-0.17873903053466031,gate_pass,74,64
64,36,maximum_downside_deviation_mean,C,-6.2364662003229962e-06,1.1509198526127516e-06,1.1426974243999762e-06,1.1509198526127516e-06,0.0071442231134594249,True,5.4186798378404299,-1,-4.4761446785613574e-06,-1,True,calibration__20210616T110000Z,0.80163987618965504,1.533340533399655,-0.20652935865279631,-0.17873903053466031,gate_pass,74,64
64,36,recovery_completion_hours_mean,A,-4.6887141047297298,0.16817388563109215,0.16817388563109215,0.16711976673907,0.0062680295936936884,True,27.880155632575072,-1,-4.5147804054054053,-1,True,calibration__20210920T030000Z,0.25447764386996519,5.6778432310264266,-0.4412109020144569,-0.47052652121202831,gate_pass,74,64
64,36,recovery_completion_hours_mean,AB,0.047244510135135136,0.018018441459167419,0.018018441459167419,0.017628346873679392,0.02164974070438009,True,2.6220086927162107,1,0.031883445945945943,1,True,calibration__20210616T110000Z,0.78581890276207889,1.592386969280593,-0.1867409867907017,-0.24648467174626534,gate_pass,74,64
64,36,recovery_completion_hours_mean,ABC,-0.047244510135135136,0.018018441459167419,0.018018441459167419,0.017628346873679392,0.02164974070438009,True,2.6220086927162107,-1,-0.031883445945945943,-1,True,calibration__20210616T110000Z,0.78581890276207889,1.592386969280593,-0.1867409867907017,-0.24648467174626534,gate_pass,74,64
64,36,recovery_completion_hours_mean,AC,4.6887141047297298,0.16817388563109215,0.16817388563109215,0.16711976673907,0.0062680295936936884,True,27.880155632575072,1,4.5147804054054053,1,True,calibration__20210920T030000Z,0.25447764386996519,5.6778432310264266,-0.4412109020144569,-0.47052652121202831,gate_pass,74,64
64,36,recovery_completion_hours_mean,B,-0.35509923986486486,0.058915433667192929,0.058681007283910992,0.058915433667192929,0.0039790317865805204,True,6.027270237384367,-1,-0.359375,-1,True,calibration__20210125T220000Z,0.37432423376981599,5.6424958162091592,-0.50383086890340412,-0.45064373648894879,gate_pass,74,64
64,36,recovery_completion_hours_mean,BC,0.04471072635135135,0.018258478602443874,0.018258478602443874,0.01799848595129315,0.014239557238680582,True,2.4487651641121335,1,0.030405405405405407,1,True,calibration__20210616T110000Z,0.76524099695207259,1.6726860501216336,-0.20569795350194139,-0.25795841964907679,gate_pass,74,64
64,36,recovery_completion_hours_mean,C,-5.4469489020270272,0.18648568258994008,0.17124535926330994,0.18648568258994008,0.081723825201861763,True,29.208402631124354,-1,-5.4009712837837842,-1,True,calibration__20210920T030000Z,0.2708427130936511,5.4665171069674274,-0.44983344360147653,-0.51218271583860642,gate_pass,74,64
64,42,failed_recovery_attempts_mean,A,0.00036951013513513516,0.00027251059269514313,0.00025280866994624121,0.00027251059269514313,0.07229782355999062,True,1.3559477871324626,1,0.00063344594594594598,1,True,calibration__20200511T090000Z,0.35432525951557092,5.0622346783167789,-0.035051263628076201,0.03540660517176486,gate_pass,74,64
64,42,failed_recovery_attempts_mean,AB,-0.00036951013513513516,0.00027251059269514313,0.00025280866994624121,0.00027251059269514313,0.07229782355999062,True,1.3559477871324626,-1,-0.00063344594594594598,-1,True,calibration__20200511T090000Z,0.35432525951557092,5.0622346783167789,-0.035051263628076201,0.03540660517176486,gate_pass,74,64
64,42,failed_recovery_attempts_mean,ABC,0.00036951013513513516,0.00027251059269514313,0.00025280866994624121,0.00027251059269514313,0.07229782355999062,True,1.3559477871324626,1,0.00063344594594594598,1,True,calibration__20200511T090000Z,0.35432525951557092,5.0622346783167789,-0.035051263628076201,0.03540660517176486,gate_pass,74,64
64,42,failed_recovery_attempts_mean,AC,-0.00036951013513513516,0.00027251059269514313,0.00025280866994624121,0.00027251059269514313,0.07229782355999062,True,1.3559477871324626,-1,-0.00063344594594594598,-1,True,calibration__20200511T090000Z,0.35432525951557092,5.0622346783167789,-0.035051263628076201,0.03540660517176486,gate_pass,74,64
64,42,failed_recovery_attempts_mean,B,-0.2081397804054054,0.0055845003368054282,0.0051760352282830225,0.0055845003368054282,0.073142641935279223,True,37.270976426240168,-1,-0.2117820945945946,-1,True,calibration__20200509T220000Z,0.02702198507913605,47.34086815639786,-0.49519989236657869,-0.52058685858528664,gate_pass,74,64
64,42,failed_recovery_attempts_mean,BC,-0.00026393581081081083,0.00033059357805560139,0.00027396744616199414,0.00033059357805560139,0.17128624284432864,False,0.79836944311852409,-1,-0.00063344594594594598,-1,True,calibration__20200511T090000Z,0.45020624631703005,3.9233225661866178,-0.0080608775323919371,0.098710252512079683,finite_replication_instability,74,64
64,42,failed_recovery_attempts_mean,C,0.00026393581081081083,0.00033059357805560139,0.00027396744616199414,0.00033059357805560139,0.17128624284432864,False,0.79836944311852409,1,0.00063344594594594598,1,True,calibration__20200511T090000Z,0.45020624631703005,3.9233225661866178,-0.0080608775323919371,0.098710252512079683,finite_replication_instability,74,64
64,42,first_six_hour_burden_mean,A,-0.0014376188523911786,0.00025198396652912036,0.00025198396652912036,0.00024023131622540666,0.046640468699644486,True,5.7051997085101886,-1,-0.0012179956865890731,-1,True,calibration__20200511T090000Z,0.19486343789750865,7.1303054670146979,-0.37215819557851171,-0.30655373011667741,gate_pass,74,64
64,42,first_six_hour_burden_mean,AB,0.0010153215550938813,0.00025198396652912036,0.00025198396652912036,0.00025062982931515945,0.0053739022867727625,True,4.0293101544480461,1,0.00037340109199447832,1,True,calibration__20200511T090000Z,0.19486343789750865,7.1303054670146979,-0.37215819557851171,-0.36145219933357026,gate_pass,74,64
64,42,first_six_hour_burden_mean,ABC,-0.0010153215550938813,0.00025198396652912036,0.00025198396652912036,0.00025062982931515945,0.0053739022867727625,True,4.0293101544480461,-1,-0.00037340109199447832,-1,True,calibration__20200511T090000Z,0.19486343789750865,7.1303054670146979,-0.37215819557851171,-0.36145219933357026,gate_pass,74,64
64,42,first_six_hour_burden_mean,AC,0.0014376188523911786,0.00025198396652912036,0.00025198396652912036,0.00024023131622540666,0.046640468699644486,True,5.7051997085101886,1,0.0012179956865890731,1,True,calibration__20200511T090000Z,0.19486343789750865,7.1303054670146979,-0.37215819557851171,-0.30655373011667741,gate_pass,74,64
64,42,first_six_hour_burden_mean,B,-0.44348220059618321,0.0056797052579507651,0.0052323035476447913,0.0056797052579507651,0.078771994317781924,True,78.08190398179066,-1,-0.44412375462483755,-1,True,calibration__20210314T050000Z,0.025793277253649209,49.339759040477411,-0.49004382364161642,-0.6641305280977462,gate_pass,74,64
64,42,first_six_hour_burden_mean,BC,0.0012086812280659256,0.00028478269392934712,0.00028478269392934712,0.00028189208993030073,0.010150209477839706,True,4.2442228893508265,1,0.00052543923255586958,1,True,calibration__20200511T090000Z,0.27682220392672763,6.0739460529421443,-0.47703209134514518,-0.49998941093789617,gate_pass,74,64
64,42,first_six_hour_burden_mean,C,-0.0016309785253632229,0.00028478269392934712,0.00028478269392934712,0.00026789306375885497,0.059307080558351488,True,5.7270984513119991,-1,-0.0013700338271504641,-1,True,calibration__20200511T090000Z,0.27682220392672763,6.0739460529421443,-0.47703209134514518,-0.46521891058753317,gate_pass,74,64
64,42,initial_gap_q4_q1_burden_contrast,A,-0.00061678082241742034,0.00054271066243860577,0.00053524186370893542,0.00054271066243860577,0.013762026889448227,True,1.1364818587605947,-1,-0.0020559300658874722,-1,True,calibration__20210206T010000Z,0.56206094759720249,2.3696013472803301,-0.59124022595698122,-0.58148372923998182,gate_pass,74,64
64,42,initial_gap_q4_q1_burden_contrast,AB,-0.0010279560196878429,0.00053524186370893542,0.00053524186370893542,0.00053272914261028297,0.0046945526294237443,True,1.9205448777206364,-1,-0.0012335436183230544,-1,True,calibration__20210206T010000Z,0.56206094759720249,2.3696013472803301,-0.59124022595698122,-0.5971978104055079,gate_pass,74,64
64,42,initial_gap_q4_q1_burden_contrast,ABC,0.0010279560196878429,0.00053524186370893542,0.00053524186370893542,0.00053272914261028297,0.0046945526294237443,True,1.9205448777206364,1,0.0012335436183230544,1,True,calibration__20210206T010000Z,0.56206094759720249,2.3696013472803301,-0.59124022595698122,-0.5971978104055079,gate_pass,74,64
64,42,initial_gap_q4_q1_burden_contrast,AC,0.00061678082241742034,0.00054271066243860577,0.00053524186370893542,0.00054271066243860577,0.013762026889448227,True,1.1364818587605947,1,0.0020559300658874722,1,True,calibration__20210206T010000Z,0.56206094759720249,2.3696013472803301,-0.59124022595698122,-0.58148372923998182,gate_pass,74,64
64,42,initial_gap_q4_q1_burden_contrast,B,-0.049603689339020873,0.016367980984528071,0.014773282016832116,0.016367980984528071,0.097427958231583567,True,3.0305319505141806,-1,-0.041142156243924199,-1,True,calibration__20210314T050000Z,0.049078880707435109,25.376238207252968,-0.47967803233443607,-0.62121010317206005,gate_pass,74,64
64,42,initial_gap_q4_q1_burden_contrast,BC,-0.0010279560196878429,0.00053524186370893542,0.00053524186370893542,0.00053272914261028297,0.0046945526294237443,True,1.9205448777206364,-1,-0.0012335436183230544,-1,True,calibration__20210206T010000Z,0.56206094759720249,2.3696013472803301,-0.59124022595698122,-0.5971978104055079,gate_pass,74,64
64,42,initial_gap_q4_q1_burden_contrast,C,-0.00061678082241742034,0.00054271066243860577,0.00053524186370893542,0.00054271066243860577,0.013762026889448227,True,1.1364818587605947,-1,-0.0020559300658874722,-1,True,calibration__20210206T010000Z,0.56206094759720249,2.3696013472803301,-0.59124022595698122,-0.58148372923998182,gate_pass,74,64
64,42,maximum_downside_deviation_mean,A,-0.00015677787162162162,7.1823524939496839e-05,6.3664750328845774e-05,7.1823524939496839e-05,0.1135947395720818,True,2.1828206253269964,-1,-5.2259290540540542e-05,-1,True,calibration__20200511T090000Z,0.33155080213903748,3.6153011113982951,-0.37488160698099715,-0.33057996358356717,gate_pass,74,64
64,42,maximum_downside_deviation_mean,AB,0.00015677787162162162,7.1823524939496839e-05,6.3664750328845774e-05,7.1823524939496839e-05,0.1135947395720818,True,2.1828206253269964,1,5.2259290540540542e-05,1,True,calibration__20200511T090000Z,0.33155080213903748,3.6153011113982951,-0.37488160698099715,-0.33057996358356717,gate_pass,74,64
64,42,maximum_downside_deviation_mean,ABC,-0.00015677787162162162,7.1823524939496839e-05,6.3664750328845774e-05,7.1823524939496839e-05,0.1135947395720818,True,2.1828206253269964,-1,-5.2259290540540542e-05,-1,True,calibration__20200511T090000Z,0.33155080213903748,3.6153011113982951,-0.37488160698099715,-0.33057996358356717,gate_pass,74,64
64,42,maximum_downside_deviation_mean,AC,0.00015677787162162162,7.1823524939496839e-05,6.3664750328845774e-05,7.1823524939496839e-05,0.1135947395720818,True,2.1828206253269964,1,5.2259290540540542e-05,1,True,calibration__20200511T090000Z,0.33155080213903748,3.6153011113982951,-0.37488160698099715,-0.33057996358356717,gate_pass,74,64
64,42,maximum_downside_deviation_mean,B,-0.3351388302364865,0.001089844542234491,0.001089844542234491,0.00099571674738660704,0.086368093062975049,True,307.51067445762186,-1,-0.33597497888513511,-1,True,calibration__20210409T070000Z,0.099116772203872355,18.93426191888576,-0.45990735744153699,-0.49838173536390873,gate_pass,74,64
64,42,maximum_downside_deviation_mean,BC,0.00026129645270270269,0.00010006892279125578,9.7100812846763411e-05,0.00010006892279125578,0.02966065649256423,True,2.6111648393354674,1,5.2259290540540542e-05,1,True,calibration__20200511T090000Z,0.42298850574712649,3.4057468885269206,-0.18308271358193906,-0.16970789980427003,gate_pass,74,64
64,42,maximum_downside_deviation_mean,C,-0.0002612964527026944,0.00010006892279125578,9.7100812846763411e-05,0.00010006892279125578,0.02966065649256423,True,2.6111648393353843,-1,-5.2259290540532289e-05,-1,True,calibration__20200511T090000Z,0.42298850574712649,3.4057468885269206,-0.18308271358193906,-0.16970789980427003,gate_pass,74,64
64,42,recovery_completion_hours_mean,A,-1.265625,0.11058483660023234,0.10874049773623946,0.11058483660023234,0.016678044844974732,True,11.444833115549775,-1,-1.1059966216216217,-1,True,calibration__20210228T030000Z,0.22403957579277803,6.1419770618575695,-0.40955334032278456,-0.30606526936382134,gate_pass,74,64
64,42,recovery_completion_hours_mean,AB,-0.82791385135135132,0.12069869392904267,0.10781594913340378,0.12069869392904267,0.10673474895438805,True,6.859343911691969,-1,-0.96051520270270274,-1,True,calibration__20210228T030000Z,0.22789844078611779,6.1259681519980838,-0.39667193961115155,-0.43302381896275843,gate_pass,74,64
64,42,recovery_completion_hours_mean,ABC,0.82791385135135132,0.12069869392904267,0.10781594913340378,0.12069869392904267,0.10673474895438805,True,6.859343911691969,1,0.96051520270270274,1,True,calibration__20210228T030000Z,0.22789844078611779,6.1259681519980838,-0.39667193961115155,-0.43302381896275843,gate_pass,74,64
64,42,recovery_completion_hours_mean,AC,1.265625,0.11058483660023234,0.10874049773623946,0.11058483660023234,0.016678044844974732,True,11.444833115549775,1,1.1059966216216217,1,True,calibration__20210228T030000Z,0.22403957579277803,6.1419770618575695,-0.40955334032278456,-0.30606526936382134,gate_pass,74,64
64,42,recovery_completion_hours_mean,B,-458.31281672297297,1.5251514442264877,1.5251514442264877,1.39489027373741,0.085408679237846022,True,300.50315229869898,-1,-459.48036317567568,-1,True,calibration__20210409T070000Z,0.099772195385649437,18.85624812330887,-0.4611134080317949,-0.50046656525655242,gate_pass,74,64
64,42,recovery_completion_hours_mean,BC,-0.84934543918918914,0.14917998327759313,0.14816945482232899,0.14917998327759313,0.0067738877097456018,True,5.6934276337109697,-1,-1.1361908783783783,-1,True,calibration__20200511T090000Z,0.35228783807817415,4.7155582919822727,-0.27190353131666273,-0.31927669961852378,gate_pass,74,64
64,42,recovery_completion_hours_mean,C,-1.5786528716216217,0.15325157012035609,0.15070743352298774,0.15325157012035609,0.016601047515339088,True,10.301055123819136,-1,-1.2816722972972974,-1,True,calibration__20200511T090000Z,0.33502920472700054,4.7359563521668449,-0.28135544305581156,-0.26274692343974371,gate_pass,74,64
64,94,failed_recovery_attempts_mean,A,0.00036951013513513516,0.00033747892490391609,0.00028161007290048356,0.00033747892490391609,0.16554767684926991,False,1.0949132164040722,1,0.00084459459459459464,1,True,calibration__20200511T090000Z,0.24484104852203017,5.8827547590336113,-0.50899526315866139,-0.43072459373125893,gate_pass,74,64
64,94,failed_recovery_attempts_mean,AB,-0.00036951013513513516,0.00033747892490391609,0.00028161007290048356,0.00033747892490391609,0.16554767684926991,False,1.0949132164040722,-1,-0.00084459459459459464,-1,True,calibration__20200511T090000Z,0.24484104852203017,5.8827547590336113,-0.50899526315866139,-0.43072459373125893,gate_pass,74,64
64,94,failed_recovery_attempts_mean,ABC,0.00036951013513513516,0.00033747892490391609,0.00028161007290048356,0.00033747892490391609,0.16554767684926991,False,1.0949132164040722,1,0.00084459459459459464,1,True,calibration__20200511T090000Z,0.24484104852203017,5.8827547590336113,-0.50899526315866139,-0.43072459373125893,gate_pass,74,64
64,94,failed_recovery_attempts_mean,AC,-0.00036951013513513516,0.00033747892490391609,0.00028161007290048356,0.00033747892490391609,0.16554767684926991,False,1.0949132164040722,-1,-0.00084459459459459464,-1,True,calibration__20200511T090000Z,0.24484104852203017,5.8827547590336113,-0.50899526315866139,-0.43072459373125893,gate_pass,74,64
64,94,failed_recovery_attempts_mean,B,-0.21299619932432431,0.0056873698137680532,0.0052701334196017698,0.0056873698137680532,0.073361924374292065,True,37.450738443049815,-1,-0.21579391891891891,-1,True,calibration__20200509T220000Z,0.026065645040313529,48.703035955951719,-0.50221089467383906,-0.51155499550678485,gate_pass,74,64
64,94,failed_recovery_attempts_mean,BC,-0.00026393581081081083,0.00035535390846530319,0.00030163045281580004,0.00035535390846530319,0.15118295977529317,False,0.7427407002520181,-1,-0.00084459459459459464,-1,True,calibration__20200511T090000Z,0.34175984443364116,4.9898275302927582,-0.4690796229748736,-0.38755909520928022,gate_pass,74,64
64,94,failed_recovery_attempts_mean,C,0.00026393581081081083,0.00035535390846530319,0.00030163045281580004,0.00035535390846530319,0.15118295977529317,False,0.7427407002520181,1,0.00084459459459459464,1,True,calibration__20200511T090000Z,0.34175984443364116,4.9898275302927582,-0.4690796229748736,-0.38755909520928022,gate_pass,74,64
64,94,first_six_hour_burden_mean,A,-0.0012040564924743005,0.00022177807482407207,0.00022177807482407207,0.00021173803061002051,0.045270679809155785,True,5.4291051693429644,-1,-0.0012558713828707659,-1,True,calibration__20210317T020000Z,0.21671043136730678,6.6282022255979509,-0.48453683405768588,-0.43649041258702553,gate_pass,74,64
64,94,first_six_hour_burden_mean,AB,0.00078175919517700328,0.00022177807482407207,0.00022177807482407207,0.0002109534385411071,0.048808414860448832,True,3.5249615896302755,1,0.00041127678827617136,1,True,calibration__20210317T020000Z,0.21671043136730678,6.6282022255979509,-0.48453683405768588,-0.47827547156819383,gate_pass,74,64
64,94,first_six_hour_burden_mean,ABC,-0.00078175919517700328,0.00022177807482407207,0.00022177807482407207,0.0002109534385411071,0.048808414860448832,True,3.5249615896302755,-1,-0.00041127678827617136,-1,True,calibration__20210317T020000Z,0.21671043136730678,6.6282022255979509,-0.48453683405768588,-0.47827547156819383,gate_pass,74,64
64,94,first_six_hour_burden_mean,AC,0.0012040564924743005,0.00022177807482407207,0.00022177807482407207,0.00021173803061002051,0.045270679809155785,True,5.4291051693429644,1,0.0012558713828707659,1,True,calibration__20210317T020000Z,0.21671043136730678,6.6282022255979509,-0.48453683405768588,-0.43649041258702553,gate_pass,74,64
64,94,first_six_hour_burden_mean,B,-0.42880678159114205,0.005875971107765548,0.0053318861928792023,0.005875971107765548,0.092594892811384943,True,72.976325738641037,-1,-0.4292514461629095,-1,True,calibration__20210314T050000Z,0.02533534588712592,50.23100002638607,-0.48435012507722075,-0.66409797533759052,gate_pass,74,64
64,94,first_six_hour_burden_mean,BC,0.00078175919517700317,0.00022177807482407207,0.00022177807482407207,0.0002109534385411071,0.048808414860448832,True,3.5249615896302751,1,0.00041127678827617136,1,True,calibration__20210317T020000Z,0.21671043136730678,6.6282022255979509,-0.48275056903793334,-0.47138575166822871,gate_pass,74,64
64,94,first_six_hour_burden_mean,C,-0.0012040564924743005,0.00022177807482407207,0.00022177807482407207,0.00021173803061002051,0.045270679809155785,True,5.4291051693429644,-1,-0.0012558713828707659,-1,True,calibration__20210317T020000Z,0.21671043136730678,6.6282022255979509,-0.48275056903793334,-0.42991871005388038,gate_pass,74,64
64,94,initial_gap_q4_q1_burden_contrast,A,-0.00074000405231793714,0.00049885132434589413,0.00049476814049702767,0.00049885132434589413,0.0081851719131355079,True,1.4834160323985273,-1,-0.0020559210610235062,-1,True,calibration__20210206T010000Z,0.65777915545036381,2.0356830537729249,-0.61506594646267632,-0.6080250705092517,gate_pass,74,64
64,94,initial_gap_q4_q1_burden_contrast,AB,-0.00090473278978732625,0.00049476814049702767,0.00049476814049702767,0.00049452207384944973,0.00049733729283933431,True,1.8285995312439918,-1,-0.0012335526231870202,-1,True,calibration__20210206T010000Z,0.65777915545036381,2.0356830537729249,-0.61506594646267632,-0.61843979448706254,gate_pass,74,64
64,94,initial_gap_q4_q1_burden_contrast,ABC,0.00090473278978732625,0.00049476814049702767,0.00049476814049702767,0.00049452207384944973,0.00049733729283933431,True,1.8285995312439918,1,0.0012335526231870202,1,True,calibration__20210206T010000Z,0.65777915545036381,2.0356830537729249,-0.61506594646267632,-0.61843979448706254,gate_pass,74,64
64,94,initial_gap_q4_q1_burden_contrast,AC,0.00074000405231793704,0.00049885132434589413,0.00049476814049702767,0.00049885132434589413,0.0081851719131355079,True,1.483416032398527,1,0.0020559210610235062,1,True,calibration__20210206T010000Z,0.65777915545036381,2.0356830537729249,-0.61506594646267632,-0.6080250705092517,gate_pass,74,64
64,94,initial_gap_q4_q1_burden_contrast,B,-0.056092611240691259,0.016625530112787772,0.015012884548943485,0.016625530112787772,0.096998143993249061,True,3.373884072276697,-1,-0.052333237922657094,-1,True,calibration__20210314T050000Z,0.048474856005270649,25.79676635750371,-0.47156142937250245,-0.57643093241320653,gate_pass,74,64
64,94,initial_gap_q4_q1_burden_contrast,BC,-0.00090473278978732625,0.00049476814049702767,0.00049476814049702767,0.00049452207384944973,0.00049733729283933431,True,1.8285995312439918,-1,-0.0012335526231870202,-1,True,calibration__20210206T010000Z,0.65777915545036381,2.0356830537729249,-0.61506594646267632,-0.61843979448706254,gate_pass,74,64
64,94,initial_gap_q4_q1_burden_contrast,C,-0.00074000405231793714,0.00049885132434589413,0.00049476814049702767,0.00049885132434589413,0.0081851719131355079,True,1.4834160323985273,-1,-0.0020559210610235062,-1,True,calibration__20210206T010000Z,0.65777915545036381,2.0356830537729249,-0.61506594646267632,-0.6080250705092517,gate_pass,74,64
64,94,maximum_downside_deviation_mean,A,-0.00039194467905405406,9.7044991736748104e-05,9.7044991736748104e-05,8.924972953881617e-05,0.08032626989219574,True,4.0387934713547518,-1,-0.00041807432432432434,-1,True,calibration__20210206T010000Z,0.569620253164557,2.6616886664434376,-0.5516499122042462,-0.56135601018183856,gate_pass,74,64
64,94,maximum_downside_deviation_mean,AB,-7.838893581081081e-05,0.00010152044146452663,9.7044991736748104e-05,0.00010152044146452663,0.044084222479886866,True,0.77214928028264684,-1,-0.00031355574324324324,-1,True,calibration__20210206T010000Z,0.569620253164557,2.6616886664434376,-0.5516499122042462,-0.55712214487761169,gate_pass,74,64
64,94,maximum_downside_deviation_mean,ABC,7.838893581081081e-05,0.00010152044146452663,9.7044991736748104e-05,0.00010152044146452663,0.044084222479886866,True,0.77214928028264684,1,0.00031355574324324324,1,True,calibration__20210206T010000Z,0.569620253164557,2.6616886664434376,-0.5516499122042462,-0.55712214487761169,gate_pass,74,64
64,94,maximum_downside_deviation_mean,AC,0.00039194467905405406,9.7044991736748104e-05,9.7044991736748104e-05,8.924972953881617e-05,0.08032626989219574,True,4.0387934713547518,1,0.00041807432432432434,1,True,calibration__20210206T010000Z,0.569620253164557,2.6616886664434376,-0.5516499122042462,-0.56135601018183856,gate_pass,74,64
64,94,maximum_downside_deviation_mean,B,-0.34054766680743237,0.0011359969921289467,0.0011359969921289467,0.0010674238412566085,0.060363848978003717,True,299.77866945687907,-1,-0.34125316722972981,-1,True,calibration__20210409T070000Z,0.094056786785021468,20.519484083449033,-0.45878914401430182,-0.48332626541068585,gate_pass,74,64
64,94,maximum_downside_deviation_mean,BC,2.6129645270270257e-05,0.00012162687960419528,0.00012162687960419528,0.00011474965226419224,0.056543646950273564,True,0.21483446221182975,1,-0.00031355574324324324,-1,False,calibration__20210206T010000Z,0.36263736263736268,3.9874953720249886,-0.46082667564183527,-0.50562104164881805,gate_pass,74,64
64,94,maximum_downside_deviation_mean,C,-0.00049646326013512725,0.00012171595093038032,0.00012162687960419527,0.00012171595093038032,0.00073179665856610925,True,4.0788676943344653,-1,-0.00041807432432431637,-1,True,calibration__20210206T010000Z,0.36263736263736257,3.9874953720249886,-0.46082667564183527,-0.43599771441927371,gate_pass,74,64
64,94,recovery_completion_hours_mean,A,-1.595703125,0.14943275977137913,0.14943275977137913,0.13561078710261126,0.092496268488345121,True,10.678402295730239,-1,-1.6194045608108107,-1,True,calibration__20210206T010000Z,0.47358643479221468,3.7095164253643769,-0.53464917257614142,-0.56685661882703475,gate_pass,74,64
64,94,recovery_completion_hours_mean,AB,-1.158203125,0.15366513418682168,0.1491770766398379,0.15366513418682168,0.029206739516638363,True,7.5371887782422373,-1,-1.4743454391891893,-1,True,calibration__20210206T010000Z,0.47521123982679775,3.6946082982495714,-0.53578064095660205,-0.5410227435311894,gate_pass,74,64
64,94,recovery_completion_hours_mean,ABC,1.158203125,0.15366513418682168,0.1491770766398379,0.15366513418682168,0.029206739516638363,True,7.5371887782422373,1,1.4743454391891893,1,True,calibration__20210206T010000Z,0.47521123982679775,3.6946082982495714,-0.53578064095660205,-0.5410227435311894,gate_pass,74,64
64,94,recovery_completion_hours_mean,AC,1.595703125,0.14943275977137913,0.14943275977137913,0.13561078710261126,0.092496268488345121,True,10.678402295730239,1,1.6194045608108107,1,True,calibration__20210206T010000Z,0.47358643479221468,3.7095164253643769,-0.53464917257614142,-0.56685661882703475,gate_pass,74,64
64,94,recovery_completion_hours_mean,B,-465.92002744932432,1.5889420264614,1.5889420264614,1.4883049146882712,0.063335924216976841,True,293.22657446913644,-1,-466.89516469594594,-1,True,calibration__20210409T070000Z,0.094773650322412403,20.39554972474108,-0.45997289772737532,-0.48378367642445924,gate_pass,74,64
64,94,recovery_completion_hours_mean,BC,-1.1796347128378379,0.18051429379085815,0.18051429379085815,0.16716767285515841,0.073936643217644524,True,6.5348548752851094,-1,-1.6500211148648649,-1,True,calibration__20210206T010000Z,0.3245395990456954,4.9570814198628623,-0.46351914179264442,-0.51783136551116971,gate_pass,74,64
64,94,recovery_completion_hours_mean,C,-1.9087309966216217,0.18225444507845801,0.18225444507845801,0.18206679953862964,0.0010295800453458566,True,10.472891323994537,-1,-1.7950802364864864,-1,True,calibration__20210206T010000Z,0.31837182721564322,5.0020897584958552,-0.4598894190471654,-0.44247920754830095,gate_pass,74,64
64,97,failed_recovery_attempts_mean,A,0.00010557432432432433,7.405747196074765e-05,7.4057471960747636e-05,7.405747196074765e-05,1.8300013215752207e-16,True,1.4255728899344744,1,0.00010557432432432433,1,True,calibration__20200511T090000Z,1,1,-0.60234370287673489,-0.60369413979028341,gate_pass,74,64
64,97,failed_recovery_attempts_mean,AB,-0.00010557432432432433,7.405747196074765e-05,7.4057471960747636e-05,7.405747196074765e-05,1.8300013215752207e-16,True,1.4255728899344744,-1,-0.00010557432432432433,-1,True,calibration__20200511T090000Z,1,1,-0.60234370287673489,-0.60369413979028341,gate_pass,74,64
64,97,failed_recovery_attempts_mean,ABC,0.00010557432432432433,7.405747196074765e-05,7.4057471960747636e-05,7.405747196074765e-05,1.8300013215752207e-16,True,1.4255728899344744,1,0.00010557432432432433,1,True,calibration__20200511T090000Z,1,1,-0.60234370287673489,-0.60369413979028341,gate_pass,74,64
64,97,failed_recovery_attempts_mean,AC,-0.00010557432432432433,7.405747196074765e-05,7.4057471960747636e-05,7.405747196074765e-05,1.8300013215752207e-16,True,1.4255728899344744,-1,-0.00010557432432432433,-1,True,calibration__20200511T090000Z,1,1,-0.60234370287673489,-0.60369413979028341,gate_pass,74,64
64,97,failed_recovery_attempts_mean,B,-0.2399704391891892,0.005595818598875116,0.005446688690236551,0.005595818598875116,0.026650239996797508,True,42.883884627251604,-1,-0.2477829391891892,-1,True,calibration__20201119T090000Z,0.028148351353446684,49.069470277228966,-0.48739099940966901,-0.50888600311448495,gate_pass,74,64
64,97,failed_recovery_attempts_mean,BC,-0.00010557432432432433,7.405747196074765e-05,7.4057471960747636e-05,7.405747196074765e-05,1.8300013215752207e-16,True,1.4255728899344744,-1,-0.00010557432432432433,-1,True,calibration__20200511T090000Z,1,1,-0.60234370287673489,-0.60369413979028341,gate_pass,74,64
64,97,failed_recovery_attempts_mean,C,0.00010557432432432433,7.405747196074765e-05,7.4057471960747636e-05,7.405747196074765e-05,1.8300013215752207e-16,True,1.4255728899344744,1,0.00010557432432432433,1,True,calibration__20200511T090000Z,1,1,-0.60234370287673489,-0.60369413979028341,gate_pass,74,64
64,97,first_six_hour_burden_mean,A,-8.662230790325408e-05,2.5405970626766408e-05,2.5405970626766408e-05,2.422260035884065e-05,0.046578431712387354,True,3.4095256259169773,-1,-5.7211929280808254e-05,-1,True,calibration__20210613T040000Z,0.75376705529022103,1.717581350397851,0.24200702990203701,0.28484414241110456,gate_pass,74,64
64,97,first_six_hour_burden_mean,AB,8.6622307903254093e-05,2.5405970626766408e-05,2.5405970626766408e-05,2.422260035884065e-05,0.046578431712387354,True,3.4095256259169777,1,5.7211929280808261e-05,1,True,calibration__20210613T040000Z,0.75376705529022103,1.717581350397851,0.24200702990203701,0.28484414241110456,gate_pass,74,64
64,97,first_six_hour_burden_mean,ABC,-8.6622307903254066e-05,2.5405970626766408e-05,2.5405970626766408e-05,2.422260035884065e-05,0.046578431712387354,True,3.4095256259169768,-1,-5.7211929280808254e-05,-1,True,calibration__20210613T040000Z,0.75376705529022103,1.717581350397851,0.24200702990203701,0.28484414241110456,gate_pass,74,64
64,97,first_six_hour_burden_mean,AC,8.6622307903254093e-05,2.5405970626766408e-05,2.5405970626766408e-05,2.422260035884065e-05,0.046578431712387354,True,3.4095256259169777,1,5.7211929280808261e-05,1,True,calibration__20210613T040000Z,0.75376705529022103,1.717581350397851,0.24200702990203701,0.28484414241110456,gate_pass,74,64
64,97,first_six_hour_burden_mean,B,-0.40660373359904672,0.0057784735115491807,0.0052041029445048115,0.0057784735115491807,0.099398321355354494,True,70.365250058927458,-1,-0.40419620708953186,-1,True,calibration__20200128T020000Z,0.025481899665472953,50.578877452949868,-0.4866197056660681,-0.61233852106268472,gate_pass,74,64
64,97,first_six_hour_burden_mean,BC,8.6622307903254093e-05,2.5405970626766408e-05,2.5405970626766408e-05,2.4222600358840654e-05,0.046578431712387222,True,3.4095256259169777,1,5.7211929280808261e-05,1,True,calibration__20210613T040000Z,0.75376705529022114,1.7175813503978501,0.24300487114652577,0.2853912578262614,gate_pass,74,64
64,97,first_six_hour_burden_mean,C,-8.6622307903254066e-05,2.5405970626766408e-05,2.5405970626766408e-05,2.4222600358840654e-05,0.046578431712387222,True,3.4095256259169768,-1,-5.721192928080824e-05,-1,True,calibration__20210613T040000Z,0.75376705529022114,1.7175813503978501,0.24300487114652577,0.2853912578262614,gate_pass,74,64
64,97,initial_gap_q4_q1_burden_contrast,A,2.1129407199791369e-05,2.8262562279971977e-05,2.8000515870308008e-05,2.8262562279971977e-05,0.009271856071226282,True,0.74761116810575035,1,2.3237319912661475e-06,1,True,calibration__20211028T220000Z,0.7833177891505857,1.5139397431820047,1.4819579275364645,1.4770727015157172,gate_pass,74,64
64,97,initial_gap_q4_q1_burden_contrast,AB,-2.112940719979139e-05,2.8262562279971977e-05,2.8000515870308008e-05,2.8262562279971977e-05,0.009271856071226282,True,0.74761116810575112,-1,-2.3237319912661932e-06,-1,True,calibration__20211028T220000Z,0.7833177891505857,1.5139397431820047,1.4819579275364645,1.4770727015157172,gate_pass,74,64
64,97,initial_gap_q4_q1_burden_contrast,ABC,2.1129407199791437e-05,2.8262562279971977e-05,2.8000515870308008e-05,2.8262562279971977e-05,0.009271856071226282,True,0.74761116810575279,1,2.3237319912661932e-06,1,True,calibration__20211028T220000Z,0.7833177891505857,1.5139397431820047,1.4819579275364645,1.4770727015157172,gate_pass,74,64
64,97,initial_gap_q4_q1_burden_contrast,AC,-2.112940719979139e-05,2.8262562279971977e-05,2.8000515870308008e-05,2.8262562279971977e-05,0.009271856071226282,True,0.74761116810575112,-1,-2.3237319912661932e-06,-1,True,calibration__20211028T220000Z,0.7833177891505857,1.5139397431820047,1.4819579275364645,1.4770727015157172,gate_pass,74,64
64,97,initial_gap_q4_q1_burden_contrast,B,-0.011734519911310637,0.015253141014611964,0.014635225592922445,0.015253141014611964,0.040510700130391347,True,0.76931826042055118,-1,-0.016166918008267528,-1,True,calibration__20211015T090000Z,0.048689102876763368,26.252984132516136,-0.47367343736574014,-0.56501076161042885,gate_pass,74,64
64,97,initial_gap_q4_q1_burden_contrast,BC,-2.1129407199791437e-05,2.8262562279971977e-05,2.8000515870308008e-05,2.8262562279971977e-05,0.009271856071226282,True,0.74761116810575279,-1,-2.3237319912662902e-06,-1,True,calibration__20211028T220000Z,0.7833177891505857,1.5139397431820047,1.4819579275364636,1.4770727015157146,gate_pass,74,64
64,97,initial_gap_q4_q1_burden_contrast,C,2.1129407199791437e-05,2.8262562279971977e-05,2.8000515870308008e-05,2.8262562279971977e-05,0.009271856071226282,True,0.74761116810575279,1,2.3237319912661987e-06,1,True,calibration__20211028T220000Z,0.7833177891505857,1.5139397431820047,1.4819579275364636,1.4770727015157146,gate_pass,74,64
64,97,maximum_downside_deviation_mean,A,-2.6129645270270271e-05,2.6129645270270271e-05,2.6129645270270271e-05,2.6129645270270271e-05,0,True,1,-1,0,0,False,calibration__20200511T090000Z,1,1,-0.20751874963941958,-0.2189689506944586,gate_pass,74,64
64,97,maximum_downside_deviation_mean,AB,2.6129645270270271e-05,2.6129645270270271e-05,2.6129645270270271e-05,2.6129645270270271e-05,0,True,1,1,0,0,False,calibration__20200511T090000Z,1,1,-0.20751874963941958,-0.2189689506944586,gate_pass,74,64
64,97,maximum_downside_deviation_mean,ABC,-2.6129645270270271e-05,2.6129645270270271e-05,2.6129645270270271e-05,2.6129645270270271e-05,0,True,1,-1,0,0,False,calibration__20200511T090000Z,1,1,-0.20751874963941958,-0.2189689506944586,gate_pass,74,64
64,97,maximum_downside_deviation_mean,AC,2.6129645270270271e-05,2.6129645270270271e-05,2.6129645270270271e-05,2.6129645270270271e-05,0,True,1,1,0,0,False,calibration__20200511T090000Z,1,1,-0.20751874963941958,-0.2189689506944586,gate_pass,74,64
64,97,maximum_downside_deviation_mean,B,-0.33589658994932436,0.00072111899906793404,0.00069830534659168198,0.00072111899906793404,0.031636460148379578,True,465.7991127448866,-1,-0.33634079391891891,-1,True,calibration__20210218T110000Z,0.23575952883653734,7.3474168044462269,-0.48637175125294341,-0.4912803360308326,gate_pass,74,64
64,97,maximum_downside_deviation_mean,BC,7.838893581081081e-05,5.842766305228019e-05,5.842766305228019e-05,5.8055508545564484e-05,0.0063694915605764981,True,1.3416407864998738,1,0,0,False,calibration__20200509T220000Z,0.79999999999999993,1.4705882352941178,-0.76053956834458014,-0.76282331240199264,gate_pass,74,64
64,97,maximum_downside_deviation_mean,C,-7.8388935810802177e-05,5.842766305228019e-05,5.842766305228019e-05,5.8055508545564484e-05,0.0063694915605764981,True,1.341640786499726,-1,8.6267329616143917e-18,1,False,calibration__20200509T220000Z,0.79999999999999993,1.4705882352941178,-0.76053956834458014,-0.76282331240199264,gate_pass,74,64
64,97,recovery_completion_hours_mean,A,-1.0829814189189189,0.071792927875418688,0.071792927875418688,0.064499336230308082,0.10159206290857895,True,15.084792485385218,-1,-1.0332559121621621,-1,True,calibration__20210920T030000Z,0.34688622191825369,3.8514330254022378,-0.29892557117981694,-0.30555728234930979,gate_pass,74,64
64,97,recovery_completion_hours_mean,AB,-1.0105574324324325,0.071549928010958469,0.071549928010958469,0.071351582628063265,0.0027721255409904251,True,14.123807815399299,-1,-1.0332559121621621,-1,True,calibration__20210920T030000Z,0.34924643238652625,3.8510258831180377,-0.30138301525404659,-0.34346332760915183,gate_pass,74,64
64,97,recovery_completion_hours_mean,ABC,1.0105574324324325,0.071549928010958469,0.071549928010958469,0.071351582628063265,0.0027721255409904251,True,14.123807815399299,1,1.0332559121621621,1,True,calibration__20210920T030000Z,0.34924643238652625,3.8510258831180377,-0.30138301525404659,-0.34346332760915183,gate_pass,74,64
64,97,recovery_completion_hours_mean,AC,1.0829814189189189,0.071792927875418688,0.071792927875418688,0.064499336230308082,0.10159206290857895,True,15.084792485385218,1,1.0332559121621621,1,True,calibration__20210920T030000Z,0.34688622191825369,3.8514330254022378,-0.29892557117981694,-0.30555728234930979,gate_pass,74,64
64,97,recovery_completion_hours_mean,B,-459.48764780405406,1.0129772334262301,0.98159769633442751,1.0129772334262301,0.030977534396964157,True,453.6011596725744,-1,-460.1158150337838,-1,True,calibration__20210218T110000Z,0.23520802742488212,7.4035059838093717,-0.48694423356149613,-0.49427634278031041,gate_pass,74,64
64,97,recovery_completion_hours_mean,BC,-1.1044130067567568,0.1013576209421452,0.1013576209421452,0.097630680545912257,0.036770203972726234,True,10.896200961417142,-1,-1.2089315878378379,-1,True,calibration__20200509T220000Z,0.49888113903593712,3.1330359592204209,-0.20656528272251518,-0.31110823667319165,gate_pass,74,64
64,97,recovery_completion_hours_mean,C,-1.3235853040540539,0.10517107765763525,0.10517107765763525,0.10181933563848662,0.031869427353968936,True,12.585069332109898,-1,-1.2089315878378379,-1,True,calibration__20200509T220000Z,0.53141386471651308,2.9086963661955831,-0.1922657074078668,-0.24215893380583867,gate_pass,74,64
64,100,failed_recovery_attempts_mean,A,-0.0027977195945945946,0.00059984192784311586,0.00056380881628789021,0.00059984192784311586,0.060071011849391502,True,4.6640947635229608,-1,-0.0017947635135135136,-1,True,calibration__20210616T110000Z,0.4669542229024628,3.508917606994606,-0.2762416645090065,-0.27718555358127356,gate_pass,74,64
64,100,failed_recovery_attempts_mean,AB,0.0027977195945945946,0.00059984192784311586,0.00056380881628789021,0.00059984192784311586,0.060071011849391502,True,4.6640947635229608,1,0.0017947635135135136,1,True,calibration__20210616T110000Z,0.4669542229024628,3.508917606994606,-0.2762416645090065,-0.27718555358127356,gate_pass,74,64
64,100,failed_recovery_attempts_mean,ABC,-0.0027977195945945946,0.00059984192784311586,0.00056380881628789021,0.00059984192784311586,0.060071011849391502,True,4.6640947635229608,-1,-0.0017947635135135136,-1,True,calibration__20210616T110000Z,0.4669542229024628,3.508917606994606,-0.2762416645090065,-0.27718555358127356,gate_pass,74,64
64,100,failed_recovery_attempts_mean,AC,0.0027977195945945946,0.00059984192784311586,0.00056380881628789021,0.00059984192784311586,0.060071011849391502,True,4.6640947635229608,1,0.0017947635135135136,1,True,calibration__20210616T110000Z,0.4669542229024628,3.508917606994606,-0.2762416645090065,-0.27718555358127356,gate_pass,74,64
64,100,failed_recovery_attempts_mean,B,-0.11892947635135136,0.007827090031980042,0.0072895538792922855,0.007827090031980042,0.068676372763247021,True,15.194596697550113,-1,-0.10990287162162163,-1,True,calibration__20201206T020000Z,0.070304937177198185,38.063625796977476,-0.40975816604165127,-0.45326520950639987,gate_pass,74,64
64,100,failed_recovery_attempts_mean,BC,0.0034311655405405406,0.00075427406479422574,0.00071736673482908722,0.00075427406479422574,0.048930928011169585,True,4.5489639650762754,1,0.002639358108108108,1,True,calibration__20210616T110000Z,0.67073485174043823,2.1033697629581907,-0.23265362562521591,-0.18325076386993461,gate_pass,74,64
64,100,failed_recovery_attempts_mean,C,-0.0034311655405405406,0.00075427406479422574,0.00071736673482908722,0.00075427406479422574,0.048930928011169585,True,4.5489639650762754,-1,-0.002639358108108108,-1,True,calibration__20210616T110000Z,0.67073485174043823,2.1033697629581907,-0.23265362562521591,-0.18325076386993461,gate_pass,74,64
64,100,first_six_hour_burden_mean,A,-5.3354457221503191e-08,3.8913913361324538e-08,3.8913913361324538e-08,3.8699474048291486e-08,0.0055106077623685353,True,1.3710894796443349,-1,-3.1321605778074596e-08,-1,True,calibration__20210624T020000Z,0.94441168570169942,1.1182535633119257,-0.19700500598982795,-0.17226951993054418,gate_pass,74,64
64,100,first_six_hour_burden_mean,AB,5.3354457221503191e-08,3.8913913361324538e-08,3.8913913361324538e-08,3.8699474048291486e-08,0.0055106077623685353,True,1.3710894796443349,1,3.1321605778074596e-08,1,True,calibration__20210624T020000Z,0.94441168570169942,1.1182535633119257,-0.19700500598982795,-0.17226951993054418,gate_pass,74,64
64,100,first_six_hour_burden_mean,ABC,-5.3354457221503191e-08,3.8913913361324538e-08,3.8913913361324538e-08,3.8699474048291486e-08,0.0055106077623685353,True,1.3710894796443349,-1,-3.1321605778074596e-08,-1,True,calibration__20210624T020000Z,0.94441168570169942,1.1182535633119257,-0.19700500598982795,-0.17226951993054418,gate_pass,74,64
64,100,first_six_hour_burden_mean,AC,5.3354457221503191e-08,3.8913913361324538e-08,3.8913913361324538e-08,3.8699474048291486e-08,0.0055106077623685353,True,1.3710894796443349,1,3.1321605778074596e-08,1,True,calibration__20210624T020000Z,0.94441168570169942,1.1182535633119257,-0.19700500598982795,-0.17226951993054418,gate_pass,74,64
64,100,first_six_hour_burden_mean,B,-0.002075916784732585,0.00035893235128740651,0.00034436335855677822,0.00035893235128740651,0.04058980105407807,True,5.7835878468094517,-1,-0.0022130258278680284,-1,True,calibration__20210218T110000Z,0.14459678918510643,14.979503999597728,-0.429069733934756,-0.63398316793424725,gate_pass,74,64
64,100,first_six_hour_burden_mean,BC,5.3354457221503423e-08,3.8913913361324557e-08,3.8913913361324557e-08,3.8699474048291499e-08,0.0055106077623687027,True,1.3710894796443402,1,3.1321605778075053e-08,1,True,calibration__20210624T020000Z,0.94441168570169853,1.1182535633119277,-0.19700500598983123,-0.17226951993055231,gate_pass,74,64
64,100,first_six_hour_burden_mean,C,-5.3354457221503423e-08,3.8913913361324557e-08,3.8913913361324557e-08,3.8699474048291499e-08,0.0055106077623687027,True,1.3710894796443402,-1,-3.1321605778075053e-08,-1,True,calibration__20210624T020000Z,0.94441168570169853,1.1182535633119277,-0.19700500598983123,-0.17226951993055231,gate_pass,74,64
64,100,initial_gap_q4_q1_burden_contrast,A,4.6558084114235224e-08,3.5733436014952302e-08,3.5733436014952302e-08,3.5535040959466817e-08,0.005552084479154726,True,1.3029277143892195,1,9.3116168228470447e-08,1,True,calibration__20210306T130000Z,0.858233673075396,1.321592780518311,-1.0000000000000016,-0.98999212452084273,gate_pass,74,64
64,100,initial_gap_q4_q1_burden_contrast,AB,-4.6558084114235224e-08,3.5733436014952302e-08,3.5733436014952302e-08,3.5535040959466817e-08,0.005552084479154726,True,1.3029277143892195,-1,-9.3116168228470447e-08,-1,True,calibration__20210306T130000Z,0.858233673075396,1.321592780518311,-1.0000000000000016,-0.98999212452084273,gate_pass,74,64
64,100,initial_gap_q4_q1_burden_contrast,ABC,4.6558084114235224e-08,3.5733436014952302e-08,3.5733436014952302e-08,3.5535040959466817e-08,0.005552084479154726,True,1.3029277143892195,1,9.3116168228470447e-08,1,True,calibration__20210306T130000Z,0.858233673075396,1.321592780518311,-1.0000000000000016,-0.98999212452084273,gate_pass,74,64
64,100,initial_gap_q4_q1_burden_contrast,AC,-4.6558084114235224e-08,3.5733436014952302e-08,3.5733436014952302e-08,3.5535040959466817e-08,0.005552084479154726,True,1.3029277143892195,-1,-9.3116168228470447e-08,-1,True,calibration__20210306T130000Z,0.858233673075396,1.321592780518311,-1.0000000000000016,-0.98999212452084273,gate_pass,74,64
64,100,initial_gap_q4_q1_burden_contrast,B,0.0004061450540121022,0.0011498977907289862,0.0010969421280530246,0.0011498977907289862,0.046052495363426975,True,0.35320100385150194,1,-0.0027509464214425933,-1,False,calibration__20210218T110000Z,0.21616298298699482,8.6683367100686084,-0.46775696648746906,-0.52442723425938853,gate_pass,74,64
64,100,initial_gap_q4_q1_burden_contrast,BC,-4.6558084114235938e-08,3.5733436014952573e-08,3.5733436014952573e-08,3.5535040959467068e-08,0.0055520844791552395,True,1.3029277143892297,-1,-9.3116168228471876e-08,-1,True,calibration__20210306T130000Z,0.85823367307538312,1.3215927805183434,-1.0000000000000024,-0.98999212452084195,gate_pass,74,64
64,100,initial_gap_q4_q1_burden_contrast,C,4.6558084114235938e-08,3.5733436014952573e-08,3.5733436014952573e-08,3.5535040959467068e-08,0.0055520844791552395,True,1.3029277143892297,1,9.3116168228471876e-08,1,True,calibration__20210306T130000Z,0.85823367307538312,1.3215927805183434,-1.0000000000000024,-0.98999212452084195,gate_pass,74,64
64,100,maximum_downside_deviation_mean,A,-5.0630979930191341e-06,7.427989439048333e-07,7.0994324924582765e-07,7.427989439048333e-07,0.044232285100307155,True,6.8162428535544786,-1,-4.5921939194082685e-06,-1,True,calibration__20210616T110000Z,0.40437257030705626,4.2618045751878171,-0.51922159533199719,-0.46253762943157267,gate_pass,74,64
64,100,maximum_downside_deviation_mean,AB,5.0630979930191341e-06,7.427989439048333e-07,7.0994324924582765e-07,7.427989439048333e-07,0.044232285100307155,True,6.8162428535544786,1,4.5921939194082685e-06,1,True,calibration__20210616T110000Z,0.40437257030705626,4.2618045751878171,-0.51922159533199719,-0.46253762943157267,gate_pass,74,64
64,100,maximum_downside_deviation_mean,ABC,-5.0630979930191341e-06,7.427989439048333e-07,7.0994324924582765e-07,7.427989439048333e-07,0.044232285100307155,True,6.8162428535544786,-1,-4.5921939194082685e-06,-1,True,calibration__20210616T110000Z,0.40437257030705626,4.2618045751878171,-0.51922159533199719,-0.46253762943157267,gate_pass,74,64
64,100,maximum_downside_deviation_mean,AC,5.0630979930191341e-06,7.427989439048333e-07,7.0994324924582765e-07,7.427989439048333e-07,0.044232285100307155,True,6.8162428535544786,1,4.5921939194082685e-06,1,True,calibration__20210616T110000Z,0.40437257030705626,4.2618045751878171,-0.51922159533199719,-0.46253762943157267,gate_pass,74,64
64,100,maximum_downside_deviation_mean,B,-0.00016467857056733795,8.5552581499646585e-06,8.5552581499646585e-06,8.0817446404958126e-06,0.055347658851276384,True,19.248813733109646,-1,-0.00016358015782565199,-1,True,calibration__20210328T190000Z,0.058187065880791013,41.266026773463288,-0.51326250013916752,-0.50387225715481609,gate_pass,74,64
64,100,maximum_downside_deviation_mean,BC,5.7347369724574302e-06,8.2342578220961001e-07,8.1622793494564264e-07,8.2342578220961001e-07,0.0087413430809178856,True,6.9644855630687603,1,5.6565626903502296e-06,1,True,calibration__20210616T110000Z,0.54120417546400224,2.9849846502962842,-0.45610372762731349,-0.39208836788812435,gate_pass,74,64
64,100,maximum_downside_deviation_mean,C,-5.7347369724574302e-06,8.2342578220961001e-07,8.1622793494564264e-07,8.2342578220961001e-07,0.0087413430809178856,True,6.9644855630687603,-1,-5.6565626903502296e-06,-1,True,calibration__20210616T110000Z,0.54120417546400224,2.9849846502962842,-0.45610372762731349,-0.39208836788812435,gate_pass,74,64
64,100,recovery_completion_hours_mean,A,-4.6656461148648649,0.16800154543036647,0.16800154543036647,0.16448266490885999,0.020945524712241353,True,27.771447595395419,-1,-4.4977829391891895,-1,True,calibration__20210920T030000Z,0.25452830893152972,5.7499366926394844,-0.44222711429214412,-0.47334729352235344,gate_pass,74,64
64,100,recovery_completion_hours_mean,AB,0.024176520270270271,0.020315498681042866,0.020315498681042866,0.020212683804987041,0.0050609083079887728,True,1.1900530058280216,1,0.01488597972972973,1,True,calibration__20210707T220000Z,0.41190357541288769,3.4776955737808284,-0.18272186318616201,-0.21497081459802356,gate_pass,74,64
64,100,recovery_completion_hours_mean,ABC,-0.024176520270270271,0.020315498681042866,0.020315498681042866,0.020212683804987041,0.0050609083079887728,True,1.1900530058280216,-1,-0.01488597972972973,-1,True,calibration__20210707T220000Z,0.41190357541288769,3.4776955737808284,-0.18272186318616201,-0.21497081459802356,gate_pass,74,64
64,100,recovery_completion_hours_mean,AC,4.6656461148648649,0.16800154543036647,0.16800154543036647,0.16448266490885999,0.020945524712241353,True,27.771447595395419,1,4.4977829391891895,1,True,calibration__20210920T030000Z,0.25452830893152972,5.7499366926394844,-0.44222711429214412,-0.47334729352235344,gate_pass,74,64
64,100,recovery_completion_hours_mean,B,-0.97012246621621623,0.078870767980314643,0.073614278935492272,0.078870767980314643,0.066646860166675925,True,12.300152401943761,-1,-0.86602618243243246,-1,True,calibration__20210707T220000Z,0.11216400240880903,31.812561456835422,-0.47413111630961657,-0.54052119452957226,gate_pass,74,64
64,100,recovery_completion_hours_mean,BC,0.046769425675675678,0.019268823482504131,0.019268823482504131,0.01858994823687932,0.035231795352799924,True,2.4272071264829309,1,0.031566722972972971,1,True,calibration__20210707T220000Z,0.45786783949948123,3.4329554382638445,-0.21340445843238762,-0.29158931173582464,gate_pass,74,64
64,100,recovery_completion_hours_mean,C,-5.4490076013513518,0.18299433098378981,0.17083185910126816,0.18299433098378981,0.066463653912858286,True,29.776920257896084,-1,-5.4021326013513518,-1,True,calibration__20210920T030000Z,0.27208595030618571,5.5573349534470324,-0.44960768491309738,-0.51974018559756396,gate_pass,74,64
64,103,failed_recovery_attempts_mean,A,-0.0036423141891891893,0.0011998866124063425,0.0011449973088097083,0.0011998866124063425,0.045745408798715623,True,3.0355486522885853,-1,-0.0040118243243243241,-1,True,calibration__20200511T090000Z,0.19159272629128574,10.566119943815815,-0.57469335809078015,-0.48986789408514869,gate_pass,74,64
64,103,failed_recovery_attempts_mean,AB,0.0036423141891891893,0.0011998866124063425,0.0011449973088097083,0.0011998866124063425,0.045745408798715623,True,3.0355486522885853,1,0.0040118243243243241,1,True,calibration__20200511T090000Z,0.19159272629128574,10.566119943815815,-0.57469335809078015,-0.48986789408514869,gate_pass,74,64
64,103,failed_recovery_attempts_mean,ABC,-0.0036423141891891893,0.0011998866124063425,0.0011449973088097083,0.0011998866124063425,0.045745408798715623,True,3.0355486522885853,-1,-0.0040118243243243241,-1,True,calibration__20200511T090000Z,0.19159272629128574,10.566119943815815,-0.57469335809078015,-0.48986789408514869,gate_pass,74,64
64,103,failed_recovery_attempts_mean,AC,0.0036423141891891893,0.0011998866124063425,0.0011449973088097083,0.0011998866124063425,0.045745408798715623,True,3.0355486522885853,1,0.0040118243243243241,1,True,calibration__20200511T090000Z,0.19159272629128574,10.566119943815815,-0.57469335809078015,-0.48986789408514869,gate_pass,74,64
64,103,failed_recovery_attempts_mean,B,-0.142578125,0.0087579709245564907,0.0081922800232217229,0.0087579709245564907,0.064591548225928233,True,16.279812553410622,-1,-0.15730574324324326,-1,True,calibration__20201201T230000Z,0.089153849043448058,30.652716672074238,-0.58346192405645125,-0.66166724590369663,gate_pass,74,64
64,103,failed_recovery_attempts_mean,BC,0.0038534628378378379,0.0012810395951921474,0.0011865794560156271,0.0012810395951921474,0.07373709566124062,True,3.0080747326626107,1,0.0044341216216216214,1,True,calibration__20200511T090000Z,0.19950994251248713,10.490928582074968,-0.56337206642983551,-0.46687280506198542,gate_pass,74,64
64,103,failed_recovery_attempts_mean,C,-0.0038534628378378379,0.0012810395951921474,0.0011865794560156271,0.0012810395951921474,0.07373709566124062,True,3.0080747326626107,-1,-0.0044341216216216214,-1,True,calibration__20200511T090000Z,0.19950994251248713,10.490928582074968,-0.56337206642983551,-0.46687280506198542,gate_pass,74,64
64,103,first_six_hour_burden_mean,A,-0.00023616632041464697,7.2562863872028329e-05,7.2562863872028329e-05,6.9415692853998511e-05,0.043371648390010627,True,3.2546444257099507,-1,-0.0002228546110375083,-1,True,calibration__20200511T090000Z,0.78482247695848362,1.5746235313104648,-0.57008603516564371,-0.56067048932715968,gate_pass,74,64
64,103,first_six_hour_burden_mean,AB,0.00023616632041464697,7.2562863872028329e-05,7.2562863872028329e-05,6.9415692853998511e-05,0.043371648390010627,True,3.2546444257099507,1,0.0002228546110375083,1,True,calibration__20200511T090000Z,0.78482247695848362,1.5746235313104648,-0.57008603516564371,-0.56067048932715968,gate_pass,74,64
64,103,first_six_hour_burden_mean,ABC,-0.00023616632041464697,7.2562863872028329e-05,7.2562863872028329e-05,6.9415692853998511e-05,0.043371648390010627,True,3.2546444257099507,-1,-0.0002228546110375083,-1,True,calibration__20200511T090000Z,0.78482247695848362,1.5746235313104648,-0.57008603516564371,-0.56067048932715968,gate_pass,74,64
64,103,first_six_hour_burden_mean,AC,0.00023616632041464697,7.2562863872028329e-05,7.2562863872028329e-05,6.9415692853998511e-05,0.043371648390010627,True,3.2546444257099507,1,0.0002228546110375083,1,True,calibration__20200511T090000Z,0.78482247695848362,1.5746235313104648,-0.57008603516564371,-0.56067048932715968,gate_pass,74,64
64,103,first_six_hour_burden_mean,B,-0.022966416330510022,0.0018635731226170659,0.0018514308193796018,0.0018635731226170659,0.0065156033268028574,True,12.323861109489316,-1,-0.024253285906425604,-1,True,calibration__20200523T100000Z,0.19498833846018293,12.162738035037952,-0.53174096982858066,-0.49744605628599026,gate_pass,74,64
64,103,first_six_hour_burden_mean,BC,0.00036897741839838412,0.00012017586938662029,0.00011529829756554055,0.00012017586938662029,0.040586948494526862,True,3.0703120375300901,1,0.0002228546110375083,1,True,calibration__20200511T090000Z,0.91477246176930394,1.1907467291380647,-0.3622202439608681,-0.31647869666132272,gate_pass,74,64
64,103,first_six_hour_burden_mean,C,-0.00036897741839838412,0.00012017586938662029,0.00011529829756554055,0.00012017586938662029,0.040586948494526862,True,3.0703120375300901,-1,-0.0002228546110375083,-1,True,calibration__20200511T090000Z,0.91477246176930394,1.1907467291380647,-0.3622202439608681,-0.31647869666132272,gate_pass,74,64
64,103,initial_gap_q4_q1_burden_contrast,A,0.00028282680226374011,0.00012857502267403232,0.00012857502267403232,0.00012554483367994756,0.023567477812288615,True,2.199702526833474,1,0.00018192614439056982,1,True,calibration__20210715T050000Z,0.57357580157577803,2.2474994154935599,-0.48288143849720389,-0.46229230932577803,gate_pass,74,64
64,103,initial_gap_q4_q1_burden_contrast,AB,-0.00028282680226374011,0.00012857502267403232,0.00012857502267403232,0.00012554483367994756,0.023567477812288615,True,2.199702526833474,-1,-0.00018192614439056982,-1,True,calibration__20210715T050000Z,0.57357580157577803,2.2474994154935599,-0.48288143849720389,-0.46229230932577803,gate_pass,74,64
64,103,initial_gap_q4_q1_burden_contrast,ABC,0.00028282680226374011,0.00012857502267403232,0.00012857502267403232,0.00012554483367994756,0.023567477812288615,True,2.199702526833474,1,0.00018192614439056982,1,True,calibration__20210715T050000Z,0.57357580157577803,2.2474994154935599,-0.48288143849720389,-0.46229230932577803,gate_pass,74,64
64,103,initial_gap_q4_q1_burden_contrast,AC,-0.00028282680226374011,0.00012857502267403232,0.00012857502267403232,0.00012554483367994756,0.023567477812288615,True,2.199702526833474,-1,-0.00018192614439056982,-1,True,calibration__20210715T050000Z,0.57357580157577803,2.2474994154935599,-0.48288143849720389,-0.46229230932577803,gate_pass,74,64
64,103,initial_gap_q4_q1_burden_contrast,B,0.022981809387906137,0.0058529774249521972,0.0053749977912694626,0.0058529774249521972,0.081664356271908642,True,3.9265159797013629,1,0.012356889674859237,1,True,calibration__20210715T050000Z,0.21710278275801401,8.381591810610324,-0.51144460245747092,-0.6356891712472269,gate_pass,74,64
64,103,initial_gap_q4_q1_burden_contrast,BC,-0.00028282680226374016,0.00012857502267403235,0.00012857502267403235,0.00012554483367994759,0.023567477812288611,True,2.199702526833474,-1,-0.00018192614439056982,-1,True,calibration__20210715T050000Z,0.57357580157577803,2.2474994154935595,-0.48288143849720389,-0.46229230932577803,gate_pass,74,64
64,103,initial_gap_q4_q1_burden_contrast,C,0.00028282680226374016,0.00012857502267403235,0.00012857502267403235,0.00012554483367994759,0.023567477812288611,True,2.199702526833474,1,0.00018192614439056982,1,True,calibration__20210715T050000Z,0.57357580157577803,2.2474994154935595,-0.48288143849720389,-0.46229230932577803,gate_pass,74,64
64,103,maximum_downside_deviation_mean,A,-0.0067409873142283694,0.00033929693774185584,0.0003238770149970491,0.00033929693774185584,0.045446689992052168,True,19.867515925997104,-1,-0.0068454692290644435,-1,True,calibration__20200509T220000Z,0.10410463012046632,13.573916653804512,-0.51447982780690882,-0.61706109085340066,gate_pass,74,64
64,103,maximum_downside_deviation_mean,AB,0.0066887280236878283,0.00034342303329595468,0.00032634358497387548,0.00034342303329595468,0.04973297264939272,True,19.476643600441395,1,0.0068454692290644435,1,True,calibration__20210616T110000Z,0.11558268642417438,13.382767899664898,-0.51053240726450799,-0.60719526875913488,gate_pass,74,64
64,103,maximum_downside_deviation_mean,ABC,-0.0066887280236878283,0.00034342303329595468,0.00032634358497387548,0.00034342303329595468,0.04973297264939272,True,19.476643600441395,-1,-0.0068454692290644435,-1,True,calibration__20210616T110000Z,0.11558268642417438,13.382767899664898,-0.51053240726450799,-0.60719526875913488,gate_pass,74,64
64,103,maximum_downside_deviation_mean,AC,0.0067409873142283694,0.00033929693774185584,0.0003238770149970491,0.00033929693774185584,0.045446689992052168,True,19.867515925997104,1,0.0068454692290644435,1,True,calibration__20200509T220000Z,0.10410463012046632,13.573916653804512,-0.51447982780690882,-0.61706109085340066,gate_pass,74,64
64,103,maximum_downside_deviation_mean,B,-0.08035682713579391,0.0021311276312397341,0.0020840774715956065,0.0021311276312397341,0.022077588856917643,True,37.706248071612769,-1,-0.080974253963389531,-1,True,calibration__20210421T210000Z,0.039882670566466043,43.946760783771602,-0.50405236749254012,-0.65123955452787485,gate_pass,74,64
64,103,maximum_downside_deviation_mean,BC,0.0078385425950837154,0.0004404991035207554,0.00036975609929650635,0.0004404991035207554,0.16059738523603101,False,17.794684557659671,1,0.0082044181077627377,1,True,calibration__20210920T030000Z,0.15092553678414053,11.279130016038147,-0.49505125152284696,-0.62240439331004627,gate_pass,74,64
64,103,maximum_downside_deviation_mean,C,-0.0078908018856242556,0.00043510334535038864,0.0003667544983160153,0.00043510334535038864,0.15708646638727181,False,18.135465907001461,-1,-0.0082044181077627377,-1,True,calibration__20210920T030000Z,0.15340606281810606,11.454486005948644,-0.49544677077389154,-0.63045774935515919,gate_pass,74,64
64,103,recovery_completion_hours_mean,A,-11.046294341216216,0.46804302731939457,0.45566711471916849,0.46804302731939457,0.026441826665181158,True,23.601023189003044,-1,-11.098184121621621,-1,True,calibration__20210616T110000Z,0.11262204743766607,13.125607495298537,-0.5029066079656167,-0.59190641440175673,gate_pass,74,64
64,103,recovery_completion_hours_mean,AB,6.3738914695945947,0.44220784476060326,0.40916522821208406,0.44220784476060326,0.074721914004957063,True,14.413791037662865,1,6.6152871621621623,1,True,calibration__20200509T220000Z,0.11896468872582697,12.276127576848685,-0.5144513150025285,-0.58089109855661525,gate_pass,74,64
64,103,recovery_completion_hours_mean,ABC,-6.3738914695945947,0.44220784476060326,0.40916522821208406,0.44220784476060326,0.074721914004957063,True,14.413791037662865,-1,-6.6152871621621623,-1,True,calibration__20200509T220000Z,0.11896468872582697,12.276127576848685,-0.5144513150025285,-0.58089109855661525,gate_pass,74,64
64,103,recovery_completion_hours_mean,AC,11.046294341216216,0.46804302731939457,0.45566711471916849,0.46804302731939457,0.026441826665181158,True,23.601023189003044,1,11.098184121621621,1,True,calibration__20210616T110000Z,0.11262204743766607,13.125607495298537,-0.5029066079656167,-0.59190641440175673,gate_pass,74,64
64,103,recovery_completion_hours_mean,B,-100.21394636824324,2.9107690667653068,2.7849936013499805,2.9107690667653068,0.043210389601638373,True,34.428683303141419,-1,-101.05764358108108,-1,True,calibration__20200523T100000Z,0.043999423330405421,43.007136736380737,-0.50103380217140769,-0.68807924996161596,gate_pass,74,64
64,103,recovery_completion_hours_mean,BC,7.5948585304054053,0.55584499472435478,0.47331888335860173,0.55584499472435478,0.14846964918102393,True,13.663626734952825,1,8.0508868243243246,1,True,calibration__20210920T030000Z,0.19237618999925832,9.774282188763241,-0.49762004565140006,-0.59819917169815706,gate_pass,74,64
64,103,recovery_completion_hours_mean,C,-13.028029983108109,0.59971014748859086,0.51695874933014585,0.59971014748859086,0.13798565607899657,True,21.723877839429022,-1,-13.421452702702704,-1,True,calibration__20210920T030000Z,0.15877333339685976,10.956727490816348,-0.49484815119052289,-0.60219636411501154,gate_pass,74,64
64,116,failed_recovery_attempts_mean,A,-0.0034311655405405406,0.00053877724145305486,0.00053877724145305486,0.00052396094038442199,0.027499864375625935,True,6.3684307289722586,-1,-0.0042229729729729732,-1,True,calibration__20210926T070000Z,0.19609934481182381,8.3559779535337206,-0.49790892518210511,-0.41804806419863111,gate_pass,74,64
64,116,failed_recovery_attempts_mean,AB,0.0033255912162162161,0.00053877724145305486,0.00053877724145305486,0.00053465682886798445,0.0076477109054530132,True,6.17247901423465,1,0.0040118243243243241,1,True,calibration__20210926T070000Z,0.19609934481182381,8.3559779535337206,-0.49393484675213778,-0.40546988209168389,gate_pass,74,64
64,116,failed_recovery_attempts_mean,ABC,-0.0033255912162162161,0.00053877724145305486,0.00053877724145305486,0.00053465682886798445,0.0076477109054530132,True,6.17247901423465,-1,-0.0040118243243243241,-1,True,calibration__20210926T070000Z,0.19609934481182381,8.3559779535337206,-0.49393484675213778,-0.40546988209168389,gate_pass,74,64
64,116,failed_recovery_attempts_mean,AC,0.0034311655405405406,0.00053877724145305486,0.00053877724145305486,0.00052396094038442199,0.027499864375625935,True,6.3684307289722586,1,0.0042229729729729732,1,True,calibration__20210926T070000Z,0.19609934481182381,8.3559779535337206,-0.49790892518210511,-0.41804806419863111,gate_pass,74,64
64,116,failed_recovery_attempts_mean,B,-0.24361275337837837,0.0066338667437965898,0.0066338667437965898,0.0059289522589160799,0.1062599705578476,True,36.72258771344535,-1,-0.25147804054054052,-1,True,calibration__20210212T030000Z,0.038970358406692752,53.488396279005855,-0.51970704476797325,-0.47081196314041235,gate_pass,74,64
64,116,failed_recovery_attempts_mean,BC,0.0035367398648648647,0.00057591675963809732,0.00057591675963809732,0.00055511242155823219,0.03612386292237519,True,6.1410608489451342,1,0.0044341216216216214,1,True,calibration__20200511T090000Z,0.2932390985464729,6.698485833718177,-0.48373721439596812,-0.40321852193681368,gate_pass,74,64
64,116,failed_recovery_attempts_mean,C,-0.0036423141891891893,0.00057591675963809732,0.00057591675963809732,0.00054416841543881251,0.055126619720591699,True,6.3243760981673773,-1,-0.0046452702702702705,-1,True,calibration__20200511T090000Z,0.2932390985464729,6.698485833718177,-0.48725442898008536,-0.41498880100068841,gate_pass,74,64
64,116,first_six_hour_burden_mean,A,-0.0010048869105440115,0.0001956471379769998,0.0001956471379769998,0.00018204768547840046,0.06951010190702657,True,5.1362208562547211,-1,-0.00077773415827142351,-1,True,calibration__20210613T040000Z,0.27244756548751553,6.1680160774497876,-0.36997272980205703,-0.36351047628083571,gate_pass,74,64
64,116,first_six_hour_burden_mean,AB,0.0010048869105440115,0.0001956471379769998,0.0001956471379769998,0.00018204768547840046,0.06951010190702657,True,5.1362208562547211,1,0.00077773415827142351,1,True,calibration__20210613T040000Z,0.27244756548751553,6.1680160774497876,-0.36997272980205703,-0.36351047628083571,gate_pass,74,64
64,116,first_six_hour_burden_mean,ABC,-0.0010048869105440115,0.0001956471379769998,0.0001956471379769998,0.00018204768547840046,0.06951010190702657,True,5.1362208562547211,-1,-0.00077773415827142351,-1,True,calibration__20210613T040000Z,0.27244756548751553,6.1680160774497876,-0.36997272980205703,-0.36351047628083571,gate_pass,74,64
64,116,first_six_hour_burden_mean,AC,0.0010048869105440115,0.0001956471379769998,0.0001956471379769998,0.00018204768547840046,0.06951010190702657,True,5.1362208562547211,1,0.00077773415827142351,1,True,calibration__20210613T040000Z,0.27244756548751553,6.1680160774497876,-0.36997272980205703,-0.36351047628083571,gate_pass,74,64
64,116,first_six_hour_burden_mean,B,-0.14077521555850286,0.0043919570669378478,0.0043602743982761993,0.0043919570669378478,0.0072137928897693538,True,32.052958035096161,-1,-0.13707753457018149,-1,True,calibration__20210605T110000Z,0.037128697145545925,46.050963082719591,-0.49526128391851498,-0.44598065066831422,gate_pass,74,64
64,116,first_six_hour_burden_mean,BC,0.0010902617658151363,0.00020404739688629792,0.00020404739688629792,0.00018481048489701866,0.094276684156861454,True,5.3431789988610676,1,0.00084589409920320156,1,True,calibration__20210613T040000Z,0.25047697667643132,6.6281792220228981,-0.39523373159978792,-0.37507851701151107,gate_pass,74,64
64,116,first_six_hour_burden_mean,C,-0.0010902617658151363,0.00020404739688629792,0.00020404739688629792,0.00018481048489701866,0.094276684156861454,True,5.3431789988610676,-1,-0.00084589409920320156,-1,True,calibration__20210613T040000Z,0.25047697667643132,6.6281792220228981,-0.39523373159978792,-0.37507851701151107,gate_pass,74,64
64,116,initial_gap_q4_q1_burden_contrast,A,-0.00021406687775868719,0.00048819437069336414,0.00047083762243487918,0.00048819437069336414,0.035552946327164367,True,0.43848698512163514,-1,0.00050997711042258535,1,False,calibration__20210710T100000Z,0.58418303837036289,2.5123902569192786,0.27177959907321364,0.2385179160622769,gate_pass,74,64
64,116,initial_gap_q4_q1_burden_contrast,AB,0.00021406687775868719,0.00048819437069336414,0.00047083762243487918,0.00048819437069336414,0.035552946327164367,True,0.43848698512163514,1,-0.00050997711042258557,-1,False,calibration__20210710T100000Z,0.58418303837036289,2.5123902569192786,0.27177959907321364,0.2385179160622769,gate_pass,74,64
64,116,initial_gap_q4_q1_burden_contrast,ABC,-0.00021406687775868719,0.00048819437069336414,0.00047083762243487918,0.00048819437069336414,0.035552946327164367,True,0.43848698512163514,-1,0.00050997711042258557,1,False,calibration__20210710T100000Z,0.58418303837036289,2.5123902569192786,0.27177959907321364,0.2385179160622769,gate_pass,74,64
64,116,initial_gap_q4_q1_burden_contrast,AC,0.00021406687775868719,0.00048819437069336414,0.00047083762243487918,0.00048819437069336414,0.035552946327164367,True,0.43848698512163514,1,-0.00050997711042258557,-1,False,calibration__20210710T100000Z,0.58418303837036289,2.5123902569192786,0.27177959907321364,0.2385179160622769,gate_pass,74,64
64,116,initial_gap_q4_q1_burden_contrast,B,0.094262984641609565,0.012117202747274233,0.012117202747274233,0.011615132175229628,0.041434527631184978,True,7.7792694079344384,1,0.080245101091204044,1,True,calibration__20210605T110000Z,0.072927082569389526,22.394703094270497,-0.48754610487901723,-0.47852444675682826,gate_pass,74,64
64,116,initial_gap_q4_q1_burden_contrast,BC,0.00021406687775868719,0.00048819437069336414,0.00047083762243487918,0.00048819437069336414,0.035552946327164367,True,0.43848698512163514,1,-0.00050997711042258568,-1,False,calibration__20210710T100000Z,0.58418303837036289,2.5123902569192786,0.27177959907321364,0.2385179160622769,gate_pass,74,64
64,116,initial_gap_q4_q1_burden_contrast,C,-0.00021406687775868719,0.00048819437069336414,0.00047083762243487918,0.00048819437069336414,0.035552946327164367,True,0.43848698512163514,-1,0.00050997711042258557,1,False,calibration__20210710T100000Z,0.58418303837036289,2.5123902569192786,0.27177959907321364,0.2385179160622769,gate_pass,74,64
64,116,maximum_downside_deviation_mean,A,-0.0053827069256756751,0.00030193459138002233,0.00030193459138002233,0.00027234426827690676,0.098002428167869179,True,17.827394009654451,-1,-0.0055917440878378386,-1,True,calibration__20210710T100000Z,0.1198288159771755,13.705781543439052,-0.54172907495998257,-0.46361834792323375,gate_pass,74,64
64,116,maximum_downside_deviation_mean,AB,0.0021426309121621622,0.00028992264582140885,0.00028992264582140885,0.00028479353648907147,0.01769130285702792,True,7.3903537479511483,1,0.0024561866554054053,1,True,calibration__20200511T090000Z,0.1237751418256833,14.122503023792177,-0.53085255221611705,-0.51757421117517655,gate_pass,74,64
64,116,maximum_downside_deviation_mean,ABC,-0.0021426309121621622,0.00028992264582140885,0.00028992264582140885,0.00028479353648907147,0.01769130285702792,True,7.3903537479511483,-1,-0.0024561866554054053,-1,True,calibration__20200511T090000Z,0.1237751418256833,14.122503023792177,-0.53085255221611705,-0.51757421117517655,gate_pass,74,64
64,116,maximum_downside_deviation_mean,AC,0.0053827069256756751,0.00030193459138002233,0.00030193459138002233,0.00027234426827690676,0.098002428167869179,True,17.827394009654451,1,0.0055917440878378386,1,True,calibration__20210710T100000Z,0.1198288159771755,13.705781543439052,-0.54172907495998257,-0.46361834792323375,gate_pass,74,64
64,116,maximum_downside_deviation_mean,B,-0.25063591197433227,0.0028115695863885105,0.0028115695863885105,0.0027053867014203503,0.0377664083016893,True,89.144481142391584,-1,-0.25288309494122924,-1,True,calibration__20200804T130000Z,0.022440081047934841,55.913472285652617,-0.49367446205864501,-0.37024858684614037,gate_pass,74,64
64,116,maximum_downside_deviation_mean,BC,0.0020903716216216215,0.00031431520998952015,0.00031431520998952015,0.00030486363623717861,0.030070367109045312,True,6.6505582777598269,1,0.0022471494932432431,1,True,calibration__20200509T220000Z,0.14995612110574819,12.510395941825122,-0.51413294619369654,-0.40733674302039108,gate_pass,74,64
64,116,maximum_downside_deviation_mean,C,-0.0061665962837837793,0.00032436062083154345,0.00032436062083154345,0.00029766904940401031,0.082289802501627929,True,19.011544212657057,-1,-0.0064278927364864822,-1,True,calibration__20200509T220000Z,0.14081170168932841,12.598717954202263,-0.52645737924855962,-0.50244594460374215,gate_pass,74,64
64,116,recovery_completion_hours_mean,A,-8.3255384290540544,0.42443035597057149,0.42443035597057149,0.38218014186477184,0.099545693448771927,True,19.615793997617168,-1,-8.6101140202702702,-1,True,calibration__20210710T100000Z,0.11869256952035528,14.378385004393882,-0.5376861259336162,-0.46761088677846741,gate_pass,74,64
64,116,recovery_completion_hours_mean,AB,1.9878061655405406,0.39468938175825335,0.39468938175825335,0.3824629104613439,0.030977451793720037,True,5.0363811579761952,1,2.4388724662162162,1,True,calibration__20200511T090000Z,0.12775162689630809,14.492030383114708,-0.530457675985471,-0.50430663017205368,gate_pass,74,64
64,116,recovery_completion_hours_mean,ABC,-1.9878061655405406,0.39468938175825335,0.39468938175825335,0.3824629104613439,0.030977451793720037,True,5.0363811579761952,-1,-2.4388724662162162,-1,True,calibration__20200511T090000Z,0.12775162689630809,14.492030383114708,-0.530457675985471,-0.50430663017205368,gate_pass,74,64
64,116,recovery_completion_hours_mean,AC,8.3255384290540544,0.42443035597057149,0.42443035597057149,0.38218014186477184,0.099545693448771927,True,19.615793997617168,1,8.6101140202702702,1,True,calibration__20210710T100000Z,0.11869256952035528,14.378385004393882,-0.5376861259336162,-0.46761088677846741,gate_pass,74,64
64,116,recovery_completion_hours_mean,B,-339.70159417229729,3.8852855312087322,3.8852855312087322,3.7512863451511804,0.034488890193834471,True,87.432851831256372,-1,-342.80542652027026,-1,True,calibration__20210827T000000Z,0.023165166413890454,55.545346008056761,-0.49323812358806746,-0.36580795797463794,gate_pass,74,64
64,116,recovery_completion_hours_mean,BC,1.7974556587837838,0.42914836724763789,0.42914836724763789,0.41595017267100054,0.030754386090956265,True,4.1884247872404723,1,2.0347339527027026,1,True,calibration__20200509T220000Z,0.15303678650921512,12.43358059379036,-0.51602656355983412,-0.41573779041843806,gate_pass,74,64
64,116,recovery_completion_hours_mean,C,-9.5526288006756754,0.4573899183776729,0.4573899183776729,0.41710642819526333,0.088072536284341432,True,20.885088229662166,-1,-9.9086782094594597,-1,True,calibration__20200509T220000Z,0.14730201295433251,12.869505330330181,-0.52150501957259376,-0.5082348631090664,gate_pass,74,64
64,126,failed_recovery_attempts_mean,A,-0.0040646114864864866,0.00045811672632157759,0.00045811672632157759,0.00045258007568566439,0.012085676679761121,True,8.8724363310701513,-1,-0.00390625,-1,True,calibration__20210926T070000Z,0.18018967334035821,8.5941147079244811,-0.48738081941053818,-0.46366704176467072,gate_pass,74,64
64,126,failed_recovery_attempts_mean,AB,-0.0015308277027027027,0.00049870311622585346,0.00045811672632157759,0.00049870311622585346,0.081383870651201298,True,3.0696172790895875,-1,-0.0017947635135135136,-1,True,calibration__20210926T070000Z,0.18018967334035821,8.5941147079244811,-0.48356773259619767,-0.59510380947604968,gate_pass,74,64
64,126,failed_recovery_attempts_mean,ABC,0.0015308277027027027,0.00049870311622585346,0.00045811672632157759,0.00049870311622585346,0.081383870651201298,True,3.0696172790895875,1,0.0017947635135135136,1,True,calibration__20210926T070000Z,0.18018967334035821,8.5941147079244811,-0.48356773259619767,-0.59510380947604968,gate_pass,74,64
64,126,failed_recovery_attempts_mean,AC,0.0040646114864864866,0.00045811672632157759,0.00045811672632157759,0.00045258007568566439,0.012085676679761121,True,8.8724363310701513,1,0.00390625,1,True,calibration__20210926T070000Z,0.18018967334035821,8.5941147079244811,-0.48738081941053818,-0.46366704176467072,gate_pass,74,64
64,126,failed_recovery_attempts_mean,B,-0.21405194256756757,0.0051059001351969188,0.0051059001351969188,0.0049599382008566539,0.028586915230498448,True,41.922469476444675,-1,-0.22117820945945946,-1,True,calibration__20210705T020000Z,0.030592526614921331,48.917741556341127,-0.50707847399558581,-0.48115930942985163,gate_pass,74,64
64,126,failed_recovery_attempts_mean,BC,-0.0015308277027027027,0.00049870311622585357,0.00048219980314065033,0.00049870311622585357,0.03309246032007785,True,3.069617279089587,-1,-0.0017947635135135136,-1,True,calibration__20200511T090000Z,0.24044131634011792,7.5673509745726424,-0.46173488013461311,-0.5893455234276288,gate_pass,74,64
64,126,failed_recovery_attempts_mean,C,-0.0040646114864864866,0.00048219980314065033,0.00048219980314065033,0.00047694280592218234,0.010902113987248154,True,8.4293097176999492,-1,-0.00390625,-1,True,calibration__20200511T090000Z,0.24044131634011792,7.5673509745726424,-0.46530323320532635,-0.43190131914809943,gate_pass,74,64
64,126,first_six_hour_burden_mean,A,-0.0046986802614238619,0.00046874368570205902,0.00046874368570205902,0.0004458536303134887,0.048832775964303035,True,10.023986252500515,-1,-0.0049581185193015714,-1,True,calibration__20210208T030000Z,0.14902188496792138,10.283527323907151,-0.50852715074700539,-0.48411195587792483,gate_pass,74,64
64,126,first_six_hour_burden_mean,AB,0.0017222919881488255,0.00044102762872827591,0.00044102762872827591,0.0003973957293608723,0.098932349189138694,True,3.9051793492283831,1,0.0022984532189995088,1,True,calibration__20210208T030000Z,0.13041075370298089,10.963777047572584,-0.54144993296255683,-0.40078235368867338,gate_pass,74,64
64,126,first_six_hour_burden_mean,ABC,-0.0017222919881488255,0.00044102762872827591,0.00044102762872827591,0.0003973957293608723,0.098932349189138694,True,3.9051793492283831,-1,-0.0022984532189995088,-1,True,calibration__20210208T030000Z,0.13041075370298089,10.963777047572584,-0.54144993296255683,-0.40078235368867338,gate_pass,74,64
64,126,first_six_hour_burden_mean,AC,0.0046986802614238619,0.00046874368570205902,0.00046874368570205902,0.0004458536303134887,0.048832775964303035,True,10.023986252500515,1,0.0049581185193015714,1,True,calibration__20210208T030000Z,0.14902188496792138,10.283527323907151,-0.50852715074700539,-0.48411195587792483,gate_pass,74,64
64,126,first_six_hour_burden_mean,B,-0.28081853779756527,0.005219676225133754,0.0050820633376075196,0.005219676225133754,0.026364257396579823,True,53.799991739979866,-1,-0.28245909388566509,-1,True,calibration__20210204T040000Z,0.027469927036173659,52.651251945764514,-0.49700162777658236,-0.44593427247188966,gate_pass,74,64
64,126,first_six_hour_burden_mean,BC,0.0020390149611217985,0.0004704288660532223,0.0004704288660532223,0.00043816319285418579,0.068587783461795726,True,4.3343746701358095,1,0.0027207505162968062,1,True,calibration__20200511T090000Z,0.22593015109732231,9.0488914306793351,-0.55249419365177066,-0.42074098219858203,gate_pass,74,64
64,126,first_six_hour_burden_mean,C,-0.0050154032343968343,0.00049650638626304224,0.00049650638626304224,0.00047494011079480918,0.043436048487818547,True,10.101387158673409,-1,-0.0053804158165988688,-1,True,calibration__20200511T090000Z,0.20282077612568947,9.1300092706350249,-0.52273071362511947,-0.5253042495298772,gate_pass,74,64
64,126,initial_gap_q4_q1_burden_contrast,A,-0.00053266313283655041,0.0011637366034057159,0.0011637366034057159,0.001056944927004801,0.091766191841336997,True,0.45771795033145224,-1,-0.00018556697250679023,-1,True,calibration__20210710T100000Z,0.33459535613950436,4.4787376533423666,-0.50830189387748703,-0.387663864839429,gate_pass,74,64
64,126,initial_gap_q4_q1_burden_contrast,AB,0.0022564911445393182,0.0011717525741655871,0.0010410108276818037,0.0011717525741655871,0.11157794688600149,True,1.9257402921825717,1,0.0039653160368411378,1,True,calibration__20210710T100000Z,0.30961211022257096,5.2919759622948934,-0.59099428607180871,-0.68878625409933725,gate_pass,74,64
64,126,initial_gap_q4_q1_burden_contrast,ABC,-0.0022564911445393182,0.0011717525741655871,0.0010410108276818037,0.0011717525741655871,0.11157794688600149,True,1.9257402921825717,-1,-0.0039653160368411378,-1,True,calibration__20210710T100000Z,0.30961211022257096,5.2919759622948925,-0.59099428607180871,-0.68878625409933725,gate_pass,74,64
64,126,initial_gap_q4_q1_burden_contrast,AC,0.00053266313283655041,0.0011637366034057159,0.0011637366034057159,0.001056944927004801,0.091766191841336997,True,0.45771795033145224,1,0.00018556697250679023,1,True,calibration__20210710T100000Z,0.33459535613950436,4.4787376533423666,-0.50830189387748703,-0.387663864839429,gate_pass,74,64
64,126,initial_gap_q4_q1_burden_contrast,B,0.061028475885774036,0.01500658321776229,0.014179984700897957,0.01500658321776229,0.05508239316501725,True,4.0667802257304455,1,0.045389200739029412,1,True,calibration__20210204T040000Z,0.053523236332366567,26.782653246336228,-0.49463150585585275,-0.60036911264525272,gate_pass,74,64
64,126,initial_gap_q4_q1_burden_contrast,BC,0.0022564911445393182,0.0011717525741655871,0.0010410108276818037,0.0011717525741655871,0.11157794688600149,True,1.9257402921825717,1,0.0039653160368411378,1,True,calibration__20210710T100000Z,0.30961211022257096,5.2919759622948925,-0.59099428607180871,-0.68878625409933725,gate_pass,74,64
64,126,initial_gap_q4_q1_burden_contrast,C,-0.00053266313283655041,0.0011637366034057159,0.0011637366034057159,0.001056944927004801,0.091766191841336997,True,0.45771795033145224,-1,-0.00018556697250679023,-1,True,calibration__20210710T100000Z,0.33459535613950436,4.4787376533423666,-0.50830189387748703,-0.387663864839429,gate_pass,74,64
64,126,maximum_downside_deviation_mean,A,-0.0037626689189189191,0.00026598265210200521,0.00026385541125829263,0.00026598265210200521,0.007997667618175261,True,14.146294463880762,-1,-0.0036581503378378378,-1,True,calibration__20210208T030000Z,0.14881693648816929,11.337076849029355,-0.52374187458924271,-0.42060991570713313,gate_pass,74,64
64,126,maximum_downside_deviation_mean,AB,-0.00052259290540540538,0.00024600047403263402,0.00024600047403263402,0.00024101586656763232,0.020262592926306517,True,2.1243573105313573,-1,-0.00062711148648648648,-1,True,calibration__20211210T180000Z,0.13162607449856731,12.354256408305838,-0.49251569074326018,-0.37460831765648306,gate_pass,74,64
64,126,maximum_downside_deviation_mean,ABC,0.00052259290540540538,0.00024600047403263402,0.00024600047403263402,0.00024101586656763232,0.020262592926306517,True,2.1243573105313573,1,0.00062711148648648648,1,True,calibration__20211210T180000Z,0.13162607449856731,12.354256408305838,-0.49251569074326018,-0.37460831765648306,gate_pass,74,64
64,126,maximum_downside_deviation_mean,AC,0.0037626689189189191,0.00026598265210200521,0.00026385541125829263,0.00026598265210200521,0.007997667618175261,True,14.146294463880762,1,0.0036581503378378378,1,True,calibration__20210208T030000Z,0.14881693648816929,11.337076849029355,-0.52374187458924271,-0.42060991570713313,gate_pass,74,64
64,126,maximum_downside_deviation_mean,B,-0.29704180743243241,0.0024846923718180943,0.0024579421237912948,0.0024846923718180943,0.010766020103819067,True,119.54872595156782,-1,-0.30080447635135138,-1,True,calibration__20210410T170000Z,0.029275433032446938,44.343016892578724,-0.49203028128424281,-0.473606941967946,gate_pass,74,64
64,126,maximum_downside_deviation_mean,BC,-0.00031355574324324313,0.00027337693217927255,0.00026434783236085516,0.00027337693217927255,0.033028023785475702,True,1.1469722069952211,-1,-0.00041807432432432423,-1,True,calibration__20200511T090000Z,0.16811414392059557,11.684074451271465,-0.47733258782065635,-0.37890853071876907,gate_pass,74,64
64,126,maximum_downside_deviation_mean,C,-0.0039717060810810752,0.00029444774499621037,0.00028103953689807577,0.00029444774499621037,0.045536800080799314,True,13.488661905467104,-1,-0.0038671874999999943,-1,True,calibration__20200511T090000Z,0.14873765093304067,11.362535318771702,-0.50950813989220711,-0.41206081961908242,gate_pass,74,64
64,126,recovery_completion_hours_mean,A,-6.2994087837837842,0.3780969254576535,0.37396656027978342,0.3780969254576535,0.010924090887199435,True,16.660830489850973,-1,-6.1464315878378377,-1,True,calibration__20210208T030000Z,0.14520277035921605,11.93085056719233,-0.52130205900500093,-0.45158632735995735,gate_pass,74,64
64,126,recovery_completion_hours_mean,AB,-1.8118665540540539,0.34561282697945872,0.34561282697945872,0.33372521813161954,0.034395739740717766,True,5.2424748522477183,-1,-1.9397170608108107,-1,True,calibration__20211210T180000Z,0.13145990797893922,12.660544625603375,-0.49049587414491785,-0.37507609286260979,gate_pass,74,64
64,126,recovery_completion_hours_mean,ABC,1.8118665540540539,0.34561282697945872,0.34561282697945872,0.33372521813161954,0.034395739740717766,True,5.2424748522477183,1,1.9397170608108107,1,True,calibration__20211210T180000Z,0.13145990797893922,12.660544625603375,-0.49049587414491785,-0.37507609286260979,gate_pass,74,64
64,126,recovery_completion_hours_mean,AC,6.2994087837837842,0.3780969254576535,0.37396656027978342,0.3780969254576535,0.010924090887199435,True,16.660830489850973,1,6.1464315878378377,1,True,calibration__20210208T030000Z,0.14520277035921605,11.93085056719233,-0.52130205900500093,-0.45158632735995735,gate_pass,74,64
64,126,recovery_completion_hours_mean,B,-404.22698479729729,3.4588482208140277,3.4082047065205803,3.4588482208140277,0.014641727841277929,True,116.86751166611292,-1,-409.29402449324323,-1,True,calibration__20210217T040000Z,0.029662985585062359,44.204093112680091,-0.4927396558520587,-0.47423554219642067,gate_pass,74,64
64,126,recovery_completion_hours_mean,BC,-1.6875,0.38378286652756155,0.37104123492299401,0.38378286652756155,0.033200105361275919,True,4.3970175512741694,-1,-1.8237964527027026,-1,True,calibration__20200511T090000Z,0.16483094634373816,12.037372549182654,-0.47699120238906939,-0.37374706753246589,gate_pass,74,64
64,126,recovery_completion_hours_mean,C,-6.7582347972972974,0.41344612563316208,0.39801488799321189,0.41344612563316208,0.0373234544556885,True,16.346107457041864,-1,-6.6137035472972974,-1,True,calibration__20200511T090000Z,0.14176189201341355,11.887465766918961,-0.5068304202126489,-0.44203842329636828,gate_pass,74,64
64,127,failed_recovery_attempts_mean,A,0.00010557432432432433,0.00010557432432432433,0.00010557432432432432,0.00010557432432432433,1.2836953722228372e-16,True,1,1,0.00010557432432432433,1,True,calibration__20210208T030000Z,0.25000000000000006,4.0000000000000009,-0.44596373282285445,-0.44470292721634713,gate_pass,74,64
64,127,failed_recovery_attempts_mean,AB,-0.00010557432432432433,0.00010557432432432433,0.00010557432432432432,0.00010557432432432433,1.2836953722228372e-16,True,1,-1,-0.00010557432432432433,-1,True,calibration__20210208T030000Z,0.25000000000000006,4.0000000000000009,-0.44596373282285445,-0.44470292721634713,gate_pass,74,64
64,127,failed_recovery_attempts_mean,ABC,0.00010557432432432433,0.00010557432432432433,0.00010557432432432432,0.00010557432432432433,1.2836953722228372e-16,True,1,1,0.00010557432432432433,1,True,calibration__20210208T030000Z,0.25000000000000006,4.0000000000000009,-0.44596373282285445,-0.44470292721634713,gate_pass,74,64
64,127,failed_recovery_attempts_mean,AC,-0.00010557432432432433,0.00010557432432432433,0.00010557432432432432,0.00010557432432432433,1.2836953722228372e-16,True,1,-1,-0.00010557432432432433,-1,True,calibration__20210208T030000Z,0.25000000000000006,4.0000000000000009,-0.44596373282285445,-0.44470292721634713,gate_pass,74,64
64,127,failed_recovery_attempts_mean,B,-0.23574746621621623,0.0072812274452214816,0.0070639438498276792,0.0072812274452214816,0.029841616269850366,True,32.377434709985934,-1,-0.23764780405405406,-1,True,calibration__20200505T100000Z,0.036306263184952753,54.115469819516768,-0.50463985611044648,-0.49830810047545521,gate_pass,74,64
64,127,failed_recovery_attempts_mean,BC,-0.00010557432432432433,0.00010557432432432433,0.00010557432432432432,0.00010557432432432433,1.2836953722228372e-16,True,1,-1,-0.00010557432432432433,-1,True,calibration__20210208T030000Z,0.25000000000000006,4.0000000000000009,-0.44596373282285445,-0.44470292721634713,gate_pass,74,64
64,127,failed_recovery_attempts_mean,C,0.00010557432432432433,0.00010557432432432433,0.00010557432432432432,0.00010557432432432433,1.2836953722228372e-16,True,1,1,0.00010557432432432433,1,True,calibration__20210208T030000Z,0.25000000000000006,4.0000000000000009,-0.44596373282285445,-0.44470292721634713,gate_pass,74,64
64,127,first_six_hour_burden_mean,A,-6.1140692402474396e-07,2.2288556355977949e-07,2.224425537148471e-07,2.2288556355977949e-07,0.0019876112111387248,True,2.7431427781133984,-1,-5.3419848182731e-07,-1,True,calibration__20200511T090000Z,0.85019397478985603,1.3470830182440168,-0.26110549484624102,-0.38149617171288885,gate_pass,74,64
64,127,first_six_hour_burden_mean,AB,6.1140692402474396e-07,2.2288556355977949e-07,2.224425537148471e-07,2.2288556355977949e-07,0.0019876112111387248,True,2.7431427781133984,1,5.3419848182731e-07,1,True,calibration__20200511T090000Z,0.85019397478985603,1.3470830182440168,-0.26110549484624102,-0.38149617171288885,gate_pass,74,64
64,127,first_six_hour_burden_mean,ABC,-6.1140692402474396e-07,2.2288556355977949e-07,2.224425537148471e-07,2.2288556355977949e-07,0.0019876112111387248,True,2.7431427781133984,-1,-5.3419848182731e-07,-1,True,calibration__20200511T090000Z,0.85019397478985603,1.3470830182440168,-0.26110549484624102,-0.38149617171288885,gate_pass,74,64
64,127,first_six_hour_burden_mean,AC,6.1140692402474396e-07,2.2288556355977949e-07,2.224425537148471e-07,2.2288556355977949e-07,0.0019876112111387248,True,2.7431427781133984,1,5.3419848182731e-07,1,True,calibration__20200511T090000Z,0.85019397478985603,1.3470830182440168,-0.26110549484624102,-0.38149617171288885,gate_pass,74,64
64,127,first_six_hour_burden_mean,B,-0.036955212298661784,0.0024582687941878166,0.0022642141694965562,0.0024582687941878166,0.078939546867320437,True,15.033023396805293,-1,-0.039288542553211687,-1,True,calibration__20200523T100000Z,0.12855736086656158,15.354418672835516,-0.52052988216815099,-0.43173199844443721,gate_pass,74,64
64,127,first_six_hour_burden_mean,BC,6.1140692402474364e-07,2.2288556355977946e-07,2.2244255371484707e-07,2.2288556355977946e-07,0.0019876112111387252,True,2.7431427781133975,1,5.3419848182730915e-07,1,True,calibration__20200511T090000Z,0.85019397478985614,1.3470830182440168,-0.25926321411190989,-0.38002281306434876,gate_pass,74,64
64,127,first_six_hour_burden_mean,C,-6.1140692402474364e-07,2.2288556355977946e-07,2.2244255371484707e-07,2.2288556355977946e-07,0.0019876112111387252,True,2.7431427781133975,-1,-5.3419848182730915e-07,-1,True,calibration__20200511T090000Z,0.85019397478985614,1.3470830182440168,-0.25926321411190989,-0.38002281306434876,gate_pass,74,64
64,127,initial_gap_q4_q1_burden_contrast,A,4.0177858505235261e-07,3.3284432220003786e-07,3.3284432220003786e-07,3.3163462178587234e-07,0.003634433077210461,True,1.2071066208871233,1,8.0355717010470522e-07,1,True,calibration__20210715T050000Z,0.94470601086308859,1.1166610752264139,-0.20190800449862512,-0.20335637705206666,gate_pass,74,64
64,127,initial_gap_q4_q1_burden_contrast,AB,-4.0177858505235261e-07,3.3284432220003786e-07,3.3284432220003786e-07,3.3163462178587234e-07,0.003634433077210461,True,1.2071066208871233,-1,-8.0355717010470522e-07,-1,True,calibration__20210715T050000Z,0.94470601086308859,1.1166610752264139,-0.20190800449862512,-0.20335637705206666,gate_pass,74,64
64,127,initial_gap_q4_q1_burden_contrast,ABC,4.0177858505235261e-07,3.3284432220003786e-07,3.3284432220003786e-07,3.3163462178587234e-07,0.003634433077210461,True,1.2071066208871233,1,8.0355717010470522e-07,1,True,calibration__20210715T050000Z,0.94470601086308859,1.1166610752264139,-0.20190800449862512,-0.20335637705206666,gate_pass,74,64
64,127,initial_gap_q4_q1_burden_contrast,AC,-4.0177858505235261e-07,3.3284432220003786e-07,3.3284432220003786e-07,3.3163462178587234e-07,0.003634433077210461,True,1.2071066208871233,-1,-8.0355717010470522e-07,-1,True,calibration__20210715T050000Z,0.94470601086308859,1.1166610752264139,-0.20190800449862512,-0.20335637705206666,gate_pass,74,64
64,127,initial_gap_q4_q1_burden_contrast,B,0.039792740287917287,0.006621928118818449,0.0065211164109766793,0.006621928118818449,0.015223920591236732,True,6.0092377286356751,1,0.028550837681955918,1,True,calibration__20210325T210000Z,0.21683455325967013,8.1405010634614943,-0.48541071716906015,-0.61509528282759773,gate_pass,74,64
64,127,initial_gap_q4_q1_burden_contrast,BC,-4.0177858505235224e-07,3.3284432220003775e-07,3.3284432220003775e-07,3.3163462178587224e-07,0.0036344330772104618,True,1.2071066208871226,-1,-8.0355717010470448e-07,-1,True,calibration__20210715T050000Z,0.94470601086308914,1.1166610752264128,-0.20190800449863702,-0.20335637705207837,gate_pass,74,64
64,127,initial_gap_q4_q1_burden_contrast,C,4.0177858505235224e-07,3.3284432220003775e-07,3.3284432220003775e-07,3.3163462178587224e-07,0.0036344330772104618,True,1.2071066208871226,1,8.0355717010470448e-07,1,True,calibration__20210715T050000Z,0.94470601086308914,1.1166610752264128,-0.20190800449863702,-0.20335637705207837,gate_pass,74,64
64,127,maximum_downside_deviation_mean,A,-0.00083614864864864867,0.00015531944111702684,0.00015531944111702684,0.00015356515579086327,0.011294692496619208,True,5.3834126792836248,-1,-0.00088840793918918911,-1,True,calibration__20210710T100000Z,0.41509433962264164,4.1078486477882601,-0.57128688688595863,-0.47372558887276978,gate_pass,74,64
64,127,maximum_downside_deviation_mean,AB,0.00057485219594594593,0.0001299412277353518,0.0001299412277353518,0.00012474997266026525,0.039950792874294358,True,4.423940007067916,1,0.00067937077702702703,1,True,calibration__20200505T100000Z,0.28754813863928119,5.8070075549154803,-0.53380534856442974,-0.43560759678680266,gate_pass,74,64
64,127,maximum_downside_deviation_mean,ABC,-0.00057485219594594593,0.0001299412277353518,0.0001299412277353518,0.00012474997266026525,0.039950792874294358,True,4.423940007067916,-1,-0.00067937077702702703,-1,True,calibration__20200505T100000Z,0.28754813863928119,5.8070075549154803,-0.53380534856442974,-0.43560759678680266,gate_pass,74,64
64,127,maximum_downside_deviation_mean,AC,0.00083614864864864867,0.00015531944111702684,0.00015531944111702684,0.00015356515579086327,0.011294692496619208,True,5.3834126792836248,1,0.00088840793918918911,1,True,calibration__20210710T100000Z,0.41509433962264164,4.1078486477882601,-0.57128688688595863,-0.47372558887276978,gate_pass,74,64
64,127,maximum_downside_deviation_mean,B,-0.24232974599546839,0.0027223460457513823,0.0025248761224409754,0.0027223460457513823,0.072536672411131375,True,89.015041410205455,-1,-0.24546425215967893,-1,True,calibration__20200807T180000Z,0.027417436264546895,49.0290434185954,-0.50706370424118541,-0.55591355346747851,gate_pass,74,64
64,127,maximum_downside_deviation_mean,BC,0.00067937077702702703,0.00014890732222394275,0.00014890732222394275,0.0001476648835882735,0.0083437041047634778,True,4.5623732055655166,1,0.00067937077702702703,1,True,calibration__20200505T100000Z,0.21896383186705773,6.3793489160283938,-0.44227894157915704,-0.34210693132501147,gate_pass,74,64
64,127,maximum_downside_deviation_mean,C,-0.00094066722972972782,0.00017150159397346756,0.00017150159397346756,0.00017016939940582741,0.007767826157034142,True,5.4848891368044974,-1,-0.00088840793918918738,-1,True,calibration__20210710T100000Z,0.34045689019896841,5.0994199820276114,-0.50337375616909663,-0.41308489076453048,gate_pass,74,64
64,127,recovery_completion_hours_mean,A,-2.202861064189189,0.23389787857233024,0.23342195917242414,0.23389787857233024,0.0020347315794868441,True,9.4180463612370016,-1,-2.2644636824324325,-1,True,calibration__20210710T100000Z,0.36039967266893785,5.1400401032579319,-0.5559909690625352,-0.51440437353282842,gate_pass,74,64
64,127,recovery_completion_hours_mean,AB,-0.27866342905405406,0.17077928587444224,0.17077928587444224,0.16192668320140663,0.051836513003948793,True,1.6317167953198304,-1,-0.11138091216216216,-1,True,calibration__20200505T100000Z,0.2589398899794903,5.8752252873805384,-0.53127358707934835,-0.34669607537513508,gate_pass,74,64
64,127,recovery_completion_hours_mean,ABC,0.27866342905405406,0.17077928587444224,0.17077928587444224,0.16192668320140663,0.051836513003948793,True,1.6317167953198304,1,0.11138091216216216,1,True,calibration__20200505T100000Z,0.2589398899794903,5.8752252873805384,-0.53127358707934835,-0.34669607537513508,gate_pass,74,64
64,127,recovery_completion_hours_mean,AC,2.202861064189189,0.23389787857233024,0.23342195917242414,0.23389787857233024,0.0020347315794868441,True,9.4180463612370016,1,2.2644636824324325,1,True,calibration__20210710T100000Z,0.36039967266893785,5.1400401032579319,-0.5559909690625352,-0.51440437353282842,gate_pass,74,64
64,127,recovery_completion_hours_mean,B,-327.74688555743245,3.7743123340759603,3.5000318113922866,3.7743123340759603,0.072670329958483423,True,86.836185388900134,-1,-332.11940456081084,-1,True,calibration__20200807T180000Z,0.028126922799080259,48.916183832739037,-0.50728830604883468,-0.55452004437076174,gate_pass,74,64
64,127,recovery_completion_hours_mean,BC,-0.29471072635135137,0.19756859515019268,0.19756859515019268,0.1960745452539876,0.0075621831246473923,True,1.4916881204085637,-1,-0.28262246621621623,-1,True,calibration__20200509T220000Z,0.21898689424694351,5.9532826967189534,-0.44257054903342913,-0.27768701390060174,gate_pass,74,64
64,127,recovery_completion_hours_mean,C,-2.5212732263513513,0.25764767906356884,0.25764767906356884,0.2572077711290503,0.001707401115031965,True,9.7857401064702909,-1,-2.4445734797297298,-1,True,calibration__20210710T100000Z,0.29581169394796503,5.9528105067587518,-0.49566915889349483,-0.47189460189260019,gate_pass,74,64
64,134,failed_recovery_attempts_mean,A,0.00052787162162162165,0.00032116063894957442,0.00029637915965283836,0.00032116063894957442,0.077162255554694609,True,1.6436373502934243,1,0.00095016891891891897,1,True,calibration__20200511T090000Z,0.25780463242698892,6.1044515088575162,-0.48181042970219623,-0.32440341699075914,gate_pass,74,64
64,134,failed_recovery_attempts_mean,AB,-0.00052787162162162165,0.00032116063894957442,0.00029637915965283836,0.00032116063894957442,0.077162255554694609,True,1.6436373502934243,-1,-0.00095016891891891897,-1,True,calibration__20200511T090000Z,0.25780463242698892,6.1044515088575162,-0.48181042970219623,-0.32440341699075914,gate_pass,74,64
64,134,failed_recovery_attempts_mean,ABC,0.00052787162162162165,0.00032116063894957442,0.00029637915965283836,0.00032116063894957442,0.077162255554694609,True,1.6436373502934243,1,0.00095016891891891897,1,True,calibration__20200511T090000Z,0.25780463242698892,6.1044515088575162,-0.48181042970219623,-0.32440341699075914,gate_pass,74,64
64,134,failed_recovery_attempts_mean,AC,-0.00052787162162162165,0.00032116063894957442,0.00029637915965283836,0.00032116063894957442,0.077162255554694609,True,1.6436373502934243,-1,-0.00095016891891891897,-1,True,calibration__20200511T090000Z,0.25780463242698892,6.1044515088575162,-0.48181042970219623,-0.32440341699075914,gate_pass,74,64
64,134,failed_recovery_attempts_mean,B,-0.22202280405405406,0.0059008847586759254,0.005274919202281258,0.0059008847586759254,0.10607994936256392,True,37.625341475720127,-1,-0.22392314189189189,-1,True,calibration__20210705T020000Z,0.026018369273908194,48.50473950149226,-0.49726508236477368,-0.47185084061857663,gate_pass,74,64
64,134,failed_recovery_attempts_mean,BC,-0.00031672297297297299,0.00037409015388283539,0.00031518309525300971,0.00037409015388283539,0.15746754630776866,False,0.84664878154523748,-1,-0.00073902027027027031,-1,True,calibration__20200511T090000Z,0.34016028495102402,5.1751470621426039,-0.46081157929538014,-0.3069287353095021,gate_pass,74,64
64,134,failed_recovery_attempts_mean,C,0.00031672297297297299,0.00037409015388283539,0.00031518309525300971,0.00037409015388283539,0.15746754630776866,False,0.84664878154523748,1,0.00073902027027027031,1,True,calibration__20200511T090000Z,0.34016028495102402,5.1751470621426039,-0.46081157929538014,-0.3069287353095021,gate_pass,74,64
64,134,first_six_hour_burden_mean,A,-0.0014098550480603756,0.00025761734631573729,0.00025761734631573729,0.00024073630947452491,0.065527562808301271,True,5.4726712631083823,-1,-0.0015439505926018902,-1,True,calibration__20210206T010000Z,0.28190724880983936,6.3868063362870036,-0.55537236082850094,-0.51905145122172469,gate_pass,74,64
64,134,first_six_hour_burden_mean,AB,0.00098755775076307824,0.00023611759383098966,0.00023611759383098966,0.00022030218728881647,0.066981059249204777,True,4.1824826974560869,1,0.00069935599800729554,1,True,calibration__20210317T020000Z,0.19193540149134034,7.6725869641852045,-0.40685915272109019,-0.37576482117070925,gate_pass,74,64
64,134,first_six_hour_burden_mean,ABC,-0.00098755775076307824,0.00023611759383098966,0.00023611759383098966,0.00022030218728881647,0.066981059249204777,True,4.1824826974560869,-1,-0.00069935599800729554,-1,True,calibration__20210317T020000Z,0.19193540149134034,7.6725869641852045,-0.40685915272109019,-0.37576482117070925,gate_pass,74,64
64,134,first_six_hour_burden_mean,AC,0.0014098550480603756,0.00025761734631573729,0.00025761734631573729,0.00024073630947452491,0.065527562808301271,True,5.4726712631083823,1,0.0015439505926018902,1,True,calibration__20210206T010000Z,0.28190724880983936,6.3868063362870036,-0.55537236082850094,-0.51905145122172469,gate_pass,74,64
64,134,first_six_hour_burden_mean,B,-0.40647604659528158,0.0056173903116793255,0.005338753939585543,0.0056173903116793255,0.049602458905954827,True,72.360299719633531,-1,-0.40872278615590829,-1,True,calibration__20210314T050000Z,0.025054524497693128,50.766333924894887,-0.48627182689861831,-0.62520059356300661,gate_pass,74,64
64,134,first_six_hour_burden_mean,BC,0.0010695588570020765,0.00024911471173733935,0.00024911471173733935,0.00022953521562269879,0.078596306007349417,True,4.2934391531632787,1,0.00069935599800729554,1,True,calibration__20200511T090000Z,0.1724868557820278,7.697036302212239,-0.3780516948601288,-0.35396614950392208,gate_pass,74,64
64,134,first_six_hour_burden_mean,C,-0.0014918561542993738,0.00026957989281510591,0.00026957989281510591,0.00024699798330409759,0.083767039430111892,True,5.5340038113398107,-1,-0.00154395059260189,-1,True,calibration__20210206T010000Z,0.25744321789987606,6.7290079990518272,-0.52952004959519838,-0.50228651345972286,gate_pass,74,64
64,134,initial_gap_q4_q1_burden_contrast,A,-0.00099178440700273002,0.00064786005312962407,0.00064376105590955657,0.00064786005312962407,0.0063269794151783682,True,1.5308621085861169,-1,-0.0024671117732738821,-1,True,calibration__20210206T010000Z,0.68479926269546387,1.926985377363128,-0.721789651389386,-0.7149933183495093,gate_pass,74,64
64,134,initial_gap_q4_q1_burden_contrast,AB,-0.00065295243510253304,0.00050676658100287089,0.0005033953827804663,0.00050676658100287089,0.0066523688593141256,True,1.2884678263715934,-1,-0.00082236191093664412,-1,True,calibration__20210206T010000Z,0.48451246225485278,2.7139206751265288,-0.43153092808676197,-0.43268193023532403,gate_pass,74,64
64,134,initial_gap_q4_q1_burden_contrast,ABC,0.00065295243510253304,0.00050676658100287089,0.0005033953827804663,0.00050676658100287089,0.0066523688593141256,True,1.2884678263715934,1,0.00082236191093664401,1,True,calibration__20210206T010000Z,0.48451246225485278,2.7139206751265288,-0.43153092808676197,-0.43268193023532403,gate_pass,74,64
64,134,initial_gap_q4_q1_burden_contrast,AC,0.00099178440700273002,0.00064786005312962407,0.00064376105590955657,0.00064786005312962407,0.0063269794151783682,True,1.5308621085861169,1,0.0024671117732738821,1,True,calibration__20210206T010000Z,0.68479926269546387,1.926985377363128,-0.721789651389386,-0.7149933183495093,gate_pass,74,64
64,134,initial_gap_q4_q1_burden_contrast,B,-0.041926938224448151,0.015210278907780199,0.01492769866314541,0.015210278907780199,0.018578242144543893,True,2.7564871412714287,-1,-0.044926090079627223,-1,True,calibration__20210314T050000Z,0.048611216885524743,25.996258099335357,-0.47011410502914791,-0.60312435900948447,gate_pass,74,64
64,134,initial_gap_q4_q1_burden_contrast,BC,-0.00065295243510253304,0.00050676658100287089,0.0005033953827804663,0.00050676658100287089,0.0066523688593141256,True,1.2884678263715934,-1,-0.00082236191093664412,-1,True,calibration__20210206T010000Z,0.48451246225485278,2.7139206751265288,-0.43153092808676197,-0.43268193023532403,gate_pass,74,64
64,134,initial_gap_q4_q1_burden_contrast,C,-0.00099178440700273002,0.00064786005312962407,0.00064376105590955657,0.00064786005312962407,0.0063269794151783682,True,1.5308621085861169,-1,-0.0024671117732738821,-1,True,calibration__20210206T010000Z,0.68479926269546387,1.926985377363128,-0.721789651389386,-0.7149933183495093,gate_pass,74,64
64,134,maximum_downside_deviation_mean,A,-0.00047033361486486478,0.00010687682522310111,0.00010687682522310111,9.4728008604646975e-05,0.11367119666114678,True,4.4007072055430365,-1,-0.00047033361486486489,-1,True,calibration__20210206T010000Z,0.46963946869070217,3.5863070834113491,-0.55721628627896391,-0.54553784501085967,gate_pass,74,64
64,134,maximum_downside_deviation_mean,AB,-1.1721104567410859e-20,0.00011173506313061661,0.00010687682522310111,0.00011173506313061661,0.043479976395916879,True,1.0490086315796023e-16,-1,-0.00026129645270270269,-1,True,calibration__20210206T010000Z,0.46963946869070217,3.5863070834113491,-0.55721628627896391,-0.57573441830272654,gate_pass,74,64
64,134,maximum_downside_deviation_mean,ABC,1.1721104567410859e-20,0.00011173506313061661,0.00010687682522310111,0.00011173506313061661,0.043479976395916879,True,1.0490086315796023e-16,1,0.00026129645270270269,1,True,calibration__20210206T010000Z,0.46963946869070217,3.5863070834113491,-0.55721628627896391,-0.57573441830272654,gate_pass,74,64
64,134,maximum_downside_deviation_mean,AC,0.00047033361486486478,0.00010687682522310111,0.00010687682522310111,9.4728008604646975e-05,0.11367119666114678,True,4.4007072055430365,1,0.00047033361486486489,1,True,calibration__20210206T010000Z,0.46963946869070217,3.5863070834113491,-0.55721628627896391,-0.54553784501085967,gate_pass,74,64
64,134,maximum_downside_deviation_mean,B,-0.33702016469594598,0.0012574763184282761,0.0012574763184282761,0.0011894923600625025,0.054063808096797422,True,268.01313055118891,-1,-0.33858794341216214,-1,True,calibration__20210218T110000Z,0.087618055460364899,22.314696860219325,-0.4401980204120387,-0.52511811623715632,gate_pass,74,64
64,134,maximum_downside_deviation_mean,BC,0.00015677787162162162,0.00014289060939265641,0.00013881267310673684,0.00014289060939265641,0.028538868322085478,True,1.0971880677673065,1,-0.00026129645270270269,-1,False,calibration__20200511T090000Z,0.36839145106861643,4.111939813164831,-0.44999315500124365,-0.47208004805887788,gate_pass,74,64
64,134,maximum_downside_deviation_mean,C,-0.00062711148648647856,0.00014182481479535933,0.00013881267310673681,0.00014182481479535933,0.02123846728069962,True,4.4217331599646013,-1,-0.00047033361486485692,-1,True,calibration__20200511T090000Z,0.36839145106861648,4.111939813164831,-0.44999315500124365,-0.38049345709828181,gate_pass,74,64
64,134,recovery_completion_hours_mean,A,-1.7048669763513513,0.1619749311180031,0.1619749311180031,0.13689593738358663,0.15483256304733814,False,10.525499005209083,-1,-1.6921452702702702,-1,True,calibration__20210206T010000Z,0.40308374113501266,4.7232480871431495,-0.5442287830039183,-0.54149266704660015,gate_pass,74,64
64,134,recovery_completion_hours_mean,AB,-1.0490392736486487,0.17157805154387512,0.16163598396449724,0.17157805154387512,0.057944868180505822,True,6.1140644983976484,-1,-1.4016047297297298,-1,True,calibration__20210206T010000Z,0.40477602935204576,4.6887494156440841,-0.54095573411007813,-0.56759674449307873,gate_pass,74,64
64,134,recovery_completion_hours_mean,ABC,1.0490392736486487,0.17157805154387512,0.16163598396449724,0.17157805154387512,0.057944868180505822,True,6.1140644983976484,1,1.4016047297297298,1,True,calibration__20210206T010000Z,0.40477602935204576,4.6887494156440841,-0.54095573411007813,-0.56759674449307873,gate_pass,74,64
64,134,recovery_completion_hours_mean,AC,1.7048669763513513,0.1619749311180031,0.1619749311180031,0.13689593738358663,0.15483256304733814,False,10.525499005209083,1,1.6921452702702702,1,True,calibration__20210206T010000Z,0.40308374113501266,4.7232480871431495,-0.5442287830039183,-0.54149266704660015,gate_pass,74,64
64,134,recovery_completion_hours_mean,B,-460.99519636824323,1.7580635563869089,1.7580635563869089,1.6632128198501266,0.053951824547068816,True,262.21759429201711,-1,-463.17609797297297,-1,True,calibration__20210218T110000Z,0.088365615920859911,22.154544663388634,-0.44085122686768285,-0.5253724288728453,gate_pass,74,64
64,134,recovery_completion_hours_mean,BC,-0.998046875,0.2053688072999291,0.20286232243968003,0.2053688072999291,0.012204798251510978,True,4.8597783087010438,-1,-1.5772804054054055,-1,True,calibration__20200511T090000Z,0.33305302903182005,4.9001762384083252,-0.45207108656352984,-0.48972939615948446,gate_pass,74,64
64,134,recovery_completion_hours_mean,C,-2.0903188344594597,0.20782615273410529,0.20473999698268344,0.20782615273410529,0.014849698706448677,True,10.05801631296054,-1,-1.8678209459459461,-1,True,calibration__20200511T090000Z,0.32407975664596816,5.0069459514811223,-0.45296279465523143,-0.38665030238978787,gate_pass,74,64
64,171,failed_recovery_attempts_mean,A,-0.00031672297297297299,0.00014841326233837589,0.00014841326233837589,0.00014509803018080168,0.022337843029254546,True,2.1340611208374232,-1,-0.00031672297297297299,-1,True,calibration__20200505T100000Z,0.50602409638554224,2.4564093421287212,-0.58386366663541367,-0.57684097849526739,gate_pass,74,64
64,171,failed_recovery_attempts_mean,AB,0.00031672297297297299,0.00014841326233837589,0.00014841326233837589,0.00014509803018080168,0.022337843029254546,True,2.1340611208374232,1,0.00031672297297297299,1,True,calibration__20200505T100000Z,0.50602409638554224,2.4564093421287212,-0.58386366663541367,-0.57684097849526739,gate_pass,74,64
64,171,failed_recovery_attempts_mean,ABC,-0.00031672297297297299,0.00014841326233837589,0.00014841326233837589,0.00014509803018080168,0.022337843029254546,True,2.1340611208374232,-1,-0.00031672297297297299,-1,True,calibration__20200505T100000Z,0.50602409638554224,2.4564093421287212,-0.58386366663541367,-0.57684097849526739,gate_pass,74,64
64,171,failed_recovery_attempts_mean,AC,0.00031672297297297299,0.00014841326233837589,0.00014841326233837589,0.00014509803018080168,0.022337843029254546,True,2.1340611208374232,1,0.00031672297297297299,1,True,calibration__20200505T100000Z,0.50602409638554224,2.4564093421287212,-0.58386366663541367,-0.57684097849526739,gate_pass,74,64
64,171,failed_recovery_attempts_mean,B,-0.014041385135135136,0.0020348749226558683,0.0020348749226558683,0.0020290631280383744,0.002856094275272926,True,6.9003676731190282,-1,-0.013830236486486486,-1,True,calibration__20210212T030000Z,0.09690444145356665,22.730710513839597,-0.429403198744783,-0.48573554821542203,gate_pass,74,64
64,171,failed_recovery_attempts_mean,BC,0.00031672297297297299,0.00014841326233837589,0.00014841326233837589,0.00014509803018080168,0.022337843029254546,True,2.1340611208374232,1,0.00031672297297297299,1,True,calibration__20200505T100000Z,0.50602409638554224,2.4564093421287212,-0.58386366663541367,-0.57684097849526739,gate_pass,74,64
64,171,failed_recovery_attempts_mean,C,-0.00031672297297297299,0.00014841326233837589,0.00014841326233837589,0.00014509803018080168,0.022337843029254546,True,2.1340611208374232,-1,-0.00031672297297297299,-1,True,calibration__20200505T100000Z,0.50602409638554224,2.4564093421287212,-0.58386366663541367,-0.57684097849526739,gate_pass,74,64
64,171,first_six_hour_burden_mean,A,0,0,0,0,0,True,0,0,0,0,True,calibration__20200128T020000Z,0,74,,,gate_pass,74,64
64,171,first_six_hour_burden_mean,AB,0,0,0,0,0,True,0,0,0,0,True,calibration__20200128T020000Z,0,74,,,gate_pass,74,64
64,171,first_six_hour_burden_mean,ABC,0,0,0,0,0,True,0,0,0,0,True,calibration__20200128T020000Z,0,74,,,gate_pass,74,64
64,171,first_six_hour_burden_mean,AC,0,0,0,0,0,True,0,0,0,0,True,calibration__20200128T020000Z,0,74,,,gate_pass,74,64
64,171,first_six_hour_burden_mean,B,-9.250407405312406e-05,4.7343120010567392e-05,4.6838508799062318e-05,4.7343120010567392e-05,0.010658596463275776,True,1.9539074322198526,-1,-0.00014503476063432183,-1,True,calibration__20210302T170000Z,0.83500198971825135,1.4239120342770044,-0.35359917790133216,-0.48903178441367373,gate_pass,74,64
64,171,first_six_hour_burden_mean,BC,0,0,0,0,0,True,0,0,0,0,True,calibration__20200128T020000Z,0,74,,,gate_pass,74,64
64,171,first_six_hour_burden_mean,C,0,0,0,0,0,True,0,0,0,0,True,calibration__20200128T020000Z,0,74,,,gate_pass,74,64
64,171,initial_gap_q4_q1_burden_contrast,A,0,0,0,0,0,True,0,0,0,0,True,calibration__20200509T220000Z,0,38,,,gate_pass,74,64
64,171,initial_gap_q4_q1_burden_contrast,AB,0,0,0,0,0,True,0,0,0,0,True,calibration__20200509T220000Z,0,38,,,gate_pass,74,64
64,171,initial_gap_q4_q1_burden_contrast,ABC,0,0,0,0,0,True,0,0,0,0,True,calibration__20200509T220000Z,0,38,,,gate_pass,74,64
64,171,initial_gap_q4_q1_burden_contrast,AC,0,0,0,0,0,True,0,0,0,0,True,calibration__20200509T220000Z,0,38,,,gate_pass,74,64
64,171,initial_gap_q4_q1_burden_contrast,B,-9.7433158695518668e-05,5.6594408729704718e-05,5.6594408729704718e-05,5.570530651425481e-05,0.015710071637929222,True,1.7216039690574398,-1,-8.9362442235603148e-05,-1,True,calibration__20210421T210000Z,0.55903802291806137,2.4204008776224089,-0.52405691132772547,-0.52809993412450829,gate_pass,74,64
64,171,initial_gap_q4_q1_burden_contrast,BC,0,0,0,0,0,True,0,0,0,0,True,calibration__20200509T220000Z,0,38,,,gate_pass,74,64
64,171,initial_gap_q4_q1_burden_contrast,C,0,0,0,0,0,True,0,0,0,0,True,calibration__20200509T220000Z,0,38,,,gate_pass,74,64
64,171,maximum_downside_deviation_mean,A,-4.9629250010247259e-07,1.4836951371968022e-07,1.4836951371968022e-07,1.3812208610518002e-07,0.069066935366931481,True,3.3449762532762328,-1,-4.9758473463926731e-07,-1,True,calibration__20210616T110000Z,0.39337270516380896,3.8489462771176091,-0.53545874796115145,-0.51876040458130046,gate_pass,74,64
64,171,maximum_downside_deviation_mean,AB,4.9629250010247259e-07,1.4836951371968022e-07,1.4836951371968022e-07,1.3812208610518002e-07,0.069066935366931481,True,3.3449762532762328,1,4.9758473463926731e-07,1,True,calibration__20210616T110000Z,0.39337270516380896,3.8489462771176091,-0.53545874796115145,-0.51876040458130046,gate_pass,74,64
64,171,maximum_downside_deviation_mean,ABC,-4.9629250010247259e-07,1.4836951371968022e-07,1.4836951371968022e-07,1.3812208610518002e-07,0.069066935366931481,True,3.3449762532762328,-1,-4.9758473463926731e-07,-1,True,calibration__20210616T110000Z,0.39337270516380896,3.8489462771176091,-0.53545874796115145,-0.51876040458130046,gate_pass,74,64
64,171,maximum_downside_deviation_mean,AC,4.9629250010247259e-07,1.4836951371968022e-07,1.4836951371968022e-07,1.3812208610518002e-07,0.069066935366931481,True,3.3449762532762328,1,4.9758473463926731e-07,1,True,calibration__20210616T110000Z,0.39337270516380896,3.8489462771176091,-0.53545874796115145,-0.51876040458130046,gate_pass,74,64
64,171,maximum_downside_deviation_mean,B,-1.7080078156973368e-05,2.4390589130585503e-06,2.4390589130585503e-06,2.3442061017999298e-06,0.038889102165915387,True,7.0027329251982504,-1,-1.8436203546811121e-05,-1,True,calibration__20210328T190000Z,0.40572616221974367,5.378021263194789,-0.74904063897823436,-0.78169781650809145,gate_pass,74,64
64,171,maximum_downside_deviation_mean,BC,5.3973495845222683e-07,1.5105986837207542e-07,1.5105986837207542e-07,1.3900409547887962e-07,0.079807913399614752,True,3.5729870829941817,1,5.8446965133877569e-07,1,True,calibration__20210616T110000Z,0.39346342293477554,3.9517879220801282,-0.52009717306465453,-0.45022878020489732,gate_pass,74,64
64,171,maximum_downside_deviation_mean,C,-5.3973495845222683e-07,1.5105986837207542e-07,1.5105986837207542e-07,1.3900409547887962e-07,0.079807913399614752,True,3.5729870829941817,-1,-5.8446965133877569e-07,-1,True,calibration__20210616T110000Z,0.39346342293477554,3.9517879220801282,-0.52009717306465453,-0.45022878020489732,gate_pass,74,64
64,171,recovery_completion_hours_mean,A,-4.6422086148648649,0.16686592768225306,0.16686592768225306,0.16250550383900206,0.026131301361618533,True,27.819991051166433,-1,-4.4824746621621623,-1,True,calibration__20210920T030000Z,0.25684731939823202,5.6740924048354344,-0.44163768576726437,-0.48191985895023493,gate_pass,74,64
64,171,recovery_completion_hours_mean,AB,0.00073902027027027031,0.0032662565454825406,0.0032662565454825406,0.0025231131107590118,0.22752145288506126,False,0.2262591012002369,1,-0.00042229729729729732,-1,False,calibration__20210712T100000Z,0.39952488350110282,3.5632493740851916,-0.10293169756364368,-0.16120385898146525,gate_pass,74,64
64,171,recovery_completion_hours_mean,ABC,-0.00073902027027027031,0.0032662565454825406,0.0032662565454825406,0.0025231131107590118,0.22752145288506126,False,0.2262591012002369,-1,0.00042229729729729732,1,False,calibration__20210712T100000Z,0.39952488350110282,3.5632493740851916,-0.10293169756364368,-0.16120385898146525,gate_pass,74,64
64,171,recovery_completion_hours_mean,AC,4.6422086148648649,0.16686592768225306,0.16686592768225306,0.16250550383900206,0.026131301361618533,True,27.819991051166433,1,4.4824746621621623,1,True,calibration__20210920T030000Z,0.25684731939823202,5.6740924048354344,-0.44163768576726437,-0.48191985895023493,gate_pass,74,64
64,171,recovery_completion_hours_mean,B,-0.13682432432432431,0.025141119310315967,0.023698320105358966,0.025141119310315967,0.057388025853128501,True,5.4422526950970802,-1,-0.091005067567567571,-1,True,calibration__20210702T030000Z,0.13344711929664399,15.745645935447389,-0.32229669961609336,-0.47265744137011018,gate_pass,74,64
64,171,recovery_completion_hours_mean,BC,0,0.0035048626314957312,0.0035048626314957312,0.0028293568753155664,0.19273387496270766,False,0,0,-0.0019003378378378379,-1,False,calibration__20210712T100000Z,0.34697838203735981,4.3390433775374158,-0.27792605369445661,-0.32859612659782533,gate_pass,74,64
64,171,recovery_completion_hours_mean,C,-5.4022381756756754,0.18143737398300233,0.16971792515883746,0.18143737398300233,0.06459225333179032,True,29.774671320925176,-1,-5.3686655405405403,-1,True,calibration__20210920T030000Z,0.27177671700744715,5.4922342599049863,-0.45176993827253425,-0.51818994040448607,gate_pass,74,64
64,193,failed_recovery_attempts_mean,A,-0.01488597972972973,0.0017186254852301212,0.0017020490035907338,0.0017186254852301212,0.0096451971542641218,True,8.6615611473587109,-1,-0.016680743243243243,-1,True,calibration__20210712T100000Z,0.23412928639042424,7.984852405993335,-0.39067571519379207,-0.40063378822739137,gate_pass,74,64
64,193,failed_recovery_attempts_mean,AB,0.01488597972972973,0.0017186254852301212,0.0017020490035907338,0.0017186254852301212,0.0096451971542641218,True,8.6615611473587109,1,0.016680743243243243,1,True,calibration__20210712T100000Z,0.23412928639042424,7.984852405993335,-0.39067571519379207,-0.40063378822739137,gate_pass,74,64
64,193,failed_recovery_attempts_mean,ABC,-0.01488597972972973,0.0017186254852301212,0.0017020490035907338,0.0017186254852301212,0.0096451971542641218,True,8.6615611473587109,-1,-0.016680743243243243,-1,True,calibration__20210712T100000Z,0.23412928639042424,7.984852405993335,-0.39067571519379207,-0.40063378822739137,gate_pass,74,64
64,193,failed_recovery_attempts_mean,AC,0.01488597972972973,0.0017186254852301212,0.0017020490035907338,0.0017186254852301212,0.0096451971542641218,True,8.6615611473587109,1,0.016680743243243243,1,True,calibration__20210712T100000Z,0.23412928639042424,7.984852405993335,-0.39067571519379207,-0.40063378822739137,gate_pass,74,64
64,193,failed_recovery_attempts_mean,B,-0.11275337837837837,0.0078706023217959293,0.0078706023217959293,0.0071009517416171595,0.097788015289171595,True,14.325889400628501,-1,-0.10705236486486487,-1,True,calibration__20210404T190000Z,0.0884221529480477,30.090737625980765,-0.42226453164853289,-0.40161662603118764,gate_pass,74,64
64,193,failed_recovery_attempts_mean,BC,0.01583614864864865,0.0019210788378316696,0.0019187059543307656,0.0019210788378316696,0.0012351827807245445,True,8.2433621862822566,1,0.016680743243243243,1,True,calibration__20200509T220000Z,0.22604945094552706,7.50205040379499,-0.54570806650271864,-0.57948299857431129,gate_pass,74,64
64,193,failed_recovery_attempts_mean,C,-0.01583614864864865,0.0019210788378316696,0.0019187059543307656,0.0019210788378316696,0.0012351827807245445,True,8.2433621862822566,-1,-0.016680743243243243,-1,True,calibration__20200509T220000Z,0.22604945094552706,7.50205040379499,-0.54570806650271864,-0.57948299857431129,gate_pass,74,64
64,193,first_six_hour_burden_mean,A,-2.041969015600791e-05,1.1763921664886496e-05,1.1763921664886496e-05,1.1582895446827053e-05,0.015388254292765234,True,1.7357893683496344,-1,-3.9587372917124243e-05,-1,True,calibration__20200511T090000Z,0.67899699769729516,1.9427522385372165,-0.71682325611949349,-0.69644332587299984,gate_pass,74,64
64,193,first_six_hour_burden_mean,AB,2.041969015600791e-05,1.1763921664886496e-05,1.1763921664886496e-05,1.1582895446827053e-05,0.015388254292765234,True,1.7357893683496344,1,3.9587372917124243e-05,1,True,calibration__20200511T090000Z,0.67899699769729516,1.9427522385372165,-0.71682325611949349,-0.69644332587299984,gate_pass,74,64
64,193,first_six_hour_burden_mean,ABC,-2.041969015600791e-05,1.1763921664886496e-05,1.1763921664886496e-05,1.1582895446827053e-05,0.015388254292765234,True,1.7357893683496344,-1,-3.9587372917124243e-05,-1,True,calibration__20200511T090000Z,0.67899699769729516,1.9427522385372165,-0.71682325611949349,-0.69644332587299984,gate_pass,74,64
64,193,first_six_hour_burden_mean,AC,2.041969015600791e-05,1.1763921664886496e-05,1.1763921664886496e-05,1.1582895446827053e-05,0.015388254292765234,True,1.7357893683496344,1,3.9587372917124243e-05,1,True,calibration__20200511T090000Z,0.67899699769729516,1.9427522385372165,-0.71682325611949349,-0.69644332587299984,gate_pass,74,64
64,193,first_six_hour_burden_mean,B,-0.015255688492450922,0.0015782649725878456,0.0014330722623766415,0.0015782649725878456,0.091995141964745494,True,9.6661135851203195,-1,-0.017095488231281691,-1,True,calibration__20210715T050000Z,0.30521153913204557,7.8999302394661033,-0.54065195126549237,-0.61903379832568428,gate_pass,74,64
64,193,first_six_hour_burden_mean,BC,2.041969015600792e-05,1.1763921664886498e-05,1.1763921664886498e-05,1.1582895446827053e-05,0.015388254292765377,True,1.735789368349635,1,3.9587372917124263e-05,1,True,calibration__20200511T090000Z,0.67899699769729494,1.9427522385372173,-0.26009257422612797,-0.23557448525839389,gate_pass,74,64
64,193,first_six_hour_burden_mean,C,-2.041969015600792e-05,1.1763921664886498e-05,1.1763921664886498e-05,1.1582895446827053e-05,0.015388254292765377,True,1.735789368349635,-1,-3.9587372917124263e-05,-1,True,calibration__20200511T090000Z,0.67899699769729494,1.9427522385372173,-0.26009257422612797,-0.23557448525839389,gate_pass,74,64
64,193,initial_gap_q4_q1_burden_contrast,A,3.6050559321193455e-05,2.574478019864348e-05,2.574478019864348e-05,2.5547700313094029e-05,0.0076551395672756649,True,1.400305578180582,1,7.210111864238691e-05,1,True,calibration__20210605T110000Z,0.63852463695302686,1.8574305064950731,-0.58474018255198712,-0.57126357962608498,gate_pass,74,64
64,193,initial_gap_q4_q1_burden_contrast,AB,-3.6050559321193455e-05,2.574478019864348e-05,2.574478019864348e-05,2.5547700313094029e-05,0.0076551395672756649,True,1.400305578180582,-1,-7.210111864238691e-05,-1,True,calibration__20210605T110000Z,0.63852463695302686,1.8574305064950731,-0.58474018255198712,-0.57126357962608498,gate_pass,74,64
64,193,initial_gap_q4_q1_burden_contrast,ABC,3.6050559321193455e-05,2.574478019864348e-05,2.574478019864348e-05,2.5547700313094029e-05,0.0076551395672756649,True,1.400305578180582,1,7.210111864238691e-05,1,True,calibration__20210605T110000Z,0.63852463695302686,1.8574305064950731,-0.58474018255198712,-0.57126357962608498,gate_pass,74,64
64,193,initial_gap_q4_q1_burden_contrast,AC,-3.6050559321193455e-05,2.574478019864348e-05,2.574478019864348e-05,2.5547700313094029e-05,0.0076551395672756649,True,1.400305578180582,-1,-7.210111864238691e-05,-1,True,calibration__20210605T110000Z,0.63852463695302686,1.8574305064950731,-0.58474018255198712,-0.57126357962608498,gate_pass,74,64
64,193,initial_gap_q4_q1_burden_contrast,B,0.029914351054780849,0.0050421328683931087,0.004726152669584237,0.0050421328683931087,0.062667963549634165,True,5.9328763909219111,1,0.030435735368511983,1,True,calibration__20210715T050000Z,0.4256747343194483,4.4189695325578588,-0.49876719627090138,-0.52399628220874739,gate_pass,74,64
64,193,initial_gap_q4_q1_burden_contrast,BC,-3.6050559321193475e-05,2.5744780198643493e-05,2.5744780198643493e-05,2.5547700313094043e-05,0.0076551395672756614,True,1.400305578180582,-1,-7.210111864238695e-05,-1,True,calibration__20210605T110000Z,0.63852463695302619,1.8574305064950738,-0.5847401825519869,-0.5712635796260872,gate_pass,74,64
64,193,initial_gap_q4_q1_burden_contrast,C,3.6050559321193475e-05,2.5744780198643493e-05,2.5744780198643493e-05,2.5547700313094043e-05,0.0076551395672756614,True,1.400305578180582,1,7.210111864238695e-05,1,True,calibration__20210605T110000Z,0.63852463695302619,1.8574305064950738,-0.5847401825519869,-0.5712635796260872,gate_pass,74,64
64,193,maximum_downside_deviation_mean,A,-0.0049149393531739607,0.00031118853197322811,0.0002752096022572624,0.00031118853197322811,0.11561778799438863,True,15.7940889466865,-1,-0.0050187977821405851,-1,True,calibration__20210920T030000Z,0.14288257051449463,10.603173706672987,-0.47812291050763844,-0.57388201835354591,gate_pass,74,64
64,193,maximum_downside_deviation_mean,AB,0.0049149393531739607,0.00031118853197322811,0.0002752096022572624,0.00031118853197322811,0.11561778799438863,True,15.7940889466865,1,0.0050187977821405851,1,True,calibration__20210920T030000Z,0.14288257051449463,10.603173706672987,-0.47812291050763844,-0.57388201835354591,gate_pass,74,64
64,193,maximum_downside_deviation_mean,ABC,-0.0049149393531739607,0.00031118853197322811,0.0002752096022572624,0.00031118853197322811,0.11561778799438863,True,15.7940889466865,-1,-0.0050187977821405851,-1,True,calibration__20210920T030000Z,0.14288257051449463,10.603173706672987,-0.47812291050763844,-0.57388201835354591,gate_pass,74,64
64,193,maximum_downside_deviation_mean,AC,0.0049149393531739607,0.00031118853197322811,0.0002752096022572624,0.00031118853197322811,0.11561778799438863,True,15.7940889466865,1,0.0050187977821405851,1,True,calibration__20210920T030000Z,0.14288257051449463,10.603173706672987,-0.47812291050763844,-0.57388201835354591,gate_pass,74,64
64,193,maximum_downside_deviation_mean,B,-0.033808939396041973,0.001522621180366443,0.001522621180366443,0.0013024925808781649,0.14457213805163316,True,22.204432613964634,-1,-0.032869695423551386,-1,True,calibration__20210715T050000Z,0.074679593520641172,31.718468408893472,-0.47795731782400902,-0.56691676184048556,gate_pass,74,64
64,193,maximum_downside_deviation_mean,BC,0.0058559986156038911,0.00031576502874766459,0.00031048312659338049,0.00031576502874766459,0.0167273183329779,True,18.545431198727076,1,0.006273225911161355,1,True,calibration__20200509T220000Z,0.16531448840988922,9.5437049170158996,-0.54792328291947923,-0.60861262540719563,gate_pass,74,64
64,193,maximum_downside_deviation_mean,C,-0.0058559986156038911,0.00031576502874766459,0.00031048312659338049,0.00031576502874766459,0.0167273183329779,True,18.545431198727076,-1,-0.006273225911161355,-1,True,calibration__20200509T220000Z,0.16531448840988922,9.5437049170158996,-0.54792328291947923,-0.60861262540719563,gate_pass,74,64
64,193,recovery_completion_hours_mean,A,-9.2280405405405403,0.43908246107532106,0.39726898892547741,0.43908246107532106,0.09522920147491587,True,21.016645752465035,-1,-9.202597128378379,-1,True,calibration__20210920T030000Z,0.15942135784592146,10.557736758379972,-0.47075422540950884,-0.56354488582813322,gate_pass,74,64
64,193,recovery_completion_hours_mean,AB,4.5865709459459456,0.37133137312147435,0.34098359637683628,0.37133137312147435,0.081726939712983365,True,12.35169252570946,1,4.7197001689189193,1,True,calibration__20210920T030000Z,0.15182754785137589,9.7805179388594272,-0.4793865662014381,-0.57528704591800051,gate_pass,74,64
64,193,recovery_completion_hours_mean,ABC,-4.5865709459459456,0.37133137312147435,0.34098359637683628,0.37133137312147435,0.081726939712983365,True,12.35169252570946,-1,-4.7197001689189193,-1,True,calibration__20210920T030000Z,0.15182754785137589,9.7805179388594272,-0.4793865662014381,-0.57528704591800051,gate_pass,74,64
64,193,recovery_completion_hours_mean,AC,9.2280405405405403,0.43908246107532106,0.39726898892547741,0.43908246107532106,0.09522920147491587,True,21.016645752465035,1,9.202597128378379,1,True,calibration__20210920T030000Z,0.15942135784592146,10.557736758379972,-0.47075422540950884,-0.56354488582813322,gate_pass,74,64
64,193,recovery_completion_hours_mean,B,-41.186655405405403,1.9873514638526004,1.9873514638526004,1.7039757038195382,0.14258965522068312,True,20.724394328098661,-1,-39.932326858108105,-1,True,calibration__20210715T050000Z,0.086126033088533754,32.272105137514572,-0.4759038899068071,-0.60563448669222897,gate_pass,74,64
64,193,recovery_completion_hours_mean,BC,5.5187922297297298,0.38719556352773621,0.38719556352773621,0.36682776764697506,0.052603381338335337,True,14.253242416953466,1,5.9205025337837842,1,True,calibration__20200509T220000Z,0.18301672395274551,8.3229977452574655,-0.5373497124632044,-0.56625699740319846,gate_pass,74,64
64,193,recovery_completion_hours_mean,C,-10.921030405405405,0.43996866386260736,0.43996866386260736,0.4266410455949583,0.030292198882170801,True,24.822291454865535,-1,-11.291068412162161,-1,True,calibration__20210920T030000Z,0.17572189231654667,9.297149408974553,-0.52502098995258595,-0.54677716998528392,gate_pass,74,64
64,203,failed_recovery_attempts_mean,A,0,0.00038366280623268408,0.00035962239116308807,0.00038366280623268408,0.062660270109727453,True,0,0,-0.00031672297297297299,-1,False,calibration__20210926T070000Z,0.24042407660738715,7.7394830795078446,-0.57327592994006737,-0.65683488041201954,gate_pass,74,64
64,203,failed_recovery_attempts_mean,AB,0,0.00038366280623268408,0.00035962239116308807,0.00038366280623268408,0.062660270109727453,True,0,0,0.00031672297297297299,1,False,calibration__20210926T070000Z,0.24042407660738715,7.7394830795078446,-0.57327592994006737,-0.65683488041201954,gate_pass,74,64
64,203,failed_recovery_attempts_mean,ABC,0,0.00038366280623268408,0.00035962239116308807,0.00038366280623268408,0.062660270109727453,True,0,0,-0.00031672297297297299,-1,False,calibration__20210926T070000Z,0.24042407660738715,7.7394830795078446,-0.57327592994006737,-0.65683488041201954,gate_pass,74,64
64,203,failed_recovery_attempts_mean,AC,0,0.00038366280623268408,0.00035962239116308807,0.00038366280623268408,0.062660270109727453,True,0,0,0.00031672297297297299,1,False,calibration__20210926T070000Z,0.24042407660738715,7.7394830795078446,-0.57327592994006737,-0.65683488041201954,gate_pass,74,64
64,203,failed_recovery_attempts_mean,B,-0.30679898648648651,0.0076055280238178247,0.0076055280238178247,0.0066846802366313553,0.12107611520235016,True,40.338946293498701,-1,-0.31492820945945948,-1,True,calibration__20210212T030000Z,0.037143180476585186,59.624358740205018,-0.51714834667139586,-0.50890937373486766,gate_pass,74,64
64,203,failed_recovery_attempts_mean,BC,0,0.00038366280623268408,0.00035962239116308807,0.00038366280623268408,0.062660270109727453,True,0,0,0.00031672297297297299,1,False,calibration__20210926T070000Z,0.24042407660738715,7.7394830795078446,-0.57377955766043376,-0.65876961347941665,gate_pass,74,64
64,203,failed_recovery_attempts_mean,C,0,0.00038366280623268408,0.00035962239116308807,0.00038366280623268408,0.062660270109727453,True,0,0,-0.00031672297297297299,-1,False,calibration__20210926T070000Z,0.24042407660738715,7.7394830795078446,-0.57377955766043376,-0.65876961347941665,gate_pass,74,64
64,203,first_six_hour_burden_mean,A,-7.3767375938045831e-05,1.9030276434835196e-05,1.8720785739340668e-05,1.9030276434835196e-05,0.0162630688289951,True,3.8763165732586828,-1,-6.5155380349058532e-05,-1,True,calibration__20210306T130000Z,0.30340025187929009,4.2907204987266612,-0.3855128699556043,-0.37488513939672424,gate_pass,74,64
64,203,first_six_hour_burden_mean,AB,7.3767375938045831e-05,1.9030276434835196e-05,1.8720785739340668e-05,1.9030276434835196e-05,0.0162630688289951,True,3.8763165732586828,1,6.5155380349058532e-05,1,True,calibration__20210306T130000Z,0.30340025187929009,4.2907204987266612,-0.3855128699556043,-0.37488513939672424,gate_pass,74,64
64,203,first_six_hour_burden_mean,ABC,-7.3767375938045831e-05,1.9030276434835196e-05,1.8720785739340668e-05,1.9030276434835196e-05,0.0162630688289951,True,3.8763165732586828,-1,-6.5155380349058532e-05,-1,True,calibration__20210306T130000Z,0.30340025187929009,4.2907204987266612,-0.3855128699556043,-0.37488513939672424,gate_pass,74,64
64,203,first_six_hour_burden_mean,AC,7.3767375938045831e-05,1.9030276434835196e-05,1.8720785739340668e-05,1.9030276434835196e-05,0.0162630688289951,True,3.8763165732586828,1,6.5155380349058532e-05,1,True,calibration__20210306T130000Z,0.30340025187929009,4.2907204987266612,-0.3855128699556043,-0.37488513939672424,gate_pass,74,64
64,203,first_six_hour_burden_mean,B,-0.1359960131576827,0.004257014835700579,0.0040446404393167995,0.004257014835700579,0.049888103419970568,True,31.946332913190744,-1,-0.13368644917073133,-1,True,calibration__20200520T160000Z,0.041799252629646767,38.808824474604322,-0.50584269847353402,-0.47226451929281288,gate_pass,74,64
64,203,first_six_hour_burden_mean,BC,8.0083864628152738e-05,1.9231061887799192e-05,1.9228739886131579e-05,1.9231061887799192e-05,0.00012074224924034763,True,4.1642975876938202,1,7.2632897101265647e-05,1,True,calibration__20210306T130000Z,0.28758248577423162,4.6156703456060706,-0.41559612256623707,-0.39058647829338372,gate_pass,74,64
64,203,first_six_hour_burden_mean,C,-8.0083864628152738e-05,1.9231061887799192e-05,1.9228739886131579e-05,1.9231061887799192e-05,0.00012074224924034763,True,4.1642975876938202,-1,-7.2632897101265647e-05,-1,True,calibration__20210306T130000Z,0.28758248577423162,4.6156703456060706,-0.41559612256623707,-0.39058647829338372,gate_pass,74,64
64,203,initial_gap_q4_q1_burden_contrast,A,8.852614595078668e-05,4.769427493492027e-05,4.769427493492027e-05,4.705875065712848e-05,0.013324959414080097,True,1.8561168205530383,1,4.1205188145214987e-05,1,True,calibration__20210306T130000Z,0.70906788912770213,1.7087670269702007,0.6893562260169066,0.54324002169251362,gate_pass,74,64
64,203,initial_gap_q4_q1_burden_contrast,AB,-8.852614595078668e-05,4.769427493492027e-05,4.769427493492027e-05,4.705875065712848e-05,0.013324959414080097,True,1.8561168205530383,-1,-4.1205188145214987e-05,-1,True,calibration__20210306T130000Z,0.70906788912770213,1.7087670269702007,0.6893562260169066,0.54324002169251484,gate_pass,74,64
64,203,initial_gap_q4_q1_burden_contrast,ABC,8.852614595078668e-05,4.769427493492027e-05,4.769427493492027e-05,4.705875065712848e-05,0.013324959414080097,True,1.8561168205530383,1,4.1205188145214987e-05,1,True,calibration__20210306T130000Z,0.70906788912770213,1.7087670269702007,0.6893562260169066,0.54324002169251484,gate_pass,74,64
64,203,initial_gap_q4_q1_burden_contrast,AC,-8.852614595078668e-05,4.769427493492027e-05,4.769427493492027e-05,4.705875065712848e-05,0.013324959414080097,True,1.8561168205530383,-1,-4.1205188145214987e-05,-1,True,calibration__20210306T130000Z,0.70906788912770213,1.7087670269702007,0.6893562260169066,0.54324002169251484,gate_pass,74,64
64,203,initial_gap_q4_q1_burden_contrast,B,0.10453905841964943,0.010913145665892215,0.010913145665892215,0.010325778576977607,0.053821978272530241,True,9.5791865718767291,1,0.094451473810058265,1,True,calibration__20200520T160000Z,0.087093288575502636,18.541856421780206,-0.49352960543576196,-0.58292374670153047,gate_pass,74,64
64,203,initial_gap_q4_q1_burden_contrast,BC,-8.852614595078672e-05,4.7694274934920277e-05,4.7694274934920277e-05,4.705875065712848e-05,0.013324959414080238,True,1.8561168205530389,-1,-4.120518814521502e-05,-1,True,calibration__20210306T130000Z,0.70906788912770191,1.7087670269702018,0.68935622601690683,0.54324002169251528,gate_pass,74,64
64,203,initial_gap_q4_q1_burden_contrast,C,8.852614595078672e-05,4.7694274934920277e-05,4.7694274934920277e-05,4.705875065712848e-05,0.013324959414080238,True,1.8561168205530389,1,4.120518814521502e-05,1,True,calibration__20210306T130000Z,0.70906788912770191,1.7087670269702018,0.68935622601690683,0.54324002169251528,gate_pass,74,64
64,203,maximum_downside_deviation_mean,A,-0.0012542002319335594,0.00017611296223903218,0.00017611296223903218,0.00015356417474979677,0.12803593331551999,True,7.1215668397609244,-1,-0.0011496589098130647,-1,True,calibration__20200505T100000Z,0.23163236442445106,7.2035848132371862,-0.52283665430796178,-0.47903676276690405,gate_pass,74,64
64,203,maximum_downside_deviation_mean,AB,0.00067934803598761347,0.00016997540511067951,0.00016997540511067951,0.00014766245809665429,0.13127162132366235,True,3.9967431496648347,1,0.00073158458548874036,1,True,calibration__20200505T100000Z,0.24866216727049642,7.4840361746258441,-0.45118135810009841,-0.38246975040322817,gate_pass,74,64
64,203,maximum_downside_deviation_mean,ABC,-0.00067934803598761347,0.00016997540511067951,0.00016997540511067951,0.00014766245809665429,0.13127162132366235,True,3.9967431496648347,-1,-0.00073158458548874036,-1,True,calibration__20200505T100000Z,0.24866216727049642,7.4840361746258441,-0.45118135810009841,-0.38246975040322817,gate_pass,74,64
64,203,maximum_downside_deviation_mean,AC,0.0012542002319335594,0.00017611296223903218,0.00017611296223903218,0.00015356417474979677,0.12803593331551999,True,7.1215668397609244,1,0.0011496589098130647,1,True,calibration__20200505T100000Z,0.23163236442445106,7.2035848132371862,-0.52283665430796178,-0.47903676276690405,gate_pass,74,64
64,203,maximum_downside_deviation_mean,B,-0.29970751670516566,0.0024292744882198074,0.0024292744882198074,0.0022394609875531347,0.078135880316171927,True,123.37326150606958,-1,-0.30320898684328834,-1,True,calibration__20200524T160000Z,0.0300879943591781,47.934668749471712,-0.48479145707345866,-0.52501563515205929,gate_pass,74,64
64,203,maximum_downside_deviation_mean,BC,0.00078386661706869457,0.00018440961835004013,0.00018440961835004013,0.00016643269286809135,0.097483665129795949,True,4.2506818466528431,1,0.00073158458548874036,1,True,calibration__20200505T100000Z,0.21125876970880406,7.6904510716803145,-0.39770792145950828,-0.31301442622799158,gate_pass,74,64
64,203,maximum_downside_deviation_mean,C,-0.0013587188130146372,0.00019008167840713796,0.00019008167840713796,0.00016604278680819166,0.12646611604226865,True,7.1480787859226655,-1,-0.0011496589098130613,-1,True,calibration__20200505T100000Z,0.19883890743864216,7.5729029307594677,-0.47304633646042343,-0.43214027422237206,gate_pass,74,64
64,203,recovery_completion_hours_mean,A,-2.7611908783783785,0.25359127850017721,0.25359127850017721,0.2260752274419518,0.10850551020904366,True,10.888351108559315,-1,-2.6159206081081079,-1,True,calibration__20200505T100000Z,0.19546247140564965,8.1547576285644165,-0.51623151434831149,-0.50596604277996782,gate_pass,74,64
64,203,recovery_completion_hours_mean,AB,-0.15614442567567569,0.23257903384479081,0.23257903384479081,0.21521199466252014,0.07467155957772352,True,0.67136071164470068,-1,-0.050464527027027029,-1,True,calibration__20200505T100000Z,0.19822752325882462,8.6470075083726012,-0.44053862222990325,-0.36197344461483294,gate_pass,74,64
64,203,recovery_completion_hours_mean,ABC,0.15614442567567569,0.23257903384479081,0.23257903384479081,0.21521199466252014,0.07467155957772352,True,0.67136071164470068,1,0.050464527027027029,1,True,calibration__20200505T100000Z,0.19822752325882462,8.6470075083726012,-0.44053862222990325,-0.36197344461483294,gate_pass,74,64
64,203,recovery_completion_hours_mean,AC,2.7611908783783785,0.25359127850017721,0.25359127850017721,0.2260752274419518,0.10850551020904366,True,10.888351108559315,1,2.6159206081081079,1,True,calibration__20200505T100000Z,0.19546247140564965,8.1547576285644165,-0.51623151434831149,-0.50596604277996782,gate_pass,74,64
64,203,recovery_completion_hours_mean,B,-409.32717483108109,3.3642018298557983,3.3642018298557983,3.1055374525229884,0.076887294643644244,True,121.67140841506121,-1,-414.07981418918916,-1,True,calibration__20210827T000000Z,0.030655445305822534,47.86400995137862,-0.48404035599746148,-0.52131167779706611,gate_pass,74,64
64,203,recovery_completion_hours_mean,BC,-0.17219172297297297,0.25298487898837568,0.25298487898837568,0.23766615581134556,0.060551931950581103,True,0.68064037527272514,-1,-0.22170608108108109,-1,True,calibration__20200509T220000Z,0.18718326901601096,8.1647318614503703,-0.39485899798840973,-0.30867258570209771,gate_pass,74,64
64,203,recovery_completion_hours_mean,C,-3.0796030405405403,0.27468137306360019,0.27468137306360019,0.24580253532330526,0.1051357702861354,True,11.21154669569634,-1,-2.7960304054054053,-1,True,calibration__20200509T220000Z,0.17443586946191081,8.0918739106406807,-0.46693897555984126,-0.46758768674135243,gate_pass,74,64
64,222,failed_recovery_attempts_mean,A,-0.001002956081081081,0.00036614322998811962,0.00036298885577216278,0.00036614322998811962,0.0086151373495535841,True,2.7392451885936122,-1,-0.0014780405405405406,-1,True,calibration__20200317T160000Z,0.28163813360188,6.3130345520806559,-0.48288661923146214,-0.47251189192909898,gate_pass,74,64
64,222,failed_recovery_attempts_mean,AB,0.00068623310810810815,0.00037756192614075122,0.00036298885577216278,0.00037756192614075122,0.038597828222636368,True,1.8175378940414861,1,0.00084459459459459464,1,True,calibration__20200317T160000Z,0.28163813360188,6.3130345520806559,-0.48288661923146214,-0.46103462608471196,gate_pass,74,64
64,222,failed_recovery_attempts_mean,ABC,-0.00068623310810810815,0.00037756192614075122,0.00036298885577216278,0.00037756192614075122,0.038597828222636368,True,1.8175378940414861,-1,-0.00084459459459459464,-1,True,calibration__20200317T160000Z,0.28163813360188,6.3130345520806559,-0.48288661923146214,-0.46103462608471196,gate_pass,74,64
64,222,failed_recovery_attempts_mean,AC,0.001002956081081081,0.00036614322998811962,0.00036298885577216278,0.00036614322998811962,0.0086151373495535841,True,2.7392451885936122,1,0.0014780405405405406,1,True,calibration__20200317T160000Z,0.28163813360188,6.3130345520806559,-0.48288661923146214,-0.47251189192909898,gate_pass,74,64
64,222,failed_recovery_attempts_mean,B,-0.2341110641891892,0.0069462611716151817,0.0061391200503324384,0.0069462611716151817,0.11619792307565403,True,33.703176198707837,-1,-0.24366554054054054,-1,True,calibration__20210827T000000Z,0.028841312927541139,50.216949229398409,-0.51156290703666141,-0.64067187717016127,gate_pass,74,64
64,222,failed_recovery_attempts_mean,BC,0.00079180743243243248,0.00041718665581437942,0.00037709305054708518,0.00041718665581437942,0.096104716458460374,True,1.8979692216827151,1,0.00084459459459459464,1,True,calibration__20200317T160000Z,0.26096423017107323,6.3213668679764528,-0.45768631023192052,-0.41380122169579975,gate_pass,74,64
64,222,failed_recovery_attempts_mean,C,-0.0011085304054054054,0.0004055749556912776,0.00037709305054708518,0.0004055749556912776,0.070225995822761678,True,2.7332318967180393,-1,-0.0014780405405405406,-1,True,calibration__20200317T160000Z,0.26096423017107323,6.3213668679764528,-0.45768631023192052,-0.42483539541332066,gate_pass,74,64
64,222,first_six_hour_burden_mean,A,-0.00055554660391007535,0.00015008463193367502,0.00014523069149567866,0.00015008463193367502,0.032341355510279023,True,3.7015555607024506,-1,-0.00064524782998901626,-1,True,calibration__20210317T020000Z,0.25623945289896549,5.2122935336111107,-0.47722963727724016,-0.47263765044281991,gate_pass,74,64
64,222,first_six_hour_burden_mean,AB,0.00049984699613554002,0.00014089177744087289,0.00013980888562014864,0.00014089177744087289,0.0076859831027307063,True,3.5477371725635831,1,0.00053384861443994572,1,True,calibration__20210317T020000Z,0.27649880624659345,4.8445054442375186,-0.41346050405892576,-0.43207884407571151,gate_pass,74,64
64,222,first_six_hour_burden_mean,ABC,-0.00049984699613554002,0.00014089177744087289,0.00013980888562014864,0.00014089177744087289,0.0076859831027307063,True,3.5477371725635831,-1,-0.00053384861443994572,-1,True,calibration__20210317T020000Z,0.27649880624659345,4.8445054442375186,-0.41346050405892576,-0.43207884407571151,gate_pass,74,64
64,222,first_six_hour_burden_mean,AC,0.00055554660391007535,0.00015008463193367502,0.00014523069149567866,0.00015008463193367502,0.032341355510279023,True,3.7015555607024506,1,0.00064524782998901626,1,True,calibration__20210317T020000Z,0.25623945289896549,5.2122935336111107,-0.47722963727724016,-0.47263765044281991,gate_pass,74,64
64,222,first_six_hour_burden_mean,B,-0.3052915755917176,0.0065122420711606274,0.0055404733532990373,0.0065122420711606274,0.14922183592729979,True,46.879641797054362,-1,-0.30425210845379452,-1,True,calibration__20201112T180000Z,0.023503336424238727,53.056091784767744,-0.48606581172862434,-0.67135949424024854,gate_pass,74,64
64,222,first_six_hour_burden_mean,BC,0.00050761535206589044,0.00014061192021374812,0.00013978961710242274,0.00014061192021374812,0.0058480327277757142,True,3.6100449470731224,1,0.00053816776287136177,1,True,calibration__20210317T020000Z,0.27657503636217462,4.8420901498015398,-0.4135052194692565,-0.43282579069976163,gate_pass,74,64
64,222,first_six_hour_burden_mean,C,-0.00056331495984042565,0.00014977609812297669,0.00014521214241105024,0.00014977609812297669,0.030471856118051071,True,3.7610471023080367,-1,-0.00064956697842043221,-1,True,calibration__20210317T020000Z,0.25630492002571492,5.2098845215395428,-0.47727103826620204,-0.47337534801783687,gate_pass,74,64
64,222,initial_gap_q4_q1_burden_contrast,A,-0.00033920319529063495,0.0002389163347490925,0.0002389163347490925,0.00023852839165639737,0.0016237612765261399,True,1.419757236971104,-1,-0.00072311273346020114,-1,True,calibration__20210206T010000Z,0.76284706680354453,1.6600512396935017,-0.74585452365938643,-0.74169838779247776,gate_pass,74,64
64,222,initial_gap_q4_q1_burden_contrast,AB,0.00012226788080033993,0.00018409057500309818,0.00018340784384875629,0.00018409057500309818,0.0037086697911090359,True,0.66417240968627644,1,0.00028924210447961115,1,True,calibration__20210206T010000Z,0.59757553346223458,2.403862847262932,-0.61481086190166134,-0.61063287276678557,gate_pass,74,64
64,222,initial_gap_q4_q1_burden_contrast,ABC,-0.00012226788080033993,0.00018409057500309818,0.00018340784384875629,0.00018409057500309818,0.0037086697911090359,True,0.66417240968627644,-1,-0.00028924210447961115,-1,True,calibration__20210206T010000Z,0.59757553346223458,2.403862847262932,-0.61481086190166134,-0.61063287276678557,gate_pass,74,64
64,222,initial_gap_q4_q1_burden_contrast,AC,0.00033920319529063495,0.0002389163347490925,0.0002389163347490925,0.00023852839165639737,0.0016237612765261399,True,1.419757236971104,1,0.00072311273346020114,1,True,calibration__20210206T010000Z,0.76284706680354453,1.6600512396935017,-0.74585452365938643,-0.74169838779247776,gate_pass,74,64
64,222,initial_gap_q4_q1_burden_contrast,B,0.019927796008803789,0.015405564636476963,0.015352267030504919,0.015405564636476963,0.0034596334006380537,True,1.2935453181390824,1,0.020266842832672771,1,True,calibration__20201115T160000Z,0.045650817744967709,27.498354776477143,-0.47741136778826199,-0.50035391593021383,gate_pass,74,64
64,222,initial_gap_q4_q1_burden_contrast,BC,0.00012226788080034001,0.00018409057500309818,0.00018340784384875629,0.00018409057500309818,0.0037086697911090359,True,0.66417240968627689,1,0.00028924210447961115,1,True,calibration__20210206T010000Z,0.59757553346223458,2.403862847262932,-0.61481086190166134,-0.61063287276678591,gate_pass,74,64
64,222,initial_gap_q4_q1_burden_contrast,C,-0.00033920319529063512,0.00023891633474909247,0.00023891633474909247,0.00023852839165639734,0.0016237612765261401,True,1.4197572369711049,-1,-0.00072311273346020125,-1,True,calibration__20210206T010000Z,0.76284706680354464,1.6600512396935021,-0.74585452365938643,-0.74169838779247776,gate_pass,74,64
64,222,maximum_downside_deviation_mean,A,-0.00060098184121621626,0.00012260310516956792,0.00012260310516956792,0.00011399159506597989,0.070238923326434236,True,4.901848451432123,-1,-0.00057485219594594593,-1,True,calibration__20200511T090000Z,0.28767123287671237,6.5557183701426807,-0.50822474311490118,-0.54494118807484182,gate_pass,74,64
64,222,maximum_downside_deviation_mean,AB,0.00044420396959459456,0.00012313232966617728,0.00012313232966617728,0.00011322846283783783,0.080432708900982461,True,3.6075332189269149,1,0.00026129645270270269,1,True,calibration__20200511T090000Z,0.28520371694067193,6.5381038439568,-0.52649280604419746,-0.45719418848399851,gate_pass,74,64
64,222,maximum_downside_deviation_mean,ABC,-0.00044420396959459456,0.00012313232966617728,0.00012313232966617728,0.00011322846283783783,0.080432708900982461,True,3.6075332189269149,-1,-0.00026129645270270269,-1,True,calibration__20200511T090000Z,0.28520371694067193,6.5381038439568,-0.52649280604419746,-0.45719418848399851,gate_pass,74,64
64,222,maximum_downside_deviation_mean,AC,0.00060098184121621626,0.00012260310516956792,0.00012260310516956792,0.00011399159506597989,0.070238923326434236,True,4.901848451432123,1,0.00057485219594594593,1,True,calibration__20200511T090000Z,0.28767123287671237,6.5557183701426807,-0.50822474311490118,-0.54494118807484182,gate_pass,74,64
64,222,maximum_downside_deviation_mean,B,-0.31666517103040537,0.0017809312281554695,0.0017809312281554695,0.0016261908051584933,0.086887365750356688,True,177.80875871236142,-1,-0.31789326435810805,-1,True,calibration__20210409T070000Z,0.055241010992165052,33.468585288962913,-0.46020731023817624,-0.55103156790793284,gate_pass,74,64
64,222,maximum_downside_deviation_mean,BC,0.00060098184121621626,0.00015067987554222994,0.00015067987554222994,0.00013617213413845338,0.096281878064802248,True,3.9884678631008259,1,0.00036581503378378379,1,True,calibration__20200509T220000Z,0.31264916467780446,4.7509679947435464,-0.461173292757939,-0.40846429655939381,gate_pass,74,64
64,222,maximum_downside_deviation_mean,C,-0.00075775971283782999,0.00015024771439733076,0.00015024771439733076,0.00013392517983593476,0.10863748994031938,True,5.0434025960217337,-1,-0.00067937077702701911,-1,True,calibration__20200509T220000Z,0.31445031204992818,4.726906580471133,-0.44320573581209899,-0.49511678880240867,gate_pass,74,64
64,222,recovery_completion_hours_mean,A,-1.8871410472972974,0.18473925611848374,0.18473925611848374,0.16234312811390375,0.12123101757114409,True,10.215159933776972,-1,-1.8377322635135136,-1,True,calibration__20200511T090000Z,0.24579044634723307,8.002719534124525,-0.49956146911128213,-0.56429447820558698,gate_pass,74,64
64,222,recovery_completion_hours_mean,AB,-0.4358108108108108,0.17826911995320824,0.17826911995320824,0.17611630516434335,0.01207620696972061,True,2.4446792070617818,-1,-0.68084881756756754,-1,True,calibration__20200511T090000Z,0.25946081148876265,7.6504303280453119,-0.51339201678029311,-0.48285699619429434,gate_pass,74,64
64,222,recovery_completion_hours_mean,ABC,0.4358108108108108,0.17826911995320824,0.17826911995320824,0.17611630516434335,0.01207620696972061,True,2.4446792070617818,1,0.68084881756756754,1,True,calibration__20200511T090000Z,0.25946081148876265,7.6504303280453119,-0.51339201678029311,-0.48285699619429434,gate_pass,74,64
64,222,recovery_completion_hours_mean,AC,1.8871410472972974,0.18473925611848374,0.18473925611848374,0.16234312811390375,0.12123101757114409,True,10.215159933776972,1,1.8377322635135136,1,True,calibration__20200511T090000Z,0.24579044634723307,8.002719534124525,-0.49956146911128213,-0.56429447820558698,gate_pass,74,64
64,222,recovery_completion_hours_mean,B,-432.69700168918916,2.4807790626920645,2.4807790626920645,2.2618463545362077,0.088251594609266723,True,174.41980553465322,-1,-434.36750422297297,-1,True,calibration__20210409T070000Z,0.056122751163208369,33.0248443567463,-0.461186908486592,-0.54825641512519641,gate_pass,74,64
64,222,recovery_completion_hours_mean,BC,-0.38386824324324326,0.21564948556930469,0.21564948556930469,0.20779949904578376,0.036401600972046477,True,1.780056382837403,-1,-0.70977618243243246,-1,True,calibration__20200509T220000Z,0.28932616165199043,5.4206068865707753,-0.45704411651397775,-0.44919793129040736,gate_pass,74,64
64,222,recovery_completion_hours_mean,C,-2.2735430743243241,0.22178720684975342,0.22178720684975342,0.18950116576266982,0.14557215245041308,True,10.251010897416204,-1,-2.16015625,-1,True,calibration__20200509T220000Z,0.30021846083348802,5.4468837037050601,-0.4383057921222947,-0.53418413114240937,gate_pass,74,64
64,252,failed_recovery_attempts_mean,A,-0.0031144425675675674,0.00047331227212475804,0.00047331227212475804,0.00043422588257506565,0.082580553794281933,True,6.5801010262980189,-1,-0.0033783783783783786,-1,True,calibration__20210926T070000Z,0.19565646594274436,8.357342483523432,-0.54405754144744645,-0.42309203676115054,gate_pass,74,64
64,252,failed_recovery_attempts_mean,AB,0.0031144425675675674,0.00047331227212475804,0.00047331227212475804,0.00043422588257506565,0.082580553794281933,True,6.5801010262980189,1,0.0033783783783783786,1,True,calibration__20210926T070000Z,0.19565646594274436,8.357342483523432,-0.54405754144744645,-0.42309203676115054,gate_pass,74,64
64,252,failed_recovery_attempts_mean,ABC,-0.0031144425675675674,0.00047331227212475804,0.00047331227212475804,0.00043422588257506565,0.082580553794281933,True,6.5801010262980189,-1,-0.0033783783783783786,-1,True,calibration__20210926T070000Z,0.19565646594274436,8.357342483523432,-0.54405754144744645,-0.42309203676115054,gate_pass,74,64
64,252,failed_recovery_attempts_mean,AC,0.0031144425675675674,0.00047331227212475804,0.00047331227212475804,0.00043422588257506565,0.082580553794281933,True,6.5801010262980189,1,0.0033783783783783786,1,True,calibration__20210926T070000Z,0.19565646594274436,8.357342483523432,-0.54405754144744645,-0.42309203676115054,gate_pass,74,64
64,252,failed_recovery_attempts_mean,B,-0.20444467905405406,0.0055481793546593074,0.0055481793546593074,0.0048178640354105389,0.13163152677021098,True,36.848967199007973,-1,-0.21494932432432431,-1,True,calibration__20210308T080000Z,0.058463046061489075,43.78732944000425,-0.56730562473740453,-0.48202407248806922,gate_pass,74,64
64,252,failed_recovery_attempts_mean,BC,0.0030088682432432433,0.00050793019182149941,0.00050793019182149941,0.00044588502644080064,0.12215293829688931,True,5.9237830152467925,1,0.0029560810810810812,1,True,calibration__20200511T090000Z,0.24138522201268642,7.7105534805815745,-0.59300357794571856,-0.45863673695203527,gate_pass,74,64
64,252,failed_recovery_attempts_mean,C,-0.0030088682432432433,0.00050793019182149941,0.00050793019182149941,0.00044588502644080064,0.12215293829688931,True,5.9237830152467925,-1,-0.0029560810810810812,-1,True,calibration__20200511T090000Z,0.24138522201268642,7.7105534805815745,-0.59300357794571856,-0.45863673695203527,gate_pass,74,64
64,252,first_six_hour_burden_mean,A,-0.001983612623649583,0.00030657959240358107,0.00028979228409479644,0.00030657959240358107,0.054756770263709641,True,6.4701391508093513,-1,-0.0021923163316784973,-1,True,calibration__20200511T090000Z,0.33078931585265903,5.9474818313382389,-0.51793091919058831,-0.54497341086374151,gate_pass,74,64
64,252,first_six_hour_burden_mean,AB,0.001983612623649583,0.00030657959240358107,0.00028979228409479644,0.00030657959240358107,0.054756770263709641,True,6.4701391508093513,1,0.0021923163316784973,1,True,calibration__20200511T090000Z,0.33078931585265903,5.9474818313382389,-0.51793091919058831,-0.54497341086374151,gate_pass,74,64
64,252,first_six_hour_burden_mean,ABC,-0.001983612623649583,0.00030657959240358107,0.00028979228409479644,0.00030657959240358107,0.054756770263709641,True,6.4701391508093513,-1,-0.0021923163316784973,-1,True,calibration__20200511T090000Z,0.33078931585265903,5.9474818313382389,-0.51793091919058831,-0.54497341086374151,gate_pass,74,64
64,252,first_six_hour_burden_mean,AC,0.001983612623649583,0.00030657959240358107,0.00028979228409479644,0.00030657959240358107,0.054756770263709641,True,6.4701391508093513,1,0.0021923163316784973,1,True,calibration__20200511T090000Z,0.33078931585265903,5.9474818313382389,-0.51793091919058831,-0.54497341086374151,gate_pass,74,64
64,252,first_six_hour_burden_mean,B,-0.10967479575368044,0.0044477276508304853,0.0040250263667766873,0.0044477276508304853,0.095037582612521404,True,24.65861319840522,-1,-0.10717505170764786,-1,True,calibration__20210125T220000Z,0.044248378975186617,39.206922824340062,-0.495248494230697,-0.49327662784401932,gate_pass,74,64
64,252,first_six_hour_burden_mean,BC,0.0024515457410877769,0.00032598076173625412,0.00032598076173625412,0.00031946783021513165,0.01997949660106622,True,7.5205227695960897,1,0.0028079156952988951,1,True,calibration__20200511T090000Z,0.47112558091333406,3.8664986445690657,-0.54826943387170268,-0.54630592461135641,gate_pass,74,64
64,252,first_six_hour_burden_mean,C,-0.0024515457410877769,0.00032598076173625412,0.00032598076173625412,0.00031946783021513165,0.01997949660106622,True,7.5205227695960897,-1,-0.0028079156952988951,-1,True,calibration__20200511T090000Z,0.47112558091333406,3.8664986445690657,-0.54826943387170268,-0.54630592461135641,gate_pass,74,64
64,252,initial_gap_q4_q1_burden_contrast,A,0.00054649315675709797,0.00054286222473670783,0.00053604918816156904,0.00054286222473670783,0.012550213046124491,True,1.0066884963715264,1,0.0011166985579965825,1,True,calibration__20210605T110000Z,0.35853135233860062,3.8154176523829473,-0.42921778066387534,-0.38653919688850563,gate_pass,74,64
64,252,initial_gap_q4_q1_burden_contrast,AB,-0.00054649315675709797,0.00054286222473670783,0.00053604918816156904,0.00054286222473670783,0.012550213046124491,True,1.0066884963715264,-1,-0.0011166985579965825,-1,True,calibration__20210605T110000Z,0.35853135233860062,3.8154176523829473,-0.42921778066387534,-0.38653919688850563,gate_pass,74,64
64,252,initial_gap_q4_q1_burden_contrast,ABC,0.00054649315675709797,0.00054286222473670783,0.00053604918816156904,0.00054286222473670783,0.012550213046124491,True,1.0066884963715264,1,0.0011166985579965825,1,True,calibration__20210605T110000Z,0.35853135233860062,3.8154176523829473,-0.42921778066387534,-0.38653919688850563,gate_pass,74,64
64,252,initial_gap_q4_q1_burden_contrast,AC,-0.00054649315675709797,0.00054286222473670783,0.00053604918816156904,0.00054286222473670783,0.012550213046124491,True,1.0066884963715264,-1,-0.0011166985579965825,-1,True,calibration__20210605T110000Z,0.35853135233860062,3.8154176523829473,-0.42921778066387534,-0.38653919688850563,gate_pass,74,64
64,252,initial_gap_q4_q1_burden_contrast,B,0.079425540155839108,0.011004651687485335,0.011004651687485335,0.0099277278178225951,0.097860786533337976,True,7.2174515297165742,1,0.071611228247508929,1,True,calibration__20210605T110000Z,0.085636435554744997,19.82469578192913,-0.49037853508413803,-0.51632497734920335,gate_pass,74,64
64,252,initial_gap_q4_q1_burden_contrast,BC,-0.00054649315675709797,0.00054286222473670783,0.00053604918816156904,0.00054286222473670783,0.012550213046124491,True,1.0066884963715264,-1,-0.0011166985579965825,-1,True,calibration__20210605T110000Z,0.35853135233860062,3.8154176523829473,-0.42921778066387534,-0.38653919688850563,gate_pass,74,64
64,252,initial_gap_q4_q1_burden_contrast,C,0.00054649315675709797,0.00054286222473670783,0.00053604918816156904,0.00054286222473670783,0.012550213046124491,True,1.0066884963715264,1,0.0011166985579965825,1,True,calibration__20210605T110000Z,0.35853135233860062,3.8154176523829473,-0.42921778066387534,-0.38653919688850563,gate_pass,74,64
64,252,maximum_downside_deviation_mean,A,-0.005539486254404649,0.00031109205890050861,0.00031109205890050861,0.00028334376514444729,0.089196406536804593,True,17.806581993712189,-1,-0.0055917470020525415,-1,True,calibration__20210710T100000Z,0.15005602102355062,13.96690436344011,-0.51727085435037212,-0.5007287458904045,gate_pass,74,64
64,252,maximum_downside_deviation_mean,AB,0.0022994102408911347,0.00029018415756829541,0.00029018415756829541,0.00027495802004428839,0.052470602294763496,True,7.9239689036089578,1,0.0025607081507011886,1,True,calibration__20200511T090000Z,0.13178896205237584,15.482799126508819,-0.51878239776513557,-0.48472989708707753,gate_pass,74,64
64,252,maximum_downside_deviation_mean,ABC,-0.0022994102408911347,0.00029018415756829541,0.00029018415756829541,0.00027495802004428839,0.052470602294763496,True,7.9239689036089578,-1,-0.0025607081507011886,-1,True,calibration__20200511T090000Z,0.13178896205237584,15.482799126508819,-0.51878239776513557,-0.48472989708707753,gate_pass,74,64
64,252,maximum_downside_deviation_mean,AC,0.005539486254404649,0.00031109205890050861,0.00031109205890050861,0.00028334376514444729,0.089196406536804593,True,17.806581993712189,1,0.0055917470020525415,1,True,calibration__20210710T100000Z,0.15005602102355062,13.96690436344011,-0.51727085435037212,-0.5007287458904045,gate_pass,74,64
64,252,maximum_downside_deviation_mean,B,-0.20281908376743008,0.0029085368444930109,0.0027349994660234873,0.0029085368444930109,0.059664837596297676,True,69.732341246233588,-1,-0.20595460712068292,-1,True,calibration__20210808T140000Z,0.023737333192186957,56.330048170261961,-0.49334898295684887,-0.52130113556864155,gate_pass,74,64
64,252,maximum_downside_deviation_mean,BC,0.0022471509503505945,0.00031123137468046323,0.00031123137468046323,0.00030078402517203862,0.033567790262632582,True,7.2201941486706218,1,0.0023516709885390268,1,True,calibration__20200511T090000Z,0.16469012014449289,13.636103631711821,-0.50897149463424884,-0.33927709669421768,gate_pass,74,64
64,252,maximum_downside_deviation_mean,C,-0.0063233756125127532,0.00033202180071346341,0.00032870838261336361,0.00033202180071346341,0.009979519697139708,True,19.045061495735517,-1,-0.0064278956507011851,-1,True,calibration__20200511T090000Z,0.14764295520910226,13.214110606251008,-0.51113571995600826,-0.46654574604047933,gate_pass,74,64
64,252,recovery_completion_hours_mean,A,-8.5534206081081088,0.43696233410894619,0.43696233410894619,0.40621315810573916,0.070370312502817361,True,19.574732054537947,-1,-8.6227829391891895,-1,True,calibration__20210710T100000Z,0.14831286379895986,14.526058584308435,-0.51486112366104075,-0.52221752531158083,gate_pass,74,64
64,252,recovery_completion_hours_mean,AB,2.2164273648648649,0.39568013268729574,0.39568013268729574,0.37000008406914803,0.064901031152965513,True,5.6015634391643756,1,2.5982896959459461,1,True,calibration__20200511T090000Z,0.13642504044326856,15.660559716405968,-0.51878326815730236,-0.45157335634109985,gate_pass,74,64
64,252,recovery_completion_hours_mean,ABC,-2.2164273648648649,0.39568013268729574,0.39568013268729574,0.37000008406914803,0.064901031152965513,True,5.6015634391643756,-1,-2.5982896959459461,-1,True,calibration__20200511T090000Z,0.13642504044326856,15.660559716405968,-0.51878326815730236,-0.45157335634109985,gate_pass,74,64
64,252,recovery_completion_hours_mean,AC,8.5534206081081088,0.43696233410894619,0.43696233410894619,0.40621315810573916,0.070370312502817361,True,19.574732054537947,1,8.6227829391891895,1,True,calibration__20210710T100000Z,0.14831286379895986,14.526058584308435,-0.51486112366104075,-0.52221752531158083,gate_pass,74,64
64,252,recovery_completion_hours_mean,B,-274.17018581081084,4.0124536027248086,3.7641055168572999,4.0124536027248086,0.061894319649916575,True,68.329808380743685,-1,-278.39115287162161,-1,True,calibration__20210808T140000Z,0.024704840279997056,55.814321471515299,-0.49362474483390156,-0.52169914583722399,gate_pass,74,64
64,252,recovery_completion_hours_mean,BC,2.0219594594594597,0.42594043478752047,0.42594043478752047,0.41571768617163618,0.02400041832371207,True,4.7470474609157733,1,2.1922508445945947,1,True,calibration__20200511T090000Z,0.1698148767739418,13.384823238277574,-0.51153610176318487,-0.32827192781989939,gate_pass,74,64
64,252,recovery_completion_hours_mean,C,-9.7763935810810807,0.46925660905498784,0.46215077942265015,0.46925660905498784,0.01514273746010261,True,20.833789854913849,-1,-9.9194467905405403,-1,True,calibration__20200511T090000Z,0.14276934167492372,13.620083894354897,-0.50817598787038831,-0.48628092342266704,gate_pass,74,64
128,0,failed_recovery_attempts_mean,A,-0.004592483108108108,0.00056673777377542567,0.00056334982972768293,0.00056673777377542567,0.0059779746551449084,True,8.1033651198409729,-1,-0.003272804054054054,-1,True,calibration__20210616T110000Z,0.5745791420374019,2.3299523022925199,-0.27259954495662952,-0.2802914989834841,gate_pass,74,128
128,0,failed_recovery_attempts_mean,AB,0.004592483108108108,0.00056673777377542567,0.00056334982972768293,0.00056673777377542567,0.0059779746551449084,True,8.1033651198409729,1,0.003272804054054054,1,True,calibration__20210616T110000Z,0.5745791420374019,2.3299523022925199,-0.27259954495662952,-0.2802914989834841,gate_pass,74,128
128,0,failed_recovery_attempts_mean,ABC,-0.004592483108108108,0.00056673777377542567,0.00056334982972768293,0.00056673777377542567,0.0059779746551449084,True,8.1033651198409729,-1,-0.003272804054054054,-1,True,calibration__20210616T110000Z,0.5745791420374019,2.3299523022925199,-0.27259954495662952,-0.2802914989834841,gate_pass,74,128
128,0,failed_recovery_attempts_mean,AC,0.004592483108108108,0.00056673777377542567,0.00056334982972768293,0.00056673777377542567,0.0059779746551449084,True,8.1033651198409729,1,0.003272804054054054,1,True,calibration__20210616T110000Z,0.5745791420374019,2.3299523022925199,-0.27259954495662952,-0.2802914989834841,gate_pass,74,128
128,0,failed_recovery_attempts_mean,B,-0.026446368243243243,0.001924342815277921,0.001924342815277921,0.0018270104183974365,0.050579551682649333,True,13.743064922360913,-1,-0.020164695945945946,-1,True,calibration__20201206T020000Z,0.15120588470551291,21.299989665136952,-0.39501618732521826,-0.43146909976877923,gate_pass,74,128
128,0,failed_recovery_attempts_mean,BC,0.0054370777027027027,0.00062648895261376545,0.00062648895261376545,0.00061486772300192044,0.018549775799493753,True,8.6786489690181288,1,0.0036951013513513513,1,True,calibration__20210616T110000Z,0.65600804986443795,2.0197574525614259,-0.23597496261765044,-0.25211018718517314,gate_pass,74,128
128,0,failed_recovery_attempts_mean,C,-0.0054370777027027027,0.00062648895261376545,0.00062648895261376545,0.00061486772300192044,0.018549775799493753,True,8.6786489690181288,-1,-0.0036951013513513513,-1,True,calibration__20210616T110000Z,0.65600804986443795,2.0197574525614259,-0.23597496261765044,-0.25211018718517314,gate_pass,74,128
128,0,first_six_hour_burden_mean,A,0,0,0,0,0,True,0,0,0,0,True,calibration__20200128T020000Z,0,74,,,gate_pass,74,128
128,0,first_six_hour_burden_mean,AB,0,0,0,0,0,True,0,0,0,0,True,calibration__20200128T020000Z,0,74,,,gate_pass,74,128
128,0,first_six_hour_burden_mean,ABC,0,0,0,0,0,True,0,0,0,0,True,calibration__20200128T020000Z,0,74,,,gate_pass,74,128
128,0,first_six_hour_burden_mean,AC,0,0,0,0,0,True,0,0,0,0,True,calibration__20200128T020000Z,0,74,,,gate_pass,74,128
128,0,first_six_hour_burden_mean,B,-9.3485082467854326e-05,2.9444211476140013e-05,2.9319335732943225e-05,2.9444211476140013e-05,0.0042410965326064578,True,3.1749901858845684,-1,-0.00014650645182063865,-1,True,calibration__20210302T170000Z,0.52012447290085229,3.1359791049884738,-0.34023111235805509,-0.47647159987205989,gate_pass,74,128
128,0,first_six_hour_burden_mean,BC,0,0,0,0,0,True,0,0,0,0,True,calibration__20200128T020000Z,0,74,,,gate_pass,74,128
128,0,first_six_hour_burden_mean,C,0,0,0,0,0,True,0,0,0,0,True,calibration__20200128T020000Z,0,74,,,gate_pass,74,128
128,0,initial_gap_q4_q1_burden_contrast,A,0,0,0,0,0,True,0,0,0,0,True,calibration__20200509T220000Z,0,38,,,gate_pass,74,128
128,0,initial_gap_q4_q1_burden_contrast,AB,0,0,0,0,0,True,0,0,0,0,True,calibration__20200509T220000Z,0,38,,,gate_pass,74,128
128,0,initial_gap_q4_q1_burden_contrast,ABC,0,0,0,0,0,True,0,0,0,0,True,calibration__20200509T220000Z,0,38,,,gate_pass,74,128
128,0,initial_gap_q4_q1_burden_contrast,AC,0,0,0,0,0,True,0,0,0,0,True,calibration__20200509T220000Z,0,38,,,gate_pass,74,128
128,0,initial_gap_q4_q1_burden_contrast,B,-9.0755719850703766e-05,6.4230332204684375e-05,6.4230332204684375e-05,6.3977847601360356e-05,0.0039309247618309036,True,1.4129729169310581,-1,-9.1078439945746782e-05,-1,True,calibration__20200615T050000Z,0.61290187717429334,2.4587238839890642,-0.49550320482661142,-0.49927436246412765,gate_pass,74,128
128,0,initial_gap_q4_q1_burden_contrast,BC,0,0,0,0,0,True,0,0,0,0,True,calibration__20200509T220000Z,0,38,,,gate_pass,74,128
128,0,initial_gap_q4_q1_burden_contrast,C,0,0,0,0,0,True,0,0,0,0,True,calibration__20200509T220000Z,0,38,,,gate_pass,74,128
128,0,maximum_downside_deviation_mean,A,-0.0015548936385269216,6.7312396119166137e-05,6.6401043761008601e-05,6.7312396119166137e-05,0.013539145992428024,True,23.099662590739214,-1,-0.0016212559674340645,-1,True,calibration__20210616T110000Z,0.63105334547274838,2.1192035333023336,-0.3741196092937587,-0.36733046307910083,gate_pass,74,128
128,0,maximum_downside_deviation_mean,AB,0.0015548936385269216,6.7312396119166137e-05,6.6401043761008601e-05,6.7312396119166137e-05,0.013539145992428024,True,23.099662590739214,1,0.0016212559674340645,1,True,calibration__20210616T110000Z,0.63105334547274838,2.1192035333023336,-0.3741196092937587,-0.36733046307910083,gate_pass,74,128
128,0,maximum_downside_deviation_mean,ABC,-0.0015548936385269216,6.7312396119166137e-05,6.6401043761008601e-05,6.7312396119166137e-05,0.013539145992428024,True,23.099662590739214,-1,-0.0016212559674340645,-1,True,calibration__20210616T110000Z,0.63105334547274838,2.1192035333023336,-0.3741196092937587,-0.36733046307910083,gate_pass,74,128
128,0,maximum_downside_deviation_mean,AC,0.0015548936385269216,6.7312396119166137e-05,6.6401043761008601e-05,6.7312396119166137e-05,0.013539145992428024,True,23.099662590739214,1,0.0016212559674340645,1,True,calibration__20210616T110000Z,0.63105334547274838,2.1192035333023336,-0.3741196092937587,-0.36733046307910083,gate_pass,74,128
128,0,maximum_downside_deviation_mean,B,-0.0018657073604150193,6.9924170838373033e-05,6.9924170838373033e-05,6.621150149611431e-05,0.05309565058469428,True,26.681866056410286,-1,-0.0019601949909758094,-1,True,calibration__20210616T110000Z,0.66680379214686658,1.9823015301428539,-0.3489429974306939,-0.36362472912119037,gate_pass,74,128
128,0,maximum_downside_deviation_mean,BC,0.0018422765001087976,6.9844609431730535e-05,6.9844609431730535e-05,6.6432643332048973e-05,0.048850815079960912,True,26.376788632622063,1,0.0019348920103173703,1,True,calibration__20210616T110000Z,0.66654072584375301,1.9824083336676872,-0.34886024521770143,-0.36624351161462132,gate_pass,74,128
128,0,maximum_downside_deviation_mean,C,-0.0018422765001087976,6.9844609431730535e-05,6.9844609431730535e-05,6.6432643332048973e-05,0.048850815079960912,True,26.376788632622063,-1,-0.0019348920103173703,-1,True,calibration__20210616T110000Z,0.66654072584375301,1.9824083336676872,-0.34886024521770143,-0.36624351161462132,gate_pass,74,128
128,0,recovery_completion_hours_mean,A,-5.5917440878378377,0.14660196210651399,0.14250389811793973,0.14660196210651399,0.027953677629476783,True,38.142355037343521,-1,-5.442461993243243,-1,True,calibration__20210616T110000Z,0.31976198972759345,4.9764038706032698,-0.46204533878198945,-0.48360100563054015,gate_pass,74,128
128,0,recovery_completion_hours_mean,AB,0.93222128378378377,0.051931735962903729,0.05006632651843558,0.051931735962903729,0.035920413787065807,True,17.950897779533022,1,0.95956503378378377,1,True,calibration__20210616T110000Z,0.61849370530417236,1.9061868973791958,-0.37917466256904125,-0.36895078552178467,gate_pass,74,128
128,0,recovery_completion_hours_mean,ABC,-0.93222128378378377,0.051931735962903729,0.05006632651843558,0.051931735962903729,0.035920413787065807,True,17.950897779533022,-1,-0.95956503378378377,-1,True,calibration__20210616T110000Z,0.61849370530417236,1.9061868973791958,-0.37917466256904125,-0.36895078552178467,gate_pass,74,128
128,0,recovery_completion_hours_mean,AC,5.5917440878378377,0.14660196210651399,0.14250389811793973,0.14660196210651399,0.027953677629476783,True,38.142355037343521,1,5.442461993243243,1,True,calibration__20210616T110000Z,0.31976198972759345,4.9764038706032698,-0.46204533878198945,-0.48360100563054015,gate_pass,74,128
128,0,recovery_completion_hours_mean,B,-1.3412162162162162,0.055478768097248735,0.055478768097248735,0.051439940087233745,0.072799525810222185,True,24.175306377841668,-1,-1.3014146959459461,-1,True,calibration__20210616T110000Z,0.57120874217006623,2.3775309071754545,-0.33781981606920558,-0.34573044500400674,gate_pass,74,128
128,0,recovery_completion_hours_mean,BC,1.1516047297297298,0.051032727024731724,0.051032727024731724,0.04973982289486642,0.025334803864953761,True,22.566004148115262,1,1.1814822635135136,1,True,calibration__20210616T110000Z,0.62870631817052502,1.8880335650156115,-0.35649575281592927,-0.36419955927900993,gate_pass,74,128
128,0,recovery_completion_hours_mean,C,-6.5793918918918921,0.14749218457934116,0.14645286628419441,0.14749218457934116,0.0070465991002232825,True,44.608410341583955,-1,-6.5520481418918921,-1,True,calibration__20210616T110000Z,0.34879683124745609,4.6593903876547769,-0.46014097110787688,-0.51422509092086777,gate_pass,74,128
128,36,failed_recovery_attempts_mean,A,-0.0030088682432432433,0.00049178622303112235,0.00049107187135412876,0.00049178622303112235,0.0014525654512863072,True,6.1182442743070276,-1,-0.0019003378378378379,-1,True,calibration__20210616T110000Z,0.4441588572468384,3.5315323535083398,-0.20074085236218731,-0.19643408200878429,gate_pass,74,128
128,36,failed_recovery_attempts_mean,AB,0.0030088682432432433,0.00049178622303112235,0.00049107187135412876,0.00049178622303112235,0.0014525654512863072,True,6.1182442743070276,1,0.0019003378378378379,1,True,calibration__20210616T110000Z,0.4441588572468384,3.5315323535083398,-0.20074085236218731,-0.19643408200878429,gate_pass,74,128
128,36,failed_recovery_attempts_mean,ABC,-0.0030088682432432433,0.00049178622303112235,0.00049107187135412876,0.00049178622303112235,0.0014525654512863072,True,6.1182442743070276,-1,-0.0019003378378378379,-1,True,calibration__20210616T110000Z,0.4441588572468384,3.5315323535083398,-0.20074085236218731,-0.19643408200878429,gate_pass,74,128
128,36,failed_recovery_attempts_mean,AC,0.0030088682432432433,0.00049178622303112235,0.00049107187135412876,0.00049178622303112235,0.0014525654512863072,True,6.1182442743070276,1,0.0019003378378378379,1,True,calibration__20210616T110000Z,0.4441588572468384,3.5315323535083398,-0.20074085236218731,-0.19643408200878429,gate_pass,74,128
128,36,failed_recovery_attempts_mean,B,-0.037795608108108107,0.0028928878750989172,0.0028928878750989172,0.0027676034732234036,0.043307728223386362,True,13.065009685802549,-1,-0.034839527027027029,-1,True,calibration__20201121T170000Z,0.087083733148762804,25.654669600772323,-0.4355200604809113,-0.44393895151097518,gate_pass,74,128
128,36,failed_recovery_attempts_mean,BC,0.0042229729729729732,0.00077905522197423333,0.00077905522197423333,0.00076887809706836861,0.013063419150281141,True,5.4206336776376105,1,0.0031672297297297299,1,True,calibration__20210616T110000Z,0.59850155447906883,2.2749214268201277,-0.061045400676039398,-0.06148609083085229,gate_pass,74,128
128,36,failed_recovery_attempts_mean,C,-0.0042229729729729732,0.00077905522197423333,0.00077905522197423333,0.00076887809706836861,0.013063419150281141,True,5.4206336776376105,-1,-0.0031672297297297299,-1,True,calibration__20210616T110000Z,0.59850155447906883,2.2749214268201277,-0.061045400676039398,-0.06148609083085229,gate_pass,74,128
128,36,first_six_hour_burden_mean,A,-2.8052443763880464e-06,2.7104378642695624e-06,2.7104378642695624e-06,2.7096781940512095e-06,0.00028027582862801546,True,1.0349783012436014,-1,-1.1220977505552186e-05,-1,True,calibration__20200511T090000Z,0.99873174042648771,1.0025397361013411,-0.99972257834737155,-0.99976465911202428,gate_pass,74,128
128,36,first_six_hour_burden_mean,AB,2.8052443763880464e-06,2.7104378642695624e-06,2.7104378642695624e-06,2.7096781940512095e-06,0.00028027582862801546,True,1.0349783012436014,1,1.1220977505552186e-05,1,True,calibration__20200511T090000Z,0.99873174042648771,1.0025397361013411,-0.99972257834737155,-0.99976465911202428,gate_pass,74,128
128,36,first_six_hour_burden_mean,ABC,-2.8052443763880464e-06,2.7104378642695624e-06,2.7104378642695624e-06,2.7096781940512095e-06,0.00028027582862801546,True,1.0349783012436014,-1,-1.1220977505552186e-05,-1,True,calibration__20200511T090000Z,0.99873174042648771,1.0025397361013411,-0.99972257834737155,-0.99976465911202428,gate_pass,74,128
128,36,first_six_hour_burden_mean,AC,2.8052443763880464e-06,2.7104378642695624e-06,2.7104378642695624e-06,2.7096781940512095e-06,0.00028027582862801546,True,1.0349783012436014,1,1.1220977505552186e-05,1,True,calibration__20200511T090000Z,0.99873174042648771,1.0025397361013411,-0.99972257834737155,-0.99976465911202428,gate_pass,74,128
128,36,first_six_hour_burden_mean,B,-0.00026552923864712894,8.9750319742433525e-05,8.859890107802118e-05,8.9750319742433525e-05,0.012829131614424323,True,2.9585325089553747,-1,-0.00024385873903430547,-1,True,calibration__20211210T180000Z,0.61018278054169994,2.4583444705375204,-0.029966747368045141,-0.23783123287397143,gate_pass,74,128
128,36,first_six_hour_burden_mean,BC,2.8052443763880473e-06,2.7104378642695624e-06,2.7104378642695624e-06,2.7096781940512103e-06,0.00028027582862770293,True,1.0349783012436016,1,1.1220977505552189e-05,1,True,calibration__20200511T090000Z,0.99873174042648771,1.0025397361013411,-0.99972257834737155,-0.99976465911202428,gate_pass,74,128
128,36,first_six_hour_burden_mean,C,-2.8052443763880473e-06,2.7104378642695624e-06,2.7104378642695624e-06,2.7096781940512103e-06,0.00028027582862770293,True,1.0349783012436016,-1,-1.1220977505552189e-05,-1,True,calibration__20200511T090000Z,0.99873174042648771,1.0025397361013411,-0.99972257834737155,-0.99976465911202428,gate_pass,74,128
128,36,initial_gap_q4_q1_burden_contrast,A,0,0,0,0,0,True,0,0,0,0,True,calibration__20200509T220000Z,0,38,,,gate_pass,74,128
128,36,initial_gap_q4_q1_burden_contrast,AB,0,0,0,0,0,True,0,0,0,0,True,calibration__20200509T220000Z,0,38,,,gate_pass,74,128
128,36,initial_gap_q4_q1_burden_contrast,ABC,0,0,0,0,0,True,0,0,0,0,True,calibration__20200509T220000Z,0,38,,,gate_pass,74,128
128,36,initial_gap_q4_q1_burden_contrast,AC,0,0,0,0,0,True,0,0,0,0,True,calibration__20200509T220000Z,0,38,,,gate_pass,74,128
128,36,initial_gap_q4_q1_burden_contrast,B,0.00016382859931329905,0.00031772386399595682,0.00031680870770704273,0.00031772386399595682,0.0028803511244145479,True,0.5156320247804359,1,-0.00017758959327448162,-1,False,calibration__20211210T180000Z,0.72390009843072989,1.8000641058999618,0.13891015618320432,0.14085474406836665,gate_pass,74,128
128,36,initial_gap_q4_q1_burden_contrast,BC,0,0,0,0,0,True,0,0,0,0,True,calibration__20200509T220000Z,0,38,,,gate_pass,74,128
128,36,initial_gap_q4_q1_burden_contrast,C,0,0,0,0,0,True,0,0,0,0,True,calibration__20200509T220000Z,0,38,,,gate_pass,74,128
128,36,maximum_downside_deviation_mean,A,-4.802683542330478e-06,6.3413953782288589e-07,6.3413953782288589e-07,6.3303692040886175e-07,0.0017387615000471692,True,7.5735437642304202,-1,-3.6904626076047939e-06,-1,True,calibration__20210616T110000Z,0.69722825878991224,1.9664470110632151,-0.19671940905389687,-0.15491057444800074,gate_pass,74,128
128,36,maximum_downside_deviation_mean,AB,4.802683542330478e-06,6.3413953782288589e-07,6.3413953782288589e-07,6.3303692040886175e-07,0.0017387615000471692,True,7.5735437642304202,1,3.6904626076047939e-06,1,True,calibration__20210616T110000Z,0.69722825878991224,1.9664470110632151,-0.19671940905389687,-0.15491057444800074,gate_pass,74,128
128,36,maximum_downside_deviation_mean,ABC,-4.802683542330478e-06,6.3413953782288589e-07,6.3413953782288589e-07,6.3303692040886175e-07,0.0017387615000471692,True,7.5735437642304202,-1,-3.6904626076047939e-06,-1,True,calibration__20210616T110000Z,0.69722825878991224,1.9664470110632151,-0.19671940905389687,-0.15491057444800074,gate_pass,74,128
128,36,maximum_downside_deviation_mean,AC,4.802683542330478e-06,6.3413953782288589e-07,6.3413953782288589e-07,6.3303692040886175e-07,0.0017387615000471692,True,7.5735437642304202,1,3.6904626076047939e-06,1,True,calibration__20210616T110000Z,0.69722825878991224,1.9664470110632151,-0.19671940905389687,-0.15491057444800074,gate_pass,74,128
128,36,maximum_downside_deviation_mean,B,-4.1086083337039681e-05,2.8140677356732589e-06,2.8140677356732589e-06,2.7775939109373419e-06,0.012961246196581219,True,14.60024675888263,-1,-4.1218766339449558e-05,-1,True,calibration__20201121T170000Z,0.11212191396580007,19.763388393332562,-0.62959712636572374,-0.61276752864237249,gate_pass,74,128
128,36,maximum_downside_deviation_mean,BC,5.5652093225554158e-06,6.8528820615297449e-07,6.6560206702111781e-07,6.8528820615297449e-07,0.028726802759921143,True,8.1209763608759875,1,4.4761446785613574e-06,1,True,calibration__20210616T110000Z,0.6827469748920838,2.0324138762442066,-0.20652935865279631,-0.17873903053466031,gate_pass,74,128
128,36,maximum_downside_deviation_mean,C,-5.5652093225554158e-06,6.8528820615297449e-07,6.6560206702111781e-07,6.8528820615297449e-07,0.028726802759921143,True,8.1209763608759875,-1,-4.4761446785613574e-06,-1,True,calibration__20210616T110000Z,0.6827469748920838,2.0324138762442066,-0.20652935865279631,-0.17873903053466031,gate_pass,74,128
128,36,recovery_completion_hours_mean,A,-4.6958403716216219,0.12589991055526428,0.12271682485786189,0.12589991055526428,0.02528266845753762,True,37.298202603252555,-1,-4.5147804054054053,-1,True,calibration__20210920T030000Z,0.23160579069319986,6.5384421998484328,-0.4412109020144569,-0.47052652121202831,gate_pass,74,128
128,36,recovery_completion_hours_mean,AB,0.036317567567567564,0.014082619738514459,0.014082619738514459,0.013823714685609818,0.01838472228264201,True,2.5788928652417491,1,0.031883445945945943,1,True,calibration__20210616T110000Z,0.48853866308686683,2.7565464114716565,-0.1867409867907017,-0.24648467174626534,gate_pass,74,128
128,36,recovery_completion_hours_mean,ABC,-0.036317567567567564,0.014082619738514459,0.014082619738514459,0.013823714685609818,0.01838472228264201,True,2.5788928652417491,-1,-0.031883445945945943,-1,True,calibration__20210616T110000Z,0.48853866308686683,2.7565464114716565,-0.1867409867907017,-0.24648467174626534,gate_pass,74,128
128,36,recovery_completion_hours_mean,AC,4.6958403716216219,0.12589991055526428,0.12271682485786189,0.12589991055526428,0.02528266845753762,True,37.298202603252555,1,4.5147804054054053,1,True,calibration__20210920T030000Z,0.23160579069319986,6.5384421998484328,-0.4412109020144569,-0.47052652121202831,gate_pass,74,128
128,36,recovery_completion_hours_mean,B,-0.3735747466216216,0.045947485179615506,0.045664874736175573,0.045947485179615506,0.0061507271254382526,True,8.1304721066074173,-1,-0.359375,-1,True,calibration__20201121T170000Z,0.26364528312313257,6.7071920490203993,-0.50383086890340412,-0.45064373648894879,gate_pass,74,128
128,36,recovery_completion_hours_mean,BC,0.054845861486486486,0.014022634907933764,0.014022634907933764,0.013838460519323413,0.013134078567940773,True,3.9112379268646329,1,0.030405405405405407,1,True,calibration__20210920T030000Z,0.4286920963991524,2.8704314854437643,-0.20569795350194139,-0.25795841964907679,gate_pass,74,128
128,36,recovery_completion_hours_mean,C,-5.4826330236486482,0.12901359837968759,0.12484119492165052,0.12901359837968759,0.032340803686117407,True,42.496551468266432,-1,-5.4009712837837842,-1,True,calibration__20210920T030000Z,0.24090427467001052,6.328919718077282,-0.44983344360147653,-0.51218271583860642,gate_pass,74,128
128,42,failed_recovery_attempts_mean,A,0.00047508445945945949,0.00021764704527120254,0.00019352773556443088,0.00021764704527120254,0.11081845690446851,True,2.1828206253269968,1,0.00063344594594594598,1,True,calibration__20200511T090000Z,0.29759812536613939,5.333432783641582,-0.035051263628076201,0.03540660517176486,gate_pass,74,128
128,42,failed_recovery_attempts_mean,AB,-0.00047508445945945949,0.00021764704527120254,0.00019352773556443088,0.00021764704527120254,0.11081845690446851,True,2.1828206253269968,-1,-0.00063344594594594598,-1,True,calibration__20200511T090000Z,0.29759812536613939,5.333432783641582,-0.035051263628076201,0.03540660517176486,gate_pass,74,128
128,42,failed_recovery_attempts_mean,ABC,0.00047508445945945949,0.00021764704527120254,0.00019352773556443088,0.00021764704527120254,0.11081845690446851,True,2.1828206253269968,1,0.00063344594594594598,1,True,calibration__20200511T090000Z,0.29759812536613939,5.333432783641582,-0.035051263628076201,0.03540660517176486,gate_pass,74,128
128,42,failed_recovery_attempts_mean,AC,-0.00047508445945945949,0.00021764704527120254,0.00019352773556443088,0.00021764704527120254,0.11081845690446851,True,2.1828206253269968,-1,-0.00063344594594594598,-1,True,calibration__20200511T090000Z,0.29759812536613939,5.333432783641582,-0.035051263628076201,0.03540660517176486,gate_pass,74,128
128,42,failed_recovery_attempts_mean,B,-0.2053420608108108,0.0036459778707576577,0.0036459778707576577,0.003618008100515803,0.0076714042798187521,True,56.320161034915827,-1,-0.2117820945945946,-1,True,calibration__20200802T100000Z,0.031313958248055683,47.003025950516651,-0.49519989236657869,-0.52058685858528664,gate_pass,74,128
128,42,failed_recovery_attempts_mean,BC,-0.00042229729729729732,0.00023699895830503112,0.00020081641420169579,0.00023699895830503112,0.15266963349588372,False,1.7818529681205464,-1,-0.00063344594594594598,-1,True,calibration__20200511T090000Z,0.34766050054406966,4.8496633976630559,-0.0080608775323919371,0.098710252512079683,finite_replication_instability,74,128
128,42,failed_recovery_attempts_mean,C,0.00042229729729729732,0.00023699895830503112,0.00020081641420169579,0.00023699895830503112,0.15266963349588372,False,1.7818529681205464,1,0.00063344594594594598,1,True,calibration__20200511T090000Z,0.34766050054406966,4.8496633976630559,-0.0080608775323919371,0.098710252512079683,finite_replication_instability,74,128
128,42,first_six_hour_burden_mean,A,-0.001442445087363876,0.00017922174679990468,0.00017472018588013323,0.00017922174679990468,0.025117269528665498,True,8.0483820357711355,-1,-0.0012179956865890731,-1,True,calibration__20200317T160000Z,0.19540215343686354,7.4278704155590098,-0.37215819557851171,-0.30655373011667741,gate_pass,74,128
128,42,first_six_hour_burden_mean,AB,0.001072934952228741,0.00019138125512704689,0.00017472018588013323,0.00019138125512704689,0.087056954641944129,True,5.6062698069175152,1,0.00037340109199447832,1,True,calibration__20200317T160000Z,0.19540215343686354,7.4278704155590098,-0.37215819557851171,-0.36145219933357026,gate_pass,74,128
128,42,first_six_hour_burden_mean,ABC,-0.001072934952228741,0.00019138125512704689,0.00017472018588013323,0.00019138125512704689,0.087056954641944129,True,5.6062698069175152,-1,-0.00037340109199447832,-1,True,calibration__20200317T160000Z,0.19540215343686354,7.4278704155590098,-0.37215819557851171,-0.36145219933357026,gate_pass,74,128
128,42,first_six_hour_burden_mean,AC,0.001442445087363876,0.00017922174679990468,0.00017472018588013323,0.00017922174679990468,0.025117269528665498,True,8.0483820357711355,1,0.0012179956865890731,1,True,calibration__20200317T160000Z,0.19540215343686354,7.4278704155590098,-0.37215819557851171,-0.30655373011667741,gate_pass,74,128
128,42,first_six_hour_burden_mean,B,-0.44477037359124783,0.0036906284335892548,0.0036906284335892548,0.0036838236130757982,0.0018438107861318248,True,120.51345227368076,-1,-0.44412375462483755,-1,True,calibration__20210314T050000Z,0.026112618667055856,49.113296626505814,-0.49004382364161642,-0.6641305280977462,gate_pass,74,128
128,42,first_six_hour_burden_mean,BC,0.0011733983810070729,0.00020220726255884672,0.00018674453900263563,0.00020220726255884672,0.076469674533629073,True,5.8029487475287311,1,0.00052543923255586958,1,True,calibration__20200511T090000Z,0.23180635030234983,6.5772574469365637,-0.47703209134514518,-0.49998941093789617,gate_pass,74,128
128,42,first_six_hour_burden_mean,C,-0.0015429085161422079,0.00018920048705099775,0.00018674453900263563,0.00018920048705099775,0.012980664514357919,True,8.1548865977619123,-1,-0.0013700338271504641,-1,True,calibration__20200511T090000Z,0.23180635030234983,6.5772574469365637,-0.47703209134514518,-0.46521891058753317,gate_pass,74,128
128,42,initial_gap_q4_q1_burden_contrast,A,-0.00061852943763394215,0.00033934435800583488,0.00033683566392155771,0.00033934435800583488,0.0073927679217051512,True,1.8227190847337051,-1,-0.0020559300658874722,-1,True,calibration__20210206T010000Z,0.62114991397157271,2.2560063542193607,-0.59124022595698122,-0.58148372923998182,gate_pass,74,128
128,42,initial_gap_q4_q1_burden_contrast,AB,-0.00082061529920816304,0.00033683566392155771,0.00033683566392155771,0.00033595325118101636,0.0026197129195525116,True,2.4362482572488759,-1,-0.0012335436183230544,-1,True,calibration__20210206T010000Z,0.62114991397157271,2.2560063542193607,-0.59124022595698122,-0.5971978104055079,gate_pass,74,128
128,42,initial_gap_q4_q1_burden_contrast,ABC,0.00082061529920816304,0.00033683566392155771,0.00033683566392155771,0.00033595325118101636,0.0026197129195525116,True,2.4362482572488759,1,0.0012335436183230544,1,True,calibration__20210206T010000Z,0.62114991397157271,2.2560063542193607,-0.59124022595698122,-0.5971978104055079,gate_pass,74,128
128,42,initial_gap_q4_q1_burden_contrast,AC,0.00061852943763394215,0.00033934435800583488,0.00033683566392155771,0.00033934435800583488,0.0073927679217051512,True,1.8227190847337051,1,0.0020559300658874722,1,True,calibration__20210206T010000Z,0.62114991397157271,2.2560063542193607,-0.59124022595698122,-0.58148372923998182,gate_pass,74,128
128,42,initial_gap_q4_q1_burden_contrast,B,-0.035188089174642945,0.010922819203583121,0.010455008210993986,0.010922819203583121,0.042828777430983594,True,3.2215207922785947,-1,-0.041142156243924199,-1,True,calibration__20210314T050000Z,0.049358113735187836,25.318531143841998,-0.47967803233443607,-0.62121010317206005,gate_pass,74,128
128,42,initial_gap_q4_q1_burden_contrast,BC,-0.00082061529920816304,0.00033683566392155771,0.00033683566392155771,0.00033595325118101636,0.0026197129195525116,True,2.4362482572488759,-1,-0.0012335436183230544,-1,True,calibration__20210206T010000Z,0.62114991397157271,2.2560063542193607,-0.59124022595698122,-0.5971978104055079,gate_pass,74,128
128,42,initial_gap_q4_q1_burden_contrast,C,-0.00061852943763394215,0.00033934435800583488,0.00033683566392155771,0.00033934435800583488,0.0073927679217051512,True,1.8227190847337051,-1,-0.0020559300658874722,-1,True,calibration__20210206T010000Z,0.62114991397157271,2.2560063542193607,-0.59124022595698122,-0.58148372923998182,gate_pass,74,128
128,42,maximum_downside_deviation_mean,A,-0.00013064822635135135,4.3931787850944176e-05,4.1151619404832105e-05,4.3931787850944176e-05,0.063283753794516229,True,2.9738882194967049,-1,-5.2259290540540542e-05,-1,True,calibration__20200511T090000Z,0.29761904761904767,5.0237326751471425,-0.37488160698099715,-0.33057996358356717,gate_pass,74,128
128,42,maximum_downside_deviation_mean,AB,0.00013064822635135135,4.3931787850944176e-05,4.1151619404832105e-05,4.3931787850944176e-05,0.063283753794516229,True,2.9738882194967049,1,5.2259290540540542e-05,1,True,calibration__20200511T090000Z,0.29761904761904767,5.0237326751471425,-0.37488160698099715,-0.33057996358356717,gate_pass,74,128
128,42,maximum_downside_deviation_mean,ABC,-0.00013064822635135135,4.3931787850944176e-05,4.1151619404832105e-05,4.3931787850944176e-05,0.063283753794516229,True,2.9738882194967049,-1,-5.2259290540540542e-05,-1,True,calibration__20200511T090000Z,0.29761904761904767,5.0237326751471425,-0.37488160698099715,-0.33057996358356717,gate_pass,74,128
128,42,maximum_downside_deviation_mean,AC,0.00013064822635135135,4.3931787850944176e-05,4.1151619404832105e-05,4.3931787850944176e-05,0.063283753794516229,True,2.9738882194967049,1,5.2259290540540542e-05,1,True,calibration__20200511T090000Z,0.29761904761904767,5.0237326751471425,-0.37488160698099715,-0.33057996358356717,gate_pass,74,128
128,42,maximum_downside_deviation_mean,B,-0.33516495988175682,0.00077518255867089147,0.00077518255867089147,0.00074902550809016982,0.033743084500726987,True,432.36906730257482,-1,-0.33597497888513511,-1,True,calibration__20210409T070000Z,0.097186311787072266,22.620233627822543,-0.45990735744153699,-0.49838173536390873,gate_pass,74,128
128,42,maximum_downside_deviation_mean,BC,0.00018290751689189189,5.6367061353334493e-05,5.5113231652336316e-05,5.6367061353334493e-05,0.022244013984312555,True,3.2449361825933059,1,5.2259290540540542e-05,1,True,calibration__20200511T090000Z,0.3853982300884955,3.880954479555768,-0.18308271358193906,-0.16970789980427003,gate_pass,74,128
128,42,maximum_downside_deviation_mean,C,-0.00018290751689188363,5.6367061353334493e-05,5.5113231652336316e-05,5.6367061353334493e-05,0.022244013984312555,True,3.2449361825931593,-1,-5.2259290540532289e-05,-1,True,calibration__20200511T090000Z,0.3853982300884955,3.880954479555768,-0.18308271358193906,-0.16970789980427003,gate_pass,74,128
128,42,recovery_completion_hours_mean,A,-1.2548300253378379,0.072973790826819374,0.072366670230117683,0.072973790826819374,0.0083197075254388651,True,17.195626143580608,-1,-1.1059966216216217,-1,True,calibration__20200511T090000Z,0.18963619383882593,7.8342402335663364,-0.40955334032278456,-0.30606526936382134,gate_pass,74,128
128,42,recovery_completion_hours_mean,AB,-0.89281566722972971,0.0751133297752722,0.071829301952121033,0.0751133297752722,0.043720972468887814,True,11.886248018839002,-1,-0.96051520270270274,-1,True,calibration__20200511T090000Z,0.18777285455716133,7.7953947583927716,-0.39667193961115155,-0.43302381896275843,gate_pass,74,128
128,42,recovery_completion_hours_mean,ABC,0.89281566722972971,0.0751133297752722,0.071829301952121033,0.0751133297752722,0.043720972468887814,True,11.886248018839002,1,0.96051520270270274,1,True,calibration__20200511T090000Z,0.18777285455716133,7.7953947583927716,-0.39667193961115155,-0.43302381896275843,gate_pass,74,128
128,42,recovery_completion_hours_mean,AC,1.2548300253378379,0.072973790826819374,0.072366670230117683,0.072973790826819374,0.0083197075254388651,True,17.195626143580608,1,1.1059966216216217,1,True,calibration__20200511T090000Z,0.18963619383882593,7.8342402335663364,-0.40955334032278456,-0.30606526936382134,gate_pass,74,128
128,42,recovery_completion_hours_mean,B,-458.37666279560813,1.0827356068204101,1.0827356068204101,1.0466317000563401,0.033345081233722172,True,423.35050210613196,-1,-459.48036317567568,-1,True,calibration__20210409T070000Z,0.09820361143524467,22.417199475001777,-0.4611134080317949,-0.50046656525655242,gate_pass,74,128
128,42,recovery_completion_hours_mean,BC,-0.96487014358108103,0.088121180001018762,0.088121180001018762,0.08682851805094724,0.01466914026862302,True,10.94935568917627,-1,-1.1361908783783783,-1,True,calibration__20200511T090000Z,0.29297750471518819,5.8631955891166196,-0.27190353131666273,-0.31927669961852378,gate_pass,74,128
128,42,recovery_completion_hours_mean,C,-1.4726826435810811,0.090802827070699213,0.089156314331527042,0.090802827070699213,0.018132835642773473,True,16.218466881371967,-1,-1.2816722972972974,-1,True,calibration__20200511T090000Z,0.28274680795429341,5.8511920857812107,-0.28135544305581156,-0.26274692343974371,gate_pass,74,128
128,94,failed_recovery_attempts_mean,A,0.00052787162162162165,0.00021990355463019219,0.00019875726743879375,0.00021990355463019219,0.096161643348420506,True,2.4004687987392188,1,0.00084459459459459464,1,True,calibration__20200511T090000Z,0.24979172452096637,6.2813489165725125,-0.50899526315866139,-0.43072459373125893,gate_pass,74,128
128,94,failed_recovery_attempts_mean,AB,-0.00052787162162162165,0.00021990355463019219,0.00019875726743879375,0.00021990355463019219,0.096161643348420506,True,2.4004687987392188,-1,-0.00084459459459459464,-1,True,calibration__20200511T090000Z,0.24979172452096637,6.2813489165725125,-0.50899526315866139,-0.43072459373125893,gate_pass,74,128
128,94,failed_recovery_attempts_mean,ABC,0.00052787162162162165,0.00021990355463019219,0.00019875726743879375,0.00021990355463019219,0.096161643348420506,True,2.4004687987392188,1,0.00084459459459459464,1,True,calibration__20200511T090000Z,0.24979172452096637,6.2813489165725125,-0.50899526315866139,-0.43072459373125893,gate_pass,74,128
128,94,failed_recovery_attempts_mean,AC,-0.00052787162162162165,0.00021990355463019219,0.00019875726743879375,0.00021990355463019219,0.096161643348420506,True,2.4004687987392188,-1,-0.00084459459459459464,-1,True,calibration__20200511T090000Z,0.24979172452096637,6.2813489165725125,-0.50899526315866139,-0.43072459373125893,gate_pass,74,128
128,94,failed_recovery_attempts_mean,B,-0.21114864864864866,0.0037767700696569109,0.0037078057302766762,0.0037767700696569109,0.018260137129952319,True,55.907202385722627,-1,-0.21579391891891891,-1,True,calibration__20200802T100000Z,0.029971919280099405,47.750732022456013,-0.50221089467383906,-0.51155499550678485,gate_pass,74,128
128,94,failed_recovery_attempts_mean,BC,-0.00052787162162162165,0.00023829152161720821,0.00021241775345649236,0.00023829152161720821,0.10858031366419953,True,2.2152345918105945,-1,-0.00084459459459459464,-1,True,calibration__20200511T090000Z,0.34318016046681254,5.2089590268840702,-0.4690796229748736,-0.38755909520928022,gate_pass,74,128
128,94,failed_recovery_attempts_mean,C,0.00052787162162162165,0.00023829152161720821,0.00021241775345649236,0.00023829152161720821,0.10858031366419953,True,2.2152345918105945,1,0.00084459459459459464,1,True,calibration__20200511T090000Z,0.34318016046681254,5.2089590268840702,-0.4690796229748736,-0.38755909520928022,gate_pass,74,128
128,94,first_six_hour_burden_mean,A,-0.0013073776969326821,0.00016229403858473586,0.00016229403858473586,0.00015755113249485691,0.029224154696246701,True,8.0556113356565646,-1,-0.0012558713828707659,-1,True,calibration__20210206T010000Z,0.176388876043091,8.8626795661498932,-0.48453683405768588,-0.43649041258702553,gate_pass,74,128
128,94,first_six_hour_burden_mean,AB,0.00093786756179754696,0.00016724567119532859,0.00016229403858473586,0.00016724567119532859,0.029606940348307451,True,5.6077239852874765,1,0.00041127678827617136,1,True,calibration__20210206T010000Z,0.176388876043091,8.8626795661498932,-0.48453683405768588,-0.47827547156819383,gate_pass,74,128
128,94,first_six_hour_burden_mean,ABC,-0.00093786756179754696,0.00016724567119532859,0.00016229403858473586,0.00016724567119532859,0.029606940348307451,True,5.6077239852874765,-1,-0.00041127678827617136,-1,True,calibration__20210206T010000Z,0.176388876043091,8.8626795661498932,-0.48453683405768588,-0.47827547156819383,gate_pass,74,128
128,94,first_six_hour_burden_mean,AC,0.0013073776969326821,0.00016229403858473586,0.00016229403858473586,0.00015755113249485691,0.029224154696246701,True,8.0556113356565646,1,0.0012558713828707659,1,True,calibration__20210206T010000Z,0.176388876043091,8.8626795661498932,-0.48453683405768588,-0.43649041258702553,gate_pass,74,128
128,94,first_six_hour_burden_mean,B,-0.42973936995851647,0.003821404004417322,0.0037594381412301477,0.003821404004417322,0.016215470312886397,True,112.45588518297532,-1,-0.4292514461629095,-1,True,calibration__20210314T050000Z,0.02523695769487486,49.984268042881723,-0.48435012507722075,-0.66409797533759052,gate_pass,74,128
128,94,first_six_hour_burden_mean,BC,0.00096214775624027559,0.00016996345506433799,0.00016297372677173143,0.00016996345506433799,0.04112488940614125,True,5.6609096106928636,1,0.00041127678827617136,1,True,calibration__20210206T010000Z,0.1749206708791502,8.8439604142736883,-0.48275056903793334,-0.47138575166822871,gate_pass,74,128
128,94,first_six_hour_burden_mean,C,-0.0013316578913754107,0.00016297372677173143,0.00016297372677173143,0.00015999229054186199,0.018293968536691657,True,8.1709973610690803,-1,-0.0012558713828707659,-1,True,calibration__20210206T010000Z,0.1749206708791502,8.8439604142736883,-0.48275056903793334,-0.42991871005388038,gate_pass,74,128
128,94,initial_gap_q4_q1_burden_contrast,A,-0.00070570645115021957,0.00032909084486344606,0.000328023552691754,0.00032909084486344606,0.0032431536408584071,True,2.1444122866530897,-1,-0.0020559210610235062,-1,True,calibration__20210206T010000Z,0.65497166103631133,2.0867621321905432,-0.61506594646267632,-0.6080250705092517,gate_pass,74,128
128,94,initial_gap_q4_q1_burden_contrast,AB,-0.00073343828569188572,0.00032861304178354077,0.000328023552691754,0.00032861304178354077,0.0017938700441934023,True,2.231920807863145,-1,-0.0012335526231870202,-1,True,calibration__20210206T010000Z,0.65497166103631133,2.0867621321905432,-0.61506594646267632,-0.61843979448706254,gate_pass,74,128
128,94,initial_gap_q4_q1_burden_contrast,ABC,0.00073343828569188572,0.00032861304178354077,0.000328023552691754,0.00032861304178354077,0.0017938700441934023,True,2.231920807863145,1,0.0012335526231870202,1,True,calibration__20210206T010000Z,0.65497166103631133,2.0867621321905432,-0.61506594646267632,-0.61843979448706254,gate_pass,74,128
128,94,initial_gap_q4_q1_burden_contrast,AC,0.00070570645115021957,0.00032909084486344606,0.000328023552691754,0.00032909084486344606,0.0032431536408584071,True,2.1444122866530897,1,0.0020559210610235062,1,True,calibration__20210206T010000Z,0.65497166103631133,2.0867621321905432,-0.61506594646267632,-0.6080250705092517,gate_pass,74,128
128,94,initial_gap_q4_q1_burden_contrast,B,-0.042637980649715412,0.011216756773844847,0.010598654250225289,0.011216756773844847,0.055105280080677603,True,3.8012753159753228,-1,-0.052333237922657094,-1,True,calibration__20210314T050000Z,0.048165677569037606,25.65419927768205,-0.47156142937250245,-0.57643093241320653,gate_pass,74,128
128,94,initial_gap_q4_q1_burden_contrast,BC,-0.00073343828569188572,0.00032861304178354077,0.000328023552691754,0.00032861304178354077,0.0017938700441934023,True,2.231920807863145,-1,-0.0012335526231870202,-1,True,calibration__20210206T010000Z,0.65497166103631133,2.0867621321905432,-0.61506594646267632,-0.61843979448706254,gate_pass,74,128
128,94,initial_gap_q4_q1_burden_contrast,C,-0.00070570645115021957,0.00032909084486344606,0.000328023552691754,0.00032909084486344606,0.0032431536408584071,True,2.1444122866530897,-1,-0.0020559210610235062,-1,True,calibration__20210206T010000Z,0.65497166103631133,2.0867621321905432,-0.61506594646267632,-0.6080250705092517,gate_pass,74,128
128,94,maximum_downside_deviation_mean,A,-0.0003788798564189189,6.6909683274233314e-05,6.6909683274233314e-05,6.2118112938475592e-05,0.071612509599233737,True,5.6625564175226666,-1,-0.00041807432432432434,-1,True,calibration__20210206T010000Z,0.62173521465025516,2.4094275841297215,-0.5516499122042462,-0.56135601018183856,gate_pass,74,128
128,94,maximum_downside_deviation_mean,AB,-0.00011758340371621622,6.985778033201025e-05,6.6909683274233314e-05,6.985778033201025e-05,0.042201413268008713,True,1.6831826484807038,-1,-0.00031355574324324324,-1,True,calibration__20210206T010000Z,0.62173521465025516,2.4094275841297215,-0.5516499122042462,-0.55712214487761169,gate_pass,74,128
128,94,maximum_downside_deviation_mean,ABC,0.00011758340371621622,6.985778033201025e-05,6.6909683274233314e-05,6.985778033201025e-05,0.042201413268008713,True,1.6831826484807038,1,0.00031355574324324324,1,True,calibration__20210206T010000Z,0.62173521465025516,2.4094275841297215,-0.5516499122042462,-0.55712214487761169,gate_pass,74,128
128,94,maximum_downside_deviation_mean,AC,0.0003788798564189189,6.6909683274233314e-05,6.6909683274233314e-05,6.2118112938475592e-05,0.071612509599233737,True,5.6625564175226666,1,0.00041807432432432434,1,True,calibration__20210206T010000Z,0.62173521465025516,2.4094275841297215,-0.5516499122042462,-0.56135601018183856,gate_pass,74,128
128,94,maximum_downside_deviation_mean,B,-0.34066525021114863,0.0008210237956878981,0.00080662622739754758,0.0008210237956878981,0.017536115720357969,True,414.92737725795251,-1,-0.34125316722972981,-1,True,calibration__20210409T070000Z,0.090128835154211759,24.909616041402373,-0.45878914401430182,-0.48332626541068585,gate_pass,74,128
128,94,maximum_downside_deviation_mean,BC,-6.5324113175675673e-05,7.6294942423349061e-05,7.6294942423349061e-05,7.5123289240268162e-05,0.015356891896969696,True,0.85620502618905037,-1,-0.00031355574324324324,-1,True,calibration__20210206T010000Z,0.47818055876241056,3.3465113702516751,-0.46082667564183527,-0.50562104164881805,gate_pass,74,128
128,94,maximum_downside_deviation_mean,C,-0.00043113914695945153,7.6294942423349048e-05,7.6294942423349048e-05,7.4764617870594591e-05,0.020058007833113217,True,5.6509531728476299,-1,-0.00041807432432431637,-1,True,calibration__20210206T010000Z,0.47818055876241045,3.3465113702516764,-0.46082667564183527,-0.43599771441927371,gate_pass,74,128
128,94,recovery_completion_hours_mean,A,-1.6030933277027026,0.10342912396076573,0.10342912396076573,0.095810005568962908,0.073665115782021104,True,15.499438323685423,-1,-1.6194045608108107,-1,True,calibration__20210206T010000Z,0.51292862122065708,3.4071979044083767,-0.53464917257614142,-0.56685661882703475,gate_pass,74,128
128,94,recovery_completion_hours_mean,AB,-1.2416068412162162,0.10655451806194194,0.10321820712830669,0.10655451806194194,0.031310835000875267,True,11.652315301116085,-1,-1.4743454391891893,-1,True,calibration__20210206T010000Z,0.51502700708437332,3.3858701216249361,-0.53578064095660205,-0.5410227435311894,gate_pass,74,128
128,94,recovery_completion_hours_mean,ABC,1.2416068412162162,0.10655451806194194,0.10321820712830669,0.10655451806194194,0.031310835000875267,True,11.652315301116085,1,1.4743454391891893,1,True,calibration__20210206T010000Z,0.51502700708437332,3.3858701216249361,-0.53578064095660205,-0.5410227435311894,gate_pass,74,128
128,94,recovery_completion_hours_mean,AC,1.6030933277027026,0.10342912396076573,0.10342912396076573,0.095810005568962908,0.073665115782021104,True,15.499438323685423,1,1.6194045608108107,1,True,calibration__20210206T010000Z,0.51292862122065708,3.4071979044083767,-0.53464917257614142,-0.56685661882703475,gate_pass,74,128
128,94,recovery_completion_hours_mean,B,-466.11085304054052,1.1462203484183549,1.1263751593034752,1.1462203484183549,0.017313589958740133,True,406.65030391732006,-1,-466.89516469594594,-1,True,calibration__20210409T070000Z,0.091117442033771728,24.689156687880075,-0.45997289772737532,-0.48378367642445924,gate_pass,74,128
128,94,recovery_completion_hours_mean,BC,-1.3136613175675675,0.11515513878792964,0.11515513878792964,0.11163548727028511,0.030564432944033416,True,11.407752458071487,-1,-1.6500211148648649,-1,True,calibration__20210206T010000Z,0.41378617801377277,4.3532189360055851,-0.46351914179264442,-0.51783136551116971,gate_pass,74,128
128,94,recovery_completion_hours_mean,C,-1.8209459459459461,0.11579586843940742,0.11579586843940742,0.11353514810206844,0.019523324690310109,True,15.725482873327156,-1,-1.7950802364864864,-1,True,calibration__20210206T010000Z,0.40921966673740418,4.3976603159048739,-0.4598894190471654,-0.44247920754830095,gate_pass,74,128
128,97,failed_recovery_attempts_mean,A,7.9180743243243248e-05,5.9017841466949682e-05,5.9017841466949682e-05,5.8831664846993038e-05,0.0031545819929877312,True,1.3416407864998741,1,0.00010557432432432433,1,True,calibration__20210317T020000Z,0.40314960629921259,2.7776246994881824,-0.60234370287673489,-0.60369413979028341,gate_pass,74,128
128,97,failed_recovery_attempts_mean,AB,-7.9180743243243248e-05,5.9017841466949682e-05,5.9017841466949682e-05,5.8831664846993038e-05,0.0031545819929877312,True,1.3416407864998741,-1,-0.00010557432432432433,-1,True,calibration__20210317T020000Z,0.40314960629921259,2.7776246994881824,-0.60234370287673489,-0.60369413979028341,gate_pass,74,128
128,97,failed_recovery_attempts_mean,ABC,7.9180743243243248e-05,5.9017841466949682e-05,5.9017841466949682e-05,5.8831664846993038e-05,0.0031545819929877312,True,1.3416407864998741,1,0.00010557432432432433,1,True,calibration__20210317T020000Z,0.40314960629921259,2.7776246994881824,-0.60234370287673489,-0.60369413979028341,gate_pass,74,128
128,97,failed_recovery_attempts_mean,AC,-7.9180743243243248e-05,5.9017841466949682e-05,5.9017841466949682e-05,5.8831664846993038e-05,0.0031545819929877312,True,1.3416407864998741,-1,-0.00010557432432432433,-1,True,calibration__20210317T020000Z,0.40314960629921259,2.7776246994881824,-0.60234370287673489,-0.60369413979028341,gate_pass,74,128
128,97,failed_recovery_attempts_mean,B,-0.23387352195945946,0.0038488188858805165,0.0038488188858805165,0.0038241041153831245,0.0064213908812541529,True,60.765011005695804,-1,-0.2477829391891892,-1,True,calibration__20210725T140000Z,0.026299233765988507,48.955633769697592,-0.48739099940966901,-0.50888600311448495,gate_pass,74,128
128,97,failed_recovery_attempts_mean,BC,-7.9180743243243248e-05,5.9017841466949682e-05,5.9017841466949682e-05,5.8831664846993038e-05,0.0031545819929877312,True,1.3416407864998741,-1,-0.00010557432432432433,-1,True,calibration__20210317T020000Z,0.40314960629921259,2.7776246994881824,-0.60234370287673489,-0.60369413979028341,gate_pass,74,128
128,97,failed_recovery_attempts_mean,C,7.9180743243243248e-05,5.9017841466949682e-05,5.9017841466949682e-05,5.8831664846993038e-05,0.0031545819929877312,True,1.3416407864998741,1,0.00010557432432432433,1,True,calibration__20210317T020000Z,0.40314960629921259,2.7776246994881824,-0.60234370287673489,-0.60369413979028341,gate_pass,74,128
128,97,first_six_hour_burden_mean,A,-0.00012280840126751978,3.0197860624878416e-05,3.0197860624878416e-05,2.9067519537720162e-05,0.037431164452326339,True,4.0667914456941512,-1,-5.7211929280808254e-05,-1,True,calibration__20210710T100000Z,0.46998436068606375,3.5804588515820694,0.24200702990203701,0.28484414241110456,gate_pass,74,128
128,97,first_six_hour_burden_mean,AB,0.00012280840126751978,3.0197860624878413e-05,3.0197860624878413e-05,2.9067519537720162e-05,0.037431164452326228,True,4.0667914456941512,1,5.7211929280808261e-05,1,True,calibration__20210710T100000Z,0.4699843606860637,3.5804588515820703,0.24200702990203701,0.28484414241110456,gate_pass,74,128
128,97,first_six_hour_burden_mean,ABC,-0.00012280840126751978,3.0197860624878416e-05,3.0197860624878416e-05,2.9067519537720162e-05,0.037431164452326339,True,4.0667914456941512,-1,-5.7211929280808254e-05,-1,True,calibration__20210710T100000Z,0.46998436068606375,3.5804588515820694,0.24200702990203701,0.28484414241110456,gate_pass,74,128
128,97,first_six_hour_burden_mean,AC,0.00012280840126751978,3.0197860624878416e-05,3.0197860624878416e-05,2.9067519537720162e-05,0.037431164452326339,True,4.0667914456941512,1,5.7211929280808261e-05,1,True,calibration__20210710T100000Z,0.46998436068606375,3.5804588515820694,0.24200702990203701,0.28484414241110456,gate_pass,74,128
128,97,first_six_hour_burden_mean,B,-0.41107636296639727,0.0038818530997969851,0.0036760716211294399,0.0038818530997969851,0.053011145289940845,True,105.89693952815884,-1,-0.40419620708953186,-1,True,calibration__20200128T020000Z,0.025410480208299918,50.436602559222365,-0.4866197056660681,-0.61233852106268472,gate_pass,74,128
128,97,first_six_hour_burden_mean,BC,0.00012565569540390971,3.0268443299432273e-05,3.0268443299432273e-05,2.9104751707555199e-05,0.03844570334738362,True,4.151376209237247,1,5.7211929280808261e-05,1,True,calibration__20210710T100000Z,0.4677950128398371,3.610527694889909,0.24300487114652577,0.2853912578262614,gate_pass,74,128
128,97,first_six_hour_burden_mean,C,-0.00012565569540390971,3.0268443299432273e-05,3.0268443299432273e-05,2.9104751707555199e-05,0.03844570334738362,True,4.151376209237247,-1,-5.721192928080824e-05,-1,True,calibration__20210710T100000Z,0.4677950128398371,3.610527694889909,0.24300487114652577,0.2853912578262614,gate_pass,74,128
128,97,initial_gap_q4_q1_burden_contrast,A,-7.9327051751612823e-05,8.4097276826711461e-05,8.4043397571820105e-05,8.4097276826711461e-05,0.00064067775942825941,True,0.94327729440124397,-1,2.3237319912661475e-06,1,False,calibration__20210710T100000Z,0.92041734585309865,1.176364196110641,1.4819579275364645,1.4770727015157172,gate_pass,74,128
128,97,initial_gap_q4_q1_burden_contrast,AB,7.9327051751612796e-05,8.4097276826711461e-05,8.4043397571820092e-05,8.4097276826711461e-05,0.00064067775942842063,True,0.94327729440124375,1,-2.3237319912661932e-06,-1,False,calibration__20210710T100000Z,0.92041734585309853,1.1763641961106415,1.4819579275364645,1.4770727015157172,gate_pass,74,128
128,97,initial_gap_q4_q1_burden_contrast,ABC,-7.9327051751612782e-05,8.4097276826711461e-05,8.4043397571820105e-05,8.4097276826711461e-05,0.00064067775942825941,True,0.94327729440124353,-1,2.3237319912661932e-06,1,False,calibration__20210710T100000Z,0.92041734585309865,1.176364196110641,1.4819579275364645,1.4770727015157172,gate_pass,74,128
128,97,initial_gap_q4_q1_burden_contrast,AC,7.932705175161281e-05,8.4097276826711461e-05,8.4043397571820105e-05,8.4097276826711461e-05,0.00064067775942825941,True,0.94327729440124386,1,-2.3237319912661932e-06,-1,False,calibration__20210710T100000Z,0.92041734585309865,1.176364196110641,1.4819579275364645,1.4770727015157172,gate_pass,74,128
128,97,initial_gap_q4_q1_burden_contrast,B,-0.0016854597540736926,0.010869123178414368,0.010441151579519315,0.010869123178414368,0.039374988384066396,True,0.15506860364053529,-1,-0.016166918008267528,-1,True,calibration__20210607T170000Z,0.047680169511105153,26.109742697964407,-0.47367343736574014,-0.56501076161042885,gate_pass,74,128
128,97,initial_gap_q4_q1_burden_contrast,BC,7.9327051751612782e-05,8.4097276826711475e-05,8.4043397571820105e-05,8.4097276826711475e-05,0.00064067775942842052,True,0.94327729440124342,1,-2.3237319912662902e-06,-1,False,calibration__20210710T100000Z,0.92041734585309853,1.1763641961106415,1.4819579275364636,1.4770727015157146,gate_pass,74,128
128,97,initial_gap_q4_q1_burden_contrast,C,-7.9327051751612782e-05,8.4097276826711475e-05,8.4043397571820105e-05,8.4097276826711475e-05,0.00064067775942842052,True,0.94327729440124342,-1,2.3237319912661987e-06,1,False,calibration__20210710T100000Z,0.92041734585309853,1.1763641961106415,1.4819579275364636,1.4770727015157146,gate_pass,74,128
128,97,maximum_downside_deviation_mean,A,-3.9194467905405405e-05,2.262893659592996e-05,2.262893659592996e-05,2.2450048915792464e-05,0.0079052623343189056,True,1.7320508075688772,-1,0,0,False,calibration__20200511T090000Z,0.33333333333333337,3,-0.20751874963941958,-0.2189689506944586,gate_pass,74,128
128,97,maximum_downside_deviation_mean,AB,3.9194467905405405e-05,2.262893659592996e-05,2.262893659592996e-05,2.2450048915792464e-05,0.0079052623343189056,True,1.7320508075688772,1,0,0,False,calibration__20200511T090000Z,0.33333333333333337,3,-0.20751874963941958,-0.2189689506944586,gate_pass,74,128
128,97,maximum_downside_deviation_mean,ABC,-3.9194467905405405e-05,2.262893659592996e-05,2.262893659592996e-05,2.2450048915792464e-05,0.0079052623343189056,True,1.7320508075688772,-1,0,0,False,calibration__20200511T090000Z,0.33333333333333337,3,-0.20751874963941958,-0.2189689506944586,gate_pass,74,128
128,97,maximum_downside_deviation_mean,AC,3.9194467905405405e-05,2.262893659592996e-05,2.262893659592996e-05,2.2450048915792464e-05,0.0079052623343189056,True,1.7320508075688772,1,0,0,False,calibration__20200511T090000Z,0.33333333333333337,3,-0.20751874963941958,-0.2189689506944586,gate_pass,74,128
128,97,maximum_downside_deviation_mean,B,-0.33624934016047298,0.0004887185381873319,0.00048339565715094538,0.0004887185381873319,0.010891506297529057,True,688.0224789663788,-1,-0.33634079391891891,-1,True,calibration__20210218T110000Z,0.21460822151028705,9.2584414966898123,-0.48637175125294341,-0.4912803360308326,gate_pass,74,128
128,97,maximum_downside_deviation_mean,BC,6.5324113175675673e-05,3.4488419553796313e-05,3.4488419553796313e-05,3.4214542346630104e-05,0.0079411353349782936,True,1.8940883351810514,1,0,0,False,calibration__20200509T220000Z,0.71299435028248581,1.8196803579767626,-0.76053956834458014,-0.76282331240199264,gate_pass,74,128
128,97,maximum_downside_deviation_mean,C,-6.532411317566704e-05,3.4488419553796313e-05,3.4488419553796313e-05,3.4214542346630104e-05,0.0079411353349782936,True,1.8940883351808009,-1,8.6267329616143917e-18,1,False,calibration__20200509T220000Z,0.71299435028248581,1.8196803579767626,-0.76053956834458014,-0.76282331240199264,gate_pass,74,128
128,97,recovery_completion_hours_mean,A,-1.1285631334459461,0.055443477605622821,0.054391465095752475,0.055443477605622821,0.018974504401644082,True,20.355201047697133,-1,-1.0332559121621621,-1,True,calibration__20210920T030000Z,0.30047076206497542,5.2938027234652854,-0.29892557117981694,-0.30555728234930979,gate_pass,74,128
128,97,recovery_completion_hours_mean,AB,-1.0190825591216217,0.054139384543395917,0.054139384543395917,0.049096760915897958,0.093141502623769176,True,18.823312597962151,-1,-1.0332559121621621,-1,True,calibration__20210920T030000Z,0.30327534401325384,5.2640114246982863,-0.30138301525404659,-0.34346332760915183,gate_pass,74,128
128,97,recovery_completion_hours_mean,ABC,1.0190825591216217,0.054139384543395917,0.054139384543395917,0.049096760915897958,0.093141502623769176,True,18.823312597962151,1,1.0332559121621621,1,True,calibration__20210920T030000Z,0.30327534401325384,5.2640114246982863,-0.30138301525404659,-0.34346332760915183,gate_pass,74,128
128,97,recovery_completion_hours_mean,AC,1.1285631334459461,0.055443477605622821,0.054391465095752475,0.055443477605622821,0.018974504401644082,True,20.355201047697133,1,1.0332559121621621,1,True,calibration__20210920T030000Z,0.30047076206497542,5.2938027234652854,-0.29892557117981694,-0.30555728234930979,gate_pass,74,128
128,97,recovery_completion_hours_mean,B,-459.99110536317568,0.68614714936191135,0.67803870093869456,0.68614714936191135,0.011817360796087703,True,670.39716741656434,-1,-460.1158150337838,-1,True,calibration__20210218T110000Z,0.21503150239388266,9.2580824419411361,-0.48694423356149613,-0.49427634278031041,gate_pass,74,128
128,97,recovery_completion_hours_mean,BC,-1.1273490287162162,0.065043834991549671,0.065043834991549671,0.0586936492263435,0.097629325915840767,True,17.332142682894982,-1,-1.2089315878378379,-1,True,calibration__20200509T220000Z,0.38757036271052453,4.1972100755965833,-0.20656528272251518,-0.31110823667319165,gate_pass,74,128
128,97,recovery_completion_hours_mean,C,-1.3102037584459461,0.06803129749305617,0.066452583137601481,0.06803129749305617,0.023205706985315471,True,19.258838310112726,-1,-1.2089315878378379,-1,True,calibration__20200509T220000Z,0.41171727301575434,3.9910531303784063,-0.1922657074078668,-0.24215893380583867,gate_pass,74,128
128,100,failed_recovery_attempts_mean,A,-0.0023490287162162161,0.00038234306162332547,0.00038234306162332547,0.0003813374987793358,0.0026300015481393155,True,6.1437723133849325,-1,-0.0017947635135135136,-1,True,calibration__20210616T110000Z,0.34580315935612171,4.4865109932644405,-0.2762416645090065,-0.27718555358127356,gate_pass,74,128
128,100,failed_recovery_attempts_mean,AB,0.0023490287162162161,0.00038234306162332547,0.00038234306162332547,0.0003813374987793358,0.0026300015481393155,True,6.1437723133849325,1,0.0017947635135135136,1,True,calibration__20210616T110000Z,0.34580315935612171,4.4865109932644405,-0.2762416645090065,-0.27718555358127356,gate_pass,74,128
128,100,failed_recovery_attempts_mean,ABC,-0.0023490287162162161,0.00038234306162332547,0.00038234306162332547,0.0003813374987793358,0.0026300015481393155,True,6.1437723133849325,-1,-0.0017947635135135136,-1,True,calibration__20210616T110000Z,0.34580315935612171,4.4865109932644405,-0.2762416645090065,-0.27718555358127356,gate_pass,74,128
128,100,failed_recovery_attempts_mean,AC,0.0023490287162162161,0.00038234306162332547,0.00038234306162332547,0.0003813374987793358,0.0026300015481393155,True,6.1437723133849325,1,0.0017947635135135136,1,True,calibration__20210616T110000Z,0.34580315935612171,4.4865109932644405,-0.2762416645090065,-0.27718555358127356,gate_pass,74,128
128,100,failed_recovery_attempts_mean,B,-0.1298828125,0.0060844386500456668,0.0055747140387541706,0.0060844386500456668,0.083775125464971276,True,21.346720703482674,-1,-0.10990287162162163,-1,True,calibration__20201206T020000Z,0.095146869318315203,39.607336836325935,-0.40975816604165127,-0.45326520950639987,gate_pass,74,128
128,100,failed_recovery_attempts_mean,BC,0.0030880489864864866,0.00054177379184640892,0.00048738875930688836,0.00054177379184640892,0.10038328423782178,True,5.6998862495030735,1,0.002639358108108108,1,True,calibration__20210616T110000Z,0.45064308310434797,3.5883044783554836,-0.23265362562521591,-0.18325076386993461,gate_pass,74,128
128,100,failed_recovery_attempts_mean,C,-0.0030880489864864866,0.00054177379184640892,0.00048738875930688836,0.00054177379184640892,0.10038328423782178,True,5.6998862495030735,-1,-0.002639358108108108,-1,True,calibration__20210616T110000Z,0.45064308310434797,3.5883044783554836,-0.23265362562521591,-0.18325076386993461,gate_pass,74,128
128,100,first_six_hour_burden_mean,A,-2.6677228610751596e-08,1.947131145373212e-08,1.947131145373212e-08,1.9418237067374352e-08,0.00272577358150136,True,1.3700786757041112,-1,-3.1321605778074596e-08,-1,True,calibration__20210624T020000Z,0.94449361788188113,1.1180686777599289,-0.19700500598982795,-0.17226951993054418,gate_pass,74,128
128,100,first_six_hour_burden_mean,AB,2.6677228610751596e-08,1.947131145373212e-08,1.947131145373212e-08,1.9418237067374352e-08,0.00272577358150136,True,1.3700786757041112,1,3.1321605778074596e-08,1,True,calibration__20210624T020000Z,0.94449361788188113,1.1180686777599289,-0.19700500598982795,-0.17226951993054418,gate_pass,74,128
128,100,first_six_hour_burden_mean,ABC,-2.6677228610751596e-08,1.947131145373212e-08,1.947131145373212e-08,1.9418237067374352e-08,0.00272577358150136,True,1.3700786757041112,-1,-3.1321605778074596e-08,-1,True,calibration__20210624T020000Z,0.94449361788188113,1.1180686777599289,-0.19700500598982795,-0.17226951993054418,gate_pass,74,128
128,100,first_six_hour_burden_mean,AC,2.6677228610751596e-08,1.947131145373212e-08,1.947131145373212e-08,1.9418237067374352e-08,0.00272577358150136,True,1.3700786757041112,1,3.1321605778074596e-08,1,True,calibration__20210624T020000Z,0.94449361788188113,1.1180686777599289,-0.19700500598982795,-0.17226951993054418,gate_pass,74,128
128,100,first_six_hour_burden_mean,B,-0.0020784672749545666,0.00024367588886968394,0.00024367588886968394,0.00023079731157212713,0.052851258108856963,True,8.5296386302139044,-1,-0.0022130258278680284,-1,True,calibration__20210218T110000Z,0.10212198413965216,21.517567420970284,-0.429069733934756,-0.63398316793424725,gate_pass,74,128
128,100,first_six_hour_burden_mean,BC,2.6677228610751711e-08,1.947131145373213e-08,1.947131145373213e-08,1.9418237067374375e-08,0.0027257735815006791,True,1.3700786757041166,1,3.1321605778075053e-08,1,True,calibration__20210624T020000Z,0.94449361788188035,1.1180686777599307,-0.19700500598983123,-0.17226951993055231,gate_pass,74,128
128,100,first_six_hour_burden_mean,C,-2.6677228610751711e-08,1.947131145373213e-08,1.947131145373213e-08,1.9418237067374375e-08,0.0027257735815006791,True,1.3700786757041166,-1,-3.1321605778075053e-08,-1,True,calibration__20210624T020000Z,0.94449361788188035,1.1180686777599307,-0.19700500598983123,-0.17226951993055231,gate_pass,74,128
128,100,initial_gap_q4_q1_burden_contrast,A,2.3279042057117612e-08,1.7866718007476151e-08,1.7866718007476151e-08,1.7817578814903534e-08,0.0027503200393074489,True,1.3029277143892195,1,9.3116168228470447e-08,1,True,calibration__20210306T130000Z,0.858233673075396,1.321592780518311,-1.0000000000000016,-0.98999212452084273,gate_pass,74,128
128,100,initial_gap_q4_q1_burden_contrast,AB,-2.3279042057117612e-08,1.7866718007476151e-08,1.7866718007476151e-08,1.7817578814903534e-08,0.0027503200393074489,True,1.3029277143892195,-1,-9.3116168228470447e-08,-1,True,calibration__20210306T130000Z,0.858233673075396,1.321592780518311,-1.0000000000000016,-0.98999212452084273,gate_pass,74,128
128,100,initial_gap_q4_q1_burden_contrast,ABC,2.3279042057117612e-08,1.7866718007476151e-08,1.7866718007476151e-08,1.7817578814903534e-08,0.0027503200393074489,True,1.3029277143892195,1,9.3116168228470447e-08,1,True,calibration__20210306T130000Z,0.858233673075396,1.321592780518311,-1.0000000000000016,-0.98999212452084273,gate_pass,74,128
128,100,initial_gap_q4_q1_burden_contrast,AC,-2.3279042057117612e-08,1.7866718007476151e-08,1.7866718007476151e-08,1.7817578814903534e-08,0.0027503200393074489,True,1.3029277143892195,-1,-9.3116168228470447e-08,-1,True,calibration__20210306T130000Z,0.858233673075396,1.321592780518311,-1.0000000000000016,-0.98999212452084273,gate_pass,74,128
128,100,initial_gap_q4_q1_burden_contrast,B,-0.00040609440739676613,0.00080209337263745619,0.00075915015478425984,0.00080209337263745619,0.053538926162660809,True,0.50629318387389244,-1,-0.0027509464214425933,-1,True,calibration__20210218T110000Z,0.1596045359385744,11.842434255890744,-0.46775696648746906,-0.52442723425938853,gate_pass,74,128
128,100,initial_gap_q4_q1_burden_contrast,BC,-2.3279042057117969e-08,1.7866718007476283e-08,1.7866718007476283e-08,1.7817578814903686e-08,0.0027503200393063174,True,1.3029277143892299,-1,-9.3116168228471876e-08,-1,True,calibration__20210306T130000Z,0.85823367307538334,1.3215927805183427,-1.0000000000000024,-0.98999212452084195,gate_pass,74,128
128,100,initial_gap_q4_q1_burden_contrast,C,2.3279042057117969e-08,1.7866718007476283e-08,1.7866718007476283e-08,1.7817578814903686e-08,0.0027503200393063174,True,1.3029277143892299,1,9.3116168228471876e-08,1,True,calibration__20210306T130000Z,0.85823367307538334,1.3215927805183427,-1.0000000000000024,-0.98999212452084195,gate_pass,74,128
128,100,maximum_downside_deviation_mean,A,-4.2253349737318252e-06,4.7538657015696814e-07,4.7088829571661244e-07,4.7538657015696814e-07,0.0094623506904505505,True,8.8882085422326078,-1,-4.5921939194082685e-06,-1,True,calibration__20210616T110000Z,0.36194881804282486,4.3636627136908253,-0.51922159533199719,-0.46253762943157267,gate_pass,74,128
128,100,maximum_downside_deviation_mean,AB,4.2253349737318252e-06,4.7538657015696814e-07,4.7088829571661244e-07,4.7538657015696814e-07,0.0094623506904505505,True,8.8882085422326078,1,4.5921939194082685e-06,1,True,calibration__20210616T110000Z,0.36194881804282486,4.3636627136908253,-0.51922159533199719,-0.46253762943157267,gate_pass,74,128
128,100,maximum_downside_deviation_mean,ABC,-4.2253349737318252e-06,4.7538657015696814e-07,4.7088829571661244e-07,4.7538657015696814e-07,0.0094623506904505505,True,8.8882085422326078,-1,-4.5921939194082685e-06,-1,True,calibration__20210616T110000Z,0.36194881804282486,4.3636627136908253,-0.51922159533199719,-0.46253762943157267,gate_pass,74,128
128,100,maximum_downside_deviation_mean,AC,4.2253349737318252e-06,4.7538657015696814e-07,4.7088829571661244e-07,4.7538657015696814e-07,0.0094623506904505505,True,8.8882085422326078,1,4.5921939194082685e-06,1,True,calibration__20210616T110000Z,0.36194881804282486,4.3636627136908253,-0.51922159533199719,-0.46253762943157267,gate_pass,74,128
128,100,maximum_downside_deviation_mean,B,-0.00017026170120469557,6.0987397356466304e-06,6.0976868884074135e-06,6.0987397356466304e-06,0.00017263357428800452,True,27.91752207583642,-1,-0.00016358015782565199,-1,True,calibration__20201206T020000Z,0.05898976898058849,50.791504708010677,-0.51326250013916752,-0.50387225715481609,gate_pass,74,128
128,100,maximum_downside_deviation_mean,BC,5.3235991407771798e-06,5.9767476604982339e-07,5.7735236109105176e-07,5.9767476604982339e-07,0.034002447674154453,True,8.9071840458685081,1,5.6565626903502296e-06,1,True,calibration__20210616T110000Z,0.41074238046414452,3.8329659802494764,-0.45610372762731349,-0.39208836788812435,gate_pass,74,128
128,100,maximum_downside_deviation_mean,C,-5.3235991407771798e-06,5.9767476604982339e-07,5.7735236109105176e-07,5.9767476604982339e-07,0.034002447674154453,True,8.9071840458685081,-1,-5.6565626903502296e-06,-1,True,calibration__20210616T110000Z,0.41074238046414452,3.8329659802494764,-0.45610372762731349,-0.39208836788812435,gate_pass,74,128
128,100,recovery_completion_hours_mean,A,-4.6720861486486482,0.1261258253693277,0.12285152157199404,0.1261258253693277,0.025960613440948275,True,37.043057081827776,-1,-4.4977829391891895,-1,True,calibration__20210920T030000Z,0.23343965811844622,6.5570638232242855,-0.44222711429214412,-0.47334729352235344,gate_pass,74,128
128,100,recovery_completion_hours_mean,AB,0.012563344594594595,0.015764837645823787,0.015056819669006969,0.015764837645823787,0.044911212707882037,True,0.79692191425280612,1,0.01488597972972973,1,True,calibration__20210616T110000Z,0.4170044657760858,3.9080507394732975,-0.18272186318616201,-0.21497081459802356,gate_pass,74,128
128,100,recovery_completion_hours_mean,ABC,-0.012563344594594595,0.015764837645823787,0.015056819669006969,0.015764837645823787,0.044911212707882037,True,0.79692191425280612,-1,-0.01488597972972973,-1,True,calibration__20210616T110000Z,0.4170044657760858,3.9080507394732975,-0.18272186318616201,-0.21497081459802356,gate_pass,74,128
128,100,recovery_completion_hours_mean,AC,4.6720861486486482,0.1261258253693277,0.12285152157199404,0.1261258253693277,0.025960613440948275,True,37.043057081827776,1,4.4977829391891895,1,True,calibration__20210920T030000Z,0.23343965811844622,6.5570638232242855,-0.44222711429214412,-0.47334729352235344,gate_pass,74,128
128,100,recovery_completion_hours_mean,B,-0.98004645270270274,0.053827772915086197,0.052071358668412726,0.053827772915086197,0.032630260394466454,True,18.207077863851715,-1,-0.86602618243243246,-1,True,calibration__20210707T220000Z,0.067285244867908114,43.413510612984823,-0.47413111630961657,-0.54052119452957226,gate_pass,74,128
128,100,recovery_completion_hours_mean,BC,0.056165540540540543,0.014271547340250863,0.014271547340250863,0.013523225770746173,0.052434508442834045,True,3.9354906094963962,1,0.031566722972972971,1,True,calibration__20210616T110000Z,0.27085045128370688,4.9838268877379814,-0.21340445843238762,-0.29158931173582464,gate_pass,74,128
128,100,recovery_completion_hours_mean,C,-5.4839527027027026,0.12834513325615146,0.12515902943863771,0.12834513325615146,0.024824500444087075,True,42.728170235779956,-1,-5.4021326013513518,-1,True,calibration__20210920T030000Z,0.24479182052987147,6.3526077143850381,-0.44960768491309738,-0.51974018559756396,gate_pass,74,128
128,103,failed_recovery_attempts_mean,A,-0.0042493665540540545,0.00078357290573681895,0.00074442249118323147,0.00078357290573681895,0.049963971784824639,True,5.4230646860590941,-1,-0.0040118243243243241,-1,True,calibration__20200511T090000Z,0.17514772985974322,12.976113371868131,-0.57469335809078015,-0.48986789408514869,gate_pass,74,128
128,103,failed_recovery_attempts_mean,AB,0.0042493665540540545,0.00078357290573681895,0.00074442249118323147,0.00078357290573681895,0.049963971784824639,True,5.4230646860590941,1,0.0040118243243243241,1,True,calibration__20200511T090000Z,0.17514772985974322,12.976113371868131,-0.57469335809078015,-0.48986789408514869,gate_pass,74,128
128,103,failed_recovery_attempts_mean,ABC,-0.0042493665540540545,0.00078357290573681895,0.00074442249118323147,0.00078357290573681895,0.049963971784824639,True,5.4230646860590941,-1,-0.0040118243243243241,-1,True,calibration__20200511T090000Z,0.17514772985974322,12.976113371868131,-0.57469335809078015,-0.48986789408514869,gate_pass,74,128
128,103,failed_recovery_attempts_mean,AC,0.0042493665540540545,0.00078357290573681895,0.00074442249118323147,0.00078357290573681895,0.049963971784824639,True,5.4230646860590941,1,0.0040118243243243241,1,True,calibration__20200511T090000Z,0.17514772985974322,12.976113371868131,-0.57469335809078015,-0.48986789408514869,gate_pass,74,128
128,103,failed_recovery_attempts_mean,B,-0.14181271114864866,0.0056476518941744056,0.0056476518941744056,0.005542491208911246,0.018620249128958103,True,25.110030470349901,-1,-0.15730574324324326,-1,True,calibration__20210719T120000Z,0.053939795102554491,44.400596800542267,-0.58346192405645125,-0.66166724590369663,gate_pass,74,128
128,103,failed_recovery_attempts_mean,BC,0.0047772381756756759,0.00084336949593538538,0.00079399694285008722,0.00084336949593538538,0.05854201903584242,True,5.6644664037525061,1,0.0044341216216216214,1,True,calibration__20200511T090000Z,0.20644201404296422,11.353468404006474,-0.56337206642983551,-0.46687280506198542,gate_pass,74,128
128,103,failed_recovery_attempts_mean,C,-0.0047772381756756759,0.00084336949593538538,0.00079399694285008722,0.00084336949593538538,0.05854201903584242,True,5.6644664037525061,-1,-0.0044341216216216214,-1,True,calibration__20200511T090000Z,0.20644201404296422,11.353468404006474,-0.56337206642983551,-0.46687280506198542,gate_pass,74,128
128,103,first_six_hour_burden_mean,A,-0.00021512879885016042,4.8399564367791082e-05,4.8399564367791082e-05,4.6953053234760637e-05,0.029886862659306672,True,4.4448499002053872,-1,-0.0002228546110375083,-1,True,calibration__20200511T090000Z,0.78380696944889061,1.5905413235375689,-0.57008603516564371,-0.56067048932715968,gate_pass,74,128
128,103,first_six_hour_burden_mean,AB,0.00021512879885016042,4.8399564367791082e-05,4.8399564367791082e-05,4.6953053234760637e-05,0.029886862659306672,True,4.4448499002053872,1,0.0002228546110375083,1,True,calibration__20200511T090000Z,0.78380696944889061,1.5905413235375689,-0.57008603516564371,-0.56067048932715968,gate_pass,74,128
128,103,first_six_hour_burden_mean,ABC,-0.00021512879885016042,4.8399564367791082e-05,4.8399564367791082e-05,4.6953053234760637e-05,0.029886862659306672,True,4.4448499002053872,-1,-0.0002228546110375083,-1,True,calibration__20200511T090000Z,0.78380696944889061,1.5905413235375689,-0.57008603516564371,-0.56067048932715968,gate_pass,74,128
128,103,first_six_hour_burden_mean,AC,0.00021512879885016042,4.8399564367791082e-05,4.8399564367791082e-05,4.6953053234760637e-05,0.029886862659306672,True,4.4448499002053872,1,0.0002228546110375083,1,True,calibration__20200511T090000Z,0.78380696944889061,1.5905413235375689,-0.57008603516564371,-0.56067048932715968,gate_pass,74,128
128,103,first_six_hour_burden_mean,B,-0.021776491236779424,0.0012889335488968561,0.0012723508018004611,0.0012889335488968561,0.012865478682425045,True,16.894968135026826,-1,-0.024253285906425604,-1,True,calibration__20200523T100000Z,0.21261013858300723,11.67270163753766,-0.53174096982858066,-0.49744605628599026,gate_pass,74,128
128,103,first_six_hour_burden_mean,BC,0.00030246051588904129,6.9527309519272314e-05,6.7694684628512335e-05,6.9527309519272314e-05,0.026358346143855779,True,4.3502404735681894,1,0.0002228546110375083,1,True,calibration__20200511T090000Z,0.88944644632881609,1.2580701708142308,-0.3622202439608681,-0.31647869666132272,gate_pass,74,128
128,103,first_six_hour_burden_mean,C,-0.00030246051588904129,6.9527309519272314e-05,6.7694684628512335e-05,6.9527309519272314e-05,0.026358346143855779,True,4.3502404735681894,-1,-0.0002228546110375083,-1,True,calibration__20200511T090000Z,0.88944644632881609,1.2580701708142308,-0.3622202439608681,-0.31647869666132272,gate_pass,74,128
128,103,initial_gap_q4_q1_burden_contrast,A,0.00023359228173957879,8.8048934678058957e-05,8.6628931038123006e-05,8.8048934678058957e-05,0.016127436920481037,True,2.6529824874506742,1,0.00018192614439056982,1,True,calibration__20210715T050000Z,0.38389695071131519,3.1098439448115571,-0.48288143849720389,-0.46229230932577803,gate_pass,74,128
128,103,initial_gap_q4_q1_burden_contrast,AB,-0.00023359228173957879,8.8048934678058957e-05,8.6628931038123006e-05,8.8048934678058957e-05,0.016127436920481037,True,2.6529824874506742,-1,-0.00018192614439056982,-1,True,calibration__20210715T050000Z,0.38389695071131519,3.1098439448115571,-0.48288143849720389,-0.46229230932577803,gate_pass,74,128
128,103,initial_gap_q4_q1_burden_contrast,ABC,0.00023359228173957879,8.8048934678058957e-05,8.6628931038123006e-05,8.8048934678058957e-05,0.016127436920481037,True,2.6529824874506742,1,0.00018192614439056982,1,True,calibration__20210715T050000Z,0.38389695071131519,3.1098439448115571,-0.48288143849720389,-0.46229230932577803,gate_pass,74,128
128,103,initial_gap_q4_q1_burden_contrast,AC,-0.00023359228173957879,8.8048934678058957e-05,8.6628931038123006e-05,8.8048934678058957e-05,0.016127436920481037,True,2.6529824874506742,-1,-0.00018192614439056982,-1,True,calibration__20210715T050000Z,0.38389695071131519,3.1098439448115571,-0.48288143849720389,-0.46229230932577803,gate_pass,74,128
128,103,initial_gap_q4_q1_burden_contrast,B,0.019939467446059629,0.003646288930655378,0.0035223913877239074,0.003646288930655378,0.033979079905003977,True,5.4684277152100895,1,0.012356889674859237,1,True,calibration__20210715T050000Z,0.2404864606166795,8.2430812133658247,-0.51144460245747092,-0.6356891712472269,gate_pass,74,128
128,103,initial_gap_q4_q1_burden_contrast,BC,-0.00023359228173957879,8.8048934678058944e-05,8.6628931038123006e-05,8.8048934678058944e-05,0.016127436920480888,True,2.6529824874506747,-1,-0.00018192614439056982,-1,True,calibration__20210715T050000Z,0.38389695071131524,3.109843944811558,-0.48288143849720389,-0.46229230932577803,gate_pass,74,128
128,103,initial_gap_q4_q1_burden_contrast,C,0.00023359228173957879,8.8048934678058944e-05,8.6628931038123006e-05,8.8048934678058944e-05,0.016127436920480888,True,2.6529824874506747,1,0.00018192614439056982,1,True,calibration__20210715T050000Z,0.38389695071131524,3.109843944811558,-0.48288143849720389,-0.46229230932577803,gate_pass,74,128
128,103,maximum_downside_deviation_mean,A,-0.006558142445889651,0.00022960561751827601,0.00022960561751827601,0.0002238053240026107,0.02526198434671844,True,28.562639349917646,-1,-0.0068454692290644435,-1,True,calibration__20210616T110000Z,0.1041808497622152,13.967034794085738,-0.51447982780690882,-0.61706109085340066,gate_pass,74,128
128,103,maximum_downside_deviation_mean,AB,0.0064797535100788416,0.00023105261534877631,0.00023105261534877631,0.00022791021999153449,0.013600345326099618,True,28.044493243660483,1,0.0068454692290644435,1,True,calibration__20210616T110000Z,0.11476219256343849,13.805950318345351,-0.51053240726450799,-0.60719526875913488,gate_pass,74,128
128,103,maximum_downside_deviation_mean,ABC,-0.0064797535100788416,0.00023105261534877631,0.00023105261534877631,0.00022791021999153449,0.013600345326099618,True,28.044493243660483,-1,-0.0068454692290644435,-1,True,calibration__20210616T110000Z,0.11476219256343849,13.805950318345351,-0.51053240726450799,-0.60719526875913488,gate_pass,74,128
128,103,maximum_downside_deviation_mean,AC,0.006558142445889651,0.00022960561751827601,0.00022960561751827601,0.0002238053240026107,0.02526198434671844,True,28.562639349917646,1,0.0068454692290644435,1,True,calibration__20210616T110000Z,0.1041808497622152,13.967034794085738,-0.51447982780690882,-0.61706109085340066,gate_pass,74,128
128,103,maximum_downside_deviation_mean,B,-0.078836393706884431,0.0014588332190700237,0.0014588332190700237,0.0014123944759739638,0.031832797943594733,True,54.040717387242537,-1,-0.080974253963389531,-1,True,calibration__20200523T100000Z,0.040889663823782348,44.361760411977521,-0.50405236749254012,-0.65123955452787485,gate_pass,74,128
128,103,maximum_downside_deviation_mean,BC,0.0077601267381694605,0.00027368343540887523,0.0002654157072841269,0.00027368343540887523,0.030209092166636167,True,28.354389539783629,1,0.0082044181077627377,1,True,calibration__20210616T110000Z,0.15001111425477312,11.673673676677117,-0.49505125152284696,-0.62240439331004627,gate_pass,74,128
128,103,maximum_downside_deviation_mean,C,-0.0078385156739802717,0.00026989639150363701,0.00026602277990218475,0.00026989639150363701,0.014352217085496152,True,29.042684232681353,-1,-0.0082044181077627377,-1,True,calibration__20210616T110000Z,0.15434165338256961,11.575220385633997,-0.49544677077389154,-0.63045774935515919,gate_pass,74,128
128,103,recovery_completion_hours_mean,A,-10.893369932432432,0.32256185545490612,0.32256185545490612,0.31566842412163781,0.021370881946182266,True,33.771413910890388,-1,-11.098184121621621,-1,True,calibration__20210616T110000Z,0.10970886325578481,13.633028710667695,-0.5029066079656167,-0.59190641440175673,gate_pass,74,128
128,103,recovery_completion_hours_mean,AB,6.2029666385135132,0.29309158362667997,0.29309158362667997,0.28328689959613762,0.033452629069795778,True,21.163919351619555,1,6.6152871621621623,1,True,calibration__20200509T220000Z,0.11359247388157367,12.895020189327047,-0.5144513150025285,-0.58089109855661525,gate_pass,74,128
128,103,recovery_completion_hours_mean,ABC,-6.2029666385135132,0.29309158362667997,0.29309158362667997,0.28328689959613762,0.033452629069795778,True,21.163919351619555,-1,-6.6152871621621623,-1,True,calibration__20200509T220000Z,0.11359247388157367,12.895020189327047,-0.5144513150025285,-0.58089109855661525,gate_pass,74,128
128,103,recovery_completion_hours_mean,AC,10.893369932432432,0.32256185545490612,0.32256185545490612,0.31566842412163781,0.021370881946182266,True,33.771413910890388,1,11.098184121621621,1,True,calibration__20210616T110000Z,0.10970886325578481,13.633028710667695,-0.5029066079656167,-0.59190641440175673,gate_pass,74,128
128,103,recovery_completion_hours_mean,B,-98.029244087837839,1.9512386002143773,1.9512386002143773,1.8803760947331396,0.036316678787234047,True,50.239496121626352,-1,-101.05764358108108,-1,True,calibration__20200523T100000Z,0.045046846938084063,43.35696418776498,-0.50103380217140769,-0.68807924996161596,gate_pass,74,128
128,103,recovery_completion_hours_mean,BC,7.4409839527027026,0.33934368122662639,0.33920246713310687,0.33934368122662639,0.00041613886255102543,True,21.927574799111511,1,8.0508868243243246,1,True,calibration__20210920T030000Z,0.16645985248701134,10.399009592096556,-0.49762004565140006,-0.59819917169815706,gate_pass,74,128
128,103,recovery_completion_hours_mean,C,-12.89965160472973,0.37134836811239558,0.3687517109869064,0.37134836811239558,0.0069925098599147462,True,34.737332145284689,-1,-13.421452702702704,-1,True,calibration__20210616T110000Z,0.1599855719291273,11.008445751111395,-0.49484815119052289,-0.60219636411501154,gate_pass,74,128
128,116,failed_recovery_attempts_mean,A,-0.0033783783783783786,0.00039280890517269848,0.00039280890517269848,0.00038942902670667572,0.0086043835094237551,True,8.6005646356033445,-1,-0.0042229729729729732,-1,True,calibration__20200511T090000Z,0.17998578030572338,10.200538762779248,-0.49790892518210511,-0.41804806419863111,gate_pass,74,128
128,116,failed_recovery_attempts_mean,AB,0.0031672297297297299,0.00040315954028803192,0.00039647827757123577,0.00040315954028803192,0.016572255023464939,True,7.8560207888592819,1,0.0040118243243243241,1,True,calibration__20200511T090000Z,0.17666969083676456,10.42597385715006,-0.49393484675213778,-0.40546988209168389,gate_pass,74,128
128,116,failed_recovery_attempts_mean,ABC,-0.0031672297297297299,0.00040315954028803192,0.00039647827757123577,0.00040315954028803192,0.016572255023464939,True,7.8560207888592819,-1,-0.0040118243243243241,-1,True,calibration__20200511T090000Z,0.17666969083676456,10.42597385715006,-0.49393484675213778,-0.40546988209168389,gate_pass,74,128
128,116,failed_recovery_attempts_mean,AC,0.0033783783783783786,0.00039280890517269848,0.00039280890517269848,0.00038942902670667572,0.0086043835094237551,True,8.6005646356033445,1,0.0042229729729729732,1,True,calibration__20200511T090000Z,0.17998578030572338,10.200538762779248,-0.49790892518210511,-0.41804806419863111,gate_pass,74,128
128,116,failed_recovery_attempts_mean,B,-0.24952491554054054,0.0047690071310140525,0.0047690071310140525,0.0044718027057641619,0.062319979208480411,True,52.322193841526733,-1,-0.25147804054054052,-1,True,calibration__20200802T100000Z,0.032842601225857519,55.85558234064753,-0.51970704476797325,-0.47081196314041235,gate_pass,74,128
128,116,failed_recovery_attempts_mean,BC,0.0034311655405405406,0.00042393074804476566,0.00042121783338376672,0.00042393074804476566,0.0063994288536779308,True,8.0936935015108205,1,0.0044341216216216214,1,True,calibration__20200511T090000Z,0.23913312310641191,9.0532429619389454,-0.48373721439596812,-0.40321852193681368,gate_pass,74,128
128,116,failed_recovery_attempts_mean,C,-0.0036423141891891893,0.00041776581305515511,0.00041776581305515511,0.00040982557038852808,0.019006444324774687,True,8.7185549304588896,-1,-0.0046452702702702705,-1,True,calibration__20200511T090000Z,0.24310138915079516,8.8518974824690275,-0.48725442898008536,-0.41498880100068841,gate_pass,74,128
128,116,first_six_hour_burden_mean,A,-0.00092436854113538797,0.00013316691037217141,0.00013316691037217141,0.00013138802787520512,0.013358292176297493,True,6.9414281562288025,-1,-0.00077773415827142351,-1,True,calibration__20210613T040000Z,0.25924528346952475,7.206762557275959,-0.36997272980205703,-0.36351047628083571,gate_pass,74,128
128,116,first_six_hour_burden_mean,AB,0.00092436854113538797,0.00013316691037217141,0.00013316691037217141,0.00013138802787520512,0.013358292176297493,True,6.9414281562288025,1,0.00077773415827142351,1,True,calibration__20210613T040000Z,0.25924528346952475,7.206762557275959,-0.36997272980205703,-0.36351047628083571,gate_pass,74,128
128,116,first_six_hour_burden_mean,ABC,-0.00092436854113538797,0.00013316691037217141,0.00013316691037217141,0.00013138802787520512,0.013358292176297493,True,6.9414281562288025,-1,-0.00077773415827142351,-1,True,calibration__20210613T040000Z,0.25924528346952475,7.206762557275959,-0.36997272980205703,-0.36351047628083571,gate_pass,74,128
128,116,first_six_hour_burden_mean,AC,0.00092436854113538797,0.00013316691037217141,0.00013316691037217141,0.00013138802787520512,0.013358292176297493,True,6.9414281562288025,1,0.00077773415827142351,1,True,calibration__20210613T040000Z,0.25924528346952475,7.206762557275959,-0.36997272980205703,-0.36351047628083571,gate_pass,74,128
128,116,first_six_hour_burden_mean,B,-0.14043283779304391,0.0030765589645733774,0.0030765589645733774,0.0029665846717060315,0.035745875224138898,True,45.646073879984144,-1,-0.13707753457018149,-1,True,calibration__20210605T110000Z,0.037138494245922533,46.796277860340005,-0.49526128391851498,-0.44598065066831422,gate_pass,74,128
128,116,first_six_hour_burden_mean,BC,0.00098623127182900826,0.00013690082295385751,0.00013690082295385751,0.00013230549450374453,0.033566843142074004,True,7.203983515580604,1,0.00084589409920320156,1,True,calibration__20210613T040000Z,0.24529652379877642,7.5892712879875281,-0.39523373159978792,-0.37507851701151107,gate_pass,74,128
128,116,first_six_hour_burden_mean,C,-0.00098623127182900826,0.00013690082295385751,0.00013690082295385751,0.00013230549450374453,0.033566843142074004,True,7.203983515580604,-1,-0.00084589409920320156,-1,True,calibration__20210613T040000Z,0.24529652379877642,7.5892712879875281,-0.39523373159978792,-0.37507851701151107,gate_pass,74,128
128,116,initial_gap_q4_q1_burden_contrast,A,0.00012784292946288532,0.0003169513989479246,0.0003169513989479246,0.00030609475224188068,0.034253348437902544,True,0.40335183844350225,1,0.00050997711042258535,1,True,calibration__20210710T100000Z,0.41240701678514302,3.4326500643204034,0.27177959907321364,0.2385179160622769,gate_pass,74,128
128,116,initial_gap_q4_q1_burden_contrast,AB,-0.00012784292946288532,0.0003169513989479246,0.0003169513989479246,0.00030609475224188068,0.034253348437902544,True,0.40335183844350225,-1,-0.00050997711042258557,-1,True,calibration__20210710T100000Z,0.41240701678514302,3.4326500643204034,0.27177959907321364,0.2385179160622769,gate_pass,74,128
128,116,initial_gap_q4_q1_burden_contrast,ABC,0.00012784292946288532,0.0003169513989479246,0.0003169513989479246,0.00030609475224188068,0.034253348437902544,True,0.40335183844350225,1,0.00050997711042258557,1,True,calibration__20210710T100000Z,0.41240701678514302,3.4326500643204034,0.27177959907321364,0.2385179160622769,gate_pass,74,128
128,116,initial_gap_q4_q1_burden_contrast,AC,-0.00012784292946288532,0.0003169513989479246,0.0003169513989479246,0.00030609475224188068,0.034253348437902544,True,0.40335183844350225,-1,-0.00050997711042258557,-1,True,calibration__20210710T100000Z,0.41240701678514302,3.4326500643204034,0.27177959907321364,0.2385179160622769,gate_pass,74,128
128,116,initial_gap_q4_q1_burden_contrast,B,0.083239956671506396,0.0085438920145574134,0.0085438920145574134,0.0083806351451398281,0.019108021161716691,True,9.7426274266667861,1,0.080245101091204044,1,True,calibration__20210605T110000Z,0.073046517191838134,23.174241803972272,-0.48754610487901723,-0.47852444675682826,gate_pass,74,128
128,116,initial_gap_q4_q1_burden_contrast,BC,-0.00012784292946288532,0.0003169513989479246,0.0003169513989479246,0.00030609475224188068,0.034253348437902544,True,0.40335183844350225,-1,-0.00050997711042258568,-1,True,calibration__20210710T100000Z,0.41240701678514302,3.4326500643204034,0.27177959907321364,0.2385179160622769,gate_pass,74,128
128,116,initial_gap_q4_q1_burden_contrast,C,0.00012784292946288532,0.0003169513989479246,0.0003169513989479246,0.00030609475224188068,0.034253348437902544,True,0.40335183844350225,1,0.00050997711042258557,1,True,calibration__20210710T100000Z,0.41240701678514302,3.4326500643204034,0.27177959907321364,0.2385179160622769,gate_pass,74,128
128,116,maximum_downside_deviation_mean,A,-0.005134463387902956,0.00020900769423184173,0.00020900769423184173,0.00020753771976875156,0.0070331117162586495,True,24.56590608672786,-1,-0.0055917440878378386,-1,True,calibration__20200511T090000Z,0.11605141797528497,14.42284892155171,-0.54172907495998257,-0.46361834792323375,gate_pass,74,128
128,116,maximum_downside_deviation_mean,AB,0.0018943873743894426,0.00020851979410500384,0.00020154371162225946,0.00020851979410500384,0.033455253074110819,True,9.0849282799286204,1,0.0024561866554054053,1,True,calibration__20200511T090000Z,0.12480629619139896,14.317027299349551,-0.53085255221611705,-0.51757421117517655,gate_pass,74,128
128,116,maximum_downside_deviation_mean,ABC,-0.0018943873743894426,0.00020851979410500384,0.00020154371162225946,0.00020851979410500384,0.033455253074110819,True,9.0849282799286204,-1,-0.0024561866554054053,-1,True,calibration__20200511T090000Z,0.12480629619139896,14.317027299349551,-0.53085255221611705,-0.51757421117517655,gate_pass,74,128
128,116,maximum_downside_deviation_mean,AC,0.005134463387902956,0.00020900769423184173,0.00020900769423184173,0.00020753771976875156,0.0070331117162586495,True,24.56590608672786,1,0.0055917440878378386,1,True,calibration__20200511T090000Z,0.11605141797528497,14.42284892155171,-0.54172907495998257,-0.46361834792323375,gate_pass,74,128
128,116,maximum_downside_deviation_mean,B,-0.25085798893703587,0.0021549197177454199,0.0019923818291611014,0.0021549197177454199,0.075426424124223693,True,116.41175625767418,-1,-0.25288309494122924,-1,True,calibration__20200804T130000Z,0.022183601738387199,56.959238203637661,-0.49367446205864501,-0.37024858684614037,gate_pass,74,128
128,116,maximum_downside_deviation_mean,BC,0.0017376095027678209,0.00023271723318444581,0.0002181203257751014,0.00023271723318444581,0.062723792344915291,True,7.4666129318864645,1,0.0022471494932432431,1,True,calibration__20200511T090000Z,0.14181257970601538,12.922079945802555,-0.51413294619369654,-0.40733674302039108,gate_pass,74,128
128,116,maximum_downside_deviation_mean,C,-0.0059706120365516004,0.0002245807987480125,0.0002245807987480125,0.00021844214155044393,0.027333847024279035,True,26.58558554353899,-1,-0.0064278927364864822,-1,True,calibration__20200511T090000Z,0.13377094294532049,13.316741181563835,-0.52645737924855962,-0.50244594460374215,gate_pass,74,128
128,116,recovery_completion_hours_mean,A,-8.0207189611486491,0.29347321895253992,0.29347321895253992,0.28727169937820629,0.021131466770521662,True,27.330326732286085,-1,-8.6101140202702702,-1,True,calibration__20210926T070000Z,0.11542758380327972,15.235632983544109,-0.5376861259336162,-0.46761088677846741,gate_pass,74,128
128,116,recovery_completion_hours_mean,AB,1.6239706503378379,0.28764419059358642,0.27531225373307489,0.28764419059358642,0.042872191630441717,True,5.6457620332487517,1,2.4388724662162162,1,True,calibration__20210926T070000Z,0.13003944087890176,14.619568626566133,-0.530457675985471,-0.50430663017205368,gate_pass,74,128
128,116,recovery_completion_hours_mean,ABC,-1.6239706503378379,0.28764419059358642,0.27531225373307489,0.28764419059358642,0.042872191630441717,True,5.6457620332487517,-1,-2.4388724662162162,-1,True,calibration__20210926T070000Z,0.13003944087890176,14.619568626566133,-0.530457675985471,-0.50430663017205368,gate_pass,74,128
128,116,recovery_completion_hours_mean,AC,8.0207189611486491,0.29347321895253992,0.29347321895253992,0.28727169937820629,0.021131466770521662,True,27.330326732286085,1,8.6101140202702702,1,True,calibration__20210926T070000Z,0.11542758380327972,15.235632983544109,-0.5376861259336162,-0.46761088677846741,gate_pass,74,128
128,116,recovery_completion_hours_mean,B,-340.07255595439187,2.982450181993173,2.7510084630975249,2.982450181993173,0.077601201955693866,True,114.02455538322562,-1,-342.80542652027026,-1,True,calibration__20210827T000000Z,0.022921038024750599,56.493736243109595,-0.49323812358806746,-0.36580795797463794,gate_pass,74,128
128,116,recovery_completion_hours_mean,BC,1.3155880489864864,0.3237632102771989,0.298905121230708,0.3237632102771989,0.07677860935838865,True,4.0634266254652864,1,2.0347339527027026,1,True,calibration__20200511T090000Z,0.14599958431459151,12.753343845374644,-0.51602656355983412,-0.41573779041843806,gate_pass,74,128
128,116,recovery_completion_hours_mean,C,-9.2880331503378386,0.31588291570629279,0.31588291570629279,0.30180197116621255,0.044576467545249181,True,29.403404516418451,-1,-9.9086782094594597,-1,True,calibration__20200509T220000Z,0.13254593783956065,13.75849837353565,-0.52150501957259376,-0.5082348631090664,gate_pass,74,128
128,126,failed_recovery_attempts_mean,A,-0.0045396959459459455,0.00034433734351080959,0.00034205180500842468,0.00034433734351080959,0.0066374982134726548,True,13.183861789894518,-1,-0.00390625,-1,True,calibration__20210926T070000Z,0.21734646038443492,7.8073783636270599,-0.48738081941053818,-0.46366704176467072,gate_pass,74,128
128,126,failed_recovery_attempts_mean,AB,-0.0015308277027027027,0.00034511701826110225,0.00034511701826110225,0.00032852230837916122,0.04808429895910294,True,4.4356772390300883,-1,-0.0017947635135135136,-1,True,calibration__20210926T070000Z,0.21350280924748996,7.7637018451878017,-0.48356773259619767,-0.59510380947604968,gate_pass,74,128
128,126,failed_recovery_attempts_mean,ABC,0.0015308277027027027,0.00034511701826110225,0.00034511701826110225,0.00032852230837916122,0.04808429895910294,True,4.4356772390300883,1,0.0017947635135135136,1,True,calibration__20210926T070000Z,0.21350280924748996,7.7637018451878017,-0.48356773259619767,-0.59510380947604968,gate_pass,74,128
128,126,failed_recovery_attempts_mean,AC,0.0045396959459459455,0.00034433734351080959,0.00034205180500842468,0.00034433734351080959,0.0066374982134726548,True,13.183861789894518,1,0.00390625,1,True,calibration__20210926T070000Z,0.21734646038443492,7.8073783636270599,-0.48738081941053818,-0.46366704176467072,gate_pass,74,128
128,126,failed_recovery_attempts_mean,B,-0.21880278716216217,0.0036631049668620574,0.0036631049668620574,0.003482853583992591,0.049207266649493785,True,59.73150896344535,-1,-0.22117820945945946,-1,True,calibration__20200802T100000Z,0.029720252563281858,49.546932312884216,-0.50707847399558581,-0.48115930942985163,gate_pass,74,128
128,126,failed_recovery_attempts_mean,BC,-0.0015308277027027027,0.00035665378154149451,0.00035665378154149451,0.00033276918789854363,0.066968569742115722,True,4.2921953500291155,-1,-0.0017947635135135136,-1,True,calibration__20200511T090000Z,0.21522207848210445,7.3355102406937274,-0.46173488013461311,-0.5893455234276288,gate_pass,74,128
128,126,failed_recovery_attempts_mean,C,-0.0045396959459459455,0.00036415701654025391,0.00035368856484757248,0.00036415701654025391,0.02874708221233533,True,12.466314638328896,-1,-0.00390625,-1,True,calibration__20200511T090000Z,0.21884591774094544,7.3405861673448909,-0.46530323320532635,-0.43190131914809943,gate_pass,74,128
128,126,first_six_hour_burden_mean,A,-0.004511822006855684,0.00032528722071309716,0.00032528722071309716,0.00030722869401804225,0.055515635245266856,True,13.870271315807713,-1,-0.0049581185193015714,-1,True,calibration__20210208T030000Z,0.14549362588087864,10.523645993346616,-0.50852715074700539,-0.48411195587792483,gate_pass,74,128
128,126,first_six_hour_burden_mean,AB,0.0015567505166132415,0.00030263151937950163,0.00030263151937950163,0.00028426751955632965,0.060681054837990689,True,5.144046197848505,1,0.0022984532189995088,1,True,calibration__20200511T090000Z,0.14859888798704643,10.864777074030293,-0.54144993296255683,-0.40078235368867338,gate_pass,74,128
128,126,first_six_hour_burden_mean,ABC,-0.0015567505166132415,0.00030263151937950163,0.00030263151937950163,0.00028426751955632965,0.060681054837990689,True,5.144046197848505,-1,-0.0022984532189995088,-1,True,calibration__20200511T090000Z,0.14859888798704643,10.864777074030293,-0.54144993296255683,-0.40078235368867338,gate_pass,74,128
128,126,first_six_hour_burden_mean,AC,0.004511822006855684,0.00032528722071309716,0.00032528722071309716,0.00030722869401804225,0.055515635245266856,True,13.870271315807713,1,0.0049581185193015714,1,True,calibration__20210208T030000Z,0.14549362588087864,10.523645993346616,-0.50852715074700539,-0.48411195587792483,gate_pass,74,128
128,126,first_six_hour_burden_mean,B,-0.281149355667137,0.0036164228457436988,0.0036164228457436988,0.0034437477652184169,0.047747480836902022,True,77.742390107404617,-1,-0.28245909388566509,-1,True,calibration__20210204T040000Z,0.026788057553450071,54.589806170594471,-0.49700162777658236,-0.44593427247188966,gate_pass,74,128
128,126,first_six_hour_burden_mean,BC,0.0018372077507987855,0.00032012393675200134,0.00032012393675200134,0.00029876489674348402,0.066721158765031915,True,5.7390514731238689,1,0.0027207505162968062,1,True,calibration__20200511T090000Z,0.21667291937813199,9.3542545072876866,-0.55249419365177066,-0.42074098219858203,gate_pass,74,128
128,126,first_six_hour_burden_mean,C,-0.0047922792410412286,0.00034162153667312148,0.00034162153667312148,0.00032655925733740006,0.044090543829306855,True,14.028036076738021,-1,-0.0053804158165988688,-1,True,calibration__20200511T090000Z,0.19026129533829048,9.6284622918615455,-0.52273071362511947,-0.5253042495298772,gate_pass,74,128
128,126,initial_gap_q4_q1_burden_contrast,A,-9.6379788564057538e-05,0.00081880640968824919,0.00079278526588521159,0.00081880640968824919,0.031779360170061256,True,0.1177076625484075,-1,-0.00018556697250679023,-1,True,calibration__20210710T100000Z,0.3409330140710613,4.4638361240967237,-0.50830189387748703,-0.387663864839429,gate_pass,74,128
128,126,initial_gap_q4_q1_burden_contrast,AB,0.002353960855824096,0.00073655986408413879,0.00066348021282923463,0.00073655986408413879,0.099217531144971685,True,3.1958853185016856,1,0.0039653160368411378,1,True,calibration__20210710T100000Z,0.23592735683022231,5.7984975134682344,-0.59099428607180871,-0.68878625409933725,gate_pass,74,128
128,126,initial_gap_q4_q1_burden_contrast,ABC,-0.002353960855824096,0.00073655986408413879,0.00066348021282923463,0.00073655986408413879,0.099217531144971685,True,3.1958853185016856,-1,-0.0039653160368411378,-1,True,calibration__20210710T100000Z,0.23592735683022231,5.7984975134682362,-0.59099428607180871,-0.68878625409933725,gate_pass,74,128
128,126,initial_gap_q4_q1_burden_contrast,AC,9.6379788564057538e-05,0.00081880640968824919,0.00079278526588521159,0.00081880640968824919,0.031779360170061256,True,0.1177076625484075,1,0.00018556697250679023,1,True,calibration__20210710T100000Z,0.3409330140710613,4.4638361240967237,-0.50830189387748703,-0.387663864839429,gate_pass,74,128
128,126,initial_gap_q4_q1_burden_contrast,B,0.058345103377575036,0.010219789893138032,0.010219789893138032,0.010025575994315675,0.01900370759605929,True,5.7090315933745588,1,0.045389200739029412,1,True,calibration__20210204T040000Z,0.050882909273708296,28.020743748896503,-0.49463150585585275,-0.60036911264525272,gate_pass,74,128
128,126,initial_gap_q4_q1_burden_contrast,BC,0.002353960855824096,0.00073655986408413879,0.00066348021282923463,0.00073655986408413879,0.099217531144971685,True,3.1958853185016856,1,0.0039653160368411378,1,True,calibration__20210710T100000Z,0.23592735683022231,5.7984975134682362,-0.59099428607180871,-0.68878625409933725,gate_pass,74,128
128,126,initial_gap_q4_q1_burden_contrast,C,-9.6379788564057538e-05,0.00081880640968824919,0.00079278526588521159,0.00081880640968824919,0.031779360170061256,True,0.1177076625484075,-1,-0.00018556697250679023,-1,True,calibration__20210710T100000Z,0.3409330140710613,4.4638361240967237,-0.50830189387748703,-0.387663864839429,gate_pass,74,128
128,126,maximum_downside_deviation_mean,A,-0.0038671875000000004,0.00019074880612166326,0.00018760863510522307,0.00019074880612166326,0.016462336411360419,True,20.273717978257928,-1,-0.0036581503378378378,-1,True,calibration__20210208T030000Z,0.13624560867572927,13.58600125390101,-0.52374187458924271,-0.42060991570713313,gate_pass,74,128
128,126,maximum_downside_deviation_mean,AB,-0.00052259290540540538,0.00017636843777852626,0.00017636843777852626,0.0001757271514037767,0.0036360608668249647,True,2.963074980919481,-1,-0.00062711148648648648,-1,True,calibration__20211210T180000Z,0.11458693397856896,14.738993455949165,-0.49251569074326018,-0.37460831765648306,gate_pass,74,128
128,126,maximum_downside_deviation_mean,ABC,0.00052259290540540538,0.00017636843777852626,0.00017636843777852626,0.0001757271514037767,0.0036360608668249647,True,2.963074980919481,1,0.00062711148648648648,1,True,calibration__20211210T180000Z,0.11458693397856896,14.738993455949165,-0.49251569074326018,-0.37460831765648306,gate_pass,74,128
128,126,maximum_downside_deviation_mean,AC,0.0038671875000000004,0.00019074880612166326,0.00018760863510522307,0.00019074880612166326,0.016462336411360419,True,20.273717978257928,1,0.0036581503378378378,1,True,calibration__20210208T030000Z,0.13624560867572927,13.58600125390101,-0.52374187458924271,-0.42060991570713313,gate_pass,74,128
128,126,maximum_downside_deviation_mean,B,-0.29840054898648649,0.0018225089273131438,0.0017426791724682649,0.0018225089273131438,0.043802120060157337,True,163.73063775682414,-1,-0.30080447635135138,-1,True,calibration__20210410T170000Z,0.028826340945300063,45.665994174324034,-0.49203028128424281,-0.473606941967946,gate_pass,74,128
128,126,maximum_downside_deviation_mean,BC,-0.00041807432432432439,0.00018733620849760172,0.00018301036059801748,0.00018733620849760172,0.023091360363683349,True,2.2316792235585177,-1,-0.00041807432432432423,-1,True,calibration__20200511T090000Z,0.13575441412520067,14.347335572449555,-0.47733258782065635,-0.37890853071876907,gate_pass,74,128
128,126,maximum_downside_deviation_mean,C,-0.0039717060810810752,0.00020063863811486759,0.00019386584590335462,0.00020063863811486759,0.033756171169959173,True,19.795320175604633,-1,-0.0038671874999999943,-1,True,calibration__20210208T030000Z,0.12759261908167641,13.618456748361293,-0.50950813989220711,-0.41206081961908242,gate_pass,74,128
128,126,recovery_completion_hours_mean,A,-6.4659522804054053,0.2663661004326105,0.26518252009963406,0.2663661004326105,0.0044434345476176028,True,24.274681612652373,-1,-6.1464315878378377,-1,True,calibration__20210208T030000Z,0.13365784221101304,14.16717829229025,-0.52130205900500093,-0.45158632735995735,gate_pass,74,128
128,126,recovery_completion_hours_mean,AB,-1.8445418074324325,0.2477376057054686,0.2477376057054686,0.2423169247199338,0.021880735345361203,True,7.4455462753821058,-1,-1.9397170608108107,-1,True,calibration__20211210T180000Z,0.1144859453434893,15.206568654410926,-0.49049587414491785,-0.37507609286260979,gate_pass,74,128
128,126,recovery_completion_hours_mean,ABC,1.8445418074324325,0.2477376057054686,0.2477376057054686,0.2423169247199338,0.021880735345361203,True,7.4455462753821058,1,1.9397170608108107,1,True,calibration__20211210T180000Z,0.1144859453434893,15.206568654410926,-0.49049587414491785,-0.37507609286260979,gate_pass,74,128
128,126,recovery_completion_hours_mean,AC,6.4659522804054053,0.2663661004326105,0.26518252009963406,0.2663661004326105,0.0044434345476176028,True,24.274681612652373,1,6.1464315878378377,1,True,calibration__20210208T030000Z,0.13365784221101304,14.16717829229025,-0.52130205900500093,-0.45158632735995735,gate_pass,74,128
128,126,recovery_completion_hours_mean,B,-406.16918285472974,2.534553550743126,2.4148794984116084,2.534553550743126,0.047217014726885304,True,160.25275249585542,-1,-409.29402449324323,-1,True,calibration__20201112T180000Z,0.029165361553116807,45.361019726954318,-0.4927396558520587,-0.47423554219642067,gate_pass,74,128
128,126,recovery_completion_hours_mean,BC,-1.8436972128378379,0.25937168997388238,0.25704000154108725,0.25937168997388238,0.0089897568737356132,True,7.1083209313379205,-1,-1.8237964527027026,-1,True,calibration__20200511T090000Z,0.13284082963897809,14.814973493344874,-0.47699120238906939,-0.37374706753246589,gate_pass,74,128
128,126,recovery_completion_hours_mean,C,-6.7567039695945947,0.27927067677998607,0.27388575028705398,0.27927067677998607,0.019282104927809615,True,24.19410461384614,-1,-6.6137035472972974,-1,True,calibration__20210208T030000Z,0.12529835166737521,14.174791599159203,-0.5068304202126489,-0.44203842329636828,gate_pass,74,128
128,127,failed_recovery_attempts_mean,A,5.2787162162162165e-05,7.4799129680885333e-05,7.4578807759941186e-05,7.4799129680885333e-05,0.0029455144984186846,True,0.70571893533210117,1,0.00010557432432432433,1,True,calibration__20200317T160000Z,0.24852071005917165,6.4150788005839843,-0.44596373282285445,-0.44470292721634713,gate_pass,74,128
128,127,failed_recovery_attempts_mean,AB,-5.2787162162162165e-05,7.4799129680885333e-05,7.4578807759941186e-05,7.4799129680885333e-05,0.0029455144984186846,True,0.70571893533210117,-1,-0.00010557432432432433,-1,True,calibration__20200317T160000Z,0.24852071005917165,6.4150788005839843,-0.44596373282285445,-0.44470292721634713,gate_pass,74,128
128,127,failed_recovery_attempts_mean,ABC,5.2787162162162165e-05,7.4799129680885333e-05,7.4578807759941186e-05,7.4799129680885333e-05,0.0029455144984186846,True,0.70571893533210117,1,0.00010557432432432433,1,True,calibration__20200317T160000Z,0.24852071005917165,6.4150788005839843,-0.44596373282285445,-0.44470292721634713,gate_pass,74,128
128,127,failed_recovery_attempts_mean,AC,-5.2787162162162165e-05,7.4799129680885333e-05,7.4578807759941186e-05,7.4799129680885333e-05,0.0029455144984186846,True,0.70571893533210117,-1,-0.00010557432432432433,-1,True,calibration__20200317T160000Z,0.24852071005917165,6.4150788005839843,-0.44596373282285445,-0.44470292721634713,gate_pass,74,128
128,127,failed_recovery_attempts_mean,B,-0.24625211148648649,0.0052794456262119953,0.0051943124717345746,0.0052794456262119953,0.016125396586100231,True,46.643554820200407,-1,-0.23764780405405406,-1,True,calibration__20210605T110000Z,0.024656189683515191,61.756800490844647,-0.50463985611044648,-0.49830810047545521,gate_pass,74,128
128,127,failed_recovery_attempts_mean,BC,-5.2787162162162165e-05,7.4799129680885333e-05,7.4578807759941186e-05,7.4799129680885333e-05,0.0029455144984186846,True,0.70571893533210117,-1,-0.00010557432432432433,-1,True,calibration__20200317T160000Z,0.24852071005917165,6.4150788005839843,-0.44596373282285445,-0.44470292721634713,gate_pass,74,128
128,127,failed_recovery_attempts_mean,C,5.2787162162162165e-05,7.4799129680885333e-05,7.4578807759941186e-05,7.4799129680885333e-05,0.0029455144984186846,True,0.70571893533210117,1,0.00010557432432432433,1,True,calibration__20200317T160000Z,0.24852071005917165,6.4150788005839843,-0.44596373282285445,-0.44470292721634713,gate_pass,74,128
128,127,first_six_hour_burden_mean,A,-4.4480972647368257e-07,1.2461660639922215e-07,1.2461660639922215e-07,1.2353208701174292e-07,0.0087028480297791436,True,3.5694257717842897,-1,-5.3419848182731e-07,-1,True,calibration__20200511T090000Z,0.72677069855018184,1.7063944451286805,-0.26110549484624102,-0.38149617171288885,gate_pass,74,128
128,127,first_six_hour_burden_mean,AB,4.4480972647368257e-07,1.2461660639922215e-07,1.2461660639922215e-07,1.2353208701174292e-07,0.0087028480297791436,True,3.5694257717842897,1,5.3419848182731e-07,1,True,calibration__20200511T090000Z,0.72677069855018184,1.7063944451286805,-0.26110549484624102,-0.38149617171288885,gate_pass,74,128
128,127,first_six_hour_burden_mean,ABC,-4.4480972647368257e-07,1.2461660639922215e-07,1.2461660639922215e-07,1.2353208701174292e-07,0.0087028480297791436,True,3.5694257717842897,-1,-5.3419848182731e-07,-1,True,calibration__20200511T090000Z,0.72677069855018184,1.7063944451286805,-0.26110549484624102,-0.38149617171288885,gate_pass,74,128
128,127,first_six_hour_burden_mean,AC,4.4480972647368257e-07,1.2461660639922215e-07,1.2461660639922215e-07,1.2353208701174292e-07,0.0087028480297791436,True,3.5694257717842897,1,5.3419848182731e-07,1,True,calibration__20200511T090000Z,0.72677069855018184,1.7063944451286805,-0.26110549484624102,-0.38149617171288885,gate_pass,74,128
128,127,first_six_hour_burden_mean,B,-0.037093209435399177,0.001627654232616828,0.0015759851116453271,0.001627654232616828,0.031744531446602706,True,22.789366864339069,-1,-0.039288542553211687,-1,True,calibration__20200523T100000Z,0.13502517991578075,14.877730590150914,-0.52052988216815099,-0.43173199844443721,gate_pass,74,128
128,127,first_six_hour_burden_mean,BC,4.4920825568232438e-07,1.2515490279325715e-07,1.2515490279325715e-07,1.2395865714307229e-07,0.0095581205648886218,True,3.5892182060527791,1,5.3419848182730915e-07,1,True,calibration__20200511T090000Z,0.72053240160554088,1.7348993020565198,-0.25926321411190989,-0.38002281306434876,gate_pass,74,128
128,127,first_six_hour_burden_mean,C,-4.4920825568232438e-07,1.2515490279325715e-07,1.2515490279325715e-07,1.2395865714307229e-07,0.0095581205648886218,True,3.5892182060527791,-1,-5.3419848182730915e-07,-1,True,calibration__20200511T090000Z,0.72053240160554088,1.7348993020565198,-0.25926321411190989,-0.38002281306434876,gate_pass,74,128
128,127,initial_gap_q4_q1_burden_contrast,A,4.7408278055129721e-07,2.449555242713036e-07,2.449555242713036e-07,2.4383907013146291e-07,0.0045577830635252399,True,1.9353830943866397,1,8.0355717010470522e-07,1,True,calibration__20210715T050000Z,0.94036194138774021,1.1285460853119693,-0.20190800449862512,-0.20335637705206666,gate_pass,74,128
128,127,initial_gap_q4_q1_burden_contrast,AB,-4.7408278055129721e-07,2.449555242713036e-07,2.449555242713036e-07,2.4383907013146291e-07,0.0045577830635252399,True,1.9353830943866397,-1,-8.0355717010470522e-07,-1,True,calibration__20210715T050000Z,0.94036194138774021,1.1285460853119693,-0.20190800449862512,-0.20335637705206666,gate_pass,74,128
128,127,initial_gap_q4_q1_burden_contrast,ABC,4.7408278055129721e-07,2.449555242713036e-07,2.449555242713036e-07,2.4383907013146291e-07,0.0045577830635252399,True,1.9353830943866397,1,8.0355717010470522e-07,1,True,calibration__20210715T050000Z,0.94036194138774021,1.1285460853119693,-0.20190800449862512,-0.20335637705206666,gate_pass,74,128
128,127,initial_gap_q4_q1_burden_contrast,AC,-4.7408278055129721e-07,2.449555242713036e-07,2.449555242713036e-07,2.4383907013146291e-07,0.0045577830635252399,True,1.9353830943866397,-1,-8.0355717010470522e-07,-1,True,calibration__20210715T050000Z,0.94036194138774021,1.1285460853119693,-0.20190800449862512,-0.20335637705206666,gate_pass,74,128
128,127,initial_gap_q4_q1_burden_contrast,B,0.042714839602822081,0.0045780634525162478,0.0045780634525162478,0.004554558310790784,0.0051342979338883385,True,9.3303293075469842,1,0.028550837681955918,1,True,calibration__20210715T050000Z,0.21087515870636903,8.158878422906735,-0.48541071716906015,-0.61509528282759773,gate_pass,74,128
128,127,initial_gap_q4_q1_burden_contrast,BC,-4.740827805512853e-07,2.4495552427129582e-07,2.4495552427129582e-07,2.4383907013145523e-07,0.0045577830635249519,True,1.9353830943866526,-1,-8.0355717010470448e-07,-1,True,calibration__20210715T050000Z,0.94036194138773666,1.1285460853119775,-0.20190800449863702,-0.20335637705207837,gate_pass,74,128
128,127,initial_gap_q4_q1_burden_contrast,C,4.740827805512853e-07,2.4495552427129582e-07,2.4495552427129582e-07,2.4383907013145523e-07,0.0045577830635249519,True,1.9353830943866526,1,8.0355717010470448e-07,1,True,calibration__20210715T050000Z,0.94036194138773666,1.1285460853119775,-0.20190800449863702,-0.20335637705207837,gate_pass,74,128
128,127,maximum_downside_deviation_mean,A,-0.00077082471029375982,0.00010517873873153286,0.00010517873873153286,9.9721344452629657e-05,0.051886857978332632,True,7.3287122434627996,-1,-0.00088840793918918911,-1,True,calibration__20210710T100000Z,0.34941076418321659,4.9631395322278795,-0.57128688688595863,-0.47372558887276978,gate_pass,74,128
128,127,maximum_downside_deviation_mean,AB,0.00056178754813159773,8.8799332630068063e-05,8.8799332630068063e-05,8.5561876259336483e-05,0.03645811601105834,True,6.3264838990622394,1,0.00067937077702702703,1,True,calibration__20200505T100000Z,0.30543719106750539,6.1017591242733378,-0.53380534856442974,-0.43560759678680266,gate_pass,74,128
128,127,maximum_downside_deviation_mean,ABC,-0.00056178754813159773,8.8799332630068063e-05,8.8799332630068063e-05,8.5561876259336483e-05,0.03645811601105834,True,6.3264838990622394,-1,-0.00067937077702702703,-1,True,calibration__20200505T100000Z,0.30543719106750539,6.1017591242733378,-0.53380534856442974,-0.43560759678680266,gate_pass,74,128
128,127,maximum_downside_deviation_mean,AC,0.00077082471029375982,0.00010517873873153286,0.00010517873873153286,9.9721344452629657e-05,0.051886857978332632,True,7.3287122434627996,1,0.00088840793918918911,1,True,calibration__20210710T100000Z,0.34941076418321659,4.9631395322278795,-0.57128688688595863,-0.47372558887276978,gate_pass,74,128
128,127,maximum_downside_deviation_mean,B,-0.2440149484219955,0.0018435655782422166,0.0017683787311259355,0.0018435655782422166,0.040783386283426613,True,132.36033005924111,-1,-0.24546425215967893,-1,True,calibration__20211028T220000Z,0.027994572175010491,49.273734822958588,-0.50706370424118541,-0.55591355346747851,gate_pass,74,128
128,127,maximum_downside_deviation_mean,BC,0.00069243577448294894,0.00010522983978579573,0.00010522983978579573,0.00010079379325640598,0.042155785264138976,True,6.5802226430493551,1,0.00067937077702702703,1,True,calibration__20200509T220000Z,0.33001577861299858,5.2954245806752729,-0.44227894157915704,-0.34210693132501147,gate_pass,74,128
128,127,maximum_downside_deviation_mean,C,-0.00090147293664510908,0.00011937572947192749,0.00011937572947192749,0.0001111432257130836,0.068962960856962519,True,7.5515596062355401,-1,-0.00088840793918918738,-1,True,calibration__20210710T100000Z,0.27124398755011164,5.3977002751856409,-0.50337375616909663,-0.41308489076453048,gate_pass,74,128
128,127,recovery_completion_hours_mean,A,-2.1359269425675675,0.15537913525807409,0.15537913525807409,0.15048146857713809,0.031520748733742845,True,13.746549297110834,-1,-2.2644636824324325,-1,True,calibration__20210710T100000Z,0.31242060987920239,6.0735813891315491,-0.5559909690625352,-0.51440437353282842,gate_pass,74,128
128,127,recovery_completion_hours_mean,AB,-0.3236908783783784,0.12179138980344625,0.12179138980344625,0.11423277725428245,0.062061961534081472,True,2.6577484574301091,-1,-0.11138091216216216,-1,True,calibration__20200505T100000Z,0.25087080842976034,7.0121376457856952,-0.53127358707934835,-0.34669607537513508,gate_pass,74,128
128,127,recovery_completion_hours_mean,ABC,0.3236908783783784,0.12179138980344625,0.12179138980344625,0.11423277725428245,0.062061961534081472,True,2.6577484574301091,1,0.11138091216216216,1,True,calibration__20200505T100000Z,0.25087080842976034,7.0121376457856952,-0.53127358707934835,-0.34669607537513508,gate_pass,74,128
128,127,recovery_completion_hours_mean,AC,2.1359269425675675,0.15537913525807409,0.15537913525807409,0.15048146857713809,0.031520748733742845,True,13.746549297110834,1,2.2644636824324325,1,True,calibration__20210710T100000Z,0.31242060987920239,6.0735813891315491,-0.5559909690625352,-0.51440437353282842,gate_pass,74,128
128,127,recovery_completion_hours_mean,B,-330.11555109797297,2.5548551644243802,2.4505730548019193,2.5548551644243802,0.040817229514439453,True,129.21106280102944,-1,-332.11940456081084,-1,True,calibration__20211028T220000Z,0.028737454984704428,49.119564339510163,-0.50728830604883468,-0.55452004437076174,gate_pass,74,128
128,127,recovery_completion_hours_mean,BC,-0.28299197635135137,0.14533201515578589,0.14533201515578589,0.14057137998065608,0.032756961155645851,True,1.9472101590830038,-1,-0.28262246621621623,-1,True,calibration__20200509T220000Z,0.34234349524693847,5.2857869383258862,-0.44257054903342913,-0.27768701390060174,gate_pass,74,128
128,127,recovery_completion_hours_mean,C,-2.466532939189189,0.17509977609125818,0.17509977609125818,0.1642241714644655,0.062110899679989062,True,14.086442565772819,-1,-2.4445734797297298,-1,True,calibration__20210710T100000Z,0.24601064215003293,6.2039568709280077,-0.49566915889349483,-0.47189460189260019,gate_pass,74,128
128,134,failed_recovery_attempts_mean,A,0.00063344594594594598,0.00023625717570834634,0.00021676317011239663,0.00023625717570834634,0.082511803239426557,True,2.68117124505001,1,0.00095016891891891897,1,True,calibration__20200317T160000Z,0.26710249824889098,6.0050019616659238,-0.48181042970219623,-0.32440341699075914,gate_pass,74,128
128,134,failed_recovery_attempts_mean,AB,-0.00063344594594594598,0.00023625717570834634,0.00021676317011239663,0.00023625717570834634,0.082511803239426557,True,2.68117124505001,-1,-0.00095016891891891897,-1,True,calibration__20200317T160000Z,0.26710249824889098,6.0050019616659238,-0.48181042970219623,-0.32440341699075914,gate_pass,74,128
128,134,failed_recovery_attempts_mean,ABC,0.00063344594594594598,0.00023625717570834634,0.00021676317011239663,0.00023625717570834634,0.082511803239426557,True,2.68117124505001,1,0.00095016891891891897,1,True,calibration__20200317T160000Z,0.26710249824889098,6.0050019616659238,-0.48181042970219623,-0.32440341699075914,gate_pass,74,128
128,134,failed_recovery_attempts_mean,AC,-0.00063344594594594598,0.00023625717570834634,0.00021676317011239663,0.00023625717570834634,0.082511803239426557,True,2.68117124505001,-1,-0.00095016891891891897,-1,True,calibration__20200317T160000Z,0.26710249824889098,6.0050019616659238,-0.48181042970219623,-0.32440341699075914,gate_pass,74,128
128,134,failed_recovery_attempts_mean,B,-0.21853885135135134,0.0038159316279189185,0.00369520971485908,0.0038159316279189185,0.031636288285824508,True,57.270117145818759,-1,-0.22392314189189189,-1,True,calibration__20200802T100000Z,0.030620090578007238,47.482733650629235,-0.49726508236477368,-0.47185084061857663,gate_pass,74,128
128,134,failed_recovery_attempts_mean,BC,-0.00052787162162162165,0.00025535881659009721,0.00022349112507726772,0.00025535881659009721,0.12479573620512037,True,2.0671760179283836,-1,-0.00073902027027027031,-1,True,calibration__20200511T090000Z,0.26608829343290147,5.6972852996179908,-0.46081157929538014,-0.3069287353095021,gate_pass,74,128
128,134,failed_recovery_attempts_mean,C,0.00052787162162162165,0.00025535881659009721,0.00022349112507726772,0.00025535881659009721,0.12479573620512037,True,2.0671760179283836,1,0.00073902027027027031,1,True,calibration__20200511T090000Z,0.26608829343290147,5.6972852996179908,-0.46081157929538014,-0.3069287353095021,gate_pass,74,128
128,134,first_six_hour_burden_mean,A,-0.001464762831543804,0.00018055007671782301,0.00018055007671782301,0.00017800849598568639,0.014076874285181201,True,8.1127787823266537,-1,-0.0015439505926018902,-1,True,calibration__20210206T010000Z,0.20461201767776366,8.3383993464744215,-0.55537236082850094,-0.51905145122172469,gate_pass,74,128
128,134,first_six_hour_burden_mean,AB,0.0010952526964086689,0.00018114322988062006,0.00017304187542375952,0.00018114322988062006,0.044723473586065675,True,6.0463352515602162,1,0.00069935599800729554,1,True,calibration__20200317T160000Z,0.17838343048600602,9.0499997643727585,-0.40685915272109019,-0.37576482117070925,gate_pass,74,128
128,134,first_six_hour_burden_mean,ABC,-0.0010952526964086689,0.00018114322988062006,0.00017304187542375952,0.00018114322988062006,0.044723473586065675,True,6.0463352515602162,-1,-0.00069935599800729554,-1,True,calibration__20200317T160000Z,0.17838343048600602,9.0499997643727585,-0.40685915272109019,-0.37576482117070925,gate_pass,74,128
128,134,first_six_hour_burden_mean,AC,0.001464762831543804,0.00018055007671782301,0.00018055007671782301,0.00017800849598568639,0.014076874285181201,True,8.1127787823266537,1,0.0015439505926018902,1,True,calibration__20210206T010000Z,0.20461201767776366,8.3383993464744215,-0.55537236082850094,-0.51905145122172469,gate_pass,74,128
128,134,first_six_hour_burden_mean,B,-0.40859230217475129,0.0037577814809038215,0.0037577814809038215,0.0036699811392868504,0.023364940740474717,True,108.73232098543332,-1,-0.40872278615590829,-1,True,calibration__20210314T050000Z,0.025053592412981617,50.606982026983069,-0.48627182689861831,-0.62520059356300661,gate_pass,74,128
128,134,first_six_hour_burden_mean,BC,0.0011740308491637787,0.00018760524981813469,0.00018132815276804021,0.00018760524981813469,0.033459069275404187,True,6.2579850526671779,1,0.00069935599800729554,1,True,calibration__20200317T160000Z,0.20386741471137526,8.2656038664523557,-0.3780516948601288,-0.35396614950392208,gate_pass,74,128
128,134,first_six_hour_burden_mean,C,-0.0015435409842989138,0.00018850660078339326,0.00018850660078339326,0.00018333431236458169,0.027438235039604176,True,8.1882596040896516,-1,-0.00154395059260189,-1,True,calibration__20200317T160000Z,0.18863625505397252,7.9335869885388677,-0.52952004959519838,-0.50228651345972286,gate_pass,74,128
128,134,initial_gap_q4_q1_burden_contrast,A,-0.00078562555316142842,0.00040779721890920261,0.00040557753176658753,0.00040779721890920261,0.0054431149593232014,True,1.9265103260460208,-1,-0.0024671117732738821,-1,True,calibration__20210206T010000Z,0.61508474261672319,2.3084410623456382,-0.721789651389386,-0.7149933183495093,gate_pass,74,128
128,134,initial_gap_q4_q1_burden_contrast,AB,-0.00065351918368067676,0.00035382855672138014,0.00035245132896191331,0.00035382855672138014,0.0038923589781118683,True,1.8469938936988795,-1,-0.00082236191093664412,-1,True,calibration__20210206T010000Z,0.49030004296972124,2.9709220861258347,-0.43153092808676197,-0.43268193023532403,gate_pass,74,128
128,134,initial_gap_q4_q1_burden_contrast,ABC,0.00065351918368067676,0.00035382855672138014,0.00035245132896191331,0.00035382855672138014,0.0038923589781118683,True,1.8469938936988795,1,0.00082236191093664401,1,True,calibration__20210206T010000Z,0.49030004296972124,2.9709220861258347,-0.43153092808676197,-0.43268193023532403,gate_pass,74,128
128,134,initial_gap_q4_q1_burden_contrast,AC,0.00078562555316142842,0.00040779721890920261,0.00040557753176658753,0.00040779721890920261,0.0054431149593232014,True,1.9265103260460208,1,0.0024671117732738821,1,True,calibration__20210206T010000Z,0.61508474261672319,2.3084410623456382,-0.721789651389386,-0.7149933183495093,gate_pass,74,128
128,134,initial_gap_q4_q1_burden_contrast,B,-0.034411709010228275,0.010963354932430253,0.010545819683247889,0.010963354932430253,0.038084623890746266,True,3.1387936651066912,-1,-0.044926090079627223,-1,True,calibration__20210314T050000Z,0.048253476283490471,25.965828951786932,-0.47011410502914791,-0.60312435900948447,gate_pass,74,128
128,134,initial_gap_q4_q1_burden_contrast,BC,-0.00065351918368067676,0.00035382855672138014,0.00035245132896191331,0.00035382855672138014,0.0038923589781118683,True,1.8469938936988795,-1,-0.00082236191093664412,-1,True,calibration__20210206T010000Z,0.49030004296972124,2.9709220861258347,-0.43153092808676197,-0.43268193023532403,gate_pass,74,128
128,134,initial_gap_q4_q1_burden_contrast,C,-0.00078562555316142853,0.00040779721890920261,0.00040557753176658753,0.00040779721890920261,0.0054431149593232014,True,1.926510326046021,-1,-0.0024671117732738821,-1,True,calibration__20210206T010000Z,0.61508474261672319,2.3084410623456382,-0.721789651389386,-0.7149933183495093,gate_pass,74,128
128,134,maximum_downside_deviation_mean,A,-0.00041807432432432428,7.2990859998008426e-05,7.2990859998008426e-05,6.6879546038289204e-05,0.083727112680765381,True,5.7277626861189406,-1,-0.00047033361486486489,-1,True,calibration__20210206T010000Z,0.522452068617558,3.2893648733514773,-0.55721628627896391,-0.54553784501085967,gate_pass,74,128
128,134,maximum_downside_deviation_mean,AB,-7.838893581081081e-05,7.616270774814463e-05,7.2990859998008426e-05,7.616270774814463e-05,0.041645679938597933,True,1.0292298964741102,-1,-0.00026129645270270269,-1,True,calibration__20210206T010000Z,0.522452068617558,3.2893648733514773,-0.55721628627896391,-0.57573441830272654,gate_pass,74,128
128,134,maximum_downside_deviation_mean,ABC,7.838893581081081e-05,7.616270774814463e-05,7.2990859998008426e-05,7.616270774814463e-05,0.041645679938597933,True,1.0292298964741102,1,0.00026129645270270269,1,True,calibration__20210206T010000Z,0.522452068617558,3.2893648733514773,-0.55721628627896391,-0.57573441830272654,gate_pass,74,128
128,134,maximum_downside_deviation_mean,AC,0.00041807432432432428,7.2990859998008426e-05,7.2990859998008426e-05,6.6879546038289204e-05,0.083727112680765381,True,5.7277626861189406,1,0.00047033361486486489,1,True,calibration__20210206T010000Z,0.522452068617558,3.2893648733514773,-0.55721628627896391,-0.54553784501085967,gate_pass,74,128
128,134,maximum_downside_deviation_mean,B,-0.33696790540540539,0.00090472972932618945,0.00089603917397774893,0.00090472972932618945,0.0096056922490133454,True,372.45145647680562,-1,-0.33858794341216214,-1,True,calibration__20210409T070000Z,0.07925273695135425,25.272931632611829,-0.4401980204120387,-0.52511811623715632,gate_pass,74,128
128,134,maximum_downside_deviation_mean,BC,0,8.8958112269252391e-05,8.5538319939453369e-05,8.8958112269252391e-05,0.038442725936542209,True,0,0,-0.00026129645270270269,-1,False,calibration__20210206T010000Z,0.38041880969875086,4.1861544111415574,-0.44999315500124365,-0.47208004805887788,gate_pass,74,128
128,134,maximum_downside_deviation_mean,C,-0.00049646326013512714,8.572666142238866e-05,8.5538319939453355e-05,8.572666142238866e-05,0.0021970000908739084,True,5.79123521081703,-1,-0.00047033361486485692,-1,True,calibration__20210206T010000Z,0.38041880969875075,4.1861544111415583,-0.44999315500124365,-0.38049345709828181,gate_pass,74,128
128,134,recovery_completion_hours_mean,A,-1.6578600084459461,0.11121824560358223,0.11121824560358223,0.10034508127294134,0.097764213701017774,True,14.906367201251266,-1,-1.6921452702702702,-1,True,calibration__20210206T010000Z,0.44359898681772614,4.4020269056007217,-0.5442287830039183,-0.54149266704660015,gate_pass,74,128
128,134,recovery_completion_hours_mean,AB,-1.186840160472973,0.11609131895861978,0.11098482009495236,0.11609131895861978,0.043986914004203917,True,10.223332555089815,-1,-1.4016047297297298,-1,True,calibration__20210206T010000Z,0.44546692173784136,4.3694853014140707,-0.54095573411007813,-0.56759674449307873,gate_pass,74,128
128,134,recovery_completion_hours_mean,ABC,1.186840160472973,0.11609131895861978,0.11098482009495236,0.11609131895861978,0.043986914004203917,True,10.223332555089815,1,1.4016047297297298,1,True,calibration__20210206T010000Z,0.44546692173784136,4.3694853014140707,-0.54095573411007813,-0.56759674449307873,gate_pass,74,128
128,134,recovery_completion_hours_mean,AC,1.6578600084459461,0.11121824560358223,0.11121824560358223,0.10034508127294134,0.097764213701017774,True,14.906367201251266,1,1.6921452702702702,1,True,calibration__20210206T010000Z,0.44359898681772614,4.4020269056007217,-0.5442287830039183,-0.54149266704660015,gate_pass,74,128
128,134,recovery_completion_hours_mean,B,-460.9535209037162,1.2624700270315417,1.2507601141069367,1.2624700270315417,0.0092753987610609875,True,365.12036803563632,-1,-463.17609797297297,-1,True,calibration__20210409T070000Z,0.08018246950321696,25.016573480575456,-0.44085122686768285,-0.5253724288728453,gate_pass,74,128
128,134,recovery_completion_hours_mean,BC,-1.2226826435810811,0.12957710806310715,0.1270916644892221,0.12957710806310715,0.019181193430205155,True,9.435946378627353,-1,-1.5772804054054055,-1,True,calibration__20210206T010000Z,0.33971012452773919,5.1826252639460657,-0.45207108656352984,-0.48972939615948446,gate_pass,74,128
128,134,recovery_completion_hours_mean,C,-1.9119246199324325,0.12805646191914427,0.12779165722464228,0.12805646191914427,0.0020678745182667203,True,14.930325196237538,-1,-1.8678209459459461,-1,True,calibration__20210206T010000Z,0.33599871876790394,5.256706164382277,-0.45296279465523143,-0.38665030238978787,gate_pass,74,128
128,171,failed_recovery_attempts_mean,A,-0.00021114864864864866,8.3200538323606018e-05,8.3200538323606018e-05,8.1670129886778669e-05,0.018394213158511918,True,2.5378279143746916,-1,-0.00031672297297297299,-1,True,calibration__20200505T100000Z,0.40253565768621236,3.3296482285991447,-0.58386366663541367,-0.57684097849526739,gate_pass,74,128
128,171,failed_recovery_attempts_mean,AB,0.00021114864864864866,8.3200538323606018e-05,8.3200538323606018e-05,8.1670129886778669e-05,0.018394213158511918,True,2.5378279143746916,1,0.00031672297297297299,1,True,calibration__20200505T100000Z,0.40253565768621236,3.3296482285991447,-0.58386366663541367,-0.57684097849526739,gate_pass,74,128
128,171,failed_recovery_attempts_mean,ABC,-0.00021114864864864866,8.3200538323606018e-05,8.3200538323606018e-05,8.1670129886778669e-05,0.018394213158511918,True,2.5378279143746916,-1,-0.00031672297297297299,-1,True,calibration__20200505T100000Z,0.40253565768621236,3.3296482285991447,-0.58386366663541367,-0.57684097849526739,gate_pass,74,128
128,171,failed_recovery_attempts_mean,AC,0.00021114864864864866,8.3200538323606018e-05,8.3200538323606018e-05,8.1670129886778669e-05,0.018394213158511918,True,2.5378279143746916,1,0.00031672297297297299,1,True,calibration__20200505T100000Z,0.40253565768621236,3.3296482285991447,-0.58386366663541367,-0.57684097849526739,gate_pass,74,128
128,171,failed_recovery_attempts_mean,B,-0.015941722972972971,0.0015702578325048127,0.0015625082848327058,0.0015702578325048127,0.0049352071434951234,True,10.152296420991812,-1,-0.013830236486486486,-1,True,calibration__20201206T020000Z,0.093715035475652325,30.435880698735193,-0.429403198744783,-0.48573554821542203,gate_pass,74,128
128,171,failed_recovery_attempts_mean,BC,0.00021114864864864866,8.3200538323606018e-05,8.3200538323606018e-05,8.1670129886778669e-05,0.018394213158511918,True,2.5378279143746916,1,0.00031672297297297299,1,True,calibration__20200505T100000Z,0.40253565768621236,3.3296482285991447,-0.58386366663541367,-0.57684097849526739,gate_pass,74,128
128,171,failed_recovery_attempts_mean,C,-0.00021114864864864866,8.3200538323606018e-05,8.3200538323606018e-05,8.1670129886778669e-05,0.018394213158511918,True,2.5378279143746916,-1,-0.00031672297297297299,-1,True,calibration__20200505T100000Z,0.40253565768621236,3.3296482285991447,-0.58386366663541367,-0.57684097849526739,gate_pass,74,128
128,171,first_six_hour_burden_mean,A,0,0,0,0,0,True,0,0,0,0,True,calibration__20200128T020000Z,0,74,,,gate_pass,74,128
128,171,first_six_hour_burden_mean,AB,0,0,0,0,0,True,0,0,0,0,True,calibration__20200128T020000Z,0,74,,,gate_pass,74,128
128,171,first_six_hour_burden_mean,ABC,0,0,0,0,0,True,0,0,0,0,True,calibration__20200128T020000Z,0,74,,,gate_pass,74,128
128,171,first_six_hour_burden_mean,AC,0,0,0,0,0,True,0,0,0,0,True,calibration__20200128T020000Z,0,74,,,gate_pass,74,128
128,171,first_six_hour_burden_mean,B,-8.3734281607629734e-05,2.8145970929907677e-05,2.7865111496658137e-05,2.8145970929907677e-05,0.0099786727538718895,True,2.9750006427617808,-1,-0.00014503476063432183,-1,True,calibration__20210302T170000Z,0.58980991457133769,2.6208764798726025,-0.35359917790133216,-0.48903178441367373,gate_pass,74,128
128,171,first_six_hour_burden_mean,BC,0,0,0,0,0,True,0,0,0,0,True,calibration__20200128T020000Z,0,74,,,gate_pass,74,128
128,171,first_six_hour_burden_mean,C,0,0,0,0,0,True,0,0,0,0,True,calibration__20200128T020000Z,0,74,,,gate_pass,74,128
128,171,initial_gap_q4_q1_burden_contrast,A,0,0,0,0,0,True,0,0,0,0,True,calibration__20200509T220000Z,0,38,,,gate_pass,74,128
128,171,initial_gap_q4_q1_burden_contrast,AB,0,0,0,0,0,True,0,0,0,0,True,calibration__20200509T220000Z,0,38,,,gate_pass,74,128
128,171,initial_gap_q4_q1_burden_contrast,ABC,0,0,0,0,0,True,0,0,0,0,True,calibration__20200509T220000Z,0,38,,,gate_pass,74,128
128,171,initial_gap_q4_q1_burden_contrast,AC,0,0,0,0,0,True,0,0,0,0,True,calibration__20200509T220000Z,0,38,,,gate_pass,74,128
128,171,initial_gap_q4_q1_burden_contrast,B,-8.4507898267139012e-05,5.8115658751961246e-05,5.8115658751961246e-05,5.7860096576287222e-05,0.0043974753304400881,True,1.4541330182252661,-1,-8.9362442235603148e-05,-1,True,calibration__20200615T050000Z,0.57236591014502358,2.7239085100465625,-0.52405691132772547,-0.52809993412450829,gate_pass,74,128
128,171,initial_gap_q4_q1_burden_contrast,BC,0,0,0,0,0,True,0,0,0,0,True,calibration__20200509T220000Z,0,38,,,gate_pass,74,128
128,171,initial_gap_q4_q1_burden_contrast,C,0,0,0,0,0,True,0,0,0,0,True,calibration__20200509T220000Z,0,38,,,gate_pass,74,128
128,171,maximum_downside_deviation_mean,A,-3.9417684965703319e-07,9.4082642277449647e-08,9.4082642277449647e-08,8.8720695640694301e-08,0.0569918797661206,True,4.1896872804082816,-1,-4.9758473463926731e-07,-1,True,calibration__20210616T110000Z,0.33314564298624183,4.931098659361413,-0.53545874796115145,-0.51876040458130046,gate_pass,74,128
128,171,maximum_downside_deviation_mean,AB,3.9417684965703319e-07,9.4082642277449647e-08,9.4082642277449647e-08,8.8720695640694301e-08,0.0569918797661206,True,4.1896872804082816,1,4.9758473463926731e-07,1,True,calibration__20210616T110000Z,0.33314564298624183,4.931098659361413,-0.53545874796115145,-0.51876040458130046,gate_pass,74,128
128,171,maximum_downside_deviation_mean,ABC,-3.9417684965703319e-07,9.4082642277449647e-08,9.4082642277449647e-08,8.8720695640694301e-08,0.0569918797661206,True,4.1896872804082816,-1,-4.9758473463926731e-07,-1,True,calibration__20210616T110000Z,0.33314564298624183,4.931098659361413,-0.53545874796115145,-0.51876040458130046,gate_pass,74,128
128,171,maximum_downside_deviation_mean,AC,3.9417684965703319e-07,9.4082642277449647e-08,9.4082642277449647e-08,8.8720695640694301e-08,0.0569918797661206,True,4.1896872804082816,1,4.9758473463926731e-07,1,True,calibration__20210616T110000Z,0.33314564298624183,4.931098659361413,-0.53545874796115145,-0.51876040458130046,gate_pass,74,128
128,171,maximum_downside_deviation_mean,B,-1.6103624161847862e-05,1.4858109277899698e-06,1.4858109277899698e-06,1.38078403794087e-06,0.070686577871196074,True,10.838272798141801,-1,-1.8436203546811121e-05,-1,True,calibration__20210328T190000Z,0.27333201697917864,10.588445517996284,-0.74904063897823436,-0.78169781650809145,gate_pass,74,128
128,171,maximum_downside_deviation_mean,BC,4.613024495987305e-07,1.0523608872011236e-07,1.0254752745429437e-07,1.0523608872011236e-07,0.025547901851127579,True,4.3835005197277725,1,5.8446965133877569e-07,1,True,calibration__20210616T110000Z,0.42672103522589477,4.0233258704850021,-0.52009717306465453,-0.45022878020489732,gate_pass,74,128
128,171,maximum_downside_deviation_mean,C,-4.613024495987305e-07,1.0523608872011236e-07,1.0254752745429437e-07,1.0523608872011236e-07,0.025547901851127579,True,4.3835005197277725,-1,-5.8446965133877569e-07,-1,True,calibration__20210616T110000Z,0.42672103522589477,4.0233258704850021,-0.52009717306465453,-0.45022878020489732,gate_pass,74,128
128,171,recovery_completion_hours_mean,A,-4.6554581925675675,0.12478347938575675,0.1224306242305656,0.12478347938575675,0.018855502080668191,True,37.308289650873121,-1,-4.4824746621621623,-1,True,calibration__20210920T030000Z,0.23721579140090659,6.4953503611929388,-0.44163768576726437,-0.48191985895023493,gate_pass,74,128
128,171,recovery_completion_hours_mean,AB,-0.0040646114864864866,0.0058455787510897248,0.0058455787510897248,0.0057611175109315701,0.014448738739925381,True,0.69533089186913566,-1,-0.00042229729729729732,-1,True,calibration__20210616T110000Z,0.85727879738565449,1.3484343853561449,-0.10293169756364368,-0.16120385898146525,gate_pass,74,128
128,171,recovery_completion_hours_mean,ABC,0.0040646114864864866,0.0058455787510897248,0.0058455787510897248,0.0057611175109315701,0.014448738739925381,True,0.69533089186913566,1,0.00042229729729729732,1,True,calibration__20210616T110000Z,0.85727879738565449,1.3484343853561449,-0.10293169756364368,-0.16120385898146525,gate_pass,74,128
128,171,recovery_completion_hours_mean,AC,4.6554581925675675,0.12478347938575675,0.1224306242305656,0.12478347938575675,0.018855502080668191,True,37.308289650873121,1,4.4824746621621623,1,True,calibration__20210920T030000Z,0.23721579140090659,6.4953503611929388,-0.44163768576726437,-0.48191985895023493,gate_pass,74,128
128,171,recovery_completion_hours_mean,B,-0.1403610641891892,0.019598246908512751,0.017846337895504959,0.019598246908512751,0.089391108357086163,True,7.1619193718914502,-1,-0.091005067567567571,-1,True,calibration__20210616T110000Z,0.12782791612947,22.127899086186929,-0.32229669961609336,-0.47265744137011018,gate_pass,74,128
128,171,recovery_completion_hours_mean,BC,0.0051203547297297295,0.0050322814178013946,0.0050322814178013946,0.0049159411985839211,0.023118782428567481,True,1.0175016666629138,1,-0.0019003378378378379,-1,False,calibration__20210616T110000Z,0.78753046511446567,1.5806049102319755,-0.27792605369445661,-0.32859612659782533,gate_pass,74,128
128,171,recovery_completion_hours_mean,C,-5.4329075168918921,0.12838601147685752,0.1243593741456346,0.12838601147685752,0.031363520720859482,True,42.316974056563879,-1,-5.3686655405405403,-1,True,calibration__20210920T030000Z,0.24370864615629295,6.3006685490370309,-0.45176993827253425,-0.51818994040448607,gate_pass,74,128
128,193,failed_recovery_attempts_mean,A,-0.012167440878378379,0.0011570185279446816,0.0011046864286698341,0.0011570185279446816,0.045230130729029691,True,10.516202277237966,-1,-0.016680743243243243,-1,True,calibration__20210712T100000Z,0.14760626941211905,10.625117994913301,-0.39067571519379207,-0.40063378822739137,gate_pass,74,128
128,193,failed_recovery_attempts_mean,AB,0.012167440878378379,0.0011570185279446816,0.0011046864286698341,0.0011570185279446816,0.045230130729029691,True,10.516202277237966,1,0.016680743243243243,1,True,calibration__20210712T100000Z,0.14760626941211905,10.625117994913301,-0.39067571519379207,-0.40063378822739137,gate_pass,74,128
128,193,failed_recovery_attempts_mean,ABC,-0.012167440878378379,0.0011570185279446816,0.0011046864286698341,0.0011570185279446816,0.045230130729029691,True,10.516202277237966,-1,-0.016680743243243243,-1,True,calibration__20210712T100000Z,0.14760626941211905,10.625117994913301,-0.39067571519379207,-0.40063378822739137,gate_pass,74,128
128,193,failed_recovery_attempts_mean,AC,0.012167440878378379,0.0011570185279446816,0.0011046864286698341,0.0011570185279446816,0.045230130729029691,True,10.516202277237966,1,0.016680743243243243,1,True,calibration__20210712T100000Z,0.14760626941211905,10.625117994913301,-0.39067571519379207,-0.40063378822739137,gate_pass,74,128
128,193,failed_recovery_attempts_mean,B,-0.1205394847972973,0.0059234744717372263,0.0059234744717372263,0.0052887067081855638,0.10716139093370633,True,20.349456281516765,-1,-0.10705236486486487,-1,True,calibration__20200515T040000Z,0.06599089758082255,40.726586899635258,-0.42226453164853289,-0.40161662603118764,gate_pass,74,128
128,193,failed_recovery_attempts_mean,BC,0.014014991554054054,0.0012451413300868686,0.0012172744180104656,0.0012451413300868686,0.022380521313559502,True,11.25574359745675,1,0.016680743243243243,1,True,calibration__20200509T220000Z,0.19693340786341743,9.2256326621416793,-0.54570806650271864,-0.57948299857431129,gate_pass,74,128
128,193,failed_recovery_attempts_mean,C,-0.014014991554054054,0.0012451413300868686,0.0012172744180104656,0.0012451413300868686,0.022380521313559502,True,11.25574359745675,-1,-0.016680743243243243,-1,True,calibration__20200509T220000Z,0.19693340786341743,9.2256326621416793,-0.54570806650271864,-0.57948299857431129,gate_pass,74,128
128,193,first_six_hour_burden_mean,A,-2.6240754615374046e-05,1.1367338758824377e-05,1.1367338758824377e-05,1.1198114342121621e-05,0.014886898357928236,True,2.3084342933831854,-1,-3.9587372917124243e-05,-1,True,calibration__20211210T180000Z,0.50376822183102798,2.4250015062409478,-0.71682325611949349,-0.69644332587299984,gate_pass,74,128
128,193,first_six_hour_burden_mean,AB,2.6240754615374046e-05,1.1367338758824377e-05,1.1367338758824377e-05,1.1198114342121621e-05,0.014886898357928236,True,2.3084342933831854,1,3.9587372917124243e-05,1,True,calibration__20211210T180000Z,0.50376822183102798,2.4250015062409478,-0.71682325611949349,-0.69644332587299984,gate_pass,74,128
128,193,first_six_hour_burden_mean,ABC,-2.6240754615374046e-05,1.1367338758824377e-05,1.1367338758824377e-05,1.1198114342121621e-05,0.014886898357928236,True,2.3084342933831854,-1,-3.9587372917124243e-05,-1,True,calibration__20211210T180000Z,0.50376822183102798,2.4250015062409478,-0.71682325611949349,-0.69644332587299984,gate_pass,74,128
128,193,first_six_hour_burden_mean,AC,2.6240754615374046e-05,1.1367338758824377e-05,1.1367338758824377e-05,1.1198114342121621e-05,0.014886898357928236,True,2.3084342933831854,1,3.9587372917124243e-05,1,True,calibration__20211210T180000Z,0.50376822183102798,2.4250015062409478,-0.71682325611949349,-0.69644332587299984,gate_pass,74,128
128,193,first_six_hour_burden_mean,B,-0.014458518688321631,0.0010434434121561445,0.00098073252024327012,0.0010434434121561445,0.06009994522203195,True,13.856543172230989,-1,-0.017095488231281691,-1,True,calibration__20210715T050000Z,0.31742947227443585,7.5987249510941117,-0.54065195126549237,-0.61903379832568428,gate_pass,74,128
128,193,first_six_hour_burden_mean,BC,5.7402956109805088e-05,3.3093616288150371e-05,3.3093616288150371e-05,3.2918127095580553e-05,0.0053028110026360252,True,1.7345628114495004,1,3.9587372917124263e-05,1,True,calibration__20200511T090000Z,0.92837640120198139,1.1554365347472688,-0.26009257422612797,-0.23557448525839389,gate_pass,74,128
128,193,first_six_hour_burden_mean,C,-5.7402956109805088e-05,3.3093616288150371e-05,3.3093616288150371e-05,3.2918127095580553e-05,0.0053028110026360252,True,1.7345628114495004,-1,-3.9587372917124263e-05,-1,True,calibration__20200511T090000Z,0.92837640120198139,1.1554365347472688,-0.26009257422612797,-0.23557448525839389,gate_pass,74,128
128,193,initial_gap_q4_q1_burden_contrast,A,5.1109506795047478e-05,3.4009946326063958e-05,3.4009946326063958e-05,3.3845730033553485e-05,0.0048284784379275516,True,1.5027811659872881,1,7.210111864238691e-05,1,True,calibration__20211210T180000Z,0.85367530434672356,1.3506798406947831,-0.58474018255198712,-0.57126357962608498,gate_pass,74,128
128,193,initial_gap_q4_q1_burden_contrast,AB,-5.1109506795047478e-05,3.4009946326063958e-05,3.4009946326063958e-05,3.3845730033553485e-05,0.0048284784379275516,True,1.5027811659872881,-1,-7.210111864238691e-05,-1,True,calibration__20211210T180000Z,0.85367530434672356,1.3506798406947831,-0.58474018255198712,-0.57126357962608498,gate_pass,74,128
128,193,initial_gap_q4_q1_burden_contrast,ABC,5.1109506795047478e-05,3.4009946326063958e-05,3.4009946326063958e-05,3.3845730033553485e-05,0.0048284784379275516,True,1.5027811659872881,1,7.210111864238691e-05,1,True,calibration__20211210T180000Z,0.85367530434672356,1.3506798406947831,-0.58474018255198712,-0.57126357962608498,gate_pass,74,128
128,193,initial_gap_q4_q1_burden_contrast,AC,-5.1109506795047478e-05,3.4009946326063958e-05,3.4009946326063958e-05,3.3845730033553485e-05,0.0048284784379275516,True,1.5027811659872881,-1,-7.210111864238691e-05,-1,True,calibration__20211210T180000Z,0.85367530434672356,1.3506798406947831,-0.58474018255198712,-0.57126357962608498,gate_pass,74,128
128,193,initial_gap_q4_q1_burden_contrast,B,0.028325786580564928,0.0033235289238509134,0.0031394170518119998,0.0033235289238509134,0.055396500604419724,True,8.5228042931380141,1,0.030435735368511983,1,True,calibration__20210715T050000Z,0.46990126237328694,3.8579940511453805,-0.49876719627090138,-0.52399628220874739,gate_pass,74,128
128,193,initial_gap_q4_q1_burden_contrast,BC,-5.1109506795047498e-05,3.4009946326063978e-05,3.4009946326063978e-05,3.3845730033553491e-05,0.0048284784379279471,True,1.5027811659872878,-1,-7.210111864238695e-05,-1,True,calibration__20211210T180000Z,0.85367530434672356,1.3506798406947831,-0.5847401825519869,-0.5712635796260872,gate_pass,74,128
128,193,initial_gap_q4_q1_burden_contrast,C,5.1109506795047498e-05,3.4009946326063978e-05,3.4009946326063978e-05,3.3845730033553491e-05,0.0048284784379279471,True,1.5027811659872878,1,7.210111864238695e-05,1,True,calibration__20211210T180000Z,0.85367530434672356,1.3506798406947831,-0.5847401825519869,-0.5712635796260872,gate_pass,74,128
128,193,maximum_downside_deviation_mean,A,-0.0046797570483808519,0.00020173343086405545,0.00019359064467716974,0.00020173343086405545,0.040364089144813035,True,23.197726962441127,-1,-0.0050187977821405851,-1,True,calibration__20210920T030000Z,0.1455638617383232,10.547184271523209,-0.47812291050763844,-0.57388201835354591,gate_pass,74,128
128,193,maximum_downside_deviation_mean,AB,0.0046797570483808519,0.00020173343086405545,0.00019359064467716974,0.00020173343086405545,0.040364089144813035,True,23.197726962441127,1,0.0050187977821405851,1,True,calibration__20210920T030000Z,0.1455638617383232,10.547184271523209,-0.47812291050763844,-0.57388201835354591,gate_pass,74,128
128,193,maximum_downside_deviation_mean,ABC,-0.0046797570483808519,0.00020173343086405545,0.00019359064467716974,0.00020173343086405545,0.040364089144813035,True,23.197726962441127,-1,-0.0050187977821405851,-1,True,calibration__20210920T030000Z,0.1455638617383232,10.547184271523209,-0.47812291050763844,-0.57388201835354591,gate_pass,74,128
128,193,maximum_downside_deviation_mean,AC,0.0046797570483808519,0.00020173343086405545,0.00019359064467716974,0.00020173343086405545,0.040364089144813035,True,23.197726962441127,1,0.0050187977821405851,1,True,calibration__20210920T030000Z,0.1455638617383232,10.547184271523209,-0.47812291050763844,-0.57388201835354591,gate_pass,74,128
128,193,maximum_downside_deviation_mean,B,-0.035022645360680345,0.0010933765770127497,0.0010933765770127497,0.00097187504742308204,0.11112505256114598,True,32.03164042197325,-1,-0.032869695423551386,-1,True,calibration__20210715T050000Z,0.071047278911603867,34.537994795804046,-0.47795731782400902,-0.56691676184048556,gate_pass,74,128
128,193,maximum_downside_deviation_mean,BC,0.0059342618722079288,0.00022240772589430055,0.00022240772589430055,0.00021609198089742593,0.028397147497817476,True,26.681905263615668,1,0.006273225911161355,1,True,calibration__20210920T030000Z,0.17722465742054169,9.1094601234685975,-0.54792328291947923,-0.60861262540719563,gate_pass,74,128
128,193,maximum_downside_deviation_mean,C,-0.0059342618722079288,0.00022240772589430055,0.00022240772589430055,0.00021609198089742593,0.028397147497817476,True,26.681905263615668,-1,-0.006273225911161355,-1,True,calibration__20210920T030000Z,0.17722465742054169,9.1094601234685975,-0.54792328291947923,-0.60861262540719563,gate_pass,74,128
128,193,recovery_completion_hours_mean,A,-8.9088629645270263,0.29504437244280202,0.2790724053526723,0.29504437244280202,0.054134118735737202,True,30.194993691174769,-1,-9.202597128378379,-1,True,calibration__20210920T030000Z,0.15645696742997686,10.623011634377505,-0.47075422540950884,-0.56354488582813322,gate_pass,74,128
128,193,recovery_completion_hours_mean,AB,4.2493401604729728,0.24211810871573936,0.23902975499990173,0.24211810871573936,0.012755566827360001,True,17.550691201961865,1,4.7197001689189193,1,True,calibration__20210920T030000Z,0.17218203944857288,9.4716266795768806,-0.4793865662014381,-0.57528704591800051,gate_pass,74,128
128,193,recovery_completion_hours_mean,ABC,-4.2493401604729728,0.24211810871573936,0.23902975499990173,0.24211810871573936,0.012755566827360001,True,17.550691201961865,-1,-4.7197001689189193,-1,True,calibration__20210920T030000Z,0.17218203944857288,9.4716266795768806,-0.4793865662014381,-0.57528704591800051,gate_pass,74,128
128,193,recovery_completion_hours_mean,AC,8.9088629645270263,0.29504437244280202,0.2790724053526723,0.29504437244280202,0.054134118735737202,True,30.194993691174769,1,9.202597128378379,1,True,calibration__20210920T030000Z,0.15645696742997686,10.623011634377505,-0.47075422540950884,-0.56354488582813322,gate_pass,74,128
128,193,recovery_completion_hours_mean,B,-42.509897592905403,1.427343902944882,1.427343902944882,1.2725732931920013,0.10843259948324961,True,29.78251947915243,-1,-39.932326858108105,-1,True,calibration__20210715T050000Z,0.081832872077004987,35.551726295468335,-0.4759038899068071,-0.60563448669222897,gate_pass,74,128
128,193,recovery_completion_hours_mean,BC,5.5810546875,0.27736598589391265,0.27736598589391265,0.26524627453282612,0.043695737680402136,True,20.12162619548689,1,5.9205025337837842,1,True,calibration__20210920T030000Z,0.2014434521051347,7.98602028902563,-0.5373497124632044,-0.56625699740319846,gate_pass,74,128
128,193,recovery_completion_hours_mean,C,-11.008841849662161,0.3176820472256337,0.3176820472256337,0.31135029311922413,0.019931104579896018,True,34.653648028914681,-1,-11.291068412162161,-1,True,calibration__20210920T030000Z,0.19650971805522421,8.9293997567107173,-0.52502098995258595,-0.54677716998528392,gate_pass,74,128
128,203,failed_recovery_attempts_mean,A,-0.00026393581081081083,0.00024171969506191698,0.00023648923270929253,0.00024171969506191698,0.021638544394508925,True,1.0919085875199501,-1,-0.00031672297297297299,-1,True,calibration__20210926T070000Z,0.2495096116123971,7.7974784868520919,-0.57327592994006737,-0.65683488041201954,gate_pass,74,128
128,203,failed_recovery_attempts_mean,AB,0.00026393581081081083,0.00024171969506191698,0.00023648923270929253,0.00024171969506191698,0.021638544394508925,True,1.0919085875199501,1,0.00031672297297297299,1,True,calibration__20210926T070000Z,0.2495096116123971,7.7974784868520919,-0.57327592994006737,-0.65683488041201954,gate_pass,74,128
128,203,failed_recovery_attempts_mean,ABC,-0.00026393581081081083,0.00024171969506191698,0.00023648923270929253,0.00024171969506191698,0.021638544394508925,True,1.0919085875199501,-1,-0.00031672297297297299,-1,True,calibration__20210926T070000Z,0.2495096116123971,7.7974784868520919,-0.57327592994006737,-0.65683488041201954,gate_pass,74,128
128,203,failed_recovery_attempts_mean,AC,0.00026393581081081083,0.00024171969506191698,0.00023648923270929253,0.00024171969506191698,0.021638544394508925,True,1.0919085875199501,1,0.00031672297297297299,1,True,calibration__20210926T070000Z,0.2495096116123971,7.7974784868520919,-0.57327592994006737,-0.65683488041201954,gate_pass,74,128
128,203,failed_recovery_attempts_mean,B,-0.30854096283783783,0.0054034069269279584,0.0054034069269279584,0.0048571936772416786,0.10108682486307258,True,57.101189492173795,-1,-0.31492820945945948,-1,True,calibration__20210212T030000Z,0.03034777753479917,62.856772973285317,-0.51714834667139586,-0.50890937373486766,gate_pass,74,128
128,203,failed_recovery_attempts_mean,BC,0.00036951013513513516,0.000240627993456389,0.00023621073695100181,0.000240627993456389,0.018357201262985057,True,1.5356074321506759,1,0.00031672297297297299,1,True,calibration__20210926T070000Z,0.25009830908375941,7.8144652549065068,-0.57377955766043376,-0.65876961347941665,gate_pass,74,128
128,203,failed_recovery_attempts_mean,C,-0.00036951013513513516,0.000240627993456389,0.00023621073695100181,0.000240627993456389,0.018357201262985057,True,1.5356074321506759,-1,-0.00031672297297297299,-1,True,calibration__20210926T070000Z,0.25009830908375941,7.8144652549065068,-0.57377955766043376,-0.65876961347941665,gate_pass,74,128
128,203,first_six_hour_burden_mean,A,-7.5259754376273287e-05,1.5052947277713507e-05,1.4686596165407239e-05,1.5052947277713507e-05,0.02433750052713372,True,4.9996690340966232,-1,-6.5155380349058532e-05,-1,True,calibration__20210613T040000Z,0.29627914293571311,5.3787885518269611,-0.3855128699556043,-0.37488513939672424,gate_pass,74,128
128,203,first_six_hour_burden_mean,AB,7.5259754376273301e-05,1.5052947277713507e-05,1.4686596165407239e-05,1.5052947277713507e-05,0.02433750052713372,True,4.9996690340966241,1,6.5155380349058532e-05,1,True,calibration__20210613T040000Z,0.29627914293571306,5.3787885518269638,-0.3855128699556043,-0.37488513939672424,gate_pass,74,128
128,203,first_six_hour_burden_mean,ABC,-7.5259754376273301e-05,1.5052947277713507e-05,1.468659616540724e-05,1.5052947277713507e-05,0.024337500527133609,True,4.9996690340966241,-1,-6.5155380349058532e-05,-1,True,calibration__20210613T040000Z,0.296279142935713,5.3787885518269638,-0.3855128699556043,-0.37488513939672424,gate_pass,74,128
128,203,first_six_hour_burden_mean,AC,7.5259754376273301e-05,1.5052947277713507e-05,1.4686596165407239e-05,1.5052947277713507e-05,0.02433750052713372,True,4.9996690340966241,1,6.5155380349058532e-05,1,True,calibration__20210613T040000Z,0.29627914293571306,5.3787885518269638,-0.3855128699556043,-0.37488513939672424,gate_pass,74,128
128,203,first_six_hour_burden_mean,B,-0.1354823263696128,0.0030053403030750017,0.0028387862871674164,0.0030053403030750017,0.055419353254994357,True,45.080527563214751,-1,-0.13368644917073133,-1,True,calibration__20200520T160000Z,0.041704793157305478,39.875518545191476,-0.50584269847353402,-0.47226451929281288,gate_pass,74,128
128,203,first_six_hour_burden_mean,BC,8.0922801043053241e-05,1.5179603833332246e-05,1.4951964739267644e-05,1.5179603833332246e-05,0.014996379125833261,True,5.3310219378293855,1,7.2632897101265647e-05,1,True,calibration__20210613T040000Z,0.28585570092795126,5.6603404360345833,-0.41559612256623707,-0.39058647829338372,gate_pass,74,128
128,203,first_six_hour_burden_mean,C,-8.0922801043053241e-05,1.5179603833332246e-05,1.4951964739267644e-05,1.5179603833332246e-05,0.014996379125833261,True,5.3310219378293855,-1,-7.2632897101265647e-05,-1,True,calibration__20210613T040000Z,0.28585570092795126,5.6603404360345833,-0.41559612256623707,-0.39058647829338372,gate_pass,74,128
128,203,initial_gap_q4_q1_burden_contrast,A,7.9090998540576332e-05,4.3277970545997701e-05,4.279078286506792e-05,4.3277970545997701e-05,0.011257174834757501,True,1.8275117234648282,1,4.1205188145214987e-05,1,True,calibration__20210212T030000Z,0.34295159769094374,3.5068337354746353,0.6893562260169066,0.54324002169251362,gate_pass,74,128
128,203,initial_gap_q4_q1_burden_contrast,AB,-7.9090998540576319e-05,4.3277970545997715e-05,4.2790782865067926e-05,4.3277970545997715e-05,0.011257174834757654,True,1.8275117234648273,-1,-4.1205188145214987e-05,-1,True,calibration__20210212T030000Z,0.34295159769094363,3.5068337354746366,0.6893562260169066,0.54324002169251484,gate_pass,74,128
128,203,initial_gap_q4_q1_burden_contrast,ABC,7.9090998540576291e-05,4.3277970545997715e-05,4.2790782865067933e-05,4.3277970545997715e-05,0.011257174834757498,True,1.8275117234648268,1,4.1205188145214987e-05,1,True,calibration__20210212T030000Z,0.34295159769094352,3.5068337354746379,0.6893562260169066,0.54324002169251484,gate_pass,74,128
128,203,initial_gap_q4_q1_burden_contrast,AC,-7.9090998540576319e-05,4.3277970545997715e-05,4.2790782865067926e-05,4.3277970545997715e-05,0.011257174834757654,True,1.8275117234648273,-1,-4.1205188145214987e-05,-1,True,calibration__20210212T030000Z,0.34295159769094363,3.5068337354746366,0.6893562260169066,0.54324002169251484,gate_pass,74,128
128,203,initial_gap_q4_q1_burden_contrast,B,0.097467387032456956,0.0076096361726669679,0.0076096361726669679,0.0070672287394290484,0.071279023192487342,True,12.80841617402811,1,0.094451473810058265,1,True,calibration__20200520T160000Z,0.088039956728740265,19.463211838624016,-0.49352960543576196,-0.58292374670153047,gate_pass,74,128
128,203,initial_gap_q4_q1_burden_contrast,BC,-7.9090998540576332e-05,4.3277970545997695e-05,4.2790782865067906e-05,4.3277970545997695e-05,0.011257174834757659,True,1.8275117234648286,-1,-4.120518814521502e-05,-1,True,calibration__20210212T030000Z,0.34295159769094358,3.5068337354746362,0.68935622601690683,0.54324002169251528,gate_pass,74,128
128,203,initial_gap_q4_q1_burden_contrast,C,7.9090998540576332e-05,4.3277970545997695e-05,4.2790782865067906e-05,4.3277970545997695e-05,0.011257174834757659,True,1.8275117234648286,1,4.120518814521502e-05,1,True,calibration__20210212T030000Z,0.34295159769094358,3.5068337354746362,0.68935622601690683,0.54324002169251528,gate_pass,74,128
128,203,maximum_downside_deviation_mean,A,-0.001267282657650986,0.00012621542570923132,0.00012621542570923132,0.00012268414531962945,0.027978199730808274,True,10.040632121865098,-1,-0.0011496589098130647,-1,True,calibration__20200505T100000Z,0.20373363152305066,9.3469919433578976,-0.52283665430796178,-0.47903676276690405,gate_pass,74,128
128,203,maximum_downside_deviation_mean,AB,0.00074468975224558081,0.00012126250148132631,0.00012126250148132631,0.00011703244253063903,0.034883487467382297,True,6.1411379705065592,1,0.00073158458548874036,1,True,calibration__20200505T100000Z,0.22071637440766795,9.5146202899578149,-0.45118135810009841,-0.38246975040322817,gate_pass,74,128
128,203,maximum_downside_deviation_mean,ABC,-0.00074468975224558081,0.00012126250148132631,0.00012126250148132631,0.00011703244253063903,0.034883487467382297,True,6.1411379705065592,-1,-0.00073158458548874036,-1,True,calibration__20200505T100000Z,0.22071637440766795,9.5146202899578149,-0.45118135810009841,-0.38246975040322817,gate_pass,74,128
128,203,maximum_downside_deviation_mean,AC,0.001267282657650986,0.00012621542570923132,0.00012621542570923132,0.00012268414531962945,0.027978199730808274,True,10.040632121865098,1,0.0011496589098130647,1,True,calibration__20200505T100000Z,0.20373363152305066,9.3469919433578976,-0.52283665430796178,-0.47903676276690405,gate_pass,74,128
128,203,maximum_downside_deviation_mean,B,-0.29938143886878005,0.0017304464169368516,0.001721064170838098,0.0017304464169368516,0.0054218645587198249,True,173.00821102495036,-1,-0.30320898684328834,-1,True,calibration__20210217T040000Z,0.029729190038746842,48.761603217510533,-0.48479145707345866,-0.52501563515205929,gate_pass,74,128
128,203,maximum_downside_deviation_mean,BC,0.00087533797859693212,0.0001338234662590598,0.0001338234662590598,0.00013242017573985394,0.010486131905217019,True,6.5409901795730248,1,0.00073158458548874036,1,True,calibration__20200505T100000Z,0.18122706208950223,9.6023568322085069,-0.39770792145950828,-0.31301442622799158,gate_pass,74,128
128,203,maximum_downside_deviation_mean,C,-0.0013979308840023339,0.00013832736368139004,0.00013832736368139004,0.00013347171922274505,0.035102559099073199,True,10.105960576406225,-1,-0.0011496589098130613,-1,True,calibration__20200505T100000Z,0.16961778962807428,9.679432839608662,-0.47304633646042343,-0.43214027422237206,gate_pass,74,128
128,203,recovery_completion_hours_mean,A,-2.8116817989864864,0.18055809458353245,0.18055809458353245,0.17323349751894174,0.04056642866931727,True,15.572172521380395,-1,-2.6159206081081079,-1,True,calibration__20200505T100000Z,0.17231543503547886,10.529351652508268,-0.51623151434831149,-0.50596604277996782,gate_pass,74,128
128,203,recovery_completion_hours_mean,AB,-0.083746832770270271,0.16891291126869243,0.16845644373047039,0.16891291126869243,0.0027023839373411093,True,0.49579888323073695,-1,-0.050464527027027029,-1,True,calibration__20200505T100000Z,0.17294231312181207,10.999740516937647,-0.44053862222990325,-0.36197344461483294,gate_pass,74,128
128,203,recovery_completion_hours_mean,ABC,0.083746832770270271,0.16891291126869243,0.16845644373047039,0.16891291126869243,0.0027023839373411093,True,0.49579888323073695,1,0.050464527027027029,1,True,calibration__20200505T100000Z,0.17294231312181207,10.999740516937647,-0.44053862222990325,-0.36197344461483294,gate_pass,74,128
128,203,recovery_completion_hours_mean,AC,2.8116817989864864,0.18055809458353245,0.18055809458353245,0.17323349751894174,0.04056642866931727,True,15.572172521380395,1,2.6159206081081079,1,True,calibration__20200505T100000Z,0.17231543503547886,10.529351652508268,-0.51623151434831149,-0.50596604277996782,gate_pass,74,128
128,203,recovery_completion_hours_mean,B,-408.82699007601349,2.3983860808302562,2.3833935761233929,2.3983860808302562,0.0062510806023662836,True,170.45920727428867,-1,-414.07981418918916,-1,True,calibration__20210217T040000Z,0.030559404469863469,48.688453171527563,-0.48404035599746148,-0.52131167779706611,gate_pass,74,128
128,203,recovery_completion_hours_mean,BC,-0.0424144847972973,0.19061375082378157,0.18614923944710643,0.19061375082378157,0.023421769716931322,True,0.22251534642172066,-1,-0.22170608108108109,-1,True,calibration__20200509T220000Z,0.17896939195779243,10.06012894046159,-0.39485899798840973,-0.30867258570209771,gate_pass,74,128
128,203,recovery_completion_hours_mean,C,-3.1429212415540539,0.19798458016050971,0.19798458016050971,0.18832336207199135,0.048797831026465961,True,15.874575883667458,-1,-2.7960304054054053,-1,True,calibration__20200509T220000Z,0.15895902749375945,10.227515415521481,-0.46693897555984126,-0.46758768674135243,gate_pass,74,128
128,222,failed_recovery_attempts_mean,A,-0.00076541385135135134,0.00025197471268001995,0.00024118583356723988,0.00025197471268001995,0.042817308919727806,True,3.0376613716922556,-1,-0.0014780405405405406,-1,True,calibration__20200317T160000Z,0.3325789721829327,5.9762314848906826,-0.48288661923146214,-0.47251189192909898,gate_pass,74,128
128,222,failed_recovery_attempts_mean,AB,0.00050147804054054051,0.00025714617352795544,0.00024118583356723988,0.00025714617352795544,0.062067188252289685,True,1.9501672284694633,1,0.00084459459459459464,1,True,calibration__20200317T160000Z,0.3325789721829327,5.9762314848906826,-0.48288661923146214,-0.46103462608471196,gate_pass,74,128
128,222,failed_recovery_attempts_mean,ABC,-0.00050147804054054051,0.00025714617352795544,0.00024118583356723988,0.00025714617352795544,0.062067188252289685,True,1.9501672284694633,-1,-0.00084459459459459464,-1,True,calibration__20200317T160000Z,0.3325789721829327,5.9762314848906826,-0.48288661923146214,-0.46103462608471196,gate_pass,74,128
128,222,failed_recovery_attempts_mean,AC,0.00076541385135135134,0.00025197471268001995,0.00024118583356723988,0.00025197471268001995,0.042817308919727806,True,3.0376613716922556,1,0.0014780405405405406,1,True,calibration__20200317T160000Z,0.3325789721829327,5.9762314848906826,-0.48288661923146214,-0.47251189192909898,gate_pass,74,128
128,222,failed_recovery_attempts_mean,B,-0.23360958614864866,0.0043816806095825804,0.0043816806095825804,0.0042627031244994078,0.027153390601536088,True,53.315064917728776,-1,-0.24366554054054054,-1,True,calibration__20200802T100000Z,0.033932114628881772,50.275997211475797,-0.51156290703666141,-0.64067187717016127,gate_pass,74,128
128,222,failed_recovery_attempts_mean,BC,0.00060705236486486484,0.00027647123042396575,0.00025212704874685783,0.00027647123042396575,0.088053218556507176,True,2.1957162194921924,1,0.00084459459459459464,1,True,calibration__20200317T160000Z,0.30434032271982059,6.2372369931786267,-0.45768631023192052,-0.41380122169579975,gate_pass,74,128
128,222,failed_recovery_attempts_mean,C,-0.00087098817567567567,0.00027085905203125298,0.00025212704874685783,0.00027085905203125298,0.069157752506029443,True,3.2156509784106349,-1,-0.0014780405405405406,-1,True,calibration__20200317T160000Z,0.30434032271982059,6.2372369931786267,-0.45768631023192052,-0.42483539541332066,gate_pass,74,128
128,222,first_six_hour_burden_mean,A,-0.00070192966557273279,0.00012669852986329575,0.00011560872110936833,0.00012669852986329575,0.087529103659632235,True,5.5401563564320417,-1,-0.00064524782998901626,-1,True,calibration__20210624T020000Z,0.21030747904745892,6.9793741122247877,-0.47722963727724016,-0.47263765044281991,gate_pass,74,128
128,222,first_six_hour_burden_mean,AB,0.00065551332576062012,0.00012491803801331649,0.00011392506019014771,0.00012491803801331649,0.08800152482379614,True,5.2475474013668162,1,0.00053384861443994572,1,True,calibration__20210624T020000Z,0.21656954196179509,6.696091525536481,-0.41346050405892576,-0.43207884407571151,gate_pass,74,128
128,222,first_six_hour_burden_mean,ABC,-0.00065551332576062012,0.00012491803801331649,0.00011392506019014771,0.00012491803801331649,0.08800152482379614,True,5.2475474013668162,-1,-0.00053384861443994572,-1,True,calibration__20210624T020000Z,0.21656954196179509,6.696091525536481,-0.41346050405892576,-0.43207884407571151,gate_pass,74,128
128,222,first_six_hour_burden_mean,AC,0.00070192966557273279,0.00012669852986329575,0.00011560872110936833,0.00012669852986329575,0.087529103659632235,True,5.5401563564320417,1,0.00064524782998901626,1,True,calibration__20210624T020000Z,0.21030747904745892,6.9793741122247877,-0.47722963727724016,-0.47263765044281991,gate_pass,74,128
128,222,first_six_hour_burden_mean,B,-0.30963950380513683,0.0040393176961826443,0.0039183687832243484,0.0040393176961826443,0.029942906712338711,True,76.656387809694081,-1,-0.30425210845379452,-1,True,calibration__20210410T170000Z,0.02300721227128261,53.208093829135855,-0.48606581172862434,-0.67135949424024854,gate_pass,74,128
128,222,first_six_hour_burden_mean,BC,0.0006597718058580105,0.00012479415152531171,0.00011392154042793698,0.00012479415152531171,0.087124364118694009,True,5.2868808176815127,1,0.00053816776287136177,1,True,calibration__20210624T020000Z,0.21658292459448542,6.6955666153991595,-0.4135052194692565,-0.43282579069976163,gate_pass,74,128
128,222,first_six_hour_burden_mean,C,-0.00070618814567012316,0.00012656408929575294,0.00011560525260856016,0.00012656408929575294,0.086587251946200525,True,5.5796881216433674,-1,-0.00064956697842043221,-1,True,calibration__20210624T020000Z,0.21032009893431419,6.9788465416011363,-0.47727103826620204,-0.47337534801783687,gate_pass,74,128
128,222,initial_gap_q4_q1_burden_contrast,A,-0.0001817728869537661,0.00018109817963651869,0.00018015270899933634,0.00018109817963651869,0.0052207627877872914,True,1.0037256438391684,-1,-0.00072311273346020114,-1,True,calibration__20210206T010000Z,0.35495488416324111,3.2267871234664054,-0.74585452365938643,-0.74169838779247776,gate_pass,74,128
128,222,initial_gap_q4_q1_burden_contrast,AB,9.9345821185354666e-07,0.00016418360061744275,0.00016307311579034044,0.00016418360061744275,0.006763676901506188,True,0.0060508979466735021,1,0.00028924210447961115,1,True,calibration__20210605T110000Z,0.42531827744849049,3.1328239392622077,-0.61481086190166134,-0.61063287276678557,gate_pass,74,128
128,222,initial_gap_q4_q1_burden_contrast,ABC,-9.9345821185354666e-07,0.00016418360061744275,0.00016307311579034044,0.00016418360061744275,0.006763676901506188,True,0.0060508979466735021,-1,-0.00028924210447961115,-1,True,calibration__20210605T110000Z,0.42531827744849049,3.1328239392622077,-0.61481086190166134,-0.61063287276678557,gate_pass,74,128
128,222,initial_gap_q4_q1_burden_contrast,AC,0.0001817728869537661,0.00018109817963651869,0.00018015270899933634,0.00018109817963651869,0.0052207627877872914,True,1.0037256438391684,1,0.00072311273346020114,1,True,calibration__20210206T010000Z,0.35495488416324111,3.2267871234664054,-0.74585452365938643,-0.74169838779247776,gate_pass,74,128
128,222,initial_gap_q4_q1_burden_contrast,B,0.018640604487703272,0.011182327140848139,0.010878339920643451,0.011182327140848139,0.027184611608638005,True,1.6669700548833566,1,0.020266842832672771,1,True,calibration__20211015T090000Z,0.044276100874946725,27.533054726074052,-0.47741136778826199,-0.50035391593021383,gate_pass,74,128
128,222,initial_gap_q4_q1_burden_contrast,BC,9.9345821185357376e-07,0.00016418360061744275,0.00016307311579034044,0.00016418360061744275,0.006763676901506188,True,0.0060508979466736669,1,0.00028924210447961115,1,True,calibration__20210605T110000Z,0.42531827744849038,3.1328239392622081,-0.61481086190166134,-0.61063287276678591,gate_pass,74,128
128,222,initial_gap_q4_q1_burden_contrast,C,-0.00018177288695376612,0.00018109817963651869,0.00018015270899933631,0.00018109817963651869,0.0052207627877874406,True,1.0037256438391686,-1,-0.00072311273346020125,-1,True,calibration__20210206T010000Z,0.35495488416324117,3.2267871234664054,-0.74585452365938643,-0.74169838779247776,gate_pass,74,128
128,222,maximum_downside_deviation_mean,A,-0.00067937077702702703,9.2542140670585826e-05,9.2542140670585826e-05,8.3856267047115871e-05,0.093858576865952351,True,7.3412044729473447,-1,-0.00057485219594594593,-1,True,calibration__20200511T090000Z,0.21845574387947267,9.959503015638937,-0.50822474311490118,-0.54494118807484182,gate_pass,74,128
128,222,maximum_downside_deviation_mean,AB,0.0005487225506756756,9.2687259374549279e-05,9.2687259374549279e-05,8.7218753047412084e-05,0.058999547122641285,True,5.9201507777707336,1,0.00026129645270270269,1,True,calibration__20200511T090000Z,0.21777221526908633,9.9496847381714737,-0.52649280604419746,-0.45719418848399851,gate_pass,74,128
128,222,maximum_downside_deviation_mean,ABC,-0.0005487225506756756,9.2687259374549279e-05,9.2687259374549279e-05,8.7218753047412084e-05,0.058999547122641285,True,5.9201507777707336,-1,-0.00026129645270270269,-1,True,calibration__20200511T090000Z,0.21777221526908633,9.9496847381714737,-0.52649280604419746,-0.45719418848399851,gate_pass,74,128
128,222,maximum_downside_deviation_mean,AC,0.00067937077702702703,9.2542140670585826e-05,9.2542140670585826e-05,8.3856267047115871e-05,0.093858576865952351,True,7.3412044729473447,1,0.00057485219594594593,1,True,calibration__20200511T090000Z,0.21845574387947267,9.959503015638937,-0.50822474311490118,-0.54494118807484182,gate_pass,74,128
128,222,maximum_downside_deviation_mean,B,-0.31697872677364869,0.0012609751021254985,0.0012609751021254985,0.0012264637949315469,0.027368745929859634,True,251.37588064930833,-1,-0.31789326435810805,-1,True,calibration__20210409T070000Z,0.053913215470285714,35.34724906094236,-0.46020731023817624,-0.55103156790793284,gate_pass,74,128
128,222,maximum_downside_deviation_mean,BC,0.00065324113175675681,0.00010556775949626118,0.00010556775949626118,9.6801112152747766e-05,0.083042847412366477,True,6.1878847753692465,1,0.00036581503378378379,1,True,calibration__20200509T220000Z,0.24782923299565854,7.2809336569997392,-0.461173292757939,-0.40846429655939381,gate_pass,74,128
128,222,maximum_downside_deviation_mean,C,-0.0007838893581081001,0.00010544036985230072,0.00010544036985230072,9.2629239175202034e-05,0.12150119252279104,True,7.434432933099159,-1,-0.00067937077702701911,-1,True,calibration__20200509T220000Z,0.24842843326885888,7.2686982116019596,-0.44320573581209899,-0.49511678880240867,gate_pass,74,128
128,222,recovery_completion_hours_mean,A,-2.0231207770270272,0.13701388877342824,0.13701388877342824,0.12133673396782713,0.11442018722295734,True,14.765808015073146,-1,-1.8377322635135136,-1,True,calibration__20200511T090000Z,0.19283714349447864,11.430310973645241,-0.49956146911128213,-0.56429447820558698,gate_pass,74,128
128,222,recovery_completion_hours_mean,AB,-0.3188872466216216,0.1348351104845977,0.1348351104845977,0.13066101119381021,0.030957065083313754,True,2.3650163928040708,-1,-0.68084881756756754,-1,True,calibration__20200511T090000Z,0.19758629531158153,11.20289819921603,-0.51339201678029311,-0.48285699619429434,gate_pass,74,128
128,222,recovery_completion_hours_mean,ABC,0.3188872466216216,0.1348351104845977,0.1348351104845977,0.13066101119381021,0.030957065083313754,True,2.3650163928040708,1,0.68084881756756754,1,True,calibration__20200511T090000Z,0.19758629531158153,11.20289819921603,-0.51339201678029311,-0.48285699619429434,gate_pass,74,128
128,222,recovery_completion_hours_mean,AC,2.0231207770270272,0.13701388877342824,0.13701388877342824,0.12133673396782713,0.11442018722295734,True,14.765808015073146,1,1.8377322635135136,1,True,calibration__20200511T090000Z,0.19283714349447864,11.430310973645241,-0.49956146911128213,-0.56429447820558698,gate_pass,74,128
128,222,recovery_completion_hours_mean,B,-433.17377533783781,1.7548353588117338,1.7548353588117338,1.7077771384008422,0.026816316513451441,True,246.84582126904277,-1,-434.36750422297297,-1,True,calibration__20210409T070000Z,0.054877550219497195,34.853280829218768,-0.461186908486592,-0.54825641512519641,gate_pass,74,128
128,222,recovery_completion_hours_mean,BC,-0.31756756756756754,0.15251992657893504,0.15251992657893504,0.1442847925825291,0.053993823503081288,True,2.0821382142694245,-1,-0.70977618243243246,-1,True,calibration__20200509T220000Z,0.23118862123815315,8.18656698115824,-0.45704411651397775,-0.44919793129040736,gate_pass,74,128
128,222,recovery_completion_hours_mean,C,-2.3143475506756759,0.15421668264787503,0.15421668264787503,0.1326668213415314,0.13973754937751257,True,15.007115384267836,-1,-2.16015625,-1,True,calibration__20200509T220000Z,0.23654006125007165,8.1698898153896327,-0.4383057921222947,-0.53418413114240937,gate_pass,74,128
128,252,failed_recovery_attempts_mean,A,-0.0028241131756756759,0.00034140172180124152,0.00034140172180124152,0.00034093546855525384,0.0013657026787320093,True,8.2721116952064708,-1,-0.0033783783783783786,-1,True,calibration__20200511T090000Z,0.23794060896983396,7.4729669080402523,-0.54405754144744645,-0.42309203676115054,gate_pass,74,128
128,252,failed_recovery_attempts_mean,AB,0.0028241131756756759,0.00034140172180124152,0.00034140172180124152,0.00034093546855525384,0.0013657026787320093,True,8.2721116952064708,1,0.0033783783783783786,1,True,calibration__20200511T090000Z,0.23794060896983396,7.4729669080402523,-0.54405754144744645,-0.42309203676115054,gate_pass,74,128
128,252,failed_recovery_attempts_mean,ABC,-0.0028241131756756759,0.00034140172180124152,0.00034140172180124152,0.00034093546855525384,0.0013657026787320093,True,8.2721116952064708,-1,-0.0033783783783783786,-1,True,calibration__20200511T090000Z,0.23794060896983396,7.4729669080402523,-0.54405754144744645,-0.42309203676115054,gate_pass,74,128
128,252,failed_recovery_attempts_mean,AC,0.0028241131756756759,0.00034140172180124152,0.00034140172180124152,0.00034093546855525384,0.0013657026787320093,True,8.2721116952064708,1,0.0033783783783783786,1,True,calibration__20200511T090000Z,0.23794060896983396,7.4729669080402523,-0.54405754144744645,-0.42309203676115054,gate_pass,74,128
128,252,failed_recovery_attempts_mean,B,-0.2041015625,0.0039524013394072396,0.0039524013394072396,0.003626263616038732,0.082516347749598748,True,51.639888000495944,-1,-0.21494932432432431,-1,True,calibration__20200802T100000Z,0.031770454951650845,52.204638047254733,-0.56730562473740453,-0.48202407248806922,gate_pass,74,128
128,252,failed_recovery_attempts_mean,BC,0.0027713260135135134,0.00036138243206922745,0.00036138243206922745,0.00036027270529132228,0.003070782305467987,True,7.6686794032716854,1,0.0029560810810810812,1,True,calibration__20200511T090000Z,0.29837456424041342,6.5931450879739453,-0.59300357794571856,-0.45863673695203527,gate_pass,74,128
128,252,failed_recovery_attempts_mean,C,-0.0027713260135135134,0.00036138243206922745,0.00036138243206922745,0.00036027270529132228,0.003070782305467987,True,7.6686794032716854,-1,-0.0029560810810810812,-1,True,calibration__20200511T090000Z,0.29837456424041342,6.5931450879739453,-0.59300357794571856,-0.45863673695203527,gate_pass,74,128
128,252,first_six_hour_burden_mean,A,-0.0020059672708845483,0.0002155393828518652,0.00020357527617229863,0.0002155393828518652,0.055507752324730375,True,9.306731996459316,-1,-0.0021923163316784973,-1,True,calibration__20200511T090000Z,0.33291219747842826,5.870666319150085,-0.51793091919058831,-0.54497341086374151,gate_pass,74,128
128,252,first_six_hour_burden_mean,AB,0.0020059672708845483,0.0002155393828518652,0.00020357527617229863,0.0002155393828518652,0.055507752324730375,True,9.306731996459316,1,0.0021923163316784973,1,True,calibration__20200511T090000Z,0.33291219747842826,5.870666319150085,-0.51793091919058831,-0.54497341086374151,gate_pass,74,128
128,252,first_six_hour_burden_mean,ABC,-0.0020059672708845483,0.0002155393828518652,0.00020357527617229863,0.0002155393828518652,0.055507752324730375,True,9.306731996459316,-1,-0.0021923163316784973,-1,True,calibration__20200511T090000Z,0.33291219747842826,5.870666319150085,-0.51793091919058831,-0.54497341086374151,gate_pass,74,128
128,252,first_six_hour_burden_mean,AC,0.0020059672708845483,0.0002155393828518652,0.00020357527617229863,0.0002155393828518652,0.055507752324730375,True,9.306731996459316,1,0.0021923163316784973,1,True,calibration__20200511T090000Z,0.33291219747842826,5.870666319150085,-0.51793091919058831,-0.54497341086374151,gate_pass,74,128
128,252,first_six_hour_burden_mean,B,-0.1111066537993476,0.003069946365362473,0.002848490069980092,0.003069946365362473,0.072136861373548231,True,36.191724732698738,-1,-0.10717505170764786,-1,True,calibration__20210125T220000Z,0.042787475882768065,40.767513079316799,-0.495248494230697,-0.49327662784401932,gate_pass,74,128
128,252,first_six_hour_burden_mean,BC,0.0023088214903548448,0.00022412339314263684,0.00022177009117502482,0.00022412339314263684,0.010500028286267851,True,10.301564053536627,1,0.0028079156952988951,1,True,calibration__20200511T090000Z,0.43729416572811874,4.2807716889456762,-0.54826943387170268,-0.54630592461135641,gate_pass,74,128
128,252,first_six_hour_burden_mean,C,-0.0023088214903548448,0.00022412339314263684,0.00022177009117502482,0.00022412339314263684,0.010500028286267851,True,10.301564053536627,-1,-0.0028079156952988951,-1,True,calibration__20200511T090000Z,0.43729416572811874,4.2807716889456762,-0.54826943387170268,-0.54630592461135641,gate_pass,74,128
128,252,initial_gap_q4_q1_burden_contrast,A,0.0011054605464226818,0.00040449930231708017,0.00038556225697702581,0.00040449930231708017,0.046816014840020508,True,2.7329108853595252,1,0.0011166985579965825,1,True,calibration__20210605T110000Z,0.37866807305085415,4.1135209337195677,-0.42921778066387534,-0.38653919688850563,gate_pass,74,128
128,252,initial_gap_q4_q1_burden_contrast,AB,-0.0011054605464226818,0.00040449930231708017,0.00038556225697702581,0.00040449930231708017,0.046816014840020508,True,2.7329108853595252,-1,-0.0011166985579965825,-1,True,calibration__20210605T110000Z,0.37866807305085415,4.1135209337195677,-0.42921778066387534,-0.38653919688850563,gate_pass,74,128
128,252,initial_gap_q4_q1_burden_contrast,ABC,0.0011054605464226818,0.00040449930231708017,0.00038556225697702581,0.00040449930231708017,0.046816014840020508,True,2.7329108853595252,1,0.0011166985579965825,1,True,calibration__20210605T110000Z,0.37866807305085415,4.1135209337195677,-0.42921778066387534,-0.38653919688850563,gate_pass,74,128
128,252,initial_gap_q4_q1_burden_contrast,AC,-0.0011054605464226818,0.00040449930231708017,0.00038556225697702581,0.00040449930231708017,0.046816014840020508,True,2.7329108853595252,-1,-0.0011166985579965825,-1,True,calibration__20210605T110000Z,0.37866807305085415,4.1135209337195677,-0.42921778066387534,-0.38653919688850563,gate_pass,74,128
128,252,initial_gap_q4_q1_burden_contrast,B,0.066509883800394326,0.0077200350319168798,0.0077200350319168798,0.0072267513583419794,0.063896558958025665,True,8.6152308280238419,1,0.071611228247508929,1,True,calibration__20210605T110000Z,0.083761424019949862,20.962355357566487,-0.49037853508413803,-0.51632497734920335,gate_pass,74,128
128,252,initial_gap_q4_q1_burden_contrast,BC,-0.0011054605464226818,0.00040449930231708017,0.00038556225697702581,0.00040449930231708017,0.046816014840020508,True,2.7329108853595252,-1,-0.0011166985579965825,-1,True,calibration__20210605T110000Z,0.37866807305085415,4.1135209337195677,-0.42921778066387534,-0.38653919688850563,gate_pass,74,128
128,252,initial_gap_q4_q1_burden_contrast,C,0.0011054605464226818,0.00040449930231708017,0.00038556225697702581,0.00040449930231708017,0.046816014840020508,True,2.7329108853595252,1,0.0011166985579965825,1,True,calibration__20210605T110000Z,0.37866807305085415,4.1135209337195677,-0.42921778066387534,-0.38653919688850563,gate_pass,74,128
128,252,maximum_downside_deviation_mean,A,-0.0053304449052700388,0.00021761167834489251,0.00021761167834489251,0.00020965330424968455,0.036571447615944302,True,24.495215265156048,-1,-0.0055917470020525415,-1,True,calibration__20200511T090000Z,0.1155420372741898,16.464090335423656,-0.51727085435037212,-0.5007287458904045,gate_pass,74,128
128,252,maximum_downside_deviation_mean,AB,0.0020903688917565258,0.00020985835527224142,0.00020572520425073674,0.00020985835527224142,0.019694955753097824,True,9.9608561643627116,1,0.0025607081507011886,1,True,calibration__20200511T090000Z,0.12927942550911881,16.686495556311012,-0.51878239776513557,-0.48472989708707753,gate_pass,74,128
128,252,maximum_downside_deviation_mean,ABC,-0.0020903688917565258,0.00020985835527224142,0.00020572520425073674,0.00020985835527224142,0.019694955753097824,True,9.9608561643627116,-1,-0.0025607081507011886,-1,True,calibration__20200511T090000Z,0.12927942550911881,16.686495556311012,-0.51878239776513557,-0.48472989708707753,gate_pass,74,128
128,252,maximum_downside_deviation_mean,AC,0.0053304449052700388,0.00021761167834489251,0.00021761167834489251,0.00020965330424968455,0.036571447615944302,True,24.495215265156048,1,0.0055917470020525415,1,True,calibration__20200511T090000Z,0.1155420372741898,16.464090335423656,-0.51727085435037212,-0.5007287458904045,gate_pass,74,128
128,252,maximum_downside_deviation_mean,B,-0.20245306693599616,0.0021049498118724998,0.0019445386820499753,0.0021049498118724998,0.076206629211661644,True,96.17952209316573,-1,-0.20595460712068292,-1,True,calibration__20210808T140000Z,0.023015654465542643,57.430360551143636,-0.49334898295684887,-0.52130113556864155,gate_pass,74,128
128,252,maximum_downside_deviation_mean,BC,0.0018813317295943634,0.00022025764990765047,0.00021896622584871732,0.00022025764990765047,0.0058632427045081821,True,8.5415045987422786,1,0.0023516709885390268,1,True,calibration__20200511T090000Z,0.14999749310752583,15.411280560163039,-0.50897149463424884,-0.33927709669421768,gate_pass,74,128
128,252,maximum_downside_deviation_mean,C,-0.006114334263378143,0.00023786034910561147,0.00022928063839616682,0.00023786034910561147,0.036070369616901583,True,25.705563312123704,-1,-0.0064278956507011851,-1,True,calibration__20200511T090000Z,0.13680548242529278,15.749197888497246,-0.51113571995600826,-0.46654574604047933,gate_pass,74,128
128,252,recovery_completion_hours_mean,A,-8.3013355152027035,0.30533623919135211,0.30533623919135211,0.29214986188586628,0.04318641423110612,True,27.187521327923065,-1,-8.6227829391891895,-1,True,calibration__20200511T090000Z,0.11235708621160691,17.241983666005446,-0.51486112366104075,-0.52221752531158083,gate_pass,74,128
128,252,recovery_completion_hours_mean,AB,1.9051678631756757,0.29021401423306986,0.28179862177637666,0.29021401423306986,0.028997195324740013,True,6.5646997379170049,1,2.5982896959459461,1,True,calibration__20200511T090000Z,0.13307979116188315,16.974698846448085,-0.51878326815730236,-0.45157335634109985,gate_pass,74,128
128,252,recovery_completion_hours_mean,ABC,-1.9051678631756757,0.29021401423306986,0.28179862177637666,0.29021401423306986,0.028997195324740013,True,6.5646997379170049,-1,-2.5982896959459461,-1,True,calibration__20200511T090000Z,0.13307979116188315,16.974698846448085,-0.51878326815730236,-0.45157335634109985,gate_pass,74,128
128,252,recovery_completion_hours_mean,AC,8.3013355152027035,0.30533623919135211,0.30533623919135211,0.29214986188586628,0.04318641423110612,True,27.187521327923065,1,8.6227829391891895,1,True,calibration__20200511T090000Z,0.11235708621160691,17.241983666005446,-0.51486112366104075,-0.52221752531158083,gate_pass,74,128
128,252,recovery_completion_hours_mean,B,-273.70864125844594,2.9057530915767238,2.6745579361431617,2.9057530915767238,0.079564625123778362,True,94.195422884304932,-1,-278.39115287162161,-1,True,calibration__20210808T140000Z,0.023983452081500316,57.04927790264238,-0.49362474483390156,-0.52169914583722399,gate_pass,74,128
128,252,recovery_completion_hours_mean,BC,1.5207189611486487,0.30798493452334919,0.30052197799757047,0.30798493452334919,0.024231563590370788,True,4.9376407437012437,1,2.1922508445945947,1,True,calibration__20200511T090000Z,0.15390365283303731,15.251423149381386,-0.51153610176318487,-0.32827192781989939,gate_pass,74,128
128,252,recovery_completion_hours_mean,C,-9.4925834037162158,0.33006684845628714,0.32209754350695574,0.33006684845628714,0.024144517956297653,True,28.759578394839551,-1,-9.9194467905405403,-1,True,calibration__20200511T090000Z,0.13254960416904343,16.302295935819469,-0.50817598787038831,-0.48628092342266704,gate_pass,74,128
