referring_file,line_or_key,referenced_path,reference_type,proposed_replacement,migration_risk,automatic_or_manual_update,validation_method
.gitignore,2,.DS_Store,ignore_rule,.DS_Store,high_ignore_policy,manual,git check-ignore on representative tracked and generated paths
.gitignore,3,Icon?,ignore_rule,Icon?,high_ignore_policy,manual,git check-ignore on representative tracked and generated paths
.gitignore,4,Icon\r,ignore_rule,Icon\r,high_ignore_policy,manual,git check-ignore on representative tracked and generated paths
.gitignore,7,.idea/,ignore_rule,.idea/,high_ignore_policy,manual,git check-ignore on representative tracked and generated paths
.gitignore,10,__pycache__/,ignore_rule,__pycache__/,high_ignore_policy,manual,git check-ignore on representative tracked and generated paths
.gitignore,11,*.py[cod],ignore_rule,*.py[cod],high_ignore_policy,manual,git check-ignore on representative tracked and generated paths
.gitignore,12,*$py.class,ignore_rule,*$py.class,high_ignore_policy,manual,git check-ignore on representative tracked and generated paths
.gitignore,15,.venv/,ignore_rule,.venv/,high_ignore_policy,manual,git check-ignore on representative tracked and generated paths
.gitignore,16,venv/,ignore_rule,venv/,high_ignore_policy,manual,git check-ignore on representative tracked and generated paths
.gitignore,17,env/,ignore_rule,env/,high_ignore_policy,manual,git check-ignore on representative tracked and generated paths
.gitignore,18,dai-sim/,ignore_rule,dai-sim/,high_ignore_policy,manual,git check-ignore on representative tracked and generated paths
.gitignore,21,.ipynb_checkpoints/,ignore_rule,.ipynb_checkpoints/,high_ignore_policy,manual,git check-ignore on representative tracked and generated paths
.gitignore,24,.env,ignore_rule,.env,high_ignore_policy,manual,git check-ignore on representative tracked and generated paths
.gitignore,25,*.env,ignore_rule,*.env,high_ignore_policy,manual,git check-ignore on representative tracked and generated paths
.gitignore,28,outputs/,ignore_rule,outputs/,high_ignore_policy,manual,git check-ignore on representative tracked and generated paths
.gitignore,29,results/,ignore_rule,results/,high_ignore_policy,manual,git check-ignore on representative tracked and generated paths
.gitignore,30,figures/,ignore_rule,figures/,high_ignore_policy,manual,git check-ignore on representative tracked and generated paths
.gitignore,31,logs/,ignore_rule,logs/,high_ignore_policy,manual,git check-ignore on representative tracked and generated paths
.gitignore,35,data/raw/market/*,literal_path,data/market/raw/*,high_path,mapping_driven_then_manual_review,existence; manifest/checksum/path-metadata reconciliation
.gitignore,35,data/raw/market/*,ignore_rule,data/raw/market/*,high_ignore_policy,manual,git check-ignore on representative tracked and generated paths
.gitignore,36,data/raw/market/README.md,literal_path,data/market/raw/README.md,high_path,mapping_driven_then_manual_review,existence; manifest/checksum/path-metadata reconciliation
.gitignore,36,!data/raw/market/README.md,ignore_rule,!data/raw/market/README.md,high_ignore_policy,manual,git check-ignore on representative tracked and generated paths
.gitignore,37,data/raw/gas/*,literal_path,data/gas/raw/*,high_path,mapping_driven_then_manual_review,existence; manifest/checksum/path-metadata reconciliation
.gitignore,37,data/raw/gas/*,ignore_rule,data/raw/gas/*,high_ignore_policy,manual,git check-ignore on representative tracked and generated paths
.gitignore,38,data/raw/gas/README.md,literal_path,data/gas/raw/README.md,high_path,mapping_driven_then_manual_review,existence; manifest/checksum/path-metadata reconciliation
.gitignore,38,!data/raw/gas/README.md,ignore_rule,!data/raw/gas/README.md,high_ignore_policy,manual,git check-ignore on representative tracked and generated paths
.gitignore,39,data/raw/protocol/*,literal_path,data/protocol/raw/*,high_path,mapping_driven_then_manual_review,existence; manifest/checksum/path-metadata reconciliation
.gitignore,39,data/raw/protocol/*,ignore_rule,data/raw/protocol/*,high_ignore_policy,manual,git check-ignore on representative tracked and generated paths
.gitignore,40,data/raw/protocol/README.md,literal_path,data/protocol/raw/README.md,high_path,mapping_driven_then_manual_review,existence; manifest/checksum/path-metadata reconciliation
.gitignore,40,!data/raw/protocol/README.md,ignore_rule,!data/raw/protocol/README.md,high_ignore_policy,manual,git check-ignore on representative tracked and generated paths
.gitignore,41,data/raw/vaults/*,literal_path,data/vaults/raw/*,high_path,mapping_driven_then_manual_review,existence; manifest/checksum/path-metadata reconciliation
.gitignore,41,data/raw/vaults/*,ignore_rule,data/raw/vaults/*,high_ignore_policy,manual,git check-ignore on representative tracked and generated paths
.gitignore,42,data/raw/vaults/README.md,literal_path,data/vaults/raw/README.md,high_path,mapping_driven_then_manual_review,existence; manifest/checksum/path-metadata reconciliation
.gitignore,42,!data/raw/vaults/README.md,ignore_rule,!data/raw/vaults/README.md,high_ignore_policy,manual,git check-ignore on representative tracked and generated paths
.gitignore,43,data/raw/liquidations/*,literal_path,data/liquidations/raw/*,high_path,mapping_driven_then_manual_review,existence; manifest/checksum/path-metadata reconciliation
.gitignore,43,data/raw/liquidations/*,ignore_rule,data/raw/liquidations/*,high_ignore_policy,manual,git check-ignore on representative tracked and generated paths
.gitignore,44,data/raw/liquidations/README.md,literal_path,data/liquidations/raw/README.md,high_path,mapping_driven_then_manual_review,existence; manifest/checksum/path-metadata reconciliation
.gitignore,44,!data/raw/liquidations/README.md,ignore_rule,!data/raw/liquidations/README.md,high_ignore_policy,manual,git check-ignore on representative tracked and generated paths
.gitignore,45,data/processed/*,literal_path,data/processed/*,high_path,mapping_driven_then_manual_review,existence; manifest/checksum/path-metadata reconciliation
.gitignore,45,data/processed/*,ignore_rule,data/processed/*,high_ignore_policy,manual,git check-ignore on representative tracked and generated paths
.gitignore,46,data/processed/README.md,literal_path,docs/data/processing.md,high_path,mapping_driven_then_manual_review,existence; manifest/checksum/path-metadata reconciliation
.gitignore,46,!data/processed/README.md,ignore_rule,!data/processed/README.md,high_ignore_policy,manual,git check-ignore on representative tracked and generated paths
.gitignore,47,data/provenance/*,literal_path,data/provenance/*,high_path,mapping_driven_then_manual_review,existence; manifest/checksum/path-metadata reconciliation
.gitignore,47,data/provenance/*,ignore_rule,data/provenance/*,high_ignore_policy,manual,git check-ignore on representative tracked and generated paths
.gitignore,48,data/provenance/manifests/,literal_path,data/provenance/,high_path,mapping_driven_then_manual_review,existence; manifest/checksum/path-metadata reconciliation
.gitignore,48,!data/provenance/manifests/,ignore_rule,!data/provenance/manifests/,high_ignore_policy,manual,git check-ignore on representative tracked and generated paths
.gitignore,49,data/provenance/manifests/index.json,literal_path,data/provenance/index.json,high_path,mapping_driven_then_manual_review,existence; manifest/checksum/path-metadata reconciliation
.gitignore,49,!data/provenance/manifests/index.json,ignore_rule,!data/provenance/manifests/index.json,high_ignore_policy,manual,git check-ignore on representative tracked and generated paths
.gitignore,50,data/provenance/manifests/data_manifest.csv,literal_path,data/provenance/data_manifest.csv,high_path,mapping_driven_then_manual_review,existence; manifest/checksum/path-metadata reconciliation
.gitignore,50,!data/provenance/manifests/data_manifest.csv,ignore_rule,!data/provenance/manifests/data_manifest.csv,high_ignore_policy,manual,git check-ignore on representative tracked and generated paths
.gitignore,51,data/provenance/gas/,literal_path,data/gas/provenance/,high_path,mapping_driven_then_manual_review,existence; manifest/checksum/path-metadata reconciliation
.gitignore,51,!data/provenance/gas/,ignore_rule,!data/provenance/gas/,high_ignore_policy,manual,git check-ignore on representative tracked and generated paths
.gitignore,52,data/provenance/gas/*,literal_path,data/gas/provenance/*,high_path,mapping_driven_then_manual_review,existence; manifest/checksum/path-metadata reconciliation
.gitignore,52,data/provenance/gas/*,ignore_rule,data/provenance/gas/*,high_ignore_policy,manual,git check-ignore on representative tracked and generated paths
.gitignore,53,data/provenance/gas/dune_ethereum_hourly_gas_chunk_ledger.json,literal_path,data/gas/provenance/dune_ethereum_hourly_gas_chunk_ledger.json,high_path,mapping_driven_then_manual_review,existence; manifest/checksum/path-metadata reconciliation
.gitignore,53,!data/provenance/gas/dune_ethereum_hourly_gas_chunk_ledger.json,ignore_rule,!data/provenance/gas/dune_ethereum_hourly_gas_chunk_ledger.json,high_ignore_policy,manual,git check-ignore on representative tracked and generated paths
.gitignore,54,data/provenance/liquidations/,literal_path,data/liquidations/provenance/,high_path,mapping_driven_then_manual_review,existence; manifest/checksum/path-metadata reconciliation
.gitignore,54,!data/provenance/liquidations/,ignore_rule,!data/provenance/liquidations/,high_ignore_policy,manual,git check-ignore on representative tracked and generated paths
.gitignore,55,data/provenance/liquidations/*,literal_path,data/liquidations/provenance/*,high_path,mapping_driven_then_manual_review,existence; manifest/checksum/path-metadata reconciliation
.gitignore,55,data/provenance/liquidations/*,ignore_rule,data/provenance/liquidations/*,high_ignore_policy,manual,git check-ignore on representative tracked and generated paths
.gitignore,56,data/provenance/liquidations/manifest.json,literal_path,data/liquidations/provenance/manifest.json,high_path,mapping_driven_then_manual_review,existence; manifest/checksum/path-metadata reconciliation
.gitignore,56,!data/provenance/liquidations/manifest.json,ignore_rule,!data/provenance/liquidations/manifest.json,high_ignore_policy,manual,git check-ignore on representative tracked and generated paths
.gitignore,57,data/provenance/protocol/,literal_path,data/protocol/provenance/,high_path,mapping_driven_then_manual_review,existence; manifest/checksum/path-metadata reconciliation
.gitignore,57,!data/provenance/protocol/,ignore_rule,!data/provenance/protocol/,high_ignore_policy,manual,git check-ignore on representative tracked and generated paths
.gitignore,58,data/provenance/protocol/*,literal_path,data/protocol/provenance/*,high_path,mapping_driven_then_manual_review,existence; manifest/checksum/path-metadata reconciliation
.gitignore,58,data/provenance/protocol/*,ignore_rule,data/provenance/protocol/*,high_ignore_policy,manual,git check-ignore on representative tracked and generated paths
.gitignore,59,data/provenance/protocol/manifest.json,literal_path,data/protocol/provenance/manifest.json,high_path,mapping_driven_then_manual_review,existence; manifest/checksum/path-metadata reconciliation
.gitignore,59,!data/provenance/protocol/manifest.json,ignore_rule,!data/provenance/protocol/manifest.json,high_ignore_policy,manual,git check-ignore on representative tracked and generated paths
.gitignore,60,data/provenance/vaults/,literal_path,data/vaults/provenance/,high_path,mapping_driven_then_manual_review,existence; manifest/checksum/path-metadata reconciliation
.gitignore,60,!data/provenance/vaults/,ignore_rule,!data/provenance/vaults/,high_ignore_policy,manual,git check-ignore on representative tracked and generated paths
.gitignore,61,data/provenance/vaults/*,literal_path,data/vaults/provenance/*,high_path,mapping_driven_then_manual_review,existence; manifest/checksum/path-metadata reconciliation
.gitignore,61,data/provenance/vaults/*,ignore_rule,data/provenance/vaults/*,high_ignore_policy,manual,git check-ignore on representative tracked and generated paths
.gitignore,62,data/provenance/vaults/manifest.json,literal_path,data/vaults/provenance/manifest.json,high_path,mapping_driven_then_manual_review,existence; manifest/checksum/path-metadata reconciliation
.gitignore,62,!data/provenance/vaults/manifest.json,ignore_rule,!data/provenance/vaults/manifest.json,high_ignore_policy,manual,git check-ignore on representative tracked and generated paths
.gitignore,63,data/provenance/vaults/discovery_manifest.json,literal_path,data/vaults/provenance/discovery_manifest.json,high_path,mapping_driven_then_manual_review,existence; manifest/checksum/path-metadata reconciliation
.gitignore,63,!data/provenance/vaults/discovery_manifest.json,ignore_rule,!data/provenance/vaults/discovery_manifest.json,high_ignore_policy,manual,git check-ignore on representative tracked and generated paths
.gitignore,66,build/,ignore_rule,build/,high_ignore_policy,manual,git check-ignore on representative tracked and generated paths
.gitignore,67,dist/,ignore_rule,dist/,high_ignore_policy,manual,git check-ignore on representative tracked and generated paths
.gitignore,68,*.egg-info/,ignore_rule,*.egg-info/,high_ignore_policy,manual,git check-ignore on representative tracked and generated paths
.gitignore,71,.pytest_cache/,ignore_rule,.pytest_cache/,high_ignore_policy,manual,git check-ignore on representative tracked and generated paths
.gitignore,72,.coverage,ignore_rule,.coverage,high_ignore_policy,manual,git check-ignore on representative tracked and generated paths
.gitignore,73,htmlcov/,ignore_rule,htmlcov/,high_ignore_policy,manual,git check-ignore on representative tracked and generated paths
.gitignore,76,*.tmp,ignore_rule,*.tmp,high_ignore_policy,manual,git check-ignore on representative tracked and generated paths
.gitignore,77,*.log,ignore_rule,*.log,high_ignore_policy,manual,git check-ignore on representative tracked and generated paths
.gitignore,80,Icon,ignore_rule,Icon,high_ignore_policy,manual,git check-ignore on representative tracked and generated paths
.gitignore,81,Icon?,ignore_rule,Icon?,high_ignore_policy,manual,git check-ignore on representative tracked and generated paths
.gitignore,82,Icon*,ignore_rule,Icon*,high_ignore_policy,manual,git check-ignore on representative tracked and generated paths
AGENTS.md,45,src/collateral.py,literal_path,src/dai_sim/model/collateral.py,high_path,mapping_driven_then_manual_review,path existence and targeted tests
AGENTS.md,46,src/vault.py,literal_path,src/dai_sim/model/vault.py,high_path,mapping_driven_then_manual_review,path existence and targeted tests
AGENTS.md,47,src/liquidation.py,literal_path,src/dai_sim/model/liquidation.py,high_path,mapping_driven_then_manual_review,path existence and targeted tests
AGENTS.md,48,src/price_process.py,literal_path,src/dai_sim/model/collateral_prices.py,high_path,mapping_driven_then_manual_review,path existence and targeted tests
AGENTS.md,49,src/simulation.py,literal_path,src/dai_sim/model/simulation.py,high_path,mapping_driven_then_manual_review,path existence and targeted tests
AGENTS.md,50,src/experiments.py,literal_path,src/dai_sim/experiments/scenarios.py;src/dai_sim/experiments/runner.py;src/dai_sim/experiments/summaries.py,high_path,mapping_driven_then_manual_review,path existence and targeted tests
AGENTS.md,51,src/metrics.py,literal_path,src/dai_sim/model/metrics.py,high_path,mapping_driven_then_manual_review,path existence and targeted tests
AGENTS.md,52,src/plot_results.py,literal_path,src/dai_sim/experiments/plots.py,high_path,mapping_driven_then_manual_review,path existence and targeted tests
AGENTS.md,53,src/confidence.py,literal_path,src/dai_sim/model/confidence.py,high_path,mapping_driven_then_manual_review,path existence and targeted tests
AGENTS.md,54,src/dai_market.py,literal_path,src/dai_sim/model/market.py,high_path,mapping_driven_then_manual_review,path existence and targeted tests
AGENTS.md,137,outputs/results/,literal_path,outputs/experiments/,high_path,mapping_driven_then_manual_review,path existence and targeted tests
AGENTS.md,185,src/collateral.py,literal_path,src/dai_sim/model/collateral.py,high_path,mapping_driven_then_manual_review,path existence and targeted tests
AGENTS.md,186,src/vault.py,literal_path,src/dai_sim/model/vault.py,high_path,mapping_driven_then_manual_review,path existence and targeted tests
AGENTS.md,187,src/liquidation.py,literal_path,src/dai_sim/model/liquidation.py,high_path,mapping_driven_then_manual_review,path existence and targeted tests
AGENTS.md,188,src/simulation.py,literal_path,src/dai_sim/model/simulation.py,high_path,mapping_driven_then_manual_review,path existence and targeted tests
AGENTS.md,190,src/experiments.py,literal_path,src/dai_sim/experiments/scenarios.py;src/dai_sim/experiments/runner.py;src/dai_sim/experiments/summaries.py,high_path,mapping_driven_then_manual_review,path existence and targeted tests
PROJECT_STATUS.md,106,docs/phase1e_b_tranche1_acquisition_report.md,literal_path,docs/archive/phase_reports/phase1e_b_tranche1_acquisition_report.md,medium,mapping_driven_then_manual_review,path existence and targeted tests
PROJECT_STATUS.md,107,docs/phase1e_b_usdc_svb_acquisition_report.md,literal_path,docs/archive/phase_reports/phase1e_b_usdc_svb_acquisition_report.md,medium,mapping_driven_then_manual_review,path existence and targeted tests
PROJECT_STATUS.md,113,docs/phase1e_b_terra_cefi_acquisition_report.md,literal_path,docs/archive/phase_reports/phase1e_b_terra_cefi_acquisition_report.md,medium,mapping_driven_then_manual_review,path existence and targeted tests
PROJECT_STATUS.md,134,data/processed/estimation/phase2a/,literal_path,outputs/diagnostics/calibration/phase2a/,high_path,mapping_driven_then_manual_review,existence; manifest/checksum/path-metadata reconciliation
PROJECT_STATUS.md,135,docs/phase2a_parameter_estimation_report.md,literal_path,docs/archive/phase_reports/phase2a_parameter_estimation_report.md,medium,mapping_driven_then_manual_review,path existence and targeted tests
PROJECT_STATUS.md,159,data/processed/estimation/phase2a_review/,literal_path,outputs/diagnostics/calibration/phase2a_review/,high_path,mapping_driven_then_manual_review,existence; manifest/checksum/path-metadata reconciliation
PROJECT_STATUS.md,160,docs/phase2a_candidate_review.md,literal_path,docs/archive/phase_reports/phase2a_candidate_review.md,medium,mapping_driven_then_manual_review,path existence and targeted tests
PROJECT_STATUS.md,181,data/processed/estimation/phase2b_vaults/,literal_path,outputs/diagnostics/calibration/phase2b_vaults/,high_path,mapping_driven_then_manual_review,existence; manifest/checksum/path-metadata reconciliation
PROJECT_STATUS.md,182,docs/phase2b_vault_parameter_estimation_report.md,literal_path,docs/archive/phase_reports/phase2b_vault_parameter_estimation_report.md,medium,mapping_driven_then_manual_review,path existence and targeted tests
PROJECT_STATUS.md,199,docs/phase2c_liquidation_parameter_estimation_report.md,literal_path,docs/archive/phase_reports/phase2c_liquidation_parameter_estimation_report.md,medium,mapping_driven_then_manual_review,path existence and targeted tests
PROJECT_STATUS.md,227,docs/parameter_adoption_and_model_interface_plan.md,literal_path,docs/calibration/parameter_adoption.md,medium,mapping_driven_then_manual_review,path existence and targeted tests
PROJECT_STATUS.md,228,docs/tranche_a_empirical_configuration_report.md,literal_path,docs/archive/tranche_reports/tranche_a_empirical_configuration_report.md,medium,mapping_driven_then_manual_review,path existence and targeted tests
PROJECT_STATUS.md,229,docs/tranche_b_distributional_vault_initialisation_report.md,literal_path,docs/archive/tranche_reports/tranche_b_distributional_vault_initialisation_report.md,medium,mapping_driven_then_manual_review,path existence and targeted tests
PROJECT_STATUS.md,230,docs/tranche_c_empirical_market_and_gas_report.md,literal_path,docs/archive/tranche_reports/tranche_c_empirical_market_and_gas_report.md,medium,mapping_driven_then_manual_review,path existence and targeted tests
PROJECT_STATUS.md,231,docs/tranche_d_liquidation_arrival_and_capacity_report.md,literal_path,docs/archive/tranche_reports/tranche_d_liquidation_arrival_and_capacity_report.md,medium,mapping_driven_then_manual_review,path existence and targeted tests
PROJECT_STATUS.md,237,outputs/results/06_multicollateral/,literal_path,outputs/experiments/06_multicollateral/,high_path,mapping_driven_then_manual_review,path existence and targeted tests
PROJECT_STATUS.md,241,outputs/figures/06_multicollateral/,literal_path,outputs/figures/06_multicollateral/,high_path,mapping_driven_then_manual_review,path existence and targeted tests
PROJECT_STATUS.md,284,docs/parameter_adoption_and_model_interface_plan.md,literal_path,docs/calibration/parameter_adoption.md,medium,mapping_driven_then_manual_review,path existence and targeted tests
config/empirical.yaml,9,data/provenance/manifests/data_manifest.csv,literal_path,data/provenance/data_manifest.csv,high_path,mapping_driven_then_manual_review,existence; manifest/checksum/path-metadata reconciliation
config/empirical.yaml,10,data/processed,literal_path,data/processed,high_path,mapping_driven_then_manual_review,existence; manifest/checksum/path-metadata reconciliation
config/empirical.yaml,31,data/README.md,literal_path,docs/data/provenance.md,high_path,mapping_driven_then_manual_review,existence; manifest/checksum/path-metadata reconciliation
config/empirical/data/liquidation_gas_pool_manifest.json,18,config/empirical/data/liquidation_gas_pool.csv,literal_path,data/liquidations/model_inputs/keeper_gas/pool.csv,high_path,mapping_driven_then_manual_review,profile parse; runtime equivalence
config/empirical/data/liquidation_gas_pool_manifest.json,23,data/processed/combined/hourly_market_gas_panel.csv,literal_path,data/market/processed/combined/hourly_market_gas_panel.csv,high_path,mapping_driven_then_manual_review,existence; manifest/checksum/path-metadata reconciliation
config/empirical/data/liquidation_gas_pool_manifest.json,24,data/processed/estimation/phase2a/diagnostics/calibration_validation_split.csv,literal_path,outputs/diagnostics/calibration/phase2a/diagnostics/calibration_validation_split.csv,high_path,mapping_driven_then_manual_review,existence; manifest/checksum/path-metadata reconciliation
config/empirical/data/liquidation_gas_pool_manifest.json,25,data/processed/estimation/phase2a/gas/gas_sampling_index.csv,literal_path,outputs/diagnostics/calibration/phase2a/gas/gas_sampling_index.csv,high_path,mapping_driven_then_manual_review,existence; manifest/checksum/path-metadata reconciliation
config/empirical/data/liquidation_gas_pool_manifest.json,26,data/processed/estimation/phase2a/liquidations/liquidation_transaction_gas.csv,literal_path,outputs/diagnostics/calibration/phase2a/liquidations/liquidation_transaction_gas.csv,high_path,mapping_driven_then_manual_review,existence; manifest/checksum/path-metadata reconciliation
config/empirical/data/liquidation_gas_pool_manifest.json,27,data/processed/estimation/phase2a_review/gas_cost_sensitivity.csv,literal_path,outputs/diagnostics/calibration/phase2a_review/gas_cost_sensitivity.csv,high_path,mapping_driven_then_manual_review,existence; manifest/checksum/path-metadata reconciliation
config/empirical/data/market_gas_hourly_pool_manifest.json,22,config/empirical/data/market_gas_hourly_pool.csv,literal_path,data/market/model_inputs/environment_blocks/pool.csv,high_path,mapping_driven_then_manual_review,profile parse; runtime equivalence
config/empirical/data/market_gas_hourly_pool_manifest.json,27,data/processed/combined/hourly_market_gas_panel.csv,literal_path,data/market/processed/combined/hourly_market_gas_panel.csv,high_path,mapping_driven_then_manual_review,existence; manifest/checksum/path-metadata reconciliation
config/empirical/data/market_gas_hourly_pool_manifest.json,28,data/processed/estimation/phase2a/diagnostics/calibration_validation_split.csv,literal_path,outputs/diagnostics/calibration/phase2a/diagnostics/calibration_validation_split.csv,high_path,mapping_driven_then_manual_review,existence; manifest/checksum/path-metadata reconciliation
config/empirical/data/market_gas_hourly_pool_manifest.json,29,data/processed/estimation/phase2a/gas/gas_sampling_index.csv,literal_path,outputs/diagnostics/calibration/phase2a/gas/gas_sampling_index.csv,high_path,mapping_driven_then_manual_review,existence; manifest/checksum/path-metadata reconciliation
config/empirical/data/market_gas_hourly_pool_manifest.json,30,data/processed/estimation/phase2a/liquidations/liquidation_transaction_gas.csv,literal_path,outputs/diagnostics/calibration/phase2a/liquidations/liquidation_transaction_gas.csv,high_path,mapping_driven_then_manual_review,existence; manifest/checksum/path-metadata reconciliation
config/empirical/data/market_gas_hourly_pool_manifest.json,31,data/processed/estimation/phase2a_review/gas_cost_sensitivity.csv,literal_path,outputs/diagnostics/calibration/phase2a_review/gas_cost_sensitivity.csv,high_path,mapping_driven_then_manual_review,existence; manifest/checksum/path-metadata reconciliation
config/empirical/data/vault_initialisation_pools_manifest.json,3,data/processed/estimation/tranche_b/vault_initialisation_pool_audit.csv,literal_path,outputs/diagnostics/calibration/tranche_b/vault_initialisation_pool_audit.csv,high_path,mapping_driven_then_manual_review,existence; manifest/checksum/path-metadata reconciliation
config/empirical/data/vault_initialisation_pools_manifest.json,20,config/empirical/data/vault_initialisation_pools.csv,literal_path,data/vaults/model_inputs/initialisation/pool.csv,high_path,mapping_driven_then_manual_review,profile parse; runtime equivalence
config/empirical/data/vault_initialisation_pools_manifest.json,25,data/processed/vaults/representative_regimes/quiet_mature_2024-02-01_2024-03-01/opening_vault_state.csv,literal_path,data/vaults/processed/representative_regimes/quiet_mature_2024-02-01_2024-03-01/opening_vault_state.csv,high_path,mapping_driven_then_manual_review,existence; manifest/checksum/path-metadata reconciliation
config/empirical/data/vault_initialisation_pools_manifest.json,31,data/processed/vaults/representative_regimes/usdc_svb_2023-03-06_2023-03-20/opening_vault_state.csv,literal_path,data/vaults/processed/representative_regimes/usdc_svb_2023-03-06_2023-03-20/opening_vault_state.csv,high_path,mapping_driven_then_manual_review,existence; manifest/checksum/path-metadata reconciliation
config/empirical/data/vault_initialisation_pools_manifest.json,37,data/processed/vaults/representative_regimes/terra_cefi_2022-05-05_2022-06-20/opening_vault_state.csv,literal_path,data/vaults/processed/representative_regimes/terra_cefi_2022-05-05_2022-06-20/opening_vault_state.csv,high_path,mapping_driven_then_manual_review,existence; manifest/checksum/path-metadata reconciliation
config/empirical/phase2_empirical_baseline.yaml,7,config/empirical/tranche_a_manifest.json,literal_path,data/protocol/provenance/parameter_adoption/manifest.json,high_path,mapping_driven_then_manual_review,profile parse; runtime equivalence
config/empirical/phase2_empirical_distributional.yaml,8,config/empirical/tranche_a_manifest.json,literal_path,data/protocol/provenance/parameter_adoption/manifest.json,high_path,mapping_driven_then_manual_review,profile parse; runtime equivalence
config/empirical/phase2_empirical_distributional.yaml,36,config/empirical/data/vault_initialisation_pools.csv,literal_path,data/vaults/model_inputs/initialisation/pool.csv,high_path,mapping_driven_then_manual_review,profile parse; runtime equivalence
config/empirical/phase2_empirical_market_gas.yaml,8,config/empirical/tranche_a_manifest.json,literal_path,data/protocol/provenance/parameter_adoption/manifest.json,high_path,mapping_driven_then_manual_review,profile parse; runtime equivalence
config/empirical/phase2_empirical_market_gas.yaml,36,config/empirical/data/vault_initialisation_pools.csv,literal_path,data/vaults/model_inputs/initialisation/pool.csv,high_path,mapping_driven_then_manual_review,profile parse; runtime equivalence
config/empirical/phase2_empirical_market_gas.yaml,68,config/empirical/data/market_gas_hourly_pool.csv,literal_path,data/market/model_inputs/environment_blocks/pool.csv,high_path,mapping_driven_then_manual_review,profile parse; runtime equivalence
config/empirical/phase2_empirical_market_gas.yaml,80,config/empirical/data/liquidation_gas_pool.csv,literal_path,data/liquidations/model_inputs/keeper_gas/pool.csv,high_path,mapping_driven_then_manual_review,profile parse; runtime equivalence
config/empirical/sensitivity/phase2_empirical_high_sensitivity.yaml,6,config/empirical/tranche_a_manifest.json,literal_path,data/protocol/provenance/parameter_adoption/manifest.json,high_path,mapping_driven_then_manual_review,profile parse; runtime equivalence
config/empirical/sensitivity/phase2_empirical_legacy_gaussian.yaml,7,config/empirical/tranche_a_manifest.json,literal_path,data/protocol/provenance/parameter_adoption/manifest.json,high_path,mapping_driven_then_manual_review,profile parse; runtime equivalence
config/empirical/sensitivity/phase2_empirical_low_sensitivity.yaml,6,config/empirical/tranche_a_manifest.json,literal_path,data/protocol/provenance/parameter_adoption/manifest.json,high_path,mapping_driven_then_manual_review,profile parse; runtime equivalence
config/empirical/sensitivity/phase2_empirical_market_blocks_legacy_gas.yaml,6,config/empirical/tranche_a_manifest.json,literal_path,data/protocol/provenance/parameter_adoption/manifest.json,high_path,mapping_driven_then_manual_review,profile parse; runtime equivalence
config/empirical/sensitivity/phase2_empirical_market_blocks_legacy_gas.yaml,34,config/empirical/data/vault_initialisation_pools.csv,literal_path,data/vaults/model_inputs/initialisation/pool.csv,high_path,mapping_driven_then_manual_review,profile parse; runtime equivalence
config/empirical/sensitivity/phase2_empirical_market_blocks_legacy_gas.yaml,45,config/empirical/data/market_gas_hourly_pool.csv,literal_path,data/market/model_inputs/environment_blocks/pool.csv,high_path,mapping_driven_then_manual_review,profile parse; runtime equivalence
config/empirical/sensitivity/phase2_empirical_market_gas_block_336.yaml,6,config/empirical/tranche_a_manifest.json,literal_path,data/protocol/provenance/parameter_adoption/manifest.json,high_path,mapping_driven_then_manual_review,profile parse; runtime equivalence
config/empirical/sensitivity/phase2_empirical_market_gas_block_336.yaml,34,config/empirical/data/vault_initialisation_pools.csv,literal_path,data/vaults/model_inputs/initialisation/pool.csv,high_path,mapping_driven_then_manual_review,profile parse; runtime equivalence
config/empirical/sensitivity/phase2_empirical_market_gas_block_336.yaml,45,config/empirical/data/market_gas_hourly_pool.csv,literal_path,data/market/model_inputs/environment_blocks/pool.csv,high_path,mapping_driven_then_manual_review,profile parse; runtime equivalence
config/empirical/sensitivity/phase2_empirical_market_gas_block_336.yaml,57,config/empirical/data/liquidation_gas_pool.csv,literal_path,data/liquidations/model_inputs/keeper_gas/pool.csv,high_path,mapping_driven_then_manual_review,profile parse; runtime equivalence
config/empirical/sensitivity/phase2_empirical_market_gas_block_72.yaml,6,config/empirical/tranche_a_manifest.json,literal_path,data/protocol/provenance/parameter_adoption/manifest.json,high_path,mapping_driven_then_manual_review,profile parse; runtime equivalence
config/empirical/sensitivity/phase2_empirical_market_gas_block_72.yaml,34,config/empirical/data/vault_initialisation_pools.csv,literal_path,data/vaults/model_inputs/initialisation/pool.csv,high_path,mapping_driven_then_manual_review,profile parse; runtime equivalence
config/empirical/sensitivity/phase2_empirical_market_gas_block_72.yaml,45,config/empirical/data/market_gas_hourly_pool.csv,literal_path,data/market/model_inputs/environment_blocks/pool.csv,high_path,mapping_driven_then_manual_review,profile parse; runtime equivalence
config/empirical/sensitivity/phase2_empirical_market_gas_block_72.yaml,57,config/empirical/data/liquidation_gas_pool.csv,literal_path,data/liquidations/model_inputs/keeper_gas/pool.csv,high_path,mapping_driven_then_manual_review,profile parse; runtime equivalence
config/empirical/sensitivity/phase2_empirical_market_gas_high_gas_q90.yaml,6,config/empirical/tranche_a_manifest.json,literal_path,data/protocol/provenance/parameter_adoption/manifest.json,high_path,mapping_driven_then_manual_review,profile parse; runtime equivalence
config/empirical/sensitivity/phase2_empirical_market_gas_high_gas_q90.yaml,34,config/empirical/data/vault_initialisation_pools.csv,literal_path,data/vaults/model_inputs/initialisation/pool.csv,high_path,mapping_driven_then_manual_review,profile parse; runtime equivalence
config/empirical/sensitivity/phase2_empirical_market_gas_high_gas_q90.yaml,45,config/empirical/data/market_gas_hourly_pool.csv,literal_path,data/market/model_inputs/environment_blocks/pool.csv,high_path,mapping_driven_then_manual_review,profile parse; runtime equivalence
config/empirical/sensitivity/phase2_empirical_market_gas_high_gas_q90.yaml,57,config/empirical/data/liquidation_gas_pool.csv,literal_path,data/liquidations/model_inputs/keeper_gas/pool.csv,high_path,mapping_driven_then_manual_review,profile parse; runtime equivalence
config/empirical/sensitivity/phase2_empirical_market_gas_zero_inclusive.yaml,6,config/empirical/tranche_a_manifest.json,literal_path,data/protocol/provenance/parameter_adoption/manifest.json,high_path,mapping_driven_then_manual_review,profile parse; runtime equivalence
config/empirical/sensitivity/phase2_empirical_market_gas_zero_inclusive.yaml,34,config/empirical/data/vault_initialisation_pools.csv,literal_path,data/vaults/model_inputs/initialisation/pool.csv,high_path,mapping_driven_then_manual_review,profile parse; runtime equivalence
config/empirical/sensitivity/phase2_empirical_market_gas_zero_inclusive.yaml,45,config/empirical/data/market_gas_hourly_pool.csv,literal_path,data/market/model_inputs/environment_blocks/pool.csv,high_path,mapping_driven_then_manual_review,profile parse; runtime equivalence
config/empirical/sensitivity/phase2_empirical_market_gas_zero_inclusive.yaml,57,config/empirical/data/liquidation_gas_pool.csv,literal_path,data/liquidations/model_inputs/keeper_gas/pool.csv,high_path,mapping_driven_then_manual_review,profile parse; runtime equivalence
config/empirical/sensitivity/phase2_empirical_parametric_truncated.yaml,6,config/empirical/tranche_a_manifest.json,literal_path,data/protocol/provenance/parameter_adoption/manifest.json,high_path,mapping_driven_then_manual_review,profile parse; runtime equivalence
config/empirical/tranche_a_manifest.json,8,config/empirical/phase2_empirical_baseline.yaml,literal_path,config/profiles/empirical.yaml,high_path,mapping_driven_then_manual_review,profile parse; runtime equivalence
config/empirical/tranche_a_manifest.json,10,data/processed/estimation/adoption_review/parameter_adoption_matrix.csv,literal_path,outputs/diagnostics/calibration/adoption_review/parameter_adoption_matrix.csv,high_path,mapping_driven_then_manual_review,existence; manifest/checksum/path-metadata reconciliation
config/empirical/tranche_a_manifest.json,11,data/processed/estimation/adoption_review/configuration_ready_candidates.csv,literal_path,outputs/diagnostics/calibration/adoption_review/configuration_ready_candidates.csv,high_path,mapping_driven_then_manual_review,existence; manifest/checksum/path-metadata reconciliation
config/empirical/tranche_a_manifest.json,12,data/processed/estimation/adoption_review/candidate_consolidation.csv,literal_path,outputs/diagnostics/calibration/adoption_review/candidate_consolidation.csv,high_path,mapping_driven_then_manual_review,existence; manifest/checksum/path-metadata reconciliation
config/empirical/tranche_a_manifest.json,13,data/processed/estimation/adoption_review/model_interface_gaps.csv,literal_path,outputs/diagnostics/calibration/adoption_review/model_interface_gaps.csv,high_path,mapping_driven_then_manual_review,existence; manifest/checksum/path-metadata reconciliation
config/empirical/tranche_a_manifest.json,14,data/processed/estimation/adoption_review/proposed_implementation_tranches.csv,literal_path,outputs/diagnostics/calibration/adoption_review/proposed_implementation_tranches.csv,high_path,mapping_driven_then_manual_review,existence; manifest/checksum/path-metadata reconciliation
config/protocol.yaml,5,data/provenance/manifests/data_manifest.csv,literal_path,data/provenance/data_manifest.csv,high_path,mapping_driven_then_manual_review,existence; manifest/checksum/path-metadata reconciliation
config/protocol.yaml,6,config/collateral_mapping.csv,literal_path,config/protocol/collateral_types.csv,high_path,mapping_driven_then_manual_review,profile parse; runtime equivalence
config/protocol.yaml,7,data/processed,literal_path,data/processed,high_path,mapping_driven_then_manual_review,existence; manifest/checksum/path-metadata reconciliation
data/DATA_ACQUISITION_PLAN.md,48,docs/phase1e_representative_calibration_strategy.md,literal_path,docs/calibration/vaults.md,medium,mapping_driven_then_manual_review,path existence and targeted tests
data/DATA_ACQUISITION_PLAN.md,528,data/raw/market/,literal_path,data/market/raw/,high_path,mapping_driven_then_manual_review,existence; manifest/checksum/path-metadata reconciliation
data/DATA_ACQUISITION_PLAN.md,534,data/raw/gas/,literal_path,data/gas/raw/,high_path,mapping_driven_then_manual_review,existence; manifest/checksum/path-metadata reconciliation
data/DATA_ACQUISITION_PLAN.md,540,src/empirical_data.py,literal_path,src/dai_sim/calibration/market.py;src/dai_sim/inputs/market.py,high_path,mapping_driven_then_manual_review,path existence and targeted tests
data/README.md,3,src/empirical_data.py,literal_path,src/dai_sim/calibration/market.py;src/dai_sim/inputs/market.py,high_path,mapping_driven_then_manual_review,path existence and targeted tests
data/README.md,4,src/empirical_sources.py,literal_path,src/dai_sim/inputs/sources.py,high_path,mapping_driven_then_manual_review,path existence and targeted tests
data/README.md,5,src/empirical_data.py,literal_path,src/dai_sim/calibration/market.py;src/dai_sim/inputs/market.py,high_path,mapping_driven_then_manual_review,path existence and targeted tests
data/README.md,6,config/empirical.yaml,literal_path,config/profiles/legacy.yaml,high_path,mapping_driven_then_manual_review,profile parse; runtime equivalence
data/README.md,11,data/raw/market/,literal_path,data/market/raw/,high_path,mapping_driven_then_manual_review,existence; manifest/checksum/path-metadata reconciliation
data/README.md,12,data/raw/gas/,literal_path,data/gas/raw/,high_path,mapping_driven_then_manual_review,existence; manifest/checksum/path-metadata reconciliation
data/README.md,13,data/raw/protocol/,literal_path,data/protocol/raw/,high_path,mapping_driven_then_manual_review,existence; manifest/checksum/path-metadata reconciliation
data/README.md,14,data/raw/vaults/,literal_path,data/vaults/raw/,high_path,mapping_driven_then_manual_review,existence; manifest/checksum/path-metadata reconciliation
data/README.md,15,data/raw/liquidations/,literal_path,data/liquidations/raw/,high_path,mapping_driven_then_manual_review,existence; manifest/checksum/path-metadata reconciliation
data/README.md,19,data/processed/,literal_path,data/processed/,high_path,mapping_driven_then_manual_review,existence; manifest/checksum/path-metadata reconciliation
data/README.md,23,sql/dune_hourly_market_prices.sql,literal_path,sql/market/templates/hourly_prices.sql,high_path,mapping_driven_then_manual_review,SQL checksum and provenance reconciliation
data/README.md,35,scripts/acquire_dune_market_prices.py,literal_path,workflows/market/acquire.py,high_path,mapping_driven_then_manual_review,path existence and targeted tests
data/README.md,42,data/raw/market/,literal_path,data/market/raw/,high_path,mapping_driven_then_manual_review,existence; manifest/checksum/path-metadata reconciliation
data/README.md,44,data/provenance/manifests/data_manifest.csv,literal_path,data/provenance/data_manifest.csv,high_path,mapping_driven_then_manual_review,existence; manifest/checksum/path-metadata reconciliation
data/README.md,48,scripts/acquire_dune_market_prices.py,literal_path,workflows/market/acquire.py,high_path,mapping_driven_then_manual_review,path existence and targeted tests
data/README.md,59,scripts/acquire_dune_market_prices.py,literal_path,workflows/market/acquire.py,high_path,mapping_driven_then_manual_review,path existence and targeted tests
data/README.md,68,scripts/validate_dune_market_prices.py,literal_path,workflows/market/validate.py,high_path,mapping_driven_then_manual_review,path existence and targeted tests
data/README.md,69,data/raw/market/dune_prices_hourly_2021-06-01_2024-06-30.csv,literal_path,data/market/raw/dune_prices_hourly_2021-06-01_2024-06-30.csv,high_path,mapping_driven_then_manual_review,existence; manifest/checksum/path-metadata reconciliation
data/README.md,70,data/provenance/market/dune_prices_hourly_2021-06-01_2024-06-30.validation.json,literal_path,data/market/provenance/dune_prices_hourly_2021-06-01_2024-06-30.validation.json,high_path,mapping_driven_then_manual_review,existence; manifest/checksum/path-metadata reconciliation
data/README.md,84,scripts/process_dune_market_prices.py,literal_path,workflows/market/process.py,high_path,mapping_driven_then_manual_review,path existence and targeted tests
data/README.md,85,data/raw/market/dune_prices_hourly_2021-06-01_2024-06-30.csv,literal_path,data/market/raw/dune_prices_hourly_2021-06-01_2024-06-30.csv,high_path,mapping_driven_then_manual_review,existence; manifest/checksum/path-metadata reconciliation
data/README.md,90,data/processed/market/,literal_path,data/market/processed/,high_path,mapping_driven_then_manual_review,existence; manifest/checksum/path-metadata reconciliation
data/README.md,91,data/provenance/market/,literal_path,data/market/provenance/,high_path,mapping_driven_then_manual_review,existence; manifest/checksum/path-metadata reconciliation
data/README.md,98,data/provenance/market/dune_hourly_market_prices_processing_metadata.json,literal_path,data/market/provenance/dune_hourly_market_prices_processing_metadata.json,high_path,mapping_driven_then_manual_review,existence; manifest/checksum/path-metadata reconciliation
data/README.md,101,data/provenance/market/dune_hourly_market_prices_processed_validation.json,literal_path,data/market/provenance/dune_hourly_market_prices_processed_validation.json,high_path,mapping_driven_then_manual_review,existence; manifest/checksum/path-metadata reconciliation
data/README.md,117,sql/dune_ethereum_hourly_gas.sql,literal_path,sql/gas/templates/hourly_conditions.sql,high_path,mapping_driven_then_manual_review,SQL checksum and provenance reconciliation
data/README.md,123,scripts/acquire_dune_hourly_gas.py,literal_path,workflows/gas/acquire.py,high_path,mapping_driven_then_manual_review,path existence and targeted tests
data/README.md,126,data/provenance/gas/state/,literal_path,data/gas/provenance/state/,high_path,mapping_driven_then_manual_review,existence; manifest/checksum/path-metadata reconciliation
data/README.md,133,data/raw/gas/chunks/,literal_path,data/gas/raw/chunks/,high_path,mapping_driven_then_manual_review,existence; manifest/checksum/path-metadata reconciliation
data/README.md,138,data/processed/gas/dune_ethereum_hourly_gas_assembled_2021-06-01_2024-06-30.csv,literal_path,data/gas/processed/dune_ethereum_hourly_gas_assembled_2021-06-01_2024-06-30.csv,high_path,mapping_driven_then_manual_review,existence; manifest/checksum/path-metadata reconciliation
data/README.md,145,data/provenance/gas/,literal_path,data/gas/provenance/,high_path,mapping_driven_then_manual_review,existence; manifest/checksum/path-metadata reconciliation
data/README.md,170,scripts/process_dune_hourly_gas.py,literal_path,workflows/gas/process.py,high_path,mapping_driven_then_manual_review,path existence and targeted tests
data/README.md,171,data/processed/gas/dune_ethereum_hourly_gas_assembled_2021-06-01_2024-06-30.csv,literal_path,data/gas/processed/dune_ethereum_hourly_gas_assembled_2021-06-01_2024-06-30.csv,high_path,mapping_driven_then_manual_review,existence; manifest/checksum/path-metadata reconciliation
data/README.md,172,data/processed/market/dune_hourly_market_prices_processed.csv,literal_path,data/market/processed/dune_hourly_market_prices_processed.csv,high_path,mapping_driven_then_manual_review,existence; manifest/checksum/path-metadata reconciliation
data/README.md,176,data/processed/gas/,literal_path,data/gas/processed/,high_path,mapping_driven_then_manual_review,existence; manifest/checksum/path-metadata reconciliation
data/README.md,177,data/processed/combined/,literal_path,data/market/processed/combined/,high_path,mapping_driven_then_manual_review,existence; manifest/checksum/path-metadata reconciliation
data/README.md,187,data/processed/gas/,literal_path,data/gas/processed/,high_path,mapping_driven_then_manual_review,existence; manifest/checksum/path-metadata reconciliation
data/README.md,189,data/provenance/gas/,literal_path,data/gas/provenance/,high_path,mapping_driven_then_manual_review,existence; manifest/checksum/path-metadata reconciliation
data/README.md,248,data/raw/market/combined_market_data.csv,literal_path,data/market/raw/combined_market_data.csv,high_path,mapping_driven_then_manual_review,existence; manifest/checksum/path-metadata reconciliation
data/README.md,286,data/provenance/manifests/data_manifest.csv,literal_path,data/provenance/data_manifest.csv,high_path,mapping_driven_then_manual_review,existence; manifest/checksum/path-metadata reconciliation
data/README.md,312,src/empirical_data.py,literal_path,src/dai_sim/calibration/market.py;src/dai_sim/inputs/market.py,high_path,mapping_driven_then_manual_review,path existence and targeted tests
data/README.md,315,outputs/empirical/synthetic_validation/,literal_path,outputs/empirical/synthetic_validation/,high_path,mapping_driven_then_manual_review,path existence and targeted tests
data/README.md,320,src/empirical_data.py,literal_path,src/dai_sim/calibration/market.py;src/dai_sim/inputs/market.py,high_path,mapping_driven_then_manual_review,path existence and targeted tests
data/README.md,320,config/empirical.yaml,literal_path,config/profiles/legacy.yaml,high_path,mapping_driven_then_manual_review,profile parse; runtime equivalence
data/README.md,324,outputs/empirical/baseline/,literal_path,outputs/empirical/baseline/,high_path,mapping_driven_then_manual_review,path existence and targeted tests
data/README.md,328,tests/fixtures/empirical_market_fixture.csv,literal_path,tests/fixtures/market/empirical_market.csv,medium,mapping_driven_then_manual_review,path existence and targeted tests
data/README.md,329,src/empirical_data.py,literal_path,src/dai_sim/calibration/market.py;src/dai_sim/inputs/market.py,high_path,mapping_driven_then_manual_review,path existence and targeted tests
data/README.md,335,src/protocol_data.py,literal_path,src/dai_sim/inputs/protocol.py,high_path,mapping_driven_then_manual_review,path existence and targeted tests
data/README.md,336,config/protocol.yaml,literal_path,config/protocol/parameters.yaml,high_path,mapping_driven_then_manual_review,profile parse; runtime equivalence
data/README.md,338,config/collateral_mapping.csv,literal_path,config/protocol/collateral_types.csv,high_path,mapping_driven_then_manual_review,profile parse; runtime equivalence
data/README.md,355,tests/fixtures/protocol/,literal_path,tests/fixtures/protocol/,medium,mapping_driven_then_manual_review,path existence and targeted tests
data/README.md,365,data/provenance/manifests/data_manifest.csv,literal_path,data/provenance/data_manifest.csv,high_path,mapping_driven_then_manual_review,existence; manifest/checksum/path-metadata reconciliation
data/README.md,369,src/protocol_data.py,literal_path,src/dai_sim/inputs/protocol.py,high_path,mapping_driven_then_manual_review,path existence and targeted tests
data/README.md,369,config/protocol.yaml,literal_path,config/protocol/parameters.yaml,high_path,mapping_driven_then_manual_review,profile parse; runtime equivalence
data/README.md,372,src/protocol_data.py,literal_path,src/dai_sim/inputs/protocol.py,high_path,mapping_driven_then_manual_review,path existence and targeted tests
data/README.md,373,outputs/empirical/synthetic_validation/protocol/,literal_path,outputs/empirical/synthetic_validation/protocol/,high_path,mapping_driven_then_manual_review,path existence and targeted tests
data/provenance/gas/dune_ethereum_hourly_gas_chunk_ledger.json,17,data/raw/gas/chunks/chunk_01_2021-06-01_2021-07-01.csv,literal_path,data/gas/raw/chunks/chunk_01_2021-06-01_2021-07-01.csv,high_path,mapping_driven_then_manual_review,existence; manifest/checksum/path-metadata reconciliation
data/provenance/gas/dune_ethereum_hourly_gas_chunk_ledger.json,34,data/provenance/gas/chunks/chunk_01_2021-06-01_2021-07-01.validation.json,literal_path,data/gas/provenance/chunks/chunk_01_2021-06-01_2021-07-01.validation.json,high_path,mapping_driven_then_manual_review,existence; manifest/checksum/path-metadata reconciliation
data/provenance/gas/dune_ethereum_hourly_gas_chunk_ledger.json,50,data/raw/gas/chunks/chunk_02_2021-07-01_2021-10-01.csv,literal_path,data/gas/raw/chunks/chunk_02_2021-07-01_2021-10-01.csv,high_path,mapping_driven_then_manual_review,existence; manifest/checksum/path-metadata reconciliation
data/provenance/gas/dune_ethereum_hourly_gas_chunk_ledger.json,67,data/provenance/gas/chunks/chunk_02_2021-07-01_2021-10-01.validation.json,literal_path,data/gas/provenance/chunks/chunk_02_2021-07-01_2021-10-01.validation.json,high_path,mapping_driven_then_manual_review,existence; manifest/checksum/path-metadata reconciliation
data/provenance/gas/dune_ethereum_hourly_gas_chunk_ledger.json,83,data/raw/gas/chunks/chunk_03_2021-10-01_2022-01-01.csv,literal_path,data/gas/raw/chunks/chunk_03_2021-10-01_2022-01-01.csv,high_path,mapping_driven_then_manual_review,existence; manifest/checksum/path-metadata reconciliation
data/provenance/gas/dune_ethereum_hourly_gas_chunk_ledger.json,100,data/provenance/gas/chunks/chunk_03_2021-10-01_2022-01-01.validation.json,literal_path,data/gas/provenance/chunks/chunk_03_2021-10-01_2022-01-01.validation.json,high_path,mapping_driven_then_manual_review,existence; manifest/checksum/path-metadata reconciliation
data/provenance/gas/dune_ethereum_hourly_gas_chunk_ledger.json,116,data/raw/gas/chunks/chunk_04_2022-01-01_2022-04-01.csv,literal_path,data/gas/raw/chunks/chunk_04_2022-01-01_2022-04-01.csv,high_path,mapping_driven_then_manual_review,existence; manifest/checksum/path-metadata reconciliation
data/provenance/gas/dune_ethereum_hourly_gas_chunk_ledger.json,133,data/provenance/gas/chunks/chunk_04_2022-01-01_2022-04-01.validation.json,literal_path,data/gas/provenance/chunks/chunk_04_2022-01-01_2022-04-01.validation.json,high_path,mapping_driven_then_manual_review,existence; manifest/checksum/path-metadata reconciliation
data/provenance/gas/dune_ethereum_hourly_gas_chunk_ledger.json,149,data/raw/gas/chunks/chunk_05_2022-04-01_2022-07-01.csv,literal_path,data/gas/raw/chunks/chunk_05_2022-04-01_2022-07-01.csv,high_path,mapping_driven_then_manual_review,existence; manifest/checksum/path-metadata reconciliation
data/provenance/gas/dune_ethereum_hourly_gas_chunk_ledger.json,166,data/provenance/gas/chunks/chunk_05_2022-04-01_2022-07-01.validation.json,literal_path,data/gas/provenance/chunks/chunk_05_2022-04-01_2022-07-01.validation.json,high_path,mapping_driven_then_manual_review,existence; manifest/checksum/path-metadata reconciliation
data/provenance/gas/dune_ethereum_hourly_gas_chunk_ledger.json,182,data/raw/gas/chunks/chunk_06_2022-07-01_2022-10-01.csv,literal_path,data/gas/raw/chunks/chunk_06_2022-07-01_2022-10-01.csv,high_path,mapping_driven_then_manual_review,existence; manifest/checksum/path-metadata reconciliation
data/provenance/gas/dune_ethereum_hourly_gas_chunk_ledger.json,199,data/provenance/gas/chunks/chunk_06_2022-07-01_2022-10-01.validation.json,literal_path,data/gas/provenance/chunks/chunk_06_2022-07-01_2022-10-01.validation.json,high_path,mapping_driven_then_manual_review,existence; manifest/checksum/path-metadata reconciliation
data/provenance/gas/dune_ethereum_hourly_gas_chunk_ledger.json,215,data/raw/gas/chunks/chunk_07_2022-10-01_2023-01-01.csv,literal_path,data/gas/raw/chunks/chunk_07_2022-10-01_2023-01-01.csv,high_path,mapping_driven_then_manual_review,existence; manifest/checksum/path-metadata reconciliation
data/provenance/gas/dune_ethereum_hourly_gas_chunk_ledger.json,232,data/provenance/gas/chunks/chunk_07_2022-10-01_2023-01-01.validation.json,literal_path,data/gas/provenance/chunks/chunk_07_2022-10-01_2023-01-01.validation.json,high_path,mapping_driven_then_manual_review,existence; manifest/checksum/path-metadata reconciliation
data/provenance/gas/dune_ethereum_hourly_gas_chunk_ledger.json,248,data/raw/gas/chunks/chunk_08_2023-01-01_2023-04-01.csv,literal_path,data/gas/raw/chunks/chunk_08_2023-01-01_2023-04-01.csv,high_path,mapping_driven_then_manual_review,existence; manifest/checksum/path-metadata reconciliation
data/provenance/gas/dune_ethereum_hourly_gas_chunk_ledger.json,265,data/provenance/gas/chunks/chunk_08_2023-01-01_2023-04-01.validation.json,literal_path,data/gas/provenance/chunks/chunk_08_2023-01-01_2023-04-01.validation.json,high_path,mapping_driven_then_manual_review,existence; manifest/checksum/path-metadata reconciliation
data/provenance/gas/dune_ethereum_hourly_gas_chunk_ledger.json,281,data/raw/gas/chunks/chunk_09_2023-04-01_2023-07-01.csv,literal_path,data/gas/raw/chunks/chunk_09_2023-04-01_2023-07-01.csv,high_path,mapping_driven_then_manual_review,existence; manifest/checksum/path-metadata reconciliation
data/provenance/gas/dune_ethereum_hourly_gas_chunk_ledger.json,298,data/provenance/gas/chunks/chunk_09_2023-04-01_2023-07-01.validation.json,literal_path,data/gas/provenance/chunks/chunk_09_2023-04-01_2023-07-01.validation.json,high_path,mapping_driven_then_manual_review,existence; manifest/checksum/path-metadata reconciliation
data/provenance/gas/dune_ethereum_hourly_gas_chunk_ledger.json,314,data/raw/gas/chunks/chunk_10_2023-07-01_2023-10-01.csv,literal_path,data/gas/raw/chunks/chunk_10_2023-07-01_2023-10-01.csv,high_path,mapping_driven_then_manual_review,existence; manifest/checksum/path-metadata reconciliation
data/provenance/gas/dune_ethereum_hourly_gas_chunk_ledger.json,331,data/provenance/gas/chunks/chunk_10_2023-07-01_2023-10-01.validation.json,literal_path,data/gas/provenance/chunks/chunk_10_2023-07-01_2023-10-01.validation.json,high_path,mapping_driven_then_manual_review,existence; manifest/checksum/path-metadata reconciliation
data/provenance/gas/dune_ethereum_hourly_gas_chunk_ledger.json,347,data/raw/gas/chunks/chunk_11_2023-10-01_2024-01-01.csv,literal_path,data/gas/raw/chunks/chunk_11_2023-10-01_2024-01-01.csv,high_path,mapping_driven_then_manual_review,existence; manifest/checksum/path-metadata reconciliation
data/provenance/gas/dune_ethereum_hourly_gas_chunk_ledger.json,364,data/provenance/gas/chunks/chunk_11_2023-10-01_2024-01-01.validation.json,literal_path,data/gas/provenance/chunks/chunk_11_2023-10-01_2024-01-01.validation.json,high_path,mapping_driven_then_manual_review,existence; manifest/checksum/path-metadata reconciliation
data/provenance/gas/dune_ethereum_hourly_gas_chunk_ledger.json,380,data/raw/gas/chunks/chunk_12_2024-01-01_2024-04-01.csv,literal_path,data/gas/raw/chunks/chunk_12_2024-01-01_2024-04-01.csv,high_path,mapping_driven_then_manual_review,existence; manifest/checksum/path-metadata reconciliation
data/provenance/gas/dune_ethereum_hourly_gas_chunk_ledger.json,397,data/provenance/gas/chunks/chunk_12_2024-01-01_2024-04-01.validation.json,literal_path,data/gas/provenance/chunks/chunk_12_2024-01-01_2024-04-01.validation.json,high_path,mapping_driven_then_manual_review,existence; manifest/checksum/path-metadata reconciliation
data/provenance/gas/dune_ethereum_hourly_gas_chunk_ledger.json,413,data/raw/gas/chunks/chunk_13_2024-04-01_2024-07-01.csv,literal_path,data/gas/raw/chunks/chunk_13_2024-04-01_2024-07-01.csv,high_path,mapping_driven_then_manual_review,existence; manifest/checksum/path-metadata reconciliation
data/provenance/gas/dune_ethereum_hourly_gas_chunk_ledger.json,430,data/provenance/gas/chunks/chunk_13_2024-04-01_2024-07-01.validation.json,literal_path,data/gas/provenance/chunks/chunk_13_2024-04-01_2024-07-01.validation.json,high_path,mapping_driven_then_manual_review,existence; manifest/checksum/path-metadata reconciliation
data/provenance/gas/dune_ethereum_hourly_gas_chunk_ledger.json,441,sql/dune_ethereum_hourly_gas.sql,literal_path,sql/gas/templates/hourly_conditions.sql,high_path,mapping_driven_then_manual_review,SQL checksum and provenance reconciliation
data/provenance/liquidations/manifest.json,8,data/provenance/liquidations/archive/chunk_18/chunk_18_2022_11_transaction.recovery.state.json,literal_path,data/liquidations/provenance/archive/chunk_18/chunk_18_2022_11_transaction.recovery.state.json,high_path,mapping_driven_then_manual_review,existence; manifest/checksum/path-metadata reconciliation
data/provenance/liquidations/manifest.json,19,data/processed/liquidations/phase1c_liquidation_actions_2021-06-01_2024-06-30.csv,literal_path,data/liquidations/processed/phase1c_liquidation_actions_2021-06-01_2024-06-30.csv,high_path,mapping_driven_then_manual_review,existence; manifest/checksum/path-metadata reconciliation
data/provenance/liquidations/manifest.json,23,data/processed/liquidations/phase1c_liquidation_auctions_2021-06-01_2024-06-30.csv,literal_path,data/liquidations/processed/phase1c_liquidation_auctions_2021-06-01_2024-06-30.csv,high_path,mapping_driven_then_manual_review,existence; manifest/checksum/path-metadata reconciliation
data/provenance/liquidations/manifest.json,27,data/processed/liquidations/phase1c_liquidation_hourly_by_ilk_2021-06-01_2024-06-30.csv,literal_path,data/liquidations/processed/phase1c_liquidation_hourly_by_ilk_2021-06-01_2024-06-30.csv,high_path,mapping_driven_then_manual_review,existence; manifest/checksum/path-metadata reconciliation
data/provenance/liquidations/manifest.json,31,data/processed/liquidations/phase1c_liquidation_transactions_2021-06-01_2024-06-30.csv,literal_path,data/liquidations/processed/phase1c_liquidation_transactions_2021-06-01_2024-06-30.csv,high_path,mapping_driven_then_manual_review,existence; manifest/checksum/path-metadata reconciliation
data/provenance/liquidations/manifest.json,62,data/provenance/liquidations/metadata.json,literal_path,data/liquidations/provenance/metadata.json,high_path,mapping_driven_then_manual_review,existence; manifest/checksum/path-metadata reconciliation
data/provenance/liquidations/manifest.json,64,data/provenance/liquidations/validation.json,literal_path,data/liquidations/provenance/validation.json,high_path,mapping_driven_then_manual_review,existence; manifest/checksum/path-metadata reconciliation
data/provenance/liquidations/manifest.json,73,data/provenance/liquidations/archive/legacy/phase1c_legacy_check_state.json,literal_path,data/liquidations/provenance/archive/legacy/phase1c_legacy_check_state.json,high_path,mapping_driven_then_manual_review,existence; manifest/checksum/path-metadata reconciliation
data/provenance/liquidations/manifest.json,97,data/raw/liquidations/chunks/chunk_01_2021_06/chunk_01_2021_06_action.csv,literal_path,data/liquidations/raw/chunks/chunk_01_2021_06/chunk_01_2021_06_action.csv,high_path,mapping_driven_then_manual_review,existence; manifest/checksum/path-metadata reconciliation
data/provenance/liquidations/manifest.json,106,sql/liquidations/generated/chunk_01_2021_06_action.sql,literal_path,sql/liquidations/generated/history/chunk_01_2021_06_action.sql,high_path,mapping_driven_then_manual_review,SQL checksum and provenance reconciliation
data/provenance/liquidations/manifest.json,113,data/provenance/liquidations/chunks/chunk_01_2021_06/chunk_01_2021_06_action.validation.json,literal_path,data/liquidations/provenance/chunks/chunk_01_2021_06/chunk_01_2021_06_action.validation.json,high_path,mapping_driven_then_manual_review,existence; manifest/checksum/path-metadata reconciliation
data/provenance/liquidations/manifest.json,132,data/raw/liquidations/chunks/chunk_01_2021_06/chunk_01_2021_06_transaction.csv,literal_path,data/liquidations/raw/chunks/chunk_01_2021_06/chunk_01_2021_06_transaction.csv,high_path,mapping_driven_then_manual_review,existence; manifest/checksum/path-metadata reconciliation
data/provenance/liquidations/manifest.json,141,sql/liquidations/generated/chunk_01_2021_06_transaction.sql,literal_path,sql/liquidations/generated/history/chunk_01_2021_06_transaction.sql,high_path,mapping_driven_then_manual_review,SQL checksum and provenance reconciliation
data/provenance/liquidations/manifest.json,146,data/provenance/liquidations/chunks/chunk_01_2021_06/chunk_01_2021_06_transaction.validation.json,literal_path,data/liquidations/provenance/chunks/chunk_01_2021_06/chunk_01_2021_06_transaction.validation.json,high_path,mapping_driven_then_manual_review,existence; manifest/checksum/path-metadata reconciliation
data/provenance/liquidations/manifest.json,165,data/raw/liquidations/chunks/chunk_02_2021_07/chunk_02_2021_07_action.csv,literal_path,data/liquidations/raw/chunks/chunk_02_2021_07/chunk_02_2021_07_action.csv,high_path,mapping_driven_then_manual_review,existence; manifest/checksum/path-metadata reconciliation
data/provenance/liquidations/manifest.json,174,sql/liquidations/generated/chunk_02_2021_07_action.sql,literal_path,sql/liquidations/generated/history/chunk_02_2021_07_action.sql,high_path,mapping_driven_then_manual_review,SQL checksum and provenance reconciliation
data/provenance/liquidations/manifest.json,181,data/provenance/liquidations/chunks/chunk_02_2021_07/chunk_02_2021_07_action.validation.json,literal_path,data/liquidations/provenance/chunks/chunk_02_2021_07/chunk_02_2021_07_action.validation.json,high_path,mapping_driven_then_manual_review,existence; manifest/checksum/path-metadata reconciliation
data/provenance/liquidations/manifest.json,200,data/raw/liquidations/chunks/chunk_02_2021_07/chunk_02_2021_07_transaction.csv,literal_path,data/liquidations/raw/chunks/chunk_02_2021_07/chunk_02_2021_07_transaction.csv,high_path,mapping_driven_then_manual_review,existence; manifest/checksum/path-metadata reconciliation
data/provenance/liquidations/manifest.json,209,sql/liquidations/generated/chunk_02_2021_07_transaction.sql,literal_path,sql/liquidations/generated/history/chunk_02_2021_07_transaction.sql,high_path,mapping_driven_then_manual_review,SQL checksum and provenance reconciliation
data/provenance/liquidations/manifest.json,216,data/provenance/liquidations/chunks/chunk_02_2021_07/chunk_02_2021_07_transaction.validation.json,literal_path,data/liquidations/provenance/chunks/chunk_02_2021_07/chunk_02_2021_07_transaction.validation.json,high_path,mapping_driven_then_manual_review,existence; manifest/checksum/path-metadata reconciliation
data/provenance/liquidations/manifest.json,235,data/raw/liquidations/chunks/chunk_03_2021_08/chunk_03_2021_08_action.csv,literal_path,data/liquidations/raw/chunks/chunk_03_2021_08/chunk_03_2021_08_action.csv,high_path,mapping_driven_then_manual_review,existence; manifest/checksum/path-metadata reconciliation
data/provenance/liquidations/manifest.json,244,sql/liquidations/generated/chunk_03_2021_08_action.sql,literal_path,sql/liquidations/generated/history/chunk_03_2021_08_action.sql,high_path,mapping_driven_then_manual_review,SQL checksum and provenance reconciliation
data/provenance/liquidations/manifest.json,251,data/provenance/liquidations/chunks/chunk_03_2021_08/chunk_03_2021_08_action.validation.json,literal_path,data/liquidations/provenance/chunks/chunk_03_2021_08/chunk_03_2021_08_action.validation.json,high_path,mapping_driven_then_manual_review,existence; manifest/checksum/path-metadata reconciliation
data/provenance/liquidations/manifest.json,270,data/raw/liquidations/chunks/chunk_03_2021_08/chunk_03_2021_08_transaction.csv,literal_path,data/liquidations/raw/chunks/chunk_03_2021_08/chunk_03_2021_08_transaction.csv,high_path,mapping_driven_then_manual_review,existence; manifest/checksum/path-metadata reconciliation
data/provenance/liquidations/manifest.json,279,sql/liquidations/generated/chunk_03_2021_08_transaction.sql,literal_path,sql/liquidations/generated/history/chunk_03_2021_08_transaction.sql,high_path,mapping_driven_then_manual_review,SQL checksum and provenance reconciliation
data/provenance/liquidations/manifest.json,286,data/provenance/liquidations/chunks/chunk_03_2021_08/chunk_03_2021_08_transaction.validation.json,literal_path,data/liquidations/provenance/chunks/chunk_03_2021_08/chunk_03_2021_08_transaction.validation.json,high_path,mapping_driven_then_manual_review,existence; manifest/checksum/path-metadata reconciliation
data/provenance/liquidations/manifest.json,305,data/raw/liquidations/chunks/chunk_04_2021_09/chunk_04_2021_09_action.csv,literal_path,data/liquidations/raw/chunks/chunk_04_2021_09/chunk_04_2021_09_action.csv,high_path,mapping_driven_then_manual_review,existence; manifest/checksum/path-metadata reconciliation
data/provenance/liquidations/manifest.json,314,sql/liquidations/generated/chunk_04_2021_09_action.sql,literal_path,sql/liquidations/generated/history/chunk_04_2021_09_action.sql,high_path,mapping_driven_then_manual_review,SQL checksum and provenance reconciliation
data/provenance/liquidations/manifest.json,321,data/provenance/liquidations/chunks/chunk_04_2021_09/chunk_04_2021_09_action.validation.json,literal_path,data/liquidations/provenance/chunks/chunk_04_2021_09/chunk_04_2021_09_action.validation.json,high_path,mapping_driven_then_manual_review,existence; manifest/checksum/path-metadata reconciliation
data/provenance/liquidations/manifest.json,340,data/raw/liquidations/chunks/chunk_04_2021_09/chunk_04_2021_09_transaction.csv,literal_path,data/liquidations/raw/chunks/chunk_04_2021_09/chunk_04_2021_09_transaction.csv,high_path,mapping_driven_then_manual_review,existence; manifest/checksum/path-metadata reconciliation
data/provenance/liquidations/manifest.json,349,sql/liquidations/generated/chunk_04_2021_09_transaction.sql,literal_path,sql/liquidations/generated/history/chunk_04_2021_09_transaction.sql,high_path,mapping_driven_then_manual_review,SQL checksum and provenance reconciliation
data/provenance/liquidations/manifest.json,356,data/provenance/liquidations/chunks/chunk_04_2021_09/chunk_04_2021_09_transaction.validation.json,literal_path,data/liquidations/provenance/chunks/chunk_04_2021_09/chunk_04_2021_09_transaction.validation.json,high_path,mapping_driven_then_manual_review,existence; manifest/checksum/path-metadata reconciliation
data/provenance/liquidations/manifest.json,375,data/raw/liquidations/chunks/chunk_05_2021_10/chunk_05_2021_10_action.csv,literal_path,data/liquidations/raw/chunks/chunk_05_2021_10/chunk_05_2021_10_action.csv,high_path,mapping_driven_then_manual_review,existence; manifest/checksum/path-metadata reconciliation
data/provenance/liquidations/manifest.json,384,sql/liquidations/generated/chunk_05_2021_10_action.sql,literal_path,sql/liquidations/generated/history/chunk_05_2021_10_action.sql,high_path,mapping_driven_then_manual_review,SQL checksum and provenance reconciliation
data/provenance/liquidations/manifest.json,391,data/provenance/liquidations/chunks/chunk_05_2021_10/chunk_05_2021_10_action.validation.json,literal_path,data/liquidations/provenance/chunks/chunk_05_2021_10/chunk_05_2021_10_action.validation.json,high_path,mapping_driven_then_manual_review,existence; manifest/checksum/path-metadata reconciliation
data/provenance/liquidations/manifest.json,410,data/raw/liquidations/chunks/chunk_05_2021_10/chunk_05_2021_10_transaction.csv,literal_path,data/liquidations/raw/chunks/chunk_05_2021_10/chunk_05_2021_10_transaction.csv,high_path,mapping_driven_then_manual_review,existence; manifest/checksum/path-metadata reconciliation
data/provenance/liquidations/manifest.json,419,sql/liquidations/generated/chunk_05_2021_10_transaction.sql,literal_path,sql/liquidations/generated/history/chunk_05_2021_10_transaction.sql,high_path,mapping_driven_then_manual_review,SQL checksum and provenance reconciliation
data/provenance/liquidations/manifest.json,426,data/provenance/liquidations/chunks/chunk_05_2021_10/chunk_05_2021_10_transaction.validation.json,literal_path,data/liquidations/provenance/chunks/chunk_05_2021_10/chunk_05_2021_10_transaction.validation.json,high_path,mapping_driven_then_manual_review,existence; manifest/checksum/path-metadata reconciliation
data/provenance/liquidations/manifest.json,445,data/raw/liquidations/chunks/chunk_06_2021_11/chunk_06_2021_11_action.csv,literal_path,data/liquidations/raw/chunks/chunk_06_2021_11/chunk_06_2021_11_action.csv,high_path,mapping_driven_then_manual_review,existence; manifest/checksum/path-metadata reconciliation
data/provenance/liquidations/manifest.json,454,sql/liquidations/generated/chunk_06_2021_11_action.sql,literal_path,sql/liquidations/generated/history/chunk_06_2021_11_action.sql,high_path,mapping_driven_then_manual_review,SQL checksum and provenance reconciliation
data/provenance/liquidations/manifest.json,461,data/provenance/liquidations/chunks/chunk_06_2021_11/chunk_06_2021_11_action.validation.json,literal_path,data/liquidations/provenance/chunks/chunk_06_2021_11/chunk_06_2021_11_action.validation.json,high_path,mapping_driven_then_manual_review,existence; manifest/checksum/path-metadata reconciliation
data/provenance/liquidations/manifest.json,480,data/raw/liquidations/chunks/chunk_06_2021_11/chunk_06_2021_11_transaction.csv,literal_path,data/liquidations/raw/chunks/chunk_06_2021_11/chunk_06_2021_11_transaction.csv,high_path,mapping_driven_then_manual_review,existence; manifest/checksum/path-metadata reconciliation
data/provenance/liquidations/manifest.json,489,sql/liquidations/generated/chunk_06_2021_11_transaction.sql,literal_path,sql/liquidations/generated/history/chunk_06_2021_11_transaction.sql,high_path,mapping_driven_then_manual_review,SQL checksum and provenance reconciliation
data/provenance/liquidations/manifest.json,496,data/provenance/liquidations/chunks/chunk_06_2021_11/chunk_06_2021_11_transaction.validation.json,literal_path,data/liquidations/provenance/chunks/chunk_06_2021_11/chunk_06_2021_11_transaction.validation.json,high_path,mapping_driven_then_manual_review,existence; manifest/checksum/path-metadata reconciliation
data/provenance/liquidations/manifest.json,515,data/raw/liquidations/chunks/chunk_07_2021_12/chunk_07_2021_12_action.csv,literal_path,data/liquidations/raw/chunks/chunk_07_2021_12/chunk_07_2021_12_action.csv,high_path,mapping_driven_then_manual_review,existence; manifest/checksum/path-metadata reconciliation
data/provenance/liquidations/manifest.json,524,sql/liquidations/generated/chunk_07_2021_12_action.sql,literal_path,sql/liquidations/generated/history/chunk_07_2021_12_action.sql,high_path,mapping_driven_then_manual_review,SQL checksum and provenance reconciliation
data/provenance/liquidations/manifest.json,531,data/provenance/liquidations/chunks/chunk_07_2021_12/chunk_07_2021_12_action.validation.json,literal_path,data/liquidations/provenance/chunks/chunk_07_2021_12/chunk_07_2021_12_action.validation.json,high_path,mapping_driven_then_manual_review,existence; manifest/checksum/path-metadata reconciliation
data/provenance/liquidations/manifest.json,550,data/raw/liquidations/chunks/chunk_07_2021_12/chunk_07_2021_12_transaction.csv,literal_path,data/liquidations/raw/chunks/chunk_07_2021_12/chunk_07_2021_12_transaction.csv,high_path,mapping_driven_then_manual_review,existence; manifest/checksum/path-metadata reconciliation
data/provenance/liquidations/manifest.json,559,sql/liquidations/generated/chunk_07_2021_12_transaction.sql,literal_path,sql/liquidations/generated/history/chunk_07_2021_12_transaction.sql,high_path,mapping_driven_then_manual_review,SQL checksum and provenance reconciliation
data/provenance/liquidations/manifest.json,566,data/provenance/liquidations/chunks/chunk_07_2021_12/chunk_07_2021_12_transaction.validation.json,literal_path,data/liquidations/provenance/chunks/chunk_07_2021_12/chunk_07_2021_12_transaction.validation.json,high_path,mapping_driven_then_manual_review,existence; manifest/checksum/path-metadata reconciliation
data/provenance/liquidations/manifest.json,585,data/raw/liquidations/chunks/chunk_08_2022_01/chunk_08_2022_01_action.csv,literal_path,data/liquidations/raw/chunks/chunk_08_2022_01/chunk_08_2022_01_action.csv,high_path,mapping_driven_then_manual_review,existence; manifest/checksum/path-metadata reconciliation
data/provenance/liquidations/manifest.json,594,sql/liquidations/generated/chunk_08_2022_01_action.sql,literal_path,sql/liquidations/generated/history/chunk_08_2022_01_action.sql,high_path,mapping_driven_then_manual_review,SQL checksum and provenance reconciliation
data/provenance/liquidations/manifest.json,601,data/provenance/liquidations/chunks/chunk_08_2022_01/chunk_08_2022_01_action.validation.json,literal_path,data/liquidations/provenance/chunks/chunk_08_2022_01/chunk_08_2022_01_action.validation.json,high_path,mapping_driven_then_manual_review,existence; manifest/checksum/path-metadata reconciliation
data/provenance/liquidations/manifest.json,620,data/raw/liquidations/chunks/chunk_08_2022_01/chunk_08_2022_01_transaction.csv,literal_path,data/liquidations/raw/chunks/chunk_08_2022_01/chunk_08_2022_01_transaction.csv,high_path,mapping_driven_then_manual_review,existence; manifest/checksum/path-metadata reconciliation
data/provenance/liquidations/manifest.json,629,sql/liquidations/generated/chunk_08_2022_01_transaction.sql,literal_path,sql/liquidations/generated/history/chunk_08_2022_01_transaction.sql,high_path,mapping_driven_then_manual_review,SQL checksum and provenance reconciliation
data/provenance/liquidations/manifest.json,636,data/provenance/liquidations/chunks/chunk_08_2022_01/chunk_08_2022_01_transaction.validation.json,literal_path,data/liquidations/provenance/chunks/chunk_08_2022_01/chunk_08_2022_01_transaction.validation.json,high_path,mapping_driven_then_manual_review,existence; manifest/checksum/path-metadata reconciliation
data/provenance/liquidations/manifest.json,655,data/raw/liquidations/chunks/chunk_09_2022_02/chunk_09_2022_02_action.csv,literal_path,data/liquidations/raw/chunks/chunk_09_2022_02/chunk_09_2022_02_action.csv,high_path,mapping_driven_then_manual_review,existence; manifest/checksum/path-metadata reconciliation
data/provenance/liquidations/manifest.json,664,sql/liquidations/generated/chunk_09_2022_02_action.sql,literal_path,sql/liquidations/generated/history/chunk_09_2022_02_action.sql,high_path,mapping_driven_then_manual_review,SQL checksum and provenance reconciliation
data/provenance/liquidations/manifest.json,671,data/provenance/liquidations/chunks/chunk_09_2022_02/chunk_09_2022_02_action.validation.json,literal_path,data/liquidations/provenance/chunks/chunk_09_2022_02/chunk_09_2022_02_action.validation.json,high_path,mapping_driven_then_manual_review,existence; manifest/checksum/path-metadata reconciliation
data/provenance/liquidations/manifest.json,690,data/raw/liquidations/chunks/chunk_09_2022_02/chunk_09_2022_02_transaction.csv,literal_path,data/liquidations/raw/chunks/chunk_09_2022_02/chunk_09_2022_02_transaction.csv,high_path,mapping_driven_then_manual_review,existence; manifest/checksum/path-metadata reconciliation
data/provenance/liquidations/manifest.json,699,sql/liquidations/generated/chunk_09_2022_02_transaction.sql,literal_path,sql/liquidations/generated/history/chunk_09_2022_02_transaction.sql,high_path,mapping_driven_then_manual_review,SQL checksum and provenance reconciliation
data/provenance/liquidations/manifest.json,706,data/provenance/liquidations/chunks/chunk_09_2022_02/chunk_09_2022_02_transaction.validation.json,literal_path,data/liquidations/provenance/chunks/chunk_09_2022_02/chunk_09_2022_02_transaction.validation.json,high_path,mapping_driven_then_manual_review,existence; manifest/checksum/path-metadata reconciliation
data/provenance/liquidations/manifest.json,725,data/raw/liquidations/chunks/chunk_10_2022_03/chunk_10_2022_03_action.csv,literal_path,data/liquidations/raw/chunks/chunk_10_2022_03/chunk_10_2022_03_action.csv,high_path,mapping_driven_then_manual_review,existence; manifest/checksum/path-metadata reconciliation
data/provenance/liquidations/manifest.json,734,sql/liquidations/generated/chunk_10_2022_03_action.sql,literal_path,sql/liquidations/generated/history/chunk_10_2022_03_action.sql,high_path,mapping_driven_then_manual_review,SQL checksum and provenance reconciliation
data/provenance/liquidations/manifest.json,741,data/provenance/liquidations/chunks/chunk_10_2022_03/chunk_10_2022_03_action.validation.json,literal_path,data/liquidations/provenance/chunks/chunk_10_2022_03/chunk_10_2022_03_action.validation.json,high_path,mapping_driven_then_manual_review,existence; manifest/checksum/path-metadata reconciliation
data/provenance/liquidations/manifest.json,760,data/raw/liquidations/chunks/chunk_10_2022_03/chunk_10_2022_03_transaction.csv,literal_path,data/liquidations/raw/chunks/chunk_10_2022_03/chunk_10_2022_03_transaction.csv,high_path,mapping_driven_then_manual_review,existence; manifest/checksum/path-metadata reconciliation
data/provenance/liquidations/manifest.json,769,sql/liquidations/generated/chunk_10_2022_03_transaction.sql,literal_path,sql/liquidations/generated/history/chunk_10_2022_03_transaction.sql,high_path,mapping_driven_then_manual_review,SQL checksum and provenance reconciliation
data/provenance/liquidations/manifest.json,776,data/provenance/liquidations/chunks/chunk_10_2022_03/chunk_10_2022_03_transaction.validation.json,literal_path,data/liquidations/provenance/chunks/chunk_10_2022_03/chunk_10_2022_03_transaction.validation.json,high_path,mapping_driven_then_manual_review,existence; manifest/checksum/path-metadata reconciliation
data/provenance/liquidations/manifest.json,795,data/raw/liquidations/chunks/chunk_11_2022_04/chunk_11_2022_04_action.csv,literal_path,data/liquidations/raw/chunks/chunk_11_2022_04/chunk_11_2022_04_action.csv,high_path,mapping_driven_then_manual_review,existence; manifest/checksum/path-metadata reconciliation
data/provenance/liquidations/manifest.json,804,sql/liquidations/generated/chunk_11_2022_04_action.sql,literal_path,sql/liquidations/generated/history/chunk_11_2022_04_action.sql,high_path,mapping_driven_then_manual_review,SQL checksum and provenance reconciliation
data/provenance/liquidations/manifest.json,811,data/provenance/liquidations/chunks/chunk_11_2022_04/chunk_11_2022_04_action.validation.json,literal_path,data/liquidations/provenance/chunks/chunk_11_2022_04/chunk_11_2022_04_action.validation.json,high_path,mapping_driven_then_manual_review,existence; manifest/checksum/path-metadata reconciliation
data/provenance/liquidations/manifest.json,830,data/raw/liquidations/chunks/chunk_11_2022_04/chunk_11_2022_04_transaction.csv,literal_path,data/liquidations/raw/chunks/chunk_11_2022_04/chunk_11_2022_04_transaction.csv,high_path,mapping_driven_then_manual_review,existence; manifest/checksum/path-metadata reconciliation
data/provenance/liquidations/manifest.json,839,sql/liquidations/generated/chunk_11_2022_04_transaction.sql,literal_path,sql/liquidations/generated/history/chunk_11_2022_04_transaction.sql,high_path,mapping_driven_then_manual_review,SQL checksum and provenance reconciliation
data/provenance/liquidations/manifest.json,846,data/provenance/liquidations/chunks/chunk_11_2022_04/chunk_11_2022_04_transaction.validation.json,literal_path,data/liquidations/provenance/chunks/chunk_11_2022_04/chunk_11_2022_04_transaction.validation.json,high_path,mapping_driven_then_manual_review,existence; manifest/checksum/path-metadata reconciliation
data/provenance/liquidations/manifest.json,865,data/raw/liquidations/chunks/chunk_12_2022_05/chunk_12_2022_05_action.csv,literal_path,data/liquidations/raw/chunks/chunk_12_2022_05/chunk_12_2022_05_action.csv,high_path,mapping_driven_then_manual_review,existence; manifest/checksum/path-metadata reconciliation
data/provenance/liquidations/manifest.json,874,sql/liquidations/generated/chunk_12_2022_05_action.sql,literal_path,sql/liquidations/generated/history/chunk_12_2022_05_action.sql,high_path,mapping_driven_then_manual_review,SQL checksum and provenance reconciliation
data/provenance/liquidations/manifest.json,881,data/provenance/liquidations/chunks/chunk_12_2022_05/chunk_12_2022_05_action.validation.json,literal_path,data/liquidations/provenance/chunks/chunk_12_2022_05/chunk_12_2022_05_action.validation.json,high_path,mapping_driven_then_manual_review,existence; manifest/checksum/path-metadata reconciliation
data/provenance/liquidations/manifest.json,900,data/raw/liquidations/chunks/chunk_12_2022_05/chunk_12_2022_05_transaction.csv,literal_path,data/liquidations/raw/chunks/chunk_12_2022_05/chunk_12_2022_05_transaction.csv,high_path,mapping_driven_then_manual_review,existence; manifest/checksum/path-metadata reconciliation
data/provenance/liquidations/manifest.json,909,sql/liquidations/generated/chunk_12_2022_05_transaction.sql,literal_path,sql/liquidations/generated/history/chunk_12_2022_05_transaction.sql,high_path,mapping_driven_then_manual_review,SQL checksum and provenance reconciliation
data/provenance/liquidations/manifest.json,916,data/provenance/liquidations/chunks/chunk_12_2022_05/chunk_12_2022_05_transaction.validation.json,literal_path,data/liquidations/provenance/chunks/chunk_12_2022_05/chunk_12_2022_05_transaction.validation.json,high_path,mapping_driven_then_manual_review,existence; manifest/checksum/path-metadata reconciliation
data/provenance/liquidations/manifest.json,935,data/raw/liquidations/chunks/chunk_13_2022_06/chunk_13_2022_06_action.csv,literal_path,data/liquidations/raw/chunks/chunk_13_2022_06/chunk_13_2022_06_action.csv,high_path,mapping_driven_then_manual_review,existence; manifest/checksum/path-metadata reconciliation
data/provenance/liquidations/manifest.json,944,sql/liquidations/generated/chunk_13_2022_06_action.sql,literal_path,sql/liquidations/generated/history/chunk_13_2022_06_action.sql,high_path,mapping_driven_then_manual_review,SQL checksum and provenance reconciliation
data/provenance/liquidations/manifest.json,951,data/provenance/liquidations/chunks/chunk_13_2022_06/chunk_13_2022_06_action.validation.json,literal_path,data/liquidations/provenance/chunks/chunk_13_2022_06/chunk_13_2022_06_action.validation.json,high_path,mapping_driven_then_manual_review,existence; manifest/checksum/path-metadata reconciliation
data/provenance/liquidations/manifest.json,970,data/raw/liquidations/chunks/chunk_13_2022_06/chunk_13_2022_06_transaction.csv,literal_path,data/liquidations/raw/chunks/chunk_13_2022_06/chunk_13_2022_06_transaction.csv,high_path,mapping_driven_then_manual_review,existence; manifest/checksum/path-metadata reconciliation
data/provenance/liquidations/manifest.json,979,sql/liquidations/generated/chunk_13_2022_06_transaction.sql,literal_path,sql/liquidations/generated/history/chunk_13_2022_06_transaction.sql,high_path,mapping_driven_then_manual_review,SQL checksum and provenance reconciliation
data/provenance/liquidations/manifest.json,986,data/provenance/liquidations/chunks/chunk_13_2022_06/chunk_13_2022_06_transaction.validation.json,literal_path,data/liquidations/provenance/chunks/chunk_13_2022_06/chunk_13_2022_06_transaction.validation.json,high_path,mapping_driven_then_manual_review,existence; manifest/checksum/path-metadata reconciliation
data/provenance/liquidations/manifest.json,1005,data/raw/liquidations/chunks/chunk_14_2022_07/chunk_14_2022_07_action.csv,literal_path,data/liquidations/raw/chunks/chunk_14_2022_07/chunk_14_2022_07_action.csv,high_path,mapping_driven_then_manual_review,existence; manifest/checksum/path-metadata reconciliation
data/provenance/liquidations/manifest.json,1014,sql/liquidations/generated/chunk_14_2022_07_action.sql,literal_path,sql/liquidations/generated/history/chunk_14_2022_07_action.sql,high_path,mapping_driven_then_manual_review,SQL checksum and provenance reconciliation
data/provenance/liquidations/manifest.json,1021,data/provenance/liquidations/chunks/chunk_14_2022_07/chunk_14_2022_07_action.validation.json,literal_path,data/liquidations/provenance/chunks/chunk_14_2022_07/chunk_14_2022_07_action.validation.json,high_path,mapping_driven_then_manual_review,existence; manifest/checksum/path-metadata reconciliation
data/provenance/liquidations/manifest.json,1040,data/raw/liquidations/chunks/chunk_14_2022_07/chunk_14_2022_07_transaction.csv,literal_path,data/liquidations/raw/chunks/chunk_14_2022_07/chunk_14_2022_07_transaction.csv,high_path,mapping_driven_then_manual_review,existence; manifest/checksum/path-metadata reconciliation
data/provenance/liquidations/manifest.json,1049,sql/liquidations/generated/chunk_14_2022_07_transaction.sql,literal_path,sql/liquidations/generated/history/chunk_14_2022_07_transaction.sql,high_path,mapping_driven_then_manual_review,SQL checksum and provenance reconciliation
data/provenance/liquidations/manifest.json,1056,data/provenance/liquidations/chunks/chunk_14_2022_07/chunk_14_2022_07_transaction.validation.json,literal_path,data/liquidations/provenance/chunks/chunk_14_2022_07/chunk_14_2022_07_transaction.validation.json,high_path,mapping_driven_then_manual_review,existence; manifest/checksum/path-metadata reconciliation
data/provenance/liquidations/manifest.json,1075,data/raw/liquidations/chunks/chunk_15_2022_08/chunk_15_2022_08_action.csv,literal_path,data/liquidations/raw/chunks/chunk_15_2022_08/chunk_15_2022_08_action.csv,high_path,mapping_driven_then_manual_review,existence; manifest/checksum/path-metadata reconciliation
data/provenance/liquidations/manifest.json,1084,sql/liquidations/generated/chunk_15_2022_08_action.sql,literal_path,sql/liquidations/generated/history/chunk_15_2022_08_action.sql,high_path,mapping_driven_then_manual_review,SQL checksum and provenance reconciliation
data/provenance/liquidations/manifest.json,1091,data/provenance/liquidations/chunks/chunk_15_2022_08/chunk_15_2022_08_action.validation.json,literal_path,data/liquidations/provenance/chunks/chunk_15_2022_08/chunk_15_2022_08_action.validation.json,high_path,mapping_driven_then_manual_review,existence; manifest/checksum/path-metadata reconciliation
data/provenance/liquidations/manifest.json,1110,data/raw/liquidations/chunks/chunk_15_2022_08/chunk_15_2022_08_transaction.csv,literal_path,data/liquidations/raw/chunks/chunk_15_2022_08/chunk_15_2022_08_transaction.csv,high_path,mapping_driven_then_manual_review,existence; manifest/checksum/path-metadata reconciliation
data/provenance/liquidations/manifest.json,1119,sql/liquidations/generated/chunk_15_2022_08_transaction.sql,literal_path,sql/liquidations/generated/history/chunk_15_2022_08_transaction.sql,high_path,mapping_driven_then_manual_review,SQL checksum and provenance reconciliation
data/provenance/liquidations/manifest.json,1126,data/provenance/liquidations/chunks/chunk_15_2022_08/chunk_15_2022_08_transaction.validation.json,literal_path,data/liquidations/provenance/chunks/chunk_15_2022_08/chunk_15_2022_08_transaction.validation.json,high_path,mapping_driven_then_manual_review,existence; manifest/checksum/path-metadata reconciliation
data/provenance/liquidations/manifest.json,1145,data/raw/liquidations/chunks/chunk_16_2022_09/chunk_16_2022_09_action.csv,literal_path,data/liquidations/raw/chunks/chunk_16_2022_09/chunk_16_2022_09_action.csv,high_path,mapping_driven_then_manual_review,existence; manifest/checksum/path-metadata reconciliation
data/provenance/liquidations/manifest.json,1154,sql/liquidations/generated/chunk_16_2022_09_action.sql,literal_path,sql/liquidations/generated/history/chunk_16_2022_09_action.sql,high_path,mapping_driven_then_manual_review,SQL checksum and provenance reconciliation
data/provenance/liquidations/manifest.json,1161,data/provenance/liquidations/chunks/chunk_16_2022_09/chunk_16_2022_09_action.validation.json,literal_path,data/liquidations/provenance/chunks/chunk_16_2022_09/chunk_16_2022_09_action.validation.json,high_path,mapping_driven_then_manual_review,existence; manifest/checksum/path-metadata reconciliation
data/provenance/liquidations/manifest.json,1180,data/raw/liquidations/chunks/chunk_16_2022_09/chunk_16_2022_09_transaction.csv,literal_path,data/liquidations/raw/chunks/chunk_16_2022_09/chunk_16_2022_09_transaction.csv,high_path,mapping_driven_then_manual_review,existence; manifest/checksum/path-metadata reconciliation
data/provenance/liquidations/manifest.json,1189,sql/liquidations/generated/chunk_16_2022_09_transaction.sql,literal_path,sql/liquidations/generated/history/chunk_16_2022_09_transaction.sql,high_path,mapping_driven_then_manual_review,SQL checksum and provenance reconciliation
data/provenance/liquidations/manifest.json,1196,data/provenance/liquidations/chunks/chunk_16_2022_09/chunk_16_2022_09_transaction.validation.json,literal_path,data/liquidations/provenance/chunks/chunk_16_2022_09/chunk_16_2022_09_transaction.validation.json,high_path,mapping_driven_then_manual_review,existence; manifest/checksum/path-metadata reconciliation
data/provenance/liquidations/manifest.json,1215,data/raw/liquidations/chunks/chunk_17_2022_10/chunk_17_2022_10_action.csv,literal_path,data/liquidations/raw/chunks/chunk_17_2022_10/chunk_17_2022_10_action.csv,high_path,mapping_driven_then_manual_review,existence; manifest/checksum/path-metadata reconciliation
data/provenance/liquidations/manifest.json,1224,sql/liquidations/generated/chunk_17_2022_10_action.sql,literal_path,sql/liquidations/generated/history/chunk_17_2022_10_action.sql,high_path,mapping_driven_then_manual_review,SQL checksum and provenance reconciliation
data/provenance/liquidations/manifest.json,1231,data/provenance/liquidations/chunks/chunk_17_2022_10/chunk_17_2022_10_action.validation.json,literal_path,data/liquidations/provenance/chunks/chunk_17_2022_10/chunk_17_2022_10_action.validation.json,high_path,mapping_driven_then_manual_review,existence; manifest/checksum/path-metadata reconciliation
data/provenance/liquidations/manifest.json,1250,data/raw/liquidations/chunks/chunk_17_2022_10/chunk_17_2022_10_transaction.csv,literal_path,data/liquidations/raw/chunks/chunk_17_2022_10/chunk_17_2022_10_transaction.csv,high_path,mapping_driven_then_manual_review,existence; manifest/checksum/path-metadata reconciliation
data/provenance/liquidations/manifest.json,1259,sql/liquidations/generated/chunk_17_2022_10_transaction.sql,literal_path,sql/liquidations/generated/history/chunk_17_2022_10_transaction.sql,high_path,mapping_driven_then_manual_review,SQL checksum and provenance reconciliation
data/provenance/liquidations/manifest.json,1266,data/provenance/liquidations/chunks/chunk_17_2022_10/chunk_17_2022_10_transaction.validation.json,literal_path,data/liquidations/provenance/chunks/chunk_17_2022_10/chunk_17_2022_10_transaction.validation.json,high_path,mapping_driven_then_manual_review,existence; manifest/checksum/path-metadata reconciliation
data/provenance/liquidations/manifest.json,1285,data/raw/liquidations/chunks/chunk_18_2022_11/chunk_18_2022_11_action.csv,literal_path,data/liquidations/raw/chunks/chunk_18_2022_11/chunk_18_2022_11_action.csv,high_path,mapping_driven_then_manual_review,existence; manifest/checksum/path-metadata reconciliation
data/provenance/liquidations/manifest.json,1294,sql/liquidations/generated/chunk_18_2022_11_action.sql,literal_path,sql/liquidations/generated/history/chunk_18_2022_11_action.sql,high_path,mapping_driven_then_manual_review,SQL checksum and provenance reconciliation
data/provenance/liquidations/manifest.json,1300,data/provenance/liquidations/chunks/chunk_18_2022_11/chunk_18_2022_11_action.validation.json,literal_path,data/liquidations/provenance/chunks/chunk_18_2022_11/chunk_18_2022_11_action.validation.json,high_path,mapping_driven_then_manual_review,existence; manifest/checksum/path-metadata reconciliation
data/provenance/liquidations/manifest.json,1315,data/provenance/liquidations/archive/chunk_18/.chunk_18_2022_11_transaction.mcp_ingress.json,literal_path,data/liquidations/provenance/archive/chunk_18/.chunk_18_2022_11_transaction.mcp_ingress.json,high_path,mapping_driven_then_manual_review,existence; manifest/checksum/path-metadata reconciliation
data/provenance/liquidations/manifest.json,1328,data/raw/liquidations/chunks/chunk_18_2022_11/chunk_18_2022_11_transaction.csv,literal_path,data/liquidations/raw/chunks/chunk_18_2022_11/chunk_18_2022_11_transaction.csv,high_path,mapping_driven_then_manual_review,existence; manifest/checksum/path-metadata reconciliation
data/provenance/liquidations/manifest.json,1341,data/provenance/liquidations/archive/chunk_18/chunk_18_2022_11_transaction.replacement.state.json,literal_path,data/liquidations/provenance/archive/chunk_18/chunk_18_2022_11_transaction.replacement.state.json,high_path,mapping_driven_then_manual_review,existence; manifest/checksum/path-metadata reconciliation
data/provenance/liquidations/manifest.json,1347,sql/liquidations/generated/chunk_18_2022_11_transaction.sql,literal_path,sql/liquidations/generated/history/chunk_18_2022_11_transaction.sql,high_path,mapping_driven_then_manual_review,SQL checksum and provenance reconciliation
data/provenance/liquidations/manifest.json,1356,data/provenance/liquidations/chunks/chunk_18_2022_11/chunk_18_2022_11_transaction.validation.json,literal_path,data/liquidations/provenance/chunks/chunk_18_2022_11/chunk_18_2022_11_transaction.validation.json,high_path,mapping_driven_then_manual_review,existence; manifest/checksum/path-metadata reconciliation
data/provenance/liquidations/manifest.json,1375,data/raw/liquidations/chunks/chunk_19_2022_12/chunk_19_2022_12_action.csv,literal_path,data/liquidations/raw/chunks/chunk_19_2022_12/chunk_19_2022_12_action.csv,high_path,mapping_driven_then_manual_review,existence; manifest/checksum/path-metadata reconciliation
data/provenance/liquidations/manifest.json,1384,sql/liquidations/generated/chunk_19_2022_12_action.sql,literal_path,sql/liquidations/generated/history/chunk_19_2022_12_action.sql,high_path,mapping_driven_then_manual_review,SQL checksum and provenance reconciliation
data/provenance/liquidations/manifest.json,1391,data/provenance/liquidations/chunks/chunk_19_2022_12/chunk_19_2022_12_action.validation.json,literal_path,data/liquidations/provenance/chunks/chunk_19_2022_12/chunk_19_2022_12_action.validation.json,high_path,mapping_driven_then_manual_review,existence; manifest/checksum/path-metadata reconciliation
data/provenance/liquidations/manifest.json,1410,data/raw/liquidations/chunks/chunk_19_2022_12/chunk_19_2022_12_transaction.csv,literal_path,data/liquidations/raw/chunks/chunk_19_2022_12/chunk_19_2022_12_transaction.csv,high_path,mapping_driven_then_manual_review,existence; manifest/checksum/path-metadata reconciliation
data/provenance/liquidations/manifest.json,1419,sql/liquidations/generated/chunk_19_2022_12_transaction.sql,literal_path,sql/liquidations/generated/history/chunk_19_2022_12_transaction.sql,high_path,mapping_driven_then_manual_review,SQL checksum and provenance reconciliation
data/provenance/liquidations/manifest.json,1426,data/provenance/liquidations/chunks/chunk_19_2022_12/chunk_19_2022_12_transaction.validation.json,literal_path,data/liquidations/provenance/chunks/chunk_19_2022_12/chunk_19_2022_12_transaction.validation.json,high_path,mapping_driven_then_manual_review,existence; manifest/checksum/path-metadata reconciliation
data/provenance/liquidations/manifest.json,1445,data/raw/liquidations/chunks/chunk_20_2023_01/chunk_20_2023_01_action.csv,literal_path,data/liquidations/raw/chunks/chunk_20_2023_01/chunk_20_2023_01_action.csv,high_path,mapping_driven_then_manual_review,existence; manifest/checksum/path-metadata reconciliation
data/provenance/liquidations/manifest.json,1454,sql/liquidations/generated/chunk_20_2023_01_action.sql,literal_path,sql/liquidations/generated/history/chunk_20_2023_01_action.sql,high_path,mapping_driven_then_manual_review,SQL checksum and provenance reconciliation
data/provenance/liquidations/manifest.json,1461,data/provenance/liquidations/chunks/chunk_20_2023_01/chunk_20_2023_01_action.validation.json,literal_path,data/liquidations/provenance/chunks/chunk_20_2023_01/chunk_20_2023_01_action.validation.json,high_path,mapping_driven_then_manual_review,existence; manifest/checksum/path-metadata reconciliation
data/provenance/liquidations/manifest.json,1480,data/raw/liquidations/chunks/chunk_20_2023_01/chunk_20_2023_01_transaction.csv,literal_path,data/liquidations/raw/chunks/chunk_20_2023_01/chunk_20_2023_01_transaction.csv,high_path,mapping_driven_then_manual_review,existence; manifest/checksum/path-metadata reconciliation
data/provenance/liquidations/manifest.json,1489,sql/liquidations/generated/chunk_20_2023_01_transaction.sql,literal_path,sql/liquidations/generated/history/chunk_20_2023_01_transaction.sql,high_path,mapping_driven_then_manual_review,SQL checksum and provenance reconciliation
data/provenance/liquidations/manifest.json,1496,data/provenance/liquidations/chunks/chunk_20_2023_01/chunk_20_2023_01_transaction.validation.json,literal_path,data/liquidations/provenance/chunks/chunk_20_2023_01/chunk_20_2023_01_transaction.validation.json,high_path,mapping_driven_then_manual_review,existence; manifest/checksum/path-metadata reconciliation
data/provenance/liquidations/manifest.json,1515,data/raw/liquidations/chunks/chunk_21_2023_02/chunk_21_2023_02_action.csv,literal_path,data/liquidations/raw/chunks/chunk_21_2023_02/chunk_21_2023_02_action.csv,high_path,mapping_driven_then_manual_review,existence; manifest/checksum/path-metadata reconciliation
data/provenance/liquidations/manifest.json,1524,sql/liquidations/generated/chunk_21_2023_02_action.sql,literal_path,sql/liquidations/generated/history/chunk_21_2023_02_action.sql,high_path,mapping_driven_then_manual_review,SQL checksum and provenance reconciliation
data/provenance/liquidations/manifest.json,1531,data/provenance/liquidations/chunks/chunk_21_2023_02/chunk_21_2023_02_action.validation.json,literal_path,data/liquidations/provenance/chunks/chunk_21_2023_02/chunk_21_2023_02_action.validation.json,high_path,mapping_driven_then_manual_review,existence; manifest/checksum/path-metadata reconciliation
data/provenance/liquidations/manifest.json,1550,data/raw/liquidations/chunks/chunk_21_2023_02/chunk_21_2023_02_transaction.csv,literal_path,data/liquidations/raw/chunks/chunk_21_2023_02/chunk_21_2023_02_transaction.csv,high_path,mapping_driven_then_manual_review,existence; manifest/checksum/path-metadata reconciliation
data/provenance/liquidations/manifest.json,1559,sql/liquidations/generated/chunk_21_2023_02_transaction.sql,literal_path,sql/liquidations/generated/history/chunk_21_2023_02_transaction.sql,high_path,mapping_driven_then_manual_review,SQL checksum and provenance reconciliation
data/provenance/liquidations/manifest.json,1566,data/provenance/liquidations/chunks/chunk_21_2023_02/chunk_21_2023_02_transaction.validation.json,literal_path,data/liquidations/provenance/chunks/chunk_21_2023_02/chunk_21_2023_02_transaction.validation.json,high_path,mapping_driven_then_manual_review,existence; manifest/checksum/path-metadata reconciliation
data/provenance/liquidations/manifest.json,1585,data/raw/liquidations/chunks/chunk_22_2023_03/chunk_22_2023_03_action.csv,literal_path,data/liquidations/raw/chunks/chunk_22_2023_03/chunk_22_2023_03_action.csv,high_path,mapping_driven_then_manual_review,existence; manifest/checksum/path-metadata reconciliation
data/provenance/liquidations/manifest.json,1594,sql/liquidations/generated/chunk_22_2023_03_action.sql,literal_path,sql/liquidations/generated/history/chunk_22_2023_03_action.sql,high_path,mapping_driven_then_manual_review,SQL checksum and provenance reconciliation
data/provenance/liquidations/manifest.json,1601,data/provenance/liquidations/chunks/chunk_22_2023_03/chunk_22_2023_03_action.validation.json,literal_path,data/liquidations/provenance/chunks/chunk_22_2023_03/chunk_22_2023_03_action.validation.json,high_path,mapping_driven_then_manual_review,existence; manifest/checksum/path-metadata reconciliation
data/provenance/liquidations/manifest.json,1620,data/raw/liquidations/chunks/chunk_22_2023_03/chunk_22_2023_03_transaction.csv,literal_path,data/liquidations/raw/chunks/chunk_22_2023_03/chunk_22_2023_03_transaction.csv,high_path,mapping_driven_then_manual_review,existence; manifest/checksum/path-metadata reconciliation
data/provenance/liquidations/manifest.json,1629,sql/liquidations/generated/chunk_22_2023_03_transaction.sql,literal_path,sql/liquidations/generated/history/chunk_22_2023_03_transaction.sql,high_path,mapping_driven_then_manual_review,SQL checksum and provenance reconciliation
data/provenance/liquidations/manifest.json,1636,data/provenance/liquidations/chunks/chunk_22_2023_03/chunk_22_2023_03_transaction.validation.json,literal_path,data/liquidations/provenance/chunks/chunk_22_2023_03/chunk_22_2023_03_transaction.validation.json,high_path,mapping_driven_then_manual_review,existence; manifest/checksum/path-metadata reconciliation
data/provenance/liquidations/manifest.json,1655,data/raw/liquidations/chunks/chunk_23_2023_04/chunk_23_2023_04_action.csv,literal_path,data/liquidations/raw/chunks/chunk_23_2023_04/chunk_23_2023_04_action.csv,high_path,mapping_driven_then_manual_review,existence; manifest/checksum/path-metadata reconciliation
data/provenance/liquidations/manifest.json,1664,sql/liquidations/generated/chunk_23_2023_04_action.sql,literal_path,sql/liquidations/generated/history/chunk_23_2023_04_action.sql,high_path,mapping_driven_then_manual_review,SQL checksum and provenance reconciliation
data/provenance/liquidations/manifest.json,1671,data/provenance/liquidations/chunks/chunk_23_2023_04/chunk_23_2023_04_action.validation.json,literal_path,data/liquidations/provenance/chunks/chunk_23_2023_04/chunk_23_2023_04_action.validation.json,high_path,mapping_driven_then_manual_review,existence; manifest/checksum/path-metadata reconciliation
data/provenance/liquidations/manifest.json,1690,data/raw/liquidations/chunks/chunk_23_2023_04/chunk_23_2023_04_transaction.csv,literal_path,data/liquidations/raw/chunks/chunk_23_2023_04/chunk_23_2023_04_transaction.csv,high_path,mapping_driven_then_manual_review,existence; manifest/checksum/path-metadata reconciliation
data/provenance/liquidations/manifest.json,1699,sql/liquidations/generated/chunk_23_2023_04_transaction.sql,literal_path,sql/liquidations/generated/history/chunk_23_2023_04_transaction.sql,high_path,mapping_driven_then_manual_review,SQL checksum and provenance reconciliation
data/provenance/liquidations/manifest.json,1706,data/provenance/liquidations/chunks/chunk_23_2023_04/chunk_23_2023_04_transaction.validation.json,literal_path,data/liquidations/provenance/chunks/chunk_23_2023_04/chunk_23_2023_04_transaction.validation.json,high_path,mapping_driven_then_manual_review,existence; manifest/checksum/path-metadata reconciliation
data/provenance/liquidations/manifest.json,1725,data/raw/liquidations/chunks/chunk_24_2023_05/chunk_24_2023_05_action.csv,literal_path,data/liquidations/raw/chunks/chunk_24_2023_05/chunk_24_2023_05_action.csv,high_path,mapping_driven_then_manual_review,existence; manifest/checksum/path-metadata reconciliation
data/provenance/liquidations/manifest.json,1734,sql/liquidations/generated/chunk_24_2023_05_action.sql,literal_path,sql/liquidations/generated/history/chunk_24_2023_05_action.sql,high_path,mapping_driven_then_manual_review,SQL checksum and provenance reconciliation
data/provenance/liquidations/manifest.json,1741,data/provenance/liquidations/chunks/chunk_24_2023_05/chunk_24_2023_05_action.validation.json,literal_path,data/liquidations/provenance/chunks/chunk_24_2023_05/chunk_24_2023_05_action.validation.json,high_path,mapping_driven_then_manual_review,existence; manifest/checksum/path-metadata reconciliation
data/provenance/liquidations/manifest.json,1760,data/raw/liquidations/chunks/chunk_24_2023_05/chunk_24_2023_05_transaction.csv,literal_path,data/liquidations/raw/chunks/chunk_24_2023_05/chunk_24_2023_05_transaction.csv,high_path,mapping_driven_then_manual_review,existence; manifest/checksum/path-metadata reconciliation
data/provenance/liquidations/manifest.json,1769,sql/liquidations/generated/chunk_24_2023_05_transaction.sql,literal_path,sql/liquidations/generated/history/chunk_24_2023_05_transaction.sql,high_path,mapping_driven_then_manual_review,SQL checksum and provenance reconciliation
data/provenance/liquidations/manifest.json,1776,data/provenance/liquidations/chunks/chunk_24_2023_05/chunk_24_2023_05_transaction.validation.json,literal_path,data/liquidations/provenance/chunks/chunk_24_2023_05/chunk_24_2023_05_transaction.validation.json,high_path,mapping_driven_then_manual_review,existence; manifest/checksum/path-metadata reconciliation
data/provenance/liquidations/manifest.json,1795,data/raw/liquidations/chunks/chunk_25_2023_06/chunk_25_2023_06_action.csv,literal_path,data/liquidations/raw/chunks/chunk_25_2023_06/chunk_25_2023_06_action.csv,high_path,mapping_driven_then_manual_review,existence; manifest/checksum/path-metadata reconciliation
data/provenance/liquidations/manifest.json,1804,sql/liquidations/generated/chunk_25_2023_06_action.sql,literal_path,sql/liquidations/generated/history/chunk_25_2023_06_action.sql,high_path,mapping_driven_then_manual_review,SQL checksum and provenance reconciliation
data/provenance/liquidations/manifest.json,1811,data/provenance/liquidations/chunks/chunk_25_2023_06/chunk_25_2023_06_action.validation.json,literal_path,data/liquidations/provenance/chunks/chunk_25_2023_06/chunk_25_2023_06_action.validation.json,high_path,mapping_driven_then_manual_review,existence; manifest/checksum/path-metadata reconciliation
data/provenance/liquidations/manifest.json,1830,data/raw/liquidations/chunks/chunk_25_2023_06/chunk_25_2023_06_transaction.csv,literal_path,data/liquidations/raw/chunks/chunk_25_2023_06/chunk_25_2023_06_transaction.csv,high_path,mapping_driven_then_manual_review,existence; manifest/checksum/path-metadata reconciliation
data/provenance/liquidations/manifest.json,1839,sql/liquidations/generated/chunk_25_2023_06_transaction.sql,literal_path,sql/liquidations/generated/history/chunk_25_2023_06_transaction.sql,high_path,mapping_driven_then_manual_review,SQL checksum and provenance reconciliation
data/provenance/liquidations/manifest.json,1846,data/provenance/liquidations/chunks/chunk_25_2023_06/chunk_25_2023_06_transaction.validation.json,literal_path,data/liquidations/provenance/chunks/chunk_25_2023_06/chunk_25_2023_06_transaction.validation.json,high_path,mapping_driven_then_manual_review,existence; manifest/checksum/path-metadata reconciliation
data/provenance/liquidations/manifest.json,1865,data/raw/liquidations/chunks/chunk_26_2023_07/chunk_26_2023_07_action.csv,literal_path,data/liquidations/raw/chunks/chunk_26_2023_07/chunk_26_2023_07_action.csv,high_path,mapping_driven_then_manual_review,existence; manifest/checksum/path-metadata reconciliation
data/provenance/liquidations/manifest.json,1874,sql/liquidations/generated/chunk_26_2023_07_action.sql,literal_path,sql/liquidations/generated/history/chunk_26_2023_07_action.sql,high_path,mapping_driven_then_manual_review,SQL checksum and provenance reconciliation
data/provenance/liquidations/manifest.json,1881,data/provenance/liquidations/chunks/chunk_26_2023_07/chunk_26_2023_07_action.validation.json,literal_path,data/liquidations/provenance/chunks/chunk_26_2023_07/chunk_26_2023_07_action.validation.json,high_path,mapping_driven_then_manual_review,existence; manifest/checksum/path-metadata reconciliation
data/provenance/liquidations/manifest.json,1900,data/raw/liquidations/chunks/chunk_26_2023_07/chunk_26_2023_07_transaction.csv,literal_path,data/liquidations/raw/chunks/chunk_26_2023_07/chunk_26_2023_07_transaction.csv,high_path,mapping_driven_then_manual_review,existence; manifest/checksum/path-metadata reconciliation
data/provenance/liquidations/manifest.json,1909,sql/liquidations/generated/chunk_26_2023_07_transaction.sql,literal_path,sql/liquidations/generated/history/chunk_26_2023_07_transaction.sql,high_path,mapping_driven_then_manual_review,SQL checksum and provenance reconciliation
data/provenance/liquidations/manifest.json,1916,data/provenance/liquidations/chunks/chunk_26_2023_07/chunk_26_2023_07_transaction.validation.json,literal_path,data/liquidations/provenance/chunks/chunk_26_2023_07/chunk_26_2023_07_transaction.validation.json,high_path,mapping_driven_then_manual_review,existence; manifest/checksum/path-metadata reconciliation
data/provenance/liquidations/manifest.json,1935,data/raw/liquidations/chunks/chunk_27_2023_08/chunk_27_2023_08_action.csv,literal_path,data/liquidations/raw/chunks/chunk_27_2023_08/chunk_27_2023_08_action.csv,high_path,mapping_driven_then_manual_review,existence; manifest/checksum/path-metadata reconciliation
data/provenance/liquidations/manifest.json,1944,sql/liquidations/generated/chunk_27_2023_08_action.sql,literal_path,sql/liquidations/generated/history/chunk_27_2023_08_action.sql,high_path,mapping_driven_then_manual_review,SQL checksum and provenance reconciliation
data/provenance/liquidations/manifest.json,1951,data/provenance/liquidations/chunks/chunk_27_2023_08/chunk_27_2023_08_action.validation.json,literal_path,data/liquidations/provenance/chunks/chunk_27_2023_08/chunk_27_2023_08_action.validation.json,high_path,mapping_driven_then_manual_review,existence; manifest/checksum/path-metadata reconciliation
data/provenance/liquidations/manifest.json,1970,data/raw/liquidations/chunks/chunk_27_2023_08/chunk_27_2023_08_transaction.csv,literal_path,data/liquidations/raw/chunks/chunk_27_2023_08/chunk_27_2023_08_transaction.csv,high_path,mapping_driven_then_manual_review,existence; manifest/checksum/path-metadata reconciliation
data/provenance/liquidations/manifest.json,1979,sql/liquidations/generated/chunk_27_2023_08_transaction.sql,literal_path,sql/liquidations/generated/history/chunk_27_2023_08_transaction.sql,high_path,mapping_driven_then_manual_review,SQL checksum and provenance reconciliation
data/provenance/liquidations/manifest.json,1986,data/provenance/liquidations/chunks/chunk_27_2023_08/chunk_27_2023_08_transaction.validation.json,literal_path,data/liquidations/provenance/chunks/chunk_27_2023_08/chunk_27_2023_08_transaction.validation.json,high_path,mapping_driven_then_manual_review,existence; manifest/checksum/path-metadata reconciliation
data/provenance/liquidations/manifest.json,2005,data/raw/liquidations/chunks/chunk_28_2023_09/chunk_28_2023_09_action.csv,literal_path,data/liquidations/raw/chunks/chunk_28_2023_09/chunk_28_2023_09_action.csv,high_path,mapping_driven_then_manual_review,existence; manifest/checksum/path-metadata reconciliation
data/provenance/liquidations/manifest.json,2014,sql/liquidations/generated/chunk_28_2023_09_action.sql,literal_path,sql/liquidations/generated/history/chunk_28_2023_09_action.sql,high_path,mapping_driven_then_manual_review,SQL checksum and provenance reconciliation
data/provenance/liquidations/manifest.json,2021,data/provenance/liquidations/chunks/chunk_28_2023_09/chunk_28_2023_09_action.validation.json,literal_path,data/liquidations/provenance/chunks/chunk_28_2023_09/chunk_28_2023_09_action.validation.json,high_path,mapping_driven_then_manual_review,existence; manifest/checksum/path-metadata reconciliation
data/provenance/liquidations/manifest.json,2040,data/raw/liquidations/chunks/chunk_28_2023_09/chunk_28_2023_09_transaction.csv,literal_path,data/liquidations/raw/chunks/chunk_28_2023_09/chunk_28_2023_09_transaction.csv,high_path,mapping_driven_then_manual_review,existence; manifest/checksum/path-metadata reconciliation
data/provenance/liquidations/manifest.json,2049,sql/liquidations/generated/chunk_28_2023_09_transaction.sql,literal_path,sql/liquidations/generated/history/chunk_28_2023_09_transaction.sql,high_path,mapping_driven_then_manual_review,SQL checksum and provenance reconciliation
data/provenance/liquidations/manifest.json,2056,data/provenance/liquidations/chunks/chunk_28_2023_09/chunk_28_2023_09_transaction.validation.json,literal_path,data/liquidations/provenance/chunks/chunk_28_2023_09/chunk_28_2023_09_transaction.validation.json,high_path,mapping_driven_then_manual_review,existence; manifest/checksum/path-metadata reconciliation
data/provenance/liquidations/manifest.json,2075,data/raw/liquidations/chunks/chunk_29_2023_10/chunk_29_2023_10_action.csv,literal_path,data/liquidations/raw/chunks/chunk_29_2023_10/chunk_29_2023_10_action.csv,high_path,mapping_driven_then_manual_review,existence; manifest/checksum/path-metadata reconciliation
data/provenance/liquidations/manifest.json,2084,sql/liquidations/generated/chunk_29_2023_10_action.sql,literal_path,sql/liquidations/generated/history/chunk_29_2023_10_action.sql,high_path,mapping_driven_then_manual_review,SQL checksum and provenance reconciliation
data/provenance/liquidations/manifest.json,2091,data/provenance/liquidations/chunks/chunk_29_2023_10/chunk_29_2023_10_action.validation.json,literal_path,data/liquidations/provenance/chunks/chunk_29_2023_10/chunk_29_2023_10_action.validation.json,high_path,mapping_driven_then_manual_review,existence; manifest/checksum/path-metadata reconciliation
data/provenance/liquidations/manifest.json,2110,data/raw/liquidations/chunks/chunk_29_2023_10/chunk_29_2023_10_transaction.csv,literal_path,data/liquidations/raw/chunks/chunk_29_2023_10/chunk_29_2023_10_transaction.csv,high_path,mapping_driven_then_manual_review,existence; manifest/checksum/path-metadata reconciliation
data/provenance/liquidations/manifest.json,2119,sql/liquidations/generated/chunk_29_2023_10_transaction.sql,literal_path,sql/liquidations/generated/history/chunk_29_2023_10_transaction.sql,high_path,mapping_driven_then_manual_review,SQL checksum and provenance reconciliation
data/provenance/liquidations/manifest.json,2126,data/provenance/liquidations/chunks/chunk_29_2023_10/chunk_29_2023_10_transaction.validation.json,literal_path,data/liquidations/provenance/chunks/chunk_29_2023_10/chunk_29_2023_10_transaction.validation.json,high_path,mapping_driven_then_manual_review,existence; manifest/checksum/path-metadata reconciliation
data/provenance/liquidations/manifest.json,2145,data/raw/liquidations/chunks/chunk_30_2023_11/chunk_30_2023_11_action.csv,literal_path,data/liquidations/raw/chunks/chunk_30_2023_11/chunk_30_2023_11_action.csv,high_path,mapping_driven_then_manual_review,existence; manifest/checksum/path-metadata reconciliation
data/provenance/liquidations/manifest.json,2154,sql/liquidations/generated/chunk_30_2023_11_action.sql,literal_path,sql/liquidations/generated/history/chunk_30_2023_11_action.sql,high_path,mapping_driven_then_manual_review,SQL checksum and provenance reconciliation
data/provenance/liquidations/manifest.json,2161,data/provenance/liquidations/chunks/chunk_30_2023_11/chunk_30_2023_11_action.validation.json,literal_path,data/liquidations/provenance/chunks/chunk_30_2023_11/chunk_30_2023_11_action.validation.json,high_path,mapping_driven_then_manual_review,existence; manifest/checksum/path-metadata reconciliation
data/provenance/liquidations/manifest.json,2180,data/raw/liquidations/chunks/chunk_30_2023_11/chunk_30_2023_11_transaction.csv,literal_path,data/liquidations/raw/chunks/chunk_30_2023_11/chunk_30_2023_11_transaction.csv,high_path,mapping_driven_then_manual_review,existence; manifest/checksum/path-metadata reconciliation
data/provenance/liquidations/manifest.json,2189,sql/liquidations/generated/chunk_30_2023_11_transaction.sql,literal_path,sql/liquidations/generated/history/chunk_30_2023_11_transaction.sql,high_path,mapping_driven_then_manual_review,SQL checksum and provenance reconciliation
data/provenance/liquidations/manifest.json,2196,data/provenance/liquidations/chunks/chunk_30_2023_11/chunk_30_2023_11_transaction.validation.json,literal_path,data/liquidations/provenance/chunks/chunk_30_2023_11/chunk_30_2023_11_transaction.validation.json,high_path,mapping_driven_then_manual_review,existence; manifest/checksum/path-metadata reconciliation
data/provenance/liquidations/manifest.json,2215,data/raw/liquidations/chunks/chunk_31_2023_12/chunk_31_2023_12_action.csv,literal_path,data/liquidations/raw/chunks/chunk_31_2023_12/chunk_31_2023_12_action.csv,high_path,mapping_driven_then_manual_review,existence; manifest/checksum/path-metadata reconciliation
data/provenance/liquidations/manifest.json,2224,sql/liquidations/generated/chunk_31_2023_12_action.sql,literal_path,sql/liquidations/generated/history/chunk_31_2023_12_action.sql,high_path,mapping_driven_then_manual_review,SQL checksum and provenance reconciliation
data/provenance/liquidations/manifest.json,2231,data/provenance/liquidations/chunks/chunk_31_2023_12/chunk_31_2023_12_action.validation.json,literal_path,data/liquidations/provenance/chunks/chunk_31_2023_12/chunk_31_2023_12_action.validation.json,high_path,mapping_driven_then_manual_review,existence; manifest/checksum/path-metadata reconciliation
data/provenance/liquidations/manifest.json,2250,data/raw/liquidations/chunks/chunk_31_2023_12/chunk_31_2023_12_transaction.csv,literal_path,data/liquidations/raw/chunks/chunk_31_2023_12/chunk_31_2023_12_transaction.csv,high_path,mapping_driven_then_manual_review,existence; manifest/checksum/path-metadata reconciliation
data/provenance/liquidations/manifest.json,2259,sql/liquidations/generated/chunk_31_2023_12_transaction.sql,literal_path,sql/liquidations/generated/history/chunk_31_2023_12_transaction.sql,high_path,mapping_driven_then_manual_review,SQL checksum and provenance reconciliation
data/provenance/liquidations/manifest.json,2266,data/provenance/liquidations/chunks/chunk_31_2023_12/chunk_31_2023_12_transaction.validation.json,literal_path,data/liquidations/provenance/chunks/chunk_31_2023_12/chunk_31_2023_12_transaction.validation.json,high_path,mapping_driven_then_manual_review,existence; manifest/checksum/path-metadata reconciliation
data/provenance/liquidations/manifest.json,2285,data/raw/liquidations/chunks/chunk_32_2024_01/chunk_32_2024_01_action.csv,literal_path,data/liquidations/raw/chunks/chunk_32_2024_01/chunk_32_2024_01_action.csv,high_path,mapping_driven_then_manual_review,existence; manifest/checksum/path-metadata reconciliation
data/provenance/liquidations/manifest.json,2294,sql/liquidations/generated/chunk_32_2024_01_action.sql,literal_path,sql/liquidations/generated/history/chunk_32_2024_01_action.sql,high_path,mapping_driven_then_manual_review,SQL checksum and provenance reconciliation
data/provenance/liquidations/manifest.json,2301,data/provenance/liquidations/chunks/chunk_32_2024_01/chunk_32_2024_01_action.validation.json,literal_path,data/liquidations/provenance/chunks/chunk_32_2024_01/chunk_32_2024_01_action.validation.json,high_path,mapping_driven_then_manual_review,existence; manifest/checksum/path-metadata reconciliation
data/provenance/liquidations/manifest.json,2320,data/raw/liquidations/chunks/chunk_32_2024_01/chunk_32_2024_01_transaction.csv,literal_path,data/liquidations/raw/chunks/chunk_32_2024_01/chunk_32_2024_01_transaction.csv,high_path,mapping_driven_then_manual_review,existence; manifest/checksum/path-metadata reconciliation
data/provenance/liquidations/manifest.json,2329,sql/liquidations/generated/chunk_32_2024_01_transaction.sql,literal_path,sql/liquidations/generated/history/chunk_32_2024_01_transaction.sql,high_path,mapping_driven_then_manual_review,SQL checksum and provenance reconciliation
data/provenance/liquidations/manifest.json,2336,data/provenance/liquidations/chunks/chunk_32_2024_01/chunk_32_2024_01_transaction.validation.json,literal_path,data/liquidations/provenance/chunks/chunk_32_2024_01/chunk_32_2024_01_transaction.validation.json,high_path,mapping_driven_then_manual_review,existence; manifest/checksum/path-metadata reconciliation
data/provenance/liquidations/manifest.json,2355,data/raw/liquidations/chunks/chunk_33_2024_02/chunk_33_2024_02_action.csv,literal_path,data/liquidations/raw/chunks/chunk_33_2024_02/chunk_33_2024_02_action.csv,high_path,mapping_driven_then_manual_review,existence; manifest/checksum/path-metadata reconciliation
data/provenance/liquidations/manifest.json,2364,sql/liquidations/generated/chunk_33_2024_02_action.sql,literal_path,sql/liquidations/generated/history/chunk_33_2024_02_action.sql,high_path,mapping_driven_then_manual_review,SQL checksum and provenance reconciliation
data/provenance/liquidations/manifest.json,2371,data/provenance/liquidations/chunks/chunk_33_2024_02/chunk_33_2024_02_action.validation.json,literal_path,data/liquidations/provenance/chunks/chunk_33_2024_02/chunk_33_2024_02_action.validation.json,high_path,mapping_driven_then_manual_review,existence; manifest/checksum/path-metadata reconciliation
data/provenance/liquidations/manifest.json,2390,data/raw/liquidations/chunks/chunk_33_2024_02/chunk_33_2024_02_transaction.csv,literal_path,data/liquidations/raw/chunks/chunk_33_2024_02/chunk_33_2024_02_transaction.csv,high_path,mapping_driven_then_manual_review,existence; manifest/checksum/path-metadata reconciliation
data/provenance/liquidations/manifest.json,2399,sql/liquidations/generated/chunk_33_2024_02_transaction.sql,literal_path,sql/liquidations/generated/history/chunk_33_2024_02_transaction.sql,high_path,mapping_driven_then_manual_review,SQL checksum and provenance reconciliation
data/provenance/liquidations/manifest.json,2406,data/provenance/liquidations/chunks/chunk_33_2024_02/chunk_33_2024_02_transaction.validation.json,literal_path,data/liquidations/provenance/chunks/chunk_33_2024_02/chunk_33_2024_02_transaction.validation.json,high_path,mapping_driven_then_manual_review,existence; manifest/checksum/path-metadata reconciliation
data/provenance/liquidations/manifest.json,2425,data/raw/liquidations/chunks/chunk_34_2024_03/chunk_34_2024_03_action.csv,literal_path,data/liquidations/raw/chunks/chunk_34_2024_03/chunk_34_2024_03_action.csv,high_path,mapping_driven_then_manual_review,existence; manifest/checksum/path-metadata reconciliation
data/provenance/liquidations/manifest.json,2434,sql/liquidations/generated/chunk_34_2024_03_action.sql,literal_path,sql/liquidations/generated/history/chunk_34_2024_03_action.sql,high_path,mapping_driven_then_manual_review,SQL checksum and provenance reconciliation
data/provenance/liquidations/manifest.json,2441,data/provenance/liquidations/chunks/chunk_34_2024_03/chunk_34_2024_03_action.validation.json,literal_path,data/liquidations/provenance/chunks/chunk_34_2024_03/chunk_34_2024_03_action.validation.json,high_path,mapping_driven_then_manual_review,existence; manifest/checksum/path-metadata reconciliation
data/provenance/liquidations/manifest.json,2460,data/raw/liquidations/chunks/chunk_34_2024_03/chunk_34_2024_03_transaction.csv,literal_path,data/liquidations/raw/chunks/chunk_34_2024_03/chunk_34_2024_03_transaction.csv,high_path,mapping_driven_then_manual_review,existence; manifest/checksum/path-metadata reconciliation
data/provenance/liquidations/manifest.json,2469,sql/liquidations/generated/chunk_34_2024_03_transaction.sql,literal_path,sql/liquidations/generated/history/chunk_34_2024_03_transaction.sql,high_path,mapping_driven_then_manual_review,SQL checksum and provenance reconciliation
data/provenance/liquidations/manifest.json,2476,data/provenance/liquidations/chunks/chunk_34_2024_03/chunk_34_2024_03_transaction.validation.json,literal_path,data/liquidations/provenance/chunks/chunk_34_2024_03/chunk_34_2024_03_transaction.validation.json,high_path,mapping_driven_then_manual_review,existence; manifest/checksum/path-metadata reconciliation
data/provenance/liquidations/manifest.json,2495,data/raw/liquidations/chunks/chunk_35_2024_04/chunk_35_2024_04_action.csv,literal_path,data/liquidations/raw/chunks/chunk_35_2024_04/chunk_35_2024_04_action.csv,high_path,mapping_driven_then_manual_review,existence; manifest/checksum/path-metadata reconciliation
data/provenance/liquidations/manifest.json,2504,sql/liquidations/generated/chunk_35_2024_04_action.sql,literal_path,sql/liquidations/generated/history/chunk_35_2024_04_action.sql,high_path,mapping_driven_then_manual_review,SQL checksum and provenance reconciliation
data/provenance/liquidations/manifest.json,2511,data/provenance/liquidations/chunks/chunk_35_2024_04/chunk_35_2024_04_action.validation.json,literal_path,data/liquidations/provenance/chunks/chunk_35_2024_04/chunk_35_2024_04_action.validation.json,high_path,mapping_driven_then_manual_review,existence; manifest/checksum/path-metadata reconciliation
data/provenance/liquidations/manifest.json,2530,data/raw/liquidations/chunks/chunk_35_2024_04/chunk_35_2024_04_transaction.csv,literal_path,data/liquidations/raw/chunks/chunk_35_2024_04/chunk_35_2024_04_transaction.csv,high_path,mapping_driven_then_manual_review,existence; manifest/checksum/path-metadata reconciliation
data/provenance/liquidations/manifest.json,2539,sql/liquidations/generated/chunk_35_2024_04_transaction.sql,literal_path,sql/liquidations/generated/history/chunk_35_2024_04_transaction.sql,high_path,mapping_driven_then_manual_review,SQL checksum and provenance reconciliation
data/provenance/liquidations/manifest.json,2546,data/provenance/liquidations/chunks/chunk_35_2024_04/chunk_35_2024_04_transaction.validation.json,literal_path,data/liquidations/provenance/chunks/chunk_35_2024_04/chunk_35_2024_04_transaction.validation.json,high_path,mapping_driven_then_manual_review,existence; manifest/checksum/path-metadata reconciliation
data/provenance/liquidations/manifest.json,2565,data/raw/liquidations/chunks/chunk_36_2024_05/chunk_36_2024_05_action.csv,literal_path,data/liquidations/raw/chunks/chunk_36_2024_05/chunk_36_2024_05_action.csv,high_path,mapping_driven_then_manual_review,existence; manifest/checksum/path-metadata reconciliation
data/provenance/liquidations/manifest.json,2574,sql/liquidations/generated/chunk_36_2024_05_action.sql,literal_path,sql/liquidations/generated/history/chunk_36_2024_05_action.sql,high_path,mapping_driven_then_manual_review,SQL checksum and provenance reconciliation
data/provenance/liquidations/manifest.json,2581,data/provenance/liquidations/chunks/chunk_36_2024_05/chunk_36_2024_05_action.validation.json,literal_path,data/liquidations/provenance/chunks/chunk_36_2024_05/chunk_36_2024_05_action.validation.json,high_path,mapping_driven_then_manual_review,existence; manifest/checksum/path-metadata reconciliation
data/provenance/liquidations/manifest.json,2600,data/raw/liquidations/chunks/chunk_36_2024_05/chunk_36_2024_05_transaction.csv,literal_path,data/liquidations/raw/chunks/chunk_36_2024_05/chunk_36_2024_05_transaction.csv,high_path,mapping_driven_then_manual_review,existence; manifest/checksum/path-metadata reconciliation
data/provenance/liquidations/manifest.json,2609,sql/liquidations/generated/chunk_36_2024_05_transaction.sql,literal_path,sql/liquidations/generated/history/chunk_36_2024_05_transaction.sql,high_path,mapping_driven_then_manual_review,SQL checksum and provenance reconciliation
data/provenance/liquidations/manifest.json,2616,data/provenance/liquidations/chunks/chunk_36_2024_05/chunk_36_2024_05_transaction.validation.json,literal_path,data/liquidations/provenance/chunks/chunk_36_2024_05/chunk_36_2024_05_transaction.validation.json,high_path,mapping_driven_then_manual_review,existence; manifest/checksum/path-metadata reconciliation
data/provenance/liquidations/manifest.json,2635,data/raw/liquidations/chunks/chunk_37_2024_06/chunk_37_2024_06_action.csv,literal_path,data/liquidations/raw/chunks/chunk_37_2024_06/chunk_37_2024_06_action.csv,high_path,mapping_driven_then_manual_review,existence; manifest/checksum/path-metadata reconciliation
data/provenance/liquidations/manifest.json,2644,sql/liquidations/generated/chunk_37_2024_06_action.sql,literal_path,sql/liquidations/generated/history/chunk_37_2024_06_action.sql,high_path,mapping_driven_then_manual_review,SQL checksum and provenance reconciliation
data/provenance/liquidations/manifest.json,2651,data/provenance/liquidations/chunks/chunk_37_2024_06/chunk_37_2024_06_action.validation.json,literal_path,data/liquidations/provenance/chunks/chunk_37_2024_06/chunk_37_2024_06_action.validation.json,high_path,mapping_driven_then_manual_review,existence; manifest/checksum/path-metadata reconciliation
data/provenance/liquidations/manifest.json,2670,data/raw/liquidations/chunks/chunk_37_2024_06/chunk_37_2024_06_transaction.csv,literal_path,data/liquidations/raw/chunks/chunk_37_2024_06/chunk_37_2024_06_transaction.csv,high_path,mapping_driven_then_manual_review,existence; manifest/checksum/path-metadata reconciliation
data/provenance/liquidations/manifest.json,2679,sql/liquidations/generated/chunk_37_2024_06_transaction.sql,literal_path,sql/liquidations/generated/history/chunk_37_2024_06_transaction.sql,high_path,mapping_driven_then_manual_review,SQL checksum and provenance reconciliation
data/provenance/liquidations/manifest.json,2686,data/provenance/liquidations/chunks/chunk_37_2024_06/chunk_37_2024_06_transaction.validation.json,literal_path,data/liquidations/provenance/chunks/chunk_37_2024_06/chunk_37_2024_06_transaction.validation.json,high_path,mapping_driven_then_manual_review,existence; manifest/checksum/path-metadata reconciliation
data/provenance/manifests/data_manifest.csv,2,"sql/dune_hourly_market_prices.sql,902632c854f81d3e2cd28f1dcd5803b65b1da39881a2ec418e11d3bc0150ba34,2026-07-20T17:13:43.911219+00:00,2021-06-01",literal_path,"sql/dune_hourly_market_prices.sql,902632c854f81d3e2cd28f1dcd5803b65b1da39881a2ec418e11d3bc0150ba34,2026-07-20T17:13:43.911219+00:00,2021-06-01",high_path,mapping_driven_then_manual_review,SQL checksum and provenance reconciliation
data/provenance/manifests/data_manifest.csv,2,"data/raw/market/dune_prices_hourly_2021-06-01_2024-06-30.csv,13538974,99487a45d4e56cd27ee8f108413f0677af0e87efc4d2af3e071fe80d89e524d5,passed",literal_path,"data/market/raw/dune_prices_hourly_2021-06-01_2024-06-30.csv,13538974,99487a45d4e56cd27ee8f108413f0677af0e87efc4d2af3e071fe80d89e524d5,passed",high_path,mapping_driven_then_manual_review,existence; manifest/checksum/path-metadata reconciliation
data/provenance/manifests/data_manifest.csv,2,"data/processed/market/dune_hourly_market_prices_processed.csv,8075249,43f8a23aff2ec995a4e1ad5e8fc66f4b5223e8dcc9c8a36bd272d733ae1d4e25,scripts/process_dune_market_prices.py,53e40760c4ca052916747d3863621c67395f6150edc85099bc9b4f243dbd7812,2026-07-20T23:01:15.764613+00:00,27024,17,passed,data/provenance/market/dune_hourly_market_prices_processed_validation.json,data/provenance/market/dune_hourly_market_prices_processing_metadata.json,data/processed/market/stablecoin_extreme_review.csv,113,ce6943747a1bab414c4e808bc10f0f00938818da1bbf8f27d12ca809b683c053",literal_path,"data/market/processed/dune_hourly_market_prices_processed.csv,8075249,43f8a23aff2ec995a4e1ad5e8fc66f4b5223e8dcc9c8a36bd272d733ae1d4e25,scripts/process_dune_market_prices.py,53e40760c4ca052916747d3863621c67395f6150edc85099bc9b4f243dbd7812,2026-07-20T23:01:15.764613+00:00,27024,17,passed,data/provenance/market/dune_hourly_market_prices_processed_validation.json,data/provenance/market/dune_hourly_market_prices_processing_metadata.json,data/processed/market/stablecoin_extreme_review.csv,113,ce6943747a1bab414c4e808bc10f0f00938818da1bbf8f27d12ca809b683c053",high_path,mapping_driven_then_manual_review,existence; manifest/checksum/path-metadata reconciliation
data/provenance/manifests/data_manifest.csv,3,"sql/dune_hourly_market_prices.sql,902632c854f81d3e2cd28f1dcd5803b65b1da39881a2ec418e11d3bc0150ba34,2026-07-20T17:13:43.911219+00:00,2021-06-01",literal_path,"sql/dune_hourly_market_prices.sql,902632c854f81d3e2cd28f1dcd5803b65b1da39881a2ec418e11d3bc0150ba34,2026-07-20T17:13:43.911219+00:00,2021-06-01",high_path,mapping_driven_then_manual_review,SQL checksum and provenance reconciliation
data/provenance/manifests/data_manifest.csv,3,"data/raw/market/dune_prices_hourly_2021-06-01_2024-06-30.csv,13538974,99487a45d4e56cd27ee8f108413f0677af0e87efc4d2af3e071fe80d89e524d5,passed",literal_path,"data/market/raw/dune_prices_hourly_2021-06-01_2024-06-30.csv,13538974,99487a45d4e56cd27ee8f108413f0677af0e87efc4d2af3e071fe80d89e524d5,passed",high_path,mapping_driven_then_manual_review,existence; manifest/checksum/path-metadata reconciliation
data/provenance/manifests/data_manifest.csv,3,"data/processed/market/dune_hourly_market_prices_processed.csv,8075249,43f8a23aff2ec995a4e1ad5e8fc66f4b5223e8dcc9c8a36bd272d733ae1d4e25,scripts/process_dune_market_prices.py,53e40760c4ca052916747d3863621c67395f6150edc85099bc9b4f243dbd7812,2026-07-20T23:01:15.764613+00:00,27024,17,passed,data/provenance/market/dune_hourly_market_prices_processed_validation.json,data/provenance/market/dune_hourly_market_prices_processing_metadata.json,data/processed/market/stablecoin_extreme_review.csv,113,ce6943747a1bab414c4e808bc10f0f00938818da1bbf8f27d12ca809b683c053",literal_path,"data/market/processed/dune_hourly_market_prices_processed.csv,8075249,43f8a23aff2ec995a4e1ad5e8fc66f4b5223e8dcc9c8a36bd272d733ae1d4e25,scripts/process_dune_market_prices.py,53e40760c4ca052916747d3863621c67395f6150edc85099bc9b4f243dbd7812,2026-07-20T23:01:15.764613+00:00,27024,17,passed,data/provenance/market/dune_hourly_market_prices_processed_validation.json,data/provenance/market/dune_hourly_market_prices_processing_metadata.json,data/processed/market/stablecoin_extreme_review.csv,113,ce6943747a1bab414c4e808bc10f0f00938818da1bbf8f27d12ca809b683c053",high_path,mapping_driven_then_manual_review,existence; manifest/checksum/path-metadata reconciliation
data/provenance/manifests/data_manifest.csv,4,"sql/dune_hourly_market_prices.sql,902632c854f81d3e2cd28f1dcd5803b65b1da39881a2ec418e11d3bc0150ba34,2026-07-20T17:13:43.911219+00:00,2021-06-01",literal_path,"sql/dune_hourly_market_prices.sql,902632c854f81d3e2cd28f1dcd5803b65b1da39881a2ec418e11d3bc0150ba34,2026-07-20T17:13:43.911219+00:00,2021-06-01",high_path,mapping_driven_then_manual_review,SQL checksum and provenance reconciliation
data/provenance/manifests/data_manifest.csv,4,"data/raw/market/dune_prices_hourly_2021-06-01_2024-06-30.csv,13538974,99487a45d4e56cd27ee8f108413f0677af0e87efc4d2af3e071fe80d89e524d5,passed",literal_path,"data/market/raw/dune_prices_hourly_2021-06-01_2024-06-30.csv,13538974,99487a45d4e56cd27ee8f108413f0677af0e87efc4d2af3e071fe80d89e524d5,passed",high_path,mapping_driven_then_manual_review,existence; manifest/checksum/path-metadata reconciliation
data/provenance/manifests/data_manifest.csv,4,"data/processed/market/dune_hourly_market_prices_processed.csv,8075249,43f8a23aff2ec995a4e1ad5e8fc66f4b5223e8dcc9c8a36bd272d733ae1d4e25,scripts/process_dune_market_prices.py,53e40760c4ca052916747d3863621c67395f6150edc85099bc9b4f243dbd7812,2026-07-20T23:01:15.764613+00:00,27024,17,passed,data/provenance/market/dune_hourly_market_prices_processed_validation.json,data/provenance/market/dune_hourly_market_prices_processing_metadata.json,data/processed/market/stablecoin_extreme_review.csv,113,ce6943747a1bab414c4e808bc10f0f00938818da1bbf8f27d12ca809b683c053",literal_path,"data/market/processed/dune_hourly_market_prices_processed.csv,8075249,43f8a23aff2ec995a4e1ad5e8fc66f4b5223e8dcc9c8a36bd272d733ae1d4e25,scripts/process_dune_market_prices.py,53e40760c4ca052916747d3863621c67395f6150edc85099bc9b4f243dbd7812,2026-07-20T23:01:15.764613+00:00,27024,17,passed,data/provenance/market/dune_hourly_market_prices_processed_validation.json,data/provenance/market/dune_hourly_market_prices_processing_metadata.json,data/processed/market/stablecoin_extreme_review.csv,113,ce6943747a1bab414c4e808bc10f0f00938818da1bbf8f27d12ca809b683c053",high_path,mapping_driven_then_manual_review,existence; manifest/checksum/path-metadata reconciliation
data/provenance/manifests/data_manifest.csv,5,"sql/dune_hourly_market_prices.sql,902632c854f81d3e2cd28f1dcd5803b65b1da39881a2ec418e11d3bc0150ba34,2026-07-20T17:13:43.911219+00:00,2021-06-01",literal_path,"sql/dune_hourly_market_prices.sql,902632c854f81d3e2cd28f1dcd5803b65b1da39881a2ec418e11d3bc0150ba34,2026-07-20T17:13:43.911219+00:00,2021-06-01",high_path,mapping_driven_then_manual_review,SQL checksum and provenance reconciliation
data/provenance/manifests/data_manifest.csv,5,"data/raw/market/dune_prices_hourly_2021-06-01_2024-06-30.csv,13538974,99487a45d4e56cd27ee8f108413f0677af0e87efc4d2af3e071fe80d89e524d5,passed",literal_path,"data/market/raw/dune_prices_hourly_2021-06-01_2024-06-30.csv,13538974,99487a45d4e56cd27ee8f108413f0677af0e87efc4d2af3e071fe80d89e524d5,passed",high_path,mapping_driven_then_manual_review,existence; manifest/checksum/path-metadata reconciliation
data/provenance/manifests/data_manifest.csv,5,"data/processed/market/dune_hourly_market_prices_processed.csv,8075249,43f8a23aff2ec995a4e1ad5e8fc66f4b5223e8dcc9c8a36bd272d733ae1d4e25,scripts/process_dune_market_prices.py,53e40760c4ca052916747d3863621c67395f6150edc85099bc9b4f243dbd7812,2026-07-20T23:01:15.764613+00:00,27024,17,passed,data/provenance/market/dune_hourly_market_prices_processed_validation.json,data/provenance/market/dune_hourly_market_prices_processing_metadata.json,data/processed/market/stablecoin_extreme_review.csv,113,ce6943747a1bab414c4e808bc10f0f00938818da1bbf8f27d12ca809b683c053",literal_path,"data/market/processed/dune_hourly_market_prices_processed.csv,8075249,43f8a23aff2ec995a4e1ad5e8fc66f4b5223e8dcc9c8a36bd272d733ae1d4e25,scripts/process_dune_market_prices.py,53e40760c4ca052916747d3863621c67395f6150edc85099bc9b4f243dbd7812,2026-07-20T23:01:15.764613+00:00,27024,17,passed,data/provenance/market/dune_hourly_market_prices_processed_validation.json,data/provenance/market/dune_hourly_market_prices_processing_metadata.json,data/processed/market/stablecoin_extreme_review.csv,113,ce6943747a1bab414c4e808bc10f0f00938818da1bbf8f27d12ca809b683c053",high_path,mapping_driven_then_manual_review,existence; manifest/checksum/path-metadata reconciliation
data/provenance/manifests/data_manifest.csv,6,data/provenance/gas/dune_ethereum_hourly_gas_chunk_ledger.json,literal_path,data/gas/provenance/dune_ethereum_hourly_gas_chunk_ledger.json,high_path,mapping_driven_then_manual_review,existence; manifest/checksum/path-metadata reconciliation
data/provenance/manifests/data_manifest.csv,6,"sql/dune_ethereum_hourly_gas.sql,2a392f66e427b5dd1dbd97c7d65d61c4c594a3bb5dde9d7fd5d819725b939ae7,2026-07-21T00:21:26.701931+00:00,2021-06-01",literal_path,"sql/dune_ethereum_hourly_gas.sql,2a392f66e427b5dd1dbd97c7d65d61c4c594a3bb5dde9d7fd5d819725b939ae7,2026-07-21T00:21:26.701931+00:00,2021-06-01",high_path,mapping_driven_then_manual_review,SQL checksum and provenance reconciliation
data/provenance/manifests/data_manifest.csv,6,"data/processed/gas/dune_ethereum_hourly_gas_assembled_2021-06-01_2024-06-30.csv,7686076,694a901ba6cf2a60a95014398900ab77508a9ce8218cb05acd6424fa23637541,passed,pre-London=1572",literal_path,"data/gas/processed/dune_ethereum_hourly_gas_assembled_2021-06-01_2024-06-30.csv,7686076,694a901ba6cf2a60a95014398900ab77508a9ce8218cb05acd6424fa23637541,passed,pre-London=1572",high_path,mapping_driven_then_manual_review,existence; manifest/checksum/path-metadata reconciliation
data/provenance/manifests/data_manifest.csv,6,"data/processed/gas/dune_ethereum_hourly_gas_processed.csv,16223071,4be17a29f9fb17e966131f09c4c6a41fbcca305350eba912759f74e85f5a1008,scripts/process_dune_hourly_gas.py,c1301abfea0e79f29ef7b278c96716dc979354b47d213f764300a6f36f6cc7bc,2026-07-21T14:41:20.172378+00:00,27024,41,passed,data/provenance/gas/dune_ethereum_hourly_gas_processed_validation.json,data/provenance/gas/dune_ethereum_hourly_gas_processing_metadata.json",literal_path,"data/gas/processed/dune_ethereum_hourly_gas_processed.csv,16223071,4be17a29f9fb17e966131f09c4c6a41fbcca305350eba912759f74e85f5a1008,scripts/process_dune_hourly_gas.py,c1301abfea0e79f29ef7b278c96716dc979354b47d213f764300a6f36f6cc7bc,2026-07-21T14:41:20.172378+00:00,27024,41,passed,data/provenance/gas/dune_ethereum_hourly_gas_processed_validation.json,data/provenance/gas/dune_ethereum_hourly_gas_processing_metadata.json",high_path,mapping_driven_then_manual_review,existence; manifest/checksum/path-metadata reconciliation
data/provenance/manifests/data_manifest.csv,6,"data/processed/combined/hourly_market_gas_panel.csv,28198646,86ed2ac5a5d364cc57e8b41e137ef369a0fce7a393d386b4b38fc1ebd1be0545,data/provenance/gas/hourly_market_gas_panel_validation.json,data/processed/gas/gas_extreme_review.csv,3939,be78c1688ba87764b51f8e6b685f55a8b5534992cfa81d94f01d8fb9620008c8,data/processed/gas/dune_ethereum_hourly_gas_descriptive_summary.json,0da4955d0cbe1ffc3396a49922be518eb04149828b6efe8d22f2345ab5357a46",literal_path,"data/market/processed/combined/hourly_market_gas_panel.csv,28198646,86ed2ac5a5d364cc57e8b41e137ef369a0fce7a393d386b4b38fc1ebd1be0545,data/provenance/gas/hourly_market_gas_panel_validation.json,data/processed/gas/gas_extreme_review.csv,3939,be78c1688ba87764b51f8e6b685f55a8b5534992cfa81d94f01d8fb9620008c8,data/processed/gas/dune_ethereum_hourly_gas_descriptive_summary.json,0da4955d0cbe1ffc3396a49922be518eb04149828b6efe8d22f2345ab5357a46",high_path,mapping_driven_then_manual_review,existence; manifest/checksum/path-metadata reconciliation
data/provenance/manifests/index.json,8,data/provenance/manifests/data_manifest.csv,literal_path,data/provenance/data_manifest.csv,high_path,mapping_driven_then_manual_review,existence; manifest/checksum/path-metadata reconciliation
data/provenance/manifests/index.json,9,data/raw/market/,literal_path,data/market/raw/,high_path,mapping_driven_then_manual_review,existence; manifest/checksum/path-metadata reconciliation
data/provenance/manifests/index.json,10,data/processed/market/,literal_path,data/market/processed/,high_path,mapping_driven_then_manual_review,existence; manifest/checksum/path-metadata reconciliation
data/provenance/manifests/index.json,18,data/provenance/gas/dune_ethereum_hourly_gas_chunk_ledger.json,literal_path,data/gas/provenance/dune_ethereum_hourly_gas_chunk_ledger.json,high_path,mapping_driven_then_manual_review,existence; manifest/checksum/path-metadata reconciliation
data/provenance/manifests/index.json,19,data/raw/gas/chunks/,literal_path,data/gas/raw/chunks/,high_path,mapping_driven_then_manual_review,existence; manifest/checksum/path-metadata reconciliation
data/provenance/manifests/index.json,20,data/processed/gas/,literal_path,data/gas/processed/,high_path,mapping_driven_then_manual_review,existence; manifest/checksum/path-metadata reconciliation
data/provenance/manifests/index.json,28,data/provenance/liquidations/manifest.json,literal_path,data/liquidations/provenance/manifest.json,high_path,mapping_driven_then_manual_review,existence; manifest/checksum/path-metadata reconciliation
data/provenance/manifests/index.json,29,data/raw/liquidations/chunks/,literal_path,data/liquidations/raw/chunks/,high_path,mapping_driven_then_manual_review,existence; manifest/checksum/path-metadata reconciliation
data/provenance/manifests/index.json,30,data/processed/liquidations/,literal_path,data/liquidations/processed/,high_path,mapping_driven_then_manual_review,existence; manifest/checksum/path-metadata reconciliation
data/provenance/manifests/index.json,38,data/provenance/protocol/manifest.json,literal_path,data/protocol/provenance/manifest.json,high_path,mapping_driven_then_manual_review,existence; manifest/checksum/path-metadata reconciliation
data/provenance/manifests/index.json,39,data/raw/protocol/,literal_path,data/protocol/raw/,high_path,mapping_driven_then_manual_review,existence; manifest/checksum/path-metadata reconciliation
data/provenance/manifests/index.json,40,data/processed/protocol/,literal_path,data/protocol/processed/,high_path,mapping_driven_then_manual_review,existence; manifest/checksum/path-metadata reconciliation
data/provenance/manifests/index.json,48,data/provenance/vaults/manifest.json,literal_path,data/vaults/provenance/manifest.json,high_path,mapping_driven_then_manual_review,existence; manifest/checksum/path-metadata reconciliation
data/provenance/manifests/index.json,49,data/raw/vaults/chunks/,literal_path,data/vaults/raw/chunks/,high_path,mapping_driven_then_manual_review,existence; manifest/checksum/path-metadata reconciliation
data/provenance/manifests/index.json,50,data/processed/vaults/chunks/,literal_path,data/vaults/processed/chunks/,high_path,mapping_driven_then_manual_review,existence; manifest/checksum/path-metadata reconciliation
data/provenance/protocol/manifest.json,8,data/provenance/protocol/phase1d_schema_discovery.json,literal_path,data/protocol/provenance/phase1d_schema_discovery.json,high_path,mapping_driven_then_manual_review,existence; manifest/checksum/path-metadata reconciliation
data/provenance/protocol/manifest.json,9,data/provenance/protocol/phase1d_parameter_source_mapping.csv,literal_path,data/protocol/provenance/phase1d_parameter_source_mapping.csv,high_path,mapping_driven_then_manual_review,existence; manifest/checksum/path-metadata reconciliation
data/provenance/protocol/manifest.json,10,sql/dune_phase1d_eth_a_debt_ceiling_diagnostic.sql,literal_path,sql/protocol/generated/history/eth_a_debt_ceiling_diagnostic.sql,high_path,mapping_driven_then_manual_review,SQL checksum and provenance reconciliation
data/provenance/protocol/manifest.json,18,data/provenance/protocol/archive/diagnostic/phase1d_eth_a_debt_ceiling_diagnostic.csv,literal_path,data/protocol/provenance/archive/diagnostic/phase1d_eth_a_debt_ceiling_diagnostic.csv,high_path,mapping_driven_then_manual_review,existence; manifest/checksum/path-metadata reconciliation
data/provenance/protocol/manifest.json,21,data/provenance/protocol/archive/diagnostic/phase1d_eth_a_debt_ceiling_attempt2_validation.json,literal_path,data/protocol/provenance/archive/diagnostic/phase1d_eth_a_debt_ceiling_attempt2_validation.json,high_path,mapping_driven_then_manual_review,existence; manifest/checksum/path-metadata reconciliation
data/provenance/protocol/manifest.json,36,sql/dune_phase1d_vat_parameters.sql,literal_path,sql/protocol/templates/vat_parameters.sql,high_path,mapping_driven_then_manual_review,SQL checksum and provenance reconciliation
data/provenance/protocol/manifest.json,43,data/raw/protocol/phase1d_vat_parameters.csv,literal_path,data/protocol/raw/phase1d_vat_parameters.csv,high_path,mapping_driven_then_manual_review,existence; manifest/checksum/path-metadata reconciliation
data/provenance/protocol/manifest.json,70,sql/dune_phase1d_vat_wbtc_activation_diagnostic.sql,literal_path,sql/protocol/generated/history/vat_wbtc_activation_diagnostic.sql,high_path,mapping_driven_then_manual_review,SQL checksum and provenance reconciliation
data/provenance/protocol/manifest.json,79,data/provenance/protocol/archive/diagnostic/phase1d_vat_wbtc_activation_diagnostic.csv,literal_path,data/protocol/provenance/archive/diagnostic/phase1d_vat_wbtc_activation_diagnostic.csv,high_path,mapping_driven_then_manual_review,existence; manifest/checksum/path-metadata reconciliation
data/provenance/protocol/manifest.json,173,sql/dune_phase1d_clipper_stopped_diagnostic.sql,literal_path,sql/protocol/generated/history/clipper_stopped_diagnostic.sql,high_path,mapping_driven_then_manual_review,SQL checksum and provenance reconciliation
data/provenance/protocol/manifest.json,175,data/provenance/protocol/archive/diagnostic/phase1d_clipper_stopped_diagnostic_attempt_metadata.json,literal_path,data/protocol/provenance/archive/diagnostic/phase1d_clipper_stopped_diagnostic_attempt_metadata.json,high_path,mapping_driven_then_manual_review,existence; manifest/checksum/path-metadata reconciliation
data/provenance/protocol/manifest.json,176,data/provenance/protocol/archive/diagnostic/phase1d_clipper_stopped_evidence.json,literal_path,data/protocol/provenance/archive/diagnostic/phase1d_clipper_stopped_evidence.json,high_path,mapping_driven_then_manual_review,existence; manifest/checksum/path-metadata reconciliation
data/provenance/protocol/manifest.json,192,sql/dune_phase1d_clipper_stopped_minimal_diagnostic.sql,literal_path,sql/protocol/generated/history/clipper_stopped_minimal_diagnostic.sql,high_path,mapping_driven_then_manual_review,SQL checksum and provenance reconciliation
data/provenance/protocol/manifest.json,194,data/provenance/protocol/archive/diagnostic/phase1d_clipper_stopped_minimal_diagnostic.csv,literal_path,data/protocol/provenance/archive/diagnostic/phase1d_clipper_stopped_minimal_diagnostic.csv,high_path,mapping_driven_then_manual_review,existence; manifest/checksum/path-metadata reconciliation
data/provenance/protocol/manifest.json,201,data/provenance/protocol/archive/diagnostic/phase1d_clipper_stopped_minimal_evidence.json,literal_path,data/protocol/provenance/archive/diagnostic/phase1d_clipper_stopped_minimal_evidence.json,high_path,mapping_driven_then_manual_review,existence; manifest/checksum/path-metadata reconciliation
data/provenance/protocol/manifest.json,208,data/processed/protocol/phase1d_protocol_parameter_changes.csv,literal_path,data/protocol/processed/phase1d_protocol_parameter_changes.csv,high_path,mapping_driven_then_manual_review,existence; manifest/checksum/path-metadata reconciliation
data/provenance/protocol/manifest.json,211,data/processed/protocol/phase1d_protocol_parameter_intervals.csv,literal_path,data/protocol/processed/phase1d_protocol_parameter_intervals.csv,high_path,mapping_driven_then_manual_review,existence; manifest/checksum/path-metadata reconciliation
data/provenance/protocol/manifest.json,214,data/processed/protocol/phase1d_protocol_parameters_hourly.csv,literal_path,data/protocol/processed/phase1d_protocol_parameters_hourly.csv,high_path,mapping_driven_then_manual_review,existence; manifest/checksum/path-metadata reconciliation
data/provenance/vaults/discovery_manifest.json,8,docs/phase1e_representative_calibration_strategy.md,literal_path,docs/calibration/vaults.md,medium,mapping_driven_then_manual_review,path existence and targeted tests
data/provenance/vaults/discovery_manifest.json,24,sql/dune_phase1e_vat_frob_diagnostic.sql,literal_path,sql/vaults/templates/vat_frob_diagnostic.sql,high_path,mapping_driven_then_manual_review,SQL checksum and provenance reconciliation
data/provenance/vaults/discovery_manifest.json,26,data/provenance/vaults/archive/discovery/phase1e_vat_frob_diagnostic.csv,literal_path,data/vaults/provenance/archive/discovery/phase1e_vat_frob_diagnostic.csv,high_path,mapping_driven_then_manual_review,existence; manifest/checksum/path-metadata reconciliation
data/provenance/vaults/discovery_manifest.json,41,sql/dune_phase1e_liquidation_linkage_diagnostic.sql,literal_path,sql/vaults/templates/liquidation_linkage_diagnostic.sql,high_path,mapping_driven_then_manual_review,SQL checksum and provenance reconciliation
data/provenance/vaults/discovery_manifest.json,43,data/provenance/vaults/archive/discovery/phase1e_liquidation_linkage_diagnostic.csv,literal_path,data/vaults/provenance/archive/discovery/phase1e_liquidation_linkage_diagnostic.csv,high_path,mapping_driven_then_manual_review,existence; manifest/checksum/path-metadata reconciliation
data/provenance/vaults/discovery_manifest.json,58,sql/dune_phase1e_owner_mapping_diagnostic.sql,literal_path,sql/vaults/templates/owner_mapping_diagnostic.sql,high_path,mapping_driven_then_manual_review,SQL checksum and provenance reconciliation
data/provenance/vaults/discovery_manifest.json,60,data/provenance/vaults/archive/discovery/phase1e_owner_mapping_diagnostic.csv,literal_path,data/vaults/provenance/archive/discovery/phase1e_owner_mapping_diagnostic.csv,high_path,mapping_driven_then_manual_review,existence; manifest/checksum/path-metadata reconciliation
data/provenance/vaults/discovery_manifest.json,70,data/provenance/vaults/archive/discovery/phase1e_vault_discovery_notes.md,literal_path,data/vaults/provenance/archive/discovery/phase1e_vault_discovery_notes.md,high_path,mapping_driven_then_manual_review,existence; manifest/checksum/path-metadata reconciliation
data/provenance/vaults/discovery_manifest.json,71,data/provenance/vaults/archive/discovery/phase1e_vault_schema_discovery.json,literal_path,data/vaults/provenance/archive/discovery/phase1e_vault_schema_discovery.json,high_path,mapping_driven_then_manual_review,existence; manifest/checksum/path-metadata reconciliation
data/provenance/vaults/discovery_manifest.json,72,data/provenance/vaults/archive/discovery/phase1e_vault_event_ledger_schema.csv,literal_path,data/vaults/provenance/archive/discovery/phase1e_vault_event_ledger_schema.csv,high_path,mapping_driven_then_manual_review,existence; manifest/checksum/path-metadata reconciliation
data/provenance/vaults/discovery_manifest.json,73,data/provenance/vaults/archive/discovery/phase1e_vault_reconstruction_schema.csv,literal_path,data/vaults/provenance/archive/discovery/phase1e_vault_reconstruction_schema.csv,high_path,mapping_driven_then_manual_review,existence; manifest/checksum/path-metadata reconciliation
data/provenance/vaults/manifest.json,15,docs/phase1e_representative_calibration_strategy.md,literal_path,docs/calibration/vaults.md,medium,mapping_driven_then_manual_review,path existence and targeted tests
data/provenance/vaults/manifest.json,16,data/provenance/vaults/representative_regimes/tranche_01_manifest.json,literal_path,data/vaults/provenance/representative_regimes/tranche_01_manifest.json,high_path,mapping_driven_then_manual_review,existence; manifest/checksum/path-metadata reconciliation
data/provenance/vaults/manifest.json,17,docs/phase1e_b_tranche1_acquisition_report.md,literal_path,docs/archive/phase_reports/phase1e_b_tranche1_acquisition_report.md,medium,mapping_driven_then_manual_review,path existence and targeted tests
data/provenance/vaults/manifest.json,20,data/provenance/vaults/representative_regimes/usdc_svb_2023-03-06_2023-03-20/manifest.json,literal_path,data/vaults/provenance/representative_regimes/usdc_svb_2023-03-06_2023-03-20/manifest.json,high_path,mapping_driven_then_manual_review,existence; manifest/checksum/path-metadata reconciliation
data/provenance/vaults/manifest.json,21,docs/phase1e_b_usdc_svb_acquisition_report.md,literal_path,docs/archive/phase_reports/phase1e_b_usdc_svb_acquisition_report.md,medium,mapping_driven_then_manual_review,path existence and targeted tests
data/provenance/vaults/manifest.json,22,data/processed/vaults/representative_regimes/usdc_svb_2023-03-06_2023-03-20/,literal_path,data/vaults/processed/representative_regimes/usdc_svb_2023-03-06_2023-03-20/,high_path,mapping_driven_then_manual_review,existence; manifest/checksum/path-metadata reconciliation
data/provenance/vaults/manifest.json,24,data/provenance/vaults/representative_regimes/terra_cefi_2022-05-05_2022-06-20/manifest.json,literal_path,data/vaults/provenance/representative_regimes/terra_cefi_2022-05-05_2022-06-20/manifest.json,high_path,mapping_driven_then_manual_review,existence; manifest/checksum/path-metadata reconciliation
data/provenance/vaults/manifest.json,25,docs/phase1e_b_terra_cefi_acquisition_report.md,literal_path,docs/archive/phase_reports/phase1e_b_terra_cefi_acquisition_report.md,medium,mapping_driven_then_manual_review,path existence and targeted tests
data/provenance/vaults/manifest.json,26,data/processed/vaults/representative_regimes/terra_cefi_2022-05-05_2022-06-20/,literal_path,data/vaults/processed/representative_regimes/terra_cefi_2022-05-05_2022-06-20/,high_path,mapping_driven_then_manual_review,existence; manifest/checksum/path-metadata reconciliation
data/provenance/vaults/manifest.json,55,data/processed/vaults/representative_regimes/quiet_mature_2024-02-01_2024-03-01/,literal_path,data/vaults/processed/representative_regimes/quiet_mature_2024-02-01_2024-03-01/,high_path,mapping_driven_then_manual_review,existence; manifest/checksum/path-metadata reconciliation
data/provenance/vaults/manifest.json,90,sql/vaults/generated/chunk_01_2019_11/query.sql,literal_path,sql/vaults/generated/chunk_01_2019_11/query.sql,high_path,mapping_driven_then_manual_review,SQL checksum and provenance reconciliation
data/provenance/vaults/manifest.json,115,sql/vaults/generated/chunk_02_2019_12/query.sql,literal_path,sql/vaults/generated/chunk_02_2019_12/query.sql,high_path,mapping_driven_then_manual_review,SQL checksum and provenance reconciliation
data/provenance/vaults/manifest.json,136,data/provenance/vaults/archive/parser_recovery/chunk_03_2020_01/.result.partial.json,literal_path,data/vaults/provenance/archive/parser_recovery/chunk_03_2020_01/.result.partial.json,high_path,mapping_driven_then_manual_review,existence; manifest/checksum/path-metadata reconciliation
data/provenance/vaults/manifest.json,154,sql/vaults/generated/chunk_03_2020_01/query.sql,literal_path,sql/vaults/generated/chunk_03_2020_01/query.sql,high_path,mapping_driven_then_manual_review,SQL checksum and provenance reconciliation
data/provenance/vaults/manifest.json,179,sql/vaults/generated/chunk_04_2020_02/query.sql,literal_path,sql/vaults/generated/chunk_04_2020_02/query.sql,high_path,mapping_driven_then_manual_review,SQL checksum and provenance reconciliation
data/provenance/vaults/manifest.json,259,sql/vaults/generated/chunk_05_2020_03/query.sql,literal_path,sql/vaults/generated/chunk_05_2020_03/query.sql,high_path,mapping_driven_then_manual_review,SQL checksum and provenance reconciliation
data/provenance/vaults/manifest.json,313,sql/vaults/generated/chunk_05_2020_03/subwindows/05A/query.sql,literal_path,sql/vaults/generated/chunk_05_2020_03/subwindows/05A/query.sql,high_path,mapping_driven_then_manual_review,SQL checksum and provenance reconciliation
data/provenance/vaults/manifest.json,345,sql/vaults/generated/chunk_05_2020_03/subwindows/05B/query.sql,literal_path,sql/vaults/generated/chunk_05_2020_03/subwindows/05B/query.sql,high_path,mapping_driven_then_manual_review,SQL checksum and provenance reconciliation
data/raw/market/README.md,4,sql/dune_hourly_market_prices.sql,literal_path,sql/market/templates/hourly_prices.sql,high_path,mapping_driven_then_manual_review,SQL checksum and provenance reconciliation
data/raw/market/README.md,10,data/provenance/market/,literal_path,data/market/provenance/,high_path,mapping_driven_then_manual_review,existence; manifest/checksum/path-metadata reconciliation
data/raw/market/README.md,13,data/provenance/manifests/data_manifest.csv,literal_path,data/provenance/data_manifest.csv,high_path,mapping_driven_then_manual_review,existence; manifest/checksum/path-metadata reconciliation
data/raw/market/README.md,18,scripts/validate_dune_market_prices.py,literal_path,workflows/market/validate.py,high_path,mapping_driven_then_manual_review,path existence and targeted tests
data/raw/market/README.md,19,data/raw/market/dune_prices_hourly_2021-06-01_2024-06-30.csv,literal_path,data/market/raw/dune_prices_hourly_2021-06-01_2024-06-30.csv,high_path,mapping_driven_then_manual_review,existence; manifest/checksum/path-metadata reconciliation
data/raw/protocol/README.md,7,data/raw/protocol/,literal_path,data/protocol/raw/,high_path,mapping_driven_then_manual_review,existence; manifest/checksum/path-metadata reconciliation
data/raw/protocol/README.md,9,data/provenance/protocol/,literal_path,data/protocol/provenance/,high_path,mapping_driven_then_manual_review,existence; manifest/checksum/path-metadata reconciliation
data/raw/protocol/README.md,11,data/processed/protocol/,literal_path,data/protocol/processed/,high_path,mapping_driven_then_manual_review,existence; manifest/checksum/path-metadata reconciliation
data/raw/protocol/README.md,13,sql/dune_phase1d_eth_a_debt_ceiling_diagnostic.sql,literal_path,sql/protocol/generated/history/eth_a_debt_ceiling_diagnostic.sql,high_path,mapping_driven_then_manual_review,SQL checksum and provenance reconciliation
data/raw/protocol/README.md,14,scripts/acquire_dune_protocol_parameters.py,literal_path,workflows/protocol/acquire.py,high_path,mapping_driven_then_manual_review,path existence and targeted tests
docs/parameter_adoption_and_model_interface_plan.md,480,config/empirical/,literal_path,config/empirical/,high_path,mapping_driven_then_manual_review,profile parse; runtime equivalence
docs/parameter_adoption_and_model_interface_plan.md,481,docs/tranche_a_empirical_configuration_report.md,literal_path,docs/archive/tranche_reports/tranche_a_empirical_configuration_report.md,medium,mapping_driven_then_manual_review,path existence and targeted tests
docs/parameter_adoption_and_model_interface_plan.md,495,config/empirical/,literal_path,config/empirical/,high_path,mapping_driven_then_manual_review,profile parse; runtime equivalence
docs/parameter_adoption_and_model_interface_plan.md,496,data/processed/estimation/tranche_b/,literal_path,outputs/diagnostics/calibration/tranche_b/,high_path,mapping_driven_then_manual_review,existence; manifest/checksum/path-metadata reconciliation
docs/parameter_adoption_and_model_interface_plan.md,498,docs/tranche_b_distributional_vault_initialisation_report.md,literal_path,docs/archive/tranche_reports/tranche_b_distributional_vault_initialisation_report.md,medium,mapping_driven_then_manual_review,path existence and targeted tests
docs/parameter_adoption_and_model_interface_plan.md,513,docs/tranche_c_empirical_market_and_gas_report.md,literal_path,docs/archive/tranche_reports/tranche_c_empirical_market_and_gas_report.md,medium,mapping_driven_then_manual_review,path existence and targeted tests
docs/parameter_adoption_and_model_interface_plan.md,564,data/processed/estimation/adoption_review/,literal_path,outputs/diagnostics/calibration/adoption_review/,high_path,mapping_driven_then_manual_review,existence; manifest/checksum/path-metadata reconciliation
docs/parameter_estimation_plan.md,18,../empirical.md,markdown_link,../empirical.md,medium_link,mapping_driven_then_manual_review,Markdown link checker
docs/parameter_estimation_plan.md,19,../parameters.md,markdown_link,../parameters.md,medium_link,mapping_driven_then_manual_review,Markdown link checker
docs/parameter_estimation_plan.md,20,phase1e_representative_calibration_strategy.md,markdown_link,docs/calibration/vaults.md,medium_link,mapping_driven_then_manual_review,Markdown link checker
docs/parameter_estimation_plan.md,44,data/processed/estimation/phase2a/,literal_path,outputs/diagnostics/calibration/phase2a/,high_path,mapping_driven_then_manual_review,existence; manifest/checksum/path-metadata reconciliation
docs/parameter_estimation_plan.md,45,phase2a_parameter_estimation_report.md,markdown_link,docs/archive/phase_reports/phase2a_parameter_estimation_report.md,medium_link,mapping_driven_then_manual_review,Markdown link checker
docs/parameter_estimation_plan.md,58,tranche_a_empirical_configuration_report.md,markdown_link,docs/archive/tranche_reports/tranche_a_empirical_configuration_report.md,medium_link,mapping_driven_then_manual_review,Markdown link checker
docs/parameter_estimation_plan.md,63,tranche_b_distributional_vault_initialisation_report.md,markdown_link,docs/archive/tranche_reports/tranche_b_distributional_vault_initialisation_report.md,medium_link,mapping_driven_then_manual_review,Markdown link checker
docs/parameter_estimation_plan.md,70,tranche_c_empirical_market_and_gas_report.md,markdown_link,docs/archive/tranche_reports/tranche_c_empirical_market_and_gas_report.md,medium_link,mapping_driven_then_manual_review,Markdown link checker
docs/parameter_estimation_plan.md,79,tranche_d_liquidation_arrival_and_capacity_report.md,markdown_link,docs/archive/tranche_reports/tranche_d_liquidation_arrival_and_capacity_report.md,medium_link,mapping_driven_then_manual_review,Markdown link checker
docs/parameter_estimation_plan.md,82,phase1e_b_tranche1_acquisition_report.md,markdown_link,docs/archive/phase_reports/phase1e_b_tranche1_acquisition_report.md,medium_link,mapping_driven_then_manual_review,Markdown link checker
docs/parameter_estimation_plan.md,85,phase1e_b_usdc_svb_acquisition_report.md,markdown_link,docs/archive/phase_reports/phase1e_b_usdc_svb_acquisition_report.md,medium_link,mapping_driven_then_manual_review,Markdown link checker
docs/parameter_estimation_plan.md,94,data/processed/estimation/phase2b_vaults/,literal_path,outputs/diagnostics/calibration/phase2b_vaults/,high_path,mapping_driven_then_manual_review,existence; manifest/checksum/path-metadata reconciliation
docs/parameter_estimation_plan.md,96,phase2b_vault_parameter_estimation_report.md,markdown_link,docs/archive/phase_reports/phase2b_vault_parameter_estimation_report.md,medium_link,mapping_driven_then_manual_review,Markdown link checker
docs/phase1e_b_tranche1_acquisition_report.md,16,phase1e_b_usdc_svb_acquisition_report.md,markdown_link,docs/archive/phase_reports/phase1e_b_usdc_svb_acquisition_report.md,medium_link,mapping_driven_then_manual_review,Markdown link checker
docs/phase1e_b_tranche1_acquisition_report.md,142,data/provenance/vaults/representative_regimes/tranche_01_parameter_evidence_readiness.csv,literal_path,data/vaults/provenance/representative_regimes/tranche_01_parameter_evidence_readiness.csv,high_path,mapping_driven_then_manual_review,existence; manifest/checksum/path-metadata reconciliation
docs/phase1e_b_usdc_svb_acquisition_report.md,93,data/provenance/vaults/representative_regimes/usdc_svb_2023-03-06_2023-03-20/,literal_path,data/vaults/provenance/representative_regimes/usdc_svb_2023-03-06_2023-03-20/,high_path,mapping_driven_then_manual_review,existence; manifest/checksum/path-metadata reconciliation
docs/phase1e_representative_calibration_strategy.md,47,phase1e_b_tranche1_acquisition_report.md,markdown_link,docs/archive/phase_reports/phase1e_b_tranche1_acquisition_report.md,medium_link,mapping_driven_then_manual_review,Markdown link checker
docs/phase1e_representative_calibration_strategy.md,52,phase1e_b_tranche1_acquisition_report.md,markdown_link,docs/archive/phase_reports/phase1e_b_tranche1_acquisition_report.md,medium_link,mapping_driven_then_manual_review,Markdown link checker
docs/phase1e_representative_calibration_strategy.md,53,phase1e_b_usdc_svb_acquisition_report.md,markdown_link,docs/archive/phase_reports/phase1e_b_usdc_svb_acquisition_report.md,medium_link,mapping_driven_then_manual_review,Markdown link checker
docs/phase2a_candidate_review.md,111,data/processed/estimation/phase2a_review/candidate_review.csv,literal_path,outputs/diagnostics/calibration/phase2a_review/candidate_review.csv,high_path,mapping_driven_then_manual_review,existence; manifest/checksum/path-metadata reconciliation
docs/phase2a_candidate_review.md,112,data/processed/estimation/phase2a_review/gas_zero_transaction_review.csv,literal_path,outputs/diagnostics/calibration/phase2a_review/gas_zero_transaction_review.csv,high_path,mapping_driven_then_manual_review,existence; manifest/checksum/path-metadata reconciliation
docs/phase2a_candidate_review.md,113,data/processed/estimation/phase2a_review/gas_cost_sensitivity.csv,literal_path,outputs/diagnostics/calibration/phase2a_review/gas_cost_sensitivity.csv,high_path,mapping_driven_then_manual_review,existence; manifest/checksum/path-metadata reconciliation
docs/phase2a_candidate_review.md,114,data/processed/estimation/phase2a_review/liquidation_sparsity_review.csv,literal_path,outputs/diagnostics/calibration/phase2a_review/liquidation_sparsity_review.csv,high_path,mapping_driven_then_manual_review,existence; manifest/checksum/path-metadata reconciliation
docs/phase2a_candidate_review.md,115,data/processed/estimation/phase2a_review/regime_sensitivity.csv,literal_path,outputs/diagnostics/calibration/phase2a_review/regime_sensitivity.csv,high_path,mapping_driven_then_manual_review,existence; manifest/checksum/path-metadata reconciliation
docs/phase2a_candidate_review.md,116,data/processed/estimation/phase2a_review/ftx_validation_diagnostics.csv,literal_path,outputs/diagnostics/calibration/phase2a_review/ftx_validation_diagnostics.csv,high_path,mapping_driven_then_manual_review,existence; manifest/checksum/path-metadata reconciliation
docs/phase2a_candidate_review.md,117,data/processed/estimation/phase2a_review/block_length_sensitivity.csv,literal_path,outputs/diagnostics/calibration/phase2a_review/block_length_sensitivity.csv,high_path,mapping_driven_then_manual_review,existence; manifest/checksum/path-metadata reconciliation
docs/phase2a_candidate_review.md,118,data/processed/estimation/phase2a_review/protocol_candidate_review.csv,literal_path,outputs/diagnostics/calibration/phase2a_review/protocol_candidate_review.csv,high_path,mapping_driven_then_manual_review,existence; manifest/checksum/path-metadata reconciliation
docs/phase2a_candidate_review.md,119,data/processed/estimation/phase2a_review/model_compatibility.csv,literal_path,outputs/diagnostics/calibration/phase2a_review/model_compatibility.csv,high_path,mapping_driven_then_manual_review,existence; manifest/checksum/path-metadata reconciliation
docs/phase2a_candidate_review.md,120,data/processed/estimation/phase2a_review/phase1e_b_dependency_review.csv,literal_path,outputs/diagnostics/calibration/phase2a_review/phase1e_b_dependency_review.csv,high_path,mapping_driven_then_manual_review,existence; manifest/checksum/path-metadata reconciliation
docs/phase2a_candidate_review.md,121,data/processed/estimation/phase2a_review/phase2a_reviewed_candidates.json,literal_path,outputs/diagnostics/calibration/phase2a_review/phase2a_reviewed_candidates.json,high_path,mapping_driven_then_manual_review,existence; manifest/checksum/path-metadata reconciliation
docs/phase2a_parameter_estimation_report.md,81,outputs/estimation/phase2a/regime_timeline.png,literal_path,outputs/diagnostics/calibration/phase2a/regime_timeline.png,high_path,mapping_driven_then_manual_review,path existence and targeted tests
docs/phase2a_parameter_estimation_report.md,82,outputs/estimation/phase2a/gas_by_regime.png,literal_path,outputs/diagnostics/calibration/phase2a/gas_by_regime.png,high_path,mapping_driven_then_manual_review,path existence and targeted tests
docs/phase2a_parameter_estimation_report.md,83,outputs/estimation/phase2a/liquidation_activity.png,literal_path,outputs/diagnostics/calibration/phase2a/liquidation_activity.png,high_path,mapping_driven_then_manual_review,path existence and targeted tests
docs/phase2a_parameter_estimation_report.md,87,data/processed/estimation/phase2a/diagnostics/calibration_validation_split.csv,literal_path,outputs/diagnostics/calibration/phase2a/diagnostics/calibration_validation_split.csv,high_path,mapping_driven_then_manual_review,existence; manifest/checksum/path-metadata reconciliation
docs/phase2a_parameter_estimation_report.md,88,data/processed/estimation/phase2a/diagnostics/input_integrity.csv,literal_path,outputs/diagnostics/calibration/phase2a/diagnostics/input_integrity.csv,high_path,mapping_driven_then_manual_review,existence; manifest/checksum/path-metadata reconciliation
docs/phase2a_parameter_estimation_report.md,89,data/processed/estimation/phase2a/diagnostics/regime_thresholds.csv,literal_path,outputs/diagnostics/calibration/phase2a/diagnostics/regime_thresholds.csv,high_path,mapping_driven_then_manual_review,existence; manifest/checksum/path-metadata reconciliation
docs/phase2a_parameter_estimation_report.md,90,data/processed/estimation/phase2a/diagnostics/validation_gates.csv,literal_path,outputs/diagnostics/calibration/phase2a/diagnostics/validation_gates.csv,high_path,mapping_driven_then_manual_review,existence; manifest/checksum/path-metadata reconciliation
docs/phase2a_parameter_estimation_report.md,91,data/processed/estimation/phase2a/gas/gas_distribution.csv,literal_path,outputs/diagnostics/calibration/phase2a/gas/gas_distribution.csv,high_path,mapping_driven_then_manual_review,existence; manifest/checksum/path-metadata reconciliation
docs/phase2a_parameter_estimation_report.md,92,data/processed/estimation/phase2a/gas/gas_market_dependence.csv,literal_path,outputs/diagnostics/calibration/phase2a/gas/gas_market_dependence.csv,high_path,mapping_driven_then_manual_review,existence; manifest/checksum/path-metadata reconciliation
docs/phase2a_parameter_estimation_report.md,93,data/processed/estimation/phase2a/gas/gas_sampling_index.csv,literal_path,outputs/diagnostics/calibration/phase2a/gas/gas_sampling_index.csv,high_path,mapping_driven_then_manual_review,existence; manifest/checksum/path-metadata reconciliation
docs/phase2a_parameter_estimation_report.md,94,data/processed/estimation/phase2a/liquidations/auction_distribution.csv,literal_path,outputs/diagnostics/calibration/phase2a/liquidations/auction_distribution.csv,high_path,mapping_driven_then_manual_review,existence; manifest/checksum/path-metadata reconciliation
docs/phase2a_parameter_estimation_report.md,95,data/processed/estimation/phase2a/liquidations/hourly_liquidation_summary.csv,literal_path,outputs/diagnostics/calibration/phase2a/liquidations/hourly_liquidation_summary.csv,high_path,mapping_driven_then_manual_review,existence; manifest/checksum/path-metadata reconciliation
docs/phase2a_parameter_estimation_report.md,96,data/processed/estimation/phase2a/liquidations/liquidation_count_models.csv,literal_path,outputs/diagnostics/calibration/phase2a/liquidations/liquidation_count_models.csv,high_path,mapping_driven_then_manual_review,existence; manifest/checksum/path-metadata reconciliation
docs/phase2a_parameter_estimation_report.md,97,data/processed/estimation/phase2a/liquidations/liquidation_transaction_gas.csv,literal_path,outputs/diagnostics/calibration/phase2a/liquidations/liquidation_transaction_gas.csv,high_path,mapping_driven_then_manual_review,existence; manifest/checksum/path-metadata reconciliation
docs/phase2a_parameter_estimation_report.md,98,data/processed/estimation/phase2a/liquidations/liquidation_transaction_gas_summary.csv,literal_path,outputs/diagnostics/calibration/phase2a/liquidations/liquidation_transaction_gas_summary.csv,high_path,mapping_driven_then_manual_review,existence; manifest/checksum/path-metadata reconciliation
docs/phase2a_parameter_estimation_report.md,99,data/processed/estimation/phase2a/market/absolute_return_autocorrelation.csv,literal_path,outputs/diagnostics/calibration/phase2a/market/absolute_return_autocorrelation.csv,high_path,mapping_driven_then_manual_review,existence; manifest/checksum/path-metadata reconciliation
docs/phase2a_parameter_estimation_report.md,100,data/processed/estimation/phase2a/market/dai_peg_distribution.csv,literal_path,outputs/diagnostics/calibration/phase2a/market/dai_peg_distribution.csv,high_path,mapping_driven_then_manual_review,existence; manifest/checksum/path-metadata reconciliation
docs/phase2a_parameter_estimation_report.md,101,data/processed/estimation/phase2a/market/dependence_matrices.csv,literal_path,outputs/diagnostics/calibration/phase2a/market/dependence_matrices.csv,high_path,mapping_driven_then_manual_review,existence; manifest/checksum/path-metadata reconciliation
docs/phase2a_parameter_estimation_report.md,102,data/processed/estimation/phase2a/market/initial_prices.csv,literal_path,outputs/diagnostics/calibration/phase2a/market/initial_prices.csv,high_path,mapping_driven_then_manual_review,existence; manifest/checksum/path-metadata reconciliation
docs/phase2a_parameter_estimation_report.md,103,data/processed/estimation/phase2a/market/return_block_index.csv,literal_path,outputs/diagnostics/calibration/phase2a/market/return_block_index.csv,high_path,mapping_driven_then_manual_review,existence; manifest/checksum/path-metadata reconciliation
docs/phase2a_parameter_estimation_report.md,104,data/processed/estimation/phase2a/market/return_bootstrap_uncertainty.csv,literal_path,outputs/diagnostics/calibration/phase2a/market/return_bootstrap_uncertainty.csv,high_path,mapping_driven_then_manual_review,existence; manifest/checksum/path-metadata reconciliation
docs/phase2a_parameter_estimation_report.md,105,data/processed/estimation/phase2a/market/return_distribution.csv,literal_path,outputs/diagnostics/calibration/phase2a/market/return_distribution.csv,high_path,mapping_driven_then_manual_review,existence; manifest/checksum/path-metadata reconciliation
docs/phase2a_parameter_estimation_report.md,106,data/processed/estimation/phase2a/parameter_status.csv,literal_path,outputs/diagnostics/calibration/phase2a/parameter_status.csv,high_path,mapping_driven_then_manual_review,existence; manifest/checksum/path-metadata reconciliation
docs/phase2a_parameter_estimation_report.md,107,data/processed/estimation/phase2a/protocol/collateral_activation_periods.csv,literal_path,outputs/diagnostics/calibration/phase2a/protocol/collateral_activation_periods.csv,high_path,mapping_driven_then_manual_review,existence; manifest/checksum/path-metadata reconciliation
docs/phase2a_parameter_estimation_report.md,108,data/processed/estimation/phase2a/protocol/protocol_change_counts.csv,literal_path,outputs/diagnostics/calibration/phase2a/protocol/protocol_change_counts.csv,high_path,mapping_driven_then_manual_review,existence; manifest/checksum/path-metadata reconciliation
docs/phase2a_parameter_estimation_report.md,109,data/processed/estimation/phase2a/protocol/protocol_parameter_summary.csv,literal_path,outputs/diagnostics/calibration/phase2a/protocol/protocol_parameter_summary.csv,high_path,mapping_driven_then_manual_review,existence; manifest/checksum/path-metadata reconciliation
docs/phase2a_parameter_estimation_report.md,110,data/processed/estimation/phase2a/regimes/hourly_regimes.csv,literal_path,outputs/diagnostics/calibration/phase2a/regimes/hourly_regimes.csv,high_path,mapping_driven_then_manual_review,existence; manifest/checksum/path-metadata reconciliation
docs/phase2a_parameter_estimation_report.md,111,data/processed/estimation/phase2a/regimes/regime_durations.csv,literal_path,outputs/diagnostics/calibration/phase2a/regimes/regime_durations.csv,high_path,mapping_driven_then_manual_review,existence; manifest/checksum/path-metadata reconciliation
docs/phase2a_parameter_estimation_report.md,112,data/processed/estimation/phase2a/regimes/regime_prevalence.csv,literal_path,outputs/diagnostics/calibration/phase2a/regimes/regime_prevalence.csv,high_path,mapping_driven_then_manual_review,existence; manifest/checksum/path-metadata reconciliation
docs/phase2a_parameter_estimation_report.md,113,data/processed/estimation/phase2a/regimes/regime_transitions.csv,literal_path,outputs/diagnostics/calibration/phase2a/regimes/regime_transitions.csv,high_path,mapping_driven_then_manual_review,existence; manifest/checksum/path-metadata reconciliation
docs/phase2a_parameter_estimation_report.md,114,data/processed/estimation/phase2a/phase2a_candidate_parameters.json,literal_path,outputs/diagnostics/calibration/phase2a/phase2a_candidate_parameters.json,high_path,mapping_driven_then_manual_review,existence; manifest/checksum/path-metadata reconciliation
docs/phase2b_vault_parameter_estimation_report.md,292,data/processed/estimation/phase2b_vaults/,literal_path,outputs/diagnostics/calibration/phase2b_vaults/,high_path,mapping_driven_then_manual_review,existence; manifest/checksum/path-metadata reconciliation
docs/phase2c_liquidation_parameter_estimation_report.md,227,data/processed/estimation/phase2c_liquidations/,literal_path,outputs/diagnostics/calibration/phase2c_liquidations/,high_path,mapping_driven_then_manual_review,existence; manifest/checksum/path-metadata reconciliation
docs/tranche_a_empirical_configuration_report.md,11,config/empirical/phase2_empirical_baseline.yaml,literal_path,config/profiles/empirical.yaml,high_path,mapping_driven_then_manual_review,profile parse; runtime equivalence
docs/tranche_a_empirical_configuration_report.md,15,config/empirical/sensitivity/phase2_empirical_low_sensitivity.yaml,literal_path,config/sensitivities/vaults/population_100.yaml,high_path,mapping_driven_then_manual_review,profile parse; runtime equivalence
docs/tranche_a_empirical_configuration_report.md,16,config/empirical/sensitivity/phase2_empirical_high_sensitivity.yaml,literal_path,config/sensitivities/vaults/population_1000.yaml,high_path,mapping_driven_then_manual_review,profile parse; runtime equivalence
docs/tranche_a_empirical_configuration_report.md,20,config/empirical/tranche_a_manifest.json,literal_path,data/protocol/provenance/parameter_adoption/manifest.json,high_path,mapping_driven_then_manual_review,profile parse; runtime equivalence
docs/tranche_a_empirical_configuration_report.md,25,data/processed/estimation/adoption_review/configuration_ready_candidates.csv,literal_path,outputs/diagnostics/calibration/adoption_review/configuration_ready_candidates.csv,high_path,mapping_driven_then_manual_review,existence; manifest/checksum/path-metadata reconciliation
docs/tranche_a_empirical_configuration_report.md,66,src/empirical_config.py,literal_path,src/dai_sim/inputs/configuration.py,high_path,mapping_driven_then_manual_review,path existence and targeted tests
docs/tranche_a_empirical_configuration_report.md,107,config/collateral_mapping.csv,literal_path,config/protocol/collateral_types.csv,high_path,mapping_driven_then_manual_review,profile parse; runtime equivalence
docs/tranche_a_empirical_configuration_report.md,108,config/empirical.yaml,literal_path,config/profiles/legacy.yaml,high_path,mapping_driven_then_manual_review,profile parse; runtime equivalence
docs/tranche_a_empirical_configuration_report.md,109,config/protocol.yaml,literal_path,config/protocol/parameters.yaml,high_path,mapping_driven_then_manual_review,profile parse; runtime equivalence
docs/tranche_a_empirical_configuration_report.md,110,src/experiments.py,literal_path,src/dai_sim/experiments/scenarios.py;src/dai_sim/experiments/runner.py;src/dai_sim/experiments/summaries.py,high_path,mapping_driven_then_manual_review,path existence and targeted tests
docs/tranche_a_empirical_configuration_report.md,150,docs/tranche_b_distributional_vault_initialisation_report.md,literal_path,docs/archive/tranche_reports/tranche_b_distributional_vault_initialisation_report.md,medium,mapping_driven_then_manual_review,path existence and targeted tests
docs/tranche_b_distributional_vault_initialisation_report.md,35,config/empirical/data/vault_initialisation_pools.csv,literal_path,data/vaults/model_inputs/initialisation/pool.csv,high_path,mapping_driven_then_manual_review,profile parse; runtime equivalence
docs/tranche_b_distributional_vault_initialisation_report.md,40,scripts/build_vault_initialisation_pools.py,literal_path,workflows/vaults/build_inputs.py,high_path,mapping_driven_then_manual_review,path existence and targeted tests
docs/tranche_b_distributional_vault_initialisation_report.md,66,config/empirical/phase2_empirical_distributional.yaml,literal_path,config/profiles/empirical.yaml,high_path,mapping_driven_then_manual_review,profile parse; runtime equivalence
docs/tranche_b_distributional_vault_initialisation_report.md,70,config/empirical/sensitivity/phase2_empirical_parametric_truncated.yaml,literal_path,config/sensitivities/vaults/parametric_truncated.yaml,high_path,mapping_driven_then_manual_review,profile parse; runtime equivalence
docs/tranche_b_distributional_vault_initialisation_report.md,71,config/empirical/sensitivity/phase2_empirical_legacy_gaussian.yaml,literal_path,config/sensitivities/vaults/legacy_gaussian.yaml,high_path,mapping_driven_then_manual_review,profile parse; runtime equivalence
docs/tranche_b_distributional_vault_initialisation_report.md,117,data/processed/estimation/tranche_b/,literal_path,outputs/diagnostics/calibration/tranche_b/,high_path,mapping_driven_then_manual_review,existence; manifest/checksum/path-metadata reconciliation
docs/tranche_b_distributional_vault_initialisation_report.md,166,src/vault_initialisation.py,literal_path,src/dai_sim/inputs/vaults.py,high_path,mapping_driven_then_manual_review,path existence and targeted tests
docs/tranche_b_distributional_vault_initialisation_report.md,167,scripts/build_vault_initialisation_pools.py,literal_path,workflows/vaults/build_inputs.py,high_path,mapping_driven_then_manual_review,path existence and targeted tests
docs/tranche_b_distributional_vault_initialisation_report.md,168,scripts/run_tranche_b_initialisation_diagnostics.py,literal_path,workflows/inputs/validate_vaults.py,high_path,mapping_driven_then_manual_review,path existence and targeted tests
docs/tranche_b_distributional_vault_initialisation_report.md,199,docs/tranche_c_empirical_market_and_gas_report.md,literal_path,docs/archive/tranche_reports/tranche_c_empirical_market_and_gas_report.md,medium,mapping_driven_then_manual_review,path existence and targeted tests
docs/tranche_c_empirical_market_and_gas_report.md,65,scripts/build_market_gas_runtime_pools.py,literal_path,workflows/market/build_inputs.py,high_path,mapping_driven_then_manual_review,path existence and targeted tests
docs/tranche_c_empirical_market_and_gas_report.md,73,config/empirical/data/market_gas_hourly_pool.csv,literal_path,data/market/model_inputs/environment_blocks/pool.csv,high_path,mapping_driven_then_manual_review,profile parse; runtime equivalence
docs/tranche_c_empirical_market_and_gas_report.md,84,config/empirical/data/liquidation_gas_pool.csv,literal_path,data/liquidations/model_inputs/keeper_gas/pool.csv,high_path,mapping_driven_then_manual_review,profile parse; runtime equivalence
docs/tranche_c_empirical_market_and_gas_report.md,151,config/empirical/phase2_empirical_market_gas.yaml,literal_path,config/profiles/empirical.yaml,high_path,mapping_driven_then_manual_review,profile parse; runtime equivalence
docs/tranche_c_empirical_market_and_gas_report.md,155,config/empirical/sensitivity/phase2_empirical_market_gas_block_72.yaml,literal_path,config/sensitivities/market/block_72h.yaml,high_path,mapping_driven_then_manual_review,profile parse; runtime equivalence
docs/tranche_c_empirical_market_and_gas_report.md,156,config/empirical/sensitivity/phase2_empirical_market_gas_block_336.yaml,literal_path,config/sensitivities/market/block_336h.yaml,high_path,mapping_driven_then_manual_review,profile parse; runtime equivalence
docs/tranche_c_empirical_market_and_gas_report.md,157,config/empirical/sensitivity/phase2_empirical_market_gas_high_gas_q90.yaml,literal_path,config/sensitivities/gas/high_q90.yaml,high_path,mapping_driven_then_manual_review,profile parse; runtime equivalence
docs/tranche_c_empirical_market_and_gas_report.md,158,config/empirical/sensitivity/phase2_empirical_market_gas_zero_inclusive.yaml,literal_path,config/sensitivities/gas/zero_inclusive.yaml,high_path,mapping_driven_then_manual_review,profile parse; runtime equivalence
docs/tranche_c_empirical_market_and_gas_report.md,159,config/empirical/sensitivity/phase2_empirical_market_blocks_legacy_gas.yaml,literal_path,config/sensitivities/gas/legacy_scalar.yaml,high_path,mapping_driven_then_manual_review,profile parse; runtime equivalence
docs/tranche_c_empirical_market_and_gas_report.md,168,data/processed/estimation/tranche_c/,literal_path,outputs/diagnostics/calibration/tranche_c/,high_path,mapping_driven_then_manual_review,existence; manifest/checksum/path-metadata reconciliation
empirical.md,95,docs/phase1e_representative_calibration_strategy.md,literal_path,docs/calibration/vaults.md,medium,mapping_driven_then_manual_review,path existence and targeted tests
empirical.md,98,docs/parameter_estimation_plan.md,literal_path,docs/calibration/parameter_estimation.md,medium,mapping_driven_then_manual_review,path existence and targeted tests
parameters.md,28,docs/parameter_estimation_plan.md,literal_path,docs/calibration/parameter_estimation.md,medium,mapping_driven_then_manual_review,path existence and targeted tests
parameters.md,112,docs/phase1e_representative_calibration_strategy.md,literal_path,docs/calibration/vaults.md,medium,mapping_driven_then_manual_review,path existence and targeted tests
scripts/acquire_dune_hourly_gas.py,11,__future__,python_import,__future__,low_external_import,retain,compileall
scripts/acquire_dune_hourly_gas.py,13,argparse,python_import,argparse,low_external_import,retain,compileall
scripts/acquire_dune_hourly_gas.py,14,csv,python_import,csv,low_external_import,retain,compileall
scripts/acquire_dune_hourly_gas.py,15,datetime,python_import,datetime,low_external_import,retain,compileall
scripts/acquire_dune_hourly_gas.py,16,hashlib,python_import,hashlib,low_external_import,retain,compileall
scripts/acquire_dune_hourly_gas.py,17,json,python_import,json,low_external_import,retain,compileall
scripts/acquire_dune_hourly_gas.py,18,math,python_import,math,low_external_import,retain,compileall
scripts/acquire_dune_hourly_gas.py,19,os,python_import,os,low_external_import,retain,compileall
scripts/acquire_dune_hourly_gas.py,20,pathlib,python_import,pathlib,low_external_import,retain,compileall
scripts/acquire_dune_hourly_gas.py,21,sys,python_import,sys,low_external_import,retain,compileall
scripts/acquire_dune_hourly_gas.py,22,typing,python_import,typing,low_external_import,retain,compileall
scripts/acquire_dune_hourly_gas.py,24,pandas,python_import,pandas,low_external_import,retain,compileall
scripts/acquire_dune_hourly_gas.py,27,PROJECT_ROOT = Path(__file__).resolve().parents[1],dynamic_path_operation,<review against central dai_sim.common.paths resolver>,high_dynamic_path,manual,targeted unit test plus CLI smoke from repository root
scripts/acquire_dune_hourly_gas.py,130,"with path.open(""rb"") as handle:",dynamic_path_operation,<review against central dai_sim.common.paths resolver>,high_dynamic_path,manual,targeted unit test plus CLI smoke from repository root
scripts/acquire_dune_hourly_gas.py,140,"with temporary.open(""w"", encoding=""utf-8"") as handle:",dynamic_path_operation,<review against central dai_sim.common.paths resolver>,high_dynamic_path,manual,targeted unit test plus CLI smoke from repository root
scripts/acquire_dune_hourly_gas.py,174,"return json.loads(path.read_text(encoding=""utf-8""))",dynamic_path_operation,<review against central dai_sim.common.paths resolver>,high_dynamic_path,manual,targeted unit test plus CLI smoke from repository root
scripts/acquire_dune_hourly_gas.py,239,"sql = render_sql(template_path.read_text(encoding=""utf-8""), start, end)",dynamic_path_operation,<review against central dai_sim.common.paths resolver>,high_dynamic_path,manual,targeted unit test plus CLI smoke from repository root
scripts/acquire_dune_hourly_gas.py,544,"with path.open(""x"", encoding=""utf-8"", newline="""") as handle:",dynamic_path_operation,<review against central dai_sim.common.paths resolver>,high_dynamic_path,manual,targeted unit test plus CLI smoke from repository root
scripts/acquire_dune_hourly_gas.py,558,"with path.open(""r"", encoding=""utf-8"", newline="""") as handle:",dynamic_path_operation,<review against central dai_sim.common.paths resolver>,high_dynamic_path,manual,targeted unit test plus CLI smoke from repository root
scripts/acquire_dune_hourly_gas.py,564,"if path.read_text(encoding=""utf-8"").splitlines().count(header) != 1:",dynamic_path_operation,<review against central dai_sim.common.paths resolver>,high_dynamic_path,manual,targeted unit test plus CLI smoke from repository root
scripts/acquire_dune_hourly_gas.py,578,"with temporary.open(""w"", encoding=""utf-8"", newline="""") as handle:",dynamic_path_operation,<review against central dai_sim.common.paths resolver>,high_dynamic_path,manual,targeted unit test plus CLI smoke from repository root
scripts/acquire_dune_hourly_gas.py,603,"json.loads(ledger_path.read_text(encoding=""utf-8""))",dynamic_path_operation,<review against central dai_sim.common.paths resolver>,high_dynamic_path,manual,targeted unit test plus CLI smoke from repository root
scripts/acquire_dune_hourly_gas.py,654,"payload_text = payload_file.read_text(encoding=""utf-8"")",dynamic_path_operation,<review against central dai_sim.common.paths resolver>,high_dynamic_path,manual,targeted unit test plus CLI smoke from repository root
scripts/acquire_dune_hourly_gas.py,755,"ledger = json.loads(args.ledger.read_text(encoding=""utf-8""))",dynamic_path_operation,<review against central dai_sim.common.paths resolver>,high_dynamic_path,manual,targeted unit test plus CLI smoke from repository root
scripts/acquire_dune_hourly_gas.py,780,"with raw_path.open(""r"", encoding=""utf-8"", newline="""") as handle:",dynamic_path_operation,<review against central dai_sim.common.paths resolver>,high_dynamic_path,manual,targeted unit test plus CLI smoke from repository root
scripts/acquire_dune_hourly_gas.py,799,"with args.combined.open(""r"", encoding=""utf-8"", newline="""") as handle:",dynamic_path_operation,<review against central dai_sim.common.paths resolver>,high_dynamic_path,manual,targeted unit test plus CLI smoke from repository root
scripts/acquire_dune_liquidation_diagnostic.py,8,__future__,python_import,__future__,low_external_import,retain,compileall
scripts/acquire_dune_liquidation_diagnostic.py,10,csv,python_import,csv,low_external_import,retain,compileall
scripts/acquire_dune_liquidation_diagnostic.py,11,datetime,python_import,datetime,low_external_import,retain,compileall
scripts/acquire_dune_liquidation_diagnostic.py,12,decimal,python_import,decimal,low_external_import,retain,compileall
scripts/acquire_dune_liquidation_diagnostic.py,13,hashlib,python_import,hashlib,low_external_import,retain,compileall
scripts/acquire_dune_liquidation_diagnostic.py,14,json,python_import,json,low_external_import,retain,compileall
scripts/acquire_dune_liquidation_diagnostic.py,15,os,python_import,os,low_external_import,retain,compileall
scripts/acquire_dune_liquidation_diagnostic.py,16,pathlib,python_import,pathlib,low_external_import,retain,compileall
scripts/acquire_dune_liquidation_diagnostic.py,17,re,python_import,re,low_external_import,retain,compileall
scripts/acquire_dune_liquidation_diagnostic.py,18,typing,python_import,typing,low_external_import,retain,compileall
scripts/acquire_dune_liquidation_diagnostic.py,21,PROJECT_ROOT = Path(__file__).resolve().parents[1],dynamic_path_operation,<review against central dai_sim.common.paths resolver>,high_dynamic_path,manual,targeted unit test plus CLI smoke from repository root
scripts/acquire_dune_liquidation_diagnostic.py,205,"with path.open(""rb"") as handle:",dynamic_path_operation,<review against central dai_sim.common.paths resolver>,high_dynamic_path,manual,targeted unit test plus CLI smoke from repository root
scripts/acquire_dune_liquidation_diagnostic.py,214,"with temporary.open(""w"", encoding=""utf-8"") as handle:",dynamic_path_operation,<review against central dai_sim.common.paths resolver>,high_dynamic_path,manual,targeted unit test plus CLI smoke from repository root
scripts/acquire_dune_liquidation_diagnostic.py,223,"return json.loads(path.read_text(encoding=""utf-8""))",dynamic_path_operation,<review against central dai_sim.common.paths resolver>,high_dynamic_path,manual,targeted unit test plus CLI smoke from repository root
scripts/acquire_dune_liquidation_diagnostic.py,825,"sql = sql_path.read_text(encoding=""utf-8"")",dynamic_path_operation,<review against central dai_sim.common.paths resolver>,high_dynamic_path,manual,targeted unit test plus CLI smoke from repository root
scripts/acquire_dune_liquidation_diagnostic.py,897,"with temporary.open(""x"", encoding=""utf-8"", newline="""") as handle:",dynamic_path_operation,<review against central dai_sim.common.paths resolver>,high_dynamic_path,manual,targeted unit test plus CLI smoke from repository root
scripts/acquire_dune_liquidation_diagnostic.py,903,"with temporary.open(""r"", encoding=""utf-8"", newline="""") as handle:",dynamic_path_operation,<review against central dai_sim.common.paths resolver>,high_dynamic_path,manual,targeted unit test plus CLI smoke from repository root
scripts/acquire_dune_liquidation_diagnostic_attempt3.py,8,__future__,python_import,__future__,low_external_import,retain,compileall
scripts/acquire_dune_liquidation_diagnostic_attempt3.py,10,csv,python_import,csv,low_external_import,retain,compileall
scripts/acquire_dune_liquidation_diagnostic_attempt3.py,11,datetime,python_import,datetime,low_external_import,retain,compileall
scripts/acquire_dune_liquidation_diagnostic_attempt3.py,12,decimal,python_import,decimal,low_external_import,retain,compileall
scripts/acquire_dune_liquidation_diagnostic_attempt3.py,13,hashlib,python_import,hashlib,low_external_import,retain,compileall
scripts/acquire_dune_liquidation_diagnostic_attempt3.py,14,json,python_import,json,low_external_import,retain,compileall
scripts/acquire_dune_liquidation_diagnostic_attempt3.py,15,math,python_import,math,low_external_import,retain,compileall
scripts/acquire_dune_liquidation_diagnostic_attempt3.py,16,os,python_import,os,low_external_import,retain,compileall
scripts/acquire_dune_liquidation_diagnostic_attempt3.py,17,pathlib,python_import,pathlib,low_external_import,retain,compileall
scripts/acquire_dune_liquidation_diagnostic_attempt3.py,18,re,python_import,re,low_external_import,retain,compileall
scripts/acquire_dune_liquidation_diagnostic_attempt3.py,19,statistics,python_import,statistics,low_external_import,retain,compileall
scripts/acquire_dune_liquidation_diagnostic_attempt3.py,20,tempfile,python_import,tempfile,low_external_import,retain,compileall
scripts/acquire_dune_liquidation_diagnostic_attempt3.py,21,typing,python_import,typing,low_external_import,retain,compileall
scripts/acquire_dune_liquidation_diagnostic_attempt3.py,23,scripts.acquire_dune_liquidation_diagnostic,python_import,scripts.acquire_dune_liquidation_diagnostic,low_external_import,retain,compileall
scripts/acquire_dune_liquidation_diagnostic_attempt3.py,40,PROJECT_ROOT = Path(__file__).resolve().parents[1],dynamic_path_operation,<review against central dai_sim.common.paths resolver>,high_dynamic_path,manual,targeted unit test plus CLI smoke from repository root
scripts/acquire_dune_liquidation_diagnostic_attempt3.py,170,"sql = sql_path.read_text(encoding=""utf-8"")",dynamic_path_operation,<review against central dai_sim.common.paths resolver>,high_dynamic_path,manual,targeted unit test plus CLI smoke from repository root
scripts/acquire_dune_liquidation_diagnostic_attempt3.py,196,"state = json.loads(path.read_text(encoding=""utf-8""))",dynamic_path_operation,<review against central dai_sim.common.paths resolver>,high_dynamic_path,manual,targeted unit test plus CLI smoke from repository root
scripts/acquire_dune_liquidation_diagnostic_attempt3.py,207,"descriptor = os.open(path, os.O_RDONLY)",dynamic_path_operation,<review against central dai_sim.common.paths resolver>,high_dynamic_path,manual,targeted unit test plus CLI smoke from repository root
scripts/acquire_dune_liquidation_diagnostic_attempt3.py,219,"state = json.loads(state_path.read_text(encoding=""utf-8""))",dynamic_path_operation,<review against central dai_sim.common.paths resolver>,high_dynamic_path,manual,targeted unit test plus CLI smoke from repository root
scripts/acquire_dune_liquidation_diagnostic_attempt3.py,232,"state = json.loads(state_path.read_text(encoding=""utf-8""))",dynamic_path_operation,<review against central dai_sim.common.paths resolver>,high_dynamic_path,manual,targeted unit test plus CLI smoke from repository root
scripts/acquire_dune_liquidation_diagnostic_attempt3.py,258,"state = json.loads(state_path.read_text(encoding=""utf-8""))",dynamic_path_operation,<review against central dai_sim.common.paths resolver>,high_dynamic_path,manual,targeted unit test plus CLI smoke from repository root
scripts/acquire_dune_liquidation_diagnostic_attempt3.py,259,"payload, rows, columns = _unwrap(json.loads(payload_path.read_text(encoding=""utf-8"")))",dynamic_path_operation,<review against central dai_sim.common.paths resolver>,high_dynamic_path,manual,targeted unit test plus CLI smoke from repository root
scripts/acquire_dune_liquidation_diagnostic_attempt3.py,276,partial = Path(partial_name),dynamic_path_operation,<review against central dai_sim.common.paths resolver>,high_dynamic_path,manual,targeted unit test plus CLI smoke from repository root
scripts/acquire_dune_liquidation_diagnostic_attempt3.py,277,"with partial.open(""w"", encoding=""utf-8"", newline="""") as handle:",dynamic_path_operation,<review against central dai_sim.common.paths resolver>,high_dynamic_path,manual,targeted unit test plus CLI smoke from repository root
scripts/acquire_dune_liquidation_diagnostic_attempt3.py,283,"with partial.open(""r"", encoding=""utf-8"", newline="""") as handle:",dynamic_path_operation,<review against central dai_sim.common.paths resolver>,high_dynamic_path,manual,targeted unit test plus CLI smoke from repository root
scripts/acquire_dune_liquidation_diagnostic_attempt3.py,310,"stopped = json.loads(TRANSACTION_STATE.read_text(encoding=""utf-8""))",dynamic_path_operation,<review against central dai_sim.common.paths resolver>,high_dynamic_path,manual,targeted unit test plus CLI smoke from repository root
scripts/acquire_dune_liquidation_diagnostic_attempt3.py,352,"stopped = json.loads(TRANSACTION_STATE.read_text(encoding=""utf-8""))",dynamic_path_operation,<review against central dai_sim.common.paths resolver>,high_dynamic_path,manual,targeted unit test plus CLI smoke from repository root
scripts/acquire_dune_liquidation_diagnostic_attempt3.py,374,"with ACTION_RAW.open(""r"", encoding=""utf-8"", newline="""") as handle:",dynamic_path_operation,<review against central dai_sim.common.paths resolver>,high_dynamic_path,manual,targeted unit test plus CLI smoke from repository root
scripts/acquire_dune_liquidation_diagnostic_attempt3.py,417,ingress = Path(ingress_name),dynamic_path_operation,<review against central dai_sim.common.paths resolver>,high_dynamic_path,manual,targeted unit test plus CLI smoke from repository root
scripts/acquire_dune_liquidation_diagnostic_attempt3.py,463,"with ingress_path.open(""r"", encoding=""utf-8"") as handle:",dynamic_path_operation,<review against central dai_sim.common.paths resolver>,high_dynamic_path,manual,targeted unit test plus CLI smoke from repository root
scripts/acquire_dune_liquidation_diagnostic_attempt3.py,735,"with temporary.open(""x"", encoding=""utf-8"") as handle:",dynamic_path_operation,<review against central dai_sim.common.paths resolver>,high_dynamic_path,manual,targeted unit test plus CLI smoke from repository root
scripts/acquire_dune_liquidation_diagnostic_attempt3.py,744,"with path.open(""r"", encoding=""utf-8"", newline="""") as handle:",dynamic_path_operation,<review against central dai_sim.common.paths resolver>,high_dynamic_path,manual,targeted unit test plus CLI smoke from repository root
scripts/acquire_dune_liquidation_diagnostic_attempt3.py,904,"with path.open(""r"", encoding=""utf-8"", newline="""") as handle:",dynamic_path_operation,<review against central dai_sim.common.paths resolver>,high_dynamic_path,manual,targeted unit test plus CLI smoke from repository root
scripts/acquire_dune_liquidation_diagnostic_attempt3.py,965,"with path.open(""r"", encoding=""utf-8"", newline="""") as handle:",dynamic_path_operation,<review against central dai_sim.common.paths resolver>,high_dynamic_path,manual,targeted unit test plus CLI smoke from repository root
scripts/acquire_dune_liquidations.py,9,__future__,python_import,__future__,low_external_import,retain,compileall
scripts/acquire_dune_liquidations.py,11,csv,python_import,csv,low_external_import,retain,compileall
scripts/acquire_dune_liquidations.py,12,dataclasses,python_import,dataclasses,low_external_import,retain,compileall
scripts/acquire_dune_liquidations.py,13,datetime,python_import,datetime,low_external_import,retain,compileall
scripts/acquire_dune_liquidations.py,14,decimal,python_import,decimal,low_external_import,retain,compileall
scripts/acquire_dune_liquidations.py,15,hashlib,python_import,hashlib,low_external_import,retain,compileall
scripts/acquire_dune_liquidations.py,16,json,python_import,json,low_external_import,retain,compileall
scripts/acquire_dune_liquidations.py,17,os,python_import,os,low_external_import,retain,compileall
scripts/acquire_dune_liquidations.py,18,pathlib,python_import,pathlib,low_external_import,retain,compileall
scripts/acquire_dune_liquidations.py,19,re,python_import,re,low_external_import,retain,compileall
scripts/acquire_dune_liquidations.py,20,tempfile,python_import,tempfile,low_external_import,retain,compileall
scripts/acquire_dune_liquidations.py,21,typing,python_import,typing,low_external_import,retain,compileall
scripts/acquire_dune_liquidations.py,23,pandas,python_import,pandas,low_external_import,retain,compileall
scripts/acquire_dune_liquidations.py,25,scripts.acquire_dune_liquidation_diagnostic,python_import,scripts.acquire_dune_liquidation_diagnostic,low_external_import,retain,compileall
scripts/acquire_dune_liquidations.py,29,scripts.acquire_dune_liquidation_diagnostic_attempt3,python_import,scripts.acquire_dune_liquidation_diagnostic_attempt3,low_external_import,retain,compileall
scripts/acquire_dune_liquidations.py,37,PROJECT_ROOT = Path(__file__).resolve().parents[1],dynamic_path_operation,<review against central dai_sim.common.paths resolver>,high_dynamic_path,manual,targeted unit test plus CLI smoke from repository root
scripts/acquire_dune_liquidations.py,139,"template = template_path.read_text(encoding=""utf-8"")",dynamic_path_operation,<review against central dai_sim.common.paths resolver>,high_dynamic_path,manual,targeted unit test plus CLI smoke from repository root
scripts/acquire_dune_liquidations.py,236,temporary = Path(temporary_name),dynamic_path_operation,<review against central dai_sim.common.paths resolver>,high_dynamic_path,manual,targeted unit test plus CLI smoke from repository root
scripts/acquire_dune_liquidations.py,248,"state = json.loads(paths[""state""].read_text(encoding=""utf-8""))",dynamic_path_operation,<review against central dai_sim.common.paths resolver>,high_dynamic_path,manual,targeted unit test plus CLI smoke from repository root
scripts/acquire_dune_liquidations.py,285,"state = json.loads(path.read_text(encoding=""utf-8""))",dynamic_path_operation,<review against central dai_sim.common.paths resolver>,high_dynamic_path,manual,targeted unit test plus CLI smoke from repository root
scripts/acquire_dune_liquidations.py,295,"manifest = json.loads(MANIFEST.read_text(encoding=""utf-8"")) if MANIFEST.exists() else {",dynamic_path_operation,<review against central dai_sim.common.paths resolver>,high_dynamic_path,manual,targeted unit test plus CLI smoke from repository root
scripts/acquire_dune_liquidations.py,373,"state = json.loads(paths[""state""].read_text(encoding=""utf-8""))",dynamic_path_operation,<review against central dai_sim.common.paths resolver>,high_dynamic_path,manual,targeted unit test plus CLI smoke from repository root
scripts/acquire_dune_liquidations.py,374,"response = json.loads(ingress.read_text(encoding=""utf-8""))",dynamic_path_operation,<review against central dai_sim.common.paths resolver>,high_dynamic_path,manual,targeted unit test plus CLI smoke from repository root
scripts/acquire_dune_liquidations.py,389,"action_rows, _ = read_csv(chunk_paths(chunk, ""action"")[""raw""])",dynamic_path_operation,<review against central dai_sim.common.paths resolver>,high_dynamic_path,manual,targeted unit test plus CLI smoke from repository root
scripts/acquire_dune_liquidations.py,401,partial = Path(partial_name),dynamic_path_operation,<review against central dai_sim.common.paths resolver>,high_dynamic_path,manual,targeted unit test plus CLI smoke from repository root
scripts/acquire_dune_liquidations.py,402,"with partial.open(""w"", encoding=""utf-8"", newline="""") as handle:",dynamic_path_operation,<review against central dai_sim.common.paths resolver>,high_dynamic_path,manual,targeted unit test plus CLI smoke from repository root
scripts/acquire_dune_liquidations.py,408,"parsed, parsed_columns = read_csv(partial)",dynamic_path_operation,<review against central dai_sim.common.paths resolver>,high_dynamic_path,manual,targeted unit test plus CLI smoke from repository root
scripts/acquire_dune_liquidations.py,438,"def read_csv(path: Path) -> tuple[list[dict[str, Any]], list[str]]:",dynamic_path_operation,<review against central dai_sim.common.paths resolver>,high_dynamic_path,manual,targeted unit test plus CLI smoke from repository root
scripts/acquire_dune_liquidations.py,439,"with path.open(""r"", encoding=""utf-8"", newline="""") as handle:",dynamic_path_operation,<review against central dai_sim.common.paths resolver>,high_dynamic_path,manual,targeted unit test plus CLI smoke from repository root
scripts/acquire_dune_liquidations.py,449,"action_rows, action_columns = read_csv(action_paths[""raw""])",dynamic_path_operation,<review against central dai_sim.common.paths resolver>,high_dynamic_path,manual,targeted unit test plus CLI smoke from repository root
scripts/acquire_dune_liquidations.py,451,"state = json.loads(transaction_paths[""state""].read_text(encoding=""utf-8""))",dynamic_path_operation,<review against central dai_sim.common.paths resolver>,high_dynamic_path,manual,targeted unit test plus CLI smoke from repository root
scripts/acquire_dune_liquidations.py,452,"sql_text = transaction_paths[""sql""].read_text(encoding=""utf-8"")",dynamic_path_operation,<review against central dai_sim.common.paths resolver>,high_dynamic_path,manual,targeted unit test plus CLI smoke from repository root
scripts/acquire_dune_liquidations.py,453,"failed_payload = Path(PROJECT_ROOT, state.get(""failed_payload_path"", """"))",dynamic_path_operation,<review against central dai_sim.common.paths resolver>,high_dynamic_path,manual,targeted unit test plus CLI smoke from repository root
scripts/acquire_dune_liquidations.py,529,"chunk_paths(CHUNKS[17], ""transaction"")[""state""].read_text(encoding=""utf-8"")",dynamic_path_operation,<review against central dai_sim.common.paths resolver>,high_dynamic_path,manual,targeted unit test plus CLI smoke from repository root
scripts/acquire_dune_liquidations.py,540,"state = json.loads(CHUNK_18_RECOVERY_STATE.read_text(encoding=""utf-8""))",dynamic_path_operation,<review against central dai_sim.common.paths resolver>,high_dynamic_path,manual,targeted unit test plus CLI smoke from repository root
scripts/acquire_dune_liquidations.py,568,"recovery = json.loads(CHUNK_18_RECOVERY_STATE.read_text(encoding=""utf-8""))",dynamic_path_operation,<review against central dai_sim.common.paths resolver>,high_dynamic_path,manual,targeted unit test plus CLI smoke from repository root
scripts/acquire_dune_liquidations.py,580,ingress = Path(ingress_name),dynamic_path_operation,<review against central dai_sim.common.paths resolver>,high_dynamic_path,manual,targeted unit test plus CLI smoke from repository root
scripts/acquire_dune_liquidations.py,609,"validation = json.loads(transaction_paths[""validation""].read_text(encoding=""utf-8""))",dynamic_path_operation,<review against central dai_sim.common.paths resolver>,high_dynamic_path,manual,targeted unit test plus CLI smoke from repository root
scripts/acquire_dune_liquidations.py,610,"action_rows, _ = read_csv(chunk_paths(CHUNKS[17], ""action"")[""raw""])",dynamic_path_operation,<review against central dai_sim.common.paths resolver>,high_dynamic_path,manual,targeted unit test plus CLI smoke from repository root
scripts/acquire_dune_liquidations.py,611,"transaction_rows, _ = read_csv(transaction_paths[""raw""])",dynamic_path_operation,<review against central dai_sim.common.paths resolver>,high_dynamic_path,manual,targeted unit test plus CLI smoke from repository root
scripts/acquire_dune_liquidations.py,642,"manifest = json.loads(MANIFEST.read_text(encoding=""utf-8""))",dynamic_path_operation,<review against central dai_sim.common.paths resolver>,high_dynamic_path,manual,targeted unit test plus CLI smoke from repository root
scripts/acquire_dune_liquidations.py,655,"action_rows, action_columns = read_csv(action_paths[""raw""])",dynamic_path_operation,<review against central dai_sim.common.paths resolver>,high_dynamic_path,manual,targeted unit test plus CLI smoke from repository root
scripts/acquire_dune_liquidations.py,657,"original = json.loads(transaction_paths[""state""].read_text(encoding=""utf-8""))",dynamic_path_operation,<review against central dai_sim.common.paths resolver>,high_dynamic_path,manual,targeted unit test plus CLI smoke from repository root
scripts/acquire_dune_liquidations.py,658,"recovery = json.loads(CHUNK_18_RECOVERY_STATE.read_text(encoding=""utf-8""))",dynamic_path_operation,<review against central dai_sim.common.paths resolver>,high_dynamic_path,manual,targeted unit test plus CLI smoke from repository root
scripts/acquire_dune_liquidations.py,659,"sql_text = transaction_paths[""sql""].read_text(encoding=""utf-8"")",dynamic_path_operation,<review against central dai_sim.common.paths resolver>,high_dynamic_path,manual,targeted unit test plus CLI smoke from repository root
scripts/acquire_dune_liquidations.py,671,"""original_timeout_payload_preserved"": Path(",dynamic_path_operation,<review against central dai_sim.common.paths resolver>,high_dynamic_path,manual,targeted unit test plus CLI smoke from repository root
scripts/acquire_dune_liquidations.py,720,"state = json.loads(CHUNK_18_REPLACEMENT_STATE.read_text(encoding=""utf-8""))",dynamic_path_operation,<review against central dai_sim.common.paths resolver>,high_dynamic_path,manual,targeted unit test plus CLI smoke from repository root
scripts/acquire_dune_liquidations.py,735,"replacement = json.loads(CHUNK_18_REPLACEMENT_STATE.read_text(encoding=""utf-8""))",dynamic_path_operation,<review against central dai_sim.common.paths resolver>,high_dynamic_path,manual,targeted unit test plus CLI smoke from repository root
scripts/acquire_dune_liquidations.py,753,"row[""tx_hash""].lower() for row in read_csv(chunk_paths(chunk, ""action"")[""raw""])[0]",dynamic_path_operation,<review against central dai_sim.common.paths resolver>,high_dynamic_path,manual,targeted unit test plus CLI smoke from repository root
scripts/acquire_dune_liquidations.py,766,partial = Path(partial_name),dynamic_path_operation,<review against central dai_sim.common.paths resolver>,high_dynamic_path,manual,targeted unit test plus CLI smoke from repository root
scripts/acquire_dune_liquidations.py,767,"with partial.open(""w"", encoding=""utf-8"", newline="""") as handle:",dynamic_path_operation,<review against central dai_sim.common.paths resolver>,high_dynamic_path,manual,targeted unit test plus CLI smoke from repository root
scripts/acquire_dune_liquidations.py,773,"parsed, parsed_columns = read_csv(partial)",dynamic_path_operation,<review against central dai_sim.common.paths resolver>,high_dynamic_path,manual,targeted unit test plus CLI smoke from repository root
scripts/acquire_dune_liquidations.py,779,"action_rows, _ = read_csv(chunk_paths(chunk, ""action"")[""raw""])",dynamic_path_operation,<review against central dai_sim.common.paths resolver>,high_dynamic_path,manual,targeted unit test plus CLI smoke from repository root
scripts/acquire_dune_liquidations.py,831,"action_rows, action_columns = read_csv(chunk_paths(chunk, ""action"")[""raw""])",dynamic_path_operation,<review against central dai_sim.common.paths resolver>,high_dynamic_path,manual,targeted unit test plus CLI smoke from repository root
scripts/acquire_dune_liquidations.py,833,"replacement = json.loads(CHUNK_18_REPLACEMENT_STATE.read_text(encoding=""utf-8""))",dynamic_path_operation,<review against central dai_sim.common.paths resolver>,high_dynamic_path,manual,targeted unit test plus CLI smoke from repository root
scripts/acquire_dune_liquidations.py,905,"state = json.loads(CHUNK_18_COMPLETED_RECOVERY_STATE.read_text(encoding=""utf-8""))",dynamic_path_operation,<review against central dai_sim.common.paths resolver>,high_dynamic_path,manual,targeted unit test plus CLI smoke from repository root
scripts/acquire_dune_liquidations.py,946,"action_state = json.loads(chunk_paths(chunk, ""action"")[""state""].read_text(encoding=""utf-8""))",dynamic_path_operation,<review against central dai_sim.common.paths resolver>,high_dynamic_path,manual,targeted unit test plus CLI smoke from repository root
scripts/acquire_dune_liquidations.py,949,"action_rows, _ = read_csv(chunk_paths(chunk, ""action"")[""raw""])",dynamic_path_operation,<review against central dai_sim.common.paths resolver>,high_dynamic_path,manual,targeted unit test plus CLI smoke from repository root
scripts/acquire_dune_liquidations.py,964,"action_state = json.loads(action.read_text(encoding=""utf-8""))",dynamic_path_operation,<review against central dai_sim.common.paths resolver>,high_dynamic_path,manual,targeted unit test plus CLI smoke from repository root
scripts/acquire_dune_liquidations.py,969,"transaction_state = json.loads(transaction.read_text(encoding=""utf-8""))",dynamic_path_operation,<review against central dai_sim.common.paths resolver>,high_dynamic_path,manual,targeted unit test plus CLI smoke from repository root
scripts/acquire_dune_liquidations.py,1029,"state = json.loads(LEGACY_STATE.read_text(encoding=""utf-8""))",dynamic_path_operation,<review against central dai_sim.common.paths resolver>,high_dynamic_path,manual,targeted unit test plus CLI smoke from repository root
scripts/acquire_dune_liquidations.py,1048,"state = json.loads(LEGACY_STATE.read_text(encoding=""utf-8""))",dynamic_path_operation,<review against central dai_sim.common.paths resolver>,high_dynamic_path,manual,targeted unit test plus CLI smoke from repository root
scripts/acquire_dune_liquidations.py,1055,"parsed, parsed_columns = read_csv(LEGACY_RAW)",dynamic_path_operation,<review against central dai_sim.common.paths resolver>,high_dynamic_path,manual,targeted unit test plus CLI smoke from repository root
scripts/acquire_dune_liquidations.py,1132,"state = json.loads(LEGACY_CORRECTED_STATE.read_text(encoding=""utf-8""))",dynamic_path_operation,<review against central dai_sim.common.paths resolver>,high_dynamic_path,manual,targeted unit test plus CLI smoke from repository root
scripts/acquire_dune_liquidations.py,1151,"state = json.loads(LEGACY_CORRECTED_STATE.read_text(encoding=""utf-8""))",dynamic_path_operation,<review against central dai_sim.common.paths resolver>,high_dynamic_path,manual,targeted unit test plus CLI smoke from repository root
scripts/acquire_dune_liquidations.py,1163,"parsed, parsed_columns = read_csv(LEGACY_CORRECTED_RAW)",dynamic_path_operation,<review against central dai_sim.common.paths resolver>,high_dynamic_path,manual,targeted unit test plus CLI smoke from repository root
scripts/acquire_dune_liquidations.py,1216,temporary = Path(temporary_name),dynamic_path_operation,<review against central dai_sim.common.paths resolver>,high_dynamic_path,manual,targeted unit test plus CLI smoke from repository root
scripts/acquire_dune_liquidations.py,1234,"state = json.loads(path.read_text(encoding=""utf-8""))",dynamic_path_operation,<review against central dai_sim.common.paths resolver>,high_dynamic_path,manual,targeted unit test plus CLI smoke from repository root
scripts/acquire_dune_liquidations.py,1250,"action_rows, action_columns = read_csv(chunk_paths(chunk, ""action"")[""raw""])",dynamic_path_operation,<review against central dai_sim.common.paths resolver>,high_dynamic_path,manual,targeted unit test plus CLI smoke from repository root
scripts/acquire_dune_liquidations.py,1254,"tx_rows, tx_columns = read_csv(chunk_paths(chunk, ""transaction"")[""raw""])",dynamic_path_operation,<review against central dai_sim.common.paths resolver>,high_dynamic_path,manual,targeted unit test plus CLI smoke from repository root
scripts/acquire_dune_liquidations.py,1316,"actions, action_columns = read_csv(ACTION_COMBINED)",dynamic_path_operation,<review against central dai_sim.common.paths resolver>,high_dynamic_path,manual,targeted unit test plus CLI smoke from repository root
scripts/acquire_dune_liquidations.py,1317,"transactions, transaction_columns = read_csv(TRANSACTION_COMBINED)",dynamic_path_operation,<review against central dai_sim.common.paths resolver>,high_dynamic_path,manual,targeted unit test plus CLI smoke from repository root
scripts/acquire_dune_liquidations.py,1335,"len(read_csv(chunk_paths(chunk, ""transaction"")[""raw""])[0]) for chunk in CHUNKS",dynamic_path_operation,<review against central dai_sim.common.paths resolver>,high_dynamic_path,manual,targeted unit test plus CLI smoke from repository root
scripts/acquire_dune_liquidations.py,1442,"market = pd.read_csv(MARKET_PANEL, usecols=[""timestamp_utc"", ""eth_price_usd""])",dynamic_path_operation,<review against central dai_sim.common.paths resolver>,high_dynamic_path,manual,targeted unit test plus CLI smoke from repository root
scripts/acquire_dune_liquidations.py,1443,"gas = pd.read_csv(GAS_PANEL, usecols=[",dynamic_path_operation,<review against central dai_sim.common.paths resolver>,high_dynamic_path,manual,targeted unit test plus CLI smoke from repository root
scripts/acquire_dune_liquidations.py,1558,"legacy = json.loads(LEGACY_CORRECTED_STATE.read_text(encoding=""utf-8""))",dynamic_path_operation,<review against central dai_sim.common.paths resolver>,high_dynamic_path,manual,targeted unit test plus CLI smoke from repository root
scripts/acquire_dune_liquidations.py,1571,"actions, action_columns = read_csv(ACTION_COMBINED)",dynamic_path_operation,<review against central dai_sim.common.paths resolver>,high_dynamic_path,manual,targeted unit test plus CLI smoke from repository root
scripts/acquire_dune_liquidations.py,1572,"transactions, transaction_columns = read_csv(TRANSACTION_COMBINED)",dynamic_path_operation,<review against central dai_sim.common.paths resolver>,high_dynamic_path,manual,targeted unit test plus CLI smoke from repository root
scripts/acquire_dune_liquidations.py,1657,"manifest = json.loads(MANIFEST.read_text(encoding=""utf-8""))",dynamic_path_operation,<review against central dai_sim.common.paths resolver>,high_dynamic_path,manual,targeted unit test plus CLI smoke from repository root
scripts/acquire_dune_market_prices.py,8,__future__,python_import,__future__,low_external_import,retain,compileall
scripts/acquire_dune_market_prices.py,10,argparse,python_import,argparse,low_external_import,retain,compileall
scripts/acquire_dune_market_prices.py,11,csv,python_import,csv,low_external_import,retain,compileall
scripts/acquire_dune_market_prices.py,12,datetime,python_import,datetime,low_external_import,retain,compileall
scripts/acquire_dune_market_prices.py,13,hashlib,python_import,hashlib,low_external_import,retain,compileall
scripts/acquire_dune_market_prices.py,14,json,python_import,json,low_external_import,retain,compileall
scripts/acquire_dune_market_prices.py,15,os,python_import,os,low_external_import,retain,compileall
scripts/acquire_dune_market_prices.py,16,pathlib,python_import,pathlib,low_external_import,retain,compileall
scripts/acquire_dune_market_prices.py,17,shutil,python_import,shutil,low_external_import,retain,compileall
scripts/acquire_dune_market_prices.py,18,sys,python_import,sys,low_external_import,retain,compileall
scripts/acquire_dune_market_prices.py,19,time,python_import,time,low_external_import,retain,compileall
scripts/acquire_dune_market_prices.py,20,typing,python_import,typing,low_external_import,retain,compileall
scripts/acquire_dune_market_prices.py,21,urllib.error,python_import,urllib.error,low_external_import,retain,compileall
scripts/acquire_dune_market_prices.py,22,urllib.parse,python_import,urllib.parse,low_external_import,retain,compileall
scripts/acquire_dune_market_prices.py,23,urllib.request,python_import,urllib.request,low_external_import,retain,compileall
scripts/acquire_dune_market_prices.py,26,validate_dune_market_prices,python_import,validate_dune_market_prices,low_external_import,retain,compileall
scripts/acquire_dune_market_prices.py,28,.validate_dune_market_prices,python_import,.validate_dune_market_prices,high_import,codemod_then_manual_review,import smoke; compileall; pytest; Experiments 1-5 regression
scripts/acquire_dune_market_prices.py,32,DEFAULT_OUTPUT = Path(,dynamic_path_operation,<review against central dai_sim.common.paths resolver>,high_dynamic_path,manual,targeted unit test plus CLI smoke from repository root
scripts/acquire_dune_market_prices.py,33,data/raw/market/dune_prices_hourly_2021-06-01_2024-06-30.csv,literal_path,data/market/raw/dune_prices_hourly_2021-06-01_2024-06-30.csv,high_path,mapping_driven_then_manual_review,existence; manifest/checksum/path-metadata reconciliation
scripts/acquire_dune_market_prices.py,35,data/provenance/manifests/data_manifest.csv,literal_path,data/provenance/data_manifest.csv,high_path,mapping_driven_then_manual_review,existence; manifest/checksum/path-metadata reconciliation
scripts/acquire_dune_market_prices.py,36,data/provenance/market,literal_path,data/provenance/market,high_path,mapping_driven_then_manual_review,existence; manifest/checksum/path-metadata reconciliation
scripts/acquire_dune_market_prices.py,37,sql/dune_hourly_market_prices.sql,literal_path,sql/market/templates/hourly_prices.sql,high_path,mapping_driven_then_manual_review,SQL checksum and provenance reconciliation
scripts/acquire_dune_market_prices.py,168,"with temporary.open(""w"", encoding=""utf-8"") as handle:",dynamic_path_operation,<review against central dai_sim.common.paths resolver>,high_dynamic_path,manual,targeted unit test plus CLI smoke from repository root
scripts/acquire_dune_market_prices.py,232,"state = json.loads(download_state_path.read_text(encoding=""utf-8""))",dynamic_path_operation,<review against central dai_sim.common.paths resolver>,high_dynamic_path,manual,targeted unit test plus CLI smoke from repository root
scripts/acquire_dune_market_prices.py,279,"with partial_output.open(""wb"") as destination:",dynamic_path_operation,<review against central dai_sim.common.paths resolver>,high_dynamic_path,manual,targeted unit test plus CLI smoke from repository root
scripts/acquire_dune_market_prices.py,305,"with path.open(""r"", encoding=""utf-8"", newline="""") as handle:",dynamic_path_operation,<review against central dai_sim.common.paths resolver>,high_dynamic_path,manual,targeted unit test plus CLI smoke from repository root
scripts/acquire_dune_market_prices.py,330,"with path.open(""rb"") as handle:",dynamic_path_operation,<review against central dai_sim.common.paths resolver>,high_dynamic_path,manual,targeted unit test plus CLI smoke from repository root
scripts/acquire_dune_market_prices.py,350,"with manifest_path.open(""r"", encoding=""utf-8"", newline="""") as handle:",dynamic_path_operation,<review against central dai_sim.common.paths resolver>,high_dynamic_path,manual,targeted unit test plus CLI smoke from repository root
scripts/acquire_dune_market_prices.py,413,"with manifest_path.open(""a"", encoding=""utf-8"", newline="""") as handle:",dynamic_path_operation,<review against central dai_sim.common.paths resolver>,high_dynamic_path,manual,targeted unit test plus CLI smoke from repository root
scripts/acquire_dune_protocol_parameter_history.py,9,__future__,python_import,__future__,low_external_import,retain,compileall
scripts/acquire_dune_protocol_parameter_history.py,11,argparse,python_import,argparse,low_external_import,retain,compileall
scripts/acquire_dune_protocol_parameter_history.py,12,csv,python_import,csv,low_external_import,retain,compileall
scripts/acquire_dune_protocol_parameter_history.py,13,dataclasses,python_import,dataclasses,low_external_import,retain,compileall
scripts/acquire_dune_protocol_parameter_history.py,14,decimal,python_import,decimal,low_external_import,retain,compileall
scripts/acquire_dune_protocol_parameter_history.py,15,datetime,python_import,datetime,low_external_import,retain,compileall
scripts/acquire_dune_protocol_parameter_history.py,16,hashlib,python_import,hashlib,low_external_import,retain,compileall
scripts/acquire_dune_protocol_parameter_history.py,17,json,python_import,json,low_external_import,retain,compileall
scripts/acquire_dune_protocol_parameter_history.py,18,math,python_import,math,low_external_import,retain,compileall
scripts/acquire_dune_protocol_parameter_history.py,19,os,python_import,os,low_external_import,retain,compileall
scripts/acquire_dune_protocol_parameter_history.py,20,pathlib,python_import,pathlib,low_external_import,retain,compileall
scripts/acquire_dune_protocol_parameter_history.py,21,re,python_import,re,low_external_import,retain,compileall
scripts/acquire_dune_protocol_parameter_history.py,22,tempfile,python_import,tempfile,low_external_import,retain,compileall
scripts/acquire_dune_protocol_parameter_history.py,23,time,python_import,time,low_external_import,retain,compileall
scripts/acquire_dune_protocol_parameter_history.py,24,typing,python_import,typing,low_external_import,retain,compileall
scripts/acquire_dune_protocol_parameter_history.py,25,urllib.error,python_import,urllib.error,low_external_import,retain,compileall
scripts/acquire_dune_protocol_parameter_history.py,26,urllib.parse,python_import,urllib.parse,low_external_import,retain,compileall
scripts/acquire_dune_protocol_parameter_history.py,27,urllib.request,python_import,urllib.request,low_external_import,retain,compileall
scripts/acquire_dune_protocol_parameter_history.py,29,pandas,python_import,pandas,low_external_import,retain,compileall
scripts/acquire_dune_protocol_parameter_history.py,32,ROOT = Path(__file__).resolve().parents[1],dynamic_path_operation,<review against central dai_sim.common.paths resolver>,high_dynamic_path,manual,targeted unit test plus CLI smoke from repository root
scripts/acquire_dune_protocol_parameter_history.py,205,"with path.open(""rb"") as handle:",dynamic_path_operation,<review against central dai_sim.common.paths resolver>,high_dynamic_path,manual,targeted unit test plus CLI smoke from repository root
scripts/acquire_dune_protocol_parameter_history.py,228,"descriptor = os.open(path, os.O_RDONLY)",dynamic_path_operation,<review against central dai_sim.common.paths resolver>,high_dynamic_path,manual,targeted unit test plus CLI smoke from repository root
scripts/acquire_dune_protocol_parameter_history.py,240,"with temporary.open(""w"", encoding=""utf-8"") as handle:",dynamic_path_operation,<review against central dai_sim.common.paths resolver>,high_dynamic_path,manual,targeted unit test plus CLI smoke from repository root
scripts/acquire_dune_protocol_parameter_history.py,252,"frame.to_csv(temporary, index=False, lineterminator=""\n"")",dynamic_path_operation,<review against central dai_sim.common.paths resolver>,high_dynamic_path,manual,targeted unit test plus CLI smoke from repository root
scripts/acquire_dune_protocol_parameter_history.py,253,"with temporary.open(""rb+"") as handle:",dynamic_path_operation,<review against central dai_sim.common.paths resolver>,high_dynamic_path,manual,targeted unit test plus CLI smoke from repository root
scripts/acquire_dune_protocol_parameter_history.py,287,"sql = spec.sql_path.read_text(encoding=""utf-8"")",dynamic_path_operation,<review against central dai_sim.common.paths resolver>,high_dynamic_path,manual,targeted unit test plus CLI smoke from repository root
scripts/acquire_dune_protocol_parameter_history.py,314,"state = json.loads(spec.state_path.read_text(encoding=""utf-8""))",dynamic_path_operation,<review against central dai_sim.common.paths resolver>,high_dynamic_path,manual,targeted unit test plus CLI smoke from repository root
scripts/acquire_dune_protocol_parameter_history.py,327,"evidence = json.loads(VAT_ACTIVATION_EVIDENCE_PATH.read_text(encoding=""utf-8""))",dynamic_path_operation,<review against central dai_sim.common.paths resolver>,high_dynamic_path,manual,targeted unit test plus CLI smoke from repository root
scripts/acquire_dune_protocol_parameter_history.py,366,"evidence = json.loads(VAT_ACTIVATION_EVIDENCE_PATH.read_text(encoding=""utf-8""))",dynamic_path_operation,<review against central dai_sim.common.paths resolver>,high_dynamic_path,manual,targeted unit test plus CLI smoke from repository root
scripts/acquire_dune_protocol_parameter_history.py,591,"CLIPPER_STOPPED_MINIMAL_PAYLOAD_PATH.read_text(encoding=""utf-8"")",dynamic_path_operation,<review against central dai_sim.common.paths resolver>,high_dynamic_path,manual,targeted unit test plus CLI smoke from repository root
scripts/acquire_dune_protocol_parameter_history.py,620,partial = Path(partial_name),dynamic_path_operation,<review against central dai_sim.common.paths resolver>,high_dynamic_path,manual,targeted unit test plus CLI smoke from repository root
scripts/acquire_dune_protocol_parameter_history.py,630,"with partial.open(""r"", encoding=""utf-8"", newline="""") as handle:",dynamic_path_operation,<review against central dai_sim.common.paths resolver>,high_dynamic_path,manual,targeted unit test plus CLI smoke from repository root
scripts/acquire_dune_protocol_parameter_history.py,684,"evidence = json.loads(CLIPPER_STOPPED_EVIDENCE_PATH.read_text(encoding=""utf-8""))",dynamic_path_operation,<review against central dai_sim.common.paths resolver>,high_dynamic_path,manual,targeted unit test plus CLI smoke from repository root
scripts/acquire_dune_protocol_parameter_history.py,932,"evidence = json.loads(VAT_ACTIVATION_EVIDENCE_PATH.read_text(encoding=""utf-8""))",dynamic_path_operation,<review against central dai_sim.common.paths resolver>,high_dynamic_path,manual,targeted unit test plus CLI smoke from repository root
scripts/acquire_dune_protocol_parameter_history.py,1041,"state = json.loads(spec.state_path.read_text(encoding=""utf-8""))",dynamic_path_operation,<review against central dai_sim.common.paths resolver>,high_dynamic_path,manual,targeted unit test plus CLI smoke from repository root
scripts/acquire_dune_protocol_parameter_history.py,1042,"payload = json.loads(spec.payload_path.read_text(encoding=""utf-8""))",dynamic_path_operation,<review against central dai_sim.common.paths resolver>,high_dynamic_path,manual,targeted unit test plus CLI smoke from repository root
scripts/acquire_dune_protocol_parameter_history.py,1116,"state = json.loads(spec.state_path.read_text(encoding=""utf-8""))",dynamic_path_operation,<review against central dai_sim.common.paths resolver>,high_dynamic_path,manual,targeted unit test plus CLI smoke from repository root
scripts/acquire_dune_protocol_parameter_history.py,1155,partial = Path(partial_name),dynamic_path_operation,<review against central dai_sim.common.paths resolver>,high_dynamic_path,manual,targeted unit test plus CLI smoke from repository root
scripts/acquire_dune_protocol_parameter_history.py,1165,"with partial.open(""r"", encoding=""utf-8"", newline="""") as handle:",dynamic_path_operation,<review against central dai_sim.common.paths resolver>,high_dynamic_path,manual,targeted unit test plus CLI smoke from repository root
scripts/acquire_dune_protocol_parameter_history.py,1222,"prior_state = json.loads(spec.state_path.read_text(encoding=""utf-8""))",dynamic_path_operation,<review against central dai_sim.common.paths resolver>,high_dynamic_path,manual,targeted unit test plus CLI smoke from repository root
scripts/acquire_dune_protocol_parameter_history.py,1285,"state = json.loads(spec.state_path.read_text(encoding=""utf-8""))",dynamic_path_operation,<review against central dai_sim.common.paths resolver>,high_dynamic_path,manual,targeted unit test plus CLI smoke from repository root
scripts/acquire_dune_protocol_parameter_history.py,1360,"with spec.raw_path.open(""r"", encoding=""utf-8"", newline="""") as handle:",dynamic_path_operation,<review against central dai_sim.common.paths resolver>,high_dynamic_path,manual,targeted unit test plus CLI smoke from repository root
scripts/acquire_dune_protocol_parameter_history.py,1416,"state = json.loads(spec.state_path.read_text(encoding=""utf-8""))",dynamic_path_operation,<review against central dai_sim.common.paths resolver>,high_dynamic_path,manual,targeted unit test plus CLI smoke from repository root
scripts/acquire_dune_protocol_parameter_history.py,1419,"frame = pd.read_csv(spec.raw_path, dtype={""raw_value"": str, ""auxiliary_raw_value"": str})",dynamic_path_operation,<review against central dai_sim.common.paths resolver>,high_dynamic_path,manual,targeted unit test plus CLI smoke from repository root
scripts/acquire_dune_protocol_parameters.py,8,__future__,python_import,__future__,low_external_import,retain,compileall
scripts/acquire_dune_protocol_parameters.py,10,argparse,python_import,argparse,low_external_import,retain,compileall
scripts/acquire_dune_protocol_parameters.py,11,csv,python_import,csv,low_external_import,retain,compileall
scripts/acquire_dune_protocol_parameters.py,12,decimal,python_import,decimal,low_external_import,retain,compileall
scripts/acquire_dune_protocol_parameters.py,13,hashlib,python_import,hashlib,low_external_import,retain,compileall
scripts/acquire_dune_protocol_parameters.py,14,json,python_import,json,low_external_import,retain,compileall
scripts/acquire_dune_protocol_parameters.py,15,math,python_import,math,low_external_import,retain,compileall
scripts/acquire_dune_protocol_parameters.py,16,os,python_import,os,low_external_import,retain,compileall
scripts/acquire_dune_protocol_parameters.py,17,pathlib,python_import,pathlib,low_external_import,retain,compileall
scripts/acquire_dune_protocol_parameters.py,18,re,python_import,re,low_external_import,retain,compileall
scripts/acquire_dune_protocol_parameters.py,19,typing,python_import,typing,low_external_import,retain,compileall
scripts/acquire_dune_protocol_parameters.py,22,ROOT = Path(__file__).resolve().parents[1],dynamic_path_operation,<review against central dai_sim.common.paths resolver>,high_dynamic_path,manual,targeted unit test plus CLI smoke from repository root
scripts/acquire_dune_protocol_parameters.py,51,"with path.open(""rb"") as handle:",dynamic_path_operation,<review against central dai_sim.common.paths resolver>,high_dynamic_path,manual,targeted unit test plus CLI smoke from repository root
scripts/acquire_dune_protocol_parameters.py,68,"with temporary.open(""w"", encoding=""utf-8"") as handle:",dynamic_path_operation,<review against central dai_sim.common.paths resolver>,high_dynamic_path,manual,targeted unit test plus CLI smoke from repository root
scripts/acquire_dune_protocol_parameters.py,75,"descriptor = os.open(path.parent, os.O_RDONLY)",dynamic_path_operation,<review against central dai_sim.common.paths resolver>,high_dynamic_path,manual,targeted unit test plus CLI smoke from repository root
scripts/acquire_dune_protocol_parameters.py,122,"report = validate_sql(SQL_PATH.read_text(encoding=""utf-8""))",dynamic_path_operation,<review against central dai_sim.common.paths resolver>,high_dynamic_path,manual,targeted unit test plus CLI smoke from repository root
scripts/acquire_dune_protocol_parameters.py,149,"state = json.loads(STATE_PATH.read_text(encoding=""utf-8""))",dynamic_path_operation,<review against central dai_sim.common.paths resolver>,high_dynamic_path,manual,targeted unit test plus CLI smoke from repository root
scripts/acquire_dune_protocol_parameters.py,343,"state = json.loads(STATE_PATH.read_text(encoding=""utf-8""))",dynamic_path_operation,<review against central dai_sim.common.paths resolver>,high_dynamic_path,manual,targeted unit test plus CLI smoke from repository root
scripts/acquire_dune_protocol_parameters.py,344,"payload = json.loads(PAYLOAD_PATH.read_text(encoding=""utf-8""))",dynamic_path_operation,<review against central dai_sim.common.paths resolver>,high_dynamic_path,manual,targeted unit test plus CLI smoke from repository root
scripts/acquire_dune_protocol_parameters.py,356,"with temporary.open(""x"", encoding=""utf-8"", newline="""") as handle:",dynamic_path_operation,<review against central dai_sim.common.paths resolver>,high_dynamic_path,manual,targeted unit test plus CLI smoke from repository root
scripts/acquire_dune_protocol_parameters.py,362,"with temporary.open(""r"", encoding=""utf-8"", newline="""") as handle:",dynamic_path_operation,<review against central dai_sim.common.paths resolver>,high_dynamic_path,manual,targeted unit test plus CLI smoke from repository root
scripts/acquire_dune_protocol_parameters.py,370,"descriptor = os.open(RAW_PATH.parent, os.O_RDONLY)",dynamic_path_operation,<review against central dai_sim.common.paths resolver>,high_dynamic_path,manual,targeted unit test plus CLI smoke from repository root
scripts/acquire_dune_protocol_parameters.py,427,"print(json.dumps(validate_sql(SQL_PATH.read_text(encoding=""utf-8"")), indent=2))",dynamic_path_operation,<review against central dai_sim.common.paths resolver>,high_dynamic_path,manual,targeted unit test plus CLI smoke from repository root
scripts/acquire_dune_vaults.py,8,__future__,python_import,__future__,low_external_import,retain,compileall
scripts/acquire_dune_vaults.py,10,argparse,python_import,argparse,low_external_import,retain,compileall
scripts/acquire_dune_vaults.py,11,csv,python_import,csv,low_external_import,retain,compileall
scripts/acquire_dune_vaults.py,12,dataclasses,python_import,dataclasses,low_external_import,retain,compileall
scripts/acquire_dune_vaults.py,13,datetime,python_import,datetime,low_external_import,retain,compileall
scripts/acquire_dune_vaults.py,14,decimal,python_import,decimal,low_external_import,retain,compileall
scripts/acquire_dune_vaults.py,15,hashlib,python_import,hashlib,low_external_import,retain,compileall
scripts/acquire_dune_vaults.py,16,json,python_import,json,low_external_import,retain,compileall
scripts/acquire_dune_vaults.py,17,os,python_import,os,low_external_import,retain,compileall
scripts/acquire_dune_vaults.py,18,pathlib,python_import,pathlib,low_external_import,retain,compileall
scripts/acquire_dune_vaults.py,19,re,python_import,re,low_external_import,retain,compileall
scripts/acquire_dune_vaults.py,20,tempfile,python_import,tempfile,low_external_import,retain,compileall
scripts/acquire_dune_vaults.py,21,typing,python_import,typing,low_external_import,retain,compileall
scripts/acquire_dune_vaults.py,23,pandas,python_import,pandas,low_external_import,retain,compileall
scripts/acquire_dune_vaults.py,26,ROOT = Path(__file__).resolve().parents[1],dynamic_path_operation,<review against central dai_sim.common.paths resolver>,high_dynamic_path,manual,targeted unit test plus CLI smoke from repository root
scripts/acquire_dune_vaults.py,151,"with path.open(""rb"") as handle:",dynamic_path_operation,<review against central dai_sim.common.paths resolver>,high_dynamic_path,manual,targeted unit test plus CLI smoke from repository root
scripts/acquire_dune_vaults.py,159,"descriptor = os.open(path, os.O_RDONLY)",dynamic_path_operation,<review against central dai_sim.common.paths resolver>,high_dynamic_path,manual,targeted unit test plus CLI smoke from repository root
scripts/acquire_dune_vaults.py,171,temporary = Path(name),dynamic_path_operation,<review against central dai_sim.common.paths resolver>,high_dynamic_path,manual,targeted unit test plus CLI smoke from repository root
scripts/acquire_dune_vaults.py,184,temporary = Path(name),dynamic_path_operation,<review against central dai_sim.common.paths resolver>,high_dynamic_path,manual,targeted unit test plus CLI smoke from repository root
scripts/acquire_dune_vaults.py,215,"sql = TEMPLATE_PATH.read_text(encoding=""utf-8"")",dynamic_path_operation,<review against central dai_sim.common.paths resolver>,high_dynamic_path,manual,targeted unit test plus CLI smoke from repository root
scripts/acquire_dune_vaults.py,297,temporary = Path(name),dynamic_path_operation,<review against central dai_sim.common.paths resolver>,high_dynamic_path,manual,targeted unit test plus CLI smoke from repository root
scripts/acquire_dune_vaults.py,308,"return json.loads(MANIFEST_PATH.read_text(encoding=""utf-8""))",dynamic_path_operation,<review against central dai_sim.common.paths resolver>,high_dynamic_path,manual,targeted unit test plus CLI smoke from repository root
scripts/acquire_dune_vaults.py,337,"state = json.loads(paths[""state""].read_text(encoding=""utf-8""))",dynamic_path_operation,<review against central dai_sim.common.paths resolver>,high_dynamic_path,manual,targeted unit test plus CLI smoke from repository root
scripts/acquire_dune_vaults.py,367,"state = json.loads(paths[""state""].read_text(encoding=""utf-8""))",dynamic_path_operation,<review against central dai_sim.common.paths resolver>,high_dynamic_path,manual,targeted unit test plus CLI smoke from repository root
scripts/acquire_dune_vaults.py,401,"state = json.loads(paths[""state""].read_text(encoding=""utf-8""))",dynamic_path_operation,<review against central dai_sim.common.paths resolver>,high_dynamic_path,manual,targeted unit test plus CLI smoke from repository root
scripts/acquire_dune_vaults.py,405,"sql = STREAM_SPECS[kind][""sql""].read_text(encoding=""utf-8"")",dynamic_path_operation,<review against central dai_sim.common.paths resolver>,high_dynamic_path,manual,targeted unit test plus CLI smoke from repository root
scripts/acquire_dune_vaults.py,422,"state = json.loads(paths[""state""].read_text(encoding=""utf-8""))",dynamic_path_operation,<review against central dai_sim.common.paths resolver>,high_dynamic_path,manual,targeted unit test plus CLI smoke from repository root
scripts/acquire_dune_vaults.py,786,"with paths[""raw""].open(newline="""", encoding=""utf-8"") as handle:",dynamic_path_operation,<review against central dai_sim.common.paths resolver>,high_dynamic_path,manual,targeted unit test plus CLI smoke from repository root
scripts/acquire_dune_vaults.py,826,"payload = json.loads(paths[""payload""].read_text(encoding=""utf-8""))",dynamic_path_operation,<review against central dai_sim.common.paths resolver>,high_dynamic_path,manual,targeted unit test plus CLI smoke from repository root
scripts/acquire_dune_vaults.py,835,"state = json.loads(paths[""state""].read_text(encoding=""utf-8""))",dynamic_path_operation,<review against central dai_sim.common.paths resolver>,high_dynamic_path,manual,targeted unit test plus CLI smoke from repository root
scripts/acquire_dune_vaults.py,880,"sql = paths[""sql""].read_text(encoding=""utf-8"")",dynamic_path_operation,<review against central dai_sim.common.paths resolver>,high_dynamic_path,manual,targeted unit test plus CLI smoke from repository root
scripts/acquire_dune_vaults.py,888,"payload = json.loads(path.read_text(encoding=""utf-8""))",dynamic_path_operation,<review against central dai_sim.common.paths resolver>,high_dynamic_path,manual,targeted unit test plus CLI smoke from repository root
scripts/acquire_dune_vaults.py,908,"state = json.loads(paths[""state""].read_text(encoding=""utf-8""))",dynamic_path_operation,<review against central dai_sim.common.paths resolver>,high_dynamic_path,manual,targeted unit test plus CLI smoke from repository root
scripts/acquire_dune_vaults.py,942,"payload = json.loads(paths[""payload""].read_text(encoding=""utf-8""))",dynamic_path_operation,<review against central dai_sim.common.paths resolver>,high_dynamic_path,manual,targeted unit test plus CLI smoke from repository root
scripts/acquire_dune_vaults.py,952,"state = json.loads(paths[""state""].read_text(encoding=""utf-8""))",dynamic_path_operation,<review against central dai_sim.common.paths resolver>,high_dynamic_path,manual,targeted unit test plus CLI smoke from repository root
scripts/acquire_dune_vaults.py,1002,"state = json.loads(paths[""state""].read_text(encoding=""utf-8""))",dynamic_path_operation,<review against central dai_sim.common.paths resolver>,high_dynamic_path,manual,targeted unit test plus CLI smoke from repository root
scripts/acquire_dune_vaults.py,1005,"with paths[""raw""].open(newline="""", encoding=""utf-8"") as handle:",dynamic_path_operation,<review against central dai_sim.common.paths resolver>,high_dynamic_path,manual,targeted unit test plus CLI smoke from repository root
scripts/acquire_dune_vaults.py,1035,"original = json.loads(paths[""state""].read_text(encoding=""utf-8""))",dynamic_path_operation,<review against central dai_sim.common.paths resolver>,high_dynamic_path,manual,targeted unit test plus CLI smoke from repository root
scripts/acquire_dune_vaults.py,1057,"subwindow_paths(CHUNK_05_SUBWINDOWS[0])[""state""].read_text(",dynamic_path_operation,<review against central dai_sim.common.paths resolver>,high_dynamic_path,manual,targeted unit test plus CLI smoke from repository root
scripts/acquire_dune_vaults.py,1062,"subwindow_paths(CHUNK_05_SUBWINDOWS[-1])[""state""].read_text(",dynamic_path_operation,<review against central dai_sim.common.paths resolver>,high_dynamic_path,manual,targeted unit test plus CLI smoke from repository root
scripts/acquire_dune_vaults.py,1139,"state = json.loads(paths[""state""].read_text(encoding=""utf-8""))",dynamic_path_operation,<review against central dai_sim.common.paths resolver>,high_dynamic_path,manual,targeted unit test plus CLI smoke from repository root
scripts/acquire_dune_vaults.py,1148,"payload = json.loads(paths[""payload""].read_text(encoding=""utf-8""))",dynamic_path_operation,<review against central dai_sim.common.paths resolver>,high_dynamic_path,manual,targeted unit test plus CLI smoke from repository root
scripts/acquire_dune_vaults.py,1162,"payload = json.loads(paths[""payload""].read_text(encoding=""utf-8""))",dynamic_path_operation,<review against central dai_sim.common.paths resolver>,high_dynamic_path,manual,targeted unit test plus CLI smoke from repository root
scripts/acquire_dune_vaults.py,1171,"state = json.loads(paths[""state""].read_text(encoding=""utf-8""))",dynamic_path_operation,<review against central dai_sim.common.paths resolver>,high_dynamic_path,manual,targeted unit test plus CLI smoke from repository root
scripts/acquire_phase1e_b_representative_vaults.py,9,__future__,python_import,__future__,low_external_import,retain,compileall
scripts/acquire_phase1e_b_representative_vaults.py,11,argparse,python_import,argparse,low_external_import,retain,compileall
scripts/acquire_phase1e_b_representative_vaults.py,12,csv,python_import,csv,low_external_import,retain,compileall
scripts/acquire_phase1e_b_representative_vaults.py,13,dataclasses,python_import,dataclasses,low_external_import,retain,compileall
scripts/acquire_phase1e_b_representative_vaults.py,14,datetime,python_import,datetime,low_external_import,retain,compileall
scripts/acquire_phase1e_b_representative_vaults.py,15,decimal,python_import,decimal,low_external_import,retain,compileall
scripts/acquire_phase1e_b_representative_vaults.py,16,hashlib,python_import,hashlib,low_external_import,retain,compileall
scripts/acquire_phase1e_b_representative_vaults.py,17,json,python_import,json,low_external_import,retain,compileall
scripts/acquire_phase1e_b_representative_vaults.py,18,os,python_import,os,low_external_import,retain,compileall
scripts/acquire_phase1e_b_representative_vaults.py,19,pathlib,python_import,pathlib,low_external_import,retain,compileall
scripts/acquire_phase1e_b_representative_vaults.py,20,re,python_import,re,low_external_import,retain,compileall
scripts/acquire_phase1e_b_representative_vaults.py,21,sys,python_import,sys,low_external_import,retain,compileall
scripts/acquire_phase1e_b_representative_vaults.py,22,tempfile,python_import,tempfile,low_external_import,retain,compileall
scripts/acquire_phase1e_b_representative_vaults.py,23,typing,python_import,typing,low_external_import,retain,compileall
scripts/acquire_phase1e_b_representative_vaults.py,25,pandas,python_import,pandas,low_external_import,retain,compileall
scripts/acquire_phase1e_b_representative_vaults.py,27,"sys.path.insert(0, str(Path(__file__).resolve().parents[1]))",dynamic_path_operation,<review against central dai_sim.common.paths resolver>,high_dynamic_path,manual,targeted unit test plus CLI smoke from repository root
scripts/acquire_phase1e_b_representative_vaults.py,29,scripts,python_import,scripts,low_external_import,retain,compileall
scripts/acquire_phase1e_b_representative_vaults.py,34,ROOT = Path(__file__).resolve().parents[1],dynamic_path_operation,<review against central dai_sim.common.paths resolver>,high_dynamic_path,manual,targeted unit test plus CLI smoke from repository root
scripts/acquire_phase1e_b_representative_vaults.py,265,"with path.open(""rb"") as handle:",dynamic_path_operation,<review against central dai_sim.common.paths resolver>,high_dynamic_path,manual,targeted unit test plus CLI smoke from repository root
scripts/acquire_phase1e_b_representative_vaults.py,277,"descriptor = os.open(path, os.O_RDONLY)",dynamic_path_operation,<review against central dai_sim.common.paths resolver>,high_dynamic_path,manual,targeted unit test plus CLI smoke from repository root
scripts/acquire_phase1e_b_representative_vaults.py,291,temporary = Path(name),dynamic_path_operation,<review against central dai_sim.common.paths resolver>,high_dynamic_path,manual,targeted unit test plus CLI smoke from repository root
scripts/acquire_phase1e_b_representative_vaults.py,314,temporary = Path(name),dynamic_path_operation,<review against central dai_sim.common.paths resolver>,high_dynamic_path,manual,targeted unit test plus CLI smoke from repository root
scripts/acquire_phase1e_b_representative_vaults.py,403,"streams[stream] = json.loads(paths[""state""].read_text())",dynamic_path_operation,<review against central dai_sim.common.paths resolver>,high_dynamic_path,manual,targeted unit test plus CLI smoke from repository root
scripts/acquire_phase1e_b_representative_vaults.py,408,json.loads(bark_state.read_text()),dynamic_path_operation,<review against central dai_sim.common.paths resolver>,high_dynamic_path,manual,targeted unit test plus CLI smoke from repository root
scripts/acquire_phase1e_b_representative_vaults.py,423,"reconstruction_metadata_path.read_text(encoding=""utf-8"")",dynamic_path_operation,<review against central dai_sim.common.paths resolver>,high_dynamic_path,manual,targeted unit test plus CLI smoke from repository root
scripts/acquire_phase1e_b_representative_vaults.py,426,"reconstruction_validation_path.read_text(encoding=""utf-8"")",dynamic_path_operation,<review against central dai_sim.common.paths resolver>,high_dynamic_path,manual,targeted unit test plus CLI smoke from repository root
scripts/acquire_phase1e_b_representative_vaults.py,508,"""path"": relative(Path(__file__)),",dynamic_path_operation,<review against central dai_sim.common.paths resolver>,high_dynamic_path,manual,targeted unit test plus CLI smoke from repository root
scripts/acquire_phase1e_b_representative_vaults.py,509,"""sha256"": sha256_file(Path(__file__)),",dynamic_path_operation,<review against central dai_sim.common.paths resolver>,high_dynamic_path,manual,targeted unit test plus CLI smoke from repository root
scripts/acquire_phase1e_b_representative_vaults.py,544,"template = phase1e.TEMPLATE_PATH.read_text(encoding=""utf-8"")",dynamic_path_operation,<review against central dai_sim.common.paths resolver>,high_dynamic_path,manual,targeted unit test plus CLI smoke from repository root
scripts/acquire_phase1e_b_representative_vaults.py,1017,"state = json.loads(paths[""state""].read_text(encoding=""utf-8""))",dynamic_path_operation,<review against central dai_sim.common.paths resolver>,high_dynamic_path,manual,targeted unit test plus CLI smoke from repository root
scripts/acquire_phase1e_b_representative_vaults.py,1058,"state = json.loads(paths[""state""].read_text(encoding=""utf-8""))",dynamic_path_operation,<review against central dai_sim.common.paths resolver>,high_dynamic_path,manual,targeted unit test plus CLI smoke from repository root
scripts/acquire_phase1e_b_representative_vaults.py,1082,"state = json.loads(paths[""state""].read_text(encoding=""utf-8""))",dynamic_path_operation,<review against central dai_sim.common.paths resolver>,high_dynamic_path,manual,targeted unit test plus CLI smoke from repository root
scripts/acquire_phase1e_b_representative_vaults.py,1124,"state = json.loads(paths[""state""].read_text(encoding=""utf-8""))",dynamic_path_operation,<review against central dai_sim.common.paths resolver>,high_dynamic_path,manual,targeted unit test plus CLI smoke from repository root
scripts/acquire_phase1e_b_representative_vaults.py,1207,"with path.open(encoding=""utf-8"") as handle:",dynamic_path_operation,<review against central dai_sim.common.paths resolver>,high_dynamic_path,manual,targeted unit test plus CLI smoke from repository root
scripts/acquire_phase1e_b_representative_vaults.py,1257,"with path.open(encoding=""utf-8"") as handle:",dynamic_path_operation,<review against central dai_sim.common.paths resolver>,high_dynamic_path,manual,targeted unit test plus CLI smoke from repository root
scripts/acquire_phase1e_b_representative_vaults.py,1372,"with temporary.open(""x"", newline="""", encoding=""utf-8"") as handle:",dynamic_path_operation,<review against central dai_sim.common.paths resolver>,high_dynamic_path,manual,targeted unit test plus CLI smoke from repository root
scripts/acquire_phase1e_b_representative_vaults.py,1407,"with temporary.open(newline="""", encoding=""utf-8"") as handle:",dynamic_path_operation,<review against central dai_sim.common.paths resolver>,high_dynamic_path,manual,targeted unit test plus CLI smoke from repository root
scripts/acquire_phase1e_b_representative_vaults.py,1514,"state = json.loads(paths[""state""].read_text(encoding=""utf-8""))",dynamic_path_operation,<review against central dai_sim.common.paths resolver>,high_dynamic_path,manual,targeted unit test plus CLI smoke from repository root
scripts/acquire_phase1e_b_representative_vaults.py,1564,"with final_path.open(newline="""", encoding=""utf-8"") as handle:",dynamic_path_operation,<review against central dai_sim.common.paths resolver>,high_dynamic_path,manual,targeted unit test plus CLI smoke from repository root
scripts/acquire_phase1e_b_representative_vaults.py,1669,"state = json.loads(paths[""state""].read_text(encoding=""utf-8""))",dynamic_path_operation,<review against central dai_sim.common.paths resolver>,high_dynamic_path,manual,targeted unit test plus CLI smoke from repository root
scripts/acquire_phase1e_b_representative_vaults.py,2095,"state = json.loads(paths[""state""].read_text(encoding=""utf-8""))",dynamic_path_operation,<review against central dai_sim.common.paths resolver>,high_dynamic_path,manual,targeted unit test plus CLI smoke from repository root
scripts/acquire_phase1e_b_representative_vaults.py,2106,"payload = json.loads(path.read_text(encoding=""utf-8""))",dynamic_path_operation,<review against central dai_sim.common.paths resolver>,high_dynamic_path,manual,targeted unit test plus CLI smoke from repository root
scripts/acquire_phase1e_b_representative_vaults.py,2395,"with path.open(newline="""", encoding=""utf-8"") as handle:",dynamic_path_operation,<review against central dai_sim.common.paths resolver>,high_dynamic_path,manual,targeted unit test plus CLI smoke from repository root
scripts/acquire_phase1e_b_representative_vaults.py,2405,with LIQUIDATION_ACTIONS_PATH.open(,dynamic_path_operation,<review against central dai_sim.common.paths resolver>,high_dynamic_path,manual,targeted unit test plus CLI smoke from repository root
scripts/acquire_phase1e_b_representative_vaults.py,2682,market = pd.read_csv(MARKET_PATH),dynamic_path_operation,<review against central dai_sim.common.paths resolver>,high_dynamic_path,manual,targeted unit test plus CLI smoke from repository root
scripts/acquire_phase1e_b_representative_vaults.py,2687,"protocol = pd.read_csv(PROTOCOL_PATH, low_memory=False)",dynamic_path_operation,<review against central dai_sim.common.paths resolver>,high_dynamic_path,manual,targeted unit test plus CLI smoke from repository root
scripts/acquire_phase1e_b_representative_vaults.py,2908,"PHASE2B_CANDIDATES_PATH.read_text(encoding=""utf-8"")",dynamic_path_operation,<review against central dai_sim.common.paths resolver>,high_dynamic_path,manual,targeted unit test plus CLI smoke from repository root
scripts/acquire_phase1e_b_representative_vaults.py,3499,data/DATA_ACQUISITION_PLAN.md,literal_path,docs/archive/historical_plans/data_acquisition_plan.md,high_path,mapping_driven_then_manual_review,existence; manifest/checksum/path-metadata reconciliation
scripts/acquire_phase1e_b_representative_vaults.py,4057,"with path.open(newline="""", encoding=""utf-8"") as handle:",dynamic_path_operation,<review against central dai_sim.common.paths resolver>,high_dynamic_path,manual,targeted unit test plus CLI smoke from repository root
scripts/acquire_phase1e_b_representative_vaults.py,4067,with phase1c_auction_extract.open(,dynamic_path_operation,<review against central dai_sim.common.paths resolver>,high_dynamic_path,manual,targeted unit test plus CLI smoke from repository root
scripts/acquire_phase1e_b_representative_vaults.py,4079,"with comparison_path.open(newline="""", encoding=""utf-8"") as handle:",dynamic_path_operation,<review against central dai_sim.common.paths resolver>,high_dynamic_path,manual,targeted unit test plus CLI smoke from repository root
scripts/acquire_phase1e_b_representative_vaults.py,4089,"with terra_comparison.open(newline="""", encoding=""utf-8"") as handle:",dynamic_path_operation,<review against central dai_sim.common.paths resolver>,high_dynamic_path,manual,targeted unit test plus CLI smoke from repository root
scripts/acquire_phase1e_b_representative_vaults.py,4161,"""processing_script_path"": relative(Path(__file__)),",dynamic_path_operation,<review against central dai_sim.common.paths resolver>,high_dynamic_path,manual,targeted unit test plus CLI smoke from repository root
scripts/acquire_phase1e_b_representative_vaults.py,4162,"""processing_script_sha256"": sha256_file(Path(__file__)),",dynamic_path_operation,<review against central dai_sim.common.paths resolver>,high_dynamic_path,manual,targeted unit test plus CLI smoke from repository root
scripts/build_market_gas_runtime_pools.py,8,__future__,python_import,__future__,low_external_import,retain,compileall
scripts/build_market_gas_runtime_pools.py,10,pathlib,python_import,pathlib,low_external_import,retain,compileall
scripts/build_market_gas_runtime_pools.py,11,hashlib,python_import,hashlib,low_external_import,retain,compileall
scripts/build_market_gas_runtime_pools.py,12,json,python_import,json,low_external_import,retain,compileall
scripts/build_market_gas_runtime_pools.py,14,numpy,python_import,numpy,low_external_import,retain,compileall
scripts/build_market_gas_runtime_pools.py,15,pandas,python_import,pandas,low_external_import,retain,compileall
scripts/build_market_gas_runtime_pools.py,18,REPOSITORY_ROOT = Path(__file__).resolve().parents[1],dynamic_path_operation,<review against central dai_sim.common.paths resolver>,high_dynamic_path,manual,targeted unit test plus CLI smoke from repository root
scripts/build_market_gas_runtime_pools.py,28,data/processed/combined/hourly_market_gas_panel.csv,literal_path,data/market/processed/combined/hourly_market_gas_panel.csv,high_path,mapping_driven_then_manual_review,existence; manifest/checksum/path-metadata reconciliation
scripts/build_market_gas_runtime_pools.py,31,data/processed/estimation/phase2a/gas/gas_sampling_index.csv,literal_path,outputs/diagnostics/calibration/phase2a/gas/gas_sampling_index.csv,high_path,mapping_driven_then_manual_review,existence; manifest/checksum/path-metadata reconciliation
scripts/build_market_gas_runtime_pools.py,34,data/processed/estimation/phase2a/diagnostics/calibration_validation_split.csv,literal_path,outputs/diagnostics/calibration/phase2a/diagnostics/calibration_validation_split.csv,high_path,mapping_driven_then_manual_review,existence; manifest/checksum/path-metadata reconciliation
scripts/build_market_gas_runtime_pools.py,37,data/processed/estimation/phase2a/liquidations/liquidation_transaction_gas.csv,literal_path,outputs/diagnostics/calibration/phase2a/liquidations/liquidation_transaction_gas.csv,high_path,mapping_driven_then_manual_review,existence; manifest/checksum/path-metadata reconciliation
scripts/build_market_gas_runtime_pools.py,40,data/processed/estimation/phase2a_review/gas_cost_sensitivity.csv,literal_path,outputs/diagnostics/calibration/phase2a_review/gas_cost_sensitivity.csv,high_path,mapping_driven_then_manual_review,existence; manifest/checksum/path-metadata reconciliation
scripts/build_market_gas_runtime_pools.py,82,"with path.open(""rb"") as handle:",dynamic_path_operation,<review against central dai_sim.common.paths resolver>,high_dynamic_path,manual,targeted unit test plus CLI smoke from repository root
scripts/build_market_gas_runtime_pools.py,110,data/processed/combined/hourly_market_gas_panel.csv,literal_path,data/market/processed/combined/hourly_market_gas_panel.csv,high_path,mapping_driven_then_manual_review,existence; manifest/checksum/path-metadata reconciliation
scripts/build_market_gas_runtime_pools.py,111,gas_index = pd.read_csv(,dynamic_path_operation,<review against central dai_sim.common.paths resolver>,high_dynamic_path,manual,targeted unit test plus CLI smoke from repository root
scripts/build_market_gas_runtime_pools.py,112,data/processed/estimation/phase2a/gas/gas_sampling_index.csv,literal_path,outputs/diagnostics/calibration/phase2a/gas/gas_sampling_index.csv,high_path,mapping_driven_then_manual_review,existence; manifest/checksum/path-metadata reconciliation
scripts/build_market_gas_runtime_pools.py,114,split = pd.read_csv(,dynamic_path_operation,<review against central dai_sim.common.paths resolver>,high_dynamic_path,manual,targeted unit test plus CLI smoke from repository root
scripts/build_market_gas_runtime_pools.py,116,data/processed/estimation/phase2a/diagnostics/calibration_validation_split.csv,literal_path,outputs/diagnostics/calibration/phase2a/diagnostics/calibration_validation_split.csv,high_path,mapping_driven_then_manual_review,existence; manifest/checksum/path-metadata reconciliation
scripts/build_market_gas_runtime_pools.py,202,source = pd.read_csv(,dynamic_path_operation,<review against central dai_sim.common.paths resolver>,high_dynamic_path,manual,targeted unit test plus CLI smoke from repository root
scripts/build_market_gas_runtime_pools.py,204,data/processed/estimation/phase2a/liquidations/liquidation_transaction_gas.csv,literal_path,outputs/diagnostics/calibration/phase2a/liquidations/liquidation_transaction_gas.csv,high_path,mapping_driven_then_manual_review,existence; manifest/checksum/path-metadata reconciliation
scripts/build_market_gas_runtime_pools.py,261,"frame.to_csv(path, index=False, lineterminator=""\n"")",dynamic_path_operation,<review against central dai_sim.common.paths resolver>,high_dynamic_path,manual,targeted unit test plus CLI smoke from repository root
scripts/build_market_gas_runtime_pools.py,298,LIQUIDATION_GAS_MANIFEST.write_text(,dynamic_path_operation,<review against central dai_sim.common.paths resolver>,high_dynamic_path,manual,targeted unit test plus CLI smoke from repository root
scripts/build_market_gas_runtime_pools.py,325,MARKET_GAS_MANIFEST.write_text(,dynamic_path_operation,<review against central dai_sim.common.paths resolver>,high_dynamic_path,manual,targeted unit test plus CLI smoke from repository root
scripts/build_vault_initialisation_pools.py,9,__future__,python_import,__future__,low_external_import,retain,compileall
scripts/build_vault_initialisation_pools.py,11,dataclasses,python_import,dataclasses,low_external_import,retain,compileall
scripts/build_vault_initialisation_pools.py,12,pathlib,python_import,pathlib,low_external_import,retain,compileall
scripts/build_vault_initialisation_pools.py,13,argparse,python_import,argparse,low_external_import,retain,compileall
scripts/build_vault_initialisation_pools.py,14,hashlib,python_import,hashlib,low_external_import,retain,compileall
scripts/build_vault_initialisation_pools.py,15,json,python_import,json,low_external_import,retain,compileall
scripts/build_vault_initialisation_pools.py,17,pandas,python_import,pandas,low_external_import,retain,compileall
scripts/build_vault_initialisation_pools.py,20,REPOSITORY_ROOT = Path(__file__).resolve().parents[1],dynamic_path_operation,<review against central dai_sim.common.paths resolver>,high_dynamic_path,manual,targeted unit test plus CLI smoke from repository root
scripts/build_vault_initialisation_pools.py,59,data/processed/vaults/representative_regimes/,literal_path,data/vaults/processed/representative_regimes/,high_path,mapping_driven_then_manual_review,existence; manifest/checksum/path-metadata reconciliation
scripts/build_vault_initialisation_pools.py,70,data/processed/vaults/representative_regimes/,literal_path,data/vaults/processed/representative_regimes/,high_path,mapping_driven_then_manual_review,existence; manifest/checksum/path-metadata reconciliation
scripts/build_vault_initialisation_pools.py,81,data/processed/vaults/representative_regimes/,literal_path,data/vaults/processed/representative_regimes/,high_path,mapping_driven_then_manual_review,existence; manifest/checksum/path-metadata reconciliation
scripts/build_vault_initialisation_pools.py,107,"with path.open(""rb"") as handle:",dynamic_path_operation,<review against central dai_sim.common.paths resolver>,high_dynamic_path,manual,targeted unit test plus CLI smoke from repository root
scripts/build_vault_initialisation_pools.py,130,frame = pd.read_csv(source.path),dynamic_path_operation,<review against central dai_sim.common.paths resolver>,high_dynamic_path,manual,targeted unit test plus CLI smoke from repository root
scripts/build_vault_initialisation_pools.py,256,"pool.to_csv(output, index=False, lineterminator=""\n"")",dynamic_path_operation,<review against central dai_sim.common.paths resolver>,high_dynamic_path,manual,targeted unit test plus CLI smoke from repository root
scripts/build_vault_initialisation_pools.py,257,"audit.to_csv(audit_path, index=False, lineterminator=""\n"")",dynamic_path_operation,<review against central dai_sim.common.paths resolver>,high_dynamic_path,manual,targeted unit test plus CLI smoke from repository root
scripts/build_vault_initialisation_pools.py,283,"metadata.write_text(json.dumps(manifest, indent=2, sort_keys=True) + ""\n"")",dynamic_path_operation,<review against central dai_sim.common.paths resolver>,high_dynamic_path,manual,targeted unit test plus CLI smoke from repository root
scripts/diagnose_dune_vat_activation.py,7,__future__,python_import,__future__,low_external_import,retain,compileall
scripts/diagnose_dune_vat_activation.py,9,argparse,python_import,argparse,low_external_import,retain,compileall
scripts/diagnose_dune_vat_activation.py,10,csv,python_import,csv,low_external_import,retain,compileall
scripts/diagnose_dune_vat_activation.py,11,datetime,python_import,datetime,low_external_import,retain,compileall
scripts/diagnose_dune_vat_activation.py,12,decimal,python_import,decimal,low_external_import,retain,compileall
scripts/diagnose_dune_vat_activation.py,13,hashlib,python_import,hashlib,low_external_import,retain,compileall
scripts/diagnose_dune_vat_activation.py,14,json,python_import,json,low_external_import,retain,compileall
scripts/diagnose_dune_vat_activation.py,15,math,python_import,math,low_external_import,retain,compileall
scripts/diagnose_dune_vat_activation.py,16,os,python_import,os,low_external_import,retain,compileall
scripts/diagnose_dune_vat_activation.py,17,pathlib,python_import,pathlib,low_external_import,retain,compileall
scripts/diagnose_dune_vat_activation.py,18,re,python_import,re,low_external_import,retain,compileall
scripts/diagnose_dune_vat_activation.py,19,tempfile,python_import,tempfile,low_external_import,retain,compileall
scripts/diagnose_dune_vat_activation.py,20,time,python_import,time,low_external_import,retain,compileall
scripts/diagnose_dune_vat_activation.py,21,typing,python_import,typing,low_external_import,retain,compileall
scripts/diagnose_dune_vat_activation.py,22,urllib.error,python_import,urllib.error,low_external_import,retain,compileall
scripts/diagnose_dune_vat_activation.py,23,urllib.parse,python_import,urllib.parse,low_external_import,retain,compileall
scripts/diagnose_dune_vat_activation.py,24,urllib.request,python_import,urllib.request,low_external_import,retain,compileall
scripts/diagnose_dune_vat_activation.py,27,ROOT = Path(__file__).resolve().parents[1],dynamic_path_operation,<review against central dai_sim.common.paths resolver>,high_dynamic_path,manual,targeted unit test plus CLI smoke from repository root
scripts/diagnose_dune_vat_activation.py,63,"with path.open(""rb"") as handle:",dynamic_path_operation,<review against central dai_sim.common.paths resolver>,high_dynamic_path,manual,targeted unit test plus CLI smoke from repository root
scripts/diagnose_dune_vat_activation.py,78,"descriptor = os.open(path, os.O_RDONLY)",dynamic_path_operation,<review against central dai_sim.common.paths resolver>,high_dynamic_path,manual,targeted unit test plus CLI smoke from repository root
scripts/diagnose_dune_vat_activation.py,90,"with temporary.open(""w"", encoding=""utf-8"") as handle:",dynamic_path_operation,<review against central dai_sim.common.paths resolver>,high_dynamic_path,manual,targeted unit test plus CLI smoke from repository root
scripts/diagnose_dune_vat_activation.py,122,"report = validate_sql(SQL_PATH.read_text(encoding=""utf-8""))",dynamic_path_operation,<review against central dai_sim.common.paths resolver>,high_dynamic_path,manual,targeted unit test plus CLI smoke from repository root
scripts/diagnose_dune_vat_activation.py,138,"state = json.loads(STATE_PATH.read_text(encoding=""utf-8""))",dynamic_path_operation,<review against central dai_sim.common.paths resolver>,high_dynamic_path,manual,targeted unit test plus CLI smoke from repository root
scripts/diagnose_dune_vat_activation.py,331,"with PRESERVED_FAILED_PATH.open(""r"", encoding=""utf-8"", newline="""") as handle:",dynamic_path_operation,<review against central dai_sim.common.paths resolver>,high_dynamic_path,manual,targeted unit test plus CLI smoke from repository root
scripts/diagnose_dune_vat_activation.py,356,temporary = Path(temporary_name),dynamic_path_operation,<review against central dai_sim.common.paths resolver>,high_dynamic_path,manual,targeted unit test plus CLI smoke from repository root
scripts/diagnose_dune_vat_activation.py,366,"with temporary.open(""r"", encoding=""utf-8"", newline="""") as handle:",dynamic_path_operation,<review against central dai_sim.common.paths resolver>,high_dynamic_path,manual,targeted unit test plus CLI smoke from repository root
scripts/diagnose_dune_vat_activation.py,401,"state = json.loads(STATE_PATH.read_text(encoding=""utf-8""))",dynamic_path_operation,<review against central dai_sim.common.paths resolver>,high_dynamic_path,manual,targeted unit test plus CLI smoke from repository root
scripts/diagnose_dune_vat_activation.py,441,"state = json.loads(STATE_PATH.read_text(encoding=""utf-8""))",dynamic_path_operation,<review against central dai_sim.common.paths resolver>,high_dynamic_path,manual,targeted unit test plus CLI smoke from repository root
scripts/diagnose_dune_vat_activation.py,479,partial = Path(partial_name),dynamic_path_operation,<review against central dai_sim.common.paths resolver>,high_dynamic_path,manual,targeted unit test plus CLI smoke from repository root
scripts/diagnose_dune_vat_activation.py,488,"with partial.open(""r"", encoding=""utf-8"", newline="""") as handle:",dynamic_path_operation,<review against central dai_sim.common.paths resolver>,high_dynamic_path,manual,targeted unit test plus CLI smoke from repository root
scripts/discover_dune_vault_events.py,8,__future__,python_import,__future__,low_external_import,retain,compileall
scripts/discover_dune_vault_events.py,10,argparse,python_import,argparse,low_external_import,retain,compileall
scripts/discover_dune_vault_events.py,11,csv,python_import,csv,low_external_import,retain,compileall
scripts/discover_dune_vault_events.py,12,decimal,python_import,decimal,low_external_import,retain,compileall
scripts/discover_dune_vault_events.py,13,hashlib,python_import,hashlib,low_external_import,retain,compileall
scripts/discover_dune_vault_events.py,14,json,python_import,json,low_external_import,retain,compileall
scripts/discover_dune_vault_events.py,15,math,python_import,math,low_external_import,retain,compileall
scripts/discover_dune_vault_events.py,16,os,python_import,os,low_external_import,retain,compileall
scripts/discover_dune_vault_events.py,17,pathlib,python_import,pathlib,low_external_import,retain,compileall
scripts/discover_dune_vault_events.py,18,re,python_import,re,low_external_import,retain,compileall
scripts/discover_dune_vault_events.py,19,typing,python_import,typing,low_external_import,retain,compileall
scripts/discover_dune_vault_events.py,22,ROOT = Path(__file__).resolve().parents[1],dynamic_path_operation,<review against central dai_sim.common.paths resolver>,high_dynamic_path,manual,targeted unit test plus CLI smoke from repository root
scripts/discover_dune_vault_events.py,84,"with path.open(""rb"") as handle:",dynamic_path_operation,<review against central dai_sim.common.paths resolver>,high_dynamic_path,manual,targeted unit test plus CLI smoke from repository root
scripts/discover_dune_vault_events.py,99,"descriptor = os.open(path, os.O_RDONLY)",dynamic_path_operation,<review against central dai_sim.common.paths resolver>,high_dynamic_path,manual,targeted unit test plus CLI smoke from repository root
scripts/discover_dune_vault_events.py,111,"with temporary.open(""w"", encoding=""utf-8"") as handle:",dynamic_path_operation,<review against central dai_sim.common.paths resolver>,high_dynamic_path,manual,targeted unit test plus CLI smoke from repository root
scripts/discover_dune_vault_events.py,180,"reports[kind] = validate_sql(kind, spec[""sql""].read_text(encoding=""utf-8""))",dynamic_path_operation,<review against central dai_sim.common.paths resolver>,high_dynamic_path,manual,targeted unit test plus CLI smoke from repository root
scripts/discover_dune_vault_events.py,190,"report = validate_sql(kind, DIAGNOSTICS[kind][""sql""].read_text(encoding=""utf-8""))",dynamic_path_operation,<review against central dai_sim.common.paths resolver>,high_dynamic_path,manual,targeted unit test plus CLI smoke from repository root
scripts/discover_dune_vault_events.py,216,"state = json.loads(target[""state""].read_text(encoding=""utf-8""))",dynamic_path_operation,<review against central dai_sim.common.paths resolver>,high_dynamic_path,manual,targeted unit test plus CLI smoke from repository root
scripts/discover_dune_vault_events.py,226,"state = json.loads(target[""state""].read_text(encoding=""utf-8""))",dynamic_path_operation,<review against central dai_sim.common.paths resolver>,high_dynamic_path,manual,targeted unit test plus CLI smoke from repository root
scripts/discover_dune_vault_events.py,229,"report = validate_sql(kind, DIAGNOSTICS[kind][""sql""].read_text(encoding=""utf-8""))",dynamic_path_operation,<review against central dai_sim.common.paths resolver>,high_dynamic_path,manual,targeted unit test plus CLI smoke from repository root
scripts/discover_dune_vault_events.py,577,"payload = json.loads(target[""payload""].read_text(encoding=""utf-8""))",dynamic_path_operation,<review against central dai_sim.common.paths resolver>,high_dynamic_path,manual,targeted unit test plus CLI smoke from repository root
scripts/discover_dune_vault_events.py,585,"with partial_csv.open(""w"", encoding=""utf-8"", newline="""") as handle:",dynamic_path_operation,<review against central dai_sim.common.paths resolver>,high_dynamic_path,manual,targeted unit test plus CLI smoke from repository root
scripts/discover_dune_vault_events.py,591,"with partial_csv.open(""r"", encoding=""utf-8"", newline="""") as handle:",dynamic_path_operation,<review against central dai_sim.common.paths resolver>,high_dynamic_path,manual,targeted unit test plus CLI smoke from repository root
scripts/discover_dune_vault_events.py,610,"state = json.loads(target[""state""].read_text(encoding=""utf-8""))",dynamic_path_operation,<review against central dai_sim.common.paths resolver>,high_dynamic_path,manual,targeted unit test plus CLI smoke from repository root
scripts/process_dune_hourly_gas.py,10,__future__,python_import,__future__,low_external_import,retain,compileall
scripts/process_dune_hourly_gas.py,12,argparse,python_import,argparse,low_external_import,retain,compileall
scripts/process_dune_hourly_gas.py,13,csv,python_import,csv,low_external_import,retain,compileall
scripts/process_dune_hourly_gas.py,14,datetime,python_import,datetime,low_external_import,retain,compileall
scripts/process_dune_hourly_gas.py,15,json,python_import,json,low_external_import,retain,compileall
scripts/process_dune_hourly_gas.py,16,os,python_import,os,low_external_import,retain,compileall
scripts/process_dune_hourly_gas.py,17,pathlib,python_import,pathlib,low_external_import,retain,compileall
scripts/process_dune_hourly_gas.py,18,typing,python_import,typing,low_external_import,retain,compileall
scripts/process_dune_hourly_gas.py,20,numpy,python_import,numpy,low_external_import,retain,compileall
scripts/process_dune_hourly_gas.py,21,pandas,python_import,pandas,low_external_import,retain,compileall
scripts/process_dune_hourly_gas.py,24,acquire_dune_hourly_gas,python_import,acquire_dune_hourly_gas,low_external_import,retain,compileall
scripts/process_dune_hourly_gas.py,31,process_dune_market_prices,python_import,process_dune_market_prices,low_external_import,retain,compileall
scripts/process_dune_hourly_gas.py,33,scripts.acquire_dune_hourly_gas,python_import,scripts.acquire_dune_hourly_gas,low_external_import,retain,compileall
scripts/process_dune_hourly_gas.py,40,scripts.process_dune_market_prices,python_import,scripts.process_dune_market_prices,low_external_import,retain,compileall
scripts/process_dune_hourly_gas.py,43,REPOSITORY_ROOT = Path(__file__).resolve().parents[1],dynamic_path_operation,<review against central dai_sim.common.paths resolver>,high_dynamic_path,manual,targeted unit test plus CLI smoke from repository root
scripts/process_dune_hourly_gas.py,44,DEFAULT_RAW_GAS = Path(,dynamic_path_operation,<review against central dai_sim.common.paths resolver>,high_dynamic_path,manual,targeted unit test plus CLI smoke from repository root
scripts/process_dune_hourly_gas.py,45,data/processed/gas/dune_ethereum_hourly_gas_assembled_2021-06-01_2024-06-30.csv,literal_path,data/gas/processed/dune_ethereum_hourly_gas_assembled_2021-06-01_2024-06-30.csv,high_path,mapping_driven_then_manual_review,existence; manifest/checksum/path-metadata reconciliation
scripts/process_dune_hourly_gas.py,47,DEFAULT_RAW_GAS_VALIDATION = Path(,dynamic_path_operation,<review against central dai_sim.common.paths resolver>,high_dynamic_path,manual,targeted unit test plus CLI smoke from repository root
scripts/process_dune_hourly_gas.py,48,data/provenance/gas/dune_ethereum_hourly_gas_validation.json,literal_path,data/gas/provenance/dune_ethereum_hourly_gas_validation.json,high_path,mapping_driven_then_manual_review,existence; manifest/checksum/path-metadata reconciliation
scripts/process_dune_hourly_gas.py,50,DEFAULT_MARKET = Path(,dynamic_path_operation,<review against central dai_sim.common.paths resolver>,high_dynamic_path,manual,targeted unit test plus CLI smoke from repository root
scripts/process_dune_hourly_gas.py,51,data/processed/market/dune_hourly_market_prices_processed.csv,literal_path,data/market/processed/dune_hourly_market_prices_processed.csv,high_path,mapping_driven_then_manual_review,existence; manifest/checksum/path-metadata reconciliation
scripts/process_dune_hourly_gas.py,53,data/provenance/manifests/data_manifest.csv,literal_path,data/provenance/data_manifest.csv,high_path,mapping_driven_then_manual_review,existence; manifest/checksum/path-metadata reconciliation
scripts/process_dune_hourly_gas.py,54,data/processed/gas,literal_path,data/processed/gas,high_path,mapping_driven_then_manual_review,existence; manifest/checksum/path-metadata reconciliation
scripts/process_dune_hourly_gas.py,55,data/processed/combined,literal_path,data/processed/combined,high_path,mapping_driven_then_manual_review,existence; manifest/checksum/path-metadata reconciliation
scripts/process_dune_hourly_gas.py,56,data/provenance/gas,literal_path,data/provenance/gas,high_path,mapping_driven_then_manual_review,existence; manifest/checksum/path-metadata reconciliation
scripts/process_dune_hourly_gas.py,157,"with temporary.open(""w"", encoding=""utf-8"") as handle:",dynamic_path_operation,<review against central dai_sim.common.paths resolver>,high_dynamic_path,manual,targeted unit test plus CLI smoke from repository root
scripts/process_dune_hourly_gas.py,169,frame.to_csv(,dynamic_path_operation,<review against central dai_sim.common.paths resolver>,high_dynamic_path,manual,targeted unit test plus CLI smoke from repository root
scripts/process_dune_hourly_gas.py,175,"with temporary.open(""rb"") as handle:",dynamic_path_operation,<review against central dai_sim.common.paths resolver>,high_dynamic_path,manual,targeted unit test plus CLI smoke from repository root
scripts/process_dune_hourly_gas.py,181,"return pd.read_csv(path, float_precision=""round_trip"")",dynamic_path_operation,<review against central dai_sim.common.paths resolver>,high_dynamic_path,manual,targeted unit test plus CLI smoke from repository root
scripts/process_dune_hourly_gas.py,231,"documented = json.loads(validation_path.read_text(encoding=""utf-8""))",dynamic_path_operation,<review against central dai_sim.common.paths resolver>,high_dynamic_path,manual,targeted unit test plus CLI smoke from repository root
scripts/process_dune_hourly_gas.py,1041,"with manifest_path.open(""r"", encoding=""utf-8"", newline="""") as handle:",dynamic_path_operation,<review against central dai_sim.common.paths resolver>,high_dynamic_path,manual,targeted unit test plus CLI smoke from repository root
scripts/process_dune_hourly_gas.py,1099,"with temporary.open(""w"", encoding=""utf-8"", newline="""") as handle:",dynamic_path_operation,<review against central dai_sim.common.paths resolver>,high_dynamic_path,manual,targeted unit test plus CLI smoke from repository root
scripts/process_dune_hourly_gas.py,1175,script_path = Path(__file__).resolve(),dynamic_path_operation,<review against central dai_sim.common.paths resolver>,high_dynamic_path,manual,targeted unit test plus CLI smoke from repository root
scripts/process_dune_market_prices.py,9,__future__,python_import,__future__,low_external_import,retain,compileall
scripts/process_dune_market_prices.py,11,argparse,python_import,argparse,low_external_import,retain,compileall
scripts/process_dune_market_prices.py,12,csv,python_import,csv,low_external_import,retain,compileall
scripts/process_dune_market_prices.py,13,datetime,python_import,datetime,low_external_import,retain,compileall
scripts/process_dune_market_prices.py,14,json,python_import,json,low_external_import,retain,compileall
scripts/process_dune_market_prices.py,15,pathlib,python_import,pathlib,low_external_import,retain,compileall
scripts/process_dune_market_prices.py,16,sys,python_import,sys,low_external_import,retain,compileall
scripts/process_dune_market_prices.py,17,typing,python_import,typing,low_external_import,retain,compileall
scripts/process_dune_market_prices.py,19,numpy,python_import,numpy,low_external_import,retain,compileall
scripts/process_dune_market_prices.py,20,pandas,python_import,pandas,low_external_import,retain,compileall
scripts/process_dune_market_prices.py,23,REPOSITORY_ROOT = Path(__file__).resolve().parents[1],dynamic_path_operation,<review against central dai_sim.common.paths resolver>,high_dynamic_path,manual,targeted unit test plus CLI smoke from repository root
scripts/process_dune_market_prices.py,24,if str(REPOSITORY_ROOT) not in sys.path:,dynamic_path_operation,<review against central dai_sim.common.paths resolver>,high_dynamic_path,manual,targeted unit test plus CLI smoke from repository root
scripts/process_dune_market_prices.py,25,"sys.path.insert(0, str(REPOSITORY_ROOT))",dynamic_path_operation,<review against central dai_sim.common.paths resolver>,high_dynamic_path,manual,targeted unit test plus CLI smoke from repository root
scripts/process_dune_market_prices.py,27,scripts.acquire_dune_market_prices,python_import,scripts.acquire_dune_market_prices,low_external_import,retain,compileall
scripts/process_dune_market_prices.py,28,scripts.validate_dune_market_prices,python_import,scripts.validate_dune_market_prices,low_external_import,retain,compileall
scripts/process_dune_market_prices.py,37,DEFAULT_INPUT = Path(,dynamic_path_operation,<review against central dai_sim.common.paths resolver>,high_dynamic_path,manual,targeted unit test plus CLI smoke from repository root
scripts/process_dune_market_prices.py,38,data/raw/market/dune_prices_hourly_2021-06-01_2024-06-30.csv,literal_path,data/market/raw/dune_prices_hourly_2021-06-01_2024-06-30.csv,high_path,mapping_driven_then_manual_review,existence; manifest/checksum/path-metadata reconciliation
scripts/process_dune_market_prices.py,40,DEFAULT_RAW_VALIDATION = Path(,dynamic_path_operation,<review against central dai_sim.common.paths resolver>,high_dynamic_path,manual,targeted unit test plus CLI smoke from repository root
scripts/process_dune_market_prices.py,41,data/provenance/market/dune_prices_hourly_2021-06-01_2024-06-30.validation.json,literal_path,data/market/provenance/dune_prices_hourly_2021-06-01_2024-06-30.validation.json,high_path,mapping_driven_then_manual_review,existence; manifest/checksum/path-metadata reconciliation
scripts/process_dune_market_prices.py,43,data/processed/market,literal_path,data/processed/market,high_path,mapping_driven_then_manual_review,existence; manifest/checksum/path-metadata reconciliation
scripts/process_dune_market_prices.py,44,data/provenance/market,literal_path,data/provenance/market,high_path,mapping_driven_then_manual_review,existence; manifest/checksum/path-metadata reconciliation
scripts/process_dune_market_prices.py,45,data/provenance/manifests/data_manifest.csv,literal_path,data/provenance/data_manifest.csv,high_path,mapping_driven_then_manual_review,existence; manifest/checksum/path-metadata reconciliation
scripts/process_dune_market_prices.py,142,frame = pd.read_csv(,dynamic_path_operation,<review against central dai_sim.common.paths resolver>,high_dynamic_path,manual,targeted unit test plus CLI smoke from repository root
scripts/process_dune_market_prices.py,186,"documented_report = json.loads(raw_validation_path.read_text(encoding=""utf-8""))",dynamic_path_operation,<review against central dai_sim.common.paths resolver>,high_dynamic_path,manual,targeted unit test plus CLI smoke from repository root
scripts/process_dune_market_prices.py,590,"processed = pd.read_csv(processed_path, float_precision=""round_trip"")",dynamic_path_operation,<review against central dai_sim.common.paths resolver>,high_dynamic_path,manual,targeted unit test plus CLI smoke from repository root
scripts/process_dune_market_prices.py,787,frame.to_csv(,dynamic_path_operation,<review against central dai_sim.common.paths resolver>,high_dynamic_path,manual,targeted unit test plus CLI smoke from repository root
scripts/process_dune_market_prices.py,810,"with manifest_path.open(""r"", encoding=""utf-8"", newline="""") as handle:",dynamic_path_operation,<review against central dai_sim.common.paths resolver>,high_dynamic_path,manual,targeted unit test plus CLI smoke from repository root
scripts/process_dune_market_prices.py,853,"with temporary.open(""w"", encoding=""utf-8"", newline="""") as handle:",dynamic_path_operation,<review against central dai_sim.common.paths resolver>,high_dynamic_path,manual,targeted unit test plus CLI smoke from repository root
scripts/process_dune_market_prices.py,901,script_path = Path(__file__).resolve(),dynamic_path_operation,<review against central dai_sim.common.paths resolver>,high_dynamic_path,manual,targeted unit test plus CLI smoke from repository root
scripts/repair_phase1e_b_quiet_rates.py,9,__future__,python_import,__future__,low_external_import,retain,compileall
scripts/repair_phase1e_b_quiet_rates.py,11,argparse,python_import,argparse,low_external_import,retain,compileall
scripts/repair_phase1e_b_quiet_rates.py,12,decimal,python_import,decimal,low_external_import,retain,compileall
scripts/repair_phase1e_b_quiet_rates.py,13,json,python_import,json,low_external_import,retain,compileall
scripts/repair_phase1e_b_quiet_rates.py,14,pathlib,python_import,pathlib,low_external_import,retain,compileall
scripts/repair_phase1e_b_quiet_rates.py,15,sys,python_import,sys,low_external_import,retain,compileall
scripts/repair_phase1e_b_quiet_rates.py,16,typing,python_import,typing,low_external_import,retain,compileall
scripts/repair_phase1e_b_quiet_rates.py,18,"sys.path.insert(0, str(Path(__file__).resolve().parents[1]))",dynamic_path_operation,<review against central dai_sim.common.paths resolver>,high_dynamic_path,manual,targeted unit test plus CLI smoke from repository root
scripts/repair_phase1e_b_quiet_rates.py,20,scripts,python_import,scripts,low_external_import,retain,compileall
scripts/repair_phase1e_b_quiet_rates.py,23,ROOT = Path(__file__).resolve().parents[1],dynamic_path_operation,<review against central dai_sim.common.paths resolver>,high_dynamic_path,manual,targeted unit test plus CLI smoke from repository root
scripts/repair_phase1e_b_quiet_rates.py,237,state = json.loads(STATE_PATH.read_text()),dynamic_path_operation,<review against central dai_sim.common.paths resolver>,high_dynamic_path,manual,targeted unit test plus CLI smoke from repository root
scripts/repair_phase1e_b_quiet_rates.py,268,state = json.loads(STATE_PATH.read_text()),dynamic_path_operation,<review against central dai_sim.common.paths resolver>,high_dynamic_path,manual,targeted unit test plus CLI smoke from repository root
scripts/repair_phase1e_b_quiet_rates.py,273,payload = json.loads(PAGE_PATH.read_text()),dynamic_path_operation,<review against central dai_sim.common.paths resolver>,high_dynamic_path,manual,targeted unit test plus CLI smoke from repository root
scripts/retrieve_dune_execution_page.py,8,__future__,python_import,__future__,low_external_import,retain,compileall
scripts/retrieve_dune_execution_page.py,10,argparse,python_import,argparse,low_external_import,retain,compileall
scripts/retrieve_dune_execution_page.py,11,hashlib,python_import,hashlib,low_external_import,retain,compileall
scripts/retrieve_dune_execution_page.py,12,json,python_import,json,low_external_import,retain,compileall
scripts/retrieve_dune_execution_page.py,13,os,python_import,os,low_external_import,retain,compileall
scripts/retrieve_dune_execution_page.py,14,pathlib,python_import,pathlib,low_external_import,retain,compileall
scripts/retrieve_dune_execution_page.py,15,tempfile,python_import,tempfile,low_external_import,retain,compileall
scripts/retrieve_dune_execution_page.py,17,requests,python_import,requests,low_external_import,retain,compileall
scripts/retrieve_dune_execution_page.py,22,"descriptor = os.open(path, os.O_RDONLY)",dynamic_path_operation,<review against central dai_sim.common.paths resolver>,high_dynamic_path,manual,targeted unit test plus CLI smoke from repository root
scripts/retrieve_dune_execution_page.py,66,temporary = Path(name),dynamic_path_operation,<review against central dai_sim.common.paths resolver>,high_dynamic_path,manual,targeted unit test plus CLI smoke from repository root
scripts/run_parameter_adoption_review.py,3,__future__,python_import,__future__,low_external_import,retain,compileall
scripts/run_parameter_adoption_review.py,5,argparse,python_import,argparse,low_external_import,retain,compileall
scripts/run_parameter_adoption_review.py,6,json,python_import,json,low_external_import,retain,compileall
scripts/run_parameter_adoption_review.py,7,pathlib,python_import,pathlib,low_external_import,retain,compileall
scripts/run_parameter_adoption_review.py,8,sys,python_import,sys,low_external_import,retain,compileall
scripts/run_parameter_adoption_review.py,11,REPOSITORY_ROOT = Path(__file__).resolve().parents[1],dynamic_path_operation,<review against central dai_sim.common.paths resolver>,high_dynamic_path,manual,targeted unit test plus CLI smoke from repository root
scripts/run_parameter_adoption_review.py,12,if str(REPOSITORY_ROOT) not in sys.path:,dynamic_path_operation,<review against central dai_sim.common.paths resolver>,high_dynamic_path,manual,targeted unit test plus CLI smoke from repository root
scripts/run_parameter_adoption_review.py,13,"sys.path.insert(0, str(REPOSITORY_ROOT))",dynamic_path_operation,<review against central dai_sim.common.paths resolver>,high_dynamic_path,manual,targeted unit test plus CLI smoke from repository root
scripts/run_parameter_adoption_review.py,15,src.estimation.adoption_review,python_import,dai_sim.calibration.adoption_review,high_import,codemod_then_manual_review,import smoke; compileall; pytest; Experiments 1-5 regression
scripts/run_phase2a_candidate_review.py,3,__future__,python_import,__future__,low_external_import,retain,compileall
scripts/run_phase2a_candidate_review.py,5,argparse,python_import,argparse,low_external_import,retain,compileall
scripts/run_phase2a_candidate_review.py,6,json,python_import,json,low_external_import,retain,compileall
scripts/run_phase2a_candidate_review.py,7,pathlib,python_import,pathlib,low_external_import,retain,compileall
scripts/run_phase2a_candidate_review.py,8,sys,python_import,sys,low_external_import,retain,compileall
scripts/run_phase2a_candidate_review.py,11,REPOSITORY_ROOT = Path(__file__).resolve().parents[1],dynamic_path_operation,<review against central dai_sim.common.paths resolver>,high_dynamic_path,manual,targeted unit test plus CLI smoke from repository root
scripts/run_phase2a_candidate_review.py,12,if str(REPOSITORY_ROOT) not in sys.path:,dynamic_path_operation,<review against central dai_sim.common.paths resolver>,high_dynamic_path,manual,targeted unit test plus CLI smoke from repository root
scripts/run_phase2a_candidate_review.py,13,"sys.path.insert(0, str(REPOSITORY_ROOT))",dynamic_path_operation,<review against central dai_sim.common.paths resolver>,high_dynamic_path,manual,targeted unit test plus CLI smoke from repository root
scripts/run_phase2a_candidate_review.py,15,src.estimation.phase2a_review,python_import,dai_sim.calibration.phase2a_review,high_import,codemod_then_manual_review,import smoke; compileall; pytest; Experiments 1-5 regression
scripts/run_phase2a_parameter_estimation.py,3,__future__,python_import,__future__,low_external_import,retain,compileall
scripts/run_phase2a_parameter_estimation.py,5,argparse,python_import,argparse,low_external_import,retain,compileall
scripts/run_phase2a_parameter_estimation.py,6,json,python_import,json,low_external_import,retain,compileall
scripts/run_phase2a_parameter_estimation.py,7,pathlib,python_import,pathlib,low_external_import,retain,compileall
scripts/run_phase2a_parameter_estimation.py,8,sys,python_import,sys,low_external_import,retain,compileall
scripts/run_phase2a_parameter_estimation.py,11,REPOSITORY_ROOT = Path(__file__).resolve().parents[1],dynamic_path_operation,<review against central dai_sim.common.paths resolver>,high_dynamic_path,manual,targeted unit test plus CLI smoke from repository root
scripts/run_phase2a_parameter_estimation.py,12,if str(REPOSITORY_ROOT) not in sys.path:,dynamic_path_operation,<review against central dai_sim.common.paths resolver>,high_dynamic_path,manual,targeted unit test plus CLI smoke from repository root
scripts/run_phase2a_parameter_estimation.py,13,"sys.path.insert(0, str(REPOSITORY_ROOT))",dynamic_path_operation,<review against central dai_sim.common.paths resolver>,high_dynamic_path,manual,targeted unit test plus CLI smoke from repository root
scripts/run_phase2a_parameter_estimation.py,15,src.estimation.phase2a,python_import,dai_sim.calibration.phase2a,high_import,codemod_then_manual_review,import smoke; compileall; pytest; Experiments 1-5 regression
scripts/run_phase2b_vault_estimation.py,3,__future__,python_import,__future__,low_external_import,retain,compileall
scripts/run_phase2b_vault_estimation.py,5,argparse,python_import,argparse,low_external_import,retain,compileall
scripts/run_phase2b_vault_estimation.py,6,json,python_import,json,low_external_import,retain,compileall
scripts/run_phase2b_vault_estimation.py,7,pathlib,python_import,pathlib,low_external_import,retain,compileall
scripts/run_phase2b_vault_estimation.py,8,sys,python_import,sys,low_external_import,retain,compileall
scripts/run_phase2b_vault_estimation.py,11,REPOSITORY_ROOT = Path(__file__).resolve().parents[1],dynamic_path_operation,<review against central dai_sim.common.paths resolver>,high_dynamic_path,manual,targeted unit test plus CLI smoke from repository root
scripts/run_phase2b_vault_estimation.py,12,if str(REPOSITORY_ROOT) not in sys.path:,dynamic_path_operation,<review against central dai_sim.common.paths resolver>,high_dynamic_path,manual,targeted unit test plus CLI smoke from repository root
scripts/run_phase2b_vault_estimation.py,13,"sys.path.insert(0, str(REPOSITORY_ROOT))",dynamic_path_operation,<review against central dai_sim.common.paths resolver>,high_dynamic_path,manual,targeted unit test plus CLI smoke from repository root
scripts/run_phase2b_vault_estimation.py,15,src.estimation.phase2b_vaults,python_import,dai_sim.calibration.phase2b_vaults,high_import,codemod_then_manual_review,import smoke; compileall; pytest; Experiments 1-5 regression
scripts/run_phase2c_liquidation_estimation.py,3,__future__,python_import,__future__,low_external_import,retain,compileall
scripts/run_phase2c_liquidation_estimation.py,5,argparse,python_import,argparse,low_external_import,retain,compileall
scripts/run_phase2c_liquidation_estimation.py,6,json,python_import,json,low_external_import,retain,compileall
scripts/run_phase2c_liquidation_estimation.py,7,pathlib,python_import,pathlib,low_external_import,retain,compileall
scripts/run_phase2c_liquidation_estimation.py,8,sys,python_import,sys,low_external_import,retain,compileall
scripts/run_phase2c_liquidation_estimation.py,11,REPOSITORY_ROOT = Path(__file__).resolve().parents[1],dynamic_path_operation,<review against central dai_sim.common.paths resolver>,high_dynamic_path,manual,targeted unit test plus CLI smoke from repository root
scripts/run_phase2c_liquidation_estimation.py,12,if str(REPOSITORY_ROOT) not in sys.path:,dynamic_path_operation,<review against central dai_sim.common.paths resolver>,high_dynamic_path,manual,targeted unit test plus CLI smoke from repository root
scripts/run_phase2c_liquidation_estimation.py,13,"sys.path.insert(0, str(REPOSITORY_ROOT))",dynamic_path_operation,<review against central dai_sim.common.paths resolver>,high_dynamic_path,manual,targeted unit test plus CLI smoke from repository root
scripts/run_phase2c_liquidation_estimation.py,15,src.estimation.phase2c_liquidations,python_import,dai_sim.calibration.phase2c_liquidations,high_import,codemod_then_manual_review,import smoke; compileall; pytest; Experiments 1-5 regression
scripts/run_tranche_b_initialisation_diagnostics.py,9,__future__,python_import,__future__,low_external_import,retain,compileall
scripts/run_tranche_b_initialisation_diagnostics.py,11,dataclasses,python_import,dataclasses,low_external_import,retain,compileall
scripts/run_tranche_b_initialisation_diagnostics.py,12,pathlib,python_import,pathlib,low_external_import,retain,compileall
scripts/run_tranche_b_initialisation_diagnostics.py,13,json,python_import,json,low_external_import,retain,compileall
scripts/run_tranche_b_initialisation_diagnostics.py,14,sys,python_import,sys,low_external_import,retain,compileall
scripts/run_tranche_b_initialisation_diagnostics.py,15,time,python_import,time,low_external_import,retain,compileall
scripts/run_tranche_b_initialisation_diagnostics.py,17,numpy,python_import,numpy,low_external_import,retain,compileall
scripts/run_tranche_b_initialisation_diagnostics.py,18,pandas,python_import,pandas,low_external_import,retain,compileall
scripts/run_tranche_b_initialisation_diagnostics.py,21,REPOSITORY_ROOT = Path(__file__).resolve().parents[1],dynamic_path_operation,<review against central dai_sim.common.paths resolver>,high_dynamic_path,manual,targeted unit test plus CLI smoke from repository root
scripts/run_tranche_b_initialisation_diagnostics.py,23,if str(SRC_ROOT) not in sys.path:,dynamic_path_operation,<review against central dai_sim.common.paths resolver>,high_dynamic_path,manual,targeted unit test plus CLI smoke from repository root
scripts/run_tranche_b_initialisation_diagnostics.py,24,"sys.path.insert(0, str(SRC_ROOT))",dynamic_path_operation,<review against central dai_sim.common.paths resolver>,high_dynamic_path,manual,targeted unit test plus CLI smoke from repository root
scripts/run_tranche_b_initialisation_diagnostics.py,26,empirical_config,python_import,dai_sim.inputs.configuration,high_import,codemod_then_manual_review,import smoke; compileall; pytest; Experiments 1-5 regression
scripts/run_tranche_b_initialisation_diagnostics.py,27,experiments,python_import,experiments,low_external_import,retain,compileall
scripts/run_tranche_b_initialisation_diagnostics.py,28,liquidation,python_import,dai_sim.model.liquidation,high_import,codemod_then_manual_review,import smoke; compileall; pytest; Experiments 1-5 regression
scripts/run_tranche_b_initialisation_diagnostics.py,29,confidence,python_import,dai_sim.model.confidence,high_import,codemod_then_manual_review,import smoke; compileall; pytest; Experiments 1-5 regression
scripts/run_tranche_b_initialisation_diagnostics.py,30,dai_market,python_import,dai_sim.model.market,high_import,codemod_then_manual_review,import smoke; compileall; pytest; Experiments 1-5 regression
scripts/run_tranche_b_initialisation_diagnostics.py,31,simulation,python_import,dai_sim.model.simulation,high_import,codemod_then_manual_review,import smoke; compileall; pytest; Experiments 1-5 regression
scripts/run_tranche_b_initialisation_diagnostics.py,32,vault,python_import,dai_sim.model.vault,high_import,codemod_then_manual_review,import smoke; compileall; pytest; Experiments 1-5 regression
scripts/run_tranche_b_initialisation_diagnostics.py,33,vault_initialisation,python_import,dai_sim.inputs.vaults,high_import,codemod_then_manual_review,import smoke; compileall; pytest; Experiments 1-5 regression
scripts/run_tranche_b_initialisation_diagnostics.py,47,config/empirical/phase2_empirical_baseline.yaml,literal_path,config/profiles/empirical.yaml,high_path,mapping_driven_then_manual_review,profile parse; runtime equivalence
scripts/run_tranche_b_initialisation_diagnostics.py,48,config/empirical/sensitivity/phase2_empirical_parametric_truncated.yaml,literal_path,config/sensitivities/vaults/parametric_truncated.yaml,high_path,mapping_driven_then_manual_review,profile parse; runtime equivalence
scripts/run_tranche_b_initialisation_diagnostics.py,231,"smoke.to_csv(OUTPUT_DIR / ""tranche_b_smoke_results.csv"", index=False, lineterminator=""\n"")",dynamic_path_operation,<review against central dai_sim.common.paths resolver>,high_dynamic_path,manual,targeted unit test plus CLI smoke from repository root
scripts/run_tranche_b_initialisation_diagnostics.py,232,"validation.to_csv(OUTPUT_DIR / ""sampling_validation.csv"", index=False, lineterminator=""\n"")",dynamic_path_operation,<review against central dai_sim.common.paths resolver>,high_dynamic_path,manual,targeted unit test plus CLI smoke from repository root
scripts/run_tranche_b_initialisation_diagnostics.py,233,"comparison.to_csv(OUTPUT_DIR / ""distribution_comparison.csv"", index=False, lineterminator=""\n"")",dynamic_path_operation,<review against central dai_sim.common.paths resolver>,high_dynamic_path,manual,targeted unit test plus CLI smoke from repository root
scripts/run_tranche_b_initialisation_diagnostics.py,234,"convergence.to_csv(OUTPUT_DIR / ""population_convergence.csv"", index=False, lineterminator=""\n"")",dynamic_path_operation,<review against central dai_sim.common.paths resolver>,high_dynamic_path,manual,targeted unit test plus CLI smoke from repository root
scripts/run_tranche_b_initialisation_diagnostics.py,235,zero_threshold.to_csv(,dynamic_path_operation,<review against central dai_sim.common.paths resolver>,high_dynamic_path,manual,targeted unit test plus CLI smoke from repository root
scripts/run_tranche_b_initialisation_diagnostics.py,244,config/empirical/data/vault_initialisation_pools.csv,literal_path,data/vaults/model_inputs/initialisation/pool.csv,high_path,mapping_driven_then_manual_review,profile parse; runtime equivalence
scripts/run_tranche_b_initialisation_diagnostics.py,246,config/empirical/phase2_empirical_distributional.yaml,literal_path,config/profiles/empirical.yaml,high_path,mapping_driven_then_manual_review,profile parse; runtime equivalence
scripts/run_tranche_b_initialisation_diagnostics.py,252,"""rows"": int(pd.read_csv(path).shape[0]),",dynamic_path_operation,<review against central dai_sim.common.paths resolver>,high_dynamic_path,manual,targeted unit test plus CLI smoke from repository root
scripts/run_tranche_b_initialisation_diagnostics.py,261,"(OUTPUT_DIR / ""tranche_b_run_metadata.json"").write_text(",dynamic_path_operation,<review against central dai_sim.common.paths resolver>,high_dynamic_path,manual,targeted unit test plus CLI smoke from repository root
scripts/run_tranche_c_environment_diagnostics.py,8,__future__,python_import,__future__,low_external_import,retain,compileall
scripts/run_tranche_c_environment_diagnostics.py,10,dataclasses,python_import,dataclasses,low_external_import,retain,compileall
scripts/run_tranche_c_environment_diagnostics.py,11,pathlib,python_import,pathlib,low_external_import,retain,compileall
scripts/run_tranche_c_environment_diagnostics.py,12,json,python_import,json,low_external_import,retain,compileall
scripts/run_tranche_c_environment_diagnostics.py,13,sys,python_import,sys,low_external_import,retain,compileall
scripts/run_tranche_c_environment_diagnostics.py,14,time,python_import,time,low_external_import,retain,compileall
scripts/run_tranche_c_environment_diagnostics.py,16,numpy,python_import,numpy,low_external_import,retain,compileall
scripts/run_tranche_c_environment_diagnostics.py,17,pandas,python_import,pandas,low_external_import,retain,compileall
scripts/run_tranche_c_environment_diagnostics.py,20,REPOSITORY_ROOT = Path(__file__).resolve().parents[1],dynamic_path_operation,<review against central dai_sim.common.paths resolver>,high_dynamic_path,manual,targeted unit test plus CLI smoke from repository root
scripts/run_tranche_c_environment_diagnostics.py,22,if str(SRC_ROOT) not in sys.path:,dynamic_path_operation,<review against central dai_sim.common.paths resolver>,high_dynamic_path,manual,targeted unit test plus CLI smoke from repository root
scripts/run_tranche_c_environment_diagnostics.py,23,"sys.path.insert(0, str(SRC_ROOT))",dynamic_path_operation,<review against central dai_sim.common.paths resolver>,high_dynamic_path,manual,targeted unit test plus CLI smoke from repository root
scripts/run_tranche_c_environment_diagnostics.py,25,empirical_config,python_import,dai_sim.inputs.configuration,high_import,codemod_then_manual_review,import smoke; compileall; pytest; Experiments 1-5 regression
scripts/run_tranche_c_environment_diagnostics.py,26,environment_inputs,python_import,dai_sim.inputs.environment,high_import,codemod_then_manual_review,import smoke; compileall; pytest; Experiments 1-5 regression
scripts/run_tranche_c_environment_diagnostics.py,27,experiments,python_import,experiments,low_external_import,retain,compileall
scripts/run_tranche_c_environment_diagnostics.py,32,gas_process,python_import,dai_sim.inputs.gas,high_import,codemod_then_manual_review,import smoke; compileall; pytest; Experiments 1-5 regression
scripts/run_tranche_c_environment_diagnostics.py,38,liquidation,python_import,dai_sim.model.liquidation,high_import,codemod_then_manual_review,import smoke; compileall; pytest; Experiments 1-5 regression
scripts/run_tranche_c_environment_diagnostics.py,39,market_bootstrap,python_import,dai_sim.inputs.market,high_import,codemod_then_manual_review,import smoke; compileall; pytest; Experiments 1-5 regression
scripts/run_tranche_c_environment_diagnostics.py,46,price_process,python_import,dai_sim.model.collateral_prices,high_import,codemod_then_manual_review,import smoke; compileall; pytest; Experiments 1-5 regression
scripts/run_tranche_c_environment_diagnostics.py,47,simulation,python_import,dai_sim.model.simulation,high_import,codemod_then_manual_review,import smoke; compileall; pytest; Experiments 1-5 regression
scripts/run_tranche_c_environment_diagnostics.py,48,vault_initialisation,python_import,dai_sim.inputs.vaults,high_import,codemod_then_manual_review,import smoke; compileall; pytest; Experiments 1-5 regression
scripts/run_tranche_c_environment_diagnostics.py,52,config/empirical/phase2_empirical_market_gas.yaml,literal_path,config/profiles/empirical.yaml,high_path,mapping_driven_then_manual_review,profile parse; runtime equivalence
scripts/run_tranche_c_environment_diagnostics.py,56,config/empirical/sensitivity/phase2_empirical_market_gas_block_72.yaml,literal_path,config/sensitivities/market/block_72h.yaml,high_path,mapping_driven_then_manual_review,profile parse; runtime equivalence
scripts/run_tranche_c_environment_diagnostics.py,58,config/empirical/sensitivity/phase2_empirical_market_gas_block_336.yaml,literal_path,config/sensitivities/market/block_336h.yaml,high_path,mapping_driven_then_manual_review,profile parse; runtime equivalence
scripts/run_tranche_c_environment_diagnostics.py,60,config/empirical/sensitivity/phase2_empirical_market_gas_high_gas_q90.yaml,literal_path,config/sensitivities/gas/high_q90.yaml,high_path,mapping_driven_then_manual_review,profile parse; runtime equivalence
scripts/run_tranche_c_environment_diagnostics.py,62,config/empirical/sensitivity/phase2_empirical_market_gas_zero_inclusive.yaml,literal_path,config/sensitivities/gas/zero_inclusive.yaml,high_path,mapping_driven_then_manual_review,profile parse; runtime equivalence
scripts/run_tranche_c_environment_diagnostics.py,64,config/empirical/sensitivity/phase2_empirical_market_blocks_legacy_gas.yaml,literal_path,config/sensitivities/gas/legacy_scalar.yaml,high_path,mapping_driven_then_manual_review,profile parse; runtime equivalence
scripts/run_tranche_c_environment_diagnostics.py,369,data/processed/estimation/phase2a_review/ftx_validation_diagnostics.csv,literal_path,outputs/diagnostics/calibration/phase2a_review/ftx_validation_diagnostics.csv,high_path,mapping_driven_then_manual_review,existence; manifest/checksum/path-metadata reconciliation
scripts/run_tranche_c_environment_diagnostics.py,370,ftx = pd.read_csv(ftx_source),dynamic_path_operation,<review against central dai_sim.common.paths resolver>,high_dynamic_path,manual,targeted unit test plus CLI smoke from repository root
scripts/run_tranche_c_environment_diagnostics.py,373,"market.to_csv(OUTPUT_DIR / ""market_bootstrap_validation.csv"", index=False, lineterminator=""\n"")",dynamic_path_operation,<review against central dai_sim.common.paths resolver>,high_dynamic_path,manual,targeted unit test plus CLI smoke from repository root
scripts/run_tranche_c_environment_diagnostics.py,374,"dependence.to_csv(OUTPUT_DIR / ""market_dependence_validation.csv"", index=False, lineterminator=""\n"")",dynamic_path_operation,<review against central dai_sim.common.paths resolver>,high_dynamic_path,manual,targeted unit test plus CLI smoke from repository root
scripts/run_tranche_c_environment_diagnostics.py,375,"block_starts.to_csv(OUTPUT_DIR / ""valid_block_start_audit.csv"", index=False, lineterminator=""\n"")",dynamic_path_operation,<review against central dai_sim.common.paths resolver>,high_dynamic_path,manual,targeted unit test plus CLI smoke from repository root
scripts/run_tranche_c_environment_diagnostics.py,378,").to_csv(OUTPUT_DIR / ""block_length_sensitivity.csv"", index=False, lineterminator=""\n"")",dynamic_path_operation,<review against central dai_sim.common.paths resolver>,high_dynamic_path,manual,targeted unit test plus CLI smoke from repository root
scripts/run_tranche_c_environment_diagnostics.py,379,"gas.to_csv(OUTPUT_DIR / ""gas_process_validation.csv"", index=False, lineterminator=""\n"")",dynamic_path_operation,<review against central dai_sim.common.paths resolver>,high_dynamic_path,manual,targeted unit test plus CLI smoke from repository root
scripts/run_tranche_c_environment_diagnostics.py,380,market_gas_dependence.to_csv(,dynamic_path_operation,<review against central dai_sim.common.paths resolver>,high_dynamic_path,manual,targeted unit test plus CLI smoke from repository root
scripts/run_tranche_c_environment_diagnostics.py,385,"smoke.to_csv(OUTPUT_DIR / ""tranche_c_smoke_results.csv"", index=False, lineterminator=""\n"")",dynamic_path_operation,<review against central dai_sim.common.paths resolver>,high_dynamic_path,manual,targeted unit test plus CLI smoke from repository root
scripts/run_tranche_c_environment_diagnostics.py,386,"ftx.to_csv(OUTPUT_DIR / ""ftx_directional_validation.csv"", index=False, lineterminator=""\n"")",dynamic_path_operation,<review against central dai_sim.common.paths resolver>,high_dynamic_path,manual,targeted unit test plus CLI smoke from repository root
scripts/run_tranche_c_environment_diagnostics.py,393,config/empirical/data/market_gas_hourly_pool.csv,literal_path,data/market/model_inputs/environment_blocks/pool.csv,high_path,mapping_driven_then_manual_review,profile parse; runtime equivalence
scripts/run_tranche_c_environment_diagnostics.py,395,config/empirical/data/market_gas_hourly_pool.csv,literal_path,data/market/model_inputs/environment_blocks/pool.csv,high_path,mapping_driven_then_manual_review,profile parse; runtime equivalence
scripts/run_tranche_c_environment_diagnostics.py,397,config/empirical/data/liquidation_gas_pool.csv,literal_path,data/liquidations/model_inputs/keeper_gas/pool.csv,high_path,mapping_driven_then_manual_review,profile parse; runtime equivalence
scripts/run_tranche_c_environment_diagnostics.py,399,config/empirical/data/liquidation_gas_pool.csv,literal_path,data/liquidations/model_inputs/keeper_gas/pool.csv,high_path,mapping_driven_then_manual_review,profile parse; runtime equivalence
scripts/run_tranche_c_environment_diagnostics.py,406,"""rows"": int(pd.read_csv(path).shape[0]),",dynamic_path_operation,<review against central dai_sim.common.paths resolver>,high_dynamic_path,manual,targeted unit test plus CLI smoke from repository root
scripts/run_tranche_c_environment_diagnostics.py,412,"(OUTPUT_DIR / ""tranche_c_run_metadata.json"").write_text(",dynamic_path_operation,<review against central dai_sim.common.paths resolver>,high_dynamic_path,manual,targeted unit test plus CLI smoke from repository root
scripts/validate_dune_market_prices.py,3,__future__,python_import,__future__,low_external_import,retain,compileall
scripts/validate_dune_market_prices.py,5,argparse,python_import,argparse,low_external_import,retain,compileall
scripts/validate_dune_market_prices.py,6,collections,python_import,collections,low_external_import,retain,compileall
scripts/validate_dune_market_prices.py,7,json,python_import,json,low_external_import,retain,compileall
scripts/validate_dune_market_prices.py,8,pathlib,python_import,pathlib,low_external_import,retain,compileall
scripts/validate_dune_market_prices.py,9,typing,python_import,typing,low_external_import,retain,compileall
scripts/validate_dune_market_prices.py,11,pandas,python_import,pandas,low_external_import,retain,compileall
scripts/validate_dune_market_prices.py,101,"frame = pd.read_csv(path, dtype={""contract_address"": ""string""})",dynamic_path_operation,<review against central dai_sim.common.paths resolver>,high_dynamic_path,manual,targeted unit test plus CLI smoke from repository root
scripts/validate_dune_market_prices.py,311,"args.report.write_text(rendered + ""\n"", encoding=""utf-8"")",dynamic_path_operation,<review against central dai_sim.common.paths resolver>,high_dynamic_path,manual,targeted unit test plus CLI smoke from repository root
src/collateral.py,15,__future__,python_import,__future__,low_external_import,retain,compileall
src/collateral.py,17,dataclasses,python_import,dataclasses,low_external_import,retain,compileall
src/collateral.py,483,src/collateral.py,literal_path,src/dai_sim/model/collateral.py,high_path,mapping_driven_then_manual_review,path existence and targeted tests
src/confidence.py,16,__future__,python_import,__future__,low_external_import,retain,compileall
src/confidence.py,18,dataclasses,python_import,dataclasses,low_external_import,retain,compileall
src/confidence.py,299,src/confidence.py,literal_path,src/dai_sim/model/confidence.py,high_path,mapping_driven_then_manual_review,path existence and targeted tests
src/dai_market.py,17,__future__,python_import,__future__,low_external_import,retain,compileall
src/dai_market.py,19,dataclasses,python_import,dataclasses,low_external_import,retain,compileall
src/dai_market.py,21,numpy,python_import,numpy,low_external_import,retain,compileall
src/dai_market.py,319,src/dai_market.py,literal_path,src/dai_sim/model/market.py,high_path,mapping_driven_then_manual_review,path existence and targeted tests
src/empirical_config.py,9,__future__,python_import,__future__,low_external_import,retain,compileall
src/empirical_config.py,11,dataclasses,python_import,dataclasses,low_external_import,retain,compileall
src/empirical_config.py,12,pathlib,python_import,pathlib,low_external_import,retain,compileall
src/empirical_config.py,13,typing,python_import,typing,low_external_import,retain,compileall
src/empirical_config.py,14,csv,python_import,csv,low_external_import,retain,compileall
src/empirical_config.py,15,hashlib,python_import,hashlib,low_external_import,retain,compileall
src/empirical_config.py,16,json,python_import,json,low_external_import,retain,compileall
src/empirical_config.py,18,yaml,python_import,yaml,low_external_import,retain,compileall
src/empirical_config.py,20,collateral,python_import,dai_sim.model.collateral,high_import,codemod_then_manual_review,import smoke; compileall; pytest; Experiments 1-5 regression
src/empirical_config.py,21,confidence,python_import,dai_sim.model.confidence,high_import,codemod_then_manual_review,import smoke; compileall; pytest; Experiments 1-5 regression
src/empirical_config.py,22,dai_market,python_import,dai_sim.model.market,high_import,codemod_then_manual_review,import smoke; compileall; pytest; Experiments 1-5 regression
src/empirical_config.py,23,liquidation,python_import,dai_sim.model.liquidation,high_import,codemod_then_manual_review,import smoke; compileall; pytest; Experiments 1-5 regression
src/empirical_config.py,24,simulation,python_import,dai_sim.model.simulation,high_import,codemod_then_manual_review,import smoke; compileall; pytest; Experiments 1-5 regression
src/empirical_config.py,27,REPOSITORY_ROOT = Path(__file__).resolve().parents[1],dynamic_path_operation,<review against central dai_sim.common.paths resolver>,high_dynamic_path,manual,targeted unit test plus CLI smoke from repository root
src/empirical_config.py,34,data/processed/estimation/adoption_review/parameter_adoption_matrix.csv,literal_path,outputs/diagnostics/calibration/adoption_review/parameter_adoption_matrix.csv,high_path,mapping_driven_then_manual_review,existence; manifest/checksum/path-metadata reconciliation
src/empirical_config.py,37,data/processed/estimation/adoption_review/configuration_ready_candidates.csv,literal_path,outputs/diagnostics/calibration/adoption_review/configuration_ready_candidates.csv,high_path,mapping_driven_then_manual_review,existence; manifest/checksum/path-metadata reconciliation
src/empirical_config.py,40,data/processed/estimation/adoption_review/candidate_consolidation.csv,literal_path,outputs/diagnostics/calibration/adoption_review/candidate_consolidation.csv,high_path,mapping_driven_then_manual_review,existence; manifest/checksum/path-metadata reconciliation
src/empirical_config.py,43,data/processed/estimation/adoption_review/model_interface_gaps.csv,literal_path,outputs/diagnostics/calibration/adoption_review/model_interface_gaps.csv,high_path,mapping_driven_then_manual_review,existence; manifest/checksum/path-metadata reconciliation
src/empirical_config.py,46,data/processed/estimation/adoption_review/proposed_implementation_tranches.csv,literal_path,outputs/diagnostics/calibration/adoption_review/proposed_implementation_tranches.csv,high_path,mapping_driven_then_manual_review,existence; manifest/checksum/path-metadata reconciliation
src/empirical_config.py,100,resolved = Path(path),dynamic_path_operation,<review against central dai_sim.common.paths resolver>,high_dynamic_path,manual,targeted unit test plus CLI smoke from repository root
src/empirical_config.py,102,"with resolved.open(""rb"") as handle:",dynamic_path_operation,<review against central dai_sim.common.paths resolver>,high_dynamic_path,manual,targeted unit test plus CLI smoke from repository root
src/empirical_config.py,130,"with Path(path).open(newline="""", encoding=""utf-8"") as handle:",dynamic_path_operation,<review against central dai_sim.common.paths resolver>,high_dynamic_path,manual,targeted unit test plus CLI smoke from repository root
src/empirical_config.py,258,config_path = Path(path),dynamic_path_operation,<review against central dai_sim.common.paths resolver>,high_dynamic_path,manual,targeted unit test plus CLI smoke from repository root
src/empirical_config.py,262,"with config_path.open(encoding=""utf-8"") as handle:",dynamic_path_operation,<review against central dai_sim.common.paths resolver>,high_dynamic_path,manual,targeted unit test plus CLI smoke from repository root
src/empirical_config.py,328,"with Path(path).open(encoding=""utf-8"") as handle:",dynamic_path_operation,<review against central dai_sim.common.paths resolver>,high_dynamic_path,manual,targeted unit test plus CLI smoke from repository root
src/empirical_data.py,10,src/empirical_data.py,literal_path,src/dai_sim/calibration/market.py;src/dai_sim/inputs/market.py,high_path,mapping_driven_then_manual_review,path existence and targeted tests
src/empirical_data.py,16,__future__,python_import,__future__,low_external_import,retain,compileall
src/empirical_data.py,18,argparse,python_import,argparse,low_external_import,retain,compileall
src/empirical_data.py,19,collections.abc,python_import,collections.abc,low_external_import,retain,compileall
src/empirical_data.py,20,dataclasses,python_import,dataclasses,low_external_import,retain,compileall
src/empirical_data.py,21,hashlib,python_import,hashlib,low_external_import,retain,compileall
src/empirical_data.py,22,pathlib,python_import,pathlib,low_external_import,retain,compileall
src/empirical_data.py,23,sys,python_import,sys,low_external_import,retain,compileall
src/empirical_data.py,24,typing,python_import,typing,low_external_import,retain,compileall
src/empirical_data.py,26,numpy,python_import,numpy,low_external_import,retain,compileall
src/empirical_data.py,27,pandas,python_import,pandas,low_external_import,retain,compileall
src/empirical_data.py,28,yaml,python_import,yaml,low_external_import,retain,compileall
src/empirical_data.py,31,empirical_sources,python_import,dai_sim.inputs.sources,high_import,codemod_then_manual_review,import smoke; compileall; pytest; Experiments 1-5 regression
src/empirical_data.py,47,.empirical_sources,python_import,.empirical_sources,high_import,codemod_then_manual_review,import smoke; compileall; pytest; Experiments 1-5 regression
src/empirical_data.py,64,PROJECT_ROOT = Path(__file__).resolve().parents[1],dynamic_path_operation,<review against central dai_sim.common.paths resolver>,high_dynamic_path,manual,targeted unit test plus CLI smoke from repository root
src/empirical_data.py,215,"object.__setattr__(self, ""manifest_path"", Path(self.manifest_path))",dynamic_path_operation,<review against central dai_sim.common.paths resolver>,high_dynamic_path,manual,targeted unit test plus CLI smoke from repository root
src/empirical_data.py,220,"Path(self.processed_data_dir),",dynamic_path_operation,<review against central dai_sim.common.paths resolver>,high_dynamic_path,manual,targeted unit test plus CLI smoke from repository root
src/empirical_data.py,256,manifest_path = Path(str(manifest_value)),dynamic_path_operation,<review against central dai_sim.common.paths resolver>,high_dynamic_path,manual,targeted unit test plus CLI smoke from repository root
src/empirical_data.py,262,processed_data_dir = Path(str(processed_value)),dynamic_path_operation,<review against central dai_sim.common.paths resolver>,high_dynamic_path,manual,targeted unit test plus CLI smoke from repository root
src/empirical_data.py,306,path = Path(config_path),dynamic_path_operation,<review against central dai_sim.common.paths resolver>,high_dynamic_path,manual,targeted unit test plus CLI smoke from repository root
src/empirical_data.py,311,"with path.open(""r"", encoding=""utf-8"") as stream:",dynamic_path_operation,<review against central dai_sim.common.paths resolver>,high_dynamic_path,manual,targeted unit test plus CLI smoke from repository root
src/empirical_data.py,343,manifest_path = Path(str(value)),dynamic_path_operation,<review against central dai_sim.common.paths resolver>,high_dynamic_path,manual,targeted unit test plus CLI smoke from repository root
src/empirical_data.py,370,source_path = Path(str(path_value)),dynamic_path_operation,<review against central dai_sim.common.paths resolver>,high_dynamic_path,manual,targeted unit test plus CLI smoke from repository root
src/empirical_data.py,418,path = Path(config_path),dynamic_path_operation,<review against central dai_sim.common.paths resolver>,high_dynamic_path,manual,targeted unit test plus CLI smoke from repository root
src/empirical_data.py,423,"with path.open(""r"", encoding=""utf-8"") as stream:",dynamic_path_operation,<review against central dai_sim.common.paths resolver>,high_dynamic_path,manual,targeted unit test plus CLI smoke from repository root
src/empirical_data.py,1270,output_path = Path(output_dir),dynamic_path_operation,<review against central dai_sim.common.paths resolver>,high_dynamic_path,manual,targeted unit test plus CLI smoke from repository root
src/empirical_data.py,1278,"frame.reset_index().to_csv(path, index=False)",dynamic_path_operation,<review against central dai_sim.common.paths resolver>,high_dynamic_path,manual,targeted unit test plus CLI smoke from repository root
src/empirical_data.py,1280,"frame.to_csv(path, index=False)",dynamic_path_operation,<review against central dai_sim.common.paths resolver>,high_dynamic_path,manual,targeted unit test plus CLI smoke from repository root
src/empirical_data.py,1371,classified_panel.reset_index().to_csv(,dynamic_path_operation,<review against central dai_sim.common.paths resolver>,high_dynamic_path,manual,targeted unit test plus CLI smoke from repository root
src/empirical_data.py,1450,"with Path(path).open(""rb"") as stream:",dynamic_path_operation,<review against central dai_sim.common.paths resolver>,high_dynamic_path,manual,targeted unit test plus CLI smoke from repository root
src/empirical_data.py,1542,raw = pd.read_csv(source.path),dynamic_path_operation,<review against central dai_sim.common.paths resolver>,high_dynamic_path,manual,targeted unit test plus CLI smoke from repository root
src/empirical_data.py,1696,"f""{Path(output_dir)}""",dynamic_path_operation,<review against central dai_sim.common.paths resolver>,high_dynamic_path,manual,targeted unit test plus CLI smoke from repository root
src/empirical_sources.py,8,__future__,python_import,__future__,low_external_import,retain,compileall
src/empirical_sources.py,10,collections.abc,python_import,collections.abc,low_external_import,retain,compileall
src/empirical_sources.py,11,dataclasses,python_import,dataclasses,low_external_import,retain,compileall
src/empirical_sources.py,12,pathlib,python_import,pathlib,low_external_import,retain,compileall
src/empirical_sources.py,13,re,python_import,re,low_external_import,retain,compileall
src/empirical_sources.py,14,typing,python_import,typing,low_external_import,retain,compileall
src/empirical_sources.py,16,numpy,python_import,numpy,low_external_import,retain,compileall
src/empirical_sources.py,17,pandas,python_import,pandas,low_external_import,retain,compileall
src/empirical_sources.py,206,"object.__setattr__(self, ""path"", Path(self.path))",dynamic_path_operation,<review against central dai_sim.common.paths resolver>,high_dynamic_path,manual,targeted unit test plus CLI smoke from repository root
src/empirical_sources.py,258,path = Path(str(path_value)),dynamic_path_operation,<review against central dai_sim.common.paths resolver>,high_dynamic_path,manual,targeted unit test plus CLI smoke from repository root
src/empirical_sources.py,563,raw = pd.read_csv(source.path),dynamic_path_operation,<review against central dai_sim.common.paths resolver>,high_dynamic_path,manual,targeted unit test plus CLI smoke from repository root
src/empirical_sources.py,576,output_dir = Path(standardised_output_dir),dynamic_path_operation,<review against central dai_sim.common.paths resolver>,high_dynamic_path,manual,targeted unit test plus CLI smoke from repository root
src/empirical_sources.py,579,"frame.reset_index().to_csv(output_dir / filename, index=False)",dynamic_path_operation,<review against central dai_sim.common.paths resolver>,high_dynamic_path,manual,targeted unit test plus CLI smoke from repository root
src/empirical_sources.py,699,path = Path(manifest_path),dynamic_path_operation,<review against central dai_sim.common.paths resolver>,high_dynamic_path,manual,targeted unit test plus CLI smoke from repository root
src/empirical_sources.py,702,"manifest = pd.read_csv(path, dtype=str)",dynamic_path_operation,<review against central dai_sim.common.paths resolver>,high_dynamic_path,manual,targeted unit test plus CLI smoke from repository root
src/environment_inputs.py,8,__future__,python_import,__future__,low_external_import,retain,compileall
src/environment_inputs.py,10,dataclasses,python_import,dataclasses,low_external_import,retain,compileall
src/environment_inputs.py,11,pathlib,python_import,pathlib,low_external_import,retain,compileall
src/environment_inputs.py,12,typing,python_import,typing,low_external_import,retain,compileall
src/environment_inputs.py,13,json,python_import,json,low_external_import,retain,compileall
src/environment_inputs.py,15,yaml,python_import,yaml,low_external_import,retain,compileall
src/environment_inputs.py,17,empirical_config,python_import,dai_sim.inputs.configuration,high_import,codemod_then_manual_review,import smoke; compileall; pytest; Experiments 1-5 regression
src/environment_inputs.py,18,gas_process,python_import,dai_sim.inputs.gas,high_import,codemod_then_manual_review,import smoke; compileall; pytest; Experiments 1-5 regression
src/environment_inputs.py,25,liquidation_demand,python_import,dai_sim.inputs.liquidations,high_import,codemod_then_manual_review,import smoke; compileall; pytest; Experiments 1-5 regression
src/environment_inputs.py,30,market_bootstrap,python_import,dai_sim.inputs.market,high_import,codemod_then_manual_review,import smoke; compileall; pytest; Experiments 1-5 regression
src/environment_inputs.py,35,vault_initialisation,python_import,dai_sim.inputs.vaults,high_import,codemod_then_manual_review,import smoke; compileall; pytest; Experiments 1-5 regression
src/environment_inputs.py,232,config_path = Path(path),dynamic_path_operation,<review against central dai_sim.common.paths resolver>,high_dynamic_path,manual,targeted unit test plus CLI smoke from repository root
src/environment_inputs.py,233,"raw = yaml.safe_load(config_path.read_text(encoding=""utf-8"")) or {}",dynamic_path_operation,<review against central dai_sim.common.paths resolver>,high_dynamic_path,manual,targeted unit test plus CLI smoke from repository root
src/environment_inputs.py,245,"temporary.write_text(yaml.safe_dump(base_payload, sort_keys=False), encoding=""utf-8"")",dynamic_path_operation,<review against central dai_sim.common.paths resolver>,high_dynamic_path,manual,targeted unit test plus CLI smoke from repository root
src/environment_inputs.py,265,config_path = Path(path),dynamic_path_operation,<review against central dai_sim.common.paths resolver>,high_dynamic_path,manual,targeted unit test plus CLI smoke from repository root
src/environment_inputs.py,266,"raw = yaml.safe_load(config_path.read_text(encoding=""utf-8"")) or {}",dynamic_path_operation,<review against central dai_sim.common.paths resolver>,high_dynamic_path,manual,targeted unit test plus CLI smoke from repository root
src/environment_inputs.py,273,"base_raw = yaml.safe_load(base_path.read_text(encoding=""utf-8"")) or {}",dynamic_path_operation,<review against central dai_sim.common.paths resolver>,high_dynamic_path,manual,targeted unit test plus CLI smoke from repository root
src/environment_inputs.py,287,"temporary.write_text(yaml.safe_dump(base_payload, sort_keys=False), encoding=""utf-8"")",dynamic_path_operation,<review against central dai_sim.common.paths resolver>,high_dynamic_path,manual,targeted unit test plus CLI smoke from repository root
src/environment_inputs.py,376,output = Path(path),dynamic_path_operation,<review against central dai_sim.common.paths resolver>,high_dynamic_path,manual,targeted unit test plus CLI smoke from repository root
src/environment_inputs.py,378,"output.write_text(json.dumps(provenance, indent=2, sort_keys=True) + ""\n"", encoding=""utf-8"")",dynamic_path_operation,<review against central dai_sim.common.paths resolver>,high_dynamic_path,manual,targeted unit test plus CLI smoke from repository root
src/estimation/__init__.py,3,.phase2a,python_import,.market,high_import,codemod_then_manual_review,import smoke; compileall; pytest; Experiments 1-5 regression
src/estimation/__init__.py,4,.phase2b_vaults,python_import,.vaults,high_import,codemod_then_manual_review,import smoke; compileall; pytest; Experiments 1-5 regression
src/estimation/adoption_review.py,3,__future__,python_import,__future__,low_external_import,retain,compileall
src/estimation/adoption_review.py,5,ast,python_import,ast,low_external_import,retain,compileall
src/estimation/adoption_review.py,6,hashlib,python_import,hashlib,low_external_import,retain,compileall
src/estimation/adoption_review.py,7,json,python_import,json,low_external_import,retain,compileall
src/estimation/adoption_review.py,8,os,python_import,os,low_external_import,retain,compileall
src/estimation/adoption_review.py,9,re,python_import,re,low_external_import,retain,compileall
src/estimation/adoption_review.py,10,tempfile,python_import,tempfile,low_external_import,retain,compileall
src/estimation/adoption_review.py,11,dataclasses,python_import,dataclasses,low_external_import,retain,compileall
src/estimation/adoption_review.py,12,pathlib,python_import,pathlib,low_external_import,retain,compileall
src/estimation/adoption_review.py,13,typing,python_import,typing,low_external_import,retain,compileall
src/estimation/adoption_review.py,15,numpy,python_import,numpy,low_external_import,retain,compileall
src/estimation/adoption_review.py,16,pandas,python_import,pandas,low_external_import,retain,compileall
src/estimation/adoption_review.py,18,.data_loading,python_import,.data_loading,high_import,codemod_then_manual_review,import smoke; compileall; pytest; Experiments 1-5 regression
src/estimation/adoption_review.py,21,data/processed/estimation/adoption_review,literal_path,outputs/diagnostics/calibration/adoption_review,high_path,mapping_driven_then_manual_review,existence; manifest/checksum/path-metadata reconciliation
src/estimation/adoption_review.py,22,docs/parameter_estimation_plan.md,literal_path,docs/calibration/parameter_estimation.md,medium,mapping_driven_then_manual_review,path existence and targeted tests
src/estimation/adoption_review.py,24,data/processed/estimation/phase2a/parameter_status.csv,literal_path,outputs/diagnostics/calibration/phase2a/parameter_status.csv,high_path,mapping_driven_then_manual_review,existence; manifest/checksum/path-metadata reconciliation
src/estimation/adoption_review.py,29,data/processed/estimation/phase2a/phase2a_candidate_parameters.json,literal_path,outputs/diagnostics/calibration/phase2a/phase2a_candidate_parameters.json,high_path,mapping_driven_then_manual_review,existence; manifest/checksum/path-metadata reconciliation
src/estimation/adoption_review.py,33,data/processed/estimation/phase2a_review/,literal_path,outputs/diagnostics/calibration/phase2a_review/,high_path,mapping_driven_then_manual_review,existence; manifest/checksum/path-metadata reconciliation
src/estimation/adoption_review.py,38,data/processed/estimation/phase2b_vaults/,literal_path,outputs/diagnostics/calibration/phase2b_vaults/,high_path,mapping_driven_then_manual_review,existence; manifest/checksum/path-metadata reconciliation
src/estimation/adoption_review.py,43,data/processed/estimation/phase2c_liquidations/,literal_path,outputs/diagnostics/calibration/phase2c_liquidations/,high_path,mapping_driven_then_manual_review,existence; manifest/checksum/path-metadata reconciliation
src/estimation/adoption_review.py,49,data/DATA_ACQUISITION_PLAN.md,literal_path,docs/archive/historical_plans/data_acquisition_plan.md,high_path,mapping_driven_then_manual_review,existence; manifest/checksum/path-metadata reconciliation
src/estimation/adoption_review.py,368,"descriptor = os.open(path, os.O_RDONLY)",dynamic_path_operation,<review against central dai_sim.common.paths resolver>,high_dynamic_path,manual,targeted unit test plus CLI smoke from repository root
src/estimation/adoption_review.py,382,temporary = Path(name),dynamic_path_operation,<review against central dai_sim.common.paths resolver>,high_dynamic_path,manual,targeted unit test plus CLI smoke from repository root
src/estimation/adoption_review.py,398,"frame.to_csv(index=False, lineterminator=""\n"", float_format=""%.12g""),",dynamic_path_operation,<review against central dai_sim.common.paths resolver>,high_dynamic_path,manual,targeted unit test plus CLI smoke from repository root
src/estimation/adoption_review.py,428,"source = PARAMETER_PLAN.read_text(encoding=""utf-8"") if text is None else text",dynamic_path_operation,<review against central dai_sim.common.paths resolver>,high_dynamic_path,manual,targeted unit test plus CLI smoke from repository root
src/estimation/adoption_review.py,438,src/simulation.py,literal_path,src/dai_sim/model/simulation.py,high_path,mapping_driven_then_manual_review,path existence and targeted tests
src/estimation/adoption_review.py,439,src/collateral.py,literal_path,src/dai_sim/model/collateral.py,high_path,mapping_driven_then_manual_review,path existence and targeted tests
src/estimation/adoption_review.py,440,src/liquidation.py,literal_path,src/dai_sim/model/liquidation.py,high_path,mapping_driven_then_manual_review,path existence and targeted tests
src/estimation/adoption_review.py,441,src/confidence.py,literal_path,src/dai_sim/model/confidence.py,high_path,mapping_driven_then_manual_review,path existence and targeted tests
src/estimation/adoption_review.py,442,src/dai_market.py,literal_path,src/dai_sim/model/market.py,high_path,mapping_driven_then_manual_review,path existence and targeted tests
src/estimation/adoption_review.py,443,src/price_process.py,literal_path,src/dai_sim/model/collateral_prices.py,high_path,mapping_driven_then_manual_review,path existence and targeted tests
src/estimation/adoption_review.py,448,"(PROJECT_ROOT / relative_path).read_text(encoding=""utf-8"")",dynamic_path_operation,<review against central dai_sim.common.paths resolver>,high_dynamic_path,manual,targeted unit test plus CLI smoke from repository root
src/estimation/adoption_review.py,475,"name: json.loads(path.read_text(encoding=""utf-8""))",dynamic_path_operation,<review against central dai_sim.common.paths resolver>,high_dynamic_path,manual,targeted unit test plus CLI smoke from repository root
src/estimation/adoption_review.py,736,tests/test_phase2b_vault_estimation.py,literal_path,tests/calibration/test_vaults.py,medium,mapping_driven_then_manual_review,path existence and targeted tests
src/estimation/adoption_review.py,739,tests/test_phase2a_estimation.py,literal_path,tests/calibration/test_market_gas_protocol.py,medium,mapping_driven_then_manual_review,path existence and targeted tests
src/estimation/adoption_review.py,740,tests/test_phase2a_candidate_review.py,literal_path,tests/calibration/test_validation.py,medium,mapping_driven_then_manual_review,path existence and targeted tests
src/estimation/adoption_review.py,743,tests/test_phase2a_estimation.py,literal_path,tests/calibration/test_market_gas_protocol.py,medium,mapping_driven_then_manual_review,path existence and targeted tests
src/estimation/adoption_review.py,744,tests/test_phase2c_liquidation_estimation.py,literal_path,tests/calibration/test_liquidations.py,medium,mapping_driven_then_manual_review,path existence and targeted tests
src/estimation/adoption_review.py,860,status = pd.read_csv(PHASE2A_STATUS),dynamic_path_operation,<review against central dai_sim.common.paths resolver>,high_dynamic_path,manual,targeted unit test plus CLI smoke from repository root
src/estimation/adoption_review.py,994,"path.read_text(encoding=""utf-8"")",dynamic_path_operation,<review against central dai_sim.common.paths resolver>,high_dynamic_path,manual,targeted unit test plus CLI smoke from repository root
src/estimation/adoption_review.py,1216,frame = pd.read_csv(path),dynamic_path_operation,<review against central dai_sim.common.paths resolver>,high_dynamic_path,manual,targeted unit test plus CLI smoke from repository root
src/estimation/adoption_review.py,1219,"json.loads(path.read_text(encoding=""utf-8""))",dynamic_path_operation,<review against central dai_sim.common.paths resolver>,high_dynamic_path,manual,targeted unit test plus CLI smoke from repository root
src/estimation/adoption_review.py,1309,"""tool_sha256"": sha256_file(Path(__file__)),",dynamic_path_operation,<review against central dai_sim.common.paths resolver>,high_dynamic_path,manual,targeted unit test plus CLI smoke from repository root
src/estimation/data_loading.py,3,__future__,python_import,__future__,low_external_import,retain,compileall
src/estimation/data_loading.py,5,csv,python_import,csv,low_external_import,retain,compileall
src/estimation/data_loading.py,6,hashlib,python_import,hashlib,low_external_import,retain,compileall
src/estimation/data_loading.py,7,json,python_import,json,low_external_import,retain,compileall
src/estimation/data_loading.py,8,dataclasses,python_import,dataclasses,low_external_import,retain,compileall
src/estimation/data_loading.py,9,pathlib,python_import,pathlib,low_external_import,retain,compileall
src/estimation/data_loading.py,10,typing,python_import,typing,low_external_import,retain,compileall
src/estimation/data_loading.py,12,pandas,python_import,pandas,low_external_import,retain,compileall
src/estimation/data_loading.py,15,PROJECT_ROOT = Path(__file__).resolve().parents[2],dynamic_path_operation,<review against central dai_sim.common.paths resolver>,high_dynamic_path,manual,targeted unit test plus CLI smoke from repository root
src/estimation/data_loading.py,142,"with path.open(""rb"") as handle:",dynamic_path_operation,<review against central dai_sim.common.paths resolver>,high_dynamic_path,manual,targeted unit test plus CLI smoke from repository root
src/estimation/data_loading.py,150,"with path.open(""r"", encoding=""utf-8"", newline="""") as handle:",dynamic_path_operation,<review against central dai_sim.common.paths resolver>,high_dynamic_path,manual,targeted unit test plus CLI smoke from repository root
src/estimation/data_loading.py,161,data/provenance/manifests/data_manifest.csv,literal_path,data/provenance/data_manifest.csv,high_path,mapping_driven_then_manual_review,existence; manifest/checksum/path-metadata reconciliation
src/estimation/data_loading.py,163,"with manifest_path.open(""r"", encoding=""utf-8"", newline="""") as handle:",dynamic_path_operation,<review against central dai_sim.common.paths resolver>,high_dynamic_path,manual,targeted unit test plus CLI smoke from repository root
src/estimation/data_loading.py,200,data/provenance/liquidations/manifest.json,literal_path,data/liquidations/provenance/manifest.json,high_path,mapping_driven_then_manual_review,existence; manifest/checksum/path-metadata reconciliation
src/estimation/data_loading.py,201,").read_text(encoding=""utf-8"")",dynamic_path_operation,<review against central dai_sim.common.paths resolver>,high_dynamic_path,manual,targeted unit test plus CLI smoke from repository root
src/estimation/data_loading.py,227,"name, rows, columns = known[Path(relative).name]",dynamic_path_operation,<review against central dai_sim.common.paths resolver>,high_dynamic_path,manual,targeted unit test plus CLI smoke from repository root
src/estimation/data_loading.py,243,data/provenance/protocol/manifest.json,literal_path,data/protocol/provenance/manifest.json,high_path,mapping_driven_then_manual_review,existence; manifest/checksum/path-metadata reconciliation
src/estimation/data_loading.py,244,").read_text(encoding=""utf-8"")",dynamic_path_operation,<review against central dai_sim.common.paths resolver>,high_dynamic_path,manual,targeted unit test plus CLI smoke from repository root
src/estimation/data_loading.py,322,"frame = pd.read_csv(spec.path, low_memory=False)",dynamic_path_operation,<review against central dai_sim.common.paths resolver>,high_dynamic_path,manual,targeted unit test plus CLI smoke from repository root
src/estimation/phase2a.py,3,__future__,python_import,__future__,low_external_import,retain,compileall
src/estimation/phase2a.py,5,csv,python_import,csv,low_external_import,retain,compileall
src/estimation/phase2a.py,6,hashlib,python_import,hashlib,low_external_import,retain,compileall
src/estimation/phase2a.py,7,json,python_import,json,low_external_import,retain,compileall
src/estimation/phase2a.py,8,math,python_import,math,low_external_import,retain,compileall
src/estimation/phase2a.py,9,os,python_import,os,low_external_import,retain,compileall
src/estimation/phase2a.py,10,re,python_import,re,low_external_import,retain,compileall
src/estimation/phase2a.py,11,subprocess,python_import,subprocess,low_external_import,retain,compileall
src/estimation/phase2a.py,12,tempfile,python_import,tempfile,low_external_import,retain,compileall
src/estimation/phase2a.py,13,dataclasses,python_import,dataclasses,low_external_import,retain,compileall
src/estimation/phase2a.py,14,datetime,python_import,datetime,low_external_import,retain,compileall
src/estimation/phase2a.py,15,pathlib,python_import,pathlib,low_external_import,retain,compileall
src/estimation/phase2a.py,16,typing,python_import,typing,low_external_import,retain,compileall
src/estimation/phase2a.py,18,numpy,python_import,numpy,low_external_import,retain,compileall
src/estimation/phase2a.py,19,pandas,python_import,pandas,low_external_import,retain,compileall
src/estimation/phase2a.py,21,.data_loading,python_import,.data_loading,high_import,codemod_then_manual_review,import smoke; compileall; pytest; Experiments 1-5 regression
src/estimation/phase2a.py,31,.statistics,python_import,.statistics,high_import,codemod_then_manual_review,import smoke; compileall; pytest; Experiments 1-5 regression
src/estimation/phase2a.py,50,data/processed/estimation/phase2a,literal_path,outputs/diagnostics/calibration/phase2a,high_path,mapping_driven_then_manual_review,existence; manifest/checksum/path-metadata reconciliation
src/estimation/phase2a.py,52,outputs/estimation/phase2a,literal_path,outputs/diagnostics/calibration/phase2a,high_path,mapping_driven_then_manual_review,path existence and targeted tests
src/estimation/phase2a.py,53,docs/phase2a_parameter_estimation_report.md,literal_path,docs/archive/phase_reports/phase2a_parameter_estimation_report.md,medium,mapping_driven_then_manual_review,path existence and targeted tests
src/estimation/phase2a.py,54,docs/parameter_estimation_plan.md,literal_path,docs/calibration/parameter_estimation.md,medium,mapping_driven_then_manual_review,path existence and targeted tests
src/estimation/phase2a.py,228,"path.write_text(text + ""\n"", encoding=""utf-8"")",dynamic_path_operation,<review against central dai_sim.common.paths resolver>,high_dynamic_path,manual,targeted unit test plus CLI smoke from repository root
src/estimation/phase2a.py,233,frame.to_csv(,dynamic_path_operation,<review against central dai_sim.common.paths resolver>,high_dynamic_path,manual,targeted unit test plus CLI smoke from repository root
src/estimation/phase2a.py,247,"text = PARAMETER_PLAN.read_text(encoding=""utf-8"")",dynamic_path_operation,<review against central dai_sim.common.paths resolver>,high_dynamic_path,manual,targeted unit test plus CLI smoke from repository root
src/estimation/phase2a.py,1770,"str(Path(tempfile.gettempdir()) / ""dai-abm-matplotlib""),",dynamic_path_operation,<review against central dai_sim.common.paths resolver>,high_dynamic_path,manual,targeted unit test plus CLI smoke from repository root
src/estimation/phase2a.py,1772,matplotlib.pyplot,python_import,matplotlib.pyplot,low_external_import,retain,compileall
src/estimation/phase2a.py,1836,src/estimation,literal_path,src/dai_sim/estimation,high_path,mapping_driven_then_manual_review,path existence and targeted tests
src/estimation/phase2a.py,1837,scripts/run_phase2a_parameter_estimation.py,literal_path,workflows/calibration/market_gas_protocol.py,high_path,mapping_driven_then_manual_review,path existence and targeted tests
src/estimation/phase2a.py,1954,"path.write_text(text, encoding=""utf-8"")",dynamic_path_operation,<review against central dai_sim.common.paths resolver>,high_dynamic_path,manual,targeted unit test plus CLI smoke from repository root
src/estimation/phase2a_review.py,3,__future__,python_import,__future__,low_external_import,retain,compileall
src/estimation/phase2a_review.py,5,hashlib,python_import,hashlib,low_external_import,retain,compileall
src/estimation/phase2a_review.py,6,json,python_import,json,low_external_import,retain,compileall
src/estimation/phase2a_review.py,7,os,python_import,os,low_external_import,retain,compileall
src/estimation/phase2a_review.py,8,subprocess,python_import,subprocess,low_external_import,retain,compileall
src/estimation/phase2a_review.py,9,tempfile,python_import,tempfile,low_external_import,retain,compileall
src/estimation/phase2a_review.py,10,collections,python_import,collections,low_external_import,retain,compileall
src/estimation/phase2a_review.py,11,dataclasses,python_import,dataclasses,low_external_import,retain,compileall
src/estimation/phase2a_review.py,12,datetime,python_import,datetime,low_external_import,retain,compileall
src/estimation/phase2a_review.py,13,pathlib,python_import,pathlib,low_external_import,retain,compileall
src/estimation/phase2a_review.py,14,typing,python_import,typing,low_external_import,retain,compileall
src/estimation/phase2a_review.py,16,numpy,python_import,numpy,low_external_import,retain,compileall
src/estimation/phase2a_review.py,17,pandas,python_import,pandas,low_external_import,retain,compileall
src/estimation/phase2a_review.py,19,.data_loading,python_import,.data_loading,high_import,codemod_then_manual_review,import smoke; compileall; pytest; Experiments 1-5 regression
src/estimation/phase2a_review.py,24,.statistics,python_import,.statistics,high_import,codemod_then_manual_review,import smoke; compileall; pytest; Experiments 1-5 regression
src/estimation/phase2a_review.py,33,data/processed/estimation/phase2a,literal_path,outputs/diagnostics/calibration/phase2a,high_path,mapping_driven_then_manual_review,existence; manifest/checksum/path-metadata reconciliation
src/estimation/phase2a_review.py,34,data/processed/estimation/phase2a_review,literal_path,outputs/diagnostics/calibration/phase2a_review,high_path,mapping_driven_then_manual_review,existence; manifest/checksum/path-metadata reconciliation
src/estimation/phase2a_review.py,35,docs/phase2a_candidate_review.md,literal_path,docs/archive/phase_reports/phase2a_candidate_review.md,medium,mapping_driven_then_manual_review,path existence and targeted tests
src/estimation/phase2a_review.py,92,temporary = Path(temporary_name),dynamic_path_operation,<review against central dai_sim.common.paths resolver>,high_dynamic_path,manual,targeted unit test plus CLI smoke from repository root
src/estimation/phase2a_review.py,99,"directory = os.open(path.parent, os.O_RDONLY)",dynamic_path_operation,<review against central dai_sim.common.paths resolver>,high_dynamic_path,manual,targeted unit test plus CLI smoke from repository root
src/estimation/phase2a_review.py,110,text = frame.to_csv(,dynamic_path_operation,<review against central dai_sim.common.paths resolver>,high_dynamic_path,manual,targeted unit test plus CLI smoke from repository root
src/estimation/phase2a_review.py,151,"metadata = json.loads(metadata_path.read_text(encoding=""utf-8""))",dynamic_path_operation,<review against central dai_sim.common.paths resolver>,high_dynamic_path,manual,targeted unit test plus CLI smoke from repository root
src/estimation/phase2a_review.py,170,"""registry"": json.loads(registry_path.read_text(encoding=""utf-8"")),",dynamic_path_operation,<review against central dai_sim.common.paths resolver>,high_dynamic_path,manual,targeted unit test plus CLI smoke from repository root
src/estimation/phase2a_review.py,199,"name: pd.read_csv(path, low_memory=False)",dynamic_path_operation,<review against central dai_sim.common.paths resolver>,high_dynamic_path,manual,targeted unit test plus CLI smoke from repository root
src/estimation/phase2b_vaults.py,3,__future__,python_import,__future__,low_external_import,retain,compileall
src/estimation/phase2b_vaults.py,5,csv,python_import,csv,low_external_import,retain,compileall
src/estimation/phase2b_vaults.py,6,hashlib,python_import,hashlib,low_external_import,retain,compileall
src/estimation/phase2b_vaults.py,7,json,python_import,json,low_external_import,retain,compileall
src/estimation/phase2b_vaults.py,8,math,python_import,math,low_external_import,retain,compileall
src/estimation/phase2b_vaults.py,9,os,python_import,os,low_external_import,retain,compileall
src/estimation/phase2b_vaults.py,10,tempfile,python_import,tempfile,low_external_import,retain,compileall
src/estimation/phase2b_vaults.py,11,dataclasses,python_import,dataclasses,low_external_import,retain,compileall
src/estimation/phase2b_vaults.py,12,datetime,python_import,datetime,low_external_import,retain,compileall
src/estimation/phase2b_vaults.py,13,pathlib,python_import,pathlib,low_external_import,retain,compileall
src/estimation/phase2b_vaults.py,14,typing,python_import,typing,low_external_import,retain,compileall
src/estimation/phase2b_vaults.py,16,numpy,python_import,numpy,low_external_import,retain,compileall
src/estimation/phase2b_vaults.py,17,pandas,python_import,pandas,low_external_import,retain,compileall
src/estimation/phase2b_vaults.py,19,.data_loading,python_import,.data_loading,high_import,codemod_then_manual_review,import smoke; compileall; pytest; Experiments 1-5 regression
src/estimation/phase2b_vaults.py,44,data/processed/estimation/phase2b_vaults,literal_path,outputs/diagnostics/calibration/phase2b_vaults,high_path,mapping_driven_then_manual_review,existence; manifest/checksum/path-metadata reconciliation
src/estimation/phase2b_vaults.py,46,data/processed/protocol/,literal_path,data/protocol/processed/,high_path,mapping_driven_then_manual_review,existence; manifest/checksum/path-metadata reconciliation
src/estimation/phase2b_vaults.py,50,data/processed/market/,literal_path,data/market/processed/,high_path,mapping_driven_then_manual_review,existence; manifest/checksum/path-metadata reconciliation
src/estimation/phase2b_vaults.py,54,data/processed/estimation/phase2a/,literal_path,outputs/diagnostics/calibration/phase2a/,high_path,mapping_driven_then_manual_review,existence; manifest/checksum/path-metadata reconciliation
src/estimation/phase2b_vaults.py,81,data/processed/vaults/representative_regimes/,literal_path,data/vaults/processed/representative_regimes/,high_path,mapping_driven_then_manual_review,existence; manifest/checksum/path-metadata reconciliation
src/estimation/phase2b_vaults.py,86,data/provenance/vaults/representative_regimes/,literal_path,data/vaults/provenance/representative_regimes/,high_path,mapping_driven_then_manual_review,existence; manifest/checksum/path-metadata reconciliation
src/estimation/phase2b_vaults.py,98,data/processed/vaults/representative_regimes/,literal_path,data/vaults/processed/representative_regimes/,high_path,mapping_driven_then_manual_review,existence; manifest/checksum/path-metadata reconciliation
src/estimation/phase2b_vaults.py,103,data/provenance/vaults/representative_regimes/,literal_path,data/vaults/provenance/representative_regimes/,high_path,mapping_driven_then_manual_review,existence; manifest/checksum/path-metadata reconciliation
src/estimation/phase2b_vaults.py,191,"descriptor = os.open(path, os.O_RDONLY)",dynamic_path_operation,<review against central dai_sim.common.paths resolver>,high_dynamic_path,manual,targeted unit test plus CLI smoke from repository root
src/estimation/phase2b_vaults.py,205,temporary = Path(name),dynamic_path_operation,<review against central dai_sim.common.paths resolver>,high_dynamic_path,manual,targeted unit test plus CLI smoke from repository root
src/estimation/phase2b_vaults.py,233,text = frame.to_csv(,dynamic_path_operation,<review against central dai_sim.common.paths resolver>,high_dynamic_path,manual,targeted unit test plus CLI smoke from repository root
src/estimation/phase2b_vaults.py,543,"metadata = json.loads(metadata_path.read_text(encoding=""utf-8""))",dynamic_path_operation,<review against central dai_sim.common.paths resolver>,high_dynamic_path,manual,targeted unit test plus CLI smoke from repository root
src/estimation/phase2b_vaults.py,544,"validation = json.loads(validation_path.read_text(encoding=""utf-8""))",dynamic_path_operation,<review against central dai_sim.common.paths resolver>,high_dynamic_path,manual,targeted unit test plus CLI smoke from repository root
src/estimation/phase2b_vaults.py,565,"frame = pd.read_csv(path, dtype={""urn"": str, ""owner_or_proxy"": str})",dynamic_path_operation,<review against central dai_sim.common.paths resolver>,high_dynamic_path,manual,targeted unit test plus CLI smoke from repository root
src/estimation/phase2b_vaults.py,642,"protocol = pd.read_csv(PROTOCOL_PATH, low_memory=False)",dynamic_path_operation,<review against central dai_sim.common.paths resolver>,high_dynamic_path,manual,targeted unit test plus CLI smoke from repository root
src/estimation/phase2b_vaults.py,643,market = pd.read_csv(MARKET_PATH),dynamic_path_operation,<review against central dai_sim.common.paths resolver>,high_dynamic_path,manual,targeted unit test plus CLI smoke from repository root
src/estimation/phase2b_vaults.py,644,regimes = pd.read_csv(REGIME_PATH),dynamic_path_operation,<review against central dai_sim.common.paths resolver>,high_dynamic_path,manual,targeted unit test plus CLI smoke from repository root
src/estimation/phase2b_vaults.py,2179,"sum(1 for _ in path.open(encoding=""utf-8"")) - 1",dynamic_path_operation,<review against central dai_sim.common.paths resolver>,high_dynamic_path,manual,targeted unit test plus CLI smoke from repository root
src/estimation/phase2b_vaults.py,2199,"""path"": _relative(Path(__file__)),",dynamic_path_operation,<review against central dai_sim.common.paths resolver>,high_dynamic_path,manual,targeted unit test plus CLI smoke from repository root
src/estimation/phase2b_vaults.py,2200,"""sha256"": sha256_file(Path(__file__)),",dynamic_path_operation,<review against central dai_sim.common.paths resolver>,high_dynamic_path,manual,targeted unit test plus CLI smoke from repository root
src/estimation/phase2c_liquidations.py,3,__future__,python_import,__future__,low_external_import,retain,compileall
src/estimation/phase2c_liquidations.py,5,hashlib,python_import,hashlib,low_external_import,retain,compileall
src/estimation/phase2c_liquidations.py,6,json,python_import,json,low_external_import,retain,compileall
src/estimation/phase2c_liquidations.py,7,math,python_import,math,low_external_import,retain,compileall
src/estimation/phase2c_liquidations.py,8,os,python_import,os,low_external_import,retain,compileall
src/estimation/phase2c_liquidations.py,9,tempfile,python_import,tempfile,low_external_import,retain,compileall
src/estimation/phase2c_liquidations.py,10,dataclasses,python_import,dataclasses,low_external_import,retain,compileall
src/estimation/phase2c_liquidations.py,11,decimal,python_import,decimal,low_external_import,retain,compileall
src/estimation/phase2c_liquidations.py,12,pathlib,python_import,pathlib,low_external_import,retain,compileall
src/estimation/phase2c_liquidations.py,13,typing,python_import,typing,low_external_import,retain,compileall
src/estimation/phase2c_liquidations.py,15,numpy,python_import,numpy,low_external_import,retain,compileall
src/estimation/phase2c_liquidations.py,16,pandas,python_import,pandas,low_external_import,retain,compileall
src/estimation/phase2c_liquidations.py,18,.data_loading,python_import,.data_loading,high_import,codemod_then_manual_review,import smoke; compileall; pytest; Experiments 1-5 regression
src/estimation/phase2c_liquidations.py,26,data/processed/estimation/phase2c_liquidations,literal_path,outputs/diagnostics/calibration/phase2c_liquidations,high_path,mapping_driven_then_manual_review,existence; manifest/checksum/path-metadata reconciliation
src/estimation/phase2c_liquidations.py,29,data/processed/vaults/representative_regimes/,literal_path,data/vaults/processed/representative_regimes/,high_path,mapping_driven_then_manual_review,existence; manifest/checksum/path-metadata reconciliation
src/estimation/phase2c_liquidations.py,34,data/provenance/vaults/representative_regimes/,literal_path,data/vaults/provenance/representative_regimes/,high_path,mapping_driven_then_manual_review,existence; manifest/checksum/path-metadata reconciliation
src/estimation/phase2c_liquidations.py,39,data/processed/liquidations/,literal_path,data/liquidations/processed/,high_path,mapping_driven_then_manual_review,existence; manifest/checksum/path-metadata reconciliation
src/estimation/phase2c_liquidations.py,44,data/processed/market/dune_hourly_market_prices_processed.csv,literal_path,data/market/processed/dune_hourly_market_prices_processed.csv,high_path,mapping_driven_then_manual_review,existence; manifest/checksum/path-metadata reconciliation
src/estimation/phase2c_liquidations.py,48,data/processed/protocol/phase1d_protocol_parameters_hourly.csv,literal_path,data/protocol/processed/phase1d_protocol_parameters_hourly.csv,high_path,mapping_driven_then_manual_review,existence; manifest/checksum/path-metadata reconciliation
src/estimation/phase2c_liquidations.py,52,data/processed/estimation/phase2a/regimes/hourly_regimes.csv,literal_path,outputs/diagnostics/calibration/phase2a/regimes/hourly_regimes.csv,high_path,mapping_driven_then_manual_review,existence; manifest/checksum/path-metadata reconciliation
src/estimation/phase2c_liquidations.py,56,data/processed/estimation/phase2b_vaults/,literal_path,outputs/diagnostics/calibration/phase2b_vaults/,high_path,mapping_driven_then_manual_review,existence; manifest/checksum/path-metadata reconciliation
src/estimation/phase2c_liquidations.py,61,data/DATA_ACQUISITION_PLAN.md,literal_path,docs/archive/historical_plans/data_acquisition_plan.md,high_path,mapping_driven_then_manual_review,existence; manifest/checksum/path-metadata reconciliation
src/estimation/phase2c_liquidations.py,111,"descriptor = os.open(path, os.O_RDONLY)",dynamic_path_operation,<review against central dai_sim.common.paths resolver>,high_dynamic_path,manual,targeted unit test plus CLI smoke from repository root
src/estimation/phase2c_liquidations.py,125,temporary = Path(name),dynamic_path_operation,<review against central dai_sim.common.paths resolver>,high_dynamic_path,manual,targeted unit test plus CLI smoke from repository root
src/estimation/phase2c_liquidations.py,141,frame.to_csv(,dynamic_path_operation,<review against central dai_sim.common.paths resolver>,high_dynamic_path,manual,targeted unit test plus CLI smoke from repository root
src/estimation/phase2c_liquidations.py,303,src/liquidation.py,literal_path,src/dai_sim/model/liquidation.py,high_path,mapping_driven_then_manual_review,path existence and targeted tests
src/estimation/phase2c_liquidations.py,304,src/vault.py,literal_path,src/dai_sim/model/vault.py,high_path,mapping_driven_then_manual_review,path existence and targeted tests
src/estimation/phase2c_liquidations.py,374,"manifest = json.loads(manifest_path.read_text(encoding=""utf-8""))",dynamic_path_operation,<review against central dai_sim.common.paths resolver>,high_dynamic_path,manual,targeted unit test plus CLI smoke from repository root
src/estimation/phase2c_liquidations.py,412,"validation = pd.read_csv(TERRA_DIR / ""reconstruction_validation.csv"").iloc[0]",dynamic_path_operation,<review against central dai_sim.common.paths resolver>,high_dynamic_path,manual,targeted unit test plus CLI smoke from repository root
src/estimation/phase2c_liquidations.py,413,"close = pd.read_csv(TERRA_DIR / ""liquidation_close_factors.csv"")",dynamic_path_operation,<review against central dai_sim.common.paths resolver>,high_dynamic_path,manual,targeted unit test plus CLI smoke from repository root
src/estimation/phase2c_liquidations.py,414,"linkage = pd.read_csv(TERRA_DIR / ""bark_grab_linkage.csv"")",dynamic_path_operation,<review against central dai_sim.common.paths resolver>,high_dynamic_path,manual,targeted unit test plus CLI smoke from repository root
src/estimation/phase2c_liquidations.py,415,"events = pd.read_csv(TERRA_DIR / ""reconstructed_vault_events.csv"")",dynamic_path_operation,<review against central dai_sim.common.paths resolver>,high_dynamic_path,manual,targeted unit test plus CLI smoke from repository root
src/estimation/phase2c_liquidations.py,486,protocol = pd.read_csv(,dynamic_path_operation,<review against central dai_sim.common.paths resolver>,high_dynamic_path,manual,targeted unit test plus CLI smoke from repository root
src/estimation/phase2c_liquidations.py,490,market = pd.read_csv(,dynamic_path_operation,<review against central dai_sim.common.paths resolver>,high_dynamic_path,manual,targeted unit test plus CLI smoke from repository root
src/estimation/phase2c_liquidations.py,883,"regimes = pd.read_csv(PHASE2A_REGIMES, usecols=[""timestamp_utc"", ""regime""])",dynamic_path_operation,<review against central dai_sim.common.paths resolver>,high_dynamic_path,manual,targeted unit test plus CLI smoke from repository root
src/estimation/phase2c_liquidations.py,941,"opening = pd.read_csv(TERRA_DIR / ""opening_vault_state.csv"")",dynamic_path_operation,<review against central dai_sim.common.paths resolver>,high_dynamic_path,manual,targeted unit test plus CLI smoke from repository root
src/estimation/phase2c_liquidations.py,954,"events = pd.read_csv(TERRA_DIR / ""reconstructed_vault_events.csv"")",dynamic_path_operation,<review against central dai_sim.common.paths resolver>,high_dynamic_path,manual,targeted unit test plus CLI smoke from repository root
src/estimation/phase2c_liquidations.py,960,protocol = pd.read_csv(,dynamic_path_operation,<review against central dai_sim.common.paths resolver>,high_dynamic_path,manual,targeted unit test plus CLI smoke from repository root
src/estimation/phase2c_liquidations.py,1363,"close = pd.read_csv(TERRA_DIR / ""liquidation_close_factors.csv"", dtype={",dynamic_path_operation,<review against central dai_sim.common.paths resolver>,high_dynamic_path,manual,targeted unit test plus CLI smoke from repository root
src/estimation/phase2c_liquidations.py,1373,"actions = pd.read_csv(PHASE1C_ACTIONS, low_memory=False)",dynamic_path_operation,<review against central dai_sim.common.paths resolver>,high_dynamic_path,manual,targeted unit test plus CLI smoke from repository root
src/estimation/phase2c_liquidations.py,1374,"auctions = pd.read_csv(TERRA_DIR / ""phase1c_liquidation_auctions.csv"")",dynamic_path_operation,<review against central dai_sim.common.paths resolver>,high_dynamic_path,manual,targeted unit test plus CLI smoke from repository root
src/estimation/phase2c_liquidations.py,1382,"stress = pd.read_csv(TERRA_DIR / ""stress_tail_diagnostics.csv"")",dynamic_path_operation,<review against central dai_sim.common.paths resolver>,high_dynamic_path,manual,targeted unit test plus CLI smoke from repository root
src/estimation/phase2c_liquidations.py,1435,frame = pd.read_csv(path),dynamic_path_operation,<review against central dai_sim.common.paths resolver>,high_dynamic_path,manual,targeted unit test plus CLI smoke from repository root
src/estimation/phase2c_liquidations.py,1438,"json.loads(path.read_text(encoding=""utf-8""))",dynamic_path_operation,<review against central dai_sim.common.paths resolver>,high_dynamic_path,manual,targeted unit test plus CLI smoke from repository root
src/estimation/phase2c_liquidations.py,1460,"""estimation_script"": sha256_file(Path(__file__)),",dynamic_path_operation,<review against central dai_sim.common.paths resolver>,high_dynamic_path,manual,targeted unit test plus CLI smoke from repository root
src/estimation/phase2c_liquidations.py,1464,src/liquidation.py,literal_path,src/dai_sim/model/liquidation.py,high_path,mapping_driven_then_manual_review,path existence and targeted tests
src/estimation/phase2c_liquidations.py,1466,src/vault.py,literal_path,src/dai_sim/model/vault.py,high_path,mapping_driven_then_manual_review,path existence and targeted tests
src/estimation/phase2c_liquidations.py,1487,"json.loads(metadata_path.read_text(encoding=""utf-8""))",dynamic_path_operation,<review against central dai_sim.common.paths resolver>,high_dynamic_path,manual,targeted unit test plus CLI smoke from repository root
src/estimation/statistics.py,3,__future__,python_import,__future__,low_external_import,retain,compileall
src/estimation/statistics.py,5,math,python_import,math,low_external_import,retain,compileall
src/estimation/statistics.py,6,collections.abc,python_import,collections.abc,low_external_import,retain,compileall
src/estimation/statistics.py,8,numpy,python_import,numpy,low_external_import,retain,compileall
src/estimation/statistics.py,9,pandas,python_import,pandas,low_external_import,retain,compileall
src/experiments.py,22,__future__,python_import,__future__,low_external_import,retain,compileall
src/experiments.py,24,collections.abc,python_import,collections.abc,low_external_import,retain,compileall
src/experiments.py,25,dataclasses,python_import,dataclasses,low_external_import,retain,compileall
src/experiments.py,26,pathlib,python_import,pathlib,low_external_import,retain,compileall
src/experiments.py,28,numpy,python_import,numpy,low_external_import,retain,compileall
src/experiments.py,29,pandas,python_import,pandas,low_external_import,retain,compileall
src/experiments.py,31,collateral,python_import,dai_sim.model.collateral,high_import,codemod_then_manual_review,import smoke; compileall; pytest; Experiments 1-5 regression
src/experiments.py,39,simulation,python_import,dai_sim.model.simulation,high_import,codemod_then_manual_review,import smoke; compileall; pytest; Experiments 1-5 regression
src/experiments.py,46,liquidation,python_import,dai_sim.model.liquidation,high_import,codemod_then_manual_review,import smoke; compileall; pytest; Experiments 1-5 regression
src/experiments.py,47,confidence,python_import,dai_sim.model.confidence,high_import,codemod_then_manual_review,import smoke; compileall; pytest; Experiments 1-5 regression
src/experiments.py,48,dai_market,python_import,dai_sim.model.market,high_import,codemod_then_manual_review,import smoke; compileall; pytest; Experiments 1-5 regression
src/experiments.py,49,price_process,python_import,dai_sim.model.collateral_prices,high_import,codemod_then_manual_review,import smoke; compileall; pytest; Experiments 1-5 regression
src/experiments.py,52,PROJECT_ROOT = Path(__file__).resolve().parents[1],dynamic_path_operation,<review against central dai_sim.common.paths resolver>,high_dynamic_path,manual,targeted unit test plus CLI smoke from repository root
src/experiments.py,890,"results.to_csv(scenario_path, index=False)",dynamic_path_operation,<review against central dai_sim.common.paths resolver>,high_dynamic_path,manual,targeted unit test plus CLI smoke from repository root
src/experiments.py,906,"combined_results.to_csv(combined_results_path, index=False)",dynamic_path_operation,<review against central dai_sim.common.paths resolver>,high_dynamic_path,manual,targeted unit test plus CLI smoke from repository root
src/experiments.py,907,"summary_df.to_csv(summary_path, index=False)",dynamic_path_operation,<review against central dai_sim.common.paths resolver>,high_dynamic_path,manual,targeted unit test plus CLI smoke from repository root
src/experiments.py,984,"results.to_csv(scenario_path, index=False)",dynamic_path_operation,<review against central dai_sim.common.paths resolver>,high_dynamic_path,manual,targeted unit test plus CLI smoke from repository root
src/experiments.py,1000,"combined_results.to_csv(combined_path, index=False)",dynamic_path_operation,<review against central dai_sim.common.paths resolver>,high_dynamic_path,manual,targeted unit test plus CLI smoke from repository root
src/experiments.py,1001,"summary_df.to_csv(summary_path, index=False)",dynamic_path_operation,<review against central dai_sim.common.paths resolver>,high_dynamic_path,manual,targeted unit test plus CLI smoke from repository root
src/experiments.py,1060,"results.to_csv(scenario_path, index=False)",dynamic_path_operation,<review against central dai_sim.common.paths resolver>,high_dynamic_path,manual,targeted unit test plus CLI smoke from repository root
src/experiments.py,1076,"combined_results.to_csv(combined_path, index=False)",dynamic_path_operation,<review against central dai_sim.common.paths resolver>,high_dynamic_path,manual,targeted unit test plus CLI smoke from repository root
src/experiments.py,1077,"summary.to_csv(summary_path, index=False)",dynamic_path_operation,<review against central dai_sim.common.paths resolver>,high_dynamic_path,manual,targeted unit test plus CLI smoke from repository root
src/experiments.py,1128,"results.to_csv(scenario_path, index=False)",dynamic_path_operation,<review against central dai_sim.common.paths resolver>,high_dynamic_path,manual,targeted unit test plus CLI smoke from repository root
src/experiments.py,1145,"combined_results.to_csv(combined_path, index=False)",dynamic_path_operation,<review against central dai_sim.common.paths resolver>,high_dynamic_path,manual,targeted unit test plus CLI smoke from repository root
src/experiments.py,1146,"summary.to_csv(summary_path, index=False)",dynamic_path_operation,<review against central dai_sim.common.paths resolver>,high_dynamic_path,manual,targeted unit test plus CLI smoke from repository root
src/experiments.py,1209,"results.to_csv(scenario_path, index=False)",dynamic_path_operation,<review against central dai_sim.common.paths resolver>,high_dynamic_path,manual,targeted unit test plus CLI smoke from repository root
src/experiments.py,1226,"combined_results.to_csv(combined_path, index=False)",dynamic_path_operation,<review against central dai_sim.common.paths resolver>,high_dynamic_path,manual,targeted unit test plus CLI smoke from repository root
src/experiments.py,1227,"summary.to_csv(summary_path, index=False)",dynamic_path_operation,<review against central dai_sim.common.paths resolver>,high_dynamic_path,manual,targeted unit test plus CLI smoke from repository root
src/experiments.py,1530,"frames[name].to_csv(path, index=False)",dynamic_path_operation,<review against central dai_sim.common.paths resolver>,high_dynamic_path,manual,targeted unit test plus CLI smoke from repository root
src/experiments.py,1654,plot_results,python_import,plot_results,low_external_import,retain,compileall
src/experiments.py,2334,"diagnostics[name].to_csv(path, index=False)",dynamic_path_operation,<review against central dai_sim.common.paths resolver>,high_dynamic_path,manual,targeted unit test plus CLI smoke from repository root
src/experiments.py,2364,system_results = pd.read_csv(system_path),dynamic_path_operation,<review against central dai_sim.common.paths resolver>,high_dynamic_path,manual,targeted unit test plus CLI smoke from repository root
src/experiments.py,2365,collateral_results = pd.read_csv(collateral_path),dynamic_path_operation,<review against central dai_sim.common.paths resolver>,high_dynamic_path,manual,targeted unit test plus CLI smoke from repository root
src/experiments.py,2403,src/experiments.py,literal_path,src/dai_sim/experiments/scenarios.py;src/dai_sim/experiments/runner.py;src/dai_sim/experiments/summaries.py,high_path,mapping_driven_then_manual_review,path existence and targeted tests
src/gas_process.py,9,__future__,python_import,__future__,low_external_import,retain,compileall
src/gas_process.py,11,collections.abc,python_import,collections.abc,low_external_import,retain,compileall
src/gas_process.py,12,dataclasses,python_import,dataclasses,low_external_import,retain,compileall
src/gas_process.py,13,pathlib,python_import,pathlib,low_external_import,retain,compileall
src/gas_process.py,14,typing,python_import,typing,low_external_import,retain,compileall
src/gas_process.py,16,numpy,python_import,numpy,low_external_import,retain,compileall
src/gas_process.py,17,pandas,python_import,pandas,low_external_import,retain,compileall
src/gas_process.py,19,empirical_config,python_import,dai_sim.inputs.configuration,high_import,codemod_then_manual_review,import smoke; compileall; pytest; Experiments 1-5 regression
src/gas_process.py,101,pool_path = Path(path),dynamic_path_operation,<review against central dai_sim.common.paths resolver>,high_dynamic_path,manual,targeted unit test plus CLI smoke from repository root
src/gas_process.py,109,pool = pd.read_csv(pool_path),dynamic_path_operation,<review against central dai_sim.common.paths resolver>,high_dynamic_path,manual,targeted unit test plus CLI smoke from repository root
src/gas_process.py,162,"""gas_pool_path"": _provenance_path(Path(pool_path)),",dynamic_path_operation,<review against central dai_sim.common.paths resolver>,high_dynamic_path,manual,targeted unit test plus CLI smoke from repository root
src/gas_process.py,163,"""gas_pool_checksum"": sha256_file(Path(pool_path)),",dynamic_path_operation,<review against central dai_sim.common.paths resolver>,high_dynamic_path,manual,targeted unit test plus CLI smoke from repository root
src/gas_process.py,223,"""gas_pool_path"": _provenance_path(Path(pool_path)),",dynamic_path_operation,<review against central dai_sim.common.paths resolver>,high_dynamic_path,manual,targeted unit test plus CLI smoke from repository root
src/gas_process.py,224,"""gas_pool_checksum"": sha256_file(Path(pool_path)),",dynamic_path_operation,<review against central dai_sim.common.paths resolver>,high_dynamic_path,manual,targeted unit test plus CLI smoke from repository root
src/liquidation.py,15,__future__,python_import,__future__,low_external_import,retain,compileall
src/liquidation.py,17,dataclasses,python_import,dataclasses,low_external_import,retain,compileall
src/liquidation.py,19,pandas,python_import,pandas,low_external_import,retain,compileall
src/liquidation.py,21,collateral,python_import,dai_sim.model.collateral,high_import,codemod_then_manual_review,import smoke; compileall; pytest; Experiments 1-5 regression
src/liquidation.py,22,vault,python_import,dai_sim.model.vault,high_import,codemod_then_manual_review,import smoke; compileall; pytest; Experiments 1-5 regression
src/liquidation.py,563,src/liquidation.py,literal_path,src/dai_sim/model/liquidation.py,high_path,mapping_driven_then_manual_review,path existence and targeted tests
src/liquidation.py,565,vault,python_import,dai_sim.model.vault,high_import,codemod_then_manual_review,import smoke; compileall; pytest; Experiments 1-5 regression
src/market_bootstrap.py,9,__future__,python_import,__future__,low_external_import,retain,compileall
src/market_bootstrap.py,11,dataclasses,python_import,dataclasses,low_external_import,retain,compileall
src/market_bootstrap.py,12,pathlib,python_import,pathlib,low_external_import,retain,compileall
src/market_bootstrap.py,13,typing,python_import,typing,low_external_import,retain,compileall
src/market_bootstrap.py,14,hashlib,python_import,hashlib,low_external_import,retain,compileall
src/market_bootstrap.py,16,numpy,python_import,numpy,low_external_import,retain,compileall
src/market_bootstrap.py,17,pandas,python_import,pandas,low_external_import,retain,compileall
src/market_bootstrap.py,19,empirical_config,python_import,dai_sim.inputs.configuration,high_import,codemod_then_manual_review,import smoke; compileall; pytest; Experiments 1-5 regression
src/market_bootstrap.py,95,pool_path = Path(path),dynamic_path_operation,<review against central dai_sim.common.paths resolver>,high_dynamic_path,manual,targeted unit test plus CLI smoke from repository root
src/market_bootstrap.py,103,pool = pd.read_csv(pool_path),dynamic_path_operation,<review against central dai_sim.common.paths resolver>,high_dynamic_path,manual,targeted unit test plus CLI smoke from repository root
src/market_bootstrap.py,254,"""market_pool_path"": str(Path(pool_path).relative_to(REPOSITORY_ROOT)),",dynamic_path_operation,<review against central dai_sim.common.paths resolver>,high_dynamic_path,manual,targeted unit test plus CLI smoke from repository root
src/market_bootstrap.py,255,"""market_pool_checksum"": sha256_file(Path(pool_path)),",dynamic_path_operation,<review against central dai_sim.common.paths resolver>,high_dynamic_path,manual,targeted unit test plus CLI smoke from repository root
src/metrics.py,11,outputs/results/,literal_path,outputs/experiments/,high_path,mapping_driven_then_manual_review,path existence and targeted tests
src/metrics.py,20,__future__,python_import,__future__,low_external_import,retain,compileall
src/metrics.py,22,pathlib,python_import,pathlib,low_external_import,retain,compileall
src/metrics.py,24,pandas,python_import,pandas,low_external_import,retain,compileall
src/metrics.py,27,PROJECT_ROOT = Path(__file__).resolve().parents[1],dynamic_path_operation,<review against central dai_sim.common.paths resolver>,high_dynamic_path,manual,targeted unit test plus CLI smoke from repository root
src/metrics.py,326,return pd.read_csv(path),dynamic_path_operation,<review against central dai_sim.common.paths resolver>,high_dynamic_path,manual,targeted unit test plus CLI smoke from repository root
src/metrics.py,358,"summary_df.to_csv(path, index=False)",dynamic_path_operation,<review against central dai_sim.common.paths resolver>,high_dynamic_path,manual,targeted unit test plus CLI smoke from repository root
src/metrics.py,393,src/metrics.py,literal_path,src/dai_sim/model/metrics.py,high_path,mapping_driven_then_manual_review,path existence and targeted tests
src/plot_results.py,19,__future__,python_import,__future__,low_external_import,retain,compileall
src/plot_results.py,21,pathlib,python_import,pathlib,low_external_import,retain,compileall
src/plot_results.py,23,matplotlib.pyplot,python_import,matplotlib.pyplot,low_external_import,retain,compileall
src/plot_results.py,24,matplotlib.image,python_import,matplotlib.image,low_external_import,retain,compileall
src/plot_results.py,25,pandas,python_import,pandas,low_external_import,retain,compileall
src/plot_results.py,28,PROJECT_ROOT = Path(__file__).resolve().parents[1],dynamic_path_operation,<review against central dai_sim.common.paths resolver>,high_dynamic_path,manual,targeted unit test plus CLI smoke from repository root
src/plot_results.py,140,return pd.read_csv(path),dynamic_path_operation,<review against central dai_sim.common.paths resolver>,high_dynamic_path,manual,targeted unit test plus CLI smoke from repository root
src/plot_results.py,163,return pd.read_csv(path),dynamic_path_operation,<review against central dai_sim.common.paths resolver>,high_dynamic_path,manual,targeted unit test plus CLI smoke from repository root
src/plot_results.py,1846,src/plot_results.py,literal_path,src/dai_sim/experiments/plots.py,high_path,mapping_driven_then_manual_review,path existence and targeted tests
src/price_process.py,17,__future__,python_import,__future__,low_external_import,retain,compileall
src/price_process.py,19,collections.abc,python_import,collections.abc,low_external_import,retain,compileall
src/price_process.py,20,dataclasses,python_import,dataclasses,low_external_import,retain,compileall
src/price_process.py,21,typing,python_import,typing,low_external_import,retain,compileall
src/price_process.py,23,numpy,python_import,numpy,low_external_import,retain,compileall
src/price_process.py,24,pandas,python_import,pandas,low_external_import,retain,compileall
src/price_process.py,698,src/price_process.py,literal_path,src/dai_sim/model/collateral_prices.py,high_path,mapping_driven_then_manual_review,path existence and targeted tests
src/protocol_data.py,9,__future__,python_import,__future__,low_external_import,retain,compileall
src/protocol_data.py,11,argparse,python_import,argparse,low_external_import,retain,compileall
src/protocol_data.py,12,collections.abc,python_import,collections.abc,low_external_import,retain,compileall
src/protocol_data.py,13,dataclasses,python_import,dataclasses,low_external_import,retain,compileall
src/protocol_data.py,14,hashlib,python_import,hashlib,low_external_import,retain,compileall
src/protocol_data.py,15,pathlib,python_import,pathlib,low_external_import,retain,compileall
src/protocol_data.py,16,typing,python_import,typing,low_external_import,retain,compileall
src/protocol_data.py,18,numpy,python_import,numpy,low_external_import,retain,compileall
src/protocol_data.py,19,pandas,python_import,pandas,low_external_import,retain,compileall
src/protocol_data.py,20,yaml,python_import,yaml,low_external_import,retain,compileall
src/protocol_data.py,23,empirical_sources,python_import,dai_sim.inputs.sources,high_import,codemod_then_manual_review,import smoke; compileall; pytest; Experiments 1-5 regression
src/protocol_data.py,33,.empirical_sources,python_import,.empirical_sources,high_import,codemod_then_manual_review,import smoke; compileall; pytest; Experiments 1-5 regression
src/protocol_data.py,44,REPOSITORY_ROOT = Path(__file__).resolve().parents[1],dynamic_path_operation,<review against central dai_sim.common.paths resolver>,high_dynamic_path,manual,targeted unit test plus CLI smoke from repository root
src/protocol_data.py,237,"object.__setattr__(self, ""path"", Path(self.path))",dynamic_path_operation,<review against central dai_sim.common.paths resolver>,high_dynamic_path,manual,targeted unit test plus CLI smoke from repository root
src/protocol_data.py,286,"object.__setattr__(self, ""manifest_path"", Path(self.manifest_path))",dynamic_path_operation,<review against central dai_sim.common.paths resolver>,high_dynamic_path,manual,targeted unit test plus CLI smoke from repository root
src/protocol_data.py,287,"object.__setattr__(self, ""collateral_mapping_path"", Path(self.collateral_mapping_path))",dynamic_path_operation,<review against central dai_sim.common.paths resolver>,high_dynamic_path,manual,targeted unit test plus CLI smoke from repository root
src/protocol_data.py,288,"object.__setattr__(self, ""processed_data_dir"", Path(self.processed_data_dir))",dynamic_path_operation,<review against central dai_sim.common.paths resolver>,high_dynamic_path,manual,targeted unit test plus CLI smoke from repository root
src/protocol_data.py,309,path = Path(str(value)),dynamic_path_operation,<review against central dai_sim.common.paths resolver>,high_dynamic_path,manual,targeted unit test plus CLI smoke from repository root
src/protocol_data.py,370,config/protocol.yaml,literal_path,config/protocol/parameters.yaml,high_path,mapping_driven_then_manual_review,profile parse; runtime equivalence
src/protocol_data.py,373,config_path = Path(path),dynamic_path_operation,<review against central dai_sim.common.paths resolver>,high_dynamic_path,manual,targeted unit test plus CLI smoke from repository root
src/protocol_data.py,374,"with config_path.open(encoding=""utf-8"") as handle:",dynamic_path_operation,<review against central dai_sim.common.paths resolver>,high_dynamic_path,manual,targeted unit test plus CLI smoke from repository root
src/protocol_data.py,428,manifest = pd.read_csv(resolved_manifest),dynamic_path_operation,<review against central dai_sim.common.paths resolver>,high_dynamic_path,manual,targeted unit test plus CLI smoke from repository root
src/protocol_data.py,460,elif pd.read_csv(resolved_mapping).empty:,dynamic_path_operation,<review against central dai_sim.common.paths resolver>,high_dynamic_path,manual,targeted unit test plus CLI smoke from repository root
src/protocol_data.py,469,"frame = pd.read_csv(path, dtype=str, keep_default_na=False)",dynamic_path_operation,<review against central dai_sim.common.paths resolver>,high_dynamic_path,manual,targeted unit test plus CLI smoke from repository root
src/protocol_data.py,772,raw = pd.read_csv(source.path),dynamic_path_operation,<review against central dai_sim.common.paths resolver>,high_dynamic_path,manual,targeted unit test plus CLI smoke from repository root
src/protocol_data.py,838,raw_count = len(pd.read_csv(source.path)),dynamic_path_operation,<review against central dai_sim.common.paths resolver>,high_dynamic_path,manual,targeted unit test plus CLI smoke from repository root
src/protocol_data.py,995,"validate_panel_manifest(pd.read_csv(config.manifest_path), all_sources)",dynamic_path_operation,<review against central dai_sim.common.paths resolver>,high_dynamic_path,manual,targeted unit test plus CLI smoke from repository root
src/protocol_data.py,1049,output_path = Path(output_dir),dynamic_path_operation,<review against central dai_sim.common.paths resolver>,high_dynamic_path,manual,targeted unit test plus CLI smoke from repository root
src/protocol_data.py,1052,"getattr(results, attribute).to_csv(output_path / filename, index=False)",dynamic_path_operation,<review against central dai_sim.common.paths resolver>,high_dynamic_path,manual,targeted unit test plus CLI smoke from repository root
src/protocol_data.py,1076,tests/fixtures/protocol,literal_path,tests/fixtures/protocol,medium,mapping_driven_then_manual_review,path existence and targeted tests
src/protocol_data.py,1136,data/provenance/manifests/data_manifest.csv,literal_path,data/provenance/data_manifest.csv,high_path,mapping_driven_then_manual_review,existence; manifest/checksum/path-metadata reconciliation
src/protocol_data.py,1138,data/processed,literal_path,data/processed,high_path,mapping_driven_then_manual_review,existence; manifest/checksum/path-metadata reconciliation
src/protocol_data.py,1147,"with path.open(""rb"") as handle:",dynamic_path_operation,<review against central dai_sim.common.paths resolver>,high_dynamic_path,manual,targeted unit test plus CLI smoke from repository root
src/protocol_data.py,1155,outputs/results/06_multicollateral,literal_path,outputs/experiments/06_multicollateral,high_path,mapping_driven_then_manual_review,path existence and targeted tests
src/protocol_data.py,1156,outputs/empirical/baseline,literal_path,outputs/empirical/baseline,high_path,mapping_driven_then_manual_review,path existence and targeted tests
src/protocol_data.py,1157,outputs/empirical/synthetic_validation,literal_path,outputs/empirical/synthetic_validation,high_path,mapping_driven_then_manual_review,path existence and targeted tests
src/protocol_data.py,1159,outputs/empirical/synthetic_validation/protocol,literal_path,outputs/empirical/synthetic_validation/protocol,high_path,mapping_driven_then_manual_review,path existence and targeted tests
src/protocol_data.py,1225,duplicated = pd.read_csv(source.path),dynamic_path_operation,<review against central dai_sim.common.paths resolver>,high_dynamic_path,manual,targeted unit test plus CLI smoke from repository root
src/protocol_data.py,1229,duplicated_protocol = pd.read_csv(protocol_source.path),dynamic_path_operation,<review against central dai_sim.common.paths resolver>,high_dynamic_path,manual,targeted unit test plus CLI smoke from repository root
src/protocol_data.py,1251,outputs/empirical/synthetic_validation/protocol,literal_path,outputs/empirical/synthetic_validation/protocol,high_path,mapping_driven_then_manual_review,path existence and targeted tests
src/protocol_data.py,1258,config/protocol.yaml,literal_path,config/protocol/parameters.yaml,high_path,mapping_driven_then_manual_review,profile parse; runtime equivalence
src/protocol_data.py,1263,outputs/empirical/baseline,literal_path,outputs/empirical/baseline,high_path,mapping_driven_then_manual_review,path existence and targeted tests
src/protocol_data.py,1265,"results.protocol_panel.to_csv(config.processed_data_dir / ""protocol_time_panel.csv"", index=False)",dynamic_path_operation,<review against central dai_sim.common.paths resolver>,high_dynamic_path,manual,targeted unit test plus CLI smoke from repository root
src/protocol_data.py,1266,"results.vault_panel.to_csv(config.processed_data_dir / ""vault_snapshot_panel.csv"", index=False)",dynamic_path_operation,<review against central dai_sim.common.paths resolver>,high_dynamic_path,manual,targeted unit test plus CLI smoke from repository root
src/protocol_data.py,1267,"results.liquidation_panel.to_csv(config.processed_data_dir / ""liquidation_event_panel.csv"", index=False)",dynamic_path_operation,<review against central dai_sim.common.paths resolver>,high_dynamic_path,manual,targeted unit test plus CLI smoke from repository root
src/protocol_data.py,1274,config/protocol.yaml,literal_path,config/protocol/parameters.yaml,high_path,mapping_driven_then_manual_review,profile parse; runtime equivalence
src/simulation.py,20,__future__,python_import,__future__,low_external_import,retain,compileall
src/simulation.py,22,collections.abc,python_import,collections.abc,low_external_import,retain,compileall
src/simulation.py,23,dataclasses,python_import,dataclasses,low_external_import,retain,compileall
src/simulation.py,24,typing,python_import,typing,low_external_import,retain,compileall
src/simulation.py,26,pandas,python_import,pandas,low_external_import,retain,compileall
src/simulation.py,28,numpy,python_import,numpy,low_external_import,retain,compileall
src/simulation.py,30,confidence,python_import,dai_sim.model.confidence,high_import,codemod_then_manual_review,import smoke; compileall; pytest; Experiments 1-5 regression
src/simulation.py,35,dai_market,python_import,dai_sim.model.market,high_import,codemod_then_manual_review,import smoke; compileall; pytest; Experiments 1-5 regression
src/simulation.py,40,collateral,python_import,dai_sim.model.collateral,high_import,codemod_then_manual_review,import smoke; compileall; pytest; Experiments 1-5 regression
src/simulation.py,46,price_process,python_import,dai_sim.model.collateral_prices,high_import,codemod_then_manual_review,import smoke; compileall; pytest; Experiments 1-5 regression
src/simulation.py,56,vault,python_import,dai_sim.model.vault,high_import,codemod_then_manual_review,import smoke; compileall; pytest; Experiments 1-5 regression
src/simulation.py,62,liquidation,python_import,dai_sim.model.liquidation,high_import,codemod_then_manual_review,import smoke; compileall; pytest; Experiments 1-5 regression
src/simulation.py,68,liquidation_demand,python_import,dai_sim.inputs.liquidations,high_import,codemod_then_manual_review,import smoke; compileall; pytest; Experiments 1-5 regression
src/simulation.py,951,src/simulation.py,literal_path,src/dai_sim/model/simulation.py,high_path,mapping_driven_then_manual_review,path existence and targeted tests
src/vault.py,17,__future__,python_import,__future__,low_external_import,retain,compileall
src/vault.py,19,dataclasses,python_import,dataclasses,low_external_import,retain,compileall
src/vault.py,20,typing,python_import,typing,low_external_import,retain,compileall
src/vault.py,22,numpy,python_import,numpy,low_external_import,retain,compileall
src/vault.py,23,pandas,python_import,pandas,low_external_import,retain,compileall
src/vault.py,25,collateral,python_import,dai_sim.model.collateral,high_import,codemod_then_manual_review,import smoke; compileall; pytest; Experiments 1-5 regression
src/vault.py,732,src/vault.py,literal_path,src/dai_sim/model/vault.py,high_path,mapping_driven_then_manual_review,path existence and targeted tests
src/vault_initialisation.py,8,__future__,python_import,__future__,low_external_import,retain,compileall
src/vault_initialisation.py,10,collections,python_import,collections,low_external_import,retain,compileall
src/vault_initialisation.py,11,dataclasses,python_import,dataclasses,low_external_import,retain,compileall
src/vault_initialisation.py,12,pathlib,python_import,pathlib,low_external_import,retain,compileall
src/vault_initialisation.py,13,typing,python_import,typing,low_external_import,retain,compileall
src/vault_initialisation.py,14,hashlib,python_import,hashlib,low_external_import,retain,compileall
src/vault_initialisation.py,15,json,python_import,json,low_external_import,retain,compileall
src/vault_initialisation.py,17,numpy,python_import,numpy,low_external_import,retain,compileall
src/vault_initialisation.py,18,pandas,python_import,pandas,low_external_import,retain,compileall
src/vault_initialisation.py,19,yaml,python_import,yaml,low_external_import,retain,compileall
src/vault_initialisation.py,21,collateral,python_import,dai_sim.model.collateral,high_import,codemod_then_manual_review,import smoke; compileall; pytest; Experiments 1-5 regression
src/vault_initialisation.py,22,empirical_config,python_import,dai_sim.inputs.configuration,high_import,codemod_then_manual_review,import smoke; compileall; pytest; Experiments 1-5 regression
src/vault_initialisation.py,28,simulation,python_import,dai_sim.model.simulation,high_import,codemod_then_manual_review,import smoke; compileall; pytest; Experiments 1-5 regression
src/vault_initialisation.py,29,vault,python_import,dai_sim.model.vault,high_import,codemod_then_manual_review,import smoke; compileall; pytest; Experiments 1-5 regression
src/vault_initialisation.py,132,pool_path = Path(path),dynamic_path_operation,<review against central dai_sim.common.paths resolver>,high_dynamic_path,manual,targeted unit test plus CLI smoke from repository root
src/vault_initialisation.py,139,pool = pd.read_csv(pool_path),dynamic_path_operation,<review against central dai_sim.common.paths resolver>,high_dynamic_path,manual,targeted unit test plus CLI smoke from repository root
src/vault_initialisation.py,242,config_path = Path(path),dynamic_path_operation,<review against central dai_sim.common.paths resolver>,high_dynamic_path,manual,targeted unit test plus CLI smoke from repository root
src/vault_initialisation.py,243,"with config_path.open(encoding=""utf-8"") as handle:",dynamic_path_operation,<review against central dai_sim.common.paths resolver>,high_dynamic_path,manual,targeted unit test plus CLI smoke from repository root
src/vault_initialisation.py,255,"temporary.write_text(yaml.safe_dump(base_payload, sort_keys=False), encoding=""utf-8"")",dynamic_path_operation,<review against central dai_sim.common.paths resolver>,high_dynamic_path,manual,targeted unit test plus CLI smoke from repository root
src/vault_initialisation.py,560,output = Path(path),dynamic_path_operation,<review against central dai_sim.common.paths resolver>,high_dynamic_path,manual,targeted unit test plus CLI smoke from repository root
src/vault_initialisation.py,562,"output.write_text(json.dumps(metadata, indent=2, sort_keys=True) + ""\n"", encoding=""utf-8"")",dynamic_path_operation,<review against central dai_sim.common.paths resolver>,high_dynamic_path,manual,targeted unit test plus CLI smoke from repository root
tests/test_dune_gas_pipeline.py,3,__future__,python_import,__future__,low_external_import,retain,compileall
tests/test_dune_gas_pipeline.py,5,io,python_import,io,low_external_import,retain,compileall
tests/test_dune_gas_pipeline.py,6,json,python_import,json,low_external_import,retain,compileall
tests/test_dune_gas_pipeline.py,7,pathlib,python_import,pathlib,low_external_import,retain,compileall
tests/test_dune_gas_pipeline.py,8,sys,python_import,sys,low_external_import,retain,compileall
tests/test_dune_gas_pipeline.py,9,tempfile,python_import,tempfile,low_external_import,retain,compileall
tests/test_dune_gas_pipeline.py,10,unittest,python_import,unittest,low_external_import,retain,compileall
tests/test_dune_gas_pipeline.py,11,unittest.mock,python_import,unittest.mock,low_external_import,retain,compileall
tests/test_dune_gas_pipeline.py,13,pandas,python_import,pandas,low_external_import,retain,compileall
tests/test_dune_gas_pipeline.py,16,REPOSITORY_ROOT = Path(__file__).resolve().parents[1],dynamic_path_operation,<review against central dai_sim.common.paths resolver>,high_dynamic_path,manual,targeted unit test plus CLI smoke from repository root
tests/test_dune_gas_pipeline.py,17,if str(REPOSITORY_ROOT) not in sys.path:,dynamic_path_operation,<review against central dai_sim.common.paths resolver>,high_dynamic_path,manual,targeted unit test plus CLI smoke from repository root
tests/test_dune_gas_pipeline.py,18,"sys.path.insert(0, str(REPOSITORY_ROOT))",dynamic_path_operation,<review against central dai_sim.common.paths resolver>,high_dynamic_path,manual,targeted unit test plus CLI smoke from repository root
tests/test_dune_gas_pipeline.py,20,scripts,python_import,scripts,low_external_import,retain,compileall
tests/test_dune_gas_pipeline.py,65,"template = gas.DEFAULT_TEMPLATE.read_text(encoding=""utf-8"")",dynamic_path_operation,<review against central dai_sim.common.paths resolver>,high_dynamic_path,manual,targeted unit test plus CLI smoke from repository root
tests/test_dune_gas_pipeline.py,79,"source = Path(gas.__file__).read_text(encoding=""utf-8"")",dynamic_path_operation,<review against central dai_sim.common.paths resolver>,high_dynamic_path,manual,targeted unit test plus CLI smoke from repository root
tests/test_dune_gas_pipeline.py,191,root = Path(directory),dynamic_path_operation,<review against central dai_sim.common.paths resolver>,high_dynamic_path,manual,targeted unit test plus CLI smoke from repository root
tests/test_dune_gas_pipeline.py,200,root = Path(directory),dynamic_path_operation,<review against central dai_sim.common.paths resolver>,high_dynamic_path,manual,targeted unit test plus CLI smoke from repository root
tests/test_dune_gas_pipeline.py,212,paths = self.make_context(Path(directory)),dynamic_path_operation,<review against central dai_sim.common.paths resolver>,high_dynamic_path,manual,targeted unit test plus CLI smoke from repository root
tests/test_dune_gas_pipeline.py,220,"self.assertEqual(len(raw_path.read_text(encoding=""utf-8"").splitlines()), 721)",dynamic_path_operation,<review against central dai_sim.common.paths resolver>,high_dynamic_path,manual,targeted unit test plus CLI smoke from repository root
tests/test_dune_gas_pipeline.py,224,paths = self.make_context(Path(directory)),dynamic_path_operation,<review against central dai_sim.common.paths resolver>,high_dynamic_path,manual,targeted unit test plus CLI smoke from repository root
tests/test_dune_gas_pipeline.py,236,paths = self.make_context(Path(directory)),dynamic_path_operation,<review against central dai_sim.common.paths resolver>,high_dynamic_path,manual,targeted unit test plus CLI smoke from repository root
tests/test_dune_gas_pipeline.py,247,paths = self.make_context(Path(directory)),dynamic_path_operation,<review against central dai_sim.common.paths resolver>,high_dynamic_path,manual,targeted unit test plus CLI smoke from repository root
tests/test_dune_gas_pipeline.py,254,"self.assertTrue(Path(state[""raw_file_path""]).exists())",dynamic_path_operation,<review against central dai_sim.common.paths resolver>,high_dynamic_path,manual,targeted unit test plus CLI smoke from repository root
tests/test_dune_gas_pipeline.py,258,paths = self.make_context(Path(directory)),dynamic_path_operation,<review against central dai_sim.common.paths resolver>,high_dynamic_path,manual,targeted unit test plus CLI smoke from repository root
tests/test_dune_gas_pipeline.py,269,paths = self.make_context(Path(directory)),dynamic_path_operation,<review against central dai_sim.common.paths resolver>,high_dynamic_path,manual,targeted unit test plus CLI smoke from repository root
tests/test_dune_gas_pipeline.py,283,paths = self.make_context(Path(directory)),dynamic_path_operation,<review against central dai_sim.common.paths resolver>,high_dynamic_path,manual,targeted unit test plus CLI smoke from repository root
tests/test_dune_gas_pipeline.py,288,"failed_raw = Path(failed_state[""raw_file_path""])",dynamic_path_operation,<review against central dai_sim.common.paths resolver>,high_dynamic_path,manual,targeted unit test plus CLI smoke from repository root
tests/test_dune_gas_pipeline.py,303,paths = self.make_context(Path(directory)),dynamic_path_operation,<review against central dai_sim.common.paths resolver>,high_dynamic_path,manual,targeted unit test plus CLI smoke from repository root
tests/test_dune_gas_pipeline.py,306,"ledger_text = paths[""ledger""].read_text(encoding=""utf-8"")",dynamic_path_operation,<review against central dai_sim.common.paths resolver>,high_dynamic_path,manual,targeted unit test plus CLI smoke from repository root
tests/test_dune_gas_pipeline.py,314,root = Path(directory),dynamic_path_operation,<review against central dai_sim.common.paths resolver>,high_dynamic_path,manual,targeted unit test plus CLI smoke from repository root
tests/test_dune_liquidation_diagnostic.py,3,__future__,python_import,__future__,low_external_import,retain,compileall
tests/test_dune_liquidation_diagnostic.py,5,io,python_import,io,low_external_import,retain,compileall
tests/test_dune_liquidation_diagnostic.py,6,json,python_import,json,low_external_import,retain,compileall
tests/test_dune_liquidation_diagnostic.py,7,pathlib,python_import,pathlib,low_external_import,retain,compileall
tests/test_dune_liquidation_diagnostic.py,8,sys,python_import,sys,low_external_import,retain,compileall
tests/test_dune_liquidation_diagnostic.py,9,tempfile,python_import,tempfile,low_external_import,retain,compileall
tests/test_dune_liquidation_diagnostic.py,10,unittest,python_import,unittest,low_external_import,retain,compileall
tests/test_dune_liquidation_diagnostic.py,11,unittest.mock,python_import,unittest.mock,low_external_import,retain,compileall
tests/test_dune_liquidation_diagnostic.py,14,ROOT = Path(__file__).resolve().parents[1],dynamic_path_operation,<review against central dai_sim.common.paths resolver>,high_dynamic_path,manual,targeted unit test plus CLI smoke from repository root
tests/test_dune_liquidation_diagnostic.py,15,if str(ROOT) not in sys.path:,dynamic_path_operation,<review against central dai_sim.common.paths resolver>,high_dynamic_path,manual,targeted unit test plus CLI smoke from repository root
tests/test_dune_liquidation_diagnostic.py,16,"sys.path.insert(0, str(ROOT))",dynamic_path_operation,<review against central dai_sim.common.paths resolver>,high_dynamic_path,manual,targeted unit test plus CLI smoke from repository root
tests/test_dune_liquidation_diagnostic.py,18,scripts,python_import,scripts,low_external_import,retain,compileall
tests/test_dune_liquidation_diagnostic.py,104,"sql = diagnostic.DEFAULT_SQL.read_text(encoding=""utf-8"")",dynamic_path_operation,<review against central dai_sim.common.paths resolver>,high_dynamic_path,manual,targeted unit test plus CLI smoke from repository root
tests/test_dune_liquidation_diagnostic.py,112,"sql = diagnostic.DEFAULT_SQL.read_text(encoding=""utf-8"")",dynamic_path_operation,<review against central dai_sim.common.paths resolver>,high_dynamic_path,manual,targeted unit test plus CLI smoke from repository root
tests/test_dune_liquidation_diagnostic.py,121,"diagnostic.DEFAULT_SQL.read_text(encoding=""utf-8"")",dynamic_path_operation,<review against central dai_sim.common.paths resolver>,high_dynamic_path,manual,targeted unit test plus CLI smoke from repository root
tests/test_dune_liquidation_diagnostic.py,128,"sql = diagnostic.DEFAULT_SQL.read_text(encoding=""utf-8"")",dynamic_path_operation,<review against central dai_sim.common.paths resolver>,high_dynamic_path,manual,targeted unit test plus CLI smoke from repository root
tests/test_dune_liquidation_diagnostic.py,231,root = Path(directory),dynamic_path_operation,<review against central dai_sim.common.paths resolver>,high_dynamic_path,manual,targeted unit test plus CLI smoke from repository root
tests/test_dune_liquidation_diagnostic.py,233,"sql.write_text(diagnostic.DEFAULT_SQL.read_text(encoding=""utf-8""), encoding=""utf-8"")",dynamic_path_operation,<review against central dai_sim.common.paths resolver>,high_dynamic_path,manual,targeted unit test plus CLI smoke from repository root
tests/test_dune_liquidation_diagnostic.py,283,"self.assertEqual(len(raw.read_text(encoding=""utf-8"").splitlines()), 201)",dynamic_path_operation,<review against central dai_sim.common.paths resolver>,high_dynamic_path,manual,targeted unit test plus CLI smoke from repository root
tests/test_dune_liquidation_diagnostic.py,287,root = Path(directory),dynamic_path_operation,<review against central dai_sim.common.paths resolver>,high_dynamic_path,manual,targeted unit test plus CLI smoke from repository root
tests/test_dune_liquidation_diagnostic.py,289,"sql.write_text(diagnostic.DEFAULT_SQL.read_text(encoding=""utf-8""), encoding=""utf-8"")",dynamic_path_operation,<review against central dai_sim.common.paths resolver>,high_dynamic_path,manual,targeted unit test plus CLI smoke from repository root
tests/test_dune_liquidation_diagnostic_attempt3.py,3,__future__,python_import,__future__,low_external_import,retain,compileall
tests/test_dune_liquidation_diagnostic_attempt3.py,5,pathlib,python_import,pathlib,low_external_import,retain,compileall
tests/test_dune_liquidation_diagnostic_attempt3.py,6,csv,python_import,csv,low_external_import,retain,compileall
tests/test_dune_liquidation_diagnostic_attempt3.py,7,json,python_import,json,low_external_import,retain,compileall
tests/test_dune_liquidation_diagnostic_attempt3.py,8,sys,python_import,sys,low_external_import,retain,compileall
tests/test_dune_liquidation_diagnostic_attempt3.py,9,tempfile,python_import,tempfile,low_external_import,retain,compileall
tests/test_dune_liquidation_diagnostic_attempt3.py,11,pytest,python_import,pytest,low_external_import,retain,compileall
tests/test_dune_liquidation_diagnostic_attempt3.py,14,ROOT = Path(__file__).resolve().parents[1],dynamic_path_operation,<review against central dai_sim.common.paths resolver>,high_dynamic_path,manual,targeted unit test plus CLI smoke from repository root
tests/test_dune_liquidation_diagnostic_attempt3.py,15,if str(ROOT) not in sys.path:,dynamic_path_operation,<review against central dai_sim.common.paths resolver>,high_dynamic_path,manual,targeted unit test plus CLI smoke from repository root
tests/test_dune_liquidation_diagnostic_attempt3.py,16,"sys.path.insert(0, str(ROOT))",dynamic_path_operation,<review against central dai_sim.common.paths resolver>,high_dynamic_path,manual,targeted unit test plus CLI smoke from repository root
tests/test_dune_liquidation_diagnostic_attempt3.py,18,scripts,python_import,scripts,low_external_import,retain,compileall
tests/test_dune_liquidation_diagnostic_attempt3.py,19,scripts.acquire_dune_liquidation_diagnostic,python_import,scripts.acquire_dune_liquidation_diagnostic,low_external_import,retain,compileall
tests/test_dune_liquidation_diagnostic_attempt3.py,57,"sql = attempt3.ACTION_SQL.read_text(encoding=""utf-8"")",dynamic_path_operation,<review against central dai_sim.common.paths resolver>,high_dynamic_path,manual,targeted unit test plus CLI smoke from repository root
tests/test_dune_liquidation_diagnostic_attempt3.py,151,root = Path(directory),dynamic_path_operation,<review against central dai_sim.common.paths resolver>,high_dynamic_path,manual,targeted unit test plus CLI smoke from repository root
tests/test_dune_liquidation_diagnostic_attempt3.py,218,root = Path(directory),dynamic_path_operation,<review against central dai_sim.common.paths resolver>,high_dynamic_path,manual,targeted unit test plus CLI smoke from repository root
tests/test_dune_liquidation_diagnostic_attempt3.py,234,"with raw.open(encoding=""utf-8"", newline="""") as handle:",dynamic_path_operation,<review against central dai_sim.common.paths resolver>,high_dynamic_path,manual,targeted unit test plus CLI smoke from repository root
tests/test_dune_liquidation_diagnostic_attempt3.py,239,"assert json.loads(state.read_text())[""recovery_retrieval_count""] == 1",dynamic_path_operation,<review against central dai_sim.common.paths resolver>,high_dynamic_path,manual,targeted unit test plus CLI smoke from repository root
tests/test_dune_liquidation_production.py,3,__future__,python_import,__future__,low_external_import,retain,compileall
tests/test_dune_liquidation_production.py,5,json,python_import,json,low_external_import,retain,compileall
tests/test_dune_liquidation_production.py,6,decimal,python_import,decimal,low_external_import,retain,compileall
tests/test_dune_liquidation_production.py,7,pathlib,python_import,pathlib,low_external_import,retain,compileall
tests/test_dune_liquidation_production.py,8,tempfile,python_import,tempfile,low_external_import,retain,compileall
tests/test_dune_liquidation_production.py,10,pytest,python_import,pytest,low_external_import,retain,compileall
tests/test_dune_liquidation_production.py,12,scripts,python_import,scripts,low_external_import,retain,compileall
tests/test_dune_liquidation_production.py,13,scripts.acquire_dune_liquidation_diagnostic,python_import,scripts.acquire_dune_liquidation_diagnostic,low_external_import,retain,compileall
tests/test_dune_liquidation_production.py,86,root = Path(directory),dynamic_path_operation,<review against central dai_sim.common.paths resolver>,high_dynamic_path,manual,targeted unit test plus CLI smoke from repository root
tests/test_dune_liquidation_production.py,97,"source = Path(production.__file__).read_text(encoding=""utf-8"")",dynamic_path_operation,<review against central dai_sim.common.paths resolver>,high_dynamic_path,manual,targeted unit test plus CLI smoke from repository root
tests/test_dune_liquidation_production.py,136,"module_source = Path(production.__file__).read_text(encoding=""utf-8"")",dynamic_path_operation,<review against central dai_sim.common.paths resolver>,high_dynamic_path,manual,targeted unit test plus CLI smoke from repository root
tests/test_dune_liquidation_production.py,167,"manifest = Path(directory) / ""manifest.json""",dynamic_path_operation,<review against central dai_sim.common.paths resolver>,high_dynamic_path,manual,targeted unit test plus CLI smoke from repository root
tests/test_dune_liquidation_production.py,174,"text = manifest.read_text(encoding=""utf-8"")",dynamic_path_operation,<review against central dai_sim.common.paths resolver>,high_dynamic_path,manual,targeted unit test plus CLI smoke from repository root
tests/test_dune_market_pipeline.py,3,__future__,python_import,__future__,low_external_import,retain,compileall
tests/test_dune_market_pipeline.py,5,pathlib,python_import,pathlib,low_external_import,retain,compileall
tests/test_dune_market_pipeline.py,6,sys,python_import,sys,low_external_import,retain,compileall
tests/test_dune_market_pipeline.py,7,tempfile,python_import,tempfile,low_external_import,retain,compileall
tests/test_dune_market_pipeline.py,8,unittest,python_import,unittest,low_external_import,retain,compileall
tests/test_dune_market_pipeline.py,9,unittest.mock,python_import,unittest.mock,low_external_import,retain,compileall
tests/test_dune_market_pipeline.py,11,pandas,python_import,pandas,low_external_import,retain,compileall
tests/test_dune_market_pipeline.py,14,REPOSITORY_ROOT = Path(__file__).resolve().parents[1],dynamic_path_operation,<review against central dai_sim.common.paths resolver>,high_dynamic_path,manual,targeted unit test plus CLI smoke from repository root
tests/test_dune_market_pipeline.py,16,"sys.path.insert(0, str(SCRIPTS_DIRECTORY))",dynamic_path_operation,<review against central dai_sim.common.paths resolver>,high_dynamic_path,manual,targeted unit test plus CLI smoke from repository root
tests/test_dune_market_pipeline.py,18,acquire_dune_market_prices,python_import,acquire_dune_market_prices,low_external_import,retain,compileall
tests/test_dune_market_pipeline.py,19,validate_dune_market_prices,python_import,validate_dune_market_prices,low_external_import,retain,compileall
tests/test_dune_market_pipeline.py,54,"output = Path(directory) / ""raw.csv""",dynamic_path_operation,<review against central dai_sim.common.paths resolver>,high_dynamic_path,manual,targeted unit test plus CLI smoke from repository root
tests/test_dune_market_pipeline.py,109,"raw_path = Path(directory) / ""raw.csv""",dynamic_path_operation,<review against central dai_sim.common.paths resolver>,high_dynamic_path,manual,targeted unit test plus CLI smoke from repository root
tests/test_dune_market_pipeline.py,110,"frame.to_csv(raw_path, index=False)",dynamic_path_operation,<review against central dai_sim.common.paths resolver>,high_dynamic_path,manual,targeted unit test plus CLI smoke from repository root
tests/test_dune_market_pipeline.py,136,"raw_path = Path(directory) / ""raw.csv""",dynamic_path_operation,<review against central dai_sim.common.paths resolver>,high_dynamic_path,manual,targeted unit test plus CLI smoke from repository root
tests/test_dune_market_pipeline.py,137,"frame.to_csv(raw_path, index=False)",dynamic_path_operation,<review against central dai_sim.common.paths resolver>,high_dynamic_path,manual,targeted unit test plus CLI smoke from repository root
tests/test_dune_market_pipeline.py,152,"raw_path = Path(directory) / ""raw.csv""",dynamic_path_operation,<review against central dai_sim.common.paths resolver>,high_dynamic_path,manual,targeted unit test plus CLI smoke from repository root
tests/test_dune_market_pipeline.py,153,"frame.to_csv(raw_path, index=False)",dynamic_path_operation,<review against central dai_sim.common.paths resolver>,high_dynamic_path,manual,targeted unit test plus CLI smoke from repository root
tests/test_dune_protocol_parameter_history.py,1,decimal,python_import,decimal,low_external_import,retain,compileall
tests/test_dune_protocol_parameter_history.py,2,json,python_import,json,low_external_import,retain,compileall
tests/test_dune_protocol_parameter_history.py,4,pandas,python_import,pandas,low_external_import,retain,compileall
tests/test_dune_protocol_parameter_history.py,5,pytest,python_import,pytest,low_external_import,retain,compileall
tests/test_dune_protocol_parameter_history.py,7,scripts,python_import,scripts,low_external_import,retain,compileall
tests/test_dune_protocol_parameter_history.py,51,"report = history.validate_sql(spec, spec.sql_path.read_text(encoding=""utf-8""))",dynamic_path_operation,<review against central dai_sim.common.paths resolver>,high_dynamic_path,manual,targeted unit test plus CLI smoke from repository root
tests/test_dune_protocol_parameter_history.py,58,").read_text(encoding=""utf-8"").lower()",dynamic_path_operation,<review against central dai_sim.common.paths resolver>,high_dynamic_path,manual,targeted unit test plus CLI smoke from repository root
tests/test_dune_protocol_parameter_history.py,71,sql = history.CLIPPER_STOPPED_MINIMAL_SQL_PATH.read_text(,dynamic_path_operation,<review against central dai_sim.common.paths resolver>,high_dynamic_path,manual,targeted unit test plus CLI smoke from repository root
tests/test_dune_protocol_parameter_history.py,324,"state = json.loads(spec.state_path.read_text(encoding=""utf-8""))",dynamic_path_operation,<review against central dai_sim.common.paths resolver>,high_dynamic_path,manual,targeted unit test plus CLI smoke from repository root
tests/test_dune_protocol_parameter_history.py,377,"source = history.Path(history.__file__).read_text(encoding=""utf-8"").lower()",dynamic_path_operation,<review against central dai_sim.common.paths resolver>,high_dynamic_path,manual,targeted unit test plus CLI smoke from repository root
tests/test_dune_protocol_parameter_history.py,428,"state = json.loads(spec.state_path.read_text(encoding=""utf-8""))",dynamic_path_operation,<review against central dai_sim.common.paths resolver>,high_dynamic_path,manual,targeted unit test plus CLI smoke from repository root
tests/test_dune_protocol_parameters.py,1,csv,python_import,csv,low_external_import,retain,compileall
tests/test_dune_protocol_parameters.py,2,decimal,python_import,decimal,low_external_import,retain,compileall
tests/test_dune_protocol_parameters.py,3,json,python_import,json,low_external_import,retain,compileall
tests/test_dune_protocol_parameters.py,4,pathlib,python_import,pathlib,low_external_import,retain,compileall
tests/test_dune_protocol_parameters.py,6,pytest,python_import,pytest,low_external_import,retain,compileall
tests/test_dune_protocol_parameters.py,8,scripts,python_import,scripts,low_external_import,retain,compileall
tests/test_dune_protocol_parameters.py,44,"valid = protocol.validate_sql(protocol.SQL_PATH.read_text(encoding=""utf-8""))",dynamic_path_operation,<review against central dai_sim.common.paths resolver>,high_dynamic_path,manual,targeted unit test plus CLI smoke from repository root
tests/test_dune_protocol_parameters.py,78,sql/diagnostic.sql,literal_path,sql/diagnostic.sql,high_path,mapping_driven_then_manual_review,SQL checksum and provenance reconciliation
tests/test_dune_protocol_parameters.py,95,"with protocol.RAW_PATH.open(newline="""", encoding=""utf-8"") as handle:",dynamic_path_operation,<review against central dai_sim.common.paths resolver>,high_dynamic_path,manual,targeted unit test plus CLI smoke from repository root
tests/test_dune_protocol_parameters.py,97,state = json.loads(protocol.STATE_PATH.read_text()),dynamic_path_operation,<review against central dai_sim.common.paths resolver>,high_dynamic_path,manual,targeted unit test plus CLI smoke from repository root
tests/test_dune_vat_activation_diagnostic.py,1,decimal,python_import,decimal,low_external_import,retain,compileall
tests/test_dune_vat_activation_diagnostic.py,2,json,python_import,json,low_external_import,retain,compileall
tests/test_dune_vat_activation_diagnostic.py,4,scripts,python_import,scripts,low_external_import,retain,compileall
tests/test_dune_vat_activation_diagnostic.py,43,"report = activation.validate_sql(activation.SQL_PATH.read_text(encoding=""utf-8""))",dynamic_path_operation,<review against central dai_sim.common.paths resolver>,high_dynamic_path,manual,targeted unit test plus CLI smoke from repository root
tests/test_dune_vat_activation_diagnostic.py,114,"state = json.loads(activation.STATE_PATH.read_text(encoding=""utf-8""))",dynamic_path_operation,<review against central dai_sim.common.paths resolver>,high_dynamic_path,manual,targeted unit test plus CLI smoke from repository root
tests/test_dune_vat_activation_diagnostic.py,120,"source = activation.Path(activation.__file__).read_text(encoding=""utf-8"").lower()",dynamic_path_operation,<review against central dai_sim.common.paths resolver>,high_dynamic_path,manual,targeted unit test plus CLI smoke from repository root
tests/test_dune_vault_discovery.py,1,decimal,python_import,decimal,low_external_import,retain,compileall
tests/test_dune_vault_discovery.py,2,pathlib,python_import,pathlib,low_external_import,retain,compileall
tests/test_dune_vault_discovery.py,3,sys,python_import,sys,low_external_import,retain,compileall
tests/test_dune_vault_discovery.py,5,"sys.path.insert(0, str(Path(__file__).resolve().parents[1]))",dynamic_path_operation,<review against central dai_sim.common.paths resolver>,high_dynamic_path,manual,targeted unit test plus CLI smoke from repository root
tests/test_dune_vault_discovery.py,7,scripts,python_import,scripts,low_external_import,retain,compileall
tests/test_dune_vault_discovery.py,36,"frob_sql = vaults.DIAGNOSTICS[""frob""][""sql""].read_text()",dynamic_path_operation,<review against central dai_sim.common.paths resolver>,high_dynamic_path,manual,targeted unit test plus CLI smoke from repository root
tests/test_dune_vault_discovery.py,40,"sql = vaults.DIAGNOSTICS[kind][""sql""].read_text()",dynamic_path_operation,<review against central dai_sim.common.paths resolver>,high_dynamic_path,manual,targeted unit test plus CLI smoke from repository root
tests/test_dune_vault_discovery.py,44,"assert ""maker_ethereum.cdp_manager_call_give"" in vaults.DIAGNOSTICS[""ownership""][""sql""].read_text()",dynamic_path_operation,<review against central dai_sim.common.paths resolver>,high_dynamic_path,manual,targeted unit test plus CLI smoke from repository root
tests/test_dune_vault_discovery.py,147,"sql = vaults.DIAGNOSTICS[""ownership""][""sql""].read_text().replace(",dynamic_path_operation,<review against central dai_sim.common.paths resolver>,high_dynamic_path,manual,targeted unit test plus CLI smoke from repository root
tests/test_dune_vault_production.py,1,pathlib,python_import,pathlib,low_external_import,retain,compileall
tests/test_dune_vault_production.py,2,json,python_import,json,low_external_import,retain,compileall
tests/test_dune_vault_production.py,3,sys,python_import,sys,low_external_import,retain,compileall
tests/test_dune_vault_production.py,5,pandas,python_import,pandas,low_external_import,retain,compileall
tests/test_dune_vault_production.py,7,"sys.path.insert(0, str(Path(__file__).resolve().parents[1]))",dynamic_path_operation,<review against central dai_sim.common.paths resolver>,high_dynamic_path,manual,targeted unit test plus CLI smoke from repository root
tests/test_dune_vault_production.py,9,scripts,python_import,scripts,low_external_import,retain,compileall
tests/test_dune_vault_production.py,10,scripts,python_import,scripts,low_external_import,retain,compileall
tests/test_dune_vault_production.py,107,source = Path(vaults.__file__).read_text(),dynamic_path_operation,<review against central dai_sim.common.paths resolver>,high_dynamic_path,manual,targeted unit test plus CLI smoke from repository root
tests/test_dune_vault_production.py,253,"first.write_text(json.dumps(_page_payload(_ordered_rows(2), 3)))",dynamic_path_operation,<review against central dai_sim.common.paths resolver>,high_dynamic_path,manual,targeted unit test plus CLI smoke from repository root
tests/test_dune_vault_production.py,319,"assert ""test-secret-not-for-disk"" not in output.read_text()",dynamic_path_operation,<review against central dai_sim.common.paths resolver>,high_dynamic_path,manual,targeted unit test plus CLI smoke from repository root
tests/test_empirical_tranche_a_config.py,3,__future__,python_import,__future__,low_external_import,retain,compileall
tests/test_empirical_tranche_a_config.py,5,dataclasses,python_import,dataclasses,low_external_import,retain,compileall
tests/test_empirical_tranche_a_config.py,6,pathlib,python_import,pathlib,low_external_import,retain,compileall
tests/test_empirical_tranche_a_config.py,7,json,python_import,json,low_external_import,retain,compileall
tests/test_empirical_tranche_a_config.py,8,sys,python_import,sys,low_external_import,retain,compileall
tests/test_empirical_tranche_a_config.py,10,numpy,python_import,numpy,low_external_import,retain,compileall
tests/test_empirical_tranche_a_config.py,11,pytest,python_import,pytest,low_external_import,retain,compileall
tests/test_empirical_tranche_a_config.py,12,yaml,python_import,yaml,low_external_import,retain,compileall
tests/test_empirical_tranche_a_config.py,15,REPOSITORY_ROOT = Path(__file__).resolve().parents[1],dynamic_path_operation,<review against central dai_sim.common.paths resolver>,high_dynamic_path,manual,targeted unit test plus CLI smoke from repository root
tests/test_empirical_tranche_a_config.py,18,if str(path) not in sys.path:,dynamic_path_operation,<review against central dai_sim.common.paths resolver>,high_dynamic_path,manual,targeted unit test plus CLI smoke from repository root
tests/test_empirical_tranche_a_config.py,19,"sys.path.insert(0, str(path))",dynamic_path_operation,<review against central dai_sim.common.paths resolver>,high_dynamic_path,manual,targeted unit test plus CLI smoke from repository root
tests/test_empirical_tranche_a_config.py,21,empirical_config,python_import,dai_sim.inputs.configuration,high_import,codemod_then_manual_review,import smoke; compileall; pytest; Experiments 1-5 regression
tests/test_empirical_tranche_a_config.py,22,experiments,python_import,experiments,low_external_import,retain,compileall
tests/test_empirical_tranche_a_config.py,23,simulation,python_import,dai_sim.model.simulation,high_import,codemod_then_manual_review,import smoke; compileall; pytest; Experiments 1-5 regression
tests/test_empirical_tranche_a_config.py,26,config/empirical/phase2_empirical_baseline.yaml,literal_path,config/profiles/empirical.yaml,high_path,mapping_driven_then_manual_review,profile parse; runtime equivalence
tests/test_empirical_tranche_a_config.py,29,config/empirical/sensitivity/phase2_empirical_low_sensitivity.yaml,literal_path,config/sensitivities/vaults/population_100.yaml,high_path,mapping_driven_then_manual_review,profile parse; runtime equivalence
tests/test_empirical_tranche_a_config.py,33,config/empirical/sensitivity/phase2_empirical_high_sensitivity.yaml,literal_path,config/sensitivities/vaults/population_1000.yaml,high_path,mapping_driven_then_manual_review,profile parse; runtime equivalence
tests/test_empirical_tranche_a_config.py,35,config/empirical/tranche_a_manifest.json,literal_path,data/protocol/provenance/parameter_adoption/manifest.json,high_path,mapping_driven_then_manual_review,profile parse; runtime equivalence
tests/test_empirical_tranche_a_config.py,40,"manifest = json.loads(MANIFEST.read_text(encoding=""utf-8""))",dynamic_path_operation,<review against central dai_sim.common.paths resolver>,high_dynamic_path,manual,targeted unit test plus CLI smoke from repository root
tests/test_empirical_tranche_a_config.py,83,"payload = yaml.safe_load(PRIMARY_CONFIG.read_text(encoding=""utf-8""))",dynamic_path_operation,<review against central dai_sim.common.paths resolver>,high_dynamic_path,manual,targeted unit test plus CLI smoke from repository root
tests/test_empirical_tranche_a_config.py,86,"bad.write_text(yaml.safe_dump(payload), encoding=""utf-8"")",dynamic_path_operation,<review against central dai_sim.common.paths resolver>,high_dynamic_path,manual,targeted unit test plus CLI smoke from repository root
tests/test_empirical_tranche_a_config.py,92,"payload = yaml.safe_load(PRIMARY_CONFIG.read_text(encoding=""utf-8""))",dynamic_path_operation,<review against central dai_sim.common.paths resolver>,high_dynamic_path,manual,targeted unit test plus CLI smoke from repository root
tests/test_empirical_tranche_a_config.py,95,"bad.write_text(yaml.safe_dump(payload), encoding=""utf-8"")",dynamic_path_operation,<review against central dai_sim.common.paths resolver>,high_dynamic_path,manual,targeted unit test plus CLI smoke from repository root
tests/test_empirical_tranche_a_config.py,101,"payload = yaml.safe_load(PRIMARY_CONFIG.read_text(encoding=""utf-8""))",dynamic_path_operation,<review against central dai_sim.common.paths resolver>,high_dynamic_path,manual,targeted unit test plus CLI smoke from repository root
tests/test_empirical_tranche_a_config.py,104,"bad.write_text(yaml.safe_dump(payload), encoding=""utf-8"")",dynamic_path_operation,<review against central dai_sim.common.paths resolver>,high_dynamic_path,manual,targeted unit test plus CLI smoke from repository root
tests/test_empirical_tranche_a_config.py,144,"source = Path(experiments.__file__).read_text(encoding=""utf-8"")",dynamic_path_operation,<review against central dai_sim.common.paths resolver>,high_dynamic_path,manual,targeted unit test plus CLI smoke from repository root
tests/test_parameter_adoption_review.py,3,__future__,python_import,__future__,low_external_import,retain,compileall
tests/test_parameter_adoption_review.py,5,pathlib,python_import,pathlib,low_external_import,retain,compileall
tests/test_parameter_adoption_review.py,6,sys,python_import,sys,low_external_import,retain,compileall
tests/test_parameter_adoption_review.py,8,pandas,python_import,pandas,low_external_import,retain,compileall
tests/test_parameter_adoption_review.py,9,pytest,python_import,pytest,low_external_import,retain,compileall
tests/test_parameter_adoption_review.py,12,REPOSITORY_ROOT = Path(__file__).resolve().parents[1],dynamic_path_operation,<review against central dai_sim.common.paths resolver>,high_dynamic_path,manual,targeted unit test plus CLI smoke from repository root
tests/test_parameter_adoption_review.py,13,if str(REPOSITORY_ROOT) not in sys.path:,dynamic_path_operation,<review against central dai_sim.common.paths resolver>,high_dynamic_path,manual,targeted unit test plus CLI smoke from repository root
tests/test_parameter_adoption_review.py,14,"sys.path.insert(0, str(REPOSITORY_ROOT))",dynamic_path_operation,<review against central dai_sim.common.paths resolver>,high_dynamic_path,manual,targeted unit test plus CLI smoke from repository root
tests/test_parameter_adoption_review.py,16,src.estimation,python_import,dai_sim.calibration,high_import,codemod_then_manual_review,import smoke; compileall; pytest; Experiments 1-5 regression
tests/test_parameter_adoption_review.py,132,"source = Path(review.__file__).read_text(encoding=""utf-8"")",dynamic_path_operation,<review against central dai_sim.common.paths resolver>,high_dynamic_path,manual,targeted unit test plus CLI smoke from repository root
tests/test_parameter_adoption_review.py,136,config/empirical.yaml,literal_path,config/profiles/legacy.yaml,high_path,mapping_driven_then_manual_review,profile parse; runtime equivalence
tests/test_parameter_adoption_review.py,137,config/protocol.yaml,literal_path,config/protocol/parameters.yaml,high_path,mapping_driven_then_manual_review,profile parse; runtime equivalence
tests/test_phase1e_b_representative_vaults.py,1,decimal,python_import,decimal,low_external_import,retain,compileall
tests/test_phase1e_b_representative_vaults.py,2,csv,python_import,csv,low_external_import,retain,compileall
tests/test_phase1e_b_representative_vaults.py,3,json,python_import,json,low_external_import,retain,compileall
tests/test_phase1e_b_representative_vaults.py,4,pathlib,python_import,pathlib,low_external_import,retain,compileall
tests/test_phase1e_b_representative_vaults.py,5,sys,python_import,sys,low_external_import,retain,compileall
tests/test_phase1e_b_representative_vaults.py,7,pandas,python_import,pandas,low_external_import,retain,compileall
tests/test_phase1e_b_representative_vaults.py,8,pytest,python_import,pytest,low_external_import,retain,compileall
tests/test_phase1e_b_representative_vaults.py,10,"sys.path.insert(0, str(Path(__file__).resolve().parents[1]))",dynamic_path_operation,<review against central dai_sim.common.paths resolver>,high_dynamic_path,manual,targeted unit test plus CLI smoke from repository root
tests/test_phase1e_b_representative_vaults.py,12,scripts,python_import,scripts,low_external_import,retain,compileall
tests/test_phase1e_b_representative_vaults.py,13,scripts,python_import,scripts,low_external_import,retain,compileall
tests/test_phase1e_b_representative_vaults.py,69,path.write_text(,dynamic_path_operation,<review against central dai_sim.common.paths resolver>,high_dynamic_path,manual,targeted unit test plus CLI smoke from repository root
tests/test_phase1e_b_representative_vaults.py,87,"paths[""state""].write_text(",dynamic_path_operation,<review against central dai_sim.common.paths resolver>,high_dynamic_path,manual,targeted unit test plus CLI smoke from repository root
tests/test_phase1e_b_representative_vaults.py,264,"with paths[""raw""].open(newline="""", encoding=""utf-8"") as handle:",dynamic_path_operation,<review against central dai_sim.common.paths resolver>,high_dynamic_path,manual,targeted unit test plus CLI smoke from repository root
tests/test_phase1e_b_representative_vaults.py,1057,"source = Path(representative.__file__).read_text(encoding=""utf-8"")",dynamic_path_operation,<review against central dai_sim.common.paths resolver>,high_dynamic_path,manual,targeted unit test plus CLI smoke from repository root
tests/test_phase2a_candidate_review.py,3,__future__,python_import,__future__,low_external_import,retain,compileall
tests/test_phase2a_candidate_review.py,5,pathlib,python_import,pathlib,low_external_import,retain,compileall
tests/test_phase2a_candidate_review.py,6,sys,python_import,sys,low_external_import,retain,compileall
tests/test_phase2a_candidate_review.py,8,numpy,python_import,numpy,low_external_import,retain,compileall
tests/test_phase2a_candidate_review.py,9,pandas,python_import,pandas,low_external_import,retain,compileall
tests/test_phase2a_candidate_review.py,10,pytest,python_import,pytest,low_external_import,retain,compileall
tests/test_phase2a_candidate_review.py,13,REPOSITORY_ROOT = Path(__file__).resolve().parents[1],dynamic_path_operation,<review against central dai_sim.common.paths resolver>,high_dynamic_path,manual,targeted unit test plus CLI smoke from repository root
tests/test_phase2a_candidate_review.py,14,if str(REPOSITORY_ROOT) not in sys.path:,dynamic_path_operation,<review against central dai_sim.common.paths resolver>,high_dynamic_path,manual,targeted unit test plus CLI smoke from repository root
tests/test_phase2a_candidate_review.py,15,"sys.path.insert(0, str(REPOSITORY_ROOT))",dynamic_path_operation,<review against central dai_sim.common.paths resolver>,high_dynamic_path,manual,targeted unit test plus CLI smoke from repository root
tests/test_phase2a_candidate_review.py,17,src.estimation.data_loading,python_import,dai_sim.calibration.data_loading,high_import,codemod_then_manual_review,import smoke; compileall; pytest; Experiments 1-5 regression
tests/test_phase2a_candidate_review.py,18,src.estimation.phase2a_review,python_import,dai_sim.calibration.phase2a_review,high_import,codemod_then_manual_review,import smoke; compileall; pytest; Experiments 1-5 regression
tests/test_phase2a_candidate_review.py,31,src.estimation.statistics,python_import,dai_sim.calibration.statistics,high_import,codemod_then_manual_review,import smoke; compileall; pytest; Experiments 1-5 regression
tests/test_phase2a_estimation.py,3,__future__,python_import,__future__,low_external_import,retain,compileall
tests/test_phase2a_estimation.py,5,json,python_import,json,low_external_import,retain,compileall
tests/test_phase2a_estimation.py,6,pathlib,python_import,pathlib,low_external_import,retain,compileall
tests/test_phase2a_estimation.py,7,sys,python_import,sys,low_external_import,retain,compileall
tests/test_phase2a_estimation.py,9,numpy,python_import,numpy,low_external_import,retain,compileall
tests/test_phase2a_estimation.py,10,pandas,python_import,pandas,low_external_import,retain,compileall
tests/test_phase2a_estimation.py,11,pytest,python_import,pytest,low_external_import,retain,compileall
tests/test_phase2a_estimation.py,14,REPOSITORY_ROOT = Path(__file__).resolve().parents[1],dynamic_path_operation,<review against central dai_sim.common.paths resolver>,high_dynamic_path,manual,targeted unit test plus CLI smoke from repository root
tests/test_phase2a_estimation.py,15,if str(REPOSITORY_ROOT) not in sys.path:,dynamic_path_operation,<review against central dai_sim.common.paths resolver>,high_dynamic_path,manual,targeted unit test plus CLI smoke from repository root
tests/test_phase2a_estimation.py,16,"sys.path.insert(0, str(REPOSITORY_ROOT))",dynamic_path_operation,<review against central dai_sim.common.paths resolver>,high_dynamic_path,manual,targeted unit test plus CLI smoke from repository root
tests/test_phase2a_estimation.py,18,src.estimation.data_loading,python_import,dai_sim.calibration.data_loading,high_import,codemod_then_manual_review,import smoke; compileall; pytest; Experiments 1-5 regression
tests/test_phase2a_estimation.py,24,src.estimation.phase2a,python_import,dai_sim.calibration.phase2a,high_import,codemod_then_manual_review,import smoke; compileall; pytest; Experiments 1-5 regression
tests/test_phase2a_estimation.py,31,src.estimation.statistics,python_import,dai_sim.calibration.statistics,high_import,codemod_then_manual_review,import smoke; compileall; pytest; Experiments 1-5 regression
tests/test_phase2a_estimation.py,87,"pd.DataFrame({""timestamp_utc"": [""2024-01-01T00:00:00Z""]}).to_csv(",dynamic_path_operation,<review against central dai_sim.common.paths resolver>,high_dynamic_path,manual,targeted unit test plus CLI smoke from repository root
tests/test_phase2b_vault_estimation.py,3,__future__,python_import,__future__,low_external_import,retain,compileall
tests/test_phase2b_vault_estimation.py,5,pathlib,python_import,pathlib,low_external_import,retain,compileall
tests/test_phase2b_vault_estimation.py,6,sys,python_import,sys,low_external_import,retain,compileall
tests/test_phase2b_vault_estimation.py,8,numpy,python_import,numpy,low_external_import,retain,compileall
tests/test_phase2b_vault_estimation.py,9,pandas,python_import,pandas,low_external_import,retain,compileall
tests/test_phase2b_vault_estimation.py,10,pytest,python_import,pytest,low_external_import,retain,compileall
tests/test_phase2b_vault_estimation.py,13,REPOSITORY_ROOT = Path(__file__).resolve().parents[1],dynamic_path_operation,<review against central dai_sim.common.paths resolver>,high_dynamic_path,manual,targeted unit test plus CLI smoke from repository root
tests/test_phase2b_vault_estimation.py,14,if str(REPOSITORY_ROOT) not in sys.path:,dynamic_path_operation,<review against central dai_sim.common.paths resolver>,high_dynamic_path,manual,targeted unit test plus CLI smoke from repository root
tests/test_phase2b_vault_estimation.py,15,"sys.path.insert(0, str(REPOSITORY_ROOT))",dynamic_path_operation,<review against central dai_sim.common.paths resolver>,high_dynamic_path,manual,targeted unit test plus CLI smoke from repository root
tests/test_phase2b_vault_estimation.py,17,src.estimation,python_import,dai_sim.calibration,high_import,codemod_then_manual_review,import smoke; compileall; pytest; Experiments 1-5 regression
tests/test_phase2b_vault_estimation.py,211,"source = Path(phase2b.__file__).read_text(encoding=""utf-8"")",dynamic_path_operation,<review against central dai_sim.common.paths resolver>,high_dynamic_path,manual,targeted unit test plus CLI smoke from repository root
tests/test_phase2b_vault_estimation.py,214,config/empirical.yaml,literal_path,config/profiles/legacy.yaml,high_path,mapping_driven_then_manual_review,profile parse; runtime equivalence
tests/test_phase2c_liquidation_estimation.py,3,__future__,python_import,__future__,low_external_import,retain,compileall
tests/test_phase2c_liquidation_estimation.py,5,decimal,python_import,decimal,low_external_import,retain,compileall
tests/test_phase2c_liquidation_estimation.py,6,pathlib,python_import,pathlib,low_external_import,retain,compileall
tests/test_phase2c_liquidation_estimation.py,7,sys,python_import,sys,low_external_import,retain,compileall
tests/test_phase2c_liquidation_estimation.py,9,numpy,python_import,numpy,low_external_import,retain,compileall
tests/test_phase2c_liquidation_estimation.py,10,pandas,python_import,pandas,low_external_import,retain,compileall
tests/test_phase2c_liquidation_estimation.py,11,pytest,python_import,pytest,low_external_import,retain,compileall
tests/test_phase2c_liquidation_estimation.py,14,REPOSITORY_ROOT = Path(__file__).resolve().parents[1],dynamic_path_operation,<review against central dai_sim.common.paths resolver>,high_dynamic_path,manual,targeted unit test plus CLI smoke from repository root
tests/test_phase2c_liquidation_estimation.py,15,if str(REPOSITORY_ROOT) not in sys.path:,dynamic_path_operation,<review against central dai_sim.common.paths resolver>,high_dynamic_path,manual,targeted unit test plus CLI smoke from repository root
tests/test_phase2c_liquidation_estimation.py,16,"sys.path.insert(0, str(REPOSITORY_ROOT))",dynamic_path_operation,<review against central dai_sim.common.paths resolver>,high_dynamic_path,manual,targeted unit test plus CLI smoke from repository root
tests/test_phase2c_liquidation_estimation.py,18,src.estimation,python_import,dai_sim.calibration,high_import,codemod_then_manual_review,import smoke; compileall; pytest; Experiments 1-5 regression
tests/test_phase2c_liquidation_estimation.py,164,"source = Path(phase2c.__file__).read_text(encoding=""utf-8"")",dynamic_path_operation,<review against central dai_sim.common.paths resolver>,high_dynamic_path,manual,targeted unit test plus CLI smoke from repository root
tests/test_phase2c_liquidation_estimation.py,167,config/empirical.yaml,literal_path,config/profiles/legacy.yaml,high_path,mapping_driven_then_manual_review,profile parse; runtime equivalence
tests/test_process_dune_hourly_gas.py,3,__future__,python_import,__future__,low_external_import,retain,compileall
tests/test_process_dune_hourly_gas.py,5,json,python_import,json,low_external_import,retain,compileall
tests/test_process_dune_hourly_gas.py,6,pathlib,python_import,pathlib,low_external_import,retain,compileall
tests/test_process_dune_hourly_gas.py,7,sys,python_import,sys,low_external_import,retain,compileall
tests/test_process_dune_hourly_gas.py,8,tempfile,python_import,tempfile,low_external_import,retain,compileall
tests/test_process_dune_hourly_gas.py,9,unittest,python_import,unittest,low_external_import,retain,compileall
tests/test_process_dune_hourly_gas.py,11,numpy,python_import,numpy,low_external_import,retain,compileall
tests/test_process_dune_hourly_gas.py,12,pandas,python_import,pandas,low_external_import,retain,compileall
tests/test_process_dune_hourly_gas.py,15,REPOSITORY_ROOT = Path(__file__).resolve().parents[1],dynamic_path_operation,<review against central dai_sim.common.paths resolver>,high_dynamic_path,manual,targeted unit test plus CLI smoke from repository root
tests/test_process_dune_hourly_gas.py,16,if str(REPOSITORY_ROOT) not in sys.path:,dynamic_path_operation,<review against central dai_sim.common.paths resolver>,high_dynamic_path,manual,targeted unit test plus CLI smoke from repository root
tests/test_process_dune_hourly_gas.py,17,"sys.path.insert(0, str(REPOSITORY_ROOT))",dynamic_path_operation,<review against central dai_sim.common.paths resolver>,high_dynamic_path,manual,targeted unit test plus CLI smoke from repository root
tests/test_process_dune_hourly_gas.py,19,scripts,python_import,scripts,low_external_import,retain,compileall
tests/test_process_dune_hourly_gas.py,20,scripts,python_import,scripts,low_external_import,retain,compileall
tests/test_process_dune_hourly_gas.py,87,root = Path(directory),dynamic_path_operation,<review against central dai_sim.common.paths resolver>,high_dynamic_path,manual,targeted unit test plus CLI smoke from repository root
tests/test_process_dune_hourly_gas.py,90,"raw.write_text(""not,the,authorised,file\n"", encoding=""utf-8"")",dynamic_path_operation,<review against central dai_sim.common.paths resolver>,high_dynamic_path,manual,targeted unit test plus CLI smoke from repository root
tests/test_process_dune_hourly_gas.py,91,"validation.write_text('{""validation_passed"": true}\n', encoding=""utf-8"")",dynamic_path_operation,<review against central dai_sim.common.paths resolver>,high_dynamic_path,manual,targeted unit test plus CLI smoke from repository root
tests/test_process_dune_hourly_gas.py,98,"source = Path(processing.__file__).read_text(encoding=""utf-8"")",dynamic_path_operation,<review against central dai_sim.common.paths resolver>,high_dynamic_path,manual,targeted unit test plus CLI smoke from repository root
tests/test_process_dune_hourly_gas.py,218,"first = Path(directory) / ""first.csv""",dynamic_path_operation,<review against central dai_sim.common.paths resolver>,high_dynamic_path,manual,targeted unit test plus CLI smoke from repository root
tests/test_process_dune_hourly_gas.py,219,"second = Path(directory) / ""second.csv""",dynamic_path_operation,<review against central dai_sim.common.paths resolver>,high_dynamic_path,manual,targeted unit test plus CLI smoke from repository root
tests/test_process_dune_market_prices.py,3,__future__,python_import,__future__,low_external_import,retain,compileall
tests/test_process_dune_market_prices.py,5,pathlib,python_import,pathlib,low_external_import,retain,compileall
tests/test_process_dune_market_prices.py,6,sys,python_import,sys,low_external_import,retain,compileall
tests/test_process_dune_market_prices.py,7,tempfile,python_import,tempfile,low_external_import,retain,compileall
tests/test_process_dune_market_prices.py,8,unittest,python_import,unittest,low_external_import,retain,compileall
tests/test_process_dune_market_prices.py,10,numpy,python_import,numpy,low_external_import,retain,compileall
tests/test_process_dune_market_prices.py,11,pandas,python_import,pandas,low_external_import,retain,compileall
tests/test_process_dune_market_prices.py,14,REPOSITORY_ROOT = Path(__file__).resolve().parents[1],dynamic_path_operation,<review against central dai_sim.common.paths resolver>,high_dynamic_path,manual,targeted unit test plus CLI smoke from repository root
tests/test_process_dune_market_prices.py,15,if str(REPOSITORY_ROOT) not in sys.path:,dynamic_path_operation,<review against central dai_sim.common.paths resolver>,high_dynamic_path,manual,targeted unit test plus CLI smoke from repository root
tests/test_process_dune_market_prices.py,16,"sys.path.insert(0, str(REPOSITORY_ROOT))",dynamic_path_operation,<review against central dai_sim.common.paths resolver>,high_dynamic_path,manual,targeted unit test plus CLI smoke from repository root
tests/test_process_dune_market_prices.py,18,scripts.process_dune_market_prices,python_import,scripts.process_dune_market_prices,low_external_import,retain,compileall
tests/test_process_dune_market_prices.py,102,directory_path = Path(directory),dynamic_path_operation,<review against central dai_sim.common.paths resolver>,high_dynamic_path,manual,targeted unit test plus CLI smoke from repository root
tests/test_process_dune_market_prices.py,105,"raw.to_csv(raw_path, index=False)",dynamic_path_operation,<review against central dai_sim.common.paths resolver>,high_dynamic_path,manual,targeted unit test plus CLI smoke from repository root
tests/test_process_dune_market_prices.py,121,directory_path = Path(directory),dynamic_path_operation,<review against central dai_sim.common.paths resolver>,high_dynamic_path,manual,targeted unit test plus CLI smoke from repository root
tests/test_process_dune_market_prices.py,124,"raw_path.write_text(""not,the,authorised,file\n"", encoding=""utf-8"")",dynamic_path_operation,<review against central dai_sim.common.paths resolver>,high_dynamic_path,manual,targeted unit test plus CLI smoke from repository root
tests/test_process_dune_market_prices.py,125,"report_path.write_text('{""validation_passed"": true}\n', encoding=""utf-8"")",dynamic_path_operation,<review against central dai_sim.common.paths resolver>,high_dynamic_path,manual,targeted unit test plus CLI smoke from repository root
tests/test_tranche_b_vault_initialisation.py,3,__future__,python_import,__future__,low_external_import,retain,compileall
tests/test_tranche_b_vault_initialisation.py,5,dataclasses,python_import,dataclasses,low_external_import,retain,compileall
tests/test_tranche_b_vault_initialisation.py,6,pathlib,python_import,pathlib,low_external_import,retain,compileall
tests/test_tranche_b_vault_initialisation.py,7,sys,python_import,sys,low_external_import,retain,compileall
tests/test_tranche_b_vault_initialisation.py,9,numpy,python_import,numpy,low_external_import,retain,compileall
tests/test_tranche_b_vault_initialisation.py,10,pandas,python_import,pandas,low_external_import,retain,compileall
tests/test_tranche_b_vault_initialisation.py,11,pytest,python_import,pytest,low_external_import,retain,compileall
tests/test_tranche_b_vault_initialisation.py,12,yaml,python_import,yaml,low_external_import,retain,compileall
tests/test_tranche_b_vault_initialisation.py,15,REPOSITORY_ROOT = Path(__file__).resolve().parents[1],dynamic_path_operation,<review against central dai_sim.common.paths resolver>,high_dynamic_path,manual,targeted unit test plus CLI smoke from repository root
tests/test_tranche_b_vault_initialisation.py,18,if str(path) not in sys.path:,dynamic_path_operation,<review against central dai_sim.common.paths resolver>,high_dynamic_path,manual,targeted unit test plus CLI smoke from repository root
tests/test_tranche_b_vault_initialisation.py,19,"sys.path.insert(0, str(path))",dynamic_path_operation,<review against central dai_sim.common.paths resolver>,high_dynamic_path,manual,targeted unit test plus CLI smoke from repository root
tests/test_tranche_b_vault_initialisation.py,21,experiments,python_import,experiments,low_external_import,retain,compileall
tests/test_tranche_b_vault_initialisation.py,22,empirical_config,python_import,dai_sim.inputs.configuration,high_import,codemod_then_manual_review,import smoke; compileall; pytest; Experiments 1-5 regression
tests/test_tranche_b_vault_initialisation.py,23,simulation,python_import,dai_sim.model.simulation,high_import,codemod_then_manual_review,import smoke; compileall; pytest; Experiments 1-5 regression
tests/test_tranche_b_vault_initialisation.py,24,vault,python_import,dai_sim.model.vault,high_import,codemod_then_manual_review,import smoke; compileall; pytest; Experiments 1-5 regression
tests/test_tranche_b_vault_initialisation.py,25,vault_initialisation,python_import,dai_sim.inputs.vaults,high_import,codemod_then_manual_review,import smoke; compileall; pytest; Experiments 1-5 regression
tests/test_tranche_b_vault_initialisation.py,127,config/empirical/sensitivity/phase2_empirical_parametric_truncated.yaml,literal_path,config/sensitivities/vaults/parametric_truncated.yaml,high_path,mapping_driven_then_manual_review,profile parse; runtime equivalence
tests/test_tranche_b_vault_initialisation.py,232,"payload = yaml.safe_load(DEFAULT_TRANCHE_B_CONFIG_PATH.read_text(encoding=""utf-8""))",dynamic_path_operation,<review against central dai_sim.common.paths resolver>,high_dynamic_path,manual,targeted unit test plus CLI smoke from repository root
tests/test_tranche_b_vault_initialisation.py,235,"bad.write_text(yaml.safe_dump(payload), encoding=""utf-8"")",dynamic_path_operation,<review against central dai_sim.common.paths resolver>,high_dynamic_path,manual,targeted unit test plus CLI smoke from repository root
tests/test_tranche_b_vault_initialisation.py,241,scripts,python_import,scripts,low_external_import,retain,compileall
tests/test_tranche_b_vault_initialisation.py,251,config/empirical/data/vault_initialisation_pools_manifest.json,literal_path,data/vaults/model_inputs/initialisation/manifest.json,high_path,mapping_driven_then_manual_review,profile parse; runtime equivalence
tests/test_tranche_b_vault_initialisation.py,252,".read_text(encoding=""utf-8"")",dynamic_path_operation,<review against central dai_sim.common.paths resolver>,high_dynamic_path,manual,targeted unit test plus CLI smoke from repository root
tests/test_tranche_c_environment_inputs.py,3,__future__,python_import,__future__,low_external_import,retain,compileall
tests/test_tranche_c_environment_inputs.py,5,dataclasses,python_import,dataclasses,low_external_import,retain,compileall
tests/test_tranche_c_environment_inputs.py,6,pathlib,python_import,pathlib,low_external_import,retain,compileall
tests/test_tranche_c_environment_inputs.py,7,sys,python_import,sys,low_external_import,retain,compileall
tests/test_tranche_c_environment_inputs.py,9,numpy,python_import,numpy,low_external_import,retain,compileall
tests/test_tranche_c_environment_inputs.py,10,pandas,python_import,pandas,low_external_import,retain,compileall
tests/test_tranche_c_environment_inputs.py,11,pytest,python_import,pytest,low_external_import,retain,compileall
tests/test_tranche_c_environment_inputs.py,14,REPOSITORY_ROOT = Path(__file__).resolve().parents[1],dynamic_path_operation,<review against central dai_sim.common.paths resolver>,high_dynamic_path,manual,targeted unit test plus CLI smoke from repository root
tests/test_tranche_c_environment_inputs.py,17,if str(path) not in sys.path:,dynamic_path_operation,<review against central dai_sim.common.paths resolver>,high_dynamic_path,manual,targeted unit test plus CLI smoke from repository root
tests/test_tranche_c_environment_inputs.py,18,"sys.path.insert(0, str(path))",dynamic_path_operation,<review against central dai_sim.common.paths resolver>,high_dynamic_path,manual,targeted unit test plus CLI smoke from repository root
tests/test_tranche_c_environment_inputs.py,20,empirical_config,python_import,dai_sim.inputs.configuration,high_import,codemod_then_manual_review,import smoke; compileall; pytest; Experiments 1-5 regression
tests/test_tranche_c_environment_inputs.py,21,environment_inputs,python_import,dai_sim.inputs.environment,high_import,codemod_then_manual_review,import smoke; compileall; pytest; Experiments 1-5 regression
tests/test_tranche_c_environment_inputs.py,26,experiments,python_import,experiments,low_external_import,retain,compileall
tests/test_tranche_c_environment_inputs.py,27,gas_process,python_import,dai_sim.inputs.gas,high_import,codemod_then_manual_review,import smoke; compileall; pytest; Experiments 1-5 regression
tests/test_tranche_c_environment_inputs.py,34,liquidation,python_import,dai_sim.model.liquidation,high_import,codemod_then_manual_review,import smoke; compileall; pytest; Experiments 1-5 regression
tests/test_tranche_c_environment_inputs.py,35,market_bootstrap,python_import,dai_sim.inputs.market,high_import,codemod_then_manual_review,import smoke; compileall; pytest; Experiments 1-5 regression
tests/test_tranche_c_environment_inputs.py,43,price_process,python_import,dai_sim.model.collateral_prices,high_import,codemod_then_manual_review,import smoke; compileall; pytest; Experiments 1-5 regression
tests/test_tranche_c_environment_inputs.py,44,simulation,python_import,dai_sim.model.simulation,high_import,codemod_then_manual_review,import smoke; compileall; pytest; Experiments 1-5 regression
tests/test_tranche_c_environment_inputs.py,70,"frame.to_csv(path, index=False, lineterminator=""\n"")",dynamic_path_operation,<review against central dai_sim.common.paths resolver>,high_dynamic_path,manual,targeted unit test plus CLI smoke from repository root
config/empirical/data/liquidation_arrival_pools_manifest.json,32,config/empirical/data/liquidation_arrival_hourly_pool.csv,literal_path,data/liquidations/model_inputs/arrival/hourly_pool.csv,high_path,mapping_driven_then_manual_review,profile parse; runtime equivalence
config/empirical/data/liquidation_arrival_pools_manifest.json,37,config/empirical/data/liquidation_sequence_pool.csv,literal_path,data/liquidations/model_inputs/arrival/sequence_pool.csv,high_path,mapping_driven_then_manual_review,profile parse; runtime equivalence
config/empirical/data/liquidation_arrival_pools_manifest.json,49,data/processed/estimation/phase2c_liquidations/liquidation_sequence_estimates.csv,literal_path,outputs/diagnostics/calibration/phase2c_liquidations/liquidation_sequence_estimates.csv,high_path,mapping_driven_then_manual_review,existence; manifest/checksum/path-metadata reconciliation
config/empirical/data/liquidation_arrival_pools_manifest.json,50,data/processed/vaults/representative_regimes/terra_cefi_2022-05-05_2022-06-20/bark_grab_linkage.csv,literal_path,data/vaults/processed/representative_regimes/terra_cefi_2022-05-05_2022-06-20/bark_grab_linkage.csv,high_path,mapping_driven_then_manual_review,existence; manifest/checksum/path-metadata reconciliation
config/empirical/data/liquidation_arrival_pools_manifest.json,51,data/processed/vaults/representative_regimes/terra_cefi_2022-05-05_2022-06-20/liquidation_sequence_summary.csv,literal_path,data/vaults/processed/representative_regimes/terra_cefi_2022-05-05_2022-06-20/liquidation_sequence_summary.csv,high_path,mapping_driven_then_manual_review,existence; manifest/checksum/path-metadata reconciliation
config/empirical/data/liquidation_arrival_pools_manifest.json,52,data/processed/vaults/representative_regimes/terra_cefi_2022-05-05_2022-06-20/stress_tail_diagnostics.csv,literal_path,data/vaults/processed/representative_regimes/terra_cefi_2022-05-05_2022-06-20/stress_tail_diagnostics.csv,high_path,mapping_driven_then_manual_review,existence; manifest/checksum/path-metadata reconciliation
config/empirical/phase2_empirical_liquidation_arrivals.yaml,9,config/empirical/tranche_a_manifest.json,literal_path,data/protocol/provenance/parameter_adoption/manifest.json,high_path,mapping_driven_then_manual_review,profile parse; runtime equivalence
config/empirical/phase2_empirical_liquidation_arrivals.yaml,38,config/empirical/data/vault_initialisation_pools.csv,literal_path,data/vaults/model_inputs/initialisation/pool.csv,high_path,mapping_driven_then_manual_review,profile parse; runtime equivalence
config/empirical/phase2_empirical_liquidation_arrivals.yaml,70,config/empirical/data/market_gas_hourly_pool.csv,literal_path,data/market/model_inputs/environment_blocks/pool.csv,high_path,mapping_driven_then_manual_review,profile parse; runtime equivalence
config/empirical/phase2_empirical_liquidation_arrivals.yaml,82,config/empirical/data/liquidation_gas_pool.csv,literal_path,data/liquidations/model_inputs/keeper_gas/pool.csv,high_path,mapping_driven_then_manual_review,profile parse; runtime equivalence
config/empirical/phase2_empirical_liquidation_arrivals.yaml,93,config/empirical/data/liquidation_arrival_hourly_pool.csv,literal_path,data/liquidations/model_inputs/arrival/hourly_pool.csv,high_path,mapping_driven_then_manual_review,profile parse; runtime equivalence
config/empirical/sensitivity/phase2_empirical_liquidation_arrivals_capacity_lower.yaml,2,config/empirical/phase2_empirical_liquidation_arrivals.yaml,literal_path,config/profiles/empirical.yaml,high_path,mapping_driven_then_manual_review,profile parse; runtime equivalence
config/empirical/sensitivity/phase2_empirical_liquidation_arrivals_capacity_upper.yaml,2,config/empirical/phase2_empirical_liquidation_arrivals.yaml,literal_path,config/profiles/empirical.yaml,high_path,mapping_driven_then_manual_review,profile parse; runtime equivalence
config/empirical/sensitivity/phase2_empirical_liquidation_arrivals_hurdle_lower.yaml,2,config/empirical/phase2_empirical_liquidation_arrivals.yaml,literal_path,config/profiles/empirical.yaml,high_path,mapping_driven_then_manual_review,profile parse; runtime equivalence
config/empirical/sensitivity/phase2_empirical_liquidation_arrivals_hurdle_upper.yaml,2,config/empirical/phase2_empirical_liquidation_arrivals.yaml,literal_path,config/profiles/empirical.yaml,high_path,mapping_driven_then_manual_review,profile parse; runtime equivalence
config/empirical/sensitivity/phase2_empirical_liquidation_arrivals_legacy_demand.yaml,2,config/empirical/phase2_empirical_liquidation_arrivals.yaml,literal_path,config/profiles/empirical.yaml,high_path,mapping_driven_then_manual_review,profile parse; runtime equivalence
docs/tranche_d_liquidation_arrival_and_capacity_report.md,119,config/empirical/data/liquidation_arrival_hourly_pool.csv,literal_path,data/liquidations/model_inputs/arrival/hourly_pool.csv,high_path,mapping_driven_then_manual_review,profile parse; runtime equivalence
docs/tranche_d_liquidation_arrival_and_capacity_report.md,120,config/empirical/data/liquidation_sequence_pool.csv,literal_path,data/liquidations/model_inputs/arrival/sequence_pool.csv,high_path,mapping_driven_then_manual_review,profile parse; runtime equivalence
docs/tranche_d_liquidation_arrival_and_capacity_report.md,121,config/empirical/data/liquidation_arrival_pools_manifest.json,literal_path,data/liquidations/model_inputs/arrival/manifest.json,high_path,mapping_driven_then_manual_review,profile parse; runtime equivalence
docs/tranche_d_liquidation_arrival_and_capacity_report.md,131,config/empirical/phase2_empirical_liquidation_arrivals.yaml,literal_path,config/profiles/empirical.yaml,high_path,mapping_driven_then_manual_review,profile parse; runtime equivalence
docs/tranche_d_liquidation_arrival_and_capacity_report.md,189,data/processed/estimation/tranche_d/,literal_path,outputs/diagnostics/calibration/tranche_d/,high_path,mapping_driven_then_manual_review,existence; manifest/checksum/path-metadata reconciliation
scripts/build_liquidation_arrival_runtime_pools.py,9,__future__,python_import,__future__,low_external_import,retain,compileall
scripts/build_liquidation_arrival_runtime_pools.py,11,pathlib,python_import,pathlib,low_external_import,retain,compileall
scripts/build_liquidation_arrival_runtime_pools.py,12,json,python_import,json,low_external_import,retain,compileall
scripts/build_liquidation_arrival_runtime_pools.py,13,sys,python_import,sys,low_external_import,retain,compileall
scripts/build_liquidation_arrival_runtime_pools.py,15,pandas,python_import,pandas,low_external_import,retain,compileall
scripts/build_liquidation_arrival_runtime_pools.py,18,REPOSITORY_ROOT = Path(__file__).resolve().parents[1],dynamic_path_operation,<review against central dai_sim.common.paths resolver>,high_dynamic_path,manual,targeted unit test plus CLI smoke from repository root
scripts/build_liquidation_arrival_runtime_pools.py,20,if str(SRC_ROOT) not in sys.path:,dynamic_path_operation,<review against central dai_sim.common.paths resolver>,high_dynamic_path,manual,targeted unit test plus CLI smoke from repository root
scripts/build_liquidation_arrival_runtime_pools.py,21,"sys.path.insert(0, str(SRC_ROOT))",dynamic_path_operation,<review against central dai_sim.common.paths resolver>,high_dynamic_path,manual,targeted unit test plus CLI smoke from repository root
scripts/build_liquidation_arrival_runtime_pools.py,23,empirical_config,python_import,dai_sim.inputs.configuration,high_import,codemod_then_manual_review,import smoke; compileall; pytest; Experiments 1-5 regression
scripts/build_liquidation_arrival_runtime_pools.py,165,"stress_tail = pd.read_csv(INPUTS[""stress_tail_diagnostics""][""path""])",dynamic_path_operation,<review against central dai_sim.common.paths resolver>,high_dynamic_path,manual,targeted unit test plus CLI smoke from repository root
scripts/build_liquidation_arrival_runtime_pools.py,166,"bark_grab = pd.read_csv(INPUTS[""bark_grab_linkage""][""path""])",dynamic_path_operation,<review against central dai_sim.common.paths resolver>,high_dynamic_path,manual,targeted unit test plus CLI smoke from repository root
scripts/build_liquidation_arrival_runtime_pools.py,167,"sequences = pd.read_csv(INPUTS[""liquidation_sequence_summary""][""path""])",dynamic_path_operation,<review against central dai_sim.common.paths resolver>,high_dynamic_path,manual,targeted unit test plus CLI smoke from repository root
scripts/build_liquidation_arrival_runtime_pools.py,168,"sequence_estimates = pd.read_csv(INPUTS[""phase2c_sequence_estimates""][""path""])",dynamic_path_operation,<review against central dai_sim.common.paths resolver>,high_dynamic_path,manual,targeted unit test plus CLI smoke from repository root
scripts/build_liquidation_arrival_runtime_pools.py,188,"hourly.to_csv(hourly_path, index=False, lineterminator=""\n"")",dynamic_path_operation,<review against central dai_sim.common.paths resolver>,high_dynamic_path,manual,targeted unit test plus CLI smoke from repository root
scripts/build_liquidation_arrival_runtime_pools.py,189,"sequence_pool.to_csv(sequence_path, index=False, lineterminator=""\n"")",dynamic_path_operation,<review against central dai_sim.common.paths resolver>,high_dynamic_path,manual,targeted unit test plus CLI smoke from repository root
scripts/build_liquidation_arrival_runtime_pools.py,228,manifest_path.write_text(,dynamic_path_operation,<review against central dai_sim.common.paths resolver>,high_dynamic_path,manual,targeted unit test plus CLI smoke from repository root
scripts/run_tranche_d_liquidation_diagnostics.py,9,__future__,python_import,__future__,low_external_import,retain,compileall
scripts/run_tranche_d_liquidation_diagnostics.py,11,dataclasses,python_import,dataclasses,low_external_import,retain,compileall
scripts/run_tranche_d_liquidation_diagnostics.py,12,pathlib,python_import,pathlib,low_external_import,retain,compileall
scripts/run_tranche_d_liquidation_diagnostics.py,13,json,python_import,json,low_external_import,retain,compileall
scripts/run_tranche_d_liquidation_diagnostics.py,14,sys,python_import,sys,low_external_import,retain,compileall
scripts/run_tranche_d_liquidation_diagnostics.py,16,numpy,python_import,numpy,low_external_import,retain,compileall
scripts/run_tranche_d_liquidation_diagnostics.py,17,pandas,python_import,pandas,low_external_import,retain,compileall
scripts/run_tranche_d_liquidation_diagnostics.py,20,REPOSITORY_ROOT = Path(__file__).resolve().parents[1],dynamic_path_operation,<review against central dai_sim.common.paths resolver>,high_dynamic_path,manual,targeted unit test plus CLI smoke from repository root
scripts/run_tranche_d_liquidation_diagnostics.py,22,if str(SRC_ROOT) not in sys.path:,dynamic_path_operation,<review against central dai_sim.common.paths resolver>,high_dynamic_path,manual,targeted unit test plus CLI smoke from repository root
scripts/run_tranche_d_liquidation_diagnostics.py,23,"sys.path.insert(0, str(SRC_ROOT))",dynamic_path_operation,<review against central dai_sim.common.paths resolver>,high_dynamic_path,manual,targeted unit test plus CLI smoke from repository root
scripts/run_tranche_d_liquidation_diagnostics.py,25,empirical_config,python_import,dai_sim.inputs.configuration,high_import,codemod_then_manual_review,import smoke; compileall; pytest; Experiments 1-5 regression
scripts/run_tranche_d_liquidation_diagnostics.py,26,environment_inputs,python_import,dai_sim.inputs.environment,high_import,codemod_then_manual_review,import smoke; compileall; pytest; Experiments 1-5 regression
scripts/run_tranche_d_liquidation_diagnostics.py,33,experiments,python_import,experiments,low_external_import,retain,compileall
scripts/run_tranche_d_liquidation_diagnostics.py,34,liquidation,python_import,dai_sim.model.liquidation,high_import,codemod_then_manual_review,import smoke; compileall; pytest; Experiments 1-5 regression
scripts/run_tranche_d_liquidation_diagnostics.py,35,liquidation_demand,python_import,dai_sim.inputs.liquidations,high_import,codemod_then_manual_review,import smoke; compileall; pytest; Experiments 1-5 regression
scripts/run_tranche_d_liquidation_diagnostics.py,41,price_process,python_import,dai_sim.model.collateral_prices,high_import,codemod_then_manual_review,import smoke; compileall; pytest; Experiments 1-5 regression
scripts/run_tranche_d_liquidation_diagnostics.py,42,simulation,python_import,dai_sim.model.simulation,high_import,codemod_then_manual_review,import smoke; compileall; pytest; Experiments 1-5 regression
scripts/run_tranche_d_liquidation_diagnostics.py,43,vault,python_import,dai_sim.model.vault,high_import,codemod_then_manual_review,import smoke; compileall; pytest; Experiments 1-5 regression
scripts/run_tranche_d_liquidation_diagnostics.py,91,sequence_pool = pd.read_csv(,dynamic_path_operation,<review against central dai_sim.common.paths resolver>,high_dynamic_path,manual,targeted unit test plus CLI smoke from repository root
scripts/run_tranche_d_liquidation_diagnostics.py,101,"manifest = json.loads(manifest_path.read_text(encoding=""utf-8""))",dynamic_path_operation,<review against central dai_sim.common.paths resolver>,high_dynamic_path,manual,targeted unit test plus CLI smoke from repository root
scripts/run_tranche_d_liquidation_diagnostics.py,256,"frame.to_csv(paths[key], index=False, lineterminator=""\n"")",dynamic_path_operation,<review against central dai_sim.common.paths resolver>,high_dynamic_path,manual,targeted unit test plus CLI smoke from repository root
scripts/run_tranche_d_liquidation_diagnostics.py,270,"""rows"": int(pd.read_csv(path).shape[0]),",dynamic_path_operation,<review against central dai_sim.common.paths resolver>,high_dynamic_path,manual,targeted unit test plus CLI smoke from repository root
scripts/run_tranche_d_liquidation_diagnostics.py,277,metadata_path.write_text(,dynamic_path_operation,<review against central dai_sim.common.paths resolver>,high_dynamic_path,manual,targeted unit test plus CLI smoke from repository root
src/liquidation_demand.py,10,__future__,python_import,__future__,low_external_import,retain,compileall
src/liquidation_demand.py,12,dataclasses,python_import,dataclasses,low_external_import,retain,compileall
src/liquidation_demand.py,13,pathlib,python_import,pathlib,low_external_import,retain,compileall
src/liquidation_demand.py,14,typing,python_import,typing,low_external_import,retain,compileall
src/liquidation_demand.py,15,hashlib,python_import,hashlib,low_external_import,retain,compileall
src/liquidation_demand.py,17,numpy,python_import,numpy,low_external_import,retain,compileall
src/liquidation_demand.py,18,pandas,python_import,pandas,low_external_import,retain,compileall
src/liquidation_demand.py,21,REPOSITORY_ROOT = Path(__file__).resolve().parents[1],dynamic_path_operation,<review against central dai_sim.common.paths resolver>,high_dynamic_path,manual,targeted unit test plus CLI smoke from repository root
src/liquidation_demand.py,27,"with Path(path).open(""rb"") as handle:",dynamic_path_operation,<review against central dai_sim.common.paths resolver>,high_dynamic_path,manual,targeted unit test plus CLI smoke from repository root
src/liquidation_demand.py,137,pool_path = Path(path),dynamic_path_operation,<review against central dai_sim.common.paths resolver>,high_dynamic_path,manual,targeted unit test plus CLI smoke from repository root
src/liquidation_demand.py,145,pool = pd.read_csv(pool_path),dynamic_path_operation,<review against central dai_sim.common.paths resolver>,high_dynamic_path,manual,targeted unit test plus CLI smoke from repository root
src/liquidation_demand.py,342,Path(pool_path).relative_to(REPOSITORY_ROOT),dynamic_path_operation,<review against central dai_sim.common.paths resolver>,high_dynamic_path,manual,targeted unit test plus CLI smoke from repository root
src/liquidation_demand.py,344,"""liquidation_arrival_pool_sha256"": sha256_file(Path(pool_path)),",dynamic_path_operation,<review against central dai_sim.common.paths resolver>,high_dynamic_path,manual,targeted unit test plus CLI smoke from repository root
tests/test_tranche_d_liquidation_demand.py,3,__future__,python_import,__future__,low_external_import,retain,compileall
tests/test_tranche_d_liquidation_demand.py,5,dataclasses,python_import,dataclasses,low_external_import,retain,compileall
tests/test_tranche_d_liquidation_demand.py,6,pathlib,python_import,pathlib,low_external_import,retain,compileall
tests/test_tranche_d_liquidation_demand.py,7,sys,python_import,sys,low_external_import,retain,compileall
tests/test_tranche_d_liquidation_demand.py,9,numpy,python_import,numpy,low_external_import,retain,compileall
tests/test_tranche_d_liquidation_demand.py,10,pandas,python_import,pandas,low_external_import,retain,compileall
tests/test_tranche_d_liquidation_demand.py,11,pytest,python_import,pytest,low_external_import,retain,compileall
tests/test_tranche_d_liquidation_demand.py,14,REPOSITORY_ROOT = Path(__file__).resolve().parents[1],dynamic_path_operation,<review against central dai_sim.common.paths resolver>,high_dynamic_path,manual,targeted unit test plus CLI smoke from repository root
tests/test_tranche_d_liquidation_demand.py,17,if str(path) not in sys.path:,dynamic_path_operation,<review against central dai_sim.common.paths resolver>,high_dynamic_path,manual,targeted unit test plus CLI smoke from repository root
tests/test_tranche_d_liquidation_demand.py,18,"sys.path.insert(0, str(path))",dynamic_path_operation,<review against central dai_sim.common.paths resolver>,high_dynamic_path,manual,targeted unit test plus CLI smoke from repository root
tests/test_tranche_d_liquidation_demand.py,20,empirical_config,python_import,dai_sim.inputs.configuration,high_import,codemod_then_manual_review,import smoke; compileall; pytest; Experiments 1-5 regression
tests/test_tranche_d_liquidation_demand.py,21,environment_inputs,python_import,dai_sim.inputs.environment,high_import,codemod_then_manual_review,import smoke; compileall; pytest; Experiments 1-5 regression
tests/test_tranche_d_liquidation_demand.py,26,experiments,python_import,experiments,low_external_import,retain,compileall
tests/test_tranche_d_liquidation_demand.py,27,liquidation,python_import,dai_sim.model.liquidation,high_import,codemod_then_manual_review,import smoke; compileall; pytest; Experiments 1-5 regression
tests/test_tranche_d_liquidation_demand.py,28,liquidation_demand,python_import,dai_sim.inputs.liquidations,high_import,codemod_then_manual_review,import smoke; compileall; pytest; Experiments 1-5 regression
tests/test_tranche_d_liquidation_demand.py,35,price_process,python_import,dai_sim.model.collateral_prices,high_import,codemod_then_manual_review,import smoke; compileall; pytest; Experiments 1-5 regression
tests/test_tranche_d_liquidation_demand.py,36,simulation,python_import,dai_sim.model.simulation,high_import,codemod_then_manual_review,import smoke; compileall; pytest; Experiments 1-5 regression
tests/test_tranche_d_liquidation_demand.py,37,vault,python_import,dai_sim.model.vault,high_import,codemod_then_manual_review,import smoke; compileall; pytest; Experiments 1-5 regression
tests/test_tranche_d_liquidation_demand.py,96,config/empirical/data/liquidation_sequence_pool.csv,literal_path,data/liquidations/model_inputs/arrival/sequence_pool.csv,high_path,mapping_driven_then_manual_review,profile parse; runtime equivalence
tests/test_tranche_d_liquidation_demand.py,101,sequence = pd.read_csv(,dynamic_path_operation,<review against central dai_sim.common.paths resolver>,high_dynamic_path,manual,targeted unit test plus CLI smoke from repository root
tests/test_tranche_d_liquidation_demand.py,102,config/empirical/data/liquidation_sequence_pool.csv,literal_path,data/liquidations/model_inputs/arrival/sequence_pool.csv,high_path,mapping_driven_then_manual_review,profile parse; runtime equivalence
tests/test_tranche_d_liquidation_demand.py,344,config/empirical/sensitivity/phase2_empirical_liquidation_arrivals_hurdle_lower.yaml,literal_path,config/sensitivities/liquidations/hurdle_low.yaml,high_path,mapping_driven_then_manual_review,profile parse; runtime equivalence
tests/test_tranche_d_liquidation_demand.py,348,config/empirical/sensitivity/phase2_empirical_liquidation_arrivals_capacity_lower.yaml,literal_path,config/sensitivities/liquidations/capacity_low.yaml,high_path,mapping_driven_then_manual_review,profile parse; runtime equivalence
tests/test_tranche_d_liquidation_demand.py,352,config/empirical/sensitivity/phase2_empirical_liquidation_arrivals_legacy_demand.yaml,literal_path,config/sensitivities/liquidations/legacy_demand.yaml,high_path,mapping_driven_then_manual_review,profile parse; runtime equivalence
AGENTS.md,209,docs/repository_restructuring_specification.md,literal_path,docs/repository_restructuring_specification.md,medium,mapping_driven_then_manual_review,path existence and targeted tests
AGENTS.md,231,src/dai_sim/,literal_path,src/dai_sim/,high_path,mapping_driven_then_manual_review,import smoke; compileall; pytest; Experiments 1-5 regression
AGENTS.md,264,"docs/{overview,model,calibration,experiments,data,validation,archive}/",literal_path,"docs/{overview,model,calibration,experiments,data,validation,archive}/",medium,mapping_driven_then_manual_review,path existence and targeted tests
AGENTS.md,265,"tests/{model,inputs,calibration,experiments,workflows,integration,fixtures}/",literal_path,"tests/{model,inputs,calibration,experiments,workflows,integration,fixtures}/",high_path,mapping_driven_then_manual_review,pytest discovery and full suite
AGENTS.md,266,"outputs/{experiments,diagnostics,figures,tables}/",literal_path,"outputs/{experiments,diagnostics,figures,tables}/",high_path,mapping_driven_then_manual_review,git check-ignore and output-path smoke
AGENTS.md,274,docs/archive/,literal_path,docs/archive/,medium,mapping_driven_then_manual_review,path existence and targeted tests
AGENTS.md,285,docs/archive/,literal_path,docs/archive/,medium,mapping_driven_then_manual_review,path existence and targeted tests
AGENTS.md,288,docs/repository_restructuring_specification.md,literal_path,docs/repository_restructuring_specification.md,medium,mapping_driven_then_manual_review,path existence and targeted tests
